{"type":"FeatureCollection","name":"conservation-zones.geojson","features":[{"type":"Feature","properties":{"categorie":"Protection Naturel"},"geometry":{"type":"Polygon","coordinates":[[[-16.483883,15.965703],[-16.483119,15.963913],[-16.482547,15.962107],[-16.482519,15.961891],[-16.482536,15.961767],[-16.482478,15.961575],[-16.482369,15.960733],[-16.482262,15.959635],[-16.482105,15.958033],[-16.481848,15.957212],[-16.481771,15.956965],[-16.482185,15.956706],[-16.482212,15.956204],[-16.481809,15.955322],[-16.481289,15.955178],[-16.480951,15.954767],[-16.480856,15.954384],[-16.480609,15.953973],[-16.480331,15.953532],[-16.479962,15.953121],[-16.479625,15.952888],[-16.479135,15.952655],[-16.478403,15.952542],[-16.478391,15.952539],[-16.477852,15.952398],[-16.477242,15.952284],[-16.476844,15.95211],[-16.476475,15.951788],[-16.47626,15.951494],[-16.476114,15.950843],[-16.474799,15.950521],[-16.473336,15.949326],[-16.473327,15.949129],[-16.472677,15.947513],[-16.472631,15.947381],[-16.472414,15.946757],[-16.472207,15.944885],[-16.472305,15.944859],[-16.473221,15.944623],[-16.47389,15.944908],[-16.473911,15.944917],[-16.474112,15.945064],[-16.474308,15.94517],[-16.474611,15.945812],[-16.474718,15.946262],[-16.474961,15.94663],[-16.475211,15.947032],[-16.475458,15.947472],[-16.47569,15.947939],[-16.475933,15.948308],[-16.476235,15.948754],[-16.476601,15.949257],[-16.476965,15.949626],[-16.477561,15.950033],[-16.478352,15.950288],[-16.479139,15.950816],[-16.479198,15.950832],[-16.479565,15.950936],[-16.480025,15.950939],[-16.480049,15.950939],[-16.480647,15.950847],[-16.481064,15.950715],[-16.481459,15.950545],[-16.481977,15.950222],[-16.482376,15.949695],[-16.483016,15.948911],[-16.483102257261688,15.948675780729657],[-16.49396045638924,15.947867480746027],[-16.49396,15.947901],[-16.493969,15.948012],[-16.494037,15.94889],[-16.494196,15.949525],[-16.494134,15.949734],[-16.494423,15.949952],[-16.494673,15.950342],[-16.494795,15.950743],[-16.494839,15.951279],[-16.49494,15.951661],[-16.494992,15.952024],[-16.494994,15.952254],[-16.494996,15.952484],[-16.495077,15.95278],[-16.495238,15.953133],[-16.49534,15.953572],[-16.495344,15.95406],[-16.495477,15.954633],[-16.495528,15.954939],[-16.495619,15.955187],[-16.495532,15.955494],[-16.495406,15.95582],[-16.495329,15.956117],[-16.495332,15.956462],[-16.495303,15.956625],[-16.495187,15.956961],[-16.49506,15.957143],[-16.494962,15.957287],[-16.494825,15.957403],[-16.494588,15.957558],[-16.494302,15.957627],[-16.494094,15.957542],[-16.493844,15.957247],[-16.493694,15.957009],[-16.493673,15.956856],[-16.493791,15.956788],[-16.494109,15.956968],[-16.494426,15.957052],[-16.494613,15.956878],[-16.494759,15.956523],[-16.494845,15.95614],[-16.494852,15.955767],[-16.494889,15.955451],[-16.494895,15.954934],[-16.49489,15.954168],[-16.494727,15.953567],[-16.494723,15.953107],[-16.49475,15.952648],[-16.494737,15.952208],[-16.494584,15.951692],[-16.494494,15.951521],[-16.494255,15.95135],[-16.494107,15.951389],[-16.4939,15.951439],[-16.493571,15.951601],[-16.493448,15.95199],[-16.493078,15.953771],[-16.492803,15.955304],[-16.492741,15.957126],[-16.493711,15.958949],[-16.49447,15.959282],[-16.494131,15.960217],[-16.494285,15.960741],[-16.494123,15.961165],[-16.494173,15.961509],[-16.493863,15.961653],[-16.493682,15.961763],[-16.49365,15.961783],[-16.49286,15.962263],[-16.492499,15.962543],[-16.492357,15.96266],[-16.491826,15.963099],[-16.49154,15.963656],[-16.491516,15.96374],[-16.491454,15.963961],[-16.491301,15.964475],[-16.491086,15.964551],[-16.490263,15.964693],[-16.49017,15.964715],[-16.489623,15.964845],[-16.488746,15.965152],[-16.487837,15.965513],[-16.486431,15.966352],[-16.486177,15.966567],[-16.485809,15.966727],[-16.485435,15.966652],[-16.485304,15.966485],[-16.485052,15.966348],[-16.484905,15.96627],[-16.484822,15.966108],[-16.484907,15.965834],[-16.485026,15.965553],[-16.484991,15.965278],[-16.48497,15.965314],[-16.484881,15.965468],[-16.48449,15.965739],[-16.484506,15.966399],[-16.484734,15.966733],[-16.48474,15.966999],[-16.48455,15.96716],[-16.48432,15.967029],[-16.484319,15.967043],[-16.484221,15.96801],[-16.484612,15.968664],[-16.484507,15.968929],[-16.484109,15.969812],[-16.483937,15.969522],[-16.483758,15.969409],[-16.483627,15.969352],[-16.483354,15.969285],[-16.483686,15.967564],[-16.483883,15.965703]]]}},{"type":"Feature","properties":{"categorie":"Protection Naturel"},"geometry":{"type":"Polygon","coordinates":[[[-16.368016,16.087944],[-16.367957,16.088158],[-16.367899,16.088365],[-16.367861,16.088504],[-16.367833,16.088552],[-16.367765,16.08867],[-16.367653,16.088826],[-16.367581,16.088925],[-16.367346,16.089243],[-16.36731,16.089315],[-16.367235,16.089468],[-16.367218,16.089501],[-16.36719,16.089617],[-16.366129,16.090481],[-16.366043,16.090448],[-16.366799,16.0883],[-16.366851,16.088212],[-16.366884,16.088226],[-16.366955,16.088034],[-16.367429,16.087222],[-16.368274,16.086341],[-16.369325,16.085432],[-16.369638,16.085546],[-16.369087,16.086665],[-16.368855,16.087135],[-16.368545,16.087418],[-16.368379,16.087572],[-16.368225,16.087508],[-16.368152,16.087659],[-16.368016,16.087944]]]}},{"type":"Feature","properties":{"categorie":"Protection Naturel"},"geometry":{"type":"Polygon","coordinates":[[[-16.502397,15.961302],[-16.502373,15.96133],[-16.502258,15.961469],[-16.502165,15.961664],[-16.502142,15.96186],[-16.50199,15.962102],[-16.501755,15.962379],[-16.501542,15.962518],[-16.501366,15.962806],[-16.501155,15.963106],[-16.500872,15.963361],[-16.500707,15.963522],[-16.500685,15.963741],[-16.50077,15.963947],[-16.500612,15.964029],[-16.500578,15.964048],[-16.500409,15.96414],[-16.499998,15.964043],[-16.499989,15.964041],[-16.499418,15.963878],[-16.49892,15.963712],[-16.498928,15.963546],[-16.498925,15.963179],[-16.498911,15.962835],[-16.49892,15.962513],[-16.499036,15.962099],[-16.499128,15.961789],[-16.499196,15.961364],[-16.499288,15.960961],[-16.499405,15.960696],[-16.49951,15.960432],[-16.499673,15.960052],[-16.499813,15.959684],[-16.499964,15.95935],[-16.500175,15.959027],[-16.500268,15.958693],[-16.500432,15.958428],[-16.500563,15.958473],[-16.500767,15.958782],[-16.500913,15.95932],[-16.501024,15.959905],[-16.501039,15.960306],[-16.500901,15.960847],[-16.500761,15.961169],[-16.500702,15.961296],[-16.500597,15.961526],[-16.500433,15.961745],[-16.500328,15.961976],[-16.500152,15.962275],[-16.499953,15.962609],[-16.499837,15.96292],[-16.49985,15.963184],[-16.500017,15.963263],[-16.500525,15.96295],[-16.500666,15.962742],[-16.500949,15.962522],[-16.50107,15.962502],[-16.501162,15.962403],[-16.50118,15.962235],[-16.501197,15.961974],[-16.501196,15.961769],[-16.501116,15.961471],[-16.501076,15.96121],[-16.50117,15.960893],[-16.501362,15.960761],[-16.501322,15.960575],[-16.5013,15.960314],[-16.50126,15.960091],[-16.501143,15.959868],[-16.501246,15.959769],[-16.501522,15.959832],[-16.50189,15.959876],[-16.502152,15.960035],[-16.502163,15.960059],[-16.502339,15.960046],[-16.502494,15.960213],[-16.502671,15.960715],[-16.50276,15.960832],[-16.502792,15.961176],[-16.502778,15.961486],[-16.50278,15.961852],[-16.502617,15.962873],[-16.502562,15.963295],[-16.502622,15.963604],[-16.50248,15.964055],[-16.502396,15.964421],[-16.50237,15.9649],[-16.50246,15.965265],[-16.502611,15.96591],[-16.502846,15.966331],[-16.502995,15.966808],[-16.50303,15.967595],[-16.503093,15.968241],[-16.503155,15.968747],[-16.503303,15.969112],[-16.503394,15.969561],[-16.503339,15.970068],[-16.503344,15.970658],[-16.503215,15.971303],[-16.502648,15.970752],[-16.501992,15.970366],[-16.501264,15.969843],[-16.500858,15.969456],[-16.500607,15.969147],[-16.500486,15.968907],[-16.500425,15.968701],[-16.500139,15.968439],[-16.500066,15.968176],[-16.500004,15.967855],[-16.500037,15.967476],[-16.500069,15.967085],[-16.499984,15.966718],[-16.499851,15.966432],[-16.499861,15.96618],[-16.499988,15.965708],[-16.500245,15.965156],[-16.500753,15.964831],[-16.501048,15.964633],[-16.501402,15.964378],[-16.501695,15.963963],[-16.502012,15.963548],[-16.502247,15.96311],[-16.502336,15.962444],[-16.502369,15.962053],[-16.502401,15.961617],[-16.502399,15.961341],[-16.502397,15.961302]]]}},{"type":"Feature","properties":{"categorie":"Protection Naturel"},"geometry":{"type":"Polygon","coordinates":[[[-16.33538,16.042163],[-16.335181,16.042345],[-16.334968,16.042527],[-16.334809,16.04267],[-16.334651,16.042864],[-16.334478,16.043033],[-16.334399,16.043111],[-16.3344,16.043266],[-16.334375,16.043524],[-16.334323,16.043795],[-16.334245,16.044015],[-16.334139,16.044183],[-16.333953,16.044314],[-16.33382,16.044392],[-16.333741,16.044534],[-16.333636,16.044857],[-16.333454,16.04508],[-16.33344307956879,16.044666016380567],[-16.333441983533106,16.04438747767971],[-16.333426,16.040055],[-16.333453,16.039772],[-16.333461,16.039247],[-16.333422,16.038906],[-16.33342,16.038282],[-16.333646,16.036433],[-16.334089,16.035823],[-16.33409,16.035821],[-16.335675,16.034333],[-16.335684,16.034325],[-16.33617,16.03369],[-16.336672,16.03317],[-16.336677,16.033164],[-16.33917,16.030869],[-16.339075,16.030787],[-16.339369,16.030558],[-16.339675,16.030284],[-16.339912,16.030035],[-16.340013,16.029869],[-16.340063,16.029629],[-16.340181,16.029472],[-16.340238,16.029421],[-16.340368,16.029306],[-16.340546,16.029098],[-16.340825,16.028741],[-16.340977,16.028501],[-16.341222,16.02812],[-16.341449,16.02754],[-16.341693,16.027019],[-16.34197,16.026415],[-16.342089,16.026207],[-16.342478,16.025792],[-16.342774,16.025279],[-16.343111,16.024723],[-16.343382,16.024292],[-16.343567,16.023895],[-16.343683,16.023449],[-16.343971,16.0231],[-16.344287,16.023139],[-16.344382,16.023271],[-16.344392,16.023477],[-16.344308,16.023651],[-16.344266,16.023775],[-16.344225,16.024007],[-16.344235,16.024221],[-16.344185,16.024378],[-16.344075,16.024544],[-16.344017,16.0248],[-16.343924,16.024958],[-16.343789,16.025165],[-16.343628,16.025339],[-16.343458,16.025514],[-16.343306,16.02568],[-16.34317,16.025895],[-16.343052,16.026086],[-16.343002,16.026251],[-16.342927,16.026516],[-16.342817,16.026715],[-16.342699,16.026864],[-16.342496,16.027096],[-16.342301,16.027378],[-16.342226,16.027577],[-16.342236,16.0278],[-16.342254,16.02794],[-16.342195,16.028039],[-16.342049,16.028032],[-16.34193,16.028024],[-16.341879,16.028066],[-16.341829,16.028182],[-16.341812,16.028298],[-16.341754,16.028529],[-16.341678,16.02867],[-16.341593,16.028745],[-16.341492,16.028886],[-16.34139,16.029018],[-16.34117,16.029201],[-16.341042,16.029334],[-16.340907,16.029476],[-16.340856,16.0296],[-16.340841,16.02979],[-16.340878,16.029904],[-16.341997,16.029469],[-16.34248,16.029282],[-16.343416,16.029103],[-16.344521,16.028893],[-16.34545,16.027961],[-16.345968,16.026991],[-16.3467,16.025887],[-16.346968,16.025558],[-16.347639,16.024736],[-16.347415,16.024591],[-16.34746,16.024543],[-16.346832,16.022888],[-16.346589,16.022591],[-16.346656,16.022426],[-16.346859,16.021925],[-16.347337,16.021424],[-16.347882,16.020923],[-16.348461,16.020255],[-16.349076,16.019754],[-16.349759,16.019318],[-16.350512,16.019014],[-16.350515,16.019002],[-16.351048,16.018932],[-16.351709,16.018491],[-16.351921,16.018361],[-16.351949,16.018359],[-16.35195,16.018321],[-16.35196,16.018319],[-16.353377,16.017988],[-16.354079,16.017468],[-16.355127,16.016656],[-16.355642,16.015959],[-16.356398,16.01478],[-16.357122,16.013992],[-16.357801,16.013506],[-16.358832,16.012828],[-16.359558,16.012455],[-16.360643,16.012023],[-16.361287,16.011515],[-16.361756,16.010796],[-16.362053,16.01019],[-16.362369,16.008957],[-16.362576,16.008004],[-16.362698,16.007153],[-16.362854,16.006324],[-16.363116,16.005763],[-16.363515,16.004888],[-16.363732,16.004632],[-16.364181,16.0041],[-16.364653,16.003762],[-16.365842,16.003385],[-16.366771,16.003122],[-16.367554,16.002524],[-16.36792,16.001939],[-16.368296,16.001031],[-16.368535,16.000503],[-16.368807,15.999718],[-16.369169,15.998496],[-16.369345,15.997936],[-16.369434,15.997421],[-16.36957,15.997028],[-16.369626,15.996737],[-16.369797,15.996422],[-16.370094,15.995883],[-16.370475,15.995713],[-16.370608,15.99569],[-16.371067,15.995161],[-16.371767,15.994384],[-16.37209,15.994159],[-16.372708,15.993316],[-16.372878,15.992755],[-16.373035,15.991982],[-16.373054,15.991344],[-16.37305,15.990785],[-16.372952,15.98998],[-16.373028,15.989352],[-16.373153,15.989016],[-16.373429,15.98879],[-16.373865,15.988251],[-16.373925,15.988086],[-16.374796,15.987289],[-16.374798,15.987287],[-16.375787,15.986301],[-16.376117,15.985972],[-16.376296,15.986168],[-16.376306,15.986179],[-16.376146,15.986336],[-16.375885,15.986656],[-16.375653,15.986844],[-16.375472,15.987032],[-16.375099,15.987445],[-16.374856,15.987634],[-16.374625,15.987899],[-16.374441,15.988182],[-16.374164,15.988669],[-16.373844,15.989219],[-16.373714,15.989754],[-16.373663,15.990214],[-16.373596,15.990627],[-16.373539,15.990997],[-16.373492,15.99141],[-16.373439,15.991787],[-16.373354,15.992273],[-16.373189,15.992847],[-16.37301,15.993356],[-16.372776,15.993867],[-16.372662,15.994005],[-16.37241,15.994233],[-16.372222,15.994485],[-16.372084,15.994775],[-16.371897,15.995076],[-16.371643,15.995419],[-16.371488,15.995609],[-16.37121,15.995944],[-16.370877,15.99631],[-16.370648,15.996677],[-16.370631,15.996699],[-16.37027,15.997162],[-16.369999,15.997562],[-16.36976,15.998077],[-16.369615,15.998597],[-16.369446,15.999322],[-16.369172,16.000036],[-16.369107,16.000205],[-16.368797,16.001117],[-16.36836,16.00186],[-16.367841,16.002507],[-16.367367,16.002959],[-16.366943,16.003249],[-16.366919,16.003265],[-16.365646,16.003786],[-16.364892,16.004287],[-16.364743,16.004387],[-16.364088,16.005067],[-16.363652,16.005917],[-16.36346,16.006564],[-16.363176,16.007856],[-16.362802,16.009869],[-16.362577,16.010367],[-16.362173,16.010941],[-16.361861,16.01131],[-16.361572,16.01159],[-16.360913,16.012107],[-16.360528,16.012325],[-16.359908,16.012657],[-16.359134,16.013145],[-16.358677,16.013394],[-16.358132,16.013747],[-16.357845,16.013976],[-16.357439,16.014357],[-16.357066,16.014792],[-16.356709,16.015244],[-16.356282,16.015788],[-16.355773,16.016471],[-16.355525,16.016712],[-16.355453,16.016783],[-16.35515,16.017085],[-16.35477,16.017428],[-16.354335,16.017701],[-16.353687,16.018116],[-16.353018,16.018491],[-16.352299,16.018856],[-16.35193,16.019022],[-16.350997,16.019441],[-16.350418,16.019684],[-16.350405,16.01969],[-16.34994,16.019884],[-16.349936,16.019892],[-16.349695,16.020321],[-16.349525,16.021086],[-16.349492,16.021127],[-16.349712,16.021179],[-16.34997,16.021355],[-16.350027,16.021603],[-16.350084,16.021869],[-16.350104,16.022153],[-16.350106,16.022437],[-16.350089,16.02265],[-16.350072,16.02288],[-16.350127,16.022898],[-16.350181,16.022738],[-16.350272,16.022595],[-16.350307,16.022276],[-16.350461,16.022146],[-16.350547,16.022742],[-16.350491,16.023365],[-16.350407,16.023776],[-16.350059,16.024475],[-16.349864,16.024827],[-16.349736,16.024692],[-16.349607,16.024675],[-16.349497,16.024694],[-16.349278,16.024819],[-16.349152,16.025157],[-16.349098,16.025353],[-16.348953,16.02562],[-16.34868,16.025994],[-16.348517,16.026279],[-16.348427,16.026439],[-16.348063,16.026885],[-16.347845,16.027277],[-16.347536,16.027705],[-16.347227,16.028044],[-16.346955,16.02856],[-16.346755,16.02881],[-16.346665,16.029147],[-16.34674,16.029342],[-16.346905,16.029288],[-16.347179,16.029144],[-16.347379,16.028877],[-16.347505,16.028486],[-16.347687,16.028254],[-16.347851,16.028146],[-16.348032,16.027808],[-16.348323,16.027363],[-16.348504,16.026989],[-16.348701,16.026817],[-16.348051,16.028729],[-16.345962,16.031545],[-16.34507,16.033379],[-16.344081,16.034394],[-16.34331,16.034831],[-16.342891,16.034788],[-16.342372,16.034423],[-16.341998,16.034309],[-16.341774,16.034326],[-16.341652,16.034433],[-16.341441,16.034672],[-16.341147,16.034697],[-16.340906,16.034838],[-16.340704,16.034992],[-16.340486,16.035151],[-16.340057,16.035526],[-16.33995,16.035657],[-16.339771,16.036061],[-16.339529,16.036451],[-16.339309,16.036841],[-16.339129,16.037166],[-16.338955,16.037571],[-16.338847,16.037956],[-16.33869,16.038282],[-16.338513,16.038539],[-16.338098,16.038971],[-16.337839,16.039241],[-16.337761,16.039497],[-16.337489,16.039999],[-16.337217,16.040608],[-16.336779,16.041497],[-16.33687,16.041873],[-16.336945,16.042181],[-16.33668,16.043059],[-16.336562,16.044012],[-16.336546,16.044138],[-16.335928,16.045066],[-16.33579,16.045264],[-16.33457,16.04702],[-16.333581,16.048344],[-16.333542,16.048433],[-16.333476,16.045917],[-16.333616,16.045825],[-16.333682,16.045696],[-16.333734,16.045528],[-16.333854,16.045398],[-16.333986,16.045268],[-16.334038,16.045074],[-16.33417,16.04488],[-16.334356,16.044698],[-16.334448,16.044569],[-16.334501,16.044452],[-16.33454,16.044336],[-16.334566,16.044245],[-16.334565,16.04409],[-16.334618,16.043948],[-16.334683,16.043767],[-16.334682,16.043599],[-16.334681,16.043419],[-16.33476,16.043225],[-16.334852,16.043044],[-16.335037,16.042823],[-16.335223,16.042693],[-16.335303,16.042628],[-16.335435,16.042459],[-16.335487,16.04224],[-16.335473,16.042175],[-16.33538,16.042163]]]}},{"type":"Feature","properties":{"categorie":"Protection Naturel"},"geometry":{"type":"MultiPolygon","coordinates":[[[[-16.474854,15.930987],[-16.474548,15.930727],[-16.474147,15.930348],[-16.473885,15.930161],[-16.473466,15.929988],[-16.473175,15.929787],[-16.473031,15.929468],[-16.4729,15.928988],[-16.472706,15.928476],[-16.472577,15.928044],[-16.472584,15.928022],[-16.472496,15.928043],[-16.472494,15.927901],[-16.472479,15.92779],[-16.472565,15.927663],[-16.472564,15.927524],[-16.472591,15.927314],[-16.472691,15.92709],[-16.472747,15.92688],[-16.472889,15.926627],[-16.472989,15.926459],[-16.473103,15.926249],[-16.47310741962795,15.926243060245236],[-16.475115570342048,15.930690087208822],[-16.475038610523747,15.93111674635203],[-16.474854,15.930987]]],[[[-16.471145,15.92209],[-16.470989,15.922644],[-16.470603,15.927741],[-16.468349,15.927999],[-16.466565,15.928711],[-16.466562,15.928307],[-16.466587,15.92801],[-16.466781,15.927766],[-16.467031,15.927657],[-16.467308,15.92752],[-16.46739,15.927304],[-16.466775,15.927039],[-16.466251,15.927662],[-16.46581,15.928339],[-16.465535,15.928853],[-16.465231,15.929206],[-16.464787,15.929478],[-16.464342,15.929616],[-16.464175,15.929536],[-16.464228,15.929266],[-16.464698,15.928724],[-16.464806,15.928211],[-16.46511,15.927832],[-16.465635,15.927289],[-16.465799,15.926857],[-16.4661,15.9261],[-16.466203,15.925556],[-16.466602,15.925041],[-16.467041,15.923868],[-16.467187,15.922794],[-16.467093,15.91969],[-16.466763,15.919275],[-16.46662,15.918277],[-16.467537,15.915323],[-16.46756,15.915199],[-16.467908434220323,15.913322607155926],[-16.47017166495959,15.919741864853362],[-16.471188959699333,15.921994652508094],[-16.471145,15.92209]]],[[[-16.4816,15.949007],[-16.481268,15.949442],[-16.4808,15.949616],[-16.480431,15.949807],[-16.480142,15.950004],[-16.480125,15.949999],[-16.47982,15.9499],[-16.479293,15.949737],[-16.47846,15.949057],[-16.47828941315358,15.948866995067021],[-16.48076157455418,15.948850024522015],[-16.481747453945502,15.948776634240026],[-16.4816,15.949007]]]]}},{"type":"Feature","properties":{"categorie":"Protection Naturel"},"geometry":{"type":"Polygon","coordinates":[[[-16.47418,15.935408],[-16.473659,15.936972],[-16.473297,15.937626],[-16.472992,15.937733],[-16.472374,15.937115],[-16.472036,15.936676],[-16.472025,15.935244],[-16.472404,15.934783],[-16.472813,15.934017],[-16.472693,15.93347],[-16.472773,15.932726],[-16.473136,15.930643],[-16.473138,15.930632],[-16.473128,15.930628],[-16.472568,15.930355],[-16.472182,15.930121],[-16.471864,15.929702],[-16.471814,15.929509],[-16.471802,15.929488],[-16.471442,15.92885],[-16.471202,15.928241],[-16.472457,15.924942],[-16.47247585206629,15.924844461048316],[-16.47288837154915,15.925757980760956],[-16.472826,15.925857],[-16.472801,15.926147],[-16.47268,15.92649],[-16.472268,15.926779],[-16.471938,15.92709],[-16.471743,15.927499],[-16.471658,15.927742],[-16.47164,15.927894],[-16.471783,15.928014],[-16.472098,15.928117],[-16.472102,15.928137],[-16.472142,15.928321],[-16.47223,15.928811],[-16.472445,15.929321],[-16.472597,15.929852],[-16.472811,15.930259],[-16.473236,15.930604],[-16.473809,15.930805],[-16.474297,15.931088],[-16.474657,15.931269],[-16.474807,15.931534],[-16.474747,15.931944],[-16.474664,15.93223],[-16.474666,15.932394],[-16.474778377458456,15.932559457875007],[-16.47428509561936,15.935294173359955],[-16.47418,15.935408]]]}},{"type":"Feature","properties":{"categorie":"Protection Naturel"},"geometry":{"type":"Polygon","coordinates":[[[-16.393659,16.02024],[-16.393996,16.020326],[-16.394547,16.020485],[-16.394837,16.020528],[-16.395372,16.020672],[-16.395786,16.020787],[-16.396043,16.020913],[-16.396028,16.020919],[-16.395803,16.02123],[-16.395879,16.021461],[-16.396438,16.021514],[-16.396698,16.021618],[-16.396563,16.021843],[-16.396098,16.022343],[-16.395762,16.022868],[-16.395336,16.023205],[-16.394997,16.023517],[-16.394384,16.024081],[-16.394103,16.02456],[-16.394152,16.024924],[-16.39425,16.025553],[-16.394237,16.02635],[-16.393947,16.026721],[-16.393632,16.027219],[-16.393127,16.027447],[-16.393264,16.026827],[-16.39333,16.026151],[-16.393241,16.025842],[-16.393224,16.025635],[-16.393228,16.025498],[-16.39306,16.025187],[-16.392743,16.024391],[-16.392782,16.024123],[-16.392976,16.023921],[-16.39338,16.023739],[-16.39376,16.023502],[-16.393984,16.023205],[-16.393742,16.022754],[-16.393469,16.022413],[-16.393562,16.021878],[-16.39382,16.021183],[-16.394052,16.02094],[-16.394021,16.020716],[-16.393135,16.020281],[-16.393659,16.02024]]]}},{"type":"Feature","properties":{"categorie":"Protection Naturel"},"geometry":{"type":"Polygon","coordinates":[[[-16.405192,16.081878],[-16.40397,16.080458],[-16.403254,16.07962],[-16.402516,16.079338],[-16.401986,16.079004],[-16.40109,16.078427],[-16.400608,16.077928],[-16.400073,16.077137],[-16.399474,16.074672],[-16.399145,16.07327],[-16.398769,16.072364],[-16.398275,16.071213],[-16.398068,16.070751],[-16.397722,16.069975],[-16.398608,16.066947],[-16.398722,16.066163],[-16.399007,16.064924],[-16.39971,16.06365],[-16.400236,16.062706],[-16.401234,16.061678],[-16.401889,16.060899],[-16.402338,16.060401],[-16.402663,16.059624],[-16.403192,16.058657],[-16.403264,16.058245],[-16.403258,16.057842],[-16.403633,16.057208],[-16.403685,16.057142],[-16.40398,16.056768],[-16.404392,16.056368],[-16.405187,16.055814],[-16.405677,16.055469],[-16.406928,16.054977],[-16.407497,16.054521],[-16.408166,16.054034],[-16.4085,16.05379],[-16.408874,16.05343],[-16.409264,16.053125],[-16.40993,16.052492],[-16.410575,16.052002],[-16.411212,16.051403],[-16.411898,16.050682],[-16.412195,16.050091],[-16.412415,16.049277],[-16.412814,16.048753],[-16.413289,16.048239],[-16.414525,16.046489],[-16.414828,16.046021],[-16.415122,16.045239],[-16.415531,16.04426],[-16.415859,16.043567],[-16.416095,16.043021],[-16.416218,16.04233],[-16.416308,16.041384],[-16.416307,16.040304],[-16.416375,16.039561],[-16.416281,16.038742],[-16.416243,16.038402],[-16.415969,16.038069],[-16.415451,16.037679],[-16.415099,16.037175],[-16.41499,16.037024],[-16.414742,16.036904],[-16.414509,16.036493],[-16.414292,16.035928],[-16.413968,16.035415],[-16.413877,16.035055],[-16.413464,16.034406],[-16.412981,16.033842],[-16.412765,16.033517],[-16.412301,16.03304],[-16.411997,16.03287],[-16.411783,16.032614],[-16.411513,16.032101],[-16.411225,16.031536],[-16.41092,16.03116],[-16.410687,16.030801],[-16.410453,16.030408],[-16.410239,16.030203],[-16.410076,16.029775],[-16.410056,16.029483],[-16.409948,16.029175],[-16.409919,16.029013],[-16.409855,16.02866],[-16.409923,16.028145],[-16.410059,16.027406],[-16.410091,16.026856],[-16.40998,16.02617],[-16.409743,16.025279],[-16.409742,16.025205],[-16.409444,16.024538],[-16.409028,16.023611],[-16.408694,16.023111],[-16.407868,16.022172],[-16.407455,16.021626],[-16.406836,16.021006],[-16.406598,16.020718],[-16.406076,16.020355],[-16.40579,16.020022],[-16.405489,16.019811],[-16.405158,16.019706],[-16.404984,16.019692],[-16.40451,16.019421],[-16.403988,16.019166],[-16.402977,16.0187],[-16.40263,16.018687],[-16.402456,16.018536],[-16.402361,16.018475],[-16.402235,16.018446],[-16.402061,16.018416],[-16.401792,16.018251],[-16.401555,16.018115],[-16.401254,16.017828],[-16.400712,16.017008],[-16.400409,16.016462],[-16.400106,16.015824],[-16.399944,16.015277],[-16.399924,16.014668],[-16.399955,16.014606],[-16.400046,16.014057],[-16.400122,16.013707],[-16.4002,16.013478],[-16.400072,16.013189],[-16.399929,16.013053],[-16.400022,16.0129],[-16.4001,16.012793],[-16.400161,16.012427],[-16.400268,16.011969],[-16.400389,16.011313],[-16.400635,16.010474],[-16.400835,16.009741],[-16.401161,16.009038],[-16.401503,16.008457],[-16.402083,16.007996],[-16.402318,16.007812],[-16.402803,16.007321],[-16.402912,16.007122],[-16.402973,16.006878],[-16.403349,16.006617],[-16.404163,16.005819],[-16.404601,16.005466],[-16.405588,16.004698],[-16.40642,16.004327],[-16.406687,16.004203],[-16.408352,16.003522],[-16.40909,16.003243],[-16.409609,16.003148],[-16.410049,16.003023],[-16.410723,16.002516],[-16.411162,16.002163],[-16.411202,16.002142],[-16.411263,16.00206],[-16.411362,16.001971],[-16.411301,16.001812],[-16.411159,16.001843],[-16.41072,16.00212],[-16.410313,16.002427],[-16.409999,16.002597],[-16.409606,16.002691],[-16.409497,16.002685],[-16.409124,16.002806],[-16.408476,16.002964],[-16.407795,16.003207],[-16.406992,16.003355],[-16.406599,16.003485],[-16.405922,16.003681],[-16.405738,16.003762],[-16.405679,16.003788],[-16.405319,16.004067],[-16.405218,16.004145],[-16.404873,16.004416],[-16.404326,16.00497],[-16.403899,16.005323],[-16.403538,16.005642],[-16.403216,16.005879],[-16.403141,16.006115],[-16.40278,16.006346],[-16.402295,16.006806],[-16.401936,16.00719],[-16.401781,16.007617],[-16.401688,16.00777],[-16.401547,16.007878],[-16.401342,16.007879],[-16.401122,16.007941],[-16.400934,16.008126],[-16.400702,16.008675],[-16.400436,16.008951],[-16.40025,16.009471],[-16.400004,16.010249],[-16.399835,16.01089],[-16.399651,16.011607],[-16.399468,16.012538],[-16.399316,16.013224],[-16.399271,16.01356],[-16.399307,16.014245],[-16.39931,16.014717],[-16.399376,16.015037],[-16.399443,16.015661],[-16.399524,16.01598],[-16.399636,16.016269],[-16.399781,16.016664],[-16.399973,16.01712],[-16.400116,16.017271],[-16.400228,16.017514],[-16.400498,16.017817],[-16.400767,16.018014],[-16.401084,16.018331],[-16.401148,16.018468],[-16.401417,16.01871],[-16.401828,16.018875],[-16.402159,16.018934],[-16.402793,16.019387],[-16.40333,16.019627],[-16.403756,16.019716],[-16.404388,16.01997],[-16.405115,16.020438],[-16.405607,16.020876],[-16.406004,16.0213],[-16.406338,16.02177],[-16.406623,16.021997],[-16.407144,16.022207],[-16.407872,16.022659],[-16.408411,16.02325],[-16.408794,16.023933],[-16.409113,16.02451],[-16.409481,16.02533],[-16.409722,16.025968],[-16.409726,16.026501],[-16.409728,16.026852],[-16.409654,16.027522],[-16.409595,16.028056],[-16.409454,16.028179],[-16.409313,16.028256],[-16.409124,16.028227],[-16.40906,16.028151],[-16.408981,16.028075],[-16.408888,16.028091],[-16.409029,16.02852],[-16.409039,16.028545],[-16.409324,16.029298],[-16.409623,16.030099],[-16.410286,16.031243],[-16.410651,16.031804],[-16.41141,16.032807],[-16.412045,16.033498],[-16.412659,16.034272],[-16.412989,16.034976],[-16.413294,16.03589],[-16.413584,16.037138],[-16.413967,16.037445],[-16.414322,16.037447],[-16.414541,16.037465],[-16.414562,16.037467],[-16.414672,16.037415],[-16.414806,16.037223],[-16.414815,16.03721],[-16.414911,16.037287],[-16.415218,16.037639],[-16.41533,16.037816],[-16.415706,16.038227],[-16.41581,16.038428],[-16.415746,16.038541],[-16.415677,16.038838],[-16.415633,16.039497],[-16.415516,16.040076],[-16.415491,16.040073],[-16.415395,16.04006],[-16.4153,16.039846],[-16.415195,16.039497],[-16.414979,16.038981],[-16.414737,16.038446],[-16.414526,16.038319],[-16.41452,16.038331],[-16.414361,16.038676],[-16.414466,16.038958],[-16.414673,16.039703],[-16.414943,16.040188],[-16.415225,16.040888],[-16.415342,16.041522],[-16.415255,16.042348],[-16.415074,16.042971],[-16.414761,16.044004],[-16.414553,16.044677],[-16.413889,16.04581],[-16.413017,16.047181],[-16.411524,16.049095],[-16.41058,16.05018],[-16.409996,16.050865],[-16.409614,16.051131],[-16.408776,16.051856],[-16.408538,16.052133],[-16.408287,16.052687],[-16.407829,16.052918],[-16.407545,16.05342],[-16.407195,16.054092],[-16.406786,16.054407],[-16.406383,16.054687],[-16.405071,16.055051],[-16.404598,16.055194],[-16.404175,16.0555],[-16.403457,16.056309],[-16.402855,16.056944],[-16.402835,16.056938],[-16.401807,16.056598],[-16.401765,16.056529],[-16.401656,16.056349],[-16.401718,16.056367],[-16.401797,16.056185],[-16.40194,16.056084],[-16.402134,16.055585],[-16.402371,16.054894],[-16.402444,16.054268],[-16.402643,16.053932],[-16.402676,16.053709],[-16.402819,16.053274],[-16.402963,16.052795],[-16.403249,16.052515],[-16.40343,16.052426],[-16.403808,16.052394],[-16.404643,16.052535],[-16.405887,16.052732],[-16.406372,16.052846],[-16.407221,16.052855],[-16.407809,16.052412],[-16.408441,16.051748],[-16.409042,16.051026],[-16.410003,16.049804],[-16.410874,16.048772],[-16.411611,16.047932],[-16.412452,16.046901],[-16.412617,16.046695],[-16.412175,16.046244],[-16.411563,16.045398],[-16.410983,16.04486],[-16.411043,16.044698],[-16.411192,16.044448],[-16.411327,16.044271],[-16.41166,16.044108],[-16.411901,16.043886],[-16.412051,16.043739],[-16.41217,16.043386],[-16.412273,16.04299],[-16.412362,16.04277],[-16.412376,16.042491],[-16.412343,16.042184],[-16.412166,16.041918],[-16.412142,16.040614],[-16.412214,16.040031],[-16.412481,16.039245],[-16.412608,16.038453],[-16.412648,16.036622],[-16.412342,16.035474],[-16.411935,16.03413],[-16.411712,16.03357],[-16.411287,16.032892],[-16.40998,16.031201],[-16.409299,16.030398],[-16.40892,16.029405],[-16.408429,16.02776],[-16.407671,16.026877],[-16.40766,16.026876],[-16.406621,16.025894],[-16.406343,16.026427],[-16.406133,16.027311],[-16.406153,16.027907],[-16.406748,16.027543],[-16.406802,16.027744],[-16.40666,16.028478],[-16.40611,16.02894],[-16.40574,16.02938],[-16.405307,16.030086],[-16.405156,16.030237],[-16.404189,16.030482],[-16.403941,16.030643],[-16.403587,16.031462],[-16.403068,16.032031],[-16.402413,16.032729],[-16.402068,16.033321],[-16.402132,16.033615],[-16.402586,16.034144],[-16.402996,16.034245],[-16.402604,16.035002],[-16.402191,16.035733],[-16.401769,16.036372],[-16.401495,16.036472],[-16.400905,16.037042],[-16.400562,16.037783],[-16.400072,16.038972],[-16.399555,16.04002],[-16.39901,16.041098],[-16.398784,16.041684],[-16.398017,16.041603],[-16.39747,16.041552],[-16.39676,16.04165],[-16.395951,16.04194],[-16.395634,16.041931],[-16.395569,16.041888],[-16.395282,16.041587],[-16.395052,16.041385],[-16.395074,16.041068],[-16.395348,16.040238],[-16.395688,16.0396],[-16.395809,16.039331],[-16.395481,16.038579],[-16.395224,16.038317],[-16.394912,16.038194],[-16.39468,16.038163],[-16.394253,16.038345],[-16.394016,16.038598],[-16.393502,16.039133],[-16.393256,16.039123],[-16.393179,16.038839],[-16.392944,16.03859],[-16.392617,16.038648],[-16.391914,16.039101],[-16.39124,16.039603],[-16.390824,16.040037],[-16.390775,16.040373],[-16.390718,16.041095],[-16.390719,16.042065],[-16.390938,16.042425],[-16.391171,16.042446],[-16.391356,16.04174],[-16.391514,16.041134],[-16.391787,16.040635],[-16.392308,16.040135],[-16.392397,16.04017],[-16.39243,16.040676],[-16.392291,16.041639],[-16.3921,16.042389],[-16.391636,16.043227],[-16.391039,16.044013],[-16.390735,16.044406],[-16.390655,16.044874],[-16.390325,16.045445],[-16.389593,16.046099],[-16.389012,16.045473],[-16.388832,16.045164],[-16.388819,16.044763],[-16.388509,16.044379],[-16.388026,16.04372],[-16.388122,16.04322],[-16.389312,16.04127],[-16.389952,16.039703],[-16.390566,16.037744],[-16.391612,16.035729],[-16.392056,16.035185],[-16.39223,16.035193],[-16.392443,16.035203],[-16.392769,16.035315],[-16.393269,16.035691],[-16.39361,16.036102],[-16.39379,16.036412],[-16.393965,16.036344],[-16.394244,16.0358],[-16.394532,16.035109],[-16.394543,16.034711],[-16.394491,16.034499],[-16.394205,16.034357],[-16.393864,16.034266],[-16.393608,16.034402],[-16.393449,16.034609],[-16.393147,16.034819],[-16.392945,16.034746],[-16.392707,16.034189],[-16.392634,16.033883],[-16.392752,16.033636],[-16.393222,16.033563],[-16.393992,16.033382],[-16.394477,16.033288],[-16.394622,16.033102],[-16.394603,16.032905],[-16.394475,16.032489],[-16.394624,16.03203],[-16.394795,16.031414],[-16.394902,16.030676],[-16.395241,16.029993],[-16.395618,16.029233],[-16.3963,16.028104],[-16.397154,16.025699],[-16.397312,16.024853],[-16.398346,16.024308],[-16.398817,16.022923],[-16.399325,16.022022],[-16.399717,16.021596],[-16.40018,16.021248],[-16.398963,16.020964],[-16.397525,16.020792],[-16.396986,16.020714],[-16.396389,16.020762],[-16.396043,16.020913],[-16.395786,16.020787],[-16.395372,16.020672],[-16.394837,16.020528],[-16.394547,16.020485],[-16.393996,16.020326],[-16.393659,16.02024],[-16.393135,16.020281],[-16.392993,16.020212],[-16.392336,16.020056],[-16.390382,16.020288],[-16.38923,16.020424],[-16.388615,16.020779],[-16.387496,16.021381],[-16.386556,16.022138],[-16.386002,16.022439],[-16.385297,16.022948],[-16.385115,16.023153],[-16.384643,16.023146],[-16.384309,16.02329],[-16.383956,16.023698],[-16.383749,16.024145],[-16.383606,16.024571],[-16.383421,16.025159],[-16.383152,16.025526],[-16.382777,16.025873],[-16.382195,16.026545],[-16.381634,16.027217],[-16.38124,16.027766],[-16.380702,16.028783],[-16.380311,16.029697],[-16.380084,16.030265],[-16.379545,16.031038],[-16.379107,16.031345],[-16.378459,16.031532],[-16.377852,16.031616],[-16.377225,16.031742],[-16.376869,16.031765],[-16.376597,16.031766],[-16.376345,16.031646],[-16.376217,16.031424],[-16.376257,16.03112],[-16.376591,16.030997],[-16.377011,16.031034],[-16.377304,16.031073],[-16.377848,16.030968],[-16.378056,16.030785],[-16.377885,16.03032],[-16.377381,16.03006],[-16.376898,16.02982],[-16.376436,16.029742],[-16.3761,16.029582],[-16.376076,16.029116],[-16.376029,16.028407],[-16.376047,16.027941],[-16.376086,16.027597],[-16.376419,16.027291],[-16.376901,16.027288],[-16.377215,16.027245],[-16.377591,16.027061],[-16.377903,16.026815],[-16.378194,16.026408],[-16.378296,16.026003],[-16.378273,16.02576],[-16.37827,16.025355],[-16.378625,16.02513],[-16.379043,16.024985],[-16.379314,16.024882],[-16.379626,16.024596],[-16.379897,16.024352],[-16.380314,16.024005],[-16.38073,16.023637],[-16.381294,16.02337],[-16.381816,16.023144],[-16.382548,16.022998],[-16.383196,16.022831],[-16.383823,16.022665],[-16.384241,16.02248],[-16.384511,16.022236],[-16.384783,16.022132],[-16.385096,16.02207],[-16.385368,16.021906],[-16.385701,16.021681],[-16.385951,16.021436],[-16.386243,16.021272],[-16.385698,16.021175],[-16.385426,16.021298],[-16.385092,16.021482],[-16.384821,16.021626],[-16.384506,16.021527],[-16.384318,16.021073],[-16.384505,16.020846],[-16.384728,16.020548],[-16.385135,16.020291],[-16.385308,16.019978],[-16.38523,16.019509],[-16.385013,16.018982],[-16.384729,16.018557],[-16.384277,16.018399],[-16.383929,16.018372],[-16.383635,16.018521],[-16.383345,16.018772],[-16.383216,16.018849],[-16.382734,16.018867],[-16.382217,16.018604],[-16.381564,16.018019],[-16.38125,16.017907],[-16.38113,16.017926],[-16.380894,16.017633],[-16.380805,16.0171],[-16.381056,16.016647],[-16.381218,16.016489],[-16.381609,16.016868],[-16.381752,16.017041],[-16.381876,16.017192],[-16.382138,16.017346],[-16.382177,16.017649],[-16.382373,16.017905],[-16.38256,16.018104],[-16.382695,16.018278],[-16.382882,16.018547],[-16.38304,16.018499],[-16.383167,16.018342],[-16.383325,16.018009],[-16.383591,16.01783],[-16.383789,16.017742],[-16.384248,16.017728],[-16.38463,16.017817],[-16.384961,16.018029],[-16.385459,16.018467],[-16.385972,16.019131],[-16.386474,16.019591],[-16.386778,16.019567],[-16.386981,16.019363],[-16.387793,16.018699],[-16.38873,16.018359],[-16.389837,16.018018],[-16.390449,16.017526],[-16.390724,16.017376],[-16.391143,16.017319],[-16.391526,16.017267],[-16.392134,16.017291],[-16.392578,16.017497],[-16.393071,16.017329],[-16.393745,16.017209],[-16.394782,16.017185],[-16.395837,16.017082],[-16.396589,16.016859],[-16.397282,16.016659],[-16.397644,16.016466],[-16.397868,16.016202],[-16.398138,16.015837],[-16.398728,16.015772],[-16.398642,16.015239],[-16.398512,16.013381],[-16.398473,16.012916],[-16.398622,16.012427],[-16.398864,16.011813],[-16.399417,16.010438],[-16.400122,16.008857],[-16.400178,16.008494],[-16.40023,16.008399],[-16.400375,16.008141],[-16.400641,16.007652],[-16.400826,16.00739],[-16.400759,16.007293],[-16.401075,16.006776],[-16.402293,16.006109],[-16.40294,16.005701],[-16.40354,16.005098],[-16.404028,16.004648],[-16.404028,16.004637],[-16.405336,16.003846],[-16.406157,16.003453],[-16.406413,16.003264],[-16.407007,16.002988],[-16.407402,16.002873],[-16.408031,16.00264],[-16.409037,16.002375],[-16.409823,16.002217],[-16.410467,16.001863],[-16.410921,16.00154],[-16.411217,16.001111],[-16.411357,16.000735],[-16.411449,16.000355],[-16.411595,15.999734],[-16.411618,15.999487],[-16.411604,15.998877],[-16.411521,15.998476],[-16.411475,15.998365],[-16.411408,15.998138],[-16.411419,15.998141],[-16.411409,15.99812],[-16.410895,15.996923],[-16.410359,15.99586],[-16.410235,15.995384],[-16.410139,15.99492],[-16.410042,15.994292],[-16.409709,15.993187],[-16.409255,15.992381],[-16.409016,15.992],[-16.408537,15.991235],[-16.408234,15.990733],[-16.407681,15.989818],[-16.406729,15.988754],[-16.40596,15.988287],[-16.405547,15.988101],[-16.404041,15.987993],[-16.402883,15.98767],[-16.401811,15.987386],[-16.400778,15.986374],[-16.399611,15.985438],[-16.399037,15.985292],[-16.398156,15.985373],[-16.397271,15.985646],[-16.397262,15.98565],[-16.397002,15.985863],[-16.396756,15.986132],[-16.396568,15.98633],[-16.396249,15.986614],[-16.39596,15.986827],[-16.395437,15.987084],[-16.395118,15.987241],[-16.394798,15.98737],[-16.394304,15.987528],[-16.39397,15.987601],[-16.393635,15.987702],[-16.393432,15.987816],[-16.393156,15.987874],[-16.393045,15.987925],[-16.393045,15.987933],[-16.392647,15.988018],[-16.392356,15.98802],[-16.391627,15.987954],[-16.391306,15.987858],[-16.391083,15.987169],[-16.390818,15.986804],[-16.390539,15.986426],[-16.390127,15.985851],[-16.389979,15.985457],[-16.390049,15.985062],[-16.390177,15.984639],[-16.390189,15.984286],[-16.390157,15.983934],[-16.390055,15.983808],[-16.389821,15.983753],[-16.38934,15.9837],[-16.388554,15.983691],[-16.388263,15.983749],[-16.387958,15.983864],[-16.387711,15.984007],[-16.387508,15.984149],[-16.387306,15.984418],[-16.387177,15.984715],[-16.387035,15.98518],[-16.387023,15.985631],[-16.387306,15.986447],[-16.387748,15.987261],[-16.388128,15.987916],[-16.388171,15.987991],[-16.388291,15.988163],[-16.388781,15.988735],[-16.389148,15.989155],[-16.389129,15.989212],[-16.389098,15.989153],[-16.388637,15.988706],[-16.388197,15.988385],[-16.387743,15.987693],[-16.387309,15.987211],[-16.387075,15.986752],[-16.386861,15.986175],[-16.38667,15.985785],[-16.386562,15.985256],[-16.38658,15.984933],[-16.386745,15.984549],[-16.38693,15.984146],[-16.387121,15.983873],[-16.387356,15.983623],[-16.387819,15.983375],[-16.388556,15.983226],[-16.389181,15.983152],[-16.38919,15.983151],[-16.389986,15.983195],[-16.390338,15.983224],[-16.39061,15.983297],[-16.390875,15.983423],[-16.391157,15.983601],[-16.391436,15.983855],[-16.391597,15.984066],[-16.391712,15.98443],[-16.391668,15.984826],[-16.391347,15.985554],[-16.391164,15.985972],[-16.391103,15.986271],[-16.391149,15.986691],[-16.391454,15.987674],[-16.391934,15.987858],[-16.392308,15.987944],[-16.392311,15.987945],[-16.392781,15.987925],[-16.393002,15.98783],[-16.393046,15.987808],[-16.393395,15.987632],[-16.39381,15.987567],[-16.394059,15.987452],[-16.394672,15.987059],[-16.394729,15.986974],[-16.394942,15.986762],[-16.395278,15.986695],[-16.395493,15.986661],[-16.395501,15.986469],[-16.395586,15.986319],[-16.395736,15.986173],[-16.395888,15.986051],[-16.395889,15.986051],[-16.396125,15.986052],[-16.396243,15.986053],[-16.396268,15.986053],[-16.396575,15.985814],[-16.397024,15.985622],[-16.39716,15.985538],[-16.397482,15.985338],[-16.397805,15.985196],[-16.397884,15.985008],[-16.398101,15.984891],[-16.398449,15.984799],[-16.398905,15.98475],[-16.398921,15.984748],[-16.399247,15.984812],[-16.399631,15.985035],[-16.399854,15.985191],[-16.400183,15.985223],[-16.400516,15.985423],[-16.400835,15.985824],[-16.401184,15.986311],[-16.401412,15.986596],[-16.401745,15.986888],[-16.401981,15.987027],[-16.402102,15.987092],[-16.403227,15.987314],[-16.403612,15.987353],[-16.404116,15.987499],[-16.404126,15.987502],[-16.40444,15.987446],[-16.404447,15.987444],[-16.404734,15.987461],[-16.404929,15.987545],[-16.405,15.987641],[-16.405473,15.987827],[-16.406525,15.988083],[-16.407037,15.988415],[-16.407291,15.988566],[-16.407677,15.988941],[-16.407914,15.989187],[-16.408196,15.989555],[-16.408437,15.989815],[-16.409016,15.990694],[-16.409252,15.991115],[-16.409398,15.991308],[-16.409469,15.99129],[-16.409554,15.991385],[-16.409684,15.991502],[-16.409784,15.991531],[-16.409808,15.991657],[-16.409831,15.991782],[-16.409893,15.991944],[-16.409963,15.992069],[-16.410125,15.992282],[-16.410164,15.992378],[-16.410219,15.992584],[-16.41025,15.992687],[-16.410289,15.992798],[-16.410305,15.992931],[-16.410321,15.993056],[-16.410344,15.993085],[-16.410413,15.993144],[-16.410452,15.993195],[-16.410452,15.993284],[-16.410438,15.993358],[-16.410431,15.993439],[-16.410432,15.99358],[-16.41044,15.993705],[-16.410449,15.99383],[-16.410472,15.993904],[-16.410518,15.993956],[-16.410564,15.994022],[-16.410565,15.994059],[-16.410557,15.99411],[-16.410497,15.994155],[-16.410405,15.994156],[-16.410392,15.994159],[-16.410403,15.994222],[-16.410444,15.994229],[-16.410528,15.994243],[-16.410574,15.994228],[-16.410642,15.994147],[-16.410687,15.99408],[-16.410786,15.994057],[-16.410848,15.994108],[-16.410901,15.994115],[-16.41097,15.994108],[-16.41103,15.994063],[-16.411076,15.993989],[-16.41106,15.993893],[-16.410998,15.993842],[-16.410891,15.993791],[-16.410838,15.993813],[-16.410838,15.99388],[-16.4108,15.99388],[-16.410754,15.993858],[-16.410692,15.993725],[-16.410676,15.993622],[-16.410675,15.993452],[-16.41072,15.993356],[-16.410773,15.99326],[-16.410795,15.993156],[-16.410832,15.992994],[-16.410862,15.992883],[-16.410861,15.992787],[-16.410822,15.992669],[-16.410737,15.992544],[-16.410691,15.992463],[-16.410599,15.99239],[-16.410537,15.992316],[-16.410468,15.99225],[-16.410391,15.99217],[-16.410314,15.992089],[-16.41023,15.992001],[-16.410076,15.991802],[-16.409999,15.991714],[-16.409914,15.991575],[-16.409852,15.991413],[-16.409844,15.991373],[-16.409934,15.991416],[-16.4101,15.991512],[-16.410309,15.991762],[-16.410991,15.991647],[-16.411307,15.991916],[-16.411754,15.992691],[-16.412126,15.993595],[-16.412475,15.994401],[-16.413357,15.995243],[-16.413512,15.995318],[-16.413514,15.99533],[-16.413733,15.995579],[-16.413937,15.995814],[-16.41393,15.995896],[-16.413838,15.996125],[-16.413689,15.996444],[-16.413439,15.996895],[-16.413272,15.997231],[-16.413274,15.997418],[-16.413269,15.997827],[-16.413275,15.997826],[-16.413293,15.997822],[-16.413302,15.998042],[-16.413229,15.998515],[-16.4132,15.998678],[-16.41307,15.999661],[-16.412911,15.999869],[-16.412775,16.000172],[-16.412617,16.000483],[-16.412467,16.000787],[-16.412195,16.00121],[-16.411779,16.001729],[-16.411377,16.002175],[-16.410945,16.00251],[-16.410875,16.002574],[-16.410843,16.002615],[-16.410689,16.002712],[-16.410426,16.002954],[-16.40992,16.003248],[-16.409367,16.003352],[-16.408998,16.003433],[-16.408227,16.00375],[-16.407617,16.004022],[-16.406811,16.004385],[-16.406614,16.004499],[-16.406736,16.004476],[-16.406852,16.004475],[-16.407025,16.004567],[-16.40718,16.00464],[-16.407278,16.004974],[-16.407049,16.005273],[-16.406896,16.005367],[-16.406743,16.005498],[-16.406552,16.005611],[-16.406266,16.005911],[-16.405942,16.006378],[-16.405464,16.006753],[-16.405082,16.007071],[-16.4047,16.00739],[-16.404412,16.007522],[-16.404066,16.007524],[-16.403932,16.007581],[-16.403588,16.007862],[-16.403398,16.008142],[-16.403303,16.008384],[-16.403286,16.008738],[-16.403269,16.009017],[-16.403175,16.009334],[-16.402947,16.009726],[-16.402719,16.010118],[-16.402549,16.010435],[-16.402283,16.01092],[-16.402113,16.011349],[-16.401942,16.01174],[-16.401734,16.012114],[-16.401485,16.012357],[-16.401275,16.012544],[-16.401142,16.012675],[-16.401085,16.012862],[-16.401107,16.013252],[-16.401108,16.013419],[-16.401089,16.013438],[-16.40109,16.013587],[-16.401111,16.01381],[-16.401229,16.014162],[-16.401269,16.014478],[-16.401177,16.014943],[-16.401064,16.015298],[-16.401027,16.015521],[-16.401106,16.015911],[-16.401147,16.016189],[-16.401072,16.016432],[-16.401053,16.01646],[-16.401091,16.016526],[-16.401109,16.016535],[-16.401096,16.016556],[-16.401478,16.017259],[-16.40174,16.017645],[-16.40259,16.018049],[-16.404337,16.018743],[-16.404382,16.018693],[-16.404691,16.018856],[-16.405137,16.019094],[-16.405565,16.019383],[-16.406011,16.019706],[-16.406403,16.019909],[-16.40685,16.02037],[-16.407136,16.020677],[-16.407404,16.020847],[-16.40787,16.021462],[-16.408264,16.02194],[-16.408729,16.022452],[-16.40907,16.023034],[-16.409465,16.023718],[-16.40948,16.023934],[-16.409505,16.023971],[-16.409832,16.02476],[-16.409861,16.024845],[-16.410058,16.025422],[-16.410217,16.026067],[-16.410282,16.02654],[-16.410253,16.026962],[-16.410194,16.027859],[-16.410145,16.028415],[-16.410124,16.028808],[-16.41137,16.028991],[-16.412393,16.028741],[-16.41263,16.028384],[-16.412489,16.027891],[-16.412308,16.027232],[-16.412234,16.0265],[-16.413076,16.02566],[-16.413482,16.024395],[-16.413981,16.024627],[-16.414607,16.024976],[-16.41494,16.024844],[-16.415348,16.025089],[-16.416386,16.026427],[-16.417041,16.028019],[-16.417284,16.029125],[-16.417522,16.03077],[-16.417867,16.033486],[-16.417899,16.036775],[-16.417899,16.036778],[-16.417738,16.037646],[-16.417529,16.038439],[-16.417202,16.038988],[-16.416897,16.039871],[-16.416896,16.039895],[-16.416752,16.041938],[-16.416622,16.043005],[-16.416473,16.044035],[-16.416437,16.04428],[-16.416101,16.045467],[-16.415661,16.046228],[-16.415071,16.047449],[-16.414511,16.048389],[-16.414118,16.048906],[-16.413645,16.049401],[-16.413256,16.049725],[-16.412801,16.050348],[-16.412495,16.050991],[-16.411733,16.051937],[-16.411023,16.052563],[-16.411018,16.052579],[-16.410969,16.052754],[-16.410491,16.052922],[-16.40958,16.053454],[-16.408683,16.054014],[-16.408253,16.054403],[-16.408127,16.054517],[-16.407492,16.055393],[-16.406487,16.056679],[-16.405855,16.057758],[-16.406227,16.057854],[-16.404097,16.062671],[-16.403239,16.062563],[-16.402551,16.06406],[-16.403027,16.064306],[-16.402252,16.066072],[-16.403261,16.066277],[-16.402271,16.069809],[-16.401689,16.069753],[-16.401212,16.070629],[-16.400757,16.071467],[-16.40122,16.071743],[-16.401258,16.07295],[-16.401074,16.074225],[-16.401847,16.075056],[-16.402922,16.075612],[-16.403622,16.075615],[-16.404102,16.075178],[-16.404335,16.074274],[-16.404415,16.070505],[-16.404555,16.068502],[-16.404551,16.066516],[-16.404779,16.066136],[-16.40521,16.066149],[-16.405101,16.066955],[-16.405184,16.067469],[-16.405823,16.068163],[-16.406176,16.068606],[-16.406034,16.070352],[-16.406135,16.071339],[-16.406785,16.072232],[-16.407139,16.07246],[-16.407429,16.073437],[-16.408746,16.075532],[-16.410013,16.077703],[-16.410326,16.077988],[-16.410564,16.077808],[-16.410626,16.077656],[-16.410707,16.076983],[-16.411269,16.076686],[-16.411688,16.076454],[-16.412686,16.075919],[-16.413321,16.075769],[-16.413455,16.075765],[-16.414188,16.076624],[-16.415542,16.076651],[-16.415308,16.075286],[-16.416322,16.074557],[-16.417893,16.07344],[-16.418402,16.072725],[-16.419793,16.072563],[-16.42399,16.071629],[-16.425873,16.071821],[-16.429302,16.072461],[-16.430649,16.073091],[-16.431874,16.072816],[-16.43221,16.072567],[-16.432356,16.071941],[-16.432842,16.072025],[-16.432846,16.072004],[-16.433614,16.072157],[-16.433803,16.072345],[-16.433961,16.072645],[-16.434574,16.072688],[-16.435194,16.072737],[-16.435209,16.072755],[-16.436833,16.073029],[-16.436939,16.072848],[-16.436957,16.072862],[-16.437007,16.072892],[-16.437182,16.072908],[-16.437437,16.072907],[-16.437562,16.07293],[-16.437768,16.073109],[-16.437752,16.073222],[-16.437751,16.07323],[-16.437601,16.073243],[-16.437408,16.07325],[-16.43724,16.073251],[-16.437072,16.073246],[-16.436979,16.073253],[-16.43696,16.073337],[-16.437142,16.073535],[-16.437367,16.073636],[-16.437604,16.073676],[-16.437853,16.073656],[-16.437996,16.073625],[-16.438102,16.073631],[-16.438165,16.073648],[-16.438358,16.073659],[-16.438501,16.073712],[-16.438551,16.073742],[-16.438583,16.073862],[-16.438597,16.073995],[-16.438585,16.074091],[-16.438622,16.074097],[-16.438703,16.074066],[-16.438871,16.074023],[-16.439151,16.074003],[-16.439332,16.074086],[-16.439494,16.074139],[-16.439575,16.074145],[-16.439806,16.074119],[-16.44006,16.074003],[-16.440271,16.073863],[-16.440444,16.073759],[-16.440568,16.073644],[-16.440599,16.073614],[-16.44073,16.073583],[-16.440798,16.073637],[-16.441067,16.073689],[-16.441228,16.073664],[-16.441359,16.073627],[-16.441514,16.073572],[-16.441644,16.073468],[-16.44178,16.073359],[-16.441892,16.073256],[-16.441881,16.07299],[-16.441941,16.072979],[-16.443254,16.071922],[-16.444173,16.071181],[-16.444713,16.070789],[-16.445191,16.070442],[-16.44612,16.069813],[-16.446172,16.069778],[-16.446584,16.069238],[-16.446603,16.069213],[-16.446666,16.06946],[-16.446669,16.069471],[-16.447813,16.068899],[-16.448725,16.068263],[-16.447781,16.069307],[-16.446778,16.070725],[-16.445534,16.072615],[-16.444931,16.073325],[-16.444085,16.074076],[-16.443198,16.074748],[-16.442187,16.075108],[-16.441711,16.07521],[-16.441635,16.075285],[-16.440158,16.075253],[-16.440048,16.075305],[-16.440045,16.075295],[-16.439996,16.075157],[-16.439423,16.074826],[-16.438746,16.074436],[-16.438398,16.07425],[-16.437978,16.074046],[-16.437328,16.07379],[-16.436812,16.073669],[-16.436271,16.073554],[-16.435536,16.07349],[-16.435511,16.07349],[-16.435209,16.073493],[-16.434577,16.073507],[-16.434056,16.07352],[-16.433282,16.073713],[-16.433262,16.073712],[-16.43275,16.073686],[-16.432747,16.073687],[-16.432193,16.074026],[-16.431867,16.074176],[-16.431746,16.074265],[-16.431722,16.074264],[-16.431439,16.074248],[-16.431435,16.074249],[-16.431175,16.074329],[-16.430534,16.074589],[-16.42971,16.075019],[-16.429151,16.07523],[-16.428968,16.07532],[-16.428733,16.075341],[-16.428132,16.075473],[-16.427645,16.075596],[-16.427609,16.075746],[-16.427295,16.076223],[-16.427152,16.076248],[-16.427036,16.076335],[-16.426906,16.076436],[-16.426803,16.076463],[-16.426693,16.076497],[-16.426632,16.076578],[-16.426629,16.07677],[-16.4265,16.07685],[-16.426478,16.076848],[-16.426289,16.076833],[-16.426279,16.076834],[-16.426069,16.076861],[-16.425939,16.076928],[-16.425885,16.077022],[-16.425816,16.077082],[-16.42561,16.077123],[-16.425487,16.077244],[-16.425199,16.077439],[-16.424878,16.077689],[-16.424725,16.077766],[-16.42453,16.078188],[-16.424247,16.078506],[-16.424005,16.078842],[-16.423579,16.07918],[-16.42301,16.0795],[-16.422257,16.079662],[-16.422237,16.079661],[-16.421543,16.079628],[-16.421114,16.079523],[-16.4201,16.079135],[-16.41962,16.078865],[-16.418835,16.078747],[-16.418423,16.078737],[-16.417929,16.078648],[-16.417911,16.078649],[-16.416963,16.078723],[-16.416157,16.07907],[-16.414793,16.079791],[-16.414589,16.079821],[-16.414023,16.080368],[-16.413536,16.080588],[-16.413232,16.080846],[-16.41305,16.081123],[-16.41293,16.08142],[-16.412932,16.081696],[-16.412954,16.081913],[-16.413139,16.082148],[-16.413201,16.082325],[-16.413059,16.082444],[-16.413045,16.082435],[-16.412773,16.082269],[-16.412649,16.082112],[-16.412403,16.081975],[-16.412385,16.081979],[-16.412118,16.082036],[-16.411833,16.082078],[-16.411467,16.082277],[-16.411061,16.082477],[-16.410654,16.082657],[-16.410268,16.082818],[-16.409821,16.083077],[-16.409091,16.083555],[-16.408582,16.083762],[-16.408221,16.083936],[-16.408195,16.083936],[-16.40791,16.083938],[-16.40735,16.083918],[-16.406909,16.083718],[-16.406509,16.083459],[-16.406279,16.083177],[-16.405192,16.081878]]]}},{"type":"Feature","properties":{"categorie":"Protection Naturel"},"geometry":{"type":"Polygon","coordinates":[[[-16.403196,16.04285],[-16.402846,16.042495],[-16.403332,16.042224],[-16.403789,16.04193],[-16.404246,16.041652],[-16.404926,16.041632],[-16.405496,16.041643],[-16.406271,16.041577],[-16.406682,16.041498],[-16.407091,16.04122],[-16.407563,16.040819],[-16.407924,16.040296],[-16.408362,16.03965],[-16.408661,16.039373],[-16.408662,16.039511],[-16.408427,16.03991],[-16.408192,16.040233],[-16.407957,16.040556],[-16.407596,16.040987],[-16.407298,16.041341],[-16.407109,16.041495],[-16.407378,16.041493],[-16.407614,16.041293],[-16.407896,16.040939],[-16.408211,16.040615],[-16.408557,16.040322],[-16.408713,16.039969],[-16.4089,16.039647],[-16.409104,16.039324],[-16.409274,16.038787],[-16.409428,16.038251],[-16.409614,16.037698],[-16.409992,16.037313],[-16.410275,16.037082],[-16.410685,16.036834],[-16.410904,16.036557],[-16.411075,16.036143],[-16.411246,16.035591],[-16.41129,16.035223],[-16.411288,16.034871],[-16.411301,16.034504],[-16.411219,16.034122],[-16.411042,16.033633],[-16.410417,16.032566],[-16.409809,16.031575],[-16.409841,16.031606],[-16.410144,16.031925],[-16.410511,16.032474],[-16.41107,16.033097],[-16.411518,16.033844],[-16.411711,16.03421],[-16.41173,16.034669],[-16.411733,16.035098],[-16.411845,16.035296],[-16.411863,16.035679],[-16.411754,16.035878],[-16.411613,16.036048],[-16.411314,16.036356],[-16.411128,16.036847],[-16.410925,16.0372],[-16.410768,16.0374],[-16.410468,16.03754],[-16.410185,16.037741],[-16.409965,16.038063],[-16.409904,16.038416],[-16.409796,16.038799],[-16.409515,16.039306],[-16.409233,16.039767],[-16.409093,16.040028],[-16.408936,16.040274],[-16.408748,16.040474],[-16.408449,16.040797],[-16.408182,16.041044],[-16.407931,16.041413],[-16.407696,16.041629],[-16.407427,16.041768],[-16.407002,16.04197],[-16.406734,16.042156],[-16.406577,16.042294],[-16.406261,16.04248],[-16.405977,16.042589],[-16.405757,16.042774],[-16.405632,16.04302],[-16.405506,16.043067],[-16.40552,16.042822],[-16.405598,16.042622],[-16.405627,16.042362],[-16.405563,16.042148],[-16.405356,16.042027],[-16.404897,16.041969],[-16.40455,16.042124],[-16.404266,16.042294],[-16.404045,16.042387],[-16.403556,16.042574],[-16.403356,16.042806],[-16.403196,16.04285]]]}},{"type":"Feature","properties":{"categorie":"Protection Naturel"},"geometry":{"type":"Polygon","coordinates":[[[-16.397959,16.081677],[-16.397167,16.081428],[-16.396681,16.081134],[-16.396107,16.080649],[-16.395576,16.080016],[-16.395221,16.079424],[-16.394887,16.078811],[-16.394598,16.078239],[-16.394558,16.078251],[-16.394553,16.078134],[-16.394371,16.077286],[-16.394499,16.076648],[-16.394692,16.076074],[-16.395191,16.075136],[-16.395956,16.074749],[-16.396527,16.074724],[-16.397296,16.074868],[-16.397934,16.075034],[-16.398596,16.07556],[-16.399105,16.076066],[-16.39933,16.076871],[-16.399687,16.077718],[-16.400088,16.078564],[-16.400487,16.079071],[-16.401149,16.079534],[-16.401702,16.080103],[-16.402101,16.080674],[-16.402081,16.080992],[-16.401974,16.081418],[-16.401778,16.081631],[-16.401516,16.08176],[-16.40088,16.081892],[-16.400397,16.08181],[-16.400089,16.081791],[-16.399322,16.081923],[-16.398487,16.081865],[-16.397959,16.081677]]]}},{"type":"Feature","properties":{"categorie":"Protection Naturel"},"geometry":{"type":"Polygon","coordinates":[[[-16.501937,15.948421],[-16.501529,15.94808],[-16.501273,15.94769],[-16.500983,15.9473],[-16.500963,15.946875],[-16.501028,15.946581],[-16.501144,15.946302],[-16.50143,15.946039],[-16.501589854110332,15.945847721577382],[-16.502130310423926,15.94581903980107],[-16.502126,15.945999],[-16.501951,15.94647],[-16.501759,15.946675],[-16.501583,15.946974],[-16.501779,15.947223],[-16.501958,15.947332],[-16.50225,15.947377],[-16.502688,15.947499],[-16.502981,15.94781],[-16.503081,15.948138],[-16.503084,15.948561],[-16.503039,15.949047],[-16.502978,15.94958],[-16.503127,15.949924],[-16.503293,15.950502],[-16.503313,15.95105],[-16.503317,15.951646],[-16.503614,15.952333],[-16.503697,15.952551],[-16.503715,15.952833],[-16.503668,15.9531],[-16.503492,15.953383],[-16.503494,15.953665],[-16.503414,15.953744],[-16.503204,15.953824],[-16.502946,15.953904],[-16.502817,15.953967],[-16.502818,15.954187],[-16.502918,15.954577],[-16.502985,15.954781],[-16.502987,15.955031],[-16.502761,15.955236],[-16.502731,15.95544],[-16.502667,15.955566],[-16.502472,15.95552],[-16.502408,15.955552],[-16.50241,15.95585],[-16.502348,15.956257],[-16.502351,15.956633],[-16.502336,15.956837],[-16.502129,15.957246],[-16.502128,15.957266],[-16.501861,15.957104],[-16.50167,15.956933],[-16.501569,15.956751],[-16.501601,15.956557],[-16.501643,15.95618],[-16.501583,15.955686],[-16.501525,15.955363],[-16.501366,15.954913],[-16.501218,15.95443],[-16.501159,15.954],[-16.501045,15.953613],[-16.501043,15.95328],[-16.50104,15.952946],[-16.501092,15.95243],[-16.501113,15.952279],[-16.501166,15.951913],[-16.501163,15.951472],[-16.501059,15.95101],[-16.501245,15.950525],[-16.50141,15.950298],[-16.501587,15.950157],[-16.501875,15.950079],[-16.502108,15.950035],[-16.502319,15.949969],[-16.502507,15.949774],[-16.502605,15.949536],[-16.502659,15.949288],[-16.50259,15.949095],[-16.502411,15.948871],[-16.50199,15.948557],[-16.501937,15.948421]]]}},{"type":"Feature","properties":{"categorie":"Protection Naturel"},"geometry":{"type":"Polygon","coordinates":[[[-16.500473,15.947728],[-16.500587,15.947849],[-16.500845,15.947964],[-16.500966,15.948136],[-16.501073,15.948328],[-16.501102,15.948398],[-16.501276,15.948523],[-16.501941,15.948799],[-16.502118,15.948885],[-16.502335,15.94909],[-16.502534,15.94933],[-16.502433,15.9496],[-16.502328,15.949658],[-16.502116,15.949696],[-16.501817,15.949781],[-16.501516,15.949858],[-16.501391,15.950032],[-16.501179,15.950152],[-16.500967,15.950335],[-16.500852,15.950517],[-16.500789,15.950686],[-16.500764,15.950905],[-16.500766,15.951148],[-16.500746,15.951304],[-16.500814,15.951398],[-16.500878,15.951571],[-16.500951,15.951716],[-16.500877,15.952098],[-16.500618,15.952924],[-16.500805,15.953735],[-16.5009,15.954316],[-16.500981,15.954796],[-16.501055,15.955214],[-16.501174,15.955638],[-16.5013,15.956075],[-16.501302,15.95635],[-16.501168,15.956526],[-16.501028,15.956622],[-16.500897,15.956772],[-16.500793,15.956641],[-16.500196,15.95589],[-16.50011,15.953159],[-16.500171,15.952511],[-16.500286,15.952018],[-16.500189,15.951446],[-16.500267,15.951053],[-16.500493,15.950309],[-16.500452,15.949479],[-16.500538,15.948229],[-16.500473,15.947728]]]}},{"type":"Feature","properties":{"categorie":"Protection Naturel"},"geometry":{"type":"Polygon","coordinates":[[[-16.396601,15.984771],[-16.396983,15.984563],[-16.397512,15.984339],[-16.397879,15.984218],[-16.39809,15.984169],[-16.39871,15.98411],[-16.399209,15.984146],[-16.39956,15.984223],[-16.400101,15.984535],[-16.400626,15.984863],[-16.401003,15.985137],[-16.401423,15.985577],[-16.401727,15.985898],[-16.402105,15.986196],[-16.402285,15.986329],[-16.402653,15.986445],[-16.403691,15.986502],[-16.404042,15.986523],[-16.404475,15.986575],[-16.405121,15.986698],[-16.40566,15.986812],[-16.406233,15.986959],[-16.406789,15.987152],[-16.406903,15.987217],[-16.40733,15.987481],[-16.407798,15.987888],[-16.408177,15.988288],[-16.408009,15.988453],[-16.407902,15.988272],[-16.407654,15.987967],[-16.407278,15.987698],[-16.406754,15.987462],[-16.406264,15.987428],[-16.406249,15.987429],[-16.405842,15.987455],[-16.40551,15.987499],[-16.405503,15.987497],[-16.405287,15.987435],[-16.405108,15.987356],[-16.404913,15.987199],[-16.404522,15.987176],[-16.404158,15.987118],[-16.403617,15.98695],[-16.402946,15.986849],[-16.402469,15.986751],[-16.402171,15.986576],[-16.401845,15.986322],[-16.401617,15.986037],[-16.401257,15.985582],[-16.400912,15.985307],[-16.400583,15.985038],[-16.400079,15.984704],[-16.399633,15.984491],[-16.399405,15.984397],[-16.399036,15.984363],[-16.399025,15.984364],[-16.398141,15.984479],[-16.397788,15.984541],[-16.397376,15.98472],[-16.396945,15.984924],[-16.396223,15.985517],[-16.39595,15.985773],[-16.395764,15.985886],[-16.395543,15.985981],[-16.395227,15.986167],[-16.394899,15.986325],[-16.394264,15.986683],[-16.393413,15.987021],[-16.393341,15.987063],[-16.393101,15.987276],[-16.392782,15.987401],[-16.39276,15.9874],[-16.392425,15.987388],[-16.391993,15.987348],[-16.391873,15.987245],[-16.391681,15.986802],[-16.391674,15.986376],[-16.391788,15.985778],[-16.391991,15.985342],[-16.392099,15.984754],[-16.392168,15.984506],[-16.392219,15.98494],[-16.39205,15.985568],[-16.391905,15.986313],[-16.391945,15.986772],[-16.392067,15.986917],[-16.392331,15.986966],[-16.392821,15.986919],[-16.393264,15.986778],[-16.393851,15.986548],[-16.394445,15.98634],[-16.394917,15.986046],[-16.395629,15.985472],[-16.396282,15.985015],[-16.396601,15.984771]]]}},{"type":"Feature","properties":{"categorie":"Protection Naturel"},"geometry":{"type":"Polygon","coordinates":[[[-16.385657,15.985353],[-16.385765,15.98462],[-16.386027,15.984106],[-16.386423,15.983717],[-16.386189,15.984142],[-16.385993,15.984767],[-16.385869,15.985298],[-16.385919,15.985885],[-16.385995,15.986392],[-16.386139,15.987071],[-16.386455,15.987503],[-16.386757,15.987898],[-16.387242,15.988158],[-16.387886,15.988661],[-16.3883,15.988971],[-16.388528,15.989347],[-16.38861,15.989746],[-16.388564,15.989853],[-16.388141,15.99001],[-16.38791,15.990046],[-16.387901,15.990043],[-16.387343,15.989905],[-16.386954,15.989698],[-16.386581,15.989497],[-16.386209,15.989204],[-16.38592,15.988936],[-16.384864,15.988223],[-16.384187,15.98771],[-16.3831,15.986848],[-16.382612,15.986491],[-16.382271,15.986343],[-16.381759,15.98618],[-16.381443,15.986131],[-16.381142,15.986061],[-16.380838,15.986011],[-16.380721,15.985929],[-16.380472,15.985804],[-16.380151,15.985777],[-16.380014,15.98573],[-16.379736,15.985607],[-16.379346,15.985467],[-16.37892,15.985362],[-16.37865,15.985334],[-16.378648,15.985184],[-16.379073,15.985139],[-16.37947,15.985173],[-16.37984,15.985366],[-16.380059,15.98548],[-16.380381,15.985624],[-16.380761,15.985732],[-16.381121,15.985857],[-16.381367,15.985947],[-16.382049,15.986108],[-16.382315,15.986179],[-16.382713,15.986341],[-16.383016,15.986449],[-16.383245,15.986631],[-16.383586,15.98672],[-16.383965,15.986919],[-16.384233,15.987265],[-16.384423,15.987483],[-16.384841,15.987718],[-16.38524,15.987972],[-16.38525,15.987979],[-16.385544,15.988189],[-16.385811,15.988425],[-16.386211,15.988862],[-16.386667,15.989207],[-16.387142,15.98946],[-16.387597,15.989676],[-16.387919,15.989674],[-16.387918,15.989565],[-16.38786,15.989382],[-16.387669,15.989164],[-16.387384,15.988964],[-16.387156,15.988801],[-16.386926,15.9884],[-16.386868,15.988181],[-16.386698,15.988182],[-16.386716,15.988017],[-16.386355,15.987818],[-16.386032,15.987564],[-16.385954,15.987272],[-16.385895,15.986925],[-16.38576,15.986651],[-16.385661,15.985938],[-16.385657,15.985353]]]}},{"type":"Feature","properties":{"categorie":"Protection Naturel"},"geometry":{"type":"Polygon","coordinates":[[[-16.356689,16.01756],[-16.356682,16.017544],[-16.356383,16.017349],[-16.356309,16.017193],[-16.35631,16.016825],[-16.356469,16.016589],[-16.356725,16.016381],[-16.357019,16.016023],[-16.357679,16.015257],[-16.358012,16.014804],[-16.358211,16.014593],[-16.358581,16.01434],[-16.358992,16.01419],[-16.359583,16.013959],[-16.360133,16.013624],[-16.360618,16.01328],[-16.360971,16.01302],[-16.361425,16.012737],[-16.361758,16.01251],[-16.362158,16.012128],[-16.362502,16.011698],[-16.362906,16.011011],[-16.363234,16.01045],[-16.363488,16.009959],[-16.363746,16.008156],[-16.36389,16.007631],[-16.364187,16.006972],[-16.364206,16.006719],[-16.364238,16.006556],[-16.364432,16.006204],[-16.364563,16.006041],[-16.364592,16.005833],[-16.364634,16.005586],[-16.364827,16.005352],[-16.365085,16.005127],[-16.365241,16.004937],[-16.365533,16.004595],[-16.365808,16.004365],[-16.366285,16.00419],[-16.367081,16.003839],[-16.367478,16.003626],[-16.367855,16.003351],[-16.368319,16.002989],[-16.368627,16.002693],[-16.368886,16.002423],[-16.369075,16.002064],[-16.369426,16.001386],[-16.369704,16.000862],[-16.369888,16.000486],[-16.370052,16.000036],[-16.370195,15.999647],[-16.370261,15.999512],[-16.370349,15.999438],[-16.37044,15.999324],[-16.370608,15.998966],[-16.370637,15.99875],[-16.370786,15.998398],[-16.370959,15.998088],[-16.371149,15.997827],[-16.371238,15.997558],[-16.371347,15.99729],[-16.371499,15.997114],[-16.371683,15.996943],[-16.371891,15.996788],[-16.371999,15.996619],[-16.372195,15.996391],[-16.37239,15.996141],[-16.372519,15.995903],[-16.37273,15.995553],[-16.372919,15.995301],[-16.373275,15.994791],[-16.373508,15.994468],[-16.373702,15.994207],[-16.373908,15.993937],[-16.374061,15.993543],[-16.374186,15.993219],[-16.374175,15.993015],[-16.374121,15.992774],[-16.374128,15.992464],[-16.374217,15.992053],[-16.374345,15.991615],[-16.374392,15.991113],[-16.374521,15.990518],[-16.374559,15.990086],[-16.374587,15.989541],[-16.374641,15.989118],[-16.374675,15.98877],[-16.374769,15.988606],[-16.375028,15.988369],[-16.37522,15.988185],[-16.375409,15.988009],[-16.375715,15.987764],[-16.375984,15.987531],[-16.376287,15.987295],[-16.376607,15.987045],[-16.377113,15.986727],[-16.377563,15.986359],[-16.378394,15.986073],[-16.378814,15.986024],[-16.378829,15.986022],[-16.380027,15.986237],[-16.380834,15.986535],[-16.381844,15.986902],[-16.382834,15.987355],[-16.383731,15.98781],[-16.384177,15.988182],[-16.384632,15.988737],[-16.385027,15.989263],[-16.385366,15.989546],[-16.38644,15.990172],[-16.387128,15.990569],[-16.387675,15.99061],[-16.387905,15.990711],[-16.388098,15.990892],[-16.388101,15.990895],[-16.388518,15.990838],[-16.387865,15.991236],[-16.387131,15.991372],[-16.387084,15.99138],[-16.387009,15.991471],[-16.38668,15.991867],[-16.38658,15.992116],[-16.386583,15.992122],[-16.386357,15.992243],[-16.386204,15.992558],[-16.385966,15.992806],[-16.385643,15.99304],[-16.385264,15.993302],[-16.384941,15.993618],[-16.384732,15.993974],[-16.384734,15.994288],[-16.38475,15.994575],[-16.385077,15.994928],[-16.385319,15.995145],[-16.385674,15.995525],[-16.386086,15.995932],[-16.386823,15.996241],[-16.387261,15.996334],[-16.387825,15.99633],[-16.388122,15.996342],[-16.388716,15.99657],[-16.389156,15.996854],[-16.389355,15.997099],[-16.389541,15.997452],[-16.389756,15.997874],[-16.389772,15.998229],[-16.389647,15.998408],[-16.38945,15.998545],[-16.389225,15.998683],[-16.389098,15.998725],[-16.388831,15.99885],[-16.388678,15.999035],[-16.388649,15.999069],[-16.388509,15.999289],[-16.38837,15.999549],[-16.388343,15.999727],[-16.388429,15.999917],[-16.388585,16.000067],[-16.388648,16.00015],[-16.38857,16.000151],[-16.388028,16.000139],[-16.387996,16.00002],[-16.388239,15.999299],[-16.388396,15.999025],[-16.388647,15.998587],[-16.388716,15.998523],[-16.388672,15.998277],[-16.388585,15.997977],[-16.3883,15.997556],[-16.388057,15.997175],[-16.387929,15.99704],[-16.387801,15.996931],[-16.387222,15.996853],[-16.386799,15.996897],[-16.386318,15.996831],[-16.386021,15.996683],[-16.385482,15.996318],[-16.385028,15.99598],[-16.384743,15.995654],[-16.384629,15.995491],[-16.384441,15.995258],[-16.384245,15.995015],[-16.383931,15.99458],[-16.383817,15.994308],[-16.383899,15.994034],[-16.384024,15.993692],[-16.384122,15.993555],[-16.384304,15.993294],[-16.384555,15.992965],[-16.38478,15.992759],[-16.384907,15.992703],[-16.385006,15.99267],[-16.385076,15.992648],[-16.385399,15.992427],[-16.385595,15.992166],[-16.385734,15.991906],[-16.385752,15.991696],[-16.38576,15.991605],[-16.385702,15.991387],[-16.385486,15.991026],[-16.38544,15.991017],[-16.385437,15.991007],[-16.384303,15.99082],[-16.384112,15.990958],[-16.383912,15.990945],[-16.383612,15.990947],[-16.383347,15.990966],[-16.383189,15.991103],[-16.382997,15.991326],[-16.38275,15.991413],[-16.382362,15.99145],[-16.382222,15.991502],[-16.382221,15.991382],[-16.382308,15.99128],[-16.382501,15.991142],[-16.382642,15.991004],[-16.382746,15.990782],[-16.38271,15.990662],[-16.382357,15.990665],[-16.381775,15.990771],[-16.381684,15.990328],[-16.38169,15.990199],[-16.381447,15.989308],[-16.381313,15.988619],[-16.381346,15.987607],[-16.380707,15.987413],[-16.379808,15.98727],[-16.378186,15.987585],[-16.377126,15.987755],[-16.376209,15.988212],[-16.375317,15.988698],[-16.375049,15.989187],[-16.374924,15.989812],[-16.374776,15.99075],[-16.374835,15.991836],[-16.374853,15.992573],[-16.374857,15.993198],[-16.374743,15.993536],[-16.374525,15.993915],[-16.374411,15.994113],[-16.373848,15.994891],[-16.373169,15.995607],[-16.372594,15.996498],[-16.371774,15.997396],[-16.371691,15.997344],[-16.370748,15.999073],[-16.370153,16.000554],[-16.369904,16.000807],[-16.369814,16.001286],[-16.369627,16.001604],[-16.369381,16.002226],[-16.369437,16.002239],[-16.369169,16.002712],[-16.369138,16.00275],[-16.369117,16.002749],[-16.369104,16.002767],[-16.368968,16.002951],[-16.368177,16.003907],[-16.367231,16.004394],[-16.365951,16.004951],[-16.365067,16.005885],[-16.364314,16.007501],[-16.364253,16.007904],[-16.364006,16.009047],[-16.36366,16.010795],[-16.363305,16.011368],[-16.363014,16.011963],[-16.362486,16.012604],[-16.362072,16.012998],[-16.361416,16.013506],[-16.360806,16.013868],[-16.359618,16.014412],[-16.358787,16.014832],[-16.358178,16.015451],[-16.357284,16.016564],[-16.35693,16.017156],[-16.356695,16.017033],[-16.356566,16.017225],[-16.356804,16.017368],[-16.356689,16.01756]]]}},{"type":"Feature","properties":{"categorie":"Protection Naturel"},"geometry":{"type":"MultiPolygon","coordinates":[[[[-16.497948,15.957653],[-16.498097,15.957483],[-16.498256,15.956986],[-16.498315,15.95661],[-16.498312,15.95615],[-16.498271,15.955751],[-16.498329,15.955146],[-16.498413,15.954601],[-16.49842,15.953923],[-16.498416,15.953294],[-16.49831,15.952532],[-16.498217,15.951771],[-16.498214,15.951408],[-16.498311,15.950996],[-16.49817,15.950513],[-16.49793,15.950224],[-16.497589,15.949815],[-16.4973,15.949539],[-16.496948,15.949287],[-16.496721,15.949071],[-16.496669,15.948877],[-16.496781,15.948707],[-16.496791,15.948356],[-16.496602,15.948152],[-16.496425,15.94796],[-16.496248,15.947755],[-16.496221,15.947392],[-16.496233993761432,15.947331795572026],[-16.497437716675293,15.94695480254122],[-16.497302,15.947089],[-16.49701,15.947207],[-16.496534,15.9473],[-16.496542,15.947688],[-16.496845,15.948073],[-16.497176,15.948331],[-16.497233,15.948407],[-16.497401,15.948516],[-16.497558,15.948759],[-16.497676,15.948964],[-16.497742,15.949157],[-16.497723,15.949283],[-16.49766,15.949427],[-16.497563,15.949585],[-16.497694,15.949701],[-16.498028,15.94986],[-16.498258,15.950076],[-16.498548,15.950535],[-16.498607,15.95084],[-16.498565,15.95125],[-16.498481,15.951806],[-16.498435,15.952426],[-16.498501,15.952677],[-16.498605,15.953111],[-16.498607,15.95365],[-16.498582,15.954798],[-16.498503,15.955449],[-16.49853,15.956385],[-16.498614,15.956891],[-16.498749,15.957205],[-16.498762,15.957235],[-16.498812,15.957533],[-16.498862,15.957934],[-16.498748,15.95852],[-16.498679,15.958773],[-16.498608,15.9589],[-16.498514,15.958958],[-16.498372,15.959039],[-16.49822,15.959293],[-16.498011,15.959891],[-16.497802,15.960558],[-16.497544,15.960985],[-16.497344,15.961193],[-16.497239,15.961366],[-16.497242,15.961779],[-16.497328,15.962238],[-16.497307,15.962639],[-16.497167,15.962893],[-16.497097,15.963111],[-16.497051,15.963307],[-16.497135,15.963456],[-16.497293,15.963609],[-16.497294,15.96361],[-16.497172,15.963616],[-16.497169,15.963615],[-16.496839,15.963538],[-16.496483,15.963483],[-16.496114,15.963325],[-16.495911,15.96312],[-16.495789,15.96273],[-16.495869,15.962317],[-16.495974,15.962086],[-16.496163,15.961936],[-16.496518,15.961727],[-16.496847,15.961403],[-16.497212,15.960918],[-16.497593,15.960475],[-16.497703,15.959695],[-16.497587,15.959306],[-16.497314,15.958757],[-16.497292,15.958291],[-16.497313,15.958101],[-16.497551,15.957914],[-16.497673,15.957889],[-16.497948,15.957653]]],[[[-16.498963,15.946704],[-16.499011,15.947021],[-16.498646,15.946885],[-16.498388,15.946685],[-16.49834505402926,15.946670634270353],[-16.49891446416788,15.946492301157761],[-16.498963,15.946704]]]]}},{"type":"Feature","properties":{"categorie":"Protection Naturel"},"geometry":{"type":"Polygon","coordinates":[[[-16.353935,16.020994],[-16.353617,16.021891],[-16.35339,16.022508],[-16.352674,16.023573],[-16.351969,16.024134],[-16.351742,16.024315],[-16.351317,16.024093],[-16.352031,16.023117],[-16.35281,16.022077],[-16.353084,16.021027],[-16.352341,16.020915],[-16.351005,16.020177],[-16.351293,16.019962],[-16.352869,16.019338],[-16.352928,16.01931],[-16.35366,16.018969],[-16.354328,16.018498],[-16.354975,16.018213],[-16.355544,16.017947],[-16.355855,16.017702],[-16.356058,16.01752],[-16.356181,16.01752],[-16.356655,16.017543],[-16.356682,16.017544],[-16.356689,16.01756],[-16.356712,16.01761],[-16.356718,16.017624],[-16.356695,16.017655],[-16.356226,16.018274],[-16.356094,16.018538],[-16.355806,16.0187],[-16.355403,16.019094],[-16.355128,16.019487],[-16.354691,16.019893],[-16.354362,16.020255],[-16.354232,16.020399],[-16.354142,16.02058],[-16.353935,16.020994]]]}},{"type":"Feature","properties":{"categorie":"Protection Naturel"},"geometry":{"type":"Polygon","coordinates":[[[-16.336326,16.06992],[-16.337496,16.068513],[-16.338989,16.067207],[-16.340271,16.066421],[-16.342087,16.065269],[-16.343689,16.064222],[-16.344862,16.063333],[-16.345928,16.062341],[-16.347636,16.061086],[-16.348808,16.05999],[-16.349979,16.058634],[-16.350458,16.058061],[-16.351259,16.057537],[-16.351636,16.057898],[-16.351162,16.059145],[-16.350367,16.060498],[-16.349996,16.061175],[-16.349786,16.061902],[-16.349573,16.062007],[-16.349092,16.062373],[-16.34899,16.063048],[-16.348406,16.063933],[-16.347661,16.064819],[-16.347023,16.065601],[-16.346543,16.066071],[-16.346013,16.066956],[-16.345698,16.067995],[-16.345274,16.068775],[-16.345172,16.06945],[-16.345119,16.069658],[-16.345016,16.070177],[-16.345071,16.070436],[-16.345446,16.070433],[-16.345925,16.069808],[-16.346082,16.069289],[-16.346291,16.068458],[-16.3465,16.067679],[-16.347136,16.066482],[-16.347668,16.065804],[-16.348521,16.065177],[-16.349267,16.064446],[-16.349906,16.063611],[-16.349791,16.064107],[-16.349616,16.064804],[-16.349203,16.065851],[-16.348312,16.067074],[-16.347955,16.067599],[-16.347241,16.068415],[-16.346706,16.069172],[-16.346531,16.069869],[-16.346415,16.07045],[-16.345522,16.071442],[-16.344923,16.071619],[-16.344927,16.072083],[-16.345466,16.072022],[-16.345648,16.072253],[-16.34553,16.072544],[-16.345412,16.072834],[-16.345294,16.073183],[-16.345178,16.073822],[-16.345659,16.073993],[-16.345602,16.074399],[-16.345123,16.07446],[-16.344222,16.07435],[-16.343862,16.074294],[-16.34344,16.074065],[-16.342961,16.074184],[-16.342184,16.074478],[-16.342026,16.074567],[-16.341765,16.074713],[-16.340991,16.075472],[-16.340274,16.075998],[-16.339255,16.076121],[-16.338411,16.075372],[-16.338105,16.074504],[-16.338281,16.073865],[-16.338395,16.073052],[-16.33887,16.072353],[-16.339225,16.071655],[-16.339282,16.071075],[-16.339157,16.07038],[-16.337955,16.069981],[-16.337416,16.070101],[-16.337057,16.070219],[-16.3367,16.070685],[-16.336164,16.071268],[-16.335567,16.071736],[-16.335032,16.072377],[-16.334438,16.073251],[-16.334193,16.073312],[-16.334159,16.072008],[-16.336326,16.06992]]]}},{"type":"Feature","properties":{"categorie":"Protection Naturel"},"geometry":{"type":"Polygon","coordinates":[[[-16.334806775860848,16.140997492149214],[-16.33480187543675,16.140376519458002],[-16.336109,16.139333],[-16.336543,16.138986],[-16.339552,16.136515],[-16.342197,16.13446],[-16.344354,16.132526],[-16.345569,16.131307],[-16.346084,16.130684],[-16.34678,16.129616],[-16.347051,16.129023],[-16.34729,16.128165],[-16.347406,16.127337],[-16.347992,16.123581],[-16.348733,16.12015],[-16.348576,16.119631],[-16.348708,16.11879],[-16.348,16.118387],[-16.346508,16.117433],[-16.346527,16.117243],[-16.346709,16.117261],[-16.346587,16.116889],[-16.34679,16.117086],[-16.346907,16.11697],[-16.346987,16.11665],[-16.347014,16.116547],[-16.346966,16.116283],[-16.347041,16.116048],[-16.347073,16.115948],[-16.347282,16.115893],[-16.347346,16.115877],[-16.347357,16.115674],[-16.34737,16.115436],[-16.347383,16.115359],[-16.347424,16.115111],[-16.347457,16.114908],[-16.347494,16.114872],[-16.34758,16.114788],[-16.347684,16.114687],[-16.347846,16.114527],[-16.347955,16.114421],[-16.347998,16.114324],[-16.34806,16.114186],[-16.348161,16.113962],[-16.348171,16.113908],[-16.348201,16.113748],[-16.348223,16.113636],[-16.348221,16.113443],[-16.348221,16.113372],[-16.348262,16.11332],[-16.3484,16.113149],[-16.348527,16.112966],[-16.348666,16.112856],[-16.348783,16.112845],[-16.348766,16.112749],[-16.348571,16.112626],[-16.348407,16.112493],[-16.348407,16.112494],[-16.348318,16.112666],[-16.348285,16.112651],[-16.348492,16.112211],[-16.348927,16.111635],[-16.348995,16.11146],[-16.349069,16.111498],[-16.349225,16.111576],[-16.349339,16.111424],[-16.349388,16.111358],[-16.349233,16.111271],[-16.349168,16.111338],[-16.349084,16.111296],[-16.349135,16.111215],[-16.349099,16.111195],[-16.34918,16.110985],[-16.349331,16.110436],[-16.349456,16.109762],[-16.349555,16.109212],[-16.349778,16.108628],[-16.349982,16.108703],[-16.350003,16.108604],[-16.350008,16.108608],[-16.350088,16.108347],[-16.350193,16.108007],[-16.350258,16.107684],[-16.349995,16.107684],[-16.350007,16.107575],[-16.350166,16.107567],[-16.35035,16.106717],[-16.350175,16.106724],[-16.350286,16.106497],[-16.350466,16.106538],[-16.350564,16.106349],[-16.350391,16.106283],[-16.350412,16.106239],[-16.350514,16.105937],[-16.350725,16.106043],[-16.350835,16.105882],[-16.350775,16.105851],[-16.350883,16.105703],[-16.350801,16.105647],[-16.35096,16.105435],[-16.350873,16.10539],[-16.350993,16.105167],[-16.35081,16.10508],[-16.351057,16.104461],[-16.351126,16.104484],[-16.35121,16.104429],[-16.351233,16.104335],[-16.351401,16.104171],[-16.351441,16.10405],[-16.351528,16.103931],[-16.351628,16.103759],[-16.3517,16.103606],[-16.351457,16.103476],[-16.351473,16.103438],[-16.351615,16.10351],[-16.351722,16.103334],[-16.351538,16.103288],[-16.351563,16.103229],[-16.351777,16.103309],[-16.351884,16.103092],[-16.351936,16.102986],[-16.35199,16.102879],[-16.352056,16.102653],[-16.352044,16.102651],[-16.352086,16.102553],[-16.351928,16.102491],[-16.352752,16.101312],[-16.353721,16.099635],[-16.35492,16.097708],[-16.355509,16.09713],[-16.355885,16.096634],[-16.355916,16.096656],[-16.355969,16.096576],[-16.355942,16.096559],[-16.357785,16.094123],[-16.359193,16.092593],[-16.361245,16.091009],[-16.363097,16.090267],[-16.363474,16.090249],[-16.363647,16.090184],[-16.363787,16.090173],[-16.363987,16.090156],[-16.364372,16.090205],[-16.364583,16.090195],[-16.364573,16.090231],[-16.364848,16.090266],[-16.366043,16.090448],[-16.366129,16.090481],[-16.366953,16.09048],[-16.367273,16.090762],[-16.367473,16.091446],[-16.367527,16.092154],[-16.367482,16.092698],[-16.367192,16.093173],[-16.366657,16.093625],[-16.366243,16.093841],[-16.366123,16.094196],[-16.366125,16.094432],[-16.367081,16.09539],[-16.367109,16.095419],[-16.368242,16.096617],[-16.368763,16.097748],[-16.369187,16.098904],[-16.369485,16.099611],[-16.369785,16.100531],[-16.369764,16.101003],[-16.368716,16.101577],[-16.367814,16.101961],[-16.367084,16.102439],[-16.366671,16.102749],[-16.365378,16.103182],[-16.365771,16.103487],[-16.366019,16.104005],[-16.366662,16.105136],[-16.369254,16.105143],[-16.373813,16.103317],[-16.379629,16.099309],[-16.382162,16.097922],[-16.383455,16.097535],[-16.384237,16.097436],[-16.386731,16.09749],[-16.38881,16.09769],[-16.391891,16.097741],[-16.392111,16.097715],[-16.395501,16.096512],[-16.397373,16.095129],[-16.398368,16.094058],[-16.39866,16.09382],[-16.397897,16.093163],[-16.39584,16.089159],[-16.394479,16.085878],[-16.3941,16.084963],[-16.392416,16.081854],[-16.391004,16.079169],[-16.390922,16.077941],[-16.391305,16.076733],[-16.392442,16.075047],[-16.392777,16.074052],[-16.39362,16.072227],[-16.393768,16.071068],[-16.394069,16.070002],[-16.394036,16.06875],[-16.394028,16.067686],[-16.394265,16.066574],[-16.394699,16.065744],[-16.395159,16.065055],[-16.395546,16.064556],[-16.395638,16.06361],[-16.395584,16.062973],[-16.396046,16.062615],[-16.396533,16.062352],[-16.39675,16.061831],[-16.396989,16.061144],[-16.397448,16.060337],[-16.398177,16.059789],[-16.398957,16.059405],[-16.399833,16.058832],[-16.40039,16.058072],[-16.40068,16.057669],[-16.40097,16.057171],[-16.401188,16.056885],[-16.402754,16.057051],[-16.402585,16.057229],[-16.402352,16.057369],[-16.402011,16.058098],[-16.401096,16.059857],[-16.400517,16.0606],[-16.399205,16.061597],[-16.398408,16.062129],[-16.39778,16.063207],[-16.39735,16.063902],[-16.396619,16.064716],[-16.395672,16.066287],[-16.395254,16.066972],[-16.39472,16.067402],[-16.394566,16.067895],[-16.394633,16.068086],[-16.394897,16.068544],[-16.39483,16.069174],[-16.394673,16.070099],[-16.39456,16.070681],[-16.39452,16.070888],[-16.3945,16.070993],[-16.394475,16.070996],[-16.394607,16.071284],[-16.394504,16.071759],[-16.394251,16.072214],[-16.394064,16.072792],[-16.393897,16.073309],[-16.393858,16.073886],[-16.393782,16.075185],[-16.393874,16.076112],[-16.393753,16.077185],[-16.393674,16.078051],[-16.393831,16.078465],[-16.394173,16.079367],[-16.395356,16.080781],[-16.396063,16.081271],[-16.396918,16.081699],[-16.39756,16.081942],[-16.398678,16.082227],[-16.400117,16.082339],[-16.400997,16.082163],[-16.401228,16.082186],[-16.401976,16.082428],[-16.402641,16.08296],[-16.403585,16.083778],[-16.403604,16.083789],[-16.404784,16.084492],[-16.405138,16.084888],[-16.405407,16.085188],[-16.406326,16.085491],[-16.406987,16.085611],[-16.408578,16.085373],[-16.408861,16.08533],[-16.4102,16.084662],[-16.410772,16.084205],[-16.411515,16.083726],[-16.412407,16.083267],[-16.413363,16.082786],[-16.41419,16.082121],[-16.415481,16.080855],[-16.416371,16.080107],[-16.41703,16.079752],[-16.417498,16.079667],[-16.418075,16.079766],[-16.419036,16.08009],[-16.420019,16.080392],[-16.421065,16.080591],[-16.422089,16.080749],[-16.422615653345915,16.08071802039142],[-16.422139505440313,16.08099332588123],[-16.42083878056002,16.080932132201195],[-16.419079071969247,16.080152326289053],[-16.417557266115047,16.079936289779468],[-16.41662333586728,16.080168603962793],[-16.41371744715443,16.08267534617976],[-16.41034370518334,16.0851851397514],[-16.41023394688751,16.08620348118754],[-16.409817686054026,16.08718821545626],[-16.409073,16.087894],[-16.407241,16.089092],[-16.406856,16.089301],[-16.405021,16.090087],[-16.402721,16.091108],[-16.401366,16.091839],[-16.400331,16.092671],[-16.399537,16.093501],[-16.399344,16.09447],[-16.399145,16.094626],[-16.398533,16.094952],[-16.397885,16.095678],[-16.396944,16.096574],[-16.395936,16.097303],[-16.394992,16.097734],[-16.393236,16.098455],[-16.391466,16.099047],[-16.390799,16.099038],[-16.390198,16.098888],[-16.389195,16.098481],[-16.38854,16.098279],[-16.387591,16.098028],[-16.386537,16.097906],[-16.385856,16.097846],[-16.385096,16.097812],[-16.38482,16.097828],[-16.384242,16.097874],[-16.383307,16.09805],[-16.38225,16.098327],[-16.381578,16.098628],[-16.380436,16.099295],[-16.379372,16.100013],[-16.378553,16.100568],[-16.377795,16.101047],[-16.375748,16.10244],[-16.374589,16.103268],[-16.374059,16.103796],[-16.373431,16.104266],[-16.372577,16.104804],[-16.371783,16.105157],[-16.37112,16.105432],[-16.37029,16.105682],[-16.369661,16.105847],[-16.368655,16.105964],[-16.368042688576896,16.106070488943146],[-16.367689863496455,16.106097127188686],[-16.367617,16.106094],[-16.367185,16.106075],[-16.366501,16.106037],[-16.365783,16.105889],[-16.364993,16.105598],[-16.364413,16.105263],[-16.36378,16.104861],[-16.363554776728378,16.104651912126943],[-16.36337617886924,16.10443898852386],[-16.363215,16.104179],[-16.363106,16.103706],[-16.363079,16.103537],[-16.363137,16.103105],[-16.363258,16.102765],[-16.363492,16.102493],[-16.363886,16.102457],[-16.364315,16.102496],[-16.36485,16.102628],[-16.36528,16.102735],[-16.365753,16.102775],[-16.366041,16.102722],[-16.366312,16.102602],[-16.366582,16.102406],[-16.366772,16.102108],[-16.367373,16.101639],[-16.367941,16.101432],[-16.368386,16.101285],[-16.368744,16.101198],[-16.369111,16.101078],[-16.369312,16.100932],[-16.369423,16.100627],[-16.36943,16.10039],[-16.369411,16.100111],[-16.36926,16.099765],[-16.368758,16.099387],[-16.368423106206784,16.099199987988005],[-16.368311390769243,16.099004139981115],[-16.36561229973132,16.096818170200326],[-16.365149171992886,16.095743963181807],[-16.3653942545264,16.093965978262435],[-16.365467,16.093851],[-16.36591,16.093295],[-16.366532,16.09244],[-16.366947,16.091803],[-16.367111,16.091384],[-16.36708,16.090911],[-16.366617,16.090644],[-16.366324,16.090606],[-16.365388,16.090558],[-16.364326,16.09047],[-16.363378,16.090611],[-16.362793,16.090844],[-16.361902,16.091174],[-16.36136,16.091528],[-16.360276,16.092251],[-16.359734,16.092754],[-16.358999,16.093447],[-16.358056,16.094411],[-16.357128,16.095429],[-16.356367,16.09646],[-16.356021,16.096962],[-16.354818,16.09863],[-16.354004,16.100133],[-16.353369,16.10115],[-16.352843,16.101936],[-16.352512,16.102451],[-16.352112,16.103142],[-16.351726,16.103941],[-16.351313,16.104794],[-16.350917,16.106106],[-16.350642,16.10681],[-16.350181,16.10877],[-16.349896,16.110081],[-16.349711,16.111621],[-16.349484,16.11308],[-16.349417,16.115645],[-16.349382,16.116618],[-16.349218,16.119197],[-16.348948,16.120589],[-16.348665,16.122116],[-16.348148,16.124144],[-16.347974,16.125279],[-16.347897,16.126252],[-16.347836,16.12748],[-16.347688,16.128413],[-16.347247,16.129225],[-16.346792,16.130092],[-16.346017,16.131069],[-16.345116,16.132101],[-16.344144,16.133038],[-16.343659,16.133473],[-16.342229,16.134778],[-16.34098,16.135879],[-16.339729,16.136873],[-16.338965,16.137485],[-16.337716,16.138573],[-16.336119,16.139946],[-16.334806775860848,16.140997492149214]]]}},{"type":"Feature","properties":{"categorie":"Protection Naturel"},"geometry":{"type":"Polygon","coordinates":[[[-16.508923,15.990741],[-16.50906,15.990616],[-16.50919,15.990537],[-16.509415,15.990341],[-16.509486,15.989689],[-16.509471,15.989164],[-16.509457,15.988671],[-16.509411,15.988282],[-16.509267,15.988021],[-16.508949,15.987551],[-16.508715,15.987253],[-16.508883,15.986991],[-16.509052,15.98699],[-16.509285,15.987029],[-16.509476,15.98711],[-16.509499,15.987314],[-16.509648,15.987517],[-16.50984,15.98772],[-16.510052,15.987903],[-16.510243,15.987963],[-16.510391,15.987982],[-16.510475,15.987879],[-16.510558,15.987715],[-16.510556,15.987409],[-16.510553,15.987102],[-16.51051,15.986898],[-16.51034,15.986797],[-16.510107,15.986778],[-16.509769,15.98676],[-16.509516,15.986823],[-16.509368,15.986845],[-16.509157,15.986867],[-16.508988,15.986868],[-16.508903,15.986807],[-16.50886,15.986644],[-16.508858,15.98644],[-16.508963,15.986337],[-16.508983,15.986194],[-16.508982,15.98605],[-16.508833,15.985888],[-16.508535,15.985952],[-16.508534,15.985831],[-16.508598,15.985673],[-16.508707,15.98563],[-16.508749,15.985535],[-16.508803,15.985493],[-16.508879,15.985471],[-16.508944,15.985461],[-16.509027,15.985452],[-16.509053,15.985449],[-16.509053,15.985512],[-16.508989,15.985586],[-16.508935,15.985681],[-16.508871,15.985829],[-16.508871,15.985881],[-16.508991,15.985891],[-16.50911,15.985908],[-16.509132,15.985911],[-16.509208,15.985837],[-16.509261,15.985763],[-16.509413,15.985751],[-16.50976,15.985623],[-16.509976,15.985527],[-16.510193,15.985483],[-16.510355,15.985419],[-16.51068,15.985322],[-16.510821,15.985258],[-16.510918,15.985184],[-16.510983,15.985089],[-16.51109,15.984878],[-16.511132,15.984762],[-16.511229,15.984625],[-16.511293,15.98452],[-16.511303,15.984404],[-16.511367,15.984257],[-16.511421,15.98413],[-16.511495,15.983878],[-16.511494,15.983804],[-16.511471,15.983657],[-16.511416,15.9835],[-16.511404,15.983343],[-16.511359,15.983185],[-16.511261,15.983071],[-16.511107,15.982862],[-16.511019,15.982715],[-16.510963,15.982474],[-16.510885,15.982265],[-16.5107,15.982098],[-16.510601,15.981941],[-16.510512,15.981658],[-16.510423,15.98147],[-16.510314,15.981292],[-16.510138,15.981083],[-16.509996,15.980926],[-16.509799,15.980718],[-16.509766,15.980623],[-16.509754,15.980466],[-16.509785,15.980256],[-16.509923,15.97994],[-16.51002,15.979781],[-16.510182,15.979665],[-16.510387,15.979453],[-16.510646,15.979336],[-16.510981,15.979134],[-16.511305,15.978901],[-16.511488,15.97871],[-16.511639,15.97851],[-16.511778,15.978288],[-16.511886,15.978109],[-16.511905,15.977825],[-16.511924,15.977458],[-16.511813,15.977122],[-16.511648,15.976871],[-16.511234,15.97657],[-16.510993,15.976393],[-16.510807,15.976216],[-16.510696,15.975817],[-16.510594,15.97523],[-16.510558,15.974789],[-16.510543,15.974316],[-16.510562,15.973949],[-16.510603,15.973612],[-16.510666,15.973318],[-16.510814,15.972781],[-16.51105,15.972328],[-16.511263,15.971791],[-16.511367,15.971202],[-16.511289,15.970664],[-16.511153,15.970227],[-16.511009,15.969755],[-16.511005,15.969251],[-16.510977,15.968369],[-16.510938,15.967986],[-16.510965,15.967849],[-16.510991,15.967714],[-16.510959,15.967314],[-16.511008,15.966625],[-16.511047,15.966511],[-16.511057,15.966347],[-16.511089,15.966123],[-16.511123,15.966057],[-16.511137,15.96598],[-16.511168,15.965704],[-16.511185,15.965553],[-16.51126,15.965388],[-16.511302,15.965249],[-16.511322,15.965128],[-16.511346,15.964995],[-16.511363,15.964855],[-16.511381,15.964826],[-16.511362,15.96468],[-16.511391,15.964558],[-16.511447,15.964497],[-16.511464,15.96449],[-16.511487,15.96448],[-16.511493,15.964508],[-16.511493,15.964555],[-16.511493,15.964557],[-16.51155,15.964551],[-16.511668,15.964545],[-16.51177,15.964528],[-16.511849,15.964483],[-16.511898,15.964479],[-16.511917,15.964477],[-16.511968,15.964488],[-16.512036,15.964526],[-16.512115,15.964558],[-16.512162,15.964562],[-16.512172,15.964563],[-16.512257,15.964557],[-16.51229,15.964529],[-16.512324,15.964513],[-16.512397,15.964441],[-16.512425,15.964375],[-16.51247,15.964309],[-16.512463,15.964205],[-16.512429,15.964118],[-16.512445,15.964052],[-16.512445,15.963987],[-16.512444,15.963905],[-16.512444,15.96385],[-16.512477,15.963806],[-16.512499,15.963746],[-16.512482,15.963664],[-16.512453,15.963609],[-16.512424,15.963533],[-16.512429,15.963451],[-16.512429,15.963352],[-16.512406,15.963303],[-16.512315,15.963243],[-16.512269,15.963189],[-16.512263,15.963096],[-16.51229,15.962981],[-16.512295,15.962915],[-16.512277,15.962795],[-16.512254,15.962724],[-16.512276,15.962618],[-16.512227,15.962531],[-16.512201,15.962531],[-16.51212,15.962532],[-16.511791,15.962437],[-16.511777,15.962441],[-16.51167,15.962471],[-16.511602,15.962493],[-16.511529,15.962516],[-16.511422,15.96256],[-16.511343,15.962594],[-16.5114,15.962675],[-16.511519,15.962707],[-16.511643,15.962728],[-16.511779,15.96276],[-16.511842,15.962765],[-16.511904,15.962792],[-16.511921,15.962808],[-16.511921,15.962858],[-16.511911,15.962923],[-16.511838,15.962973],[-16.511819,15.962969],[-16.511773,15.962959],[-16.511577,15.962928],[-16.511223,15.962828],[-16.511003,15.962084],[-16.510935,15.96167],[-16.510846,15.961111],[-16.510821,15.960656],[-16.510819,15.960428],[-16.510896,15.960315],[-16.510904,15.960303],[-16.511313,15.96059],[-16.51155,15.960775],[-16.511648,15.960831],[-16.511657,15.960836],[-16.511892,15.960752],[-16.511998,15.960565],[-16.511954,15.960379],[-16.511738,15.960173],[-16.511713,15.960173],[-16.511567,15.960174],[-16.51133,15.960093],[-16.511286,15.959928],[-16.511435,15.959699],[-16.511797,15.95952],[-16.51186,15.959489],[-16.511989,15.959425],[-16.512287,15.959175],[-16.512393,15.958967],[-16.512219,15.958595],[-16.51213,15.958244],[-16.512234,15.957808],[-16.51249,15.957661],[-16.513024,15.957533],[-16.513236,15.957242],[-16.513233,15.956869],[-16.513445,15.956598],[-16.513573,15.956473],[-16.513915,15.956346],[-16.514342,15.956302],[-16.514598,15.956134],[-16.51464,15.955948],[-16.514553,15.955886],[-16.514528,15.955886],[-16.514125,15.955889],[-16.5141,15.955889],[-16.51374,15.955892],[-16.51316,15.955627],[-16.513115,15.955337],[-16.513263,15.955129],[-16.513605,15.955002],[-16.513797,15.954897],[-16.513816,15.95469],[-16.513499,15.954637],[-16.513216,15.95459],[-16.513213,15.954594],[-16.512983,15.954903],[-16.512491,15.954927],[-16.511913,15.954952],[-16.511506,15.954996],[-16.510907,15.955021],[-16.510905,15.95502],[-16.510671,15.95494],[-16.510563,15.954837],[-16.510411,15.954507],[-16.510452,15.954258],[-16.510813,15.953882],[-16.511217,15.953527],[-16.511857,15.953191],[-16.512069,15.952962],[-16.512387,15.952483],[-16.512663,15.952191],[-16.513044,15.951983],[-16.513047,15.951982],[-16.513325,15.952],[-16.513456,15.952269],[-16.513651,15.952619],[-16.513729,15.952675],[-16.513737,15.952681],[-16.5138,15.952657],[-16.514015,15.952576],[-16.514205,15.952305],[-16.514567,15.951971],[-16.514672,15.951784],[-16.51467,15.95139],[-16.515138,15.951035],[-16.514751,15.950872],[-16.514644,15.95081],[-16.514619,15.950811],[-16.514323,15.950813],[-16.514066,15.950877],[-16.514041,15.950877],[-16.513638,15.95088],[-16.513296,15.951006],[-16.513019,15.951174],[-16.512994,15.951174],[-16.512827,15.951175],[-16.51274,15.951093],[-16.512589,15.950866],[-16.512566,15.950639],[-16.51267,15.950224],[-16.512111,15.949958],[-16.512709,15.949768],[-16.512834,15.94929],[-16.512917,15.948917],[-16.513001,15.948688],[-16.512977,15.948378],[-16.512975,15.948088],[-16.512908,15.947736],[-16.51282,15.947426],[-16.512688,15.947033],[-16.512644,15.946806],[-16.512578,15.946578],[-16.512469,15.946372],[-16.512015,15.945712],[-16.511884,15.945361],[-16.51171,15.944969],[-16.511622,15.944679],[-16.511621,15.944514],[-16.511618130724454,15.94421655176851],[-16.515418224677354,15.942961308856555],[-16.51635124542588,15.94289110066636],[-16.516366,15.943328],[-16.516376,15.94364],[-16.516405,15.94453],[-16.516529,15.94664],[-16.516554879311848,15.946861911973597],[-16.516561729381266,15.947036876128577],[-16.51637696156697,15.952378238180497],[-16.516109,15.954084],[-16.515971,15.955798],[-16.51598275031993,15.955912565619338],[-16.515690421355025,15.9580191619076],[-16.51487050560755,15.962344717514991],[-16.514662753468606,15.964407908677197],[-16.514150049547457,15.974647906938968],[-16.514089,15.975584],[-16.514093311398398,15.975781111745478],[-16.513939086337494,15.978861377548798],[-16.5139,15.979218],[-16.51389092301771,15.979823321256562],[-16.51383569521522,15.980926360609583],[-16.513747,15.982104],[-16.513633,15.983239],[-16.513721,15.983702],[-16.513562,15.985211],[-16.513494,15.985948],[-16.513607,15.986236],[-16.513646965134587,15.98625756848533],[-16.513174585828537,15.98925552429767],[-16.513065,15.989731],[-16.512863,15.990591],[-16.512802,15.990899],[-16.512627390616526,15.99161551474066],[-16.509491391530595,15.991538932481603],[-16.508806097484953,15.990989970761774],[-16.508923,15.990741]]]}},{"type":"Feature","properties":{"categorie":"Protection Naturel"},"geometry":{"type":"Polygon","coordinates":[[[-16.384121,15.923832],[-16.384305,15.925083],[-16.388883,15.924487],[-16.388942,15.92486],[-16.388773,15.925711],[-16.379094,15.929497],[-16.37748,15.930017],[-16.369122,15.932438],[-16.368218,15.93262],[-16.353511197173617,15.934464922546546],[-16.353166320509104,15.93105725911176],[-16.353122118182725,15.928501496224664],[-16.384121,15.923832]]]}},{"type":"Feature","properties":{"categorie":"Protection Naturel"},"geometry":{"type":"Polygon","coordinates":[[[-16.45335,15.915465],[-16.454999,15.913036],[-16.455958,15.909806],[-16.457053,15.909021],[-16.458319,15.906895],[-16.459429,15.905488],[-16.461867,15.903516],[-16.46305213865895,15.90293800204748],[-16.46452165858109,15.90599197220864],[-16.464451,15.90596],[-16.464052,15.905922],[-16.463402,15.905927],[-16.463067,15.90599],[-16.462774,15.906154],[-16.46237,15.906272],[-16.462257,15.906576],[-16.461666,15.90704],[-16.461075,15.907423],[-16.460629,15.907715],[-16.460564,15.907825],[-16.460462,15.907895],[-16.460321,15.908079],[-16.460243,15.908156],[-16.45996,15.908295],[-16.459835,15.908448],[-16.459743,15.908799],[-16.459809,15.90918],[-16.459843,15.90947],[-16.459848,15.910141],[-16.459659,15.910264],[-16.459487,15.910357],[-16.459441,15.91057],[-16.459521,15.910783],[-16.459681,15.911118],[-16.459668,15.911484],[-16.45964,15.911865],[-16.459594,15.912109],[-16.459391,15.912401],[-16.459297,15.912401],[-16.45917,15.912341],[-16.459185,15.912143],[-16.459168,15.912021],[-16.458994,15.912007],[-16.458854,15.91213],[-16.458776,15.912359],[-16.458904,15.912587],[-16.459048,15.91283],[-16.459049,15.912952],[-16.458973,15.91341],[-16.45885,15.913761],[-16.458662,15.913991],[-16.45838,15.914176],[-16.458208,15.91436],[-16.458053,15.914697],[-16.457945,15.915033],[-16.457853,15.915445],[-16.457807,15.915629],[-16.457825,15.915918],[-16.457906,15.916253],[-16.458097,15.916435],[-16.45838,15.916357],[-16.458787,15.916003],[-16.459115,15.915544],[-16.459284,15.915009],[-16.459312,15.914551],[-16.459402,15.91391],[-16.459541,15.913436],[-16.459741,15.912886],[-16.460037,15.912335],[-16.460113,15.911938],[-16.46011,15.911496],[-16.460186,15.911099],[-16.460294,15.910824],[-16.460418,15.910594],[-16.460417,15.910366],[-16.460384,15.910152],[-16.460286,15.909741],[-16.460237,15.909513],[-16.460251,15.909284],[-16.460328,15.909055],[-16.460405,15.908795],[-16.460429,15.908701],[-16.460712,15.908838],[-16.46062,15.909165],[-16.46048,15.909362],[-16.460498,15.909683],[-16.460738,15.910121],[-16.460716,15.910455],[-16.46028,15.912518],[-16.459708,15.913432],[-16.459589,15.914197],[-16.459698,15.915186],[-16.459339,15.916028],[-16.458086,15.918672],[-16.457619,15.920071],[-16.457549,15.920661],[-16.457843,15.921078],[-16.458085,15.921552],[-16.458004,15.922655],[-16.457775,15.923555],[-16.457221,15.924661],[-16.456511,15.925505],[-16.456159,15.926067],[-16.45592,15.926871],[-16.456057,15.927586],[-16.456234,15.927949],[-16.456222,15.928332],[-16.455969,15.928629],[-16.455742,15.929178],[-16.453759,15.925392],[-16.452247,15.922148],[-16.452194,15.921327],[-16.45335,15.915465]]]}},{"type":"Feature","properties":{"categorie":"Protection Naturel"},"geometry":{"type":"Polygon","coordinates":[[[-16.335245,16.041932],[-16.335124,16.041907],[-16.335044,16.04183],[-16.334937,16.04174],[-16.334762,16.041548],[-16.334761,16.041367],[-16.334907,16.041237],[-16.335052,16.041056],[-16.335064,16.040836],[-16.335048,16.040475],[-16.335006,16.040204],[-16.334832,16.040012],[-16.334831,16.039922],[-16.334803,16.039651],[-16.334748,16.039458],[-16.334533,16.039227],[-16.334398,16.039034],[-16.334397,16.038828],[-16.334503,16.038711],[-16.334555,16.038556],[-16.334527,16.038298],[-16.334432,16.038066],[-16.334443,16.037782],[-16.334508,16.037485],[-16.334586,16.037175],[-16.334704,16.036865],[-16.334796,16.036658],[-16.334902,16.036489],[-16.335246,16.036048],[-16.335362,16.035544],[-16.335507,16.035311],[-16.335798,16.034922],[-16.335956,16.034625],[-16.336154,16.034262],[-16.336272,16.034004],[-16.336324,16.033797],[-16.33639,16.03368],[-16.336644,16.033653],[-16.336856,16.033522],[-16.337109,16.033366],[-16.337427,16.03308],[-16.337587,16.033015],[-16.337785,16.032717],[-16.338143,16.032444],[-16.338382,16.032249],[-16.338926,16.031871],[-16.339353,16.031752],[-16.339538,16.031545],[-16.339671,16.031479],[-16.339924,16.031349],[-16.34007,16.031296],[-16.340311,16.031411],[-16.340551,16.031422],[-16.340683,16.031254],[-16.340749,16.03115],[-16.340897,16.031214],[-16.34107,16.031225],[-16.34119,16.031251],[-16.341338,16.031417],[-16.3413,16.031676],[-16.341194,16.031883],[-16.341022,16.032026],[-16.340944,16.032284],[-16.340985,16.03249],[-16.34088,16.032672],[-16.340693,16.032673],[-16.340545,16.032506],[-16.340463,16.032249],[-16.340395,16.032043],[-16.340368,16.031978],[-16.340181,16.031928],[-16.339927,16.031929],[-16.339755,16.032008],[-16.339556,16.032203],[-16.339305,16.032578],[-16.338906,16.032852],[-16.338442,16.033242],[-16.337859,16.033877],[-16.337501,16.034189],[-16.336772,16.034904],[-16.336534,16.035202],[-16.336323,16.035526],[-16.336137,16.035746],[-16.335965,16.035941],[-16.335793,16.036058],[-16.335687,16.036252],[-16.335595,16.036395],[-16.33541,16.036718],[-16.335293,16.037222],[-16.335217,16.037803],[-16.335208,16.038448],[-16.335146,16.039184],[-16.335204,16.039764],[-16.335247,16.040241],[-16.335361,16.040671],[-16.335383,16.041104],[-16.335326,16.041177],[-16.335308,16.041317],[-16.335378,16.041712],[-16.33539,16.041711],[-16.335434,16.041865],[-16.335245,16.041932]]]}}]}