{"type":"FeatureCollection","name":"habitat-lotissements-autorises.geojson","features":[{"type":"Feature","properties":{"nom":null},"geometry":{"type":"Polygon","coordinates":[[[-16.49234,15.962241],[-16.492508,15.96237],[-16.492527,15.962385],[-16.492289,15.962535],[-16.492283,15.962197],[-16.49234,15.962241]]]}},{"type":"Feature","properties":{"nom":null},"geometry":{"type":"Polygon","coordinates":[[[-16.492185,15.949952],[-16.492237,15.949966],[-16.49232,15.949988],[-16.492297,15.95007],[-16.492281,15.950127],[-16.492127,15.950086],[-16.492185,15.949952]]]}},{"type":"Feature","properties":{"nom":null},"geometry":{"type":"Polygon","coordinates":[[[-16.492433,15.950049],[-16.492438,15.950029],[-16.492441,15.95002],[-16.492562,15.950051],[-16.492523,15.950191],[-16.492402,15.950159],[-16.492433,15.950049]]]}},{"type":"Feature","properties":{"nom":null},"geometry":{"type":"Polygon","coordinates":[[[-16.492348,15.94989],[-16.49236,15.949848],[-16.49248,15.94988],[-16.492441,15.95002],[-16.492437,15.950018],[-16.49232,15.949988],[-16.492348,15.94989]]]}},{"type":"Feature","properties":{"nom":null},"geometry":{"type":"Polygon","coordinates":[[[-16.492243,15.949817],[-16.49236,15.949848],[-16.492348,15.94989],[-16.49232,15.949988],[-16.492237,15.949966],[-16.492185,15.949952],[-16.492243,15.949817]]]}},{"type":"Feature","properties":{"nom":null},"geometry":{"type":"Polygon","coordinates":[[[-16.49232,15.949988],[-16.492437,15.950018],[-16.492441,15.95002],[-16.492438,15.950029],[-16.492433,15.950049],[-16.492402,15.950159],[-16.492281,15.950127],[-16.492297,15.95007],[-16.49232,15.949988]]]}},{"type":"Feature","properties":{"nom":null},"geometry":{"type":"Polygon","coordinates":[[[-16.491935,15.950265],[-16.491976,15.950311],[-16.491929,15.950351],[-16.491864,15.950406],[-16.491787,15.950321],[-16.491856,15.950262],[-16.491899,15.950226],[-16.491926,15.950256],[-16.491935,15.950265]]]}},{"type":"Feature","properties":{"nom":null},"geometry":{"type":"Polygon","coordinates":[[[-16.49172,15.950379],[-16.491787,15.950321],[-16.491864,15.950406],[-16.491861,15.950409],[-16.491752,15.950502],[-16.491675,15.950417],[-16.49172,15.950379]]]}},{"type":"Feature","properties":{"nom":null},"geometry":{"type":"Polygon","coordinates":[[[-16.491976,15.950311],[-16.492054,15.950395],[-16.491941,15.950491],[-16.491869,15.950411],[-16.491864,15.950406],[-16.491929,15.950351],[-16.491976,15.950311]]]}},{"type":"Feature","properties":{"nom":null},"geometry":{"type":"Polygon","coordinates":[[[-16.491864,15.950406],[-16.491869,15.950411],[-16.491941,15.950491],[-16.491829,15.950587],[-16.491752,15.950502],[-16.491861,15.950409],[-16.491864,15.950406]]]}},{"type":"Feature","properties":{"nom":null},"geometry":{"type":"Polygon","coordinates":[[[-16.481575,15.965962],[-16.48159,15.965892],[-16.481726,15.965919],[-16.481688,15.966096],[-16.481648,15.966087],[-16.481552,15.966068],[-16.481575,15.965962]]]}},{"type":"Feature","properties":{"nom":null},"geometry":{"type":"Polygon","coordinates":[[[-16.481552,15.966068],[-16.481512,15.96606],[-16.481416,15.966041],[-16.481453,15.965864],[-16.48159,15.965892],[-16.481575,15.965962],[-16.481552,15.966068]]]}},{"type":"Feature","properties":{"nom":null},"geometry":{"type":"Polygon","coordinates":[[[-16.481651,15.966271],[-16.481651,15.966271],[-16.481611,15.966263],[-16.481611,15.966263],[-16.481596,15.966334],[-16.481459,15.966306],[-16.481474,15.966236],[-16.481512,15.96606],[-16.481552,15.966068],[-16.481648,15.966087],[-16.481688,15.966096],[-16.481651,15.966271]]]}},{"type":"Feature","properties":{"nom":null},"geometry":{"type":"Polygon","coordinates":[[[-16.48032,15.96563],[-16.480939,15.965682],[-16.480964,15.965715],[-16.480951,15.965778],[-16.480983,15.965785],[-16.480878,15.966117],[-16.480243,15.96599],[-16.48032,15.96563]]]}},{"type":"Feature","properties":{"nom":null},"geometry":{"type":"Polygon","coordinates":[[[-16.478942,15.966149],[-16.47883,15.965643],[-16.479026,15.965523],[-16.479261,15.965543],[-16.479289,15.965579],[-16.479149,15.966229],[-16.479126,15.966225],[-16.478951,15.96619],[-16.478942,15.966149]]]}},{"type":"Feature","properties":{"nom":null},"geometry":{"type":"Polygon","coordinates":[[[-16.478993,15.96629],[-16.479109,15.966313],[-16.479176,15.966326],[-16.479138,15.966502],[-16.479038,15.966482],[-16.478986,15.96632],[-16.478988,15.966312],[-16.478993,15.96629]]]}},{"type":"Feature","properties":{"nom":null},"geometry":{"type":"Polygon","coordinates":[[[-16.479038,15.966482],[-16.479138,15.966502],[-16.479274,15.96653],[-16.479246,15.966661],[-16.479135,15.966639],[-16.479084,15.966629],[-16.479083,15.966624],[-16.479038,15.966482]]]}},{"type":"Feature","properties":{"nom":null},"geometry":{"type":"Polygon","coordinates":[[[-16.493582,15.961717],[-16.493356,15.96186],[-16.492974,15.961453],[-16.492668,15.961128],[-16.493025,15.960698],[-16.493027,15.9607],[-16.493502,15.961276],[-16.49351,15.961285],[-16.493754,15.961581],[-16.493768,15.961598],[-16.493582,15.961717]]]}},{"type":"Feature","properties":{"nom":null},"geometry":{"type":"Polygon","coordinates":[[[-16.493493,15.949076],[-16.493558,15.949071],[-16.49357,15.949173],[-16.493445,15.949188],[-16.493493,15.949076]]]}},{"type":"Feature","properties":{"nom":null},"geometry":{"type":"Polygon","coordinates":[[[-16.493139,15.949173],[-16.493195,15.949162],[-16.493435,15.949095],[-16.493436,15.949165],[-16.49339,15.94924],[-16.493139,15.949173]]]}},{"type":"Feature","properties":{"nom":null},"geometry":{"type":"Polygon","coordinates":[[[-16.492767,15.949319],[-16.492641,15.949285],[-16.492621,15.94928],[-16.492931,15.949216],[-16.492893,15.949352],[-16.492767,15.949319]]]}},{"type":"Feature","properties":{"nom":null},"geometry":{"type":"Polygon","coordinates":[[[-16.492893,15.949352],[-16.492931,15.949216],[-16.49294,15.949214],[-16.493059,15.949246],[-16.493019,15.949385],[-16.492893,15.949352]]]}},{"type":"Feature","properties":{"nom":null},"geometry":{"type":"Polygon","coordinates":[[[-16.493019,15.949385],[-16.493059,15.949246],[-16.493185,15.949279],[-16.493145,15.949419],[-16.493019,15.949385]]]}},{"type":"Feature","properties":{"nom":null},"geometry":{"type":"Polygon","coordinates":[[[-16.492433,15.94938],[-16.492462,15.949313],[-16.492621,15.94928],[-16.492641,15.949285],[-16.492601,15.949425],[-16.492433,15.94938]]]}},{"type":"Feature","properties":{"nom":null},"geometry":{"type":"Polygon","coordinates":[[[-16.493145,15.949419],[-16.493185,15.949279],[-16.49334,15.94932],[-16.49326,15.949449],[-16.493145,15.949419]]]}},{"type":"Feature","properties":{"nom":null},"geometry":{"type":"Polygon","coordinates":[[[-16.492601,15.949425],[-16.492641,15.949285],[-16.492767,15.949319],[-16.492727,15.949458],[-16.492601,15.949425]]]}},{"type":"Feature","properties":{"nom":null},"geometry":{"type":"Polygon","coordinates":[[[-16.492727,15.949458],[-16.492767,15.949319],[-16.492893,15.949352],[-16.492854,15.949491],[-16.492727,15.949458]]]}},{"type":"Feature","properties":{"nom":null},"geometry":{"type":"Polygon","coordinates":[[[-16.492166,15.949374],[-16.492288,15.949349],[-16.492299,15.949456],[-16.492285,15.949488],[-16.492195,15.949506],[-16.492166,15.949374]]]}},{"type":"Feature","properties":{"nom":null},"geometry":{"type":"Polygon","coordinates":[[[-16.492051,15.949397],[-16.492166,15.949374],[-16.492195,15.949506],[-16.49208,15.94953],[-16.492051,15.949397]]]}},{"type":"Feature","properties":{"nom":null},"geometry":{"type":"Polygon","coordinates":[[[-16.492854,15.949491],[-16.492893,15.949352],[-16.493019,15.949385],[-16.49298,15.949525],[-16.492854,15.949491]]]}},{"type":"Feature","properties":{"nom":null},"geometry":{"type":"Polygon","coordinates":[[[-16.491957,15.949417],[-16.492051,15.949397],[-16.49208,15.94953],[-16.491953,15.949556],[-16.491957,15.949417]]]}},{"type":"Feature","properties":{"nom":null},"geometry":{"type":"Polygon","coordinates":[[[-16.49298,15.949525],[-16.493019,15.949385],[-16.493145,15.949419],[-16.493106,15.949558],[-16.49298,15.949525]]]}},{"type":"Feature","properties":{"nom":null},"geometry":{"type":"Polygon","coordinates":[[[-16.493106,15.949558],[-16.493145,15.949419],[-16.49326,15.949449],[-16.493243,15.949594],[-16.493106,15.949558]]]}},{"type":"Feature","properties":{"nom":null},"geometry":{"type":"Polygon","coordinates":[[[-16.492338,15.949599],[-16.492396,15.949464],[-16.492508,15.949494],[-16.492469,15.949633],[-16.492338,15.949599]]]}},{"type":"Feature","properties":{"nom":null},"geometry":{"type":"Polygon","coordinates":[[[-16.49208,15.94953],[-16.492195,15.949506],[-16.492285,15.949488],[-16.492219,15.94964],[-16.49211,15.949663],[-16.49208,15.94953]]]}},{"type":"Feature","properties":{"nom":null},"geometry":{"type":"Polygon","coordinates":[[[-16.492469,15.949633],[-16.492508,15.949494],[-16.492631,15.949526],[-16.492592,15.949666],[-16.492469,15.949633]]]}},{"type":"Feature","properties":{"nom":null},"geometry":{"type":"Polygon","coordinates":[[[-16.491953,15.949556],[-16.49208,15.94953],[-16.49211,15.949663],[-16.492053,15.949674],[-16.491943,15.949697],[-16.491953,15.949556]]]}},{"type":"Feature","properties":{"nom":null},"geometry":{"type":"Polygon","coordinates":[[[-16.492592,15.949666],[-16.492631,15.949526],[-16.492754,15.949559],[-16.492715,15.949698],[-16.492592,15.949666]]]}},{"type":"Feature","properties":{"nom":null},"geometry":{"type":"Polygon","coordinates":[[[-16.492715,15.949698],[-16.492754,15.949559],[-16.492877,15.949591],[-16.492838,15.949731],[-16.492715,15.949698]]]}},{"type":"Feature","properties":{"nom":null},"geometry":{"type":"Polygon","coordinates":[[[-16.492838,15.949731],[-16.492877,15.949591],[-16.493,15.949624],[-16.49296,15.949763],[-16.492838,15.949731]]]}},{"type":"Feature","properties":{"nom":null},"geometry":{"type":"Polygon","coordinates":[[[-16.49228,15.949733],[-16.492338,15.949599],[-16.492469,15.949633],[-16.49243,15.949773],[-16.49228,15.949733]]]}},{"type":"Feature","properties":{"nom":null},"geometry":{"type":"Polygon","coordinates":[[[-16.492053,15.949674],[-16.49211,15.949663],[-16.492219,15.94964],[-16.492166,15.949762],[-16.492076,15.94978],[-16.492053,15.949674]]]}},{"type":"Feature","properties":{"nom":null},"geometry":{"type":"Polygon","coordinates":[[[-16.49296,15.949763],[-16.493,15.949624],[-16.493122,15.949656],[-16.493122,15.949656],[-16.493083,15.949795],[-16.49296,15.949763]]]}},{"type":"Feature","properties":{"nom":null},"geometry":{"type":"Polygon","coordinates":[[[-16.49243,15.949773],[-16.492469,15.949633],[-16.492592,15.949666],[-16.492553,15.949805],[-16.49243,15.949773]]]}},{"type":"Feature","properties":{"nom":null},"geometry":{"type":"Polygon","coordinates":[[[-16.491943,15.949697],[-16.492053,15.949674],[-16.492076,15.94978],[-16.491931,15.94981],[-16.491943,15.949697]]]}},{"type":"Feature","properties":{"nom":null},"geometry":{"type":"Polygon","coordinates":[[[-16.493083,15.949795],[-16.493122,15.949656],[-16.493122,15.949656],[-16.493234,15.949685],[-16.493218,15.949831],[-16.493083,15.949795]]]}},{"type":"Feature","properties":{"nom":null},"geometry":{"type":"Polygon","coordinates":[[[-16.492553,15.949805],[-16.492592,15.949666],[-16.492715,15.949698],[-16.492675,15.949838],[-16.492553,15.949805]]]}},{"type":"Feature","properties":{"nom":null},"geometry":{"type":"Polygon","coordinates":[[[-16.492675,15.949838],[-16.492715,15.949698],[-16.492838,15.949731],[-16.492798,15.94987],[-16.492675,15.949838]]]}},{"type":"Feature","properties":{"nom":null},"geometry":{"type":"Polygon","coordinates":[[[-16.491928,15.949846],[-16.491931,15.94981],[-16.492076,15.94978],[-16.492166,15.949762],[-16.492109,15.949894],[-16.491928,15.949846]]]}},{"type":"Feature","properties":{"nom":null},"geometry":{"type":"Polygon","coordinates":[[[-16.492798,15.94987],[-16.492838,15.949731],[-16.49296,15.949763],[-16.492921,15.949903],[-16.492798,15.94987]]]}},{"type":"Feature","properties":{"nom":null},"geometry":{"type":"Polygon","coordinates":[[[-16.492921,15.949903],[-16.49296,15.949763],[-16.493083,15.949795],[-16.493043,15.949935],[-16.492921,15.949903]]]}},{"type":"Feature","properties":{"nom":null},"geometry":{"type":"Polygon","coordinates":[[[-16.493043,15.949935],[-16.493083,15.949795],[-16.493218,15.949831],[-16.493203,15.949977],[-16.493043,15.949935]]]}},{"type":"Feature","properties":{"nom":null},"geometry":{"type":"Polygon","coordinates":[[[-16.492441,15.95002],[-16.49248,15.94988],[-16.492601,15.949912],[-16.492562,15.950051],[-16.492441,15.95002]]]}},{"type":"Feature","properties":{"nom":null},"geometry":{"type":"Polygon","coordinates":[[[-16.492562,15.950051],[-16.492601,15.949912],[-16.492722,15.949944],[-16.492683,15.950083],[-16.492562,15.950051]]]}},{"type":"Feature","properties":{"nom":null},"geometry":{"type":"Polygon","coordinates":[[[-16.492683,15.950083],[-16.492722,15.949944],[-16.492843,15.949976],[-16.492804,15.950115],[-16.492683,15.950083]]]}},{"type":"Feature","properties":{"nom":null},"geometry":{"type":"Polygon","coordinates":[[[-16.491989,15.950126],[-16.491993,15.95011],[-16.491996,15.950085],[-16.491996,15.950062],[-16.491992,15.95004],[-16.491988,15.950017],[-16.491975,15.949997],[-16.491963,15.94998],[-16.491948,15.949962],[-16.491936,15.949951],[-16.491918,15.949938],[-16.49191,15.949934],[-16.491899,15.949928],[-16.491908,15.949916],[-16.492098,15.949966],[-16.492041,15.950097],[-16.49198,15.950149],[-16.491989,15.950126]]]}},{"type":"Feature","properties":{"nom":null},"geometry":{"type":"Polygon","coordinates":[[[-16.492804,15.950115],[-16.492843,15.949976],[-16.492964,15.950008],[-16.492924,15.950147],[-16.492804,15.950115]]]}},{"type":"Feature","properties":{"nom":null},"geometry":{"type":"Polygon","coordinates":[[[-16.492924,15.950147],[-16.492964,15.950008],[-16.493084,15.950039],[-16.493084,15.95004],[-16.493045,15.950179],[-16.492924,15.950147]]]}},{"type":"Feature","properties":{"nom":null},"geometry":{"type":"Polygon","coordinates":[[[-16.493045,15.950179],[-16.493084,15.95004],[-16.493084,15.950039],[-16.493194,15.950068],[-16.493178,15.950214],[-16.493045,15.950179]]]}},{"type":"Feature","properties":{"nom":null},"geometry":{"type":"Polygon","coordinates":[[[-16.492523,15.950191],[-16.492562,15.950051],[-16.492683,15.950083],[-16.492643,15.950223],[-16.492523,15.950191]]]}},{"type":"Feature","properties":{"nom":null},"geometry":{"type":"Polygon","coordinates":[[[-16.492643,15.950223],[-16.492683,15.950083],[-16.492804,15.950115],[-16.492764,15.950255],[-16.492643,15.950223]]]}},{"type":"Feature","properties":{"nom":null},"geometry":{"type":"Polygon","coordinates":[[[-16.492764,15.950255],[-16.492804,15.950115],[-16.492924,15.950147],[-16.492885,15.950287],[-16.492764,15.950255]]]}},{"type":"Feature","properties":{"nom":null},"geometry":{"type":"Polygon","coordinates":[[[-16.492885,15.950287],[-16.492924,15.950147],[-16.493045,15.950179],[-16.493005,15.950318],[-16.492885,15.950287]]]}},{"type":"Feature","properties":{"nom":null},"geometry":{"type":"Polygon","coordinates":[[[-16.493005,15.950318],[-16.493045,15.950179],[-16.493178,15.950214],[-16.493163,15.95036],[-16.493005,15.950318]]]}},{"type":"Feature","properties":{"nom":null},"geometry":{"type":"Polygon","coordinates":[[[-16.492015,15.950216],[-16.492031,15.950202],[-16.492298,15.950273],[-16.492256,15.950308],[-16.492168,15.950384],[-16.492015,15.950216]]]}},{"type":"Feature","properties":{"nom":null},"geometry":{"type":"Polygon","coordinates":[[[-16.492256,15.950308],[-16.492298,15.950273],[-16.492518,15.950331],[-16.492406,15.950427],[-16.492383,15.950446],[-16.492256,15.950308]]]}},{"type":"Feature","properties":{"nom":null},"geometry":{"type":"Polygon","coordinates":[[[-16.492406,15.950427],[-16.492518,15.950331],[-16.492595,15.950416],[-16.492483,15.950511],[-16.492406,15.950427]]]}},{"type":"Feature","properties":{"nom":null},"geometry":{"type":"Polygon","coordinates":[[[-16.492168,15.950384],[-16.492256,15.950308],[-16.492383,15.950446],[-16.492294,15.950522],[-16.492168,15.950384]]]}},{"type":"Feature","properties":{"nom":null},"geometry":{"type":"Polygon","coordinates":[[[-16.492681,15.950373],[-16.492923,15.950437],[-16.49282,15.950526],[-16.492681,15.950373]]]}},{"type":"Feature","properties":{"nom":null},"geometry":{"type":"Polygon","coordinates":[[[-16.491941,15.950491],[-16.492054,15.950395],[-16.492131,15.95048],[-16.492019,15.950576],[-16.491941,15.950491]]]}},{"type":"Feature","properties":{"nom":null},"geometry":{"type":"Polygon","coordinates":[[[-16.492483,15.950511],[-16.492595,15.950416],[-16.492672,15.950501],[-16.49256,15.950596],[-16.492483,15.950511]]]}},{"type":"Feature","properties":{"nom":null},"geometry":{"type":"Polygon","coordinates":[[[-16.492294,15.950522],[-16.492383,15.950446],[-16.492406,15.950427],[-16.492483,15.950511],[-16.492371,15.950607],[-16.492294,15.950522]]]}},{"type":"Feature","properties":{"nom":null},"geometry":{"type":"Polygon","coordinates":[[[-16.492976,15.950513],[-16.493031,15.950466],[-16.493214,15.950514],[-16.493139,15.950578],[-16.49308,15.950628],[-16.492976,15.950513]]]}},{"type":"Feature","properties":{"nom":null},"geometry":{"type":"Polygon","coordinates":[[[-16.491493,15.950572],[-16.491605,15.950477],[-16.491682,15.950562],[-16.49157,15.950657],[-16.491493,15.950572]]]}},{"type":"Feature","properties":{"nom":null},"geometry":{"type":"Polygon","coordinates":[[[-16.492019,15.950576],[-16.492131,15.95048],[-16.492208,15.950565],[-16.492096,15.950661],[-16.492019,15.950576]]]}},{"type":"Feature","properties":{"nom":null},"geometry":{"type":"Polygon","coordinates":[[[-16.491829,15.950587],[-16.491941,15.950491],[-16.492019,15.950576],[-16.491906,15.950671],[-16.491829,15.950587]]]}},{"type":"Feature","properties":{"nom":null},"geometry":{"type":"Polygon","coordinates":[[[-16.49256,15.950596],[-16.492672,15.950501],[-16.492749,15.950585],[-16.492637,15.950681],[-16.49256,15.950596]]]}},{"type":"Feature","properties":{"nom":null},"geometry":{"type":"Polygon","coordinates":[[[-16.492371,15.950607],[-16.492483,15.950511],[-16.49256,15.950596],[-16.492448,15.950692],[-16.492371,15.950607]]]}},{"type":"Feature","properties":{"nom":null},"geometry":{"type":"Polygon","coordinates":[[[-16.493139,15.950578],[-16.493214,15.950514],[-16.493411,15.950566],[-16.493329,15.950636],[-16.493252,15.950702],[-16.493139,15.950578]]]}},{"type":"Feature","properties":{"nom":null},"geometry":{"type":"Polygon","coordinates":[[[-16.492881,15.950593],[-16.492976,15.950513],[-16.49308,15.950628],[-16.492986,15.950708],[-16.492881,15.950593]]]}},{"type":"Feature","properties":{"nom":null},"geometry":{"type":"Polygon","coordinates":[[[-16.49157,15.950657],[-16.491682,15.950562],[-16.491759,15.950646],[-16.491647,15.950742],[-16.49157,15.950657]]]}},{"type":"Feature","properties":{"nom":null},"geometry":{"type":"Polygon","coordinates":[[[-16.493329,15.950636],[-16.493411,15.950566],[-16.493571,15.950608],[-16.49342,15.950736],[-16.493329,15.950636]]]}},{"type":"Feature","properties":{"nom":null},"geometry":{"type":"Polygon","coordinates":[[[-16.492096,15.950661],[-16.492208,15.950565],[-16.492285,15.95065],[-16.492173,15.950745],[-16.492096,15.950661]]]}},{"type":"Feature","properties":{"nom":null},"geometry":{"type":"Polygon","coordinates":[[[-16.491381,15.950668],[-16.491493,15.950572],[-16.49157,15.950657],[-16.491458,15.950753],[-16.491381,15.950668]]]}},{"type":"Feature","properties":{"nom":null},"geometry":{"type":"Polygon","coordinates":[[[-16.491906,15.950671],[-16.492019,15.950576],[-16.492096,15.950661],[-16.491984,15.950756],[-16.491906,15.950671]]]}},{"type":"Feature","properties":{"nom":null},"geometry":{"type":"Polygon","coordinates":[[[-16.492448,15.950692],[-16.49256,15.950596],[-16.492637,15.950681],[-16.492525,15.950777],[-16.492448,15.950692]]]}},{"type":"Feature","properties":{"nom":null},"geometry":{"type":"Polygon","coordinates":[[[-16.491647,15.950742],[-16.491759,15.950646],[-16.491836,15.950731],[-16.491724,15.950827],[-16.491647,15.950742]]]}},{"type":"Feature","properties":{"nom":null},"geometry":{"type":"Polygon","coordinates":[[[-16.492173,15.950745],[-16.492285,15.95065],[-16.492362,15.950735],[-16.49225,15.95083],[-16.492173,15.950745]]]}},{"type":"Feature","properties":{"nom":null},"geometry":{"type":"Polygon","coordinates":[[[-16.491458,15.950753],[-16.49157,15.950657],[-16.491647,15.950742],[-16.491535,15.950838],[-16.491458,15.950753]]]}},{"type":"Feature","properties":{"nom":null},"geometry":{"type":"Polygon","coordinates":[[[-16.492699,15.950749],[-16.492811,15.950653],[-16.492888,15.950738],[-16.492776,15.950834],[-16.492699,15.950749]]]}},{"type":"Feature","properties":{"nom":null},"geometry":{"type":"Polygon","coordinates":[[[-16.492986,15.950708],[-16.49308,15.950628],[-16.493139,15.950578],[-16.493252,15.950702],[-16.493214,15.950734],[-16.493099,15.950832],[-16.492986,15.950708]]]}},{"type":"Feature","properties":{"nom":null},"geometry":{"type":"Polygon","coordinates":[[[-16.491984,15.950756],[-16.492096,15.950661],[-16.492173,15.950745],[-16.492061,15.950841],[-16.491984,15.950756]]]}},{"type":"Feature","properties":{"nom":null},"geometry":{"type":"Polygon","coordinates":[[[-16.493214,15.950734],[-16.493252,15.950702],[-16.493329,15.950636],[-16.49342,15.950736],[-16.493305,15.950834],[-16.493214,15.950734]]]}},{"type":"Feature","properties":{"nom":null},"geometry":{"type":"Polygon","coordinates":[[[-16.493664,15.95077],[-16.493786,15.950665],[-16.49387,15.950687],[-16.493883,15.950753],[-16.493751,15.950865],[-16.493664,15.95077]]]}},{"type":"Feature","properties":{"nom":null},"geometry":{"type":"Polygon","coordinates":[[[-16.491724,15.950827],[-16.491836,15.950731],[-16.491914,15.950816],[-16.491801,15.950911],[-16.491724,15.950827]]]}},{"type":"Feature","properties":{"nom":null},"geometry":{"type":"Polygon","coordinates":[[[-16.49225,15.95083],[-16.492362,15.950735],[-16.49244,15.950819],[-16.492327,15.950915],[-16.49225,15.95083]]]}},{"type":"Feature","properties":{"nom":null},"geometry":{"type":"Polygon","coordinates":[[[-16.491535,15.950838],[-16.491647,15.950742],[-16.491724,15.950827],[-16.491612,15.950922],[-16.491535,15.950838]]]}},{"type":"Feature","properties":{"nom":null},"geometry":{"type":"Polygon","coordinates":[[[-16.492776,15.950834],[-16.492888,15.950738],[-16.492966,15.950823],[-16.492853,15.950918],[-16.492776,15.950834]]]}},{"type":"Feature","properties":{"nom":null},"geometry":{"type":"Polygon","coordinates":[[[-16.492061,15.950841],[-16.492173,15.950745],[-16.49225,15.95083],[-16.492138,15.950926],[-16.492061,15.950841]]]}},{"type":"Feature","properties":{"nom":null},"geometry":{"type":"Polygon","coordinates":[[[-16.492587,15.950844],[-16.492699,15.950749],[-16.492776,15.950834],[-16.492664,15.950929],[-16.492587,15.950844]]]}},{"type":"Feature","properties":{"nom":null},"geometry":{"type":"Polygon","coordinates":[[[-16.493099,15.950832],[-16.493214,15.950734],[-16.493305,15.950834],[-16.49319,15.950933],[-16.493099,15.950832]]]}},{"type":"Feature","properties":{"nom":null},"geometry":{"type":"Polygon","coordinates":[[[-16.491179,15.95087],[-16.491291,15.950775],[-16.491368,15.950859],[-16.491256,15.950955],[-16.491179,15.95087]]]}},{"type":"Feature","properties":{"nom":null},"geometry":{"type":"Polygon","coordinates":[[[-16.493576,15.950844],[-16.493664,15.95077],[-16.493751,15.950865],[-16.493763,15.950878],[-16.493675,15.950953],[-16.493576,15.950844]]]}},{"type":"Feature","properties":{"nom":null},"geometry":{"type":"Polygon","coordinates":[[[-16.491801,15.950911],[-16.491914,15.950816],[-16.491991,15.950901],[-16.491879,15.950996],[-16.491801,15.950911]]]}},{"type":"Feature","properties":{"nom":null},"geometry":{"type":"Polygon","coordinates":[[[-16.493763,15.950878],[-16.493751,15.950865],[-16.493883,15.950753],[-16.493911,15.950896],[-16.493881,15.95097],[-16.493862,15.950987],[-16.493763,15.950878]]]}},{"type":"Feature","properties":{"nom":null},"geometry":{"type":"Polygon","coordinates":[[[-16.491612,15.950922],[-16.491724,15.950827],[-16.491801,15.950911],[-16.491689,15.951007],[-16.491612,15.950922]]]}},{"type":"Feature","properties":{"nom":null},"geometry":{"type":"Polygon","coordinates":[[[-16.492853,15.950918],[-16.492966,15.950823],[-16.493043,15.950908],[-16.492931,15.951003],[-16.492853,15.950918]]]}},{"type":"Feature","properties":{"nom":null},"geometry":{"type":"Polygon","coordinates":[[[-16.492138,15.950926],[-16.49225,15.95083],[-16.492327,15.950915],[-16.492215,15.951011],[-16.492138,15.950926]]]}},{"type":"Feature","properties":{"nom":null},"geometry":{"type":"Polygon","coordinates":[[[-16.492664,15.950929],[-16.492776,15.950834],[-16.492853,15.950918],[-16.492741,15.951014],[-16.492664,15.950929]]]}},{"type":"Feature","properties":{"nom":null},"geometry":{"type":"Polygon","coordinates":[[[-16.491256,15.950955],[-16.491368,15.950859],[-16.491445,15.950944],[-16.491333,15.95104],[-16.491256,15.950955]]]}},{"type":"Feature","properties":{"nom":null},"geometry":{"type":"Polygon","coordinates":[[[-16.493489,15.950919],[-16.493576,15.950844],[-16.493675,15.950953],[-16.493588,15.951027],[-16.493489,15.950919]]]}},{"type":"Feature","properties":{"nom":null},"geometry":{"type":"Polygon","coordinates":[[[-16.491066,15.950966],[-16.491179,15.95087],[-16.491256,15.950955],[-16.491144,15.95105],[-16.491066,15.950966]]]}},{"type":"Feature","properties":{"nom":null},"geometry":{"type":"Polygon","coordinates":[[[-16.493675,15.950953],[-16.493763,15.950878],[-16.493862,15.950987],[-16.493774,15.951061],[-16.493675,15.950953]]]}},{"type":"Feature","properties":{"nom":null},"geometry":{"type":"Polygon","coordinates":[[[-16.491879,15.950996],[-16.491991,15.950901],[-16.492068,15.950985],[-16.491956,15.951081],[-16.491879,15.950996]]]}},{"type":"Feature","properties":{"nom":null},"geometry":{"type":"Polygon","coordinates":[[[-16.492405,15.951],[-16.492517,15.950904],[-16.492594,15.950989],[-16.492482,15.951084],[-16.492405,15.951]]]}},{"type":"Feature","properties":{"nom":null},"geometry":{"type":"Polygon","coordinates":[[[-16.491689,15.951007],[-16.491801,15.950911],[-16.491879,15.950996],[-16.491766,15.951092],[-16.491689,15.951007]]]}},{"type":"Feature","properties":{"nom":null},"geometry":{"type":"Polygon","coordinates":[[[-16.492931,15.951003],[-16.493043,15.950908],[-16.49312,15.950992],[-16.493008,15.951088],[-16.492931,15.951003]]]}},{"type":"Feature","properties":{"nom":null},"geometry":{"type":"Polygon","coordinates":[[[-16.492741,15.951014],[-16.492853,15.950918],[-16.492931,15.951003],[-16.492818,15.951099],[-16.492741,15.951014]]]}},{"type":"Feature","properties":{"nom":null},"geometry":{"type":"Polygon","coordinates":[[[-16.493401,15.950994],[-16.493489,15.950919],[-16.493588,15.951027],[-16.4935,15.951102],[-16.493401,15.950994]]]}},{"type":"Feature","properties":{"nom":null},"geometry":{"type":"Polygon","coordinates":[[[-16.491333,15.95104],[-16.491445,15.950944],[-16.491522,15.951029],[-16.49141,15.951124],[-16.491333,15.95104]]]}},{"type":"Feature","properties":{"nom":null},"geometry":{"type":"Polygon","coordinates":[[[-16.491144,15.95105],[-16.491256,15.950955],[-16.491333,15.95104],[-16.491221,15.951135],[-16.491144,15.95105]]]}},{"type":"Feature","properties":{"nom":null},"geometry":{"type":"Polygon","coordinates":[[[-16.493588,15.951027],[-16.493675,15.950953],[-16.493774,15.951061],[-16.493686,15.951136],[-16.493588,15.951027]]]}},{"type":"Feature","properties":{"nom":null},"geometry":{"type":"Polygon","coordinates":[[[-16.491956,15.951081],[-16.492068,15.950985],[-16.492145,15.95107],[-16.492033,15.951166],[-16.491956,15.951081]]]}},{"type":"Feature","properties":{"nom":null},"geometry":{"type":"Polygon","coordinates":[[[-16.492482,15.951084],[-16.492594,15.950989],[-16.492671,15.951074],[-16.492559,15.951169],[-16.492482,15.951084]]]}},{"type":"Feature","properties":{"nom":null},"geometry":{"type":"Polygon","coordinates":[[[-16.491766,15.951092],[-16.491879,15.950996],[-16.491956,15.951081],[-16.491844,15.951177],[-16.491766,15.951092]]]}},{"type":"Feature","properties":{"nom":null},"geometry":{"type":"Polygon","coordinates":[[[-16.492292,15.951095],[-16.492405,15.951],[-16.492482,15.951084],[-16.49237,15.95118],[-16.492292,15.951095]]]}},{"type":"Feature","properties":{"nom":null},"geometry":{"type":"Polygon","coordinates":[[[-16.493314,15.951068],[-16.493401,15.950994],[-16.4935,15.951102],[-16.493412,15.951177],[-16.493314,15.951068]]]}},{"type":"Feature","properties":{"nom":null},"geometry":{"type":"Polygon","coordinates":[[[-16.492818,15.951099],[-16.492931,15.951003],[-16.493008,15.951088],[-16.492896,15.951183],[-16.492818,15.951099]]]}},{"type":"Feature","properties":{"nom":null},"geometry":{"type":"Polygon","coordinates":[[[-16.49141,15.951124],[-16.491522,15.951029],[-16.4916,15.951114],[-16.491487,15.951209],[-16.49141,15.951124]]]}},{"type":"Feature","properties":{"nom":null},"geometry":{"type":"Polygon","coordinates":[[[-16.491221,15.951135],[-16.491333,15.95104],[-16.49141,15.951124],[-16.491298,15.95122],[-16.491221,15.951135]]]}},{"type":"Feature","properties":{"nom":null},"geometry":{"type":"Polygon","coordinates":[[[-16.4935,15.951102],[-16.493588,15.951027],[-16.493686,15.951136],[-16.493599,15.951211],[-16.4935,15.951102]]]}},{"type":"Feature","properties":{"nom":null},"geometry":{"type":"Polygon","coordinates":[[[-16.492559,15.951169],[-16.492671,15.951074],[-16.492748,15.951158],[-16.492636,15.951254],[-16.492559,15.951169]]]}},{"type":"Feature","properties":{"nom":null},"geometry":{"type":"Polygon","coordinates":[[[-16.491844,15.951177],[-16.491956,15.951081],[-16.492033,15.951166],[-16.491921,15.951261],[-16.491844,15.951177]]]}},{"type":"Feature","properties":{"nom":null},"geometry":{"type":"Polygon","coordinates":[[[-16.49237,15.95118],[-16.492482,15.951084],[-16.492559,15.951169],[-16.492447,15.951265],[-16.49237,15.95118]]]}},{"type":"Feature","properties":{"nom":null},"geometry":{"type":"Polygon","coordinates":[[[-16.491487,15.951209],[-16.4916,15.951114],[-16.491677,15.951198],[-16.491565,15.951294],[-16.491487,15.951209]]]}},{"type":"Feature","properties":{"nom":null},"geometry":{"type":"Polygon","coordinates":[[[-16.493412,15.951177],[-16.4935,15.951102],[-16.493599,15.951211],[-16.493511,15.951285],[-16.493412,15.951177]]]}},{"type":"Feature","properties":{"nom":null},"geometry":{"type":"Polygon","coordinates":[[[-16.491298,15.95122],[-16.49141,15.951124],[-16.491487,15.951209],[-16.491375,15.951305],[-16.491298,15.95122]]]}},{"type":"Feature","properties":{"nom":null},"geometry":{"type":"Polygon","coordinates":[[[-16.49095,15.951191],[-16.490977,15.95105],[-16.490988,15.951016],[-16.491179,15.951226],[-16.491068,15.95132],[-16.49095,15.951191]]]}},{"type":"Feature","properties":{"nom":null},"geometry":{"type":"Polygon","coordinates":[[[-16.493156,15.951203],[-16.493243,15.951128],[-16.493342,15.951236],[-16.493255,15.951311],[-16.493156,15.951203]]]}},{"type":"Feature","properties":{"nom":null},"geometry":{"type":"Polygon","coordinates":[[[-16.49211,15.951251],[-16.492222,15.951155],[-16.4923,15.95124],[-16.492187,15.951335],[-16.49211,15.951251]]]}},{"type":"Feature","properties":{"nom":null},"geometry":{"type":"Polygon","coordinates":[[[-16.492636,15.951254],[-16.492748,15.951158],[-16.492825,15.951243],[-16.492713,15.951339],[-16.492636,15.951254]]]}},{"type":"Feature","properties":{"nom":null},"geometry":{"type":"Polygon","coordinates":[[[-16.492447,15.951265],[-16.492559,15.951169],[-16.492636,15.951254],[-16.492524,15.95135],[-16.492447,15.951265]]]}},{"type":"Feature","properties":{"nom":null},"geometry":{"type":"Polygon","coordinates":[[[-16.491565,15.951294],[-16.491677,15.951198],[-16.491754,15.951283],[-16.491642,15.951379],[-16.491565,15.951294]]]}},{"type":"Feature","properties":{"nom":null},"geometry":{"type":"Polygon","coordinates":[[[-16.491375,15.951305],[-16.491487,15.951209],[-16.491565,15.951294],[-16.491452,15.95139],[-16.491375,15.951305]]]}},{"type":"Feature","properties":{"nom":null},"geometry":{"type":"Polygon","coordinates":[[[-16.493068,15.951277],[-16.493156,15.951203],[-16.493255,15.951311],[-16.493167,15.951386],[-16.493068,15.951277]]]}},{"type":"Feature","properties":{"nom":null},"geometry":{"type":"Polygon","coordinates":[[[-16.492187,15.951335],[-16.4923,15.95124],[-16.492377,15.951325],[-16.492265,15.95142],[-16.492187,15.951335]]]}},{"type":"Feature","properties":{"nom":null},"geometry":{"type":"Polygon","coordinates":[[[-16.491068,15.95132],[-16.491179,15.951226],[-16.491277,15.951334],[-16.491166,15.951429],[-16.491068,15.95132]]]}},{"type":"Feature","properties":{"nom":null},"geometry":{"type":"Polygon","coordinates":[[[-16.493255,15.951311],[-16.493342,15.951236],[-16.493441,15.951345],[-16.493353,15.95142],[-16.493255,15.951311]]]}},{"type":"Feature","properties":{"nom":null},"geometry":{"type":"Polygon","coordinates":[[[-16.491998,15.951346],[-16.49211,15.951251],[-16.492187,15.951335],[-16.492075,15.951431],[-16.491998,15.951346]]]}},{"type":"Feature","properties":{"nom":null},"geometry":{"type":"Polygon","coordinates":[[[-16.492524,15.95135],[-16.492636,15.951254],[-16.492713,15.951339],[-16.492601,15.951434],[-16.492524,15.95135]]]}},{"type":"Feature","properties":{"nom":null},"geometry":{"type":"Polygon","coordinates":[[[-16.49095,15.951191],[-16.491068,15.95132],[-16.490957,15.951415],[-16.490899,15.951464],[-16.49095,15.951191]]]}},{"type":"Feature","properties":{"nom":null},"geometry":{"type":"Polygon","coordinates":[[[-16.491642,15.951379],[-16.491754,15.951283],[-16.491831,15.951368],[-16.491719,15.951464],[-16.491642,15.951379]]]}},{"type":"Feature","properties":{"nom":null},"geometry":{"type":"Polygon","coordinates":[[[-16.492981,15.951352],[-16.493068,15.951277],[-16.493167,15.951386],[-16.493079,15.951461],[-16.492981,15.951352]]]}},{"type":"Feature","properties":{"nom":null},"geometry":{"type":"Polygon","coordinates":[[[-16.491452,15.95139],[-16.491565,15.951294],[-16.491642,15.951379],[-16.49153,15.951474],[-16.491452,15.95139]]]}},{"type":"Feature","properties":{"nom":null},"geometry":{"type":"Polygon","coordinates":[[[-16.493167,15.951386],[-16.493255,15.951311],[-16.493353,15.95142],[-16.493266,15.951494],[-16.493167,15.951386]]]}},{"type":"Feature","properties":{"nom":null},"geometry":{"type":"Polygon","coordinates":[[[-16.492265,15.95142],[-16.492377,15.951325],[-16.492454,15.951409],[-16.492342,15.951505],[-16.492265,15.95142]]]}},{"type":"Feature","properties":{"nom":null},"geometry":{"type":"Polygon","coordinates":[[[-16.490957,15.951415],[-16.491068,15.95132],[-16.491166,15.951429],[-16.491055,15.951523],[-16.490957,15.951415]]]}},{"type":"Feature","properties":{"nom":null},"geometry":{"type":"Polygon","coordinates":[[[-16.492075,15.951431],[-16.492187,15.951335],[-16.492265,15.95142],[-16.492152,15.951516],[-16.492075,15.951431]]]}},{"type":"Feature","properties":{"nom":null},"geometry":{"type":"Polygon","coordinates":[[[-16.492893,15.951427],[-16.492981,15.951352],[-16.493079,15.951461],[-16.492992,15.951535],[-16.492893,15.951427]]]}},{"type":"Feature","properties":{"nom":null},"geometry":{"type":"Polygon","coordinates":[[[-16.493079,15.951461],[-16.493167,15.951386],[-16.493266,15.951494],[-16.493178,15.951569],[-16.493079,15.951461]]]}},{"type":"Feature","properties":{"nom":null},"geometry":{"type":"Polygon","coordinates":[[[-16.492992,15.951535],[-16.493079,15.951461],[-16.493178,15.951569],[-16.493091,15.951644],[-16.492992,15.951535]]]}},{"type":"Feature","properties":{"nom":null},"geometry":{"type":"Polygon","coordinates":[[[-16.492718,15.951576],[-16.492805,15.951501],[-16.492893,15.951427],[-16.492992,15.951535],[-16.492904,15.95161],[-16.492816,15.951685],[-16.492718,15.951576]]]}},{"type":"Feature","properties":{"nom":null},"geometry":{"type":"Polygon","coordinates":[[[-16.492904,15.95161],[-16.492992,15.951535],[-16.493091,15.951644],[-16.493003,15.951718],[-16.492904,15.95161]]]}},{"type":"Feature","properties":{"nom":null},"geometry":{"type":"Polygon","coordinates":[[[-16.491891,15.951639],[-16.491996,15.951549],[-16.492099,15.951662],[-16.491994,15.951752],[-16.491891,15.951639]]]}},{"type":"Feature","properties":{"nom":null},"geometry":{"type":"Polygon","coordinates":[[[-16.49263,15.951651],[-16.492718,15.951576],[-16.492816,15.951685],[-16.492729,15.951759],[-16.49263,15.951651]]]}},{"type":"Feature","properties":{"nom":null},"geometry":{"type":"Polygon","coordinates":[[[-16.493215,15.951658],[-16.493303,15.951583],[-16.493402,15.951692],[-16.493314,15.951766],[-16.493215,15.951658]]]}},{"type":"Feature","properties":{"nom":null},"geometry":{"type":"Polygon","coordinates":[[[-16.491236,15.951683],[-16.491337,15.951597],[-16.491436,15.951705],[-16.491334,15.951791],[-16.491236,15.951683]]]}},{"type":"Feature","properties":{"nom":null},"geometry":{"type":"Polygon","coordinates":[[[-16.492816,15.951685],[-16.492904,15.95161],[-16.493003,15.951718],[-16.492915,15.951793],[-16.492816,15.951685]]]}},{"type":"Feature","properties":{"nom":null},"geometry":{"type":"Polygon","coordinates":[[[-16.493402,15.951692],[-16.493578,15.951541],[-16.493523,15.951781],[-16.493501,15.9518],[-16.493402,15.951692]]]}},{"type":"Feature","properties":{"nom":null},"geometry":{"type":"Polygon","coordinates":[[[-16.492542,15.951725],[-16.49263,15.951651],[-16.492729,15.951759],[-16.492641,15.951834],[-16.492542,15.951725]]]}},{"type":"Feature","properties":{"nom":null},"geometry":{"type":"Polygon","coordinates":[[[-16.491786,15.951728],[-16.491891,15.951639],[-16.491994,15.951752],[-16.491888,15.951841],[-16.491786,15.951728]]]}},{"type":"Feature","properties":{"nom":null},"geometry":{"type":"Polygon","coordinates":[[[-16.493128,15.951732],[-16.493215,15.951658],[-16.493314,15.951766],[-16.493227,15.951841],[-16.493128,15.951732]]]}},{"type":"Feature","properties":{"nom":null},"geometry":{"type":"Polygon","coordinates":[[[-16.4915,15.95177],[-16.491612,15.951675],[-16.49169,15.95176],[-16.491577,15.951855],[-16.4915,15.95177]]]}},{"type":"Feature","properties":{"nom":null},"geometry":{"type":"Polygon","coordinates":[[[-16.491994,15.951752],[-16.492099,15.951662],[-16.492202,15.951775],[-16.492096,15.951865],[-16.491994,15.951752]]]}},{"type":"Feature","properties":{"nom":null},"geometry":{"type":"Polygon","coordinates":[[[-16.492729,15.951759],[-16.492816,15.951685],[-16.492915,15.951793],[-16.492828,15.951868],[-16.492729,15.951759]]]}},{"type":"Feature","properties":{"nom":null},"geometry":{"type":"Polygon","coordinates":[[[-16.493314,15.951766],[-16.493402,15.951692],[-16.493501,15.9518],[-16.493413,15.951875],[-16.493314,15.951766]]]}},{"type":"Feature","properties":{"nom":null},"geometry":{"type":"Polygon","coordinates":[[[-16.49304,15.951807],[-16.493128,15.951732],[-16.493227,15.951841],[-16.493139,15.951916],[-16.49304,15.951807]]]}},{"type":"Feature","properties":{"nom":null},"geometry":{"type":"Polygon","coordinates":[[[-16.49243,15.951821],[-16.492542,15.951725],[-16.492641,15.951834],[-16.492529,15.951929],[-16.49243,15.951821]]]}},{"type":"Feature","properties":{"nom":null},"geometry":{"type":"Polygon","coordinates":[[[-16.491577,15.951855],[-16.49169,15.95176],[-16.491767,15.951844],[-16.491655,15.95194],[-16.491577,15.951855]]]}},{"type":"Feature","properties":{"nom":null},"geometry":{"type":"Polygon","coordinates":[[[-16.491388,15.951866],[-16.4915,15.95177],[-16.491577,15.951855],[-16.491465,15.951951],[-16.491388,15.951866]]]}},{"type":"Feature","properties":{"nom":null},"geometry":{"type":"Polygon","coordinates":[[[-16.492641,15.951834],[-16.492729,15.951759],[-16.492828,15.951868],[-16.49274,15.951942],[-16.492641,15.951834]]]}},{"type":"Feature","properties":{"nom":null},"geometry":{"type":"Polygon","coordinates":[[[-16.491888,15.951841],[-16.491994,15.951752],[-16.492096,15.951865],[-16.491991,15.951954],[-16.491888,15.951841]]]}},{"type":"Feature","properties":{"nom":null},"geometry":{"type":"Polygon","coordinates":[[[-16.493227,15.951841],[-16.493314,15.951766],[-16.493413,15.951875],[-16.493325,15.951949],[-16.493227,15.951841]]]}},{"type":"Feature","properties":{"nom":null},"geometry":{"type":"Polygon","coordinates":[[[-16.492952,15.951882],[-16.49304,15.951807],[-16.493139,15.951916],[-16.493051,15.95199],[-16.492952,15.951882]]]}},{"type":"Feature","properties":{"nom":null},"geometry":{"type":"Polygon","coordinates":[[[-16.491655,15.95194],[-16.491767,15.951844],[-16.491844,15.951929],[-16.491732,15.952025],[-16.491655,15.95194]]]}},{"type":"Feature","properties":{"nom":null},"geometry":{"type":"Polygon","coordinates":[[[-16.491465,15.951951],[-16.491577,15.951855],[-16.491655,15.95194],[-16.491542,15.952035],[-16.491465,15.951951]]]}},{"type":"Feature","properties":{"nom":null},"geometry":{"type":"Polygon","coordinates":[[[-16.493139,15.951916],[-16.493227,15.951841],[-16.493325,15.951949],[-16.493238,15.952024],[-16.493139,15.951916]]]}},{"type":"Feature","properties":{"nom":null},"geometry":{"type":"Polygon","coordinates":[[[-16.492529,15.951929],[-16.492641,15.951834],[-16.49274,15.951942],[-16.492628,15.952038],[-16.492529,15.951929]]]}},{"type":"Feature","properties":{"nom":null},"geometry":{"type":"Polygon","coordinates":[[[-16.492865,15.951956],[-16.492952,15.951882],[-16.493051,15.95199],[-16.492964,15.952065],[-16.492865,15.951956]]]}},{"type":"Feature","properties":{"nom":null},"geometry":{"type":"Polygon","coordinates":[[[-16.493051,15.95199],[-16.493139,15.951916],[-16.493238,15.952024],[-16.49315,15.952099],[-16.493051,15.95199]]]}},{"type":"Feature","properties":{"nom":null},"geometry":{"type":"Polygon","coordinates":[[[-16.492224,15.951997],[-16.492325,15.951911],[-16.492424,15.952019],[-16.492323,15.952105],[-16.492224,15.951997]]]}},{"type":"Feature","properties":{"nom":null},"geometry":{"type":"Polygon","coordinates":[[[-16.491732,15.952025],[-16.491844,15.951929],[-16.491921,15.952014],[-16.491809,15.952109],[-16.491732,15.952025]]]}},{"type":"Feature","properties":{"nom":null},"geometry":{"type":"Polygon","coordinates":[[[-16.491542,15.952035],[-16.491655,15.95194],[-16.491732,15.952025],[-16.49162,15.95212],[-16.491542,15.952035]]]}},{"type":"Feature","properties":{"nom":null},"geometry":{"type":"Polygon","coordinates":[[[-16.492777,15.952031],[-16.492865,15.951956],[-16.492964,15.952065],[-16.492876,15.95214],[-16.492777,15.952031]]]}},{"type":"Feature","properties":{"nom":null},"geometry":{"type":"Polygon","coordinates":[[[-16.492964,15.952065],[-16.493051,15.95199],[-16.49315,15.952099],[-16.493062,15.952173],[-16.492964,15.952065]]]}},{"type":"Feature","properties":{"nom":null},"geometry":{"type":"Polygon","coordinates":[[[-16.492123,15.952083],[-16.492224,15.951997],[-16.492323,15.952105],[-16.492222,15.952191],[-16.492123,15.952083]]]}},{"type":"Feature","properties":{"nom":null},"geometry":{"type":"Polygon","coordinates":[[[-16.49162,15.95212],[-16.491732,15.952025],[-16.491809,15.952109],[-16.491697,15.952205],[-16.49162,15.95212]]]}},{"type":"Feature","properties":{"nom":null},"geometry":{"type":"Polygon","coordinates":[[[-16.492323,15.952105],[-16.492424,15.952019],[-16.492523,15.952128],[-16.492422,15.952214],[-16.492323,15.952105]]]}},{"type":"Feature","properties":{"nom":null},"geometry":{"type":"Polygon","coordinates":[[[-16.49269,15.952106],[-16.492777,15.952031],[-16.492876,15.95214],[-16.492788,15.952214],[-16.49269,15.952106]]]}},{"type":"Feature","properties":{"nom":null},"geometry":{"type":"Polygon","coordinates":[[[-16.492876,15.95214],[-16.492964,15.952065],[-16.493062,15.952173],[-16.492975,15.952248],[-16.492876,15.95214]]]}},{"type":"Feature","properties":{"nom":null},"geometry":{"type":"Polygon","coordinates":[[[-16.49323,15.952151],[-16.493336,15.952061],[-16.493434,15.95217],[-16.493329,15.95226],[-16.49323,15.952151]]]}},{"type":"Feature","properties":{"nom":null},"geometry":{"type":"Polygon","coordinates":[[[-16.492022,15.952169],[-16.492123,15.952083],[-16.492222,15.952191],[-16.492121,15.952277],[-16.492022,15.952169]]]}},{"type":"Feature","properties":{"nom":null},"geometry":{"type":"Polygon","coordinates":[[[-16.492222,15.952191],[-16.492323,15.952105],[-16.492422,15.952214],[-16.492321,15.9523],[-16.492222,15.952191]]]}},{"type":"Feature","properties":{"nom":null},"geometry":{"type":"Polygon","coordinates":[[[-16.492788,15.952214],[-16.492876,15.95214],[-16.492975,15.952248],[-16.492887,15.952323],[-16.492788,15.952214]]]}},{"type":"Feature","properties":{"nom":null},"geometry":{"type":"Polygon","coordinates":[[[-16.493136,15.952231],[-16.49323,15.952151],[-16.493329,15.95226],[-16.493235,15.95234],[-16.493136,15.952231]]]}},{"type":"Feature","properties":{"nom":null},"geometry":{"type":"Polygon","coordinates":[[[-16.491921,15.952255],[-16.492022,15.952169],[-16.492121,15.952277],[-16.49202,15.952363],[-16.491921,15.952255]]]}},{"type":"Feature","properties":{"nom":null},"geometry":{"type":"Polygon","coordinates":[[[-16.492121,15.952277],[-16.492222,15.952191],[-16.492321,15.9523],[-16.49222,15.952386],[-16.492121,15.952277]]]}},{"type":"Feature","properties":{"nom":null},"geometry":{"type":"Polygon","coordinates":[[[-16.492483,15.952281],[-16.492581,15.952199],[-16.492679,15.952307],[-16.492582,15.95239],[-16.492483,15.952281]]]}},{"type":"Feature","properties":{"nom":null},"geometry":{"type":"Polygon","coordinates":[[[-16.493043,15.952311],[-16.493136,15.952231],[-16.493235,15.95234],[-16.493141,15.952419],[-16.493043,15.952311]]]}},{"type":"Feature","properties":{"nom":null},"geometry":{"type":"Polygon","coordinates":[[[-16.49182,15.952341],[-16.491921,15.952255],[-16.49202,15.952363],[-16.491919,15.952449],[-16.49182,15.952341]]]}},{"type":"Feature","properties":{"nom":null},"geometry":{"type":"Polygon","coordinates":[[[-16.493235,15.95234],[-16.493329,15.95226],[-16.493434,15.95217],[-16.49338,15.952409],[-16.493334,15.952448],[-16.493235,15.95234]]]}},{"type":"Feature","properties":{"nom":null},"geometry":{"type":"Polygon","coordinates":[[[-16.49202,15.952363],[-16.492121,15.952277],[-16.49222,15.952386],[-16.492119,15.952472],[-16.49202,15.952363]]]}},{"type":"Feature","properties":{"nom":null},"geometry":{"type":"Polygon","coordinates":[[[-16.492383,15.952367],[-16.492483,15.952281],[-16.492582,15.95239],[-16.492481,15.952476],[-16.492383,15.952367]]]}},{"type":"Feature","properties":{"nom":null},"geometry":{"type":"Polygon","coordinates":[[[-16.492582,15.95239],[-16.492679,15.952307],[-16.492778,15.952416],[-16.492681,15.952498],[-16.492582,15.95239]]]}},{"type":"Feature","properties":{"nom":null},"geometry":{"type":"Polygon","coordinates":[[[-16.492949,15.952391],[-16.493043,15.952311],[-16.493141,15.952419],[-16.493048,15.952499],[-16.492949,15.952391]]]}},{"type":"Feature","properties":{"nom":null},"geometry":{"type":"Polygon","coordinates":[[[-16.493141,15.952419],[-16.493235,15.95234],[-16.493334,15.952448],[-16.49324,15.952528],[-16.493141,15.952419]]]}},{"type":"Feature","properties":{"nom":null},"geometry":{"type":"Polygon","coordinates":[[[-16.491919,15.952449],[-16.49202,15.952363],[-16.492119,15.952472],[-16.492018,15.952558],[-16.491919,15.952449]]]}},{"type":"Feature","properties":{"nom":null},"geometry":{"type":"Polygon","coordinates":[[[-16.492282,15.952454],[-16.492383,15.952367],[-16.492481,15.952476],[-16.49238,15.952562],[-16.492282,15.952454]]]}},{"type":"Feature","properties":{"nom":null},"geometry":{"type":"Polygon","coordinates":[[[-16.492481,15.952476],[-16.492582,15.95239],[-16.492681,15.952498],[-16.49258,15.952585],[-16.492481,15.952476]]]}},{"type":"Feature","properties":{"nom":null},"geometry":{"type":"Polygon","coordinates":[[[-16.491654,15.952483],[-16.49175,15.9524],[-16.491849,15.952509],[-16.491753,15.952591],[-16.491654,15.952483]]]}},{"type":"Feature","properties":{"nom":null},"geometry":{"type":"Polygon","coordinates":[[[-16.493048,15.952499],[-16.493141,15.952419],[-16.49324,15.952528],[-16.493147,15.952608],[-16.493048,15.952499]]]}},{"type":"Feature","properties":{"nom":null},"geometry":{"type":"Polygon","coordinates":[[[-16.492181,15.95254],[-16.492282,15.952454],[-16.49238,15.952562],[-16.492279,15.952648],[-16.492181,15.95254]]]}},{"type":"Feature","properties":{"nom":null},"geometry":{"type":"Polygon","coordinates":[[[-16.491557,15.952565],[-16.491654,15.952483],[-16.491753,15.952591],[-16.491656,15.952673],[-16.491557,15.952565]]]}},{"type":"Feature","properties":{"nom":null},"geometry":{"type":"Polygon","coordinates":[[[-16.49238,15.952562],[-16.492481,15.952476],[-16.49258,15.952585],[-16.492479,15.952671],[-16.49238,15.952562]]]}},{"type":"Feature","properties":{"nom":null},"geometry":{"type":"Polygon","coordinates":[[[-16.492743,15.952566],[-16.49284,15.952484],[-16.492939,15.952592],[-16.492842,15.952675],[-16.492743,15.952566]]]}},{"type":"Feature","properties":{"nom":null},"geometry":{"type":"Polygon","coordinates":[[[-16.491753,15.952591],[-16.491849,15.952509],[-16.491948,15.952617],[-16.491851,15.9527],[-16.491753,15.952591]]]}},{"type":"Feature","properties":{"nom":null},"geometry":{"type":"Polygon","coordinates":[[[-16.49208,15.952626],[-16.492181,15.95254],[-16.492279,15.952648],[-16.492178,15.952734],[-16.49208,15.952626]]]}},{"type":"Feature","properties":{"nom":null},"geometry":{"type":"Polygon","coordinates":[[[-16.491461,15.952647],[-16.491557,15.952565],[-16.491656,15.952673],[-16.49156,15.952756],[-16.491461,15.952647]]]}},{"type":"Feature","properties":{"nom":null},"geometry":{"type":"Polygon","coordinates":[[[-16.492279,15.952648],[-16.49238,15.952562],[-16.492479,15.952671],[-16.492378,15.952757],[-16.492279,15.952648]]]}},{"type":"Feature","properties":{"nom":null},"geometry":{"type":"Polygon","coordinates":[[[-16.492642,15.952652],[-16.492743,15.952566],[-16.492842,15.952675],[-16.492741,15.952761],[-16.492642,15.952652]]]}},{"type":"Feature","properties":{"nom":null},"geometry":{"type":"Polygon","coordinates":[[[-16.491656,15.952673],[-16.491753,15.952591],[-16.491851,15.9527],[-16.491755,15.952782],[-16.491656,15.952673]]]}},{"type":"Feature","properties":{"nom":null},"geometry":{"type":"Polygon","coordinates":[[[-16.490442,15.952167],[-16.491059,15.951641],[-16.491318,15.951926],[-16.491627,15.952265],[-16.491515,15.95236],[-16.491402,15.952456],[-16.49101,15.952791],[-16.490442,15.952167]]]}},{"type":"Feature","properties":{"nom":null},"geometry":{"type":"Polygon","coordinates":[[[-16.492842,15.952675],[-16.492939,15.952592],[-16.493038,15.952701],[-16.49294,15.952783],[-16.492842,15.952675]]]}},{"type":"Feature","properties":{"nom":null},"geometry":{"type":"Polygon","coordinates":[[[-16.491364,15.952729],[-16.491461,15.952647],[-16.49156,15.952756],[-16.491463,15.952838],[-16.491364,15.952729]]]}},{"type":"Feature","properties":{"nom":null},"geometry":{"type":"Polygon","coordinates":[[[-16.492178,15.952734],[-16.492279,15.952648],[-16.492378,15.952757],[-16.492277,15.952843],[-16.492178,15.952734]]]}},{"type":"Feature","properties":{"nom":null},"geometry":{"type":"Polygon","coordinates":[[[-16.492541,15.952738],[-16.492642,15.952652],[-16.492741,15.952761],[-16.49264,15.952847],[-16.492541,15.952738]]]}},{"type":"Feature","properties":{"nom":null},"geometry":{"type":"Polygon","coordinates":[[[-16.49156,15.952756],[-16.491656,15.952673],[-16.491755,15.952782],[-16.491658,15.952864],[-16.49156,15.952756]]]}},{"type":"Feature","properties":{"nom":null},"geometry":{"type":"Polygon","coordinates":[[[-16.492741,15.952761],[-16.492842,15.952675],[-16.49294,15.952783],[-16.492839,15.952869],[-16.492741,15.952761]]]}},{"type":"Feature","properties":{"nom":null},"geometry":{"type":"Polygon","coordinates":[[[-16.491894,15.952784],[-16.49201,15.952685],[-16.492108,15.952794],[-16.491993,15.952892],[-16.491894,15.952784]]]}},{"type":"Feature","properties":{"nom":null},"geometry":{"type":"Polygon","coordinates":[[[-16.491268,15.952811],[-16.491364,15.952729],[-16.491463,15.952838],[-16.491367,15.95292],[-16.491268,15.952811]]]}},{"type":"Feature","properties":{"nom":null},"geometry":{"type":"Polygon","coordinates":[[[-16.49244,15.952824],[-16.492541,15.952738],[-16.49264,15.952847],[-16.492539,15.952933],[-16.49244,15.952824]]]}},{"type":"Feature","properties":{"nom":null},"geometry":{"type":"Polygon","coordinates":[[[-16.491463,15.952838],[-16.49156,15.952756],[-16.491658,15.952864],[-16.491562,15.952946],[-16.491463,15.952838]]]}},{"type":"Feature","properties":{"nom":null},"geometry":{"type":"Polygon","coordinates":[[[-16.49264,15.952847],[-16.492741,15.952761],[-16.492839,15.952869],[-16.492739,15.952955],[-16.49264,15.952847]]]}},{"type":"Feature","properties":{"nom":null},"geometry":{"type":"Polygon","coordinates":[[[-16.491282,15.95298],[-16.49115,15.952912],[-16.491268,15.952811],[-16.491367,15.95292],[-16.491295,15.952981],[-16.491282,15.95298]]]}},{"type":"Feature","properties":{"nom":null},"geometry":{"type":"Polygon","coordinates":[[[-16.491779,15.952882],[-16.491894,15.952784],[-16.491993,15.952892],[-16.491877,15.952991],[-16.491779,15.952882]]]}},{"type":"Feature","properties":{"nom":null},"geometry":{"type":"Polygon","coordinates":[[[-16.491993,15.952892],[-16.492108,15.952794],[-16.492207,15.952902],[-16.492092,15.953001],[-16.491993,15.952892]]]}},{"type":"Feature","properties":{"nom":null},"geometry":{"type":"Polygon","coordinates":[[[-16.491295,15.952981],[-16.491367,15.95292],[-16.491463,15.952838],[-16.491562,15.952946],[-16.491491,15.953007],[-16.491295,15.952981]]]}},{"type":"Feature","properties":{"nom":null},"geometry":{"type":"Polygon","coordinates":[[[-16.492339,15.95291],[-16.49244,15.952824],[-16.492539,15.952933],[-16.492438,15.953019],[-16.492339,15.95291]]]}},{"type":"Feature","properties":{"nom":null},"geometry":{"type":"Polygon","coordinates":[[[-16.492539,15.952933],[-16.49264,15.952847],[-16.492739,15.952955],[-16.492638,15.953041],[-16.492539,15.952933]]]}},{"type":"Feature","properties":{"nom":null},"geometry":{"type":"Polygon","coordinates":[[[-16.491614,15.953023],[-16.491779,15.952882],[-16.491877,15.952991],[-16.49181,15.953048],[-16.491614,15.953023]]]}},{"type":"Feature","properties":{"nom":null},"geometry":{"type":"Polygon","coordinates":[[[-16.49181,15.953048],[-16.491877,15.952991],[-16.491993,15.952892],[-16.492092,15.953001],[-16.492007,15.953073],[-16.49181,15.953048]]]}},{"type":"Feature","properties":{"nom":null},"geometry":{"type":"Polygon","coordinates":[[[-16.492007,15.953073],[-16.492092,15.953001],[-16.492207,15.952902],[-16.492356,15.953065],[-16.492302,15.953111],[-16.492007,15.953073]]]}},{"type":"Feature","properties":{"nom":null},"geometry":{"type":"Polygon","coordinates":[[[-16.492438,15.953019],[-16.492539,15.952933],[-16.492638,15.953041],[-16.492537,15.953127],[-16.492438,15.953019]]]}},{"type":"Feature","properties":{"nom":null},"geometry":{"type":"Polygon","coordinates":[[[-16.492645,15.953155],[-16.493031,15.952826],[-16.493013,15.953203],[-16.492645,15.953155]]]}},{"type":"Feature","properties":{"nom":null},"geometry":{"type":"Polygon","coordinates":[[[-16.493153,15.953221],[-16.493175,15.952764],[-16.493376,15.952593],[-16.493359,15.952925],[-16.49329,15.953239],[-16.493153,15.953221]]]}},{"type":"Feature","properties":{"nom":null},"geometry":{"type":"Polygon","coordinates":[[[-16.491114,15.953286],[-16.491101,15.953221],[-16.491188,15.95315],[-16.49129,15.953163],[-16.491271,15.953307],[-16.491114,15.953286]]]}},{"type":"Feature","properties":{"nom":null},"geometry":{"type":"Polygon","coordinates":[[[-16.491271,15.953307],[-16.49129,15.953163],[-16.491421,15.95318],[-16.491401,15.953323],[-16.491271,15.953307]]]}},{"type":"Feature","properties":{"nom":null},"geometry":{"type":"Polygon","coordinates":[[[-16.491401,15.953323],[-16.491421,15.95318],[-16.491552,15.953197],[-16.491532,15.95334],[-16.491401,15.953323]]]}},{"type":"Feature","properties":{"nom":null},"geometry":{"type":"Polygon","coordinates":[[[-16.491532,15.95334],[-16.491552,15.953197],[-16.491683,15.953214],[-16.491663,15.953357],[-16.491532,15.95334]]]}},{"type":"Feature","properties":{"nom":null},"geometry":{"type":"Polygon","coordinates":[[[-16.491663,15.953357],[-16.491683,15.953214],[-16.491814,15.953231],[-16.491794,15.953374],[-16.491663,15.953357]]]}},{"type":"Feature","properties":{"nom":null},"geometry":{"type":"Polygon","coordinates":[[[-16.491794,15.953374],[-16.491814,15.953231],[-16.491944,15.953248],[-16.491925,15.953391],[-16.491794,15.953374]]]}},{"type":"Feature","properties":{"nom":null},"geometry":{"type":"Polygon","coordinates":[[[-16.491925,15.953391],[-16.491944,15.953248],[-16.492075,15.953264],[-16.492056,15.953408],[-16.491925,15.953391]]]}},{"type":"Feature","properties":{"nom":null},"geometry":{"type":"Polygon","coordinates":[[[-16.492148,15.95342],[-16.492168,15.953276],[-16.492286,15.953292],[-16.492266,15.953435],[-16.492148,15.95342]]]}},{"type":"Feature","properties":{"nom":null},"geometry":{"type":"Polygon","coordinates":[[[-16.491145,15.953436],[-16.491114,15.953286],[-16.491271,15.953307],[-16.491251,15.95345],[-16.491145,15.953436]]]}},{"type":"Feature","properties":{"nom":null},"geometry":{"type":"Polygon","coordinates":[[[-16.492266,15.953435],[-16.492286,15.953292],[-16.492404,15.953307],[-16.492385,15.95345],[-16.492266,15.953435]]]}},{"type":"Feature","properties":{"nom":null},"geometry":{"type":"Polygon","coordinates":[[[-16.491251,15.95345],[-16.491271,15.953307],[-16.491401,15.953323],[-16.491382,15.953467],[-16.491251,15.95345]]]}},{"type":"Feature","properties":{"nom":null},"geometry":{"type":"Polygon","coordinates":[[[-16.492385,15.95345],[-16.492404,15.953307],[-16.492523,15.953322],[-16.492503,15.953465],[-16.492385,15.95345]]]}},{"type":"Feature","properties":{"nom":null},"geometry":{"type":"Polygon","coordinates":[[[-16.491382,15.953467],[-16.491401,15.953323],[-16.491532,15.95334],[-16.491512,15.953484],[-16.491382,15.953467]]]}},{"type":"Feature","properties":{"nom":null},"geometry":{"type":"Polygon","coordinates":[[[-16.492503,15.953465],[-16.492523,15.953322],[-16.492641,15.953337],[-16.492621,15.953481],[-16.492503,15.953465]]]}},{"type":"Feature","properties":{"nom":null},"geometry":{"type":"Polygon","coordinates":[[[-16.491512,15.953484],[-16.491532,15.95334],[-16.491663,15.953357],[-16.491643,15.9535],[-16.491512,15.953484]]]}},{"type":"Feature","properties":{"nom":null},"geometry":{"type":"Polygon","coordinates":[[[-16.492621,15.953481],[-16.492641,15.953337],[-16.492759,15.953353],[-16.492739,15.953496],[-16.492621,15.953481]]]}},{"type":"Feature","properties":{"nom":null},"geometry":{"type":"Polygon","coordinates":[[[-16.491643,15.9535],[-16.491663,15.953357],[-16.491794,15.953374],[-16.491774,15.953517],[-16.491643,15.9535]]]}},{"type":"Feature","properties":{"nom":null},"geometry":{"type":"Polygon","coordinates":[[[-16.492739,15.953496],[-16.492759,15.953353],[-16.492877,15.953368],[-16.492858,15.953511],[-16.492739,15.953496]]]}},{"type":"Feature","properties":{"nom":null},"geometry":{"type":"Polygon","coordinates":[[[-16.492858,15.953511],[-16.492877,15.953368],[-16.492996,15.953383],[-16.492976,15.953526],[-16.492858,15.953511]]]}},{"type":"Feature","properties":{"nom":null},"geometry":{"type":"Polygon","coordinates":[[[-16.491774,15.953517],[-16.491794,15.953374],[-16.491925,15.953391],[-16.491905,15.953534],[-16.491774,15.953517]]]}},{"type":"Feature","properties":{"nom":null},"geometry":{"type":"Polygon","coordinates":[[[-16.492976,15.953526],[-16.492996,15.953383],[-16.493114,15.953398],[-16.493094,15.953542],[-16.492976,15.953526]]]}},{"type":"Feature","properties":{"nom":null},"geometry":{"type":"Polygon","coordinates":[[[-16.491905,15.953534],[-16.491925,15.953391],[-16.492056,15.953408],[-16.492036,15.953551],[-16.491905,15.953534]]]}},{"type":"Feature","properties":{"nom":null},"geometry":{"type":"Polygon","coordinates":[[[-16.492128,15.953563],[-16.492148,15.95342],[-16.492266,15.953435],[-16.492247,15.953578],[-16.492128,15.953563]]]}},{"type":"Feature","properties":{"nom":null},"geometry":{"type":"Polygon","coordinates":[[[-16.492247,15.953578],[-16.492266,15.953435],[-16.492385,15.95345],[-16.492365,15.953594],[-16.492247,15.953578]]]}},{"type":"Feature","properties":{"nom":null},"geometry":{"type":"Polygon","coordinates":[[[-16.492365,15.953594],[-16.492385,15.95345],[-16.492503,15.953465],[-16.492483,15.953609],[-16.492365,15.953594]]]}},{"type":"Feature","properties":{"nom":null},"geometry":{"type":"Polygon","coordinates":[[[-16.492483,15.953609],[-16.492503,15.953465],[-16.492621,15.953481],[-16.492601,15.953624],[-16.492483,15.953609]]]}},{"type":"Feature","properties":{"nom":null},"geometry":{"type":"Polygon","coordinates":[[[-16.492601,15.953624],[-16.492621,15.953481],[-16.492739,15.953496],[-16.49272,15.953639],[-16.492601,15.953624]]]}},{"type":"Feature","properties":{"nom":null},"geometry":{"type":"Polygon","coordinates":[[[-16.49272,15.953639],[-16.492739,15.953496],[-16.492858,15.953511],[-16.492838,15.953654],[-16.49272,15.953639]]]}},{"type":"Feature","properties":{"nom":null},"geometry":{"type":"Polygon","coordinates":[[[-16.492838,15.953654],[-16.492858,15.953511],[-16.492976,15.953526],[-16.492956,15.95367],[-16.492838,15.953654]]]}},{"type":"Feature","properties":{"nom":null},"geometry":{"type":"Polygon","coordinates":[[[-16.492956,15.95367],[-16.492976,15.953526],[-16.493094,15.953542],[-16.493074,15.953685],[-16.492956,15.95367]]]}},{"type":"Feature","properties":{"nom":null},"geometry":{"type":"Polygon","coordinates":[[[-16.491188,15.953679],[-16.491188,15.953645],[-16.491164,15.95353],[-16.491354,15.953554],[-16.491335,15.953698],[-16.491188,15.953679]]]}},{"type":"Feature","properties":{"nom":null},"geometry":{"type":"Polygon","coordinates":[[[-16.491335,15.953698],[-16.491354,15.953554],[-16.491488,15.953572],[-16.491469,15.953715],[-16.491335,15.953698]]]}},{"type":"Feature","properties":{"nom":null},"geometry":{"type":"Polygon","coordinates":[[[-16.491469,15.953715],[-16.491488,15.953572],[-16.491622,15.953589],[-16.491602,15.953732],[-16.491469,15.953715]]]}},{"type":"Feature","properties":{"nom":null},"geometry":{"type":"Polygon","coordinates":[[[-16.491602,15.953732],[-16.491622,15.953589],[-16.491756,15.953606],[-16.491736,15.95375],[-16.491602,15.953732]]]}},{"type":"Feature","properties":{"nom":null},"geometry":{"type":"Polygon","coordinates":[[[-16.491736,15.95375],[-16.491756,15.953606],[-16.49189,15.953623],[-16.49187,15.953767],[-16.491736,15.95375]]]}},{"type":"Feature","properties":{"nom":null},"geometry":{"type":"Polygon","coordinates":[[[-16.49187,15.953767],[-16.49189,15.953623],[-16.492024,15.953641],[-16.492004,15.953784],[-16.49187,15.953767]]]}},{"type":"Feature","properties":{"nom":null},"geometry":{"type":"Polygon","coordinates":[[[-16.492096,15.953796],[-16.492116,15.953653],[-16.492246,15.953669],[-16.492226,15.953813],[-16.492096,15.953796]]]}},{"type":"Feature","properties":{"nom":null},"geometry":{"type":"Polygon","coordinates":[[[-16.492226,15.953813],[-16.492246,15.953669],[-16.492375,15.953686],[-16.492356,15.953829],[-16.492226,15.953813]]]}},{"type":"Feature","properties":{"nom":null},"geometry":{"type":"Polygon","coordinates":[[[-16.491192,15.953825],[-16.491188,15.953679],[-16.491335,15.953698],[-16.491315,15.953841],[-16.491192,15.953825]]]}},{"type":"Feature","properties":{"nom":null},"geometry":{"type":"Polygon","coordinates":[[[-16.492356,15.953829],[-16.492375,15.953686],[-16.492505,15.953703],[-16.492485,15.953846],[-16.492356,15.953829]]]}},{"type":"Feature","properties":{"nom":null},"geometry":{"type":"Polygon","coordinates":[[[-16.491315,15.953841],[-16.491335,15.953698],[-16.491469,15.953715],[-16.491449,15.953858],[-16.491315,15.953841]]]}},{"type":"Feature","properties":{"nom":null},"geometry":{"type":"Polygon","coordinates":[[[-16.492485,15.953846],[-16.492505,15.953703],[-16.492635,15.953719],[-16.492615,15.953863],[-16.492485,15.953846]]]}},{"type":"Feature","properties":{"nom":null},"geometry":{"type":"Polygon","coordinates":[[[-16.491449,15.953858],[-16.491469,15.953715],[-16.491602,15.953732],[-16.491583,15.953876],[-16.491449,15.953858]]]}},{"type":"Feature","properties":{"nom":null},"geometry":{"type":"Polygon","coordinates":[[[-16.492615,15.953863],[-16.492635,15.953719],[-16.492764,15.953736],[-16.492745,15.95388],[-16.492615,15.953863]]]}},{"type":"Feature","properties":{"nom":null},"geometry":{"type":"Polygon","coordinates":[[[-16.491583,15.953876],[-16.491602,15.953732],[-16.491736,15.95375],[-16.491716,15.953893],[-16.491583,15.953876]]]}},{"type":"Feature","properties":{"nom":null},"geometry":{"type":"Polygon","coordinates":[[[-16.492745,15.95388],[-16.492764,15.953736],[-16.492894,15.953753],[-16.492874,15.953896],[-16.492745,15.95388]]]}},{"type":"Feature","properties":{"nom":null},"geometry":{"type":"Polygon","coordinates":[[[-16.491716,15.953893],[-16.491736,15.95375],[-16.49187,15.953767],[-16.49185,15.95391],[-16.491716,15.953893]]]}},{"type":"Feature","properties":{"nom":null},"geometry":{"type":"Polygon","coordinates":[[[-16.492874,15.953896],[-16.492894,15.953753],[-16.493024,15.95377],[-16.493004,15.953913],[-16.492874,15.953896]]]}},{"type":"Feature","properties":{"nom":null},"geometry":{"type":"Polygon","coordinates":[[[-16.49185,15.95391],[-16.49187,15.953767],[-16.492004,15.953784],[-16.491984,15.953927],[-16.49185,15.95391]]]}},{"type":"Feature","properties":{"nom":null},"geometry":{"type":"Polygon","coordinates":[[[-16.492077,15.953939],[-16.492096,15.953796],[-16.492226,15.953813],[-16.492206,15.953956],[-16.492077,15.953939]]]}},{"type":"Feature","properties":{"nom":null},"geometry":{"type":"Polygon","coordinates":[[[-16.492206,15.953956],[-16.492226,15.953813],[-16.492356,15.953829],[-16.492336,15.953973],[-16.492206,15.953956]]]}},{"type":"Feature","properties":{"nom":null},"geometry":{"type":"Polygon","coordinates":[[[-16.492336,15.953973],[-16.492356,15.953829],[-16.492485,15.953846],[-16.492466,15.953989],[-16.492336,15.953973]]]}},{"type":"Feature","properties":{"nom":null},"geometry":{"type":"Polygon","coordinates":[[[-16.492466,15.953989],[-16.492485,15.953846],[-16.492615,15.953863],[-16.492595,15.954006],[-16.492466,15.953989]]]}},{"type":"Feature","properties":{"nom":null},"geometry":{"type":"Polygon","coordinates":[[[-16.492595,15.954006],[-16.492615,15.953863],[-16.492745,15.95388],[-16.492725,15.954023],[-16.492595,15.954006]]]}},{"type":"Feature","properties":{"nom":null},"geometry":{"type":"Polygon","coordinates":[[[-16.492725,15.954023],[-16.492745,15.95388],[-16.492874,15.953896],[-16.492854,15.95404],[-16.492725,15.954023]]]}},{"type":"Feature","properties":{"nom":null},"geometry":{"type":"Polygon","coordinates":[[[-16.492854,15.95404],[-16.492874,15.953896],[-16.493004,15.953913],[-16.492984,15.954056],[-16.492854,15.95404]]]}},{"type":"Feature","properties":{"nom":null},"geometry":{"type":"Polygon","coordinates":[[[-16.491198,15.954063],[-16.491194,15.953917],[-16.491353,15.953937],[-16.491333,15.954081],[-16.491198,15.954063]]]}},{"type":"Feature","properties":{"nom":null},"geometry":{"type":"Polygon","coordinates":[[[-16.491333,15.954081],[-16.491353,15.953937],[-16.491477,15.953953],[-16.491457,15.954096],[-16.491333,15.954081]]]}},{"type":"Feature","properties":{"nom":null},"geometry":{"type":"Polygon","coordinates":[[[-16.491457,15.954096],[-16.491477,15.953953],[-16.491601,15.953969],[-16.491581,15.954112],[-16.491457,15.954096]]]}},{"type":"Feature","properties":{"nom":null},"geometry":{"type":"Polygon","coordinates":[[[-16.491581,15.954112],[-16.491601,15.953969],[-16.491724,15.953985],[-16.491704,15.954128],[-16.491581,15.954112]]]}},{"type":"Feature","properties":{"nom":null},"geometry":{"type":"Polygon","coordinates":[[[-16.491704,15.954128],[-16.491724,15.953985],[-16.491848,15.954001],[-16.491828,15.954144],[-16.491704,15.954128]]]}},{"type":"Feature","properties":{"nom":null},"geometry":{"type":"Polygon","coordinates":[[[-16.491828,15.954144],[-16.491848,15.954001],[-16.491972,15.954017],[-16.491952,15.95416],[-16.491828,15.954144]]]}},{"type":"Feature","properties":{"nom":null},"geometry":{"type":"Polygon","coordinates":[[[-16.492045,15.954172],[-16.492064,15.954029],[-16.492185,15.954044],[-16.492166,15.954188],[-16.492045,15.954172]]]}},{"type":"Feature","properties":{"nom":null},"geometry":{"type":"Polygon","coordinates":[[[-16.492166,15.954188],[-16.492185,15.954044],[-16.492306,15.95406],[-16.492287,15.954203],[-16.492166,15.954188]]]}},{"type":"Feature","properties":{"nom":null},"geometry":{"type":"Polygon","coordinates":[[[-16.491201,15.954209],[-16.491198,15.954063],[-16.491333,15.954081],[-16.491314,15.954224],[-16.491201,15.954209]]]}},{"type":"Feature","properties":{"nom":null},"geometry":{"type":"Polygon","coordinates":[[[-16.492287,15.954203],[-16.492306,15.95406],[-16.492427,15.954076],[-16.492408,15.954219],[-16.492287,15.954203]]]}},{"type":"Feature","properties":{"nom":null},"geometry":{"type":"Polygon","coordinates":[[[-16.491314,15.954224],[-16.491333,15.954081],[-16.491457,15.954096],[-16.491437,15.95424],[-16.491314,15.954224]]]}},{"type":"Feature","properties":{"nom":null},"geometry":{"type":"Polygon","coordinates":[[[-16.492408,15.954219],[-16.492427,15.954076],[-16.492548,15.954091],[-16.492529,15.954235],[-16.492408,15.954219]]]}},{"type":"Feature","properties":{"nom":null},"geometry":{"type":"Polygon","coordinates":[[[-16.491437,15.95424],[-16.491457,15.954096],[-16.491581,15.954112],[-16.491561,15.954256],[-16.491437,15.95424]]]}},{"type":"Feature","properties":{"nom":null},"geometry":{"type":"Polygon","coordinates":[[[-16.492529,15.954235],[-16.492548,15.954091],[-16.492669,15.954107],[-16.49265,15.95425],[-16.492529,15.954235]]]}},{"type":"Feature","properties":{"nom":null},"geometry":{"type":"Polygon","coordinates":[[[-16.491561,15.954256],[-16.491581,15.954112],[-16.491704,15.954128],[-16.491685,15.954272],[-16.491561,15.954256]]]}},{"type":"Feature","properties":{"nom":null},"geometry":{"type":"Polygon","coordinates":[[[-16.49265,15.95425],[-16.492669,15.954107],[-16.49279,15.954123],[-16.492771,15.954266],[-16.49265,15.95425]]]}},{"type":"Feature","properties":{"nom":null},"geometry":{"type":"Polygon","coordinates":[[[-16.491685,15.954272],[-16.491704,15.954128],[-16.491828,15.954144],[-16.491808,15.954288],[-16.491685,15.954272]]]}},{"type":"Feature","properties":{"nom":null},"geometry":{"type":"Polygon","coordinates":[[[-16.492771,15.954266],[-16.49279,15.954123],[-16.492911,15.954138],[-16.492892,15.954281],[-16.492771,15.954266]]]}},{"type":"Feature","properties":{"nom":null},"geometry":{"type":"Polygon","coordinates":[[[-16.491808,15.954288],[-16.491828,15.954144],[-16.491952,15.95416],[-16.491932,15.954304],[-16.491808,15.954288]]]}},{"type":"Feature","properties":{"nom":null},"geometry":{"type":"Polygon","coordinates":[[[-16.492025,15.954316],[-16.492045,15.954172],[-16.492166,15.954188],[-16.492146,15.954331],[-16.492025,15.954316]]]}},{"type":"Feature","properties":{"nom":null},"geometry":{"type":"Polygon","coordinates":[[[-16.492146,15.954331],[-16.492166,15.954188],[-16.492287,15.954203],[-16.492267,15.954347],[-16.492146,15.954331]]]}},{"type":"Feature","properties":{"nom":null},"geometry":{"type":"Polygon","coordinates":[[[-16.492267,15.954347],[-16.492287,15.954203],[-16.492408,15.954219],[-16.492388,15.954362],[-16.492267,15.954347]]]}},{"type":"Feature","properties":{"nom":null},"geometry":{"type":"Polygon","coordinates":[[[-16.492388,15.954362],[-16.492408,15.954219],[-16.492529,15.954235],[-16.492509,15.954378],[-16.492388,15.954362]]]}},{"type":"Feature","properties":{"nom":null},"geometry":{"type":"Polygon","coordinates":[[[-16.492509,15.954378],[-16.492529,15.954235],[-16.49265,15.95425],[-16.49263,15.954394],[-16.492509,15.954378]]]}},{"type":"Feature","properties":{"nom":null},"geometry":{"type":"Polygon","coordinates":[[[-16.49263,15.954394],[-16.49265,15.95425],[-16.492771,15.954266],[-16.492751,15.954409],[-16.49263,15.954394]]]}},{"type":"Feature","properties":{"nom":null},"geometry":{"type":"Polygon","coordinates":[[[-16.492751,15.954409],[-16.492771,15.954266],[-16.492892,15.954281],[-16.492872,15.954425],[-16.492751,15.954409]]]}},{"type":"Feature","properties":{"nom":null},"geometry":{"type":"Polygon","coordinates":[[[-16.491196,15.954446],[-16.491203,15.954301],[-16.491339,15.954318],[-16.491319,15.954462],[-16.491196,15.954446]]]}},{"type":"Feature","properties":{"nom":null},"geometry":{"type":"Polygon","coordinates":[[[-16.491319,15.954462],[-16.491339,15.954318],[-16.491455,15.954333],[-16.491435,15.954477],[-16.491319,15.954462]]]}},{"type":"Feature","properties":{"nom":null},"geometry":{"type":"Polygon","coordinates":[[[-16.491435,15.954477],[-16.491455,15.954333],[-16.491571,15.954348],[-16.491551,15.954492],[-16.491435,15.954477]]]}},{"type":"Feature","properties":{"nom":null},"geometry":{"type":"Polygon","coordinates":[[[-16.491551,15.954492],[-16.491571,15.954348],[-16.491687,15.954363],[-16.491668,15.954507],[-16.491551,15.954492]]]}},{"type":"Feature","properties":{"nom":null},"geometry":{"type":"Polygon","coordinates":[[[-16.491668,15.954507],[-16.491687,15.954363],[-16.491804,15.954378],[-16.491784,15.954522],[-16.491668,15.954507]]]}},{"type":"Feature","properties":{"nom":null},"geometry":{"type":"Polygon","coordinates":[[[-16.491784,15.954522],[-16.491804,15.954378],[-16.49192,15.954393],[-16.4919,15.954537],[-16.491784,15.954522]]]}},{"type":"Feature","properties":{"nom":null},"geometry":{"type":"Polygon","coordinates":[[[-16.491993,15.954549],[-16.492012,15.954405],[-16.492141,15.954422],[-16.492121,15.954565],[-16.491993,15.954549]]]}},{"type":"Feature","properties":{"nom":null},"geometry":{"type":"Polygon","coordinates":[[[-16.492121,15.954565],[-16.492141,15.954422],[-16.492269,15.954438],[-16.492249,15.954582],[-16.492121,15.954565]]]}},{"type":"Feature","properties":{"nom":null},"geometry":{"type":"Polygon","coordinates":[[[-16.491189,15.954591],[-16.491196,15.954446],[-16.491319,15.954462],[-16.491299,15.954605],[-16.491189,15.954591]]]}},{"type":"Feature","properties":{"nom":null},"geometry":{"type":"Polygon","coordinates":[[[-16.492249,15.954582],[-16.492269,15.954438],[-16.492397,15.954455],[-16.492377,15.954598],[-16.492249,15.954582]]]}},{"type":"Feature","properties":{"nom":null},"geometry":{"type":"Polygon","coordinates":[[[-16.491299,15.954605],[-16.491319,15.954462],[-16.491435,15.954477],[-16.491415,15.95462],[-16.491299,15.954605]]]}},{"type":"Feature","properties":{"nom":null},"geometry":{"type":"Polygon","coordinates":[[[-16.492377,15.954598],[-16.492397,15.954455],[-16.492525,15.954471],[-16.492505,15.954615],[-16.492377,15.954598]]]}},{"type":"Feature","properties":{"nom":null},"geometry":{"type":"Polygon","coordinates":[[[-16.491415,15.95462],[-16.491435,15.954477],[-16.491551,15.954492],[-16.491532,15.954635],[-16.491415,15.95462]]]}},{"type":"Feature","properties":{"nom":null},"geometry":{"type":"Polygon","coordinates":[[[-16.492505,15.954615],[-16.492525,15.954471],[-16.492653,15.954488],[-16.492633,15.954631],[-16.492505,15.954615]]]}},{"type":"Feature","properties":{"nom":null},"geometry":{"type":"Polygon","coordinates":[[[-16.491532,15.954635],[-16.491551,15.954492],[-16.491668,15.954507],[-16.491648,15.95465],[-16.491532,15.954635]]]}},{"type":"Feature","properties":{"nom":null},"geometry":{"type":"Polygon","coordinates":[[[-16.492633,15.954631],[-16.492653,15.954488],[-16.492781,15.954504],[-16.492761,15.954648],[-16.492633,15.954631]]]}},{"type":"Feature","properties":{"nom":null},"geometry":{"type":"Polygon","coordinates":[[[-16.491648,15.95465],[-16.491668,15.954507],[-16.491784,15.954522],[-16.491764,15.954665],[-16.491648,15.95465]]]}},{"type":"Feature","properties":{"nom":null},"geometry":{"type":"Polygon","coordinates":[[[-16.491764,15.954665],[-16.491784,15.954522],[-16.4919,15.954537],[-16.49188,15.95468],[-16.491764,15.954665]]]}},{"type":"Feature","properties":{"nom":null},"geometry":{"type":"Polygon","coordinates":[[[-16.491973,15.954692],[-16.491993,15.954549],[-16.492121,15.954565],[-16.492101,15.954708],[-16.491973,15.954692]]]}},{"type":"Feature","properties":{"nom":null},"geometry":{"type":"Polygon","coordinates":[[[-16.492101,15.954708],[-16.492121,15.954565],[-16.492249,15.954582],[-16.492229,15.954725],[-16.492101,15.954708]]]}},{"type":"Feature","properties":{"nom":null},"geometry":{"type":"Polygon","coordinates":[[[-16.492229,15.954725],[-16.492249,15.954582],[-16.492377,15.954598],[-16.492357,15.954741],[-16.492229,15.954725]]]}},{"type":"Feature","properties":{"nom":null},"geometry":{"type":"Polygon","coordinates":[[[-16.492357,15.954741],[-16.492377,15.954598],[-16.492505,15.954615],[-16.492485,15.954758],[-16.492357,15.954741]]]}},{"type":"Feature","properties":{"nom":null},"geometry":{"type":"Polygon","coordinates":[[[-16.492485,15.954758],[-16.492505,15.954615],[-16.492633,15.954631],[-16.492613,15.954774],[-16.492485,15.954758]]]}},{"type":"Feature","properties":{"nom":null},"geometry":{"type":"Polygon","coordinates":[[[-16.492613,15.954774],[-16.492633,15.954631],[-16.492761,15.954648],[-16.492741,15.954791],[-16.492613,15.954774]]]}},{"type":"Feature","properties":{"nom":null},"geometry":{"type":"Polygon","coordinates":[[[-16.491167,15.954793],[-16.491165,15.954793],[-16.491183,15.954681],[-16.491331,15.9547],[-16.491315,15.954812],[-16.491167,15.954793]]]}},{"type":"Feature","properties":{"nom":null},"geometry":{"type":"Polygon","coordinates":[[[-16.491315,15.954812],[-16.491331,15.9547],[-16.491479,15.954719],[-16.491464,15.954831],[-16.491315,15.954812]]]}},{"type":"Feature","properties":{"nom":null},"geometry":{"type":"Polygon","coordinates":[[[-16.491556,15.954843],[-16.491572,15.954731],[-16.49172,15.95475],[-16.491704,15.954862],[-16.491556,15.954843]]]}},{"type":"Feature","properties":{"nom":null},"geometry":{"type":"Polygon","coordinates":[[[-16.491704,15.954862],[-16.49172,15.95475],[-16.491868,15.95477],[-16.491853,15.954881],[-16.491704,15.954862]]]}},{"type":"Feature","properties":{"nom":null},"geometry":{"type":"Polygon","coordinates":[[[-16.491945,15.954893],[-16.491961,15.954781],[-16.492109,15.954801],[-16.492093,15.954913],[-16.491945,15.954893]]]}},{"type":"Feature","properties":{"nom":null},"geometry":{"type":"Polygon","coordinates":[[[-16.491148,15.954905],[-16.491165,15.954793],[-16.491167,15.954793],[-16.491315,15.954812],[-16.4913,15.954924],[-16.491148,15.954905]]]}},{"type":"Feature","properties":{"nom":null},"geometry":{"type":"Polygon","coordinates":[[[-16.492093,15.954913],[-16.492109,15.954801],[-16.492257,15.95482],[-16.492242,15.954932],[-16.492093,15.954913]]]}},{"type":"Feature","properties":{"nom":null},"geometry":{"type":"Polygon","coordinates":[[[-16.4913,15.954924],[-16.491315,15.954812],[-16.491464,15.954831],[-16.491448,15.954943],[-16.4913,15.954924]]]}},{"type":"Feature","properties":{"nom":null},"geometry":{"type":"Polygon","coordinates":[[[-16.491541,15.954955],[-16.491556,15.954843],[-16.491704,15.954862],[-16.491689,15.954974],[-16.491541,15.954955]]]}},{"type":"Feature","properties":{"nom":null},"geometry":{"type":"Polygon","coordinates":[[[-16.491689,15.954974],[-16.491704,15.954862],[-16.491853,15.954881],[-16.491837,15.954993],[-16.491689,15.954974]]]}},{"type":"Feature","properties":{"nom":null},"geometry":{"type":"Polygon","coordinates":[[[-16.49233,15.954975],[-16.49235,15.954832],[-16.492473,15.954847],[-16.492453,15.954991],[-16.49233,15.954975]]]}},{"type":"Feature","properties":{"nom":null},"geometry":{"type":"Polygon","coordinates":[[[-16.492453,15.954991],[-16.492473,15.954847],[-16.492595,15.954863],[-16.492576,15.955007],[-16.492453,15.954991]]]}},{"type":"Feature","properties":{"nom":null},"geometry":{"type":"Polygon","coordinates":[[[-16.49193,15.955005],[-16.491945,15.954893],[-16.492093,15.954913],[-16.492078,15.955025],[-16.49193,15.955005]]]}},{"type":"Feature","properties":{"nom":null},"geometry":{"type":"Polygon","coordinates":[[[-16.492576,15.955007],[-16.492595,15.954863],[-16.492718,15.954879],[-16.492699,15.955022],[-16.492576,15.955007]]]}},{"type":"Feature","properties":{"nom":null},"geometry":{"type":"Polygon","coordinates":[[[-16.491131,15.955016],[-16.491148,15.954905],[-16.4913,15.954924],[-16.491285,15.955036],[-16.491131,15.955016]]]}},{"type":"Feature","properties":{"nom":null},"geometry":{"type":"Polygon","coordinates":[[[-16.492078,15.955025],[-16.492093,15.954913],[-16.492242,15.954932],[-16.492226,15.955044],[-16.492078,15.955025]]]}},{"type":"Feature","properties":{"nom":null},"geometry":{"type":"Polygon","coordinates":[[[-16.491285,15.955036],[-16.4913,15.954924],[-16.491448,15.954943],[-16.491433,15.955055],[-16.491285,15.955036]]]}},{"type":"Feature","properties":{"nom":null},"geometry":{"type":"Polygon","coordinates":[[[-16.491525,15.955067],[-16.491541,15.954955],[-16.491689,15.954974],[-16.491674,15.955086],[-16.491525,15.955067]]]}},{"type":"Feature","properties":{"nom":null},"geometry":{"type":"Polygon","coordinates":[[[-16.491674,15.955086],[-16.491689,15.954974],[-16.491837,15.954993],[-16.491822,15.955105],[-16.491674,15.955086]]]}},{"type":"Feature","properties":{"nom":null},"geometry":{"type":"Polygon","coordinates":[[[-16.491914,15.955117],[-16.49193,15.955005],[-16.492078,15.955025],[-16.492063,15.955137],[-16.491914,15.955117]]]}},{"type":"Feature","properties":{"nom":null},"geometry":{"type":"Polygon","coordinates":[[[-16.49231,15.955118],[-16.49233,15.954975],[-16.492453,15.954991],[-16.492433,15.955134],[-16.49231,15.955118]]]}},{"type":"Feature","properties":{"nom":null},"geometry":{"type":"Polygon","coordinates":[[[-16.491113,15.955128],[-16.491131,15.955016],[-16.491285,15.955036],[-16.491269,15.955148],[-16.491113,15.955128]]]}},{"type":"Feature","properties":{"nom":null},"geometry":{"type":"Polygon","coordinates":[[[-16.492433,15.955134],[-16.492453,15.954991],[-16.492576,15.955007],[-16.492556,15.95515],[-16.492433,15.955134]]]}},{"type":"Feature","properties":{"nom":null},"geometry":{"type":"Polygon","coordinates":[[[-16.492063,15.955137],[-16.492078,15.955025],[-16.492226,15.955044],[-16.492211,15.955156],[-16.492063,15.955137]]]}},{"type":"Feature","properties":{"nom":null},"geometry":{"type":"Polygon","coordinates":[[[-16.491269,15.955148],[-16.491285,15.955036],[-16.491433,15.955055],[-16.491417,15.955167],[-16.491269,15.955148]]]}},{"type":"Feature","properties":{"nom":null},"geometry":{"type":"Polygon","coordinates":[[[-16.492556,15.95515],[-16.492576,15.955007],[-16.492699,15.955022],[-16.492679,15.955166],[-16.492556,15.95515]]]}},{"type":"Feature","properties":{"nom":null},"geometry":{"type":"Polygon","coordinates":[[[-16.49151,15.955179],[-16.491525,15.955067],[-16.491674,15.955086],[-16.491658,15.955198],[-16.49151,15.955179]]]}},{"type":"Feature","properties":{"nom":null},"geometry":{"type":"Polygon","coordinates":[[[-16.491658,15.955198],[-16.491674,15.955086],[-16.491822,15.955105],[-16.491806,15.955217],[-16.491658,15.955198]]]}},{"type":"Feature","properties":{"nom":null},"geometry":{"type":"Polygon","coordinates":[[[-16.491899,15.955229],[-16.491914,15.955117],[-16.492063,15.955137],[-16.492047,15.955248],[-16.491899,15.955229]]]}},{"type":"Feature","properties":{"nom":null},"geometry":{"type":"Polygon","coordinates":[[[-16.492047,15.955248],[-16.492063,15.955137],[-16.492211,15.955156],[-16.492195,15.955268],[-16.492047,15.955248]]]}},{"type":"Feature","properties":{"nom":null},"geometry":{"type":"Polygon","coordinates":[[[-16.491254,15.95526],[-16.491234,15.955254],[-16.491215,15.955246],[-16.491197,15.955236],[-16.49118,15.955224],[-16.491159,15.955206],[-16.491148,15.955193],[-16.491142,15.955185],[-16.491136,15.955177],[-16.491129,15.955165],[-16.491119,15.955144],[-16.491113,15.955128],[-16.491269,15.955148],[-16.491417,15.955167],[-16.491402,15.955279],[-16.491254,15.95526]]]}},{"type":"Feature","properties":{"nom":null},"geometry":{"type":"Polygon","coordinates":[[[-16.491495,15.955291],[-16.49151,15.955179],[-16.491658,15.955198],[-16.491643,15.95531],[-16.491495,15.955291]]]}},{"type":"Feature","properties":{"nom":null},"geometry":{"type":"Polygon","coordinates":[[[-16.491643,15.95531],[-16.491658,15.955198],[-16.491806,15.955217],[-16.491791,15.955329],[-16.491643,15.95531]]]}},{"type":"Feature","properties":{"nom":null},"geometry":{"type":"Polygon","coordinates":[[[-16.491883,15.955341],[-16.491899,15.955229],[-16.492047,15.955248],[-16.492032,15.95536],[-16.491883,15.955341]]]}},{"type":"Feature","properties":{"nom":null},"geometry":{"type":"Polygon","coordinates":[[[-16.492032,15.95536],[-16.492047,15.955248],[-16.492195,15.955268],[-16.49218,15.95538],[-16.492032,15.95536]]]}},{"type":"Feature","properties":{"nom":null},"geometry":{"type":"Polygon","coordinates":[[[-16.492272,15.955392],[-16.492298,15.955208],[-16.492421,15.955224],[-16.492396,15.955407],[-16.492272,15.955392]]]}},{"type":"Feature","properties":{"nom":null},"geometry":{"type":"Polygon","coordinates":[[[-16.492396,15.955407],[-16.492421,15.955224],[-16.492544,15.95524],[-16.492519,15.955423],[-16.492396,15.955407]]]}},{"type":"Feature","properties":{"nom":null},"geometry":{"type":"Polygon","coordinates":[[[-16.492519,15.955423],[-16.492544,15.95524],[-16.492667,15.955256],[-16.492642,15.955439],[-16.492519,15.955423]]]}},{"type":"Feature","properties":{"nom":null},"geometry":{"type":"Polygon","coordinates":[[[-16.491225,15.955539],[-16.491235,15.955395],[-16.491371,15.955412],[-16.491361,15.955557],[-16.491225,15.955539]]]}},{"type":"Feature","properties":{"nom":null},"geometry":{"type":"Polygon","coordinates":[[[-16.491361,15.955557],[-16.491371,15.955412],[-16.491508,15.95543],[-16.491498,15.955574],[-16.491361,15.955557]]]}},{"type":"Feature","properties":{"nom":null},"geometry":{"type":"Polygon","coordinates":[[[-16.491498,15.955574],[-16.491508,15.95543],[-16.491645,15.955448],[-16.491635,15.955592],[-16.491498,15.955574]]]}},{"type":"Feature","properties":{"nom":null},"geometry":{"type":"Polygon","coordinates":[[[-16.491635,15.955592],[-16.491645,15.955448],[-16.491782,15.955465],[-16.491772,15.95561],[-16.491635,15.955592]]]}},{"type":"Feature","properties":{"nom":null},"geometry":{"type":"Polygon","coordinates":[[[-16.491864,15.955622],[-16.491874,15.955477],[-16.49202,15.955496],[-16.492,15.955639],[-16.491864,15.955622]]]}},{"type":"Feature","properties":{"nom":null},"geometry":{"type":"Polygon","coordinates":[[[-16.492,15.955639],[-16.49202,15.955496],[-16.492149,15.955512],[-16.49213,15.955656],[-16.492,15.955639]]]}},{"type":"Feature","properties":{"nom":null},"geometry":{"type":"Polygon","coordinates":[[[-16.49213,15.955656],[-16.492149,15.955512],[-16.492279,15.955529],[-16.492259,15.955673],[-16.49213,15.955656]]]}},{"type":"Feature","properties":{"nom":null},"geometry":{"type":"Polygon","coordinates":[[[-16.491048,15.955662],[-16.491058,15.955504],[-16.491059,15.955495],[-16.491067,15.955482],[-16.491078,15.955467],[-16.491095,15.955449],[-16.491122,15.955428],[-16.49114,15.955417],[-16.491165,15.955407],[-16.491197,15.955398],[-16.491215,15.955395],[-16.491235,15.955395],[-16.491225,15.955539],[-16.491215,15.955684],[-16.491048,15.955662]]]}},{"type":"Feature","properties":{"nom":null},"geometry":{"type":"Polygon","coordinates":[[[-16.492259,15.955673],[-16.492279,15.955529],[-16.492409,15.955546],[-16.492389,15.955689],[-16.492259,15.955673]]]}},{"type":"Feature","properties":{"nom":null},"geometry":{"type":"Polygon","coordinates":[[[-16.491215,15.955684],[-16.491225,15.955539],[-16.491361,15.955557],[-16.491352,15.955701],[-16.491215,15.955684]]]}},{"type":"Feature","properties":{"nom":null},"geometry":{"type":"Polygon","coordinates":[[[-16.492389,15.955689],[-16.492409,15.955546],[-16.492539,15.955563],[-16.492519,15.955706],[-16.492389,15.955689]]]}},{"type":"Feature","properties":{"nom":null},"geometry":{"type":"Polygon","coordinates":[[[-16.491352,15.955701],[-16.491361,15.955557],[-16.491498,15.955574],[-16.491488,15.955719],[-16.491352,15.955701]]]}},{"type":"Feature","properties":{"nom":null},"geometry":{"type":"Polygon","coordinates":[[[-16.492519,15.955706],[-16.492539,15.955563],[-16.492668,15.955579],[-16.492649,15.955723],[-16.492519,15.955706]]]}},{"type":"Feature","properties":{"nom":null},"geometry":{"type":"Polygon","coordinates":[[[-16.491488,15.955719],[-16.491498,15.955574],[-16.491635,15.955592],[-16.491625,15.955737],[-16.491488,15.955719]]]}},{"type":"Feature","properties":{"nom":null},"geometry":{"type":"Polygon","coordinates":[[[-16.491625,15.955737],[-16.491635,15.955592],[-16.491772,15.95561],[-16.491762,15.955754],[-16.491625,15.955737]]]}},{"type":"Feature","properties":{"nom":null},"geometry":{"type":"Polygon","coordinates":[[[-16.491854,15.955766],[-16.491864,15.955622],[-16.492,15.955639],[-16.49198,15.955782],[-16.491854,15.955766]]]}},{"type":"Feature","properties":{"nom":null},"geometry":{"type":"Polygon","coordinates":[[[-16.49198,15.955782],[-16.492,15.955639],[-16.49213,15.955656],[-16.49211,15.955799],[-16.49198,15.955782]]]}},{"type":"Feature","properties":{"nom":null},"geometry":{"type":"Polygon","coordinates":[[[-16.49211,15.955799],[-16.49213,15.955656],[-16.492259,15.955673],[-16.49224,15.955816],[-16.49211,15.955799]]]}},{"type":"Feature","properties":{"nom":null},"geometry":{"type":"Polygon","coordinates":[[[-16.49224,15.955816],[-16.492259,15.955673],[-16.492389,15.955689],[-16.492369,15.955833],[-16.49224,15.955816]]]}},{"type":"Feature","properties":{"nom":null},"geometry":{"type":"Polygon","coordinates":[[[-16.492369,15.955833],[-16.492389,15.955689],[-16.492519,15.955706],[-16.492499,15.955849],[-16.492369,15.955833]]]}},{"type":"Feature","properties":{"nom":null},"geometry":{"type":"Polygon","coordinates":[[[-16.492499,15.955849],[-16.492519,15.955706],[-16.492649,15.955723],[-16.492629,15.955866],[-16.492499,15.955849]]]}},{"type":"Feature","properties":{"nom":null},"geometry":{"type":"Polygon","coordinates":[[[-16.491031,15.955897],[-16.491041,15.955753],[-16.49116,15.955768],[-16.49115,15.955913],[-16.491031,15.955897]]]}},{"type":"Feature","properties":{"nom":null},"geometry":{"type":"Polygon","coordinates":[[[-16.49115,15.955913],[-16.49116,15.955768],[-16.491279,15.955783],[-16.491269,15.955928],[-16.49115,15.955913]]]}},{"type":"Feature","properties":{"nom":null},"geometry":{"type":"Polygon","coordinates":[[[-16.491269,15.955928],[-16.491279,15.955783],[-16.491398,15.955799],[-16.491388,15.955943],[-16.491269,15.955928]]]}},{"type":"Feature","properties":{"nom":null},"geometry":{"type":"Polygon","coordinates":[[[-16.491388,15.955943],[-16.491398,15.955799],[-16.491517,15.955814],[-16.491507,15.955959],[-16.491388,15.955943]]]}},{"type":"Feature","properties":{"nom":null},"geometry":{"type":"Polygon","coordinates":[[[-16.491507,15.955959],[-16.491517,15.955814],[-16.491636,15.955829],[-16.491626,15.955974],[-16.491507,15.955959]]]}},{"type":"Feature","properties":{"nom":null},"geometry":{"type":"Polygon","coordinates":[[[-16.491626,15.955974],[-16.491636,15.955829],[-16.491755,15.955845],[-16.491745,15.955989],[-16.491626,15.955974]]]}},{"type":"Feature","properties":{"nom":null},"geometry":{"type":"Polygon","coordinates":[[[-16.491838,15.956001],[-16.491848,15.955857],[-16.49198,15.955874],[-16.49197,15.956018],[-16.491838,15.956001]]]}},{"type":"Feature","properties":{"nom":null},"geometry":{"type":"Polygon","coordinates":[[[-16.49197,15.956018],[-16.49198,15.955874],[-16.492113,15.955891],[-16.492103,15.956035],[-16.49197,15.956018]]]}},{"type":"Feature","properties":{"nom":null},"geometry":{"type":"Polygon","coordinates":[[[-16.491021,15.956042],[-16.491031,15.955897],[-16.49115,15.955913],[-16.49114,15.956057],[-16.491021,15.956042]]]}},{"type":"Feature","properties":{"nom":null},"geometry":{"type":"Polygon","coordinates":[[[-16.492103,15.956035],[-16.492113,15.955891],[-16.492245,15.955908],[-16.492235,15.956052],[-16.492103,15.956035]]]}},{"type":"Feature","properties":{"nom":null},"geometry":{"type":"Polygon","coordinates":[[[-16.49114,15.956057],[-16.49115,15.955913],[-16.491269,15.955928],[-16.491259,15.956072],[-16.49114,15.956057]]]}},{"type":"Feature","properties":{"nom":null},"geometry":{"type":"Polygon","coordinates":[[[-16.492235,15.956052],[-16.492245,15.955908],[-16.492377,15.955925],[-16.492367,15.956069],[-16.492235,15.956052]]]}},{"type":"Feature","properties":{"nom":null},"geometry":{"type":"Polygon","coordinates":[[[-16.491259,15.956072],[-16.491269,15.955928],[-16.491388,15.955943],[-16.491378,15.956088],[-16.491259,15.956072]]]}},{"type":"Feature","properties":{"nom":null},"geometry":{"type":"Polygon","coordinates":[[[-16.492367,15.956069],[-16.492377,15.955925],[-16.492509,15.955942],[-16.492499,15.956086],[-16.492367,15.956069]]]}},{"type":"Feature","properties":{"nom":null},"geometry":{"type":"Polygon","coordinates":[[[-16.491378,15.956088],[-16.491388,15.955943],[-16.491507,15.955959],[-16.491497,15.956103],[-16.491378,15.956088]]]}},{"type":"Feature","properties":{"nom":null},"geometry":{"type":"Polygon","coordinates":[[[-16.492499,15.956086],[-16.492509,15.955942],[-16.492641,15.955959],[-16.492631,15.956103],[-16.492499,15.956086]]]}},{"type":"Feature","properties":{"nom":null},"geometry":{"type":"Polygon","coordinates":[[[-16.491497,15.956103],[-16.491507,15.955959],[-16.491626,15.955974],[-16.491616,15.956119],[-16.491497,15.956103]]]}},{"type":"Feature","properties":{"nom":null},"geometry":{"type":"Polygon","coordinates":[[[-16.491616,15.956119],[-16.491626,15.955974],[-16.491745,15.955989],[-16.491736,15.956134],[-16.491616,15.956119]]]}},{"type":"Feature","properties":{"nom":null},"geometry":{"type":"Polygon","coordinates":[[[-16.491828,15.956146],[-16.491838,15.956001],[-16.49197,15.956018],[-16.49196,15.956163],[-16.491828,15.956146]]]}},{"type":"Feature","properties":{"nom":null},"geometry":{"type":"Polygon","coordinates":[[[-16.49196,15.956163],[-16.49197,15.956018],[-16.492103,15.956035],[-16.492093,15.95618],[-16.49196,15.956163]]]}},{"type":"Feature","properties":{"nom":null},"geometry":{"type":"Polygon","coordinates":[[[-16.492093,15.95618],[-16.492103,15.956035],[-16.492235,15.956052],[-16.492225,15.956197],[-16.492093,15.95618]]]}},{"type":"Feature","properties":{"nom":null},"geometry":{"type":"Polygon","coordinates":[[[-16.492225,15.956197],[-16.492235,15.956052],[-16.492367,15.956069],[-16.492357,15.956214],[-16.492225,15.956197]]]}},{"type":"Feature","properties":{"nom":null},"geometry":{"type":"Polygon","coordinates":[[[-16.492357,15.956214],[-16.492367,15.956069],[-16.492499,15.956086],[-16.492489,15.956231],[-16.492357,15.956214]]]}},{"type":"Feature","properties":{"nom":null},"geometry":{"type":"Polygon","coordinates":[[[-16.492489,15.956231],[-16.492499,15.956086],[-16.492631,15.956103],[-16.492621,15.956248],[-16.492489,15.956231]]]}},{"type":"Feature","properties":{"nom":null},"geometry":{"type":"Polygon","coordinates":[[[-16.491173,15.956298],[-16.491183,15.956154],[-16.491319,15.956171],[-16.491309,15.956316],[-16.491173,15.956298]]]}},{"type":"Feature","properties":{"nom":null},"geometry":{"type":"Polygon","coordinates":[[[-16.491309,15.956316],[-16.491319,15.956171],[-16.491456,15.956189],[-16.491446,15.956334],[-16.491309,15.956316]]]}},{"type":"Feature","properties":{"nom":null},"geometry":{"type":"Polygon","coordinates":[[[-16.491446,15.956334],[-16.491456,15.956189],[-16.491593,15.956207],[-16.491583,15.956351],[-16.491446,15.956334]]]}},{"type":"Feature","properties":{"nom":null},"geometry":{"type":"Polygon","coordinates":[[[-16.491583,15.956351],[-16.491593,15.956207],[-16.491729,15.956224],[-16.491719,15.956369],[-16.491583,15.956351]]]}},{"type":"Feature","properties":{"nom":null},"geometry":{"type":"Polygon","coordinates":[[[-16.491812,15.956381],[-16.491822,15.956236],[-16.491941,15.956251],[-16.491931,15.956396],[-16.491812,15.956381]]]}},{"type":"Feature","properties":{"nom":null},"geometry":{"type":"Polygon","coordinates":[[[-16.491931,15.956396],[-16.491941,15.956251],[-16.492059,15.956267],[-16.492049,15.956411],[-16.491931,15.956396]]]}},{"type":"Feature","properties":{"nom":null},"geometry":{"type":"Polygon","coordinates":[[[-16.492049,15.956411],[-16.492059,15.956267],[-16.492178,15.956282],[-16.492168,15.956427],[-16.492049,15.956411]]]}},{"type":"Feature","properties":{"nom":null},"geometry":{"type":"Polygon","coordinates":[[[-16.491016,15.956424],[-16.491016,15.956278],[-16.491173,15.956298],[-16.491163,15.956443],[-16.491016,15.956424]]]}},{"type":"Feature","properties":{"nom":null},"geometry":{"type":"Polygon","coordinates":[[[-16.492168,15.956427],[-16.492178,15.956282],[-16.492297,15.956297],[-16.492287,15.956442],[-16.492168,15.956427]]]}},{"type":"Feature","properties":{"nom":null},"geometry":{"type":"Polygon","coordinates":[[[-16.491163,15.956443],[-16.491173,15.956298],[-16.491309,15.956316],[-16.491299,15.956461],[-16.491163,15.956443]]]}},{"type":"Feature","properties":{"nom":null},"geometry":{"type":"Polygon","coordinates":[[[-16.492287,15.956442],[-16.492297,15.956297],[-16.492415,15.956313],[-16.492405,15.956457],[-16.492287,15.956442]]]}},{"type":"Feature","properties":{"nom":null},"geometry":{"type":"Polygon","coordinates":[[[-16.491299,15.956461],[-16.491309,15.956316],[-16.491446,15.956334],[-16.491436,15.956478],[-16.491299,15.956461]]]}},{"type":"Feature","properties":{"nom":null},"geometry":{"type":"Polygon","coordinates":[[[-16.492405,15.956457],[-16.492415,15.956313],[-16.492534,15.956328],[-16.492524,15.956473],[-16.492405,15.956457]]]}},{"type":"Feature","properties":{"nom":null},"geometry":{"type":"Polygon","coordinates":[[[-16.492524,15.956473],[-16.492534,15.956328],[-16.492652,15.956343],[-16.492642,15.956488],[-16.492524,15.956473]]]}},{"type":"Feature","properties":{"nom":null},"geometry":{"type":"Polygon","coordinates":[[[-16.491436,15.956478],[-16.491446,15.956334],[-16.491583,15.956351],[-16.491573,15.956496],[-16.491436,15.956478]]]}},{"type":"Feature","properties":{"nom":null},"geometry":{"type":"Polygon","coordinates":[[[-16.491573,15.956496],[-16.491583,15.956351],[-16.491719,15.956369],[-16.491709,15.956514],[-16.491573,15.956496]]]}},{"type":"Feature","properties":{"nom":null},"geometry":{"type":"Polygon","coordinates":[[[-16.491802,15.956525],[-16.491812,15.956381],[-16.491931,15.956396],[-16.491921,15.956541],[-16.491802,15.956525]]]}},{"type":"Feature","properties":{"nom":null},"geometry":{"type":"Polygon","coordinates":[[[-16.491921,15.956541],[-16.491931,15.956396],[-16.492049,15.956411],[-16.492039,15.956556],[-16.491921,15.956541]]]}},{"type":"Feature","properties":{"nom":null},"geometry":{"type":"Polygon","coordinates":[[[-16.492039,15.956556],[-16.492049,15.956411],[-16.492168,15.956427],[-16.492158,15.956571],[-16.492039,15.956556]]]}},{"type":"Feature","properties":{"nom":null},"geometry":{"type":"Polygon","coordinates":[[[-16.492158,15.956571],[-16.492168,15.956427],[-16.492287,15.956442],[-16.492277,15.956587],[-16.492158,15.956571]]]}},{"type":"Feature","properties":{"nom":null},"geometry":{"type":"Polygon","coordinates":[[[-16.492277,15.956587],[-16.492287,15.956442],[-16.492405,15.956457],[-16.492395,15.956602],[-16.492277,15.956587]]]}},{"type":"Feature","properties":{"nom":null},"geometry":{"type":"Polygon","coordinates":[[[-16.492395,15.956602],[-16.492405,15.956457],[-16.492524,15.956473],[-16.492514,15.956617],[-16.492395,15.956602]]]}},{"type":"Feature","properties":{"nom":null},"geometry":{"type":"Polygon","coordinates":[[[-16.492514,15.956617],[-16.492524,15.956473],[-16.492642,15.956488],[-16.492632,15.956632],[-16.492514,15.956617]]]}},{"type":"Feature","properties":{"nom":null},"geometry":{"type":"Polygon","coordinates":[[[-16.491015,15.956661],[-16.491015,15.956515],[-16.491164,15.956534],[-16.491154,15.956679],[-16.491015,15.956661]]]}},{"type":"Feature","properties":{"nom":null},"geometry":{"type":"Polygon","coordinates":[[[-16.491154,15.956679],[-16.491164,15.956534],[-16.491299,15.956552],[-16.491289,15.956696],[-16.491154,15.956679]]]}},{"type":"Feature","properties":{"nom":null},"geometry":{"type":"Polygon","coordinates":[[[-16.491289,15.956696],[-16.491299,15.956552],[-16.491434,15.956569],[-16.491424,15.956714],[-16.491289,15.956696]]]}},{"type":"Feature","properties":{"nom":null},"geometry":{"type":"Polygon","coordinates":[[[-16.491424,15.956714],[-16.491434,15.956569],[-16.491568,15.956586],[-16.491558,15.956731],[-16.491424,15.956714]]]}},{"type":"Feature","properties":{"nom":null},"geometry":{"type":"Polygon","coordinates":[[[-16.491558,15.956731],[-16.491568,15.956586],[-16.491703,15.956604],[-16.491693,15.956748],[-16.491558,15.956731]]]}},{"type":"Feature","properties":{"nom":null},"geometry":{"type":"Polygon","coordinates":[[[-16.491786,15.95676],[-16.491796,15.956616],[-16.491918,15.956631],[-16.491908,15.956776],[-16.491786,15.95676]]]}},{"type":"Feature","properties":{"nom":null},"geometry":{"type":"Polygon","coordinates":[[[-16.491908,15.956776],[-16.491918,15.956631],[-16.492039,15.956647],[-16.492029,15.956792],[-16.491908,15.956776]]]}},{"type":"Feature","properties":{"nom":null},"geometry":{"type":"Polygon","coordinates":[[[-16.492029,15.956792],[-16.492039,15.956647],[-16.492161,15.956663],[-16.492151,15.956807],[-16.492029,15.956792]]]}},{"type":"Feature","properties":{"nom":null},"geometry":{"type":"Polygon","coordinates":[[[-16.491014,15.956807],[-16.491015,15.956661],[-16.491154,15.956679],[-16.491144,15.956823],[-16.491014,15.956807]]]}},{"type":"Feature","properties":{"nom":null},"geometry":{"type":"Polygon","coordinates":[[[-16.492151,15.956807],[-16.492161,15.956663],[-16.492283,15.956678],[-16.492273,15.956823],[-16.492151,15.956807]]]}},{"type":"Feature","properties":{"nom":null},"geometry":{"type":"Polygon","coordinates":[[[-16.491144,15.956823],[-16.491154,15.956679],[-16.491289,15.956696],[-16.491279,15.956841],[-16.491144,15.956823]]]}},{"type":"Feature","properties":{"nom":null},"geometry":{"type":"Polygon","coordinates":[[[-16.492273,15.956823],[-16.492283,15.956678],[-16.492404,15.956694],[-16.492394,15.956839],[-16.492273,15.956823]]]}},{"type":"Feature","properties":{"nom":null},"geometry":{"type":"Polygon","coordinates":[[[-16.491279,15.956841],[-16.491289,15.956696],[-16.491424,15.956714],[-16.491414,15.956858],[-16.491279,15.956841]]]}},{"type":"Feature","properties":{"nom":null},"geometry":{"type":"Polygon","coordinates":[[[-16.492394,15.956839],[-16.492404,15.956694],[-16.492526,15.95671],[-16.492516,15.956854],[-16.492394,15.956839]]]}},{"type":"Feature","properties":{"nom":null},"geometry":{"type":"Polygon","coordinates":[[[-16.491414,15.956858],[-16.491424,15.956714],[-16.491558,15.956731],[-16.491548,15.956876],[-16.491414,15.956858]]]}},{"type":"Feature","properties":{"nom":null},"geometry":{"type":"Polygon","coordinates":[[[-16.492516,15.956854],[-16.492526,15.95671],[-16.49266,15.956727],[-16.49267,15.956874],[-16.492516,15.956854]]]}},{"type":"Feature","properties":{"nom":null},"geometry":{"type":"Polygon","coordinates":[[[-16.491548,15.956876],[-16.491558,15.956731],[-16.491693,15.956748],[-16.491683,15.956893],[-16.491548,15.956876]]]}},{"type":"Feature","properties":{"nom":null},"geometry":{"type":"Polygon","coordinates":[[[-16.491776,15.956905],[-16.491786,15.95676],[-16.491908,15.956776],[-16.491898,15.956921],[-16.491776,15.956905]]]}},{"type":"Feature","properties":{"nom":null},"geometry":{"type":"Polygon","coordinates":[[[-16.491898,15.956921],[-16.491908,15.956776],[-16.492029,15.956792],[-16.492019,15.956936],[-16.491898,15.956921]]]}},{"type":"Feature","properties":{"nom":null},"geometry":{"type":"Polygon","coordinates":[[[-16.492019,15.956936],[-16.492029,15.956792],[-16.492151,15.956807],[-16.492141,15.956952],[-16.492019,15.956936]]]}},{"type":"Feature","properties":{"nom":null},"geometry":{"type":"Polygon","coordinates":[[[-16.492141,15.956952],[-16.492151,15.956807],[-16.492273,15.956823],[-16.492263,15.956968],[-16.492141,15.956952]]]}},{"type":"Feature","properties":{"nom":null},"geometry":{"type":"Polygon","coordinates":[[[-16.492263,15.956968],[-16.492273,15.956823],[-16.492394,15.956839],[-16.492384,15.956983],[-16.492263,15.956968]]]}},{"type":"Feature","properties":{"nom":null},"geometry":{"type":"Polygon","coordinates":[[[-16.492384,15.956983],[-16.492394,15.956839],[-16.492516,15.956854],[-16.492506,15.956999],[-16.492384,15.956983]]]}},{"type":"Feature","properties":{"nom":null},"geometry":{"type":"Polygon","coordinates":[[[-16.492506,15.956999],[-16.492516,15.956854],[-16.49267,15.956874],[-16.49268,15.957021],[-16.492506,15.956999]]]}},{"type":"Feature","properties":{"nom":null},"geometry":{"type":"Polygon","coordinates":[[[-16.491013,15.957031],[-16.491012,15.957031],[-16.491014,15.956898],[-16.491159,15.956917],[-16.491153,15.957049],[-16.491013,15.957031]]]}},{"type":"Feature","properties":{"nom":null},"geometry":{"type":"Polygon","coordinates":[[[-16.491153,15.957049],[-16.491159,15.956917],[-16.491308,15.956936],[-16.491302,15.957068],[-16.491153,15.957049]]]}},{"type":"Feature","properties":{"nom":null},"geometry":{"type":"Polygon","coordinates":[[[-16.491387,15.957061],[-16.491393,15.956947],[-16.491541,15.956966],[-16.491536,15.95708],[-16.491387,15.957061]]]}},{"type":"Feature","properties":{"nom":null},"geometry":{"type":"Polygon","coordinates":[[[-16.491536,15.95708],[-16.491541,15.956966],[-16.49169,15.956985],[-16.491685,15.957099],[-16.491536,15.95708]]]}},{"type":"Feature","properties":{"nom":null},"geometry":{"type":"Polygon","coordinates":[[[-16.491777,15.957117],[-16.491783,15.956997],[-16.491932,15.957016],[-16.491926,15.957136],[-16.491777,15.957117]]]}},{"type":"Feature","properties":{"nom":null},"geometry":{"type":"Polygon","coordinates":[[[-16.491926,15.957136],[-16.491932,15.957016],[-16.49208,15.957035],[-16.492075,15.957155],[-16.491926,15.957136]]]}},{"type":"Feature","properties":{"nom":null},"geometry":{"type":"Polygon","coordinates":[[[-16.490997,15.957161],[-16.491011,15.957091],[-16.491012,15.957031],[-16.491013,15.957031],[-16.491153,15.957049],[-16.491147,15.95718],[-16.490997,15.957161]]]}},{"type":"Feature","properties":{"nom":null},"geometry":{"type":"Polygon","coordinates":[[[-16.491382,15.957174],[-16.491387,15.957061],[-16.491536,15.95708],[-16.491531,15.957194],[-16.491382,15.957174]]]}},{"type":"Feature","properties":{"nom":null},"geometry":{"type":"Polygon","coordinates":[[[-16.491147,15.95718],[-16.491153,15.957049],[-16.491302,15.957068],[-16.491296,15.957199],[-16.491147,15.95718]]]}},{"type":"Feature","properties":{"nom":null},"geometry":{"type":"Polygon","coordinates":[[[-16.492167,15.95718],[-16.492173,15.957047],[-16.492322,15.957067],[-16.492316,15.957199],[-16.492167,15.95718]]]}},{"type":"Feature","properties":{"nom":null},"geometry":{"type":"Polygon","coordinates":[[[-16.491531,15.957194],[-16.491536,15.95708],[-16.491685,15.957099],[-16.491679,15.957213],[-16.491531,15.957194]]]}},{"type":"Feature","properties":{"nom":null},"geometry":{"type":"Polygon","coordinates":[[[-16.492316,15.957199],[-16.492322,15.957067],[-16.492471,15.957086],[-16.492465,15.957218],[-16.492316,15.957199]]]}},{"type":"Feature","properties":{"nom":null},"geometry":{"type":"Polygon","coordinates":[[[-16.491772,15.957237],[-16.491777,15.957117],[-16.491926,15.957136],[-16.491921,15.957256],[-16.491772,15.957237]]]}},{"type":"Feature","properties":{"nom":null},"geometry":{"type":"Polygon","coordinates":[[[-16.491921,15.957256],[-16.491926,15.957136],[-16.492075,15.957155],[-16.492069,15.957276],[-16.491921,15.957256]]]}},{"type":"Feature","properties":{"nom":null},"geometry":{"type":"Polygon","coordinates":[[[-16.490975,15.957276],[-16.490997,15.957161],[-16.491147,15.95718],[-16.491141,15.957297],[-16.490975,15.957276]]]}},{"type":"Feature","properties":{"nom":null},"geometry":{"type":"Polygon","coordinates":[[[-16.491377,15.957288],[-16.491382,15.957174],[-16.491531,15.957194],[-16.491525,15.957307],[-16.491377,15.957288]]]}},{"type":"Feature","properties":{"nom":null},"geometry":{"type":"Polygon","coordinates":[[[-16.491141,15.957297],[-16.491147,15.95718],[-16.491296,15.957199],[-16.49129,15.957317],[-16.491141,15.957297]]]}},{"type":"Feature","properties":{"nom":null},"geometry":{"type":"Polygon","coordinates":[[[-16.491525,15.957307],[-16.491531,15.957194],[-16.491679,15.957213],[-16.491674,15.957327],[-16.491525,15.957307]]]}},{"type":"Feature","properties":{"nom":null},"geometry":{"type":"Polygon","coordinates":[[[-16.492161,15.957312],[-16.492167,15.95718],[-16.492316,15.957199],[-16.49231,15.957332],[-16.492161,15.957312]]]}},{"type":"Feature","properties":{"nom":null},"geometry":{"type":"Polygon","coordinates":[[[-16.49231,15.957332],[-16.492316,15.957199],[-16.492465,15.957218],[-16.492459,15.957351],[-16.49231,15.957332]]]}},{"type":"Feature","properties":{"nom":null},"geometry":{"type":"Polygon","coordinates":[[[-16.491766,15.957357],[-16.491772,15.957237],[-16.491921,15.957256],[-16.491915,15.957376],[-16.491766,15.957357]]]}},{"type":"Feature","properties":{"nom":null},"geometry":{"type":"Polygon","coordinates":[[[-16.491915,15.957376],[-16.491921,15.957256],[-16.492069,15.957276],[-16.492064,15.957396],[-16.491915,15.957376]]]}},{"type":"Feature","properties":{"nom":null},"geometry":{"type":"Polygon","coordinates":[[[-16.491371,15.957402],[-16.491377,15.957288],[-16.491525,15.957307],[-16.49152,15.957421],[-16.491371,15.957402]]]}},{"type":"Feature","properties":{"nom":null},"geometry":{"type":"Polygon","coordinates":[[[-16.49152,15.957421],[-16.491525,15.957307],[-16.491674,15.957327],[-16.491669,15.95744],[-16.49152,15.957421]]]}},{"type":"Feature","properties":{"nom":null},"geometry":{"type":"Polygon","coordinates":[[[-16.492155,15.957445],[-16.492161,15.957312],[-16.49231,15.957332],[-16.492304,15.957464],[-16.492155,15.957445]]]}},{"type":"Feature","properties":{"nom":null},"geometry":{"type":"Polygon","coordinates":[[[-16.492304,15.957464],[-16.49231,15.957332],[-16.492459,15.957351],[-16.492452,15.957483],[-16.492304,15.957464]]]}},{"type":"Feature","properties":{"nom":null},"geometry":{"type":"Polygon","coordinates":[[[-16.490935,15.957479],[-16.490957,15.957365],[-16.491118,15.957386],[-16.491105,15.957501],[-16.490935,15.957479]]]}},{"type":"Feature","properties":{"nom":null},"geometry":{"type":"Polygon","coordinates":[[[-16.491761,15.957477],[-16.491766,15.957357],[-16.491915,15.957376],[-16.491909,15.957497],[-16.491761,15.957477]]]}},{"type":"Feature","properties":{"nom":null},"geometry":{"type":"Polygon","coordinates":[[[-16.491909,15.957497],[-16.491915,15.957376],[-16.492064,15.957396],[-16.492058,15.957516],[-16.491909,15.957497]]]}},{"type":"Feature","properties":{"nom":null},"geometry":{"type":"Polygon","coordinates":[[[-16.491105,15.957501],[-16.491118,15.957386],[-16.491278,15.957406],[-16.491272,15.957523],[-16.491105,15.957501]]]}},{"type":"Feature","properties":{"nom":null},"geometry":{"type":"Polygon","coordinates":[[[-16.491366,15.957516],[-16.491371,15.957402],[-16.49152,15.957421],[-16.491515,15.957535],[-16.491366,15.957516]]]}},{"type":"Feature","properties":{"nom":null},"geometry":{"type":"Polygon","coordinates":[[[-16.491515,15.957535],[-16.49152,15.957421],[-16.491669,15.95744],[-16.491664,15.957554],[-16.491515,15.957535]]]}},{"type":"Feature","properties":{"nom":null},"geometry":{"type":"Polygon","coordinates":[[[-16.490913,15.95759],[-16.490935,15.957479],[-16.491105,15.957501],[-16.491092,15.957613],[-16.490913,15.95759]]]}},{"type":"Feature","properties":{"nom":null},"geometry":{"type":"Polygon","coordinates":[[[-16.491755,15.957598],[-16.491761,15.957477],[-16.491909,15.957497],[-16.491904,15.957617],[-16.491755,15.957598]]]}},{"type":"Feature","properties":{"nom":null},"geometry":{"type":"Polygon","coordinates":[[[-16.491092,15.957613],[-16.491105,15.957501],[-16.491272,15.957523],[-16.491267,15.957636],[-16.491092,15.957613]]]}},{"type":"Feature","properties":{"nom":null},"geometry":{"type":"Polygon","coordinates":[[[-16.492304,15.957464],[-16.492452,15.957483],[-16.492448,15.957578],[-16.492296,15.957631],[-16.492304,15.957464]]]}},{"type":"Feature","properties":{"nom":null},"geometry":{"type":"Polygon","coordinates":[[[-16.491904,15.957617],[-16.491909,15.957497],[-16.492058,15.957516],[-16.492053,15.957636],[-16.491904,15.957617]]]}},{"type":"Feature","properties":{"nom":null},"geometry":{"type":"Polygon","coordinates":[[[-16.491361,15.95763],[-16.491366,15.957516],[-16.491515,15.957535],[-16.49151,15.957649],[-16.491361,15.95763]]]}},{"type":"Feature","properties":{"nom":null},"geometry":{"type":"Polygon","coordinates":[[[-16.49151,15.957649],[-16.491515,15.957535],[-16.491664,15.957554],[-16.491658,15.957668],[-16.49151,15.957649]]]}},{"type":"Feature","properties":{"nom":null},"geometry":{"type":"Polygon","coordinates":[[[-16.492155,15.957445],[-16.492304,15.957464],[-16.492296,15.957631],[-16.492144,15.957684],[-16.492155,15.957445]]]}},{"type":"Feature","properties":{"nom":null},"geometry":{"type":"Polygon","coordinates":[[[-16.490893,15.957693],[-16.490913,15.95759],[-16.491092,15.957613],[-16.491081,15.957717],[-16.490893,15.957693]]]}},{"type":"Feature","properties":{"nom":null},"geometry":{"type":"Polygon","coordinates":[[[-16.491081,15.957717],[-16.491092,15.957613],[-16.491267,15.957636],[-16.491262,15.957741],[-16.491081,15.957717]]]}},{"type":"Feature","properties":{"nom":null},"geometry":{"type":"Polygon","coordinates":[[[-16.491356,15.957744],[-16.491361,15.95763],[-16.49151,15.957649],[-16.491504,15.957763],[-16.491356,15.957744]]]}},{"type":"Feature","properties":{"nom":null},"geometry":{"type":"Polygon","coordinates":[[[-16.491904,15.957617],[-16.492053,15.957636],[-16.492049,15.957717],[-16.491897,15.95777],[-16.491904,15.957617]]]}},{"type":"Feature","properties":{"nom":null},"geometry":{"type":"Polygon","coordinates":[[[-16.491504,15.957763],[-16.49151,15.957649],[-16.491658,15.957668],[-16.491653,15.957782],[-16.491504,15.957763]]]}},{"type":"Feature","properties":{"nom":null},"geometry":{"type":"Polygon","coordinates":[[[-16.490874,15.95779],[-16.490893,15.957693],[-16.491081,15.957717],[-16.491069,15.957815],[-16.490874,15.95779]]]}},{"type":"Feature","properties":{"nom":null},"geometry":{"type":"Polygon","coordinates":[[[-16.491755,15.957598],[-16.491904,15.957617],[-16.491897,15.95777],[-16.491745,15.957823],[-16.491755,15.957598]]]}},{"type":"Feature","properties":{"nom":null},"geometry":{"type":"Polygon","coordinates":[[[-16.491069,15.957815],[-16.491081,15.957717],[-16.491262,15.957741],[-16.491258,15.95784],[-16.491069,15.957815]]]}},{"type":"Feature","properties":{"nom":null},"geometry":{"type":"Polygon","coordinates":[[[-16.491504,15.957763],[-16.491653,15.957782],[-16.49165,15.957856],[-16.491498,15.957909],[-16.491504,15.957763]]]}},{"type":"Feature","properties":{"nom":null},"geometry":{"type":"Polygon","coordinates":[[[-16.490859,15.957887],[-16.490856,15.957883],[-16.490874,15.95779],[-16.491069,15.957815],[-16.491058,15.957913],[-16.490859,15.957887]]]}},{"type":"Feature","properties":{"nom":null},"geometry":{"type":"Polygon","coordinates":[[[-16.492287,15.957826],[-16.49243,15.957776],[-16.492492,15.957875],[-16.492349,15.957925],[-16.492287,15.957826]]]}},{"type":"Feature","properties":{"nom":null},"geometry":{"type":"Polygon","coordinates":[[[-16.491058,15.957913],[-16.491069,15.957815],[-16.491258,15.95784],[-16.491253,15.957938],[-16.491058,15.957913]]]}},{"type":"Feature","properties":{"nom":null},"geometry":{"type":"Polygon","coordinates":[[[-16.491356,15.957744],[-16.491504,15.957763],[-16.491498,15.957909],[-16.491345,15.957963],[-16.491356,15.957744]]]}},{"type":"Feature","properties":{"nom":null},"geometry":{"type":"Polygon","coordinates":[[[-16.492143,15.957876],[-16.492287,15.957826],[-16.492349,15.957925],[-16.492205,15.957975],[-16.492143,15.957876]]]}},{"type":"Feature","properties":{"nom":null},"geometry":{"type":"Polygon","coordinates":[[[-16.492349,15.957925],[-16.492492,15.957875],[-16.492554,15.957973],[-16.492411,15.958023],[-16.492349,15.957925]]]}},{"type":"Feature","properties":{"nom":null},"geometry":{"type":"Polygon","coordinates":[[[-16.49191,15.957958],[-16.492054,15.957908],[-16.492115,15.958006],[-16.491972,15.958056],[-16.49191,15.957958]]]}},{"type":"Feature","properties":{"nom":null},"geometry":{"type":"Polygon","coordinates":[[[-16.491041,15.958069],[-16.491058,15.957913],[-16.491253,15.957938],[-16.49125,15.957996],[-16.49104,15.958071],[-16.491041,15.958069]]]}},{"type":"Feature","properties":{"nom":null},"geometry":{"type":"Polygon","coordinates":[[[-16.492205,15.957975],[-16.492349,15.957925],[-16.492411,15.958023],[-16.492267,15.958073],[-16.492205,15.957975]]]}},{"type":"Feature","properties":{"nom":null},"geometry":{"type":"Polygon","coordinates":[[[-16.491767,15.958008],[-16.49191,15.957958],[-16.491972,15.958056],[-16.491829,15.958106],[-16.491767,15.958008]]]}},{"type":"Feature","properties":{"nom":null},"geometry":{"type":"Polygon","coordinates":[[[-16.492411,15.958023],[-16.492554,15.957973],[-16.492616,15.958072],[-16.492472,15.958122],[-16.492411,15.958023]]]}},{"type":"Feature","properties":{"nom":null},"geometry":{"type":"Polygon","coordinates":[[[-16.490856,15.957883],[-16.490859,15.957887],[-16.491058,15.957913],[-16.491041,15.958069],[-16.49104,15.958071],[-16.490803,15.958156],[-16.490856,15.957883]]]}},{"type":"Feature","properties":{"nom":null},"geometry":{"type":"Polygon","coordinates":[[[-16.491972,15.958056],[-16.492115,15.958006],[-16.492177,15.958105],[-16.492034,15.958155],[-16.491972,15.958056]]]}},{"type":"Feature","properties":{"nom":null},"geometry":{"type":"Polygon","coordinates":[[[-16.492267,15.958073],[-16.492411,15.958023],[-16.492472,15.958122],[-16.492329,15.958172],[-16.492267,15.958073]]]}},{"type":"Feature","properties":{"nom":null},"geometry":{"type":"Polygon","coordinates":[[[-16.491829,15.958106],[-16.491972,15.958056],[-16.492034,15.958155],[-16.49189,15.958205],[-16.491829,15.958106]]]}},{"type":"Feature","properties":{"nom":null},"geometry":{"type":"Polygon","coordinates":[[[-16.49156,15.95808],[-16.491677,15.958039],[-16.491761,15.958173],[-16.491645,15.958214],[-16.49156,15.95808]]]}},{"type":"Feature","properties":{"nom":null},"geometry":{"type":"Polygon","coordinates":[[[-16.492472,15.958122],[-16.492616,15.958072],[-16.492678,15.95817],[-16.492534,15.95822],[-16.492472,15.958122]]]}},{"type":"Feature","properties":{"nom":null},"geometry":{"type":"Polygon","coordinates":[[[-16.491444,15.95812],[-16.49156,15.95808],[-16.491645,15.958214],[-16.491528,15.958254],[-16.491444,15.95812]]]}},{"type":"Feature","properties":{"nom":null},"geometry":{"type":"Polygon","coordinates":[[[-16.492034,15.958155],[-16.492177,15.958105],[-16.492239,15.958203],[-16.492096,15.958253],[-16.492034,15.958155]]]}},{"type":"Feature","properties":{"nom":null},"geometry":{"type":"Polygon","coordinates":[[[-16.492329,15.958172],[-16.492472,15.958122],[-16.492534,15.95822],[-16.492391,15.95827],[-16.492329,15.958172]]]}},{"type":"Feature","properties":{"nom":null},"geometry":{"type":"Polygon","coordinates":[[[-16.491327,15.958161],[-16.491444,15.95812],[-16.491528,15.958254],[-16.491411,15.958295],[-16.491327,15.958161]]]}},{"type":"Feature","properties":{"nom":null},"geometry":{"type":"Polygon","coordinates":[[[-16.49189,15.958205],[-16.492034,15.958155],[-16.492096,15.958253],[-16.491952,15.958303],[-16.49189,15.958205]]]}},{"type":"Feature","properties":{"nom":null},"geometry":{"type":"Polygon","coordinates":[[[-16.491211,15.958202],[-16.491327,15.958161],[-16.491411,15.958295],[-16.491295,15.958336],[-16.491211,15.958202]]]}},{"type":"Feature","properties":{"nom":null},"geometry":{"type":"Polygon","coordinates":[[[-16.491645,15.958214],[-16.491761,15.958173],[-16.491845,15.958307],[-16.491729,15.958348],[-16.491645,15.958214]]]}},{"type":"Feature","properties":{"nom":null},"geometry":{"type":"Polygon","coordinates":[[[-16.492096,15.958253],[-16.492239,15.958203],[-16.492301,15.958302],[-16.492158,15.958352],[-16.492096,15.958253]]]}},{"type":"Feature","properties":{"nom":null},"geometry":{"type":"Polygon","coordinates":[[[-16.491094,15.958242],[-16.491211,15.958202],[-16.491295,15.958336],[-16.491178,15.958376],[-16.491094,15.958242]]]}},{"type":"Feature","properties":{"nom":null},"geometry":{"type":"Polygon","coordinates":[[[-16.491528,15.958254],[-16.491645,15.958214],[-16.491729,15.958348],[-16.491612,15.958388],[-16.491528,15.958254]]]}},{"type":"Feature","properties":{"nom":null},"geometry":{"type":"Polygon","coordinates":[[[-16.491952,15.958303],[-16.492096,15.958253],[-16.492158,15.958352],[-16.492014,15.958402],[-16.491952,15.958303]]]}},{"type":"Feature","properties":{"nom":null},"geometry":{"type":"Polygon","coordinates":[[[-16.491411,15.958295],[-16.491528,15.958254],[-16.491612,15.958388],[-16.491496,15.958429],[-16.491411,15.958295]]]}},{"type":"Feature","properties":{"nom":null},"geometry":{"type":"Polygon","coordinates":[[[-16.490935,15.958346],[-16.490935,15.958328],[-16.490941,15.958312],[-16.49095,15.958299],[-16.490963,15.958288],[-16.491094,15.958242],[-16.491178,15.958376],[-16.490972,15.958448],[-16.490935,15.958346]]]}},{"type":"Feature","properties":{"nom":null},"geometry":{"type":"Polygon","coordinates":[[[-16.492158,15.958352],[-16.492301,15.958302],[-16.492363,15.9584],[-16.49222,15.95845],[-16.492158,15.958352]]]}},{"type":"Feature","properties":{"nom":null},"geometry":{"type":"Polygon","coordinates":[[[-16.491295,15.958336],[-16.491411,15.958295],[-16.491496,15.958429],[-16.491379,15.95847],[-16.491295,15.958336]]]}},{"type":"Feature","properties":{"nom":null},"geometry":{"type":"Polygon","coordinates":[[[-16.492014,15.958402],[-16.492158,15.958352],[-16.49222,15.95845],[-16.492076,15.9585],[-16.492014,15.958402]]]}},{"type":"Feature","properties":{"nom":null},"geometry":{"type":"Polygon","coordinates":[[[-16.491178,15.958376],[-16.491295,15.958336],[-16.491379,15.95847],[-16.491262,15.95851],[-16.491178,15.958376]]]}},{"type":"Feature","properties":{"nom":null},"geometry":{"type":"Polygon","coordinates":[[[-16.491778,15.958426],[-16.491895,15.958386],[-16.491974,15.958512],[-16.491964,15.958516],[-16.491857,15.958553],[-16.491778,15.958426]]]}},{"type":"Feature","properties":{"nom":null},"geometry":{"type":"Polygon","coordinates":[[[-16.492281,15.958547],[-16.49222,15.95845],[-16.492363,15.9584],[-16.49243,15.958507],[-16.492285,15.958557],[-16.492281,15.958547]]]}},{"type":"Feature","properties":{"nom":null},"geometry":{"type":"Polygon","coordinates":[[[-16.490972,15.958448],[-16.491178,15.958376],[-16.491262,15.95851],[-16.491026,15.958593],[-16.490972,15.958448]]]}},{"type":"Feature","properties":{"nom":null},"geometry":{"type":"Polygon","coordinates":[[[-16.491662,15.958467],[-16.491778,15.958426],[-16.491857,15.958553],[-16.491741,15.958593],[-16.491662,15.958467]]]}},{"type":"Feature","properties":{"nom":null},"geometry":{"type":"Polygon","coordinates":[[[-16.492076,15.9585],[-16.49222,15.95845],[-16.492281,15.958547],[-16.492285,15.958557],[-16.492143,15.958607],[-16.492076,15.9585]]]}},{"type":"Feature","properties":{"nom":null},"geometry":{"type":"Polygon","coordinates":[[[-16.491545,15.958508],[-16.491662,15.958467],[-16.491741,15.958593],[-16.491624,15.958634],[-16.491545,15.958508]]]}},{"type":"Feature","properties":{"nom":null},"geometry":{"type":"Polygon","coordinates":[[[-16.49244,15.958349],[-16.492727,15.958249],[-16.492925,15.958563],[-16.492638,15.958663],[-16.49244,15.958349]]]}},{"type":"Feature","properties":{"nom":null},"geometry":{"type":"Polygon","coordinates":[[[-16.491428,15.958548],[-16.491545,15.958508],[-16.491624,15.958634],[-16.491508,15.958675],[-16.491428,15.958548]]]}},{"type":"Feature","properties":{"nom":null},"geometry":{"type":"Polygon","coordinates":[[[-16.491857,15.958553],[-16.491964,15.958516],[-16.491974,15.958512],[-16.492053,15.958638],[-16.491937,15.958679],[-16.491857,15.958553]]]}},{"type":"Feature","properties":{"nom":null},"geometry":{"type":"Polygon","coordinates":[[[-16.491312,15.958589],[-16.491428,15.958548],[-16.491508,15.958675],[-16.491391,15.958715],[-16.491312,15.958589]]]}},{"type":"Feature","properties":{"nom":null},"geometry":{"type":"Polygon","coordinates":[[[-16.491741,15.958593],[-16.491857,15.958553],[-16.491937,15.958679],[-16.49182,15.958719],[-16.491741,15.958593]]]}},{"type":"Feature","properties":{"nom":null},"geometry":{"type":"Polygon","coordinates":[[[-16.492336,15.958635],[-16.492479,15.958585],[-16.492545,15.958689],[-16.492401,15.958739],[-16.492336,15.958635]]]}},{"type":"Feature","properties":{"nom":null},"geometry":{"type":"Polygon","coordinates":[[[-16.491195,15.95863],[-16.491312,15.958589],[-16.491391,15.958715],[-16.491275,15.958756],[-16.491195,15.95863]]]}},{"type":"Feature","properties":{"nom":null},"geometry":{"type":"Polygon","coordinates":[[[-16.491624,15.958634],[-16.491741,15.958593],[-16.49182,15.958719],[-16.491704,15.95876],[-16.491624,15.958634]]]}},{"type":"Feature","properties":{"nom":null},"geometry":{"type":"Polygon","coordinates":[[[-16.492192,15.958685],[-16.492336,15.958635],[-16.492401,15.958739],[-16.492258,15.958789],[-16.492192,15.958685]]]}},{"type":"Feature","properties":{"nom":null},"geometry":{"type":"Polygon","coordinates":[[[-16.491508,15.958675],[-16.491624,15.958634],[-16.491704,15.95876],[-16.491587,15.958801],[-16.491508,15.958675]]]}},{"type":"Feature","properties":{"nom":null},"geometry":{"type":"Polygon","coordinates":[[[-16.492831,15.958692],[-16.492974,15.958642],[-16.49304,15.958747],[-16.492897,15.958797],[-16.492831,15.958692]]]}},{"type":"Feature","properties":{"nom":null},"geometry":{"type":"Polygon","coordinates":[[[-16.491057,15.958678],[-16.491195,15.95863],[-16.491275,15.958756],[-16.491108,15.958814],[-16.491057,15.958678]]]}},{"type":"Feature","properties":{"nom":null},"geometry":{"type":"Polygon","coordinates":[[[-16.491391,15.958715],[-16.491508,15.958675],[-16.491587,15.958801],[-16.49147,15.958841],[-16.491391,15.958715]]]}},{"type":"Feature","properties":{"nom":null},"geometry":{"type":"Polygon","coordinates":[[[-16.492401,15.958739],[-16.492545,15.958689],[-16.49261,15.958793],[-16.492466,15.958843],[-16.492401,15.958739]]]}},{"type":"Feature","properties":{"nom":null},"geometry":{"type":"Polygon","coordinates":[[[-16.492687,15.958742],[-16.492831,15.958692],[-16.492897,15.958797],[-16.492753,15.958847],[-16.492687,15.958742]]]}},{"type":"Feature","properties":{"nom":null},"geometry":{"type":"Polygon","coordinates":[[[-16.491275,15.958756],[-16.491391,15.958715],[-16.49147,15.958841],[-16.491354,15.958882],[-16.491275,15.958756]]]}},{"type":"Feature","properties":{"nom":null},"geometry":{"type":"Polygon","coordinates":[[[-16.49252,15.957745],[-16.492699,15.957683],[-16.493355,15.958725],[-16.49323,15.958875],[-16.49252,15.957745]]]}},{"type":"Feature","properties":{"nom":null},"geometry":{"type":"Polygon","coordinates":[[[-16.491968,15.958764],[-16.492103,15.958717],[-16.492182,15.958843],[-16.492047,15.95889],[-16.491968,15.958764]]]}},{"type":"Feature","properties":{"nom":null},"geometry":{"type":"Polygon","coordinates":[[[-16.492258,15.958789],[-16.492401,15.958739],[-16.492466,15.958843],[-16.492323,15.958893],[-16.492258,15.958789]]]}},{"type":"Feature","properties":{"nom":null},"geometry":{"type":"Polygon","coordinates":[[[-16.492897,15.958797],[-16.49304,15.958747],[-16.493106,15.958852],[-16.492963,15.958902],[-16.492897,15.958797]]]}},{"type":"Feature","properties":{"nom":null},"geometry":{"type":"Polygon","coordinates":[[[-16.491832,15.958811],[-16.491968,15.958764],[-16.492047,15.95889],[-16.491912,15.958937],[-16.491832,15.958811]]]}},{"type":"Feature","properties":{"nom":null},"geometry":{"type":"Polygon","coordinates":[[[-16.491108,15.958814],[-16.491275,15.958756],[-16.491354,15.958882],[-16.491159,15.95895],[-16.491108,15.958814]]]}},{"type":"Feature","properties":{"nom":null},"geometry":{"type":"Polygon","coordinates":[[[-16.492466,15.958843],[-16.49261,15.958793],[-16.492675,15.958897],[-16.492532,15.958947],[-16.492466,15.958843]]]}},{"type":"Feature","properties":{"nom":null},"geometry":{"type":"Polygon","coordinates":[[[-16.492753,15.958847],[-16.492897,15.958797],[-16.492963,15.958902],[-16.492819,15.958952],[-16.492753,15.958847]]]}},{"type":"Feature","properties":{"nom":null},"geometry":{"type":"Polygon","coordinates":[[[-16.491697,15.958858],[-16.491832,15.958811],[-16.491912,15.958937],[-16.491776,15.958984],[-16.491697,15.958858]]]}},{"type":"Feature","properties":{"nom":null},"geometry":{"type":"Polygon","coordinates":[[[-16.492323,15.958893],[-16.492466,15.958843],[-16.492532,15.958947],[-16.492388,15.958997],[-16.492323,15.958893]]]}},{"type":"Feature","properties":{"nom":null},"geometry":{"type":"Polygon","coordinates":[[[-16.492047,15.95889],[-16.492182,15.958843],[-16.492261,15.958969],[-16.492126,15.959016],[-16.492047,15.95889]]]}},{"type":"Feature","properties":{"nom":null},"geometry":{"type":"Polygon","coordinates":[[[-16.491562,15.958905],[-16.491697,15.958858],[-16.491776,15.958984],[-16.491641,15.959032],[-16.491562,15.958905]]]}},{"type":"Feature","properties":{"nom":null},"geometry":{"type":"Polygon","coordinates":[[[-16.492532,15.958947],[-16.492675,15.958897],[-16.49274,15.959001],[-16.492597,15.959051],[-16.492532,15.958947]]]}},{"type":"Feature","properties":{"nom":null},"geometry":{"type":"Polygon","coordinates":[[[-16.492819,15.958952],[-16.492963,15.958902],[-16.493029,15.959007],[-16.492885,15.959057],[-16.492819,15.958952]]]}},{"type":"Feature","properties":{"nom":null},"geometry":{"type":"Polygon","coordinates":[[[-16.491912,15.958937],[-16.492047,15.95889],[-16.492126,15.959016],[-16.491991,15.959063],[-16.491912,15.958937]]]}},{"type":"Feature","properties":{"nom":null},"geometry":{"type":"Polygon","coordinates":[[[-16.491427,15.958953],[-16.491562,15.958905],[-16.491641,15.959032],[-16.491506,15.959079],[-16.491427,15.958953]]]}},{"type":"Feature","properties":{"nom":null},"geometry":{"type":"Polygon","coordinates":[[[-16.493029,15.959007],[-16.492963,15.958902],[-16.493106,15.958852],[-16.493167,15.958949],[-16.493068,15.959069],[-16.493029,15.959007]]]}},{"type":"Feature","properties":{"nom":null},"geometry":{"type":"Polygon","coordinates":[[[-16.492388,15.958997],[-16.492532,15.958947],[-16.492597,15.959051],[-16.492453,15.959101],[-16.492388,15.958997]]]}},{"type":"Feature","properties":{"nom":null},"geometry":{"type":"Polygon","coordinates":[[[-16.491776,15.958984],[-16.491912,15.958937],[-16.491991,15.959063],[-16.491856,15.95911],[-16.491776,15.958984]]]}},{"type":"Feature","properties":{"nom":null},"geometry":{"type":"Polygon","coordinates":[[[-16.491291,15.959],[-16.491427,15.958953],[-16.491506,15.959079],[-16.491371,15.959126],[-16.491291,15.959]]]}},{"type":"Feature","properties":{"nom":null},"geometry":{"type":"Polygon","coordinates":[[[-16.491641,15.959032],[-16.491776,15.958984],[-16.491856,15.95911],[-16.49172,15.959158],[-16.491641,15.959032]]]}},{"type":"Feature","properties":{"nom":null},"geometry":{"type":"Polygon","coordinates":[[[-16.492597,15.959051],[-16.49274,15.959001],[-16.492806,15.959104],[-16.492662,15.959154],[-16.492597,15.959051]]]}},{"type":"Feature","properties":{"nom":null},"geometry":{"type":"Polygon","coordinates":[[[-16.491189,15.959036],[-16.491291,15.959],[-16.491371,15.959126],[-16.491239,15.959172],[-16.491189,15.959036]]]}},{"type":"Feature","properties":{"nom":null},"geometry":{"type":"Polygon","coordinates":[[[-16.492885,15.959057],[-16.493029,15.959007],[-16.493068,15.959069],[-16.492968,15.959188],[-16.492885,15.959057]]]}},{"type":"Feature","properties":{"nom":null},"geometry":{"type":"Polygon","coordinates":[[[-16.491506,15.959079],[-16.491641,15.959032],[-16.49172,15.959158],[-16.491585,15.959205],[-16.491506,15.959079]]]}},{"type":"Feature","properties":{"nom":null},"geometry":{"type":"Polygon","coordinates":[[[-16.492453,15.959101],[-16.492597,15.959051],[-16.492662,15.959154],[-16.492519,15.959204],[-16.492453,15.959101]]]}},{"type":"Feature","properties":{"nom":null},"geometry":{"type":"Polygon","coordinates":[[[-16.492183,15.959092],[-16.492311,15.959048],[-16.49239,15.959174],[-16.492262,15.959219],[-16.492183,15.959092]]]}},{"type":"Feature","properties":{"nom":null},"geometry":{"type":"Polygon","coordinates":[[[-16.493281,15.958957],[-16.493406,15.958808],[-16.493571,15.95907],[-16.493446,15.959219],[-16.493281,15.958957]]]}},{"type":"Feature","properties":{"nom":null},"geometry":{"type":"Polygon","coordinates":[[[-16.491371,15.959126],[-16.491506,15.959079],[-16.491585,15.959205],[-16.49145,15.959252],[-16.491371,15.959126]]]}},{"type":"Feature","properties":{"nom":null},"geometry":{"type":"Polygon","coordinates":[[[-16.492662,15.959154],[-16.492806,15.959104],[-16.492871,15.959208],[-16.492727,15.959258],[-16.492662,15.959154]]]}},{"type":"Feature","properties":{"nom":null},"geometry":{"type":"Polygon","coordinates":[[[-16.492055,15.959137],[-16.492183,15.959092],[-16.492262,15.959219],[-16.492134,15.959263],[-16.492055,15.959137]]]}},{"type":"Feature","properties":{"nom":null},"geometry":{"type":"Polygon","coordinates":[[[-16.493119,15.959151],[-16.493219,15.959032],[-16.493301,15.959163],[-16.493202,15.959282],[-16.493119,15.959151]]]}},{"type":"Feature","properties":{"nom":null},"geometry":{"type":"Polygon","coordinates":[[[-16.491239,15.959172],[-16.491371,15.959126],[-16.49145,15.959252],[-16.491289,15.959308],[-16.491239,15.959172]]]}},{"type":"Feature","properties":{"nom":null},"geometry":{"type":"Polygon","coordinates":[[[-16.491927,15.959182],[-16.492055,15.959137],[-16.492134,15.959263],[-16.492006,15.959308],[-16.491927,15.959182]]]}},{"type":"Feature","properties":{"nom":null},"geometry":{"type":"Polygon","coordinates":[[[-16.492519,15.959204],[-16.492662,15.959154],[-16.492727,15.959258],[-16.492584,15.959308],[-16.492519,15.959204]]]}},{"type":"Feature","properties":{"nom":null},"geometry":{"type":"Polygon","coordinates":[[[-16.492262,15.959219],[-16.49239,15.959174],[-16.492469,15.9593],[-16.492341,15.959345],[-16.492262,15.959219]]]}},{"type":"Feature","properties":{"nom":null},"geometry":{"type":"Polygon","coordinates":[[[-16.491799,15.959226],[-16.491927,15.959182],[-16.492006,15.959308],[-16.491878,15.959352],[-16.491799,15.959226]]]}},{"type":"Feature","properties":{"nom":null},"geometry":{"type":"Polygon","coordinates":[[[-16.492727,15.959258],[-16.492871,15.959208],[-16.492905,15.959263],[-16.492805,15.959383],[-16.492727,15.959258]]]}},{"type":"Feature","properties":{"nom":null},"geometry":{"type":"Polygon","coordinates":[[[-16.492134,15.959263],[-16.492262,15.959219],[-16.492341,15.959345],[-16.492213,15.959389],[-16.492134,15.959263]]]}},{"type":"Feature","properties":{"nom":null},"geometry":{"type":"Polygon","coordinates":[[[-16.49167,15.959271],[-16.491799,15.959226],[-16.491878,15.959352],[-16.49175,15.959397],[-16.49167,15.959271]]]}},{"type":"Feature","properties":{"nom":null},"geometry":{"type":"Polygon","coordinates":[[[-16.493019,15.95927],[-16.493119,15.959151],[-16.493202,15.959282],[-16.493102,15.959402],[-16.493019,15.95927]]]}},{"type":"Feature","properties":{"nom":null},"geometry":{"type":"Polygon","coordinates":[[[-16.493202,15.959282],[-16.493301,15.959163],[-16.493384,15.959294],[-16.493284,15.959414],[-16.493202,15.959282]]]}},{"type":"Feature","properties":{"nom":null},"geometry":{"type":"Polygon","coordinates":[[[-16.492006,15.959308],[-16.492134,15.959263],[-16.492213,15.959389],[-16.492085,15.959434],[-16.492006,15.959308]]]}},{"type":"Feature","properties":{"nom":null},"geometry":{"type":"Polygon","coordinates":[[[-16.491542,15.959316],[-16.49167,15.959271],[-16.49175,15.959397],[-16.491622,15.959442],[-16.491542,15.959316]]]}},{"type":"Feature","properties":{"nom":null},"geometry":{"type":"Polygon","coordinates":[[[-16.491878,15.959352],[-16.492006,15.959308],[-16.492085,15.959434],[-16.491957,15.959479],[-16.491878,15.959352]]]}},{"type":"Feature","properties":{"nom":null},"geometry":{"type":"Polygon","coordinates":[[[-16.491414,15.95936],[-16.491542,15.959316],[-16.491622,15.959442],[-16.491494,15.959486],[-16.491414,15.95936]]]}},{"type":"Feature","properties":{"nom":null},"geometry":{"type":"Polygon","coordinates":[[[-16.492584,15.959308],[-16.492727,15.959258],[-16.492805,15.959383],[-16.492706,15.959502],[-16.492584,15.959308]]]}},{"type":"Feature","properties":{"nom":null},"geometry":{"type":"Polygon","coordinates":[[[-16.49175,15.959397],[-16.491878,15.959352],[-16.491957,15.959479],[-16.491829,15.959523],[-16.49175,15.959397]]]}},{"type":"Feature","properties":{"nom":null},"geometry":{"type":"Polygon","coordinates":[[[-16.49132,15.959393],[-16.491414,15.95936],[-16.491494,15.959486],[-16.49137,15.959529],[-16.49137,15.95953],[-16.49132,15.959393]]]}},{"type":"Feature","properties":{"nom":null},"geometry":{"type":"Polygon","coordinates":[[[-16.493438,15.959373],[-16.49354,15.959252],[-16.493638,15.959407],[-16.493536,15.959529],[-16.493438,15.959373]]]}},{"type":"Feature","properties":{"nom":null},"geometry":{"type":"Polygon","coordinates":[[[-16.493102,15.959402],[-16.493202,15.959282],[-16.493284,15.959414],[-16.493184,15.959533],[-16.493102,15.959402]]]}},{"type":"Feature","properties":{"nom":null},"geometry":{"type":"Polygon","coordinates":[[[-16.492371,15.95943],[-16.492519,15.959379],[-16.492598,15.959505],[-16.49245,15.959556],[-16.492371,15.95943]]]}},{"type":"Feature","properties":{"nom":null},"geometry":{"type":"Polygon","coordinates":[[[-16.491622,15.959442],[-16.49175,15.959397],[-16.491829,15.959523],[-16.491701,15.959568],[-16.491622,15.959442]]]}},{"type":"Feature","properties":{"nom":null},"geometry":{"type":"Polygon","coordinates":[[[-16.49288,15.959437],[-16.492957,15.959345],[-16.493039,15.959476],[-16.492963,15.959568],[-16.49288,15.959437]]]}},{"type":"Feature","properties":{"nom":null},"geometry":{"type":"Polygon","coordinates":[[[-16.492238,15.959477],[-16.492371,15.95943],[-16.49245,15.959556],[-16.492318,15.959603],[-16.492238,15.959477]]]}},{"type":"Feature","properties":{"nom":null},"geometry":{"type":"Polygon","coordinates":[[[-16.491494,15.959486],[-16.491622,15.959442],[-16.491701,15.959568],[-16.491573,15.959613],[-16.491494,15.959486]]]}},{"type":"Feature","properties":{"nom":null},"geometry":{"type":"Polygon","coordinates":[[[-16.492106,15.959523],[-16.492238,15.959477],[-16.492318,15.959603],[-16.492185,15.959649],[-16.492106,15.959523]]]}},{"type":"Feature","properties":{"nom":null},"geometry":{"type":"Polygon","coordinates":[[[-16.493337,15.959494],[-16.493438,15.959373],[-16.493536,15.959529],[-16.493435,15.95965],[-16.493337,15.959494]]]}},{"type":"Feature","properties":{"nom":null},"geometry":{"type":"Polygon","coordinates":[[[-16.49137,15.95953],[-16.49137,15.959529],[-16.491494,15.959486],[-16.491573,15.959613],[-16.49142,15.959666],[-16.49137,15.95953]]]}},{"type":"Feature","properties":{"nom":null},"geometry":{"type":"Polygon","coordinates":[[[-16.492804,15.959528],[-16.49288,15.959437],[-16.492963,15.959568],[-16.492886,15.959659],[-16.492804,15.959528]]]}},{"type":"Feature","properties":{"nom":null},"geometry":{"type":"Polygon","coordinates":[[[-16.49245,15.959556],[-16.492598,15.959505],[-16.492643,15.959577],[-16.492565,15.95967],[-16.49253,15.959682],[-16.49245,15.959556]]]}},{"type":"Feature","properties":{"nom":null},"geometry":{"type":"Polygon","coordinates":[[[-16.491973,15.959569],[-16.492106,15.959523],[-16.492185,15.959649],[-16.492052,15.959695],[-16.491973,15.959569]]]}},{"type":"Feature","properties":{"nom":null},"geometry":{"type":"Polygon","coordinates":[[[-16.493536,15.959529],[-16.493638,15.959407],[-16.493736,15.959563],[-16.493634,15.959685],[-16.493536,15.959529]]]}},{"type":"Feature","properties":{"nom":null},"geometry":{"type":"Polygon","coordinates":[[[-16.492963,15.959568],[-16.493039,15.959476],[-16.493122,15.959608],[-16.493045,15.959699],[-16.492963,15.959568]]]}},{"type":"Feature","properties":{"nom":null},"geometry":{"type":"Polygon","coordinates":[[[-16.492318,15.959603],[-16.49245,15.959556],[-16.49253,15.959682],[-16.492397,15.959729],[-16.492318,15.959603]]]}},{"type":"Feature","properties":{"nom":null},"geometry":{"type":"Polygon","coordinates":[[[-16.49184,15.959615],[-16.491973,15.959569],[-16.492052,15.959695],[-16.491919,15.959741],[-16.49184,15.959615]]]}},{"type":"Feature","properties":{"nom":null},"geometry":{"type":"Polygon","coordinates":[[[-16.492728,15.95962],[-16.492804,15.959528],[-16.492886,15.959659],[-16.49281,15.959751],[-16.492728,15.95962]]]}},{"type":"Feature","properties":{"nom":null},"geometry":{"type":"Polygon","coordinates":[[[-16.492185,15.959649],[-16.492318,15.959603],[-16.492397,15.959729],[-16.492264,15.959775],[-16.492185,15.959649]]]}},{"type":"Feature","properties":{"nom":null},"geometry":{"type":"Polygon","coordinates":[[[-16.493236,15.959615],[-16.493337,15.959494],[-16.493435,15.95965],[-16.493334,15.959771],[-16.493236,15.959615]]]}},{"type":"Feature","properties":{"nom":null},"geometry":{"type":"Polygon","coordinates":[[[-16.491707,15.959662],[-16.49184,15.959615],[-16.491919,15.959741],[-16.491787,15.959788],[-16.491707,15.959662]]]}},{"type":"Feature","properties":{"nom":null},"geometry":{"type":"Polygon","coordinates":[[[-16.492886,15.959659],[-16.492963,15.959568],[-16.493045,15.959699],[-16.492969,15.959791],[-16.492886,15.959659]]]}},{"type":"Feature","properties":{"nom":null},"geometry":{"type":"Polygon","coordinates":[[[-16.493435,15.95965],[-16.493536,15.959529],[-16.493634,15.959685],[-16.493533,15.959806],[-16.493435,15.95965]]]}},{"type":"Feature","properties":{"nom":null},"geometry":{"type":"Polygon","coordinates":[[[-16.492052,15.959695],[-16.492185,15.959649],[-16.492264,15.959775],[-16.492131,15.959821],[-16.492052,15.959695]]]}},{"type":"Feature","properties":{"nom":null},"geometry":{"type":"Polygon","coordinates":[[[-16.491575,15.959708],[-16.491707,15.959662],[-16.491787,15.959788],[-16.491654,15.959834],[-16.491575,15.959708]]]}},{"type":"Feature","properties":{"nom":null},"geometry":{"type":"Polygon","coordinates":[[[-16.492651,15.959711],[-16.492728,15.95962],[-16.49281,15.959751],[-16.492734,15.959842],[-16.492651,15.959711]]]}},{"type":"Feature","properties":{"nom":null},"geometry":{"type":"Polygon","coordinates":[[[-16.491919,15.959741],[-16.492052,15.959695],[-16.492131,15.959821],[-16.491999,15.959868],[-16.491919,15.959741]]]}},{"type":"Feature","properties":{"nom":null},"geometry":{"type":"Polygon","coordinates":[[[-16.491457,15.959749],[-16.491575,15.959708],[-16.491654,15.959834],[-16.491521,15.959881],[-16.491457,15.959749]]]}},{"type":"Feature","properties":{"nom":null},"geometry":{"type":"Polygon","coordinates":[[[-16.49281,15.959751],[-16.492886,15.959659],[-16.492969,15.959791],[-16.492893,15.959882],[-16.49281,15.959751]]]}},{"type":"Feature","properties":{"nom":null},"geometry":{"type":"Polygon","coordinates":[[[-16.491787,15.959788],[-16.491919,15.959741],[-16.491999,15.959868],[-16.491866,15.959914],[-16.491787,15.959788]]]}},{"type":"Feature","properties":{"nom":null},"geometry":{"type":"Polygon","coordinates":[[[-16.493334,15.959771],[-16.493435,15.95965],[-16.493533,15.959806],[-16.493432,15.959927],[-16.493334,15.959771]]]}},{"type":"Feature","properties":{"nom":null},"geometry":{"type":"Polygon","coordinates":[[[-16.492575,15.959803],[-16.492651,15.959711],[-16.492734,15.959842],[-16.492657,15.959934],[-16.492575,15.959803]]]}},{"type":"Feature","properties":{"nom":null},"geometry":{"type":"Polygon","coordinates":[[[-16.491654,15.959834],[-16.491787,15.959788],[-16.491866,15.959914],[-16.491733,15.95996],[-16.491654,15.959834]]]}},{"type":"Feature","properties":{"nom":null},"geometry":{"type":"Polygon","coordinates":[[[-16.493075,15.959808],[-16.493173,15.95969],[-16.493271,15.959846],[-16.493173,15.959964],[-16.493075,15.959808]]]}},{"type":"Feature","properties":{"nom":null},"geometry":{"type":"Polygon","coordinates":[[[-16.492734,15.959842],[-16.49281,15.959751],[-16.492893,15.959882],[-16.492816,15.959974],[-16.492734,15.959842]]]}},{"type":"Feature","properties":{"nom":null},"geometry":{"type":"Polygon","coordinates":[[[-16.491521,15.959881],[-16.491654,15.959834],[-16.491733,15.95996],[-16.491581,15.960013],[-16.491521,15.959881]]]}},{"type":"Feature","properties":{"nom":null},"geometry":{"type":"Polygon","coordinates":[[[-16.492498,15.959894],[-16.492575,15.959803],[-16.492657,15.959934],[-16.492581,15.960025],[-16.492498,15.959894]]]}},{"type":"Feature","properties":{"nom":null},"geometry":{"type":"Polygon","coordinates":[[[-16.492657,15.959934],[-16.492734,15.959842],[-16.492816,15.959974],[-16.49274,15.960065],[-16.492657,15.959934]]]}},{"type":"Feature","properties":{"nom":null},"geometry":{"type":"Polygon","coordinates":[[[-16.492976,15.959926],[-16.493075,15.959808],[-16.493173,15.959964],[-16.493074,15.960082],[-16.492976,15.959926]]]}},{"type":"Feature","properties":{"nom":null},"geometry":{"type":"Polygon","coordinates":[[[-16.492422,15.959986],[-16.492498,15.959894],[-16.492581,15.960025],[-16.492504,15.960117],[-16.492422,15.959986]]]}},{"type":"Feature","properties":{"nom":null},"geometry":{"type":"Polygon","coordinates":[[[-16.493173,15.959964],[-16.493271,15.959846],[-16.493369,15.960002],[-16.493271,15.96012],[-16.493173,15.959964]]]}},{"type":"Feature","properties":{"nom":null},"geometry":{"type":"Polygon","coordinates":[[[-16.492581,15.960025],[-16.492657,15.959934],[-16.49274,15.960065],[-16.492663,15.960157],[-16.492581,15.960025]]]}},{"type":"Feature","properties":{"nom":null},"geometry":{"type":"Polygon","coordinates":[[[-16.491789,15.960037],[-16.492452,15.959806],[-16.492153,15.960164],[-16.491789,15.960037]]]}},{"type":"Feature","properties":{"nom":null},"geometry":{"type":"Polygon","coordinates":[[[-16.492878,15.960044],[-16.492976,15.959926],[-16.493074,15.960082],[-16.492976,15.9602],[-16.492878,15.960044]]]}},{"type":"Feature","properties":{"nom":null},"geometry":{"type":"Polygon","coordinates":[[[-16.493521,15.960107],[-16.493617,15.959992],[-16.493692,15.960083],[-16.493596,15.960198],[-16.493521,15.960107]]]}},{"type":"Feature","properties":{"nom":null},"geometry":{"type":"Polygon","coordinates":[[[-16.4919,15.960172],[-16.491732,15.960113],[-16.491725,15.96011],[-16.491789,15.960037],[-16.492153,15.960164],[-16.49209,15.960238],[-16.4919,15.960172]]]}},{"type":"Feature","properties":{"nom":null},"geometry":{"type":"Polygon","coordinates":[[[-16.493074,15.960082],[-16.493173,15.959964],[-16.493271,15.96012],[-16.493172,15.960238],[-16.493074,15.960082]]]}},{"type":"Feature","properties":{"nom":null},"geometry":{"type":"Polygon","coordinates":[[[-16.492246,15.960196],[-16.492422,15.959986],[-16.492504,15.960117],[-16.492394,15.960248],[-16.492246,15.960196]]]}},{"type":"Feature","properties":{"nom":null},"geometry":{"type":"Polygon","coordinates":[[[-16.492504,15.960117],[-16.492581,15.960025],[-16.492663,15.960157],[-16.492587,15.960248],[-16.492504,15.960117]]]}},{"type":"Feature","properties":{"nom":null},"geometry":{"type":"Polygon","coordinates":[[[-16.493596,15.960198],[-16.493692,15.960083],[-16.493766,15.960173],[-16.49367,15.960289],[-16.493596,15.960198]]]}},{"type":"Feature","properties":{"nom":null},"geometry":{"type":"Polygon","coordinates":[[[-16.492394,15.960248],[-16.492504,15.960117],[-16.492587,15.960248],[-16.492543,15.9603],[-16.492394,15.960248]]]}},{"type":"Feature","properties":{"nom":null},"geometry":{"type":"Polygon","coordinates":[[[-16.491669,15.960175],[-16.491725,15.96011],[-16.491732,15.960113],[-16.4919,15.960172],[-16.491842,15.96024],[-16.491785,15.960309],[-16.491669,15.960175]]]}},{"type":"Feature","properties":{"nom":null},"geometry":{"type":"Polygon","coordinates":[[[-16.493425,15.960223],[-16.493521,15.960107],[-16.493596,15.960198],[-16.493499,15.960313],[-16.493425,15.960223]]]}},{"type":"Feature","properties":{"nom":null},"geometry":{"type":"Polygon","coordinates":[[[-16.492779,15.960162],[-16.492878,15.960044],[-16.492976,15.9602],[-16.492877,15.960318],[-16.492779,15.960162]]]}},{"type":"Feature","properties":{"nom":null},"geometry":{"type":"Polygon","coordinates":[[[-16.491842,15.96024],[-16.4919,15.960172],[-16.49209,15.960238],[-16.492005,15.960341],[-16.491842,15.96024]]]}},{"type":"Feature","properties":{"nom":null},"geometry":{"type":"Polygon","coordinates":[[[-16.492976,15.9602],[-16.493074,15.960082],[-16.493172,15.960238],[-16.493074,15.960356],[-16.492976,15.9602]]]}},{"type":"Feature","properties":{"nom":null},"geometry":{"type":"Polygon","coordinates":[[[-16.49367,15.960289],[-16.493766,15.960173],[-16.493841,15.960264],[-16.493744,15.960379],[-16.49367,15.960289]]]}},{"type":"Feature","properties":{"nom":null},"geometry":{"type":"Polygon","coordinates":[[[-16.492636,15.960333],[-16.492779,15.960162],[-16.492877,15.960318],[-16.492813,15.960394],[-16.492636,15.960333]]]}},{"type":"Feature","properties":{"nom":null},"geometry":{"type":"Polygon","coordinates":[[[-16.49211,15.960359],[-16.492183,15.960271],[-16.492332,15.960323],[-16.492258,15.960411],[-16.49211,15.960359]]]}},{"type":"Feature","properties":{"nom":null},"geometry":{"type":"Polygon","coordinates":[[[-16.493499,15.960313],[-16.493596,15.960198],[-16.49367,15.960289],[-16.493574,15.960404],[-16.493499,15.960313]]]}},{"type":"Feature","properties":{"nom":null},"geometry":{"type":"Polygon","coordinates":[[[-16.491785,15.960309],[-16.491842,15.96024],[-16.492005,15.960341],[-16.491919,15.960443],[-16.491785,15.960309]]]}},{"type":"Feature","properties":{"nom":null},"geometry":{"type":"Polygon","coordinates":[[[-16.492813,15.960394],[-16.492877,15.960318],[-16.492976,15.9602],[-16.493074,15.960356],[-16.49299,15.960456],[-16.492813,15.960394]]]}},{"type":"Feature","properties":{"nom":null},"geometry":{"type":"Polygon","coordinates":[[[-16.492245,15.960427],[-16.492258,15.960411],[-16.492332,15.960323],[-16.492481,15.960375],[-16.492394,15.960479],[-16.492245,15.960427]]]}},{"type":"Feature","properties":{"nom":null},"geometry":{"type":"Polygon","coordinates":[[[-16.493744,15.960379],[-16.493841,15.960264],[-16.493915,15.960355],[-16.493819,15.96047],[-16.493744,15.960379]]]}},{"type":"Feature","properties":{"nom":null},"geometry":{"type":"Polygon","coordinates":[[[-16.492036,15.960447],[-16.49211,15.960359],[-16.492258,15.960411],[-16.492245,15.960427],[-16.492185,15.960499],[-16.492036,15.960447]]]}},{"type":"Feature","properties":{"nom":null},"geometry":{"type":"Polygon","coordinates":[[[-16.493574,15.960404],[-16.49367,15.960289],[-16.493744,15.960379],[-16.493648,15.960495],[-16.493574,15.960404]]]}},{"type":"Feature","properties":{"nom":null},"geometry":{"type":"Polygon","coordinates":[[[-16.493268,15.96041],[-16.493365,15.960295],[-16.493441,15.960387],[-16.493345,15.960503],[-16.493268,15.96041]]]}},{"type":"Feature","properties":{"nom":null},"geometry":{"type":"Polygon","coordinates":[[[-16.493819,15.96047],[-16.493915,15.960355],[-16.49399,15.960445],[-16.493893,15.960561],[-16.493819,15.96047]]]}},{"type":"Feature","properties":{"nom":null},"geometry":{"type":"Polygon","coordinates":[[[-16.492158,15.960531],[-16.492185,15.960499],[-16.492245,15.960427],[-16.492394,15.960479],[-16.492307,15.960583],[-16.492158,15.960531]]]}},{"type":"Feature","properties":{"nom":null},"geometry":{"type":"Polygon","coordinates":[[[-16.492471,15.96053],[-16.492574,15.960407],[-16.492751,15.960469],[-16.492648,15.960592],[-16.492471,15.96053]]]}},{"type":"Feature","properties":{"nom":null},"geometry":{"type":"Polygon","coordinates":[[[-16.493648,15.960495],[-16.493744,15.960379],[-16.493819,15.96047],[-16.493723,15.960585],[-16.493648,15.960495]]]}},{"type":"Feature","properties":{"nom":null},"geometry":{"type":"Polygon","coordinates":[[[-16.493345,15.960503],[-16.493441,15.960387],[-16.493517,15.96048],[-16.493421,15.960595],[-16.493345,15.960503]]]}},{"type":"Feature","properties":{"nom":null},"geometry":{"type":"Polygon","coordinates":[[[-16.491984,15.960509],[-16.492036,15.960447],[-16.492185,15.960499],[-16.492158,15.960531],[-16.492088,15.960615],[-16.491984,15.960509]]]}},{"type":"Feature","properties":{"nom":null},"geometry":{"type":"Polygon","coordinates":[[[-16.493172,15.960525],[-16.493268,15.96041],[-16.493345,15.960503],[-16.493248,15.960618],[-16.493172,15.960525]]]}},{"type":"Feature","properties":{"nom":null},"geometry":{"type":"Polygon","coordinates":[[[-16.493678,15.95992],[-16.493903,15.959654],[-16.494171,15.960276],[-16.494258,15.960627],[-16.493678,15.95992]]]}},{"type":"Feature","properties":{"nom":null},"geometry":{"type":"Polygon","coordinates":[[[-16.492648,15.960592],[-16.492751,15.960469],[-16.492927,15.960531],[-16.492825,15.960653],[-16.492648,15.960592]]]}},{"type":"Feature","properties":{"nom":null},"geometry":{"type":"Polygon","coordinates":[[[-16.493893,15.960561],[-16.49399,15.960445],[-16.494064,15.960536],[-16.493968,15.960651],[-16.493893,15.960561]]]}},{"type":"Feature","properties":{"nom":null},"geometry":{"type":"Polygon","coordinates":[[[-16.493723,15.960585],[-16.493819,15.96047],[-16.493893,15.960561],[-16.493797,15.960676],[-16.493723,15.960585]]]}},{"type":"Feature","properties":{"nom":null},"geometry":{"type":"Polygon","coordinates":[[[-16.493421,15.960595],[-16.493517,15.96048],[-16.493593,15.960573],[-16.493497,15.960688],[-16.493421,15.960595]]]}},{"type":"Feature","properties":{"nom":null},"geometry":{"type":"Polygon","coordinates":[[[-16.492369,15.960653],[-16.492471,15.96053],[-16.492648,15.960592],[-16.492546,15.960714],[-16.492369,15.960653]]]}},{"type":"Feature","properties":{"nom":null},"geometry":{"type":"Polygon","coordinates":[[[-16.493248,15.960618],[-16.493345,15.960503],[-16.493421,15.960595],[-16.493324,15.96071],[-16.493248,15.960618]]]}},{"type":"Feature","properties":{"nom":null},"geometry":{"type":"Polygon","coordinates":[[[-16.492088,15.960615],[-16.492158,15.960531],[-16.492307,15.960583],[-16.492192,15.960721],[-16.492088,15.960615]]]}},{"type":"Feature","properties":{"nom":null},"geometry":{"type":"Polygon","coordinates":[[[-16.493968,15.960651],[-16.494064,15.960536],[-16.494139,15.960627],[-16.494042,15.960742],[-16.493968,15.960651]]]}},{"type":"Feature","properties":{"nom":null},"geometry":{"type":"Polygon","coordinates":[[[-16.493797,15.960676],[-16.493893,15.960561],[-16.493968,15.960651],[-16.493872,15.960766],[-16.493797,15.960676]]]}},{"type":"Feature","properties":{"nom":null},"geometry":{"type":"Polygon","coordinates":[[[-16.492546,15.960714],[-16.492648,15.960592],[-16.492825,15.960653],[-16.492722,15.960776],[-16.492546,15.960714]]]}},{"type":"Feature","properties":{"nom":null},"geometry":{"type":"Polygon","coordinates":[[[-16.493497,15.960688],[-16.493593,15.960573],[-16.493669,15.960665],[-16.493573,15.960781],[-16.493497,15.960688]]]}},{"type":"Feature","properties":{"nom":null},"geometry":{"type":"Polygon","coordinates":[[[-16.493324,15.96071],[-16.493421,15.960595],[-16.493497,15.960688],[-16.4934,15.960803],[-16.493324,15.96071]]]}},{"type":"Feature","properties":{"nom":null},"geometry":{"type":"Polygon","coordinates":[[[-16.494042,15.960742],[-16.494139,15.960627],[-16.494213,15.960717],[-16.494117,15.960832],[-16.494042,15.960742]]]}},{"type":"Feature","properties":{"nom":null},"geometry":{"type":"Polygon","coordinates":[[[-16.493872,15.960766],[-16.493968,15.960651],[-16.494042,15.960742],[-16.493946,15.960857],[-16.493872,15.960766]]]}},{"type":"Feature","properties":{"nom":null},"geometry":{"type":"Polygon","coordinates":[[[-16.493573,15.960781],[-16.493669,15.960665],[-16.493745,15.960758],[-16.493649,15.960873],[-16.493573,15.960781]]]}},{"type":"Feature","properties":{"nom":null},"geometry":{"type":"Polygon","coordinates":[[[-16.492443,15.960837],[-16.492546,15.960714],[-16.492722,15.960776],[-16.49262,15.960899],[-16.492443,15.960837]]]}},{"type":"Feature","properties":{"nom":null},"geometry":{"type":"Polygon","coordinates":[[[-16.4934,15.960803],[-16.493497,15.960688],[-16.493573,15.960781],[-16.493477,15.960896],[-16.4934,15.960803]]]}},{"type":"Feature","properties":{"nom":null},"geometry":{"type":"Polygon","coordinates":[[[-16.493946,15.960857],[-16.494042,15.960742],[-16.494117,15.960832],[-16.49402,15.960948],[-16.493946,15.960857]]]}},{"type":"Feature","properties":{"nom":null},"geometry":{"type":"Polygon","coordinates":[[[-16.493649,15.960873],[-16.493745,15.960758],[-16.493821,15.960851],[-16.493725,15.960966],[-16.493649,15.960873]]]}},{"type":"Feature","properties":{"nom":null},"geometry":{"type":"Polygon","coordinates":[[[-16.492314,15.960846],[-16.492256,15.960787],[-16.492369,15.960653],[-16.492546,15.960714],[-16.492443,15.960837],[-16.49234,15.96096],[-16.492317,15.960988],[-16.492314,15.960846]]]}},{"type":"Feature","properties":{"nom":null},"geometry":{"type":"Polygon","coordinates":[[[-16.493477,15.960896],[-16.493573,15.960781],[-16.493649,15.960873],[-16.493553,15.960988],[-16.493477,15.960896]]]}},{"type":"Feature","properties":{"nom":null},"geometry":{"type":"Polygon","coordinates":[[[-16.49234,15.96096],[-16.492443,15.960837],[-16.49262,15.960899],[-16.492517,15.961021],[-16.49234,15.96096]]]}},{"type":"Feature","properties":{"nom":null},"geometry":{"type":"Polygon","coordinates":[[[-16.493725,15.960966],[-16.493821,15.960851],[-16.493897,15.960943],[-16.493801,15.961058],[-16.493725,15.960966]]]}},{"type":"Feature","properties":{"nom":null},"geometry":{"type":"Polygon","coordinates":[[[-16.493553,15.960988],[-16.493649,15.960873],[-16.493725,15.960966],[-16.493629,15.961081],[-16.493553,15.960988]]]}},{"type":"Feature","properties":{"nom":null},"geometry":{"type":"Polygon","coordinates":[[[-16.49402,15.960948],[-16.494117,15.960832],[-16.494217,15.960954],[-16.494171,15.961131],[-16.49402,15.960948]]]}},{"type":"Feature","properties":{"nom":null},"geometry":{"type":"Polygon","coordinates":[[[-16.493801,15.961058],[-16.493897,15.960943],[-16.493974,15.961036],[-16.493877,15.961151],[-16.493801,15.961058]]]}},{"type":"Feature","properties":{"nom":null},"geometry":{"type":"Polygon","coordinates":[[[-16.493629,15.961081],[-16.493725,15.960966],[-16.493801,15.961058],[-16.493705,15.961174],[-16.493629,15.961081]]]}},{"type":"Feature","properties":{"nom":null},"geometry":{"type":"Polygon","coordinates":[[[-16.493877,15.961151],[-16.493974,15.961036],[-16.49405,15.961129],[-16.493953,15.961244],[-16.493877,15.961151]]]}},{"type":"Feature","properties":{"nom":null},"geometry":{"type":"Polygon","coordinates":[[[-16.492317,15.960988],[-16.49234,15.96096],[-16.492517,15.961021],[-16.492321,15.961256],[-16.492317,15.960988]]]}},{"type":"Feature","properties":{"nom":null},"geometry":{"type":"Polygon","coordinates":[[[-16.493705,15.961174],[-16.493801,15.961058],[-16.493877,15.961151],[-16.493781,15.961266],[-16.493705,15.961174]]]}},{"type":"Feature","properties":{"nom":null},"geometry":{"type":"Polygon","coordinates":[[[-16.493953,15.961244],[-16.49405,15.961129],[-16.494142,15.961241],[-16.494035,15.961343],[-16.493953,15.961244]]]}},{"type":"Feature","properties":{"nom":null},"geometry":{"type":"Polygon","coordinates":[[[-16.493781,15.961266],[-16.493877,15.961151],[-16.493953,15.961244],[-16.493857,15.961359],[-16.493781,15.961266]]]}},{"type":"Feature","properties":{"nom":null},"geometry":{"type":"Polygon","coordinates":[[[-16.492539,15.961282],[-16.492634,15.961169],[-16.492745,15.961287],[-16.492634,15.961384],[-16.492539,15.961282]]]}},{"type":"Feature","properties":{"nom":null},"geometry":{"type":"Polygon","coordinates":[[[-16.493857,15.961359],[-16.493953,15.961244],[-16.494035,15.961343],[-16.493928,15.961446],[-16.493857,15.961359]]]}},{"type":"Feature","properties":{"nom":null},"geometry":{"type":"Polygon","coordinates":[[[-16.492634,15.961384],[-16.492745,15.961287],[-16.492832,15.96138],[-16.492721,15.961477],[-16.492634,15.961384]]]}},{"type":"Feature","properties":{"nom":null},"geometry":{"type":"Polygon","coordinates":[[[-16.492444,15.961396],[-16.492539,15.961282],[-16.492634,15.961384],[-16.492523,15.961481],[-16.492444,15.961396]]]}},{"type":"Feature","properties":{"nom":null},"geometry":{"type":"Polygon","coordinates":[[[-16.492721,15.961477],[-16.492832,15.96138],[-16.492919,15.961473],[-16.492808,15.96157],[-16.492721,15.961477]]]}},{"type":"Feature","properties":{"nom":null},"geometry":{"type":"Polygon","coordinates":[[[-16.492523,15.961481],[-16.492634,15.961384],[-16.492721,15.961477],[-16.49261,15.961574],[-16.492523,15.961481]]]}},{"type":"Feature","properties":{"nom":null},"geometry":{"type":"Polygon","coordinates":[[[-16.492327,15.961621],[-16.492326,15.961538],[-16.492385,15.961467],[-16.492479,15.961569],[-16.492369,15.961666],[-16.492327,15.961621]]]}},{"type":"Feature","properties":{"nom":null},"geometry":{"type":"Polygon","coordinates":[[[-16.492808,15.96157],[-16.492919,15.961473],[-16.493006,15.961566],[-16.492895,15.961663],[-16.492808,15.96157]]]}},{"type":"Feature","properties":{"nom":null},"geometry":{"type":"Polygon","coordinates":[[[-16.49261,15.961574],[-16.492721,15.961477],[-16.492808,15.96157],[-16.492697,15.961667],[-16.49261,15.961574]]]}},{"type":"Feature","properties":{"nom":null},"geometry":{"type":"Polygon","coordinates":[[[-16.492369,15.961666],[-16.492479,15.961569],[-16.492558,15.961653],[-16.492447,15.96175],[-16.492369,15.961666]]]}},{"type":"Feature","properties":{"nom":null},"geometry":{"type":"Polygon","coordinates":[[[-16.492895,15.961663],[-16.493006,15.961566],[-16.493093,15.96166],[-16.492982,15.961757],[-16.492895,15.961663]]]}},{"type":"Feature","properties":{"nom":null},"geometry":{"type":"Polygon","coordinates":[[[-16.492697,15.961667],[-16.492808,15.96157],[-16.492895,15.961663],[-16.492784,15.96176],[-16.492697,15.961667]]]}},{"type":"Feature","properties":{"nom":null},"geometry":{"type":"Polygon","coordinates":[[[-16.492447,15.96175],[-16.492558,15.961653],[-16.492636,15.961737],[-16.492525,15.961833],[-16.492447,15.96175]]]}},{"type":"Feature","properties":{"nom":null},"geometry":{"type":"Polygon","coordinates":[[[-16.492982,15.961757],[-16.493093,15.96166],[-16.49318,15.961753],[-16.493069,15.96185],[-16.492982,15.961757]]]}},{"type":"Feature","properties":{"nom":null},"geometry":{"type":"Polygon","coordinates":[[[-16.492784,15.96176],[-16.492895,15.961663],[-16.492982,15.961757],[-16.492871,15.961853],[-16.492784,15.96176]]]}},{"type":"Feature","properties":{"nom":null},"geometry":{"type":"Polygon","coordinates":[[[-16.492525,15.961833],[-16.492636,15.961737],[-16.492714,15.96182],[-16.492604,15.961917],[-16.492525,15.961833]]]}},{"type":"Feature","properties":{"nom":null},"geometry":{"type":"Polygon","coordinates":[[[-16.492871,15.961853],[-16.492982,15.961757],[-16.493069,15.96185],[-16.492958,15.961947],[-16.492871,15.961853]]]}},{"type":"Feature","properties":{"nom":null},"geometry":{"type":"Polygon","coordinates":[[[-16.493069,15.96185],[-16.49318,15.961753],[-16.493291,15.961871],[-16.493164,15.961951],[-16.493069,15.96185]]]}},{"type":"Feature","properties":{"nom":null},"geometry":{"type":"Polygon","coordinates":[[[-16.492333,15.961954],[-16.492327,15.961621],[-16.492369,15.961666],[-16.492447,15.96175],[-16.492525,15.961833],[-16.492362,15.961977],[-16.492333,15.961954]]]}},{"type":"Feature","properties":{"nom":null},"geometry":{"type":"Polygon","coordinates":[[[-16.492604,15.961917],[-16.492714,15.96182],[-16.492793,15.961904],[-16.492682,15.962001],[-16.492604,15.961917]]]}},{"type":"Feature","properties":{"nom":null},"geometry":{"type":"Polygon","coordinates":[[[-16.492958,15.961947],[-16.493069,15.96185],[-16.493164,15.961951],[-16.493037,15.962031],[-16.492958,15.961947]]]}},{"type":"Feature","properties":{"nom":null},"geometry":{"type":"Polygon","coordinates":[[[-16.492362,15.961977],[-16.492525,15.961833],[-16.492604,15.961917],[-16.492454,15.962048],[-16.492362,15.961977]]]}},{"type":"Feature","properties":{"nom":null},"geometry":{"type":"Polygon","coordinates":[[[-16.492682,15.962001],[-16.492793,15.961904],[-16.492871,15.961988],[-16.49276,15.962085],[-16.492682,15.962001]]]}},{"type":"Feature","properties":{"nom":null},"geometry":{"type":"Polygon","coordinates":[[[-16.492454,15.962048],[-16.492604,15.961917],[-16.492682,15.962001],[-16.492546,15.96212],[-16.492454,15.962048]]]}},{"type":"Feature","properties":{"nom":null},"geometry":{"type":"Polygon","coordinates":[[[-16.49276,15.962085],[-16.492871,15.961988],[-16.492958,15.962081],[-16.492831,15.96216],[-16.49276,15.962085]]]}},{"type":"Feature","properties":{"nom":null},"geometry":{"type":"Polygon","coordinates":[[[-16.492546,15.96212],[-16.492682,15.962001],[-16.49276,15.962085],[-16.492831,15.96216],[-16.492703,15.962241],[-16.492546,15.96212]]]}},{"type":"Feature","properties":{"nom":null},"geometry":{"type":"Polygon","coordinates":[[[-16.479391,15.965553],[-16.479389,15.965377],[-16.479504,15.965377],[-16.479498,15.965557],[-16.479391,15.965553]]]}},{"type":"Feature","properties":{"nom":null},"geometry":{"type":"Polygon","coordinates":[[[-16.481905,15.965757],[-16.481905,15.965755],[-16.481962,15.96576],[-16.481905,15.965757]]]}},{"type":"Feature","properties":{"nom":null},"geometry":{"type":"Polygon","coordinates":[[[-16.479789,15.965899],[-16.479811,15.965797],[-16.479832,15.965696],[-16.479855,15.965592],[-16.480087,15.965611],[-16.480054,15.965768],[-16.480016,15.965944],[-16.479789,15.965899]]]}},{"type":"Feature","properties":{"nom":null},"geometry":{"type":"Polygon","coordinates":[[[-16.480016,15.965944],[-16.480054,15.965768],[-16.48019,15.965795],[-16.480152,15.965972],[-16.480016,15.965944]]]}},{"type":"Feature","properties":{"nom":null},"geometry":{"type":"Polygon","coordinates":[[[-16.482476,15.965998],[-16.482375,15.965997],[-16.482417,15.9658],[-16.482493,15.965807],[-16.482488,15.965998],[-16.482476,15.965998]]]}},{"type":"Feature","properties":{"nom":null},"geometry":{"type":"Polygon","coordinates":[[[-16.482488,15.965998],[-16.482493,15.965807],[-16.482646,15.96582],[-16.482651,15.965999],[-16.482488,15.965998]]]}},{"type":"Feature","properties":{"nom":null},"geometry":{"type":"Polygon","coordinates":[[[-16.481143,15.965986],[-16.481181,15.96581],[-16.481317,15.965837],[-16.481279,15.966014],[-16.481143,15.965986]]]}},{"type":"Feature","properties":{"nom":null},"geometry":{"type":"Polygon","coordinates":[[[-16.481279,15.966014],[-16.481317,15.965837],[-16.481453,15.965864],[-16.481416,15.966041],[-16.481279,15.966014]]]}},{"type":"Feature","properties":{"nom":null},"geometry":{"type":"Polygon","coordinates":[[[-16.479232,15.966063],[-16.47927,15.965887],[-16.479406,15.965914],[-16.479368,15.96609],[-16.479232,15.966063]]]}},{"type":"Feature","properties":{"nom":null},"geometry":{"type":"Polygon","coordinates":[[[-16.479368,15.96609],[-16.479406,15.965914],[-16.479543,15.965941],[-16.479505,15.966117],[-16.479368,15.96609]]]}},{"type":"Feature","properties":{"nom":null},"geometry":{"type":"Polygon","coordinates":[[[-16.479505,15.966117],[-16.479543,15.965941],[-16.479679,15.965969],[-16.479641,15.966145],[-16.479505,15.966117]]]}},{"type":"Feature","properties":{"nom":null},"geometry":{"type":"Polygon","coordinates":[[[-16.479742,15.966119],[-16.47977,15.965987],[-16.479952,15.966023],[-16.479923,15.966155],[-16.479742,15.966119]]]}},{"type":"Feature","properties":{"nom":null},"geometry":{"type":"Polygon","coordinates":[[[-16.482476,15.965998],[-16.482488,15.965998],[-16.482651,15.965999],[-16.482684,15.966105],[-16.482523,15.966151],[-16.482476,15.965998]]]}},{"type":"Feature","properties":{"nom":null},"geometry":{"type":"Polygon","coordinates":[[[-16.481836,15.966079],[-16.481905,15.965757],[-16.481962,15.96576],[-16.482324,15.965792],[-16.482245,15.966161],[-16.481836,15.966079]]]}},{"type":"Feature","properties":{"nom":null},"geometry":{"type":"Polygon","coordinates":[[[-16.482341,15.966155],[-16.482375,15.965997],[-16.482476,15.965998],[-16.482523,15.966151],[-16.482354,15.966199],[-16.482341,15.966155]]]}},{"type":"Feature","properties":{"nom":null},"geometry":{"type":"Polygon","coordinates":[[[-16.479194,15.966239],[-16.479232,15.966063],[-16.479368,15.96609],[-16.479331,15.966266],[-16.479194,15.966239]]]}},{"type":"Feature","properties":{"nom":null},"geometry":{"type":"Polygon","coordinates":[]}},{"type":"Feature","properties":{"nom":null},"geometry":{"type":"Polygon","coordinates":[[[-16.479713,15.966251],[-16.479742,15.966119],[-16.479923,15.966155],[-16.479895,15.966287],[-16.479713,15.966251]]]}},{"type":"Feature","properties":{"nom":null},"geometry":{"type":"Polygon","coordinates":[[[-16.479331,15.966266],[-16.479368,15.96609],[-16.479505,15.966117],[-16.479467,15.966293],[-16.479331,15.966266]]]}},{"type":"Feature","properties":{"nom":null},"geometry":{"type":"Polygon","coordinates":[[[-16.482523,15.966151],[-16.482684,15.966105],[-16.482723,15.966234],[-16.482563,15.96628],[-16.482523,15.966151]]]}},{"type":"Feature","properties":{"nom":null},"geometry":{"type":"Polygon","coordinates":[[[-16.479467,15.966293],[-16.479505,15.966117],[-16.479641,15.966145],[-16.479603,15.96632],[-16.479467,15.966293]]]}},{"type":"Feature","properties":{"nom":null},"geometry":{"type":"Polygon","coordinates":[[[-16.482354,15.966199],[-16.482523,15.966151],[-16.482563,15.96628],[-16.482394,15.966328],[-16.482354,15.966199]]]}},{"type":"Feature","properties":{"nom":null},"geometry":{"type":"Polygon","coordinates":[[[-16.480641,15.966345],[-16.48066,15.966256],[-16.480796,15.966283],[-16.480777,15.966372],[-16.480641,15.966345]]]}},{"type":"Feature","properties":{"nom":null},"geometry":{"type":"Polygon","coordinates":[[[-16.480168,15.966342],[-16.480196,15.96621],[-16.480378,15.966246],[-16.48035,15.966378],[-16.480168,15.966342]]]}},{"type":"Feature","properties":{"nom":null},"geometry":{"type":"Polygon","coordinates":[[[-16.481779,15.966343],[-16.481817,15.966167],[-16.481953,15.966194],[-16.481915,15.96637],[-16.481779,15.966343]]]}},{"type":"Feature","properties":{"nom":null},"geometry":{"type":"Polygon","coordinates":[[[-16.481915,15.96637],[-16.481953,15.966194],[-16.482071,15.966218],[-16.482034,15.966394],[-16.481915,15.96637]]]}},{"type":"Feature","properties":{"nom":null},"geometry":{"type":"Polygon","coordinates":[[[-16.479685,15.966382],[-16.479713,15.966251],[-16.479895,15.966287],[-16.479867,15.966419],[-16.479685,15.966382]]]}},{"type":"Feature","properties":{"nom":null},"geometry":{"type":"Polygon","coordinates":[[[-16.482563,15.96628],[-16.482723,15.966234],[-16.482763,15.966363],[-16.482602,15.966409],[-16.482563,15.96628]]]}},{"type":"Feature","properties":{"nom":null},"geometry":{"type":"Polygon","coordinates":[[[-16.480914,15.966399],[-16.480777,15.966372],[-16.480796,15.966283],[-16.48066,15.966256],[-16.480679,15.966169],[-16.481088,15.966251],[-16.48105,15.966426],[-16.480914,15.966399]]]}},{"type":"Feature","properties":{"nom":null},"geometry":{"type":"Polygon","coordinates":[[[-16.482034,15.966394],[-16.482071,15.966218],[-16.482226,15.966249],[-16.482188,15.966425],[-16.482034,15.966394]]]}},{"type":"Feature","properties":{"nom":null},"geometry":{"type":"Polygon","coordinates":[[[-16.48105,15.966426],[-16.481088,15.966251],[-16.481224,15.966278],[-16.481187,15.966454],[-16.48105,15.966426]]]}},{"type":"Feature","properties":{"nom":null},"geometry":{"type":"Polygon","coordinates":[[[-16.482279,15.966443],[-16.482301,15.966341],[-16.482335,15.966454],[-16.482279,15.966443]]]}},{"type":"Feature","properties":{"nom":null},"geometry":{"type":"Polygon","coordinates":[[[-16.482394,15.966328],[-16.482563,15.96628],[-16.482602,15.966409],[-16.482433,15.966457],[-16.482394,15.966328]]]}},{"type":"Feature","properties":{"nom":null},"geometry":{"type":"Polygon","coordinates":[[[-16.480139,15.966473],[-16.480168,15.966342],[-16.48035,15.966378],[-16.480321,15.96651],[-16.480139,15.966473]]]}},{"type":"Feature","properties":{"nom":null},"geometry":{"type":"Polygon","coordinates":[[[-16.479138,15.966502],[-16.479176,15.966326],[-16.479312,15.966354],[-16.479274,15.96653],[-16.479138,15.966502]]]}},{"type":"Feature","properties":{"nom":null},"geometry":{"type":"Polygon","coordinates":[[[-16.479657,15.966514],[-16.479685,15.966382],[-16.479867,15.966419],[-16.479838,15.966551],[-16.479657,15.966514]]]}},{"type":"Feature","properties":{"nom":null},"geometry":{"type":"Polygon","coordinates":[[[-16.479274,15.96653],[-16.479312,15.966354],[-16.479448,15.966381],[-16.47941,15.966557],[-16.479274,15.96653]]]}},{"type":"Feature","properties":{"nom":null},"geometry":{"type":"Polygon","coordinates":[[[-16.482832,15.966274],[-16.483149,15.96617],[-16.483188,15.966299],[-16.483228,15.966428],[-16.483069,15.966481],[-16.482911,15.966533],[-16.482832,15.966274]]]}},{"type":"Feature","properties":{"nom":null},"geometry":{"type":"Polygon","coordinates":[[[-16.47941,15.966557],[-16.479448,15.966381],[-16.479585,15.966408],[-16.479547,15.966584],[-16.47941,15.966557]]]}},{"type":"Feature","properties":{"nom":null},"geometry":{"type":"Polygon","coordinates":[[[-16.482629,15.966495],[-16.482789,15.966449],[-16.482828,15.966578],[-16.482668,15.966624],[-16.482629,15.966495]]]}},{"type":"Feature","properties":{"nom":null},"geometry":{"type":"Polygon","coordinates":[[[-16.480111,15.966605],[-16.480139,15.966473],[-16.480321,15.96651],[-16.480293,15.966642],[-16.480111,15.966605]]]}},{"type":"Feature","properties":{"nom":null},"geometry":{"type":"Polygon","coordinates":[[[-16.481718,15.966629],[-16.48176,15.966431],[-16.481897,15.966458],[-16.481854,15.966656],[-16.481718,15.966629]]]}},{"type":"Feature","properties":{"nom":null},"geometry":{"type":"Polygon","coordinates":[[[-16.479628,15.966646],[-16.479657,15.966514],[-16.479838,15.966551],[-16.47981,15.966683],[-16.479628,15.966646]]]}},{"type":"Feature","properties":{"nom":null},"geometry":{"type":"Polygon","coordinates":[[[-16.479246,15.966661],[-16.479274,15.96653],[-16.47941,15.966557],[-16.479382,15.966689],[-16.479246,15.966661]]]}},{"type":"Feature","properties":{"nom":null},"geometry":{"type":"Polygon","coordinates":[[[-16.482459,15.966543],[-16.482629,15.966495],[-16.482668,15.966624],[-16.482499,15.966672],[-16.482459,15.966543]]]}},{"type":"Feature","properties":{"nom":null},"geometry":{"type":"Polygon","coordinates":[[[-16.481854,15.966656],[-16.481897,15.966458],[-16.482033,15.966485],[-16.48199,15.966683],[-16.481854,15.966656]]]}},{"type":"Feature","properties":{"nom":null},"geometry":{"type":"Polygon","coordinates":[[[-16.479382,15.966689],[-16.47941,15.966557],[-16.479547,15.966584],[-16.479519,15.966716],[-16.479382,15.966689]]]}},{"type":"Feature","properties":{"nom":null},"geometry":{"type":"Polygon","coordinates":[[[-16.483069,15.966481],[-16.483228,15.966428],[-16.483293,15.966644],[-16.483135,15.966696],[-16.483069,15.966481]]]}},{"type":"Feature","properties":{"nom":null},"geometry":{"type":"Polygon","coordinates":[[[-16.47981,15.966683],[-16.479838,15.966551],[-16.479867,15.966419],[-16.479895,15.966287],[-16.479923,15.966155],[-16.479952,15.966023],[-16.480133,15.96606],[-16.479992,15.966719],[-16.47981,15.966683]]]}},{"type":"Feature","properties":{"nom":null},"geometry":{"type":"Polygon","coordinates":[[[-16.481421,15.966684],[-16.481459,15.966508],[-16.481323,15.966481],[-16.481187,15.966454],[-16.481224,15.966278],[-16.481633,15.96636],[-16.481558,15.966711],[-16.481421,15.966684]]]}},{"type":"Feature","properties":{"nom":null},"geometry":{"type":"Polygon","coordinates":[[[-16.48199,15.966683],[-16.482033,15.966485],[-16.482169,15.966513],[-16.482127,15.96671],[-16.48199,15.966683]]]}},{"type":"Feature","properties":{"nom":null},"geometry":{"type":"Polygon","coordinates":[[[-16.47907,15.966761],[-16.479034,15.966616],[-16.479083,15.966624],[-16.479084,15.966629],[-16.479135,15.966639],[-16.479132,15.966684],[-16.4791,15.966678],[-16.479129,15.966747],[-16.479127,15.966767],[-16.47907,15.966761]]]}},{"type":"Feature","properties":{"nom":null},"geometry":{"type":"Polygon","coordinates":[[[-16.482911,15.966533],[-16.483069,15.966481],[-16.483135,15.966696],[-16.482977,15.966749],[-16.482911,15.966533]]]}},{"type":"Feature","properties":{"nom":null},"geometry":{"type":"Polygon","coordinates":[[[-16.479609,15.966734],[-16.479628,15.966646],[-16.47981,15.966683],[-16.479791,15.966771],[-16.479609,15.966734]]]}},{"type":"Feature","properties":{"nom":null},"geometry":{"type":"Polygon","coordinates":[[[-16.482668,15.966624],[-16.482828,15.966578],[-16.482868,15.966708],[-16.482707,15.966753],[-16.482668,15.966624]]]}},{"type":"Feature","properties":{"nom":null},"geometry":{"type":"Polygon","coordinates":[[[-16.480083,15.966737],[-16.480111,15.966605],[-16.480293,15.966642],[-16.480265,15.966774],[-16.480083,15.966737]]]}},{"type":"Feature","properties":{"nom":null},"geometry":{"type":"Polygon","coordinates":[[[-16.479791,15.966771],[-16.47981,15.966683],[-16.479992,15.966719],[-16.479973,15.966807],[-16.479791,15.966771]]]}},{"type":"Feature","properties":{"nom":null},"geometry":{"type":"Polygon","coordinates":[[[-16.480265,15.966774],[-16.480293,15.966642],[-16.480321,15.96651],[-16.48035,15.966378],[-16.480378,15.966246],[-16.480196,15.96621],[-16.480224,15.966078],[-16.480588,15.966151],[-16.480446,15.96681],[-16.480265,15.966774]]]}},{"type":"Feature","properties":{"nom":null},"geometry":{"type":"Polygon","coordinates":[[[-16.480547,15.966784],[-16.480584,15.966608],[-16.480721,15.966636],[-16.480683,15.966811],[-16.480547,15.966784]]]}},{"type":"Feature","properties":{"nom":null},"geometry":{"type":"Polygon","coordinates":[[[-16.482255,15.966777],[-16.482306,15.96654],[-16.482365,15.966552],[-16.482446,15.966815],[-16.482255,15.966777]]]}},{"type":"Feature","properties":{"nom":null},"geometry":{"type":"Polygon","coordinates":[[[-16.480683,15.966811],[-16.480721,15.966636],[-16.480857,15.966663],[-16.480819,15.966839],[-16.480683,15.966811]]]}},{"type":"Feature","properties":{"nom":null},"geometry":{"type":"Polygon","coordinates":[[[-16.480064,15.966825],[-16.480083,15.966737],[-16.480265,15.966774],[-16.480246,15.966861],[-16.480064,15.966825]]]}},{"type":"Feature","properties":{"nom":null},"geometry":{"type":"Polygon","coordinates":[[[-16.481675,15.966826],[-16.481718,15.966629],[-16.481854,15.966656],[-16.481812,15.966854],[-16.481675,15.966826]]]}},{"type":"Feature","properties":{"nom":null},"geometry":{"type":"Polygon","coordinates":[[[-16.482659,15.966835],[-16.482541,15.966812],[-16.482499,15.966672],[-16.482668,15.966624],[-16.482707,15.966753],[-16.482737,15.966851],[-16.482659,15.966835]]]}},{"type":"Feature","properties":{"nom":null},"geometry":{"type":"Polygon","coordinates":[[[-16.480819,15.966839],[-16.480857,15.966663],[-16.480994,15.96669],[-16.480956,15.966866],[-16.480819,15.966839]]]}},{"type":"Feature","properties":{"nom":null},"geometry":{"type":"Polygon","coordinates":[[[-16.481812,15.966854],[-16.481854,15.966656],[-16.48199,15.966683],[-16.481948,15.966881],[-16.481812,15.966854]]]}},{"type":"Feature","properties":{"nom":null},"geometry":{"type":"Polygon","coordinates":[[[-16.480956,15.966866],[-16.480994,15.96669],[-16.48113,15.966717],[-16.481092,15.966893],[-16.480956,15.966866]]]}},{"type":"Feature","properties":{"nom":null},"geometry":{"type":"Polygon","coordinates":[[[-16.480246,15.966861],[-16.480265,15.966774],[-16.480446,15.96681],[-16.480428,15.966898],[-16.480246,15.966861]]]}},{"type":"Feature","properties":{"nom":null},"geometry":{"type":"Polygon","coordinates":[[[-16.482778,15.966859],[-16.482737,15.966851],[-16.482707,15.966753],[-16.482868,15.966708],[-16.482906,15.966834],[-16.482896,15.966883],[-16.482778,15.966859]]]}},{"type":"Feature","properties":{"nom":null},"geometry":{"type":"Polygon","coordinates":[[[-16.481948,15.966881],[-16.48199,15.966683],[-16.482127,15.96671],[-16.482084,15.966908],[-16.481948,15.966881]]]}},{"type":"Feature","properties":{"nom":null},"geometry":{"type":"Polygon","coordinates":[[[-16.481092,15.966893],[-16.48113,15.966717],[-16.481266,15.966745],[-16.481229,15.966921],[-16.481092,15.966893]]]}},{"type":"Feature","properties":{"nom":null},"geometry":{"type":"Polygon","coordinates":[[[-16.480518,15.966916],[-16.480547,15.966784],[-16.480683,15.966811],[-16.480655,15.966943],[-16.480518,15.966916]]]}},{"type":"Feature","properties":{"nom":null},"geometry":{"type":"Polygon","coordinates":[[[-16.482084,15.966908],[-16.482127,15.96671],[-16.482169,15.966513],[-16.482306,15.96654],[-16.482255,15.966777],[-16.482221,15.966936],[-16.482084,15.966908]]]}},{"type":"Feature","properties":{"nom":null},"geometry":{"type":"Polygon","coordinates":[[[-16.481229,15.966921],[-16.481266,15.966745],[-16.481403,15.966772],[-16.481365,15.966948],[-16.481229,15.966921]]]}},{"type":"Feature","properties":{"nom":null},"geometry":{"type":"Polygon","coordinates":[[[-16.480655,15.966943],[-16.480683,15.966811],[-16.480819,15.966839],[-16.480791,15.966971],[-16.480655,15.966943]]]}},{"type":"Feature","properties":{"nom":null},"geometry":{"type":"Polygon","coordinates":[[[-16.481365,15.966948],[-16.481403,15.966772],[-16.481539,15.966799],[-16.481501,15.966975],[-16.481365,15.966948]]]}},{"type":"Feature","properties":{"nom":null},"geometry":{"type":"Polygon","coordinates":[[[-16.482221,15.966936],[-16.482255,15.966777],[-16.482446,15.966815],[-16.482412,15.966974],[-16.482221,15.966936]]]}},{"type":"Feature","properties":{"nom":null},"geometry":{"type":"Polygon","coordinates":[[[-16.480791,15.966971],[-16.480819,15.966839],[-16.480956,15.966866],[-16.480927,15.966998],[-16.480791,15.966971]]]}},{"type":"Feature","properties":{"nom":null},"geometry":{"type":"Polygon","coordinates":[[[-16.480927,15.966998],[-16.480956,15.966866],[-16.481092,15.966893],[-16.481064,15.967025],[-16.480927,15.966998]]]}},{"type":"Feature","properties":{"nom":null},"geometry":{"type":"Polygon","coordinates":[[[-16.482503,15.966992],[-16.482541,15.966812],[-16.482659,15.966835],[-16.482621,15.967016],[-16.482503,15.966992]]]}},{"type":"Feature","properties":{"nom":null},"geometry":{"type":"Polygon","coordinates":[[[-16.483047,15.96682],[-16.483448,15.966688],[-16.483499,15.967014],[-16.48334,15.967022],[-16.483119,15.967033],[-16.483047,15.96682]]]}},{"type":"Feature","properties":{"nom":null},"geometry":{"type":"Polygon","coordinates":[[[-16.482621,15.967016],[-16.482659,15.966835],[-16.482737,15.966851],[-16.482778,15.966859],[-16.482739,15.967039],[-16.482621,15.967016]]]}},{"type":"Feature","properties":{"nom":null},"geometry":{"type":"Polygon","coordinates":[[[-16.481064,15.967025],[-16.481092,15.966893],[-16.481229,15.966921],[-16.4812,15.967052],[-16.481064,15.967025]]]}},{"type":"Feature","properties":{"nom":null},"geometry":{"type":"Polygon","coordinates":[[[-16.482739,15.967039],[-16.482778,15.966859],[-16.482896,15.966883],[-16.482857,15.967063],[-16.482739,15.967039]]]}},{"type":"Feature","properties":{"nom":null},"geometry":{"type":"Polygon","coordinates":[[[-16.4812,15.967052],[-16.481229,15.966921],[-16.481365,15.966948],[-16.481337,15.96708],[-16.4812,15.967052]]]}},{"type":"Feature","properties":{"nom":null},"geometry":{"type":"Polygon","coordinates":[[[-16.482957,15.967037],[-16.483001,15.966836],[-16.483047,15.96682],[-16.483119,15.967033],[-16.483112,15.967068],[-16.482957,15.967037]]]}},{"type":"Feature","properties":{"nom":null},"geometry":{"type":"Polygon","coordinates":[[[-16.481337,15.96708],[-16.481365,15.966948],[-16.481501,15.966975],[-16.481473,15.967107],[-16.481337,15.96708]]]}},{"type":"Feature","properties":{"nom":null},"geometry":{"type":"Polygon","coordinates":[[[-16.483139,15.967073],[-16.483112,15.967068],[-16.483119,15.967033],[-16.48334,15.967022],[-16.483321,15.96711],[-16.483139,15.967073]]]}},{"type":"Feature","properties":{"nom":null},"geometry":{"type":"Polygon","coordinates":[[[-16.483087,15.9672],[-16.482929,15.967169],[-16.482948,15.967082],[-16.482957,15.967037],[-16.483112,15.967068],[-16.483139,15.967073],[-16.483111,15.967205],[-16.483087,15.9672]]]}},{"type":"Feature","properties":{"nom":null},"geometry":{"type":"Polygon","coordinates":[[[-16.481609,15.967134],[-16.481656,15.966914],[-16.482202,15.967023],[-16.482202,15.967024],[-16.482155,15.967243],[-16.481609,15.967134]]]}},{"type":"Feature","properties":{"nom":null},"geometry":{"type":"Polygon","coordinates":[[[-16.483111,15.967205],[-16.483139,15.967073],[-16.483321,15.96711],[-16.483293,15.967242],[-16.483111,15.967205]]]}},{"type":"Feature","properties":{"nom":null},"geometry":{"type":"Polygon","coordinates":[[[-16.482246,15.967262],[-16.482264,15.967174],[-16.482446,15.96721],[-16.482427,15.967298],[-16.482246,15.967262]]]}},{"type":"Feature","properties":{"nom":null},"geometry":{"type":"Polygon","coordinates":[[[-16.482427,15.967298],[-16.482446,15.96721],[-16.482628,15.967246],[-16.482609,15.967334],[-16.482427,15.967298]]]}},{"type":"Feature","properties":{"nom":null},"geometry":{"type":"Polygon","coordinates":[[[-16.482882,15.967389],[-16.482929,15.967169],[-16.483087,15.9672],[-16.483111,15.967205],[-16.483064,15.967425],[-16.482882,15.967389]]]}},{"type":"Feature","properties":{"nom":null},"geometry":{"type":"Polygon","coordinates":[[[-16.483064,15.967425],[-16.483111,15.967205],[-16.483293,15.967242],[-16.483245,15.967462],[-16.483064,15.967425]]]}},{"type":"Feature","properties":{"nom":null},"geometry":{"type":"Polygon","coordinates":[[[-16.491183,15.956154],[-16.491173,15.956298],[-16.491016,15.956278],[-16.491016,15.956132],[-16.491183,15.956154]]]}}]}