{"type":"FeatureCollection","name":"occupation-sol-2020.geojson","features":[{"type":"Feature","properties":{"categorie":"Empreinte urbaine"},"geometry":{"type":"Polygon","coordinates":[[[-16.359316,16.022315],[-16.360173,16.022527],[-16.361189,16.023383],[-16.361844,16.024947],[-16.361701,16.02524],[-16.360716,16.025635],[-16.360182,16.026437],[-16.359707,16.026586],[-16.35881,16.026476],[-16.358108,16.026117],[-16.357767,16.025473],[-16.357621,16.024526],[-16.357677,16.023509],[-16.357911,16.022921],[-16.358545,16.022465],[-16.359316,16.022315]]]}},{"type":"Feature","properties":{"categorie":"Empreinte urbaine"},"geometry":{"type":"Polygon","coordinates":[[[-16.482556,15.959757],[-16.482712,15.961649],[-16.483379,15.965306],[-16.48333,15.96723],[-16.481476,15.967224],[-16.479081,15.966587],[-16.477887,15.963181],[-16.478553,15.963016],[-16.478563,15.961696],[-16.479358,15.961512],[-16.479548,15.961164],[-16.47954,15.960083],[-16.480563,15.959444],[-16.481293,15.95921],[-16.48189,15.959703],[-16.482556,15.959757]]]}},{"type":"Feature","properties":{"categorie":"Culture maraichère"},"geometry":{"type":"MultiPolygon","coordinates":[[[[-16.424792,15.847608],[-16.424635,15.85384],[-16.425603,15.855111],[-16.422137,15.859974],[-16.420726,15.862448],[-16.420158,15.863095],[-16.418824,15.864115],[-16.418036,15.865058],[-16.417302,15.867904],[-16.417371,15.868274],[-16.417855,15.86855],[-16.418824,15.8667],[-16.419083,15.865903],[-16.419522,15.865301],[-16.420156,15.864918],[-16.420987,15.86499],[-16.420405,15.865885],[-16.419443,15.868969],[-16.418531,15.870865],[-16.41873,15.871842],[-16.419195,15.87233],[-16.419629,15.87185],[-16.420072,15.870891],[-16.420249,15.869086],[-16.422671,15.864986],[-16.423581,15.864201],[-16.424185,15.863909],[-16.425146,15.864016],[-16.425748,15.864423],[-16.425445,15.865592],[-16.424631,15.866908],[-16.424413,15.868316],[-16.424033,15.869321],[-16.423458,15.869409],[-16.422933,15.86984],[-16.421805,15.871934],[-16.421007,15.875141],[-16.419731,15.876574],[-16.418914,15.87809],[-16.417064,15.880662],[-16.418309,15.882096],[-16.418295,15.883688],[-16.41878,15.88399],[-16.419308,15.883207],[-16.419497,15.882582],[-16.419405,15.881047],[-16.420019,15.880098],[-16.420473,15.878488],[-16.421594,15.877275],[-16.421975,15.875643],[-16.423289,15.87368],[-16.423377,15.872111],[-16.424703,15.87257],[-16.42465,15.873982],[-16.424776,15.874245],[-16.424949,15.874315],[-16.425613,15.873809],[-16.42588,15.873257],[-16.425792,15.870659],[-16.425399,15.869972],[-16.424761,15.86949],[-16.425392,15.868254],[-16.42607,15.867736],[-16.426811,15.866696],[-16.426645,15.866587],[-16.427157,15.865522],[-16.42674,15.865295],[-16.427701,15.862792],[-16.429123,15.86054],[-16.429037,15.860327],[-16.427137,15.858756],[-16.427746,15.857922],[-16.42935,15.860027],[-16.437388,15.869445],[-16.437482,15.870012],[-16.43693,15.870842],[-16.435932,15.870683],[-16.434928,15.871548],[-16.434163,15.873351],[-16.431648,15.878163],[-16.429845,15.877751],[-16.428583,15.879034],[-16.428194,15.879874],[-16.428807,15.880187],[-16.428547,15.881331],[-16.427837,15.882576],[-16.426833,15.883781],[-16.426371,15.884589],[-16.425899,15.885842],[-16.425374,15.888028],[-16.424411,15.88874],[-16.424268,15.889307],[-16.424115,15.889285],[-16.423651,15.889112],[-16.42351,15.888782],[-16.423941,15.885912],[-16.425476,15.884287],[-16.426306,15.882736],[-16.427269,15.881495],[-16.427641,15.880535],[-16.427819,15.879561],[-16.426987,15.878653],[-16.429507,15.874427],[-16.430748,15.874253],[-16.430751,15.873808],[-16.43033,15.8735],[-16.428551,15.870092],[-16.42831,15.868557],[-16.427734,15.867935],[-16.427412,15.868157],[-16.427188,15.869049],[-16.428028,15.869831],[-16.427188,15.870701],[-16.427273,15.871228],[-16.42788,15.872332],[-16.427773,15.873445],[-16.427009,15.875227],[-16.425586,15.877059],[-16.425844,15.879009],[-16.425318,15.88097],[-16.423731,15.883824],[-16.421788,15.886306],[-16.421809,15.8866],[-16.422306,15.887373],[-16.422235,15.888513],[-16.421864,15.889393],[-16.420402,15.891761],[-16.419223,15.896471],[-16.419273,15.896764],[-16.419941,15.897271],[-16.420383,15.897877],[-16.421118,15.899704],[-16.421372,15.901135],[-16.421757,15.901758],[-16.420013,15.907563],[-16.419526,15.907955],[-16.419246,15.907867],[-16.41906,15.908094],[-16.419391,15.908589],[-16.419484,15.908498],[-16.419681,15.908686],[-16.419505,15.90928],[-16.419397,15.909493],[-16.419303,15.909403],[-16.419047,15.909563],[-16.418933,15.909948],[-16.418423,15.910358],[-16.418571,15.911133],[-16.417921,15.912423],[-16.417702,15.912543],[-16.417783,15.912441],[-16.416892,15.911859],[-16.415352,15.912005],[-16.414703,15.912732],[-16.414707,15.91332],[-16.414522,15.913547],[-16.413638,15.913959],[-16.413264,15.913962],[-16.412982,15.913692],[-16.412842,15.913738],[-16.412474,15.914509],[-16.412568,15.914644],[-16.41201,15.914919],[-16.410944,15.916056],[-16.410812,15.917231],[-16.411005,15.918179],[-16.410727,15.918543],[-16.411245,15.919127],[-16.411378,15.919503],[-16.409928,15.921853],[-16.408941,15.923838],[-16.405558,15.928256],[-16.406583,15.928936],[-16.406278,15.929536],[-16.404823,15.929962],[-16.403259,15.931586],[-16.400927,15.931079],[-16.40042,15.932053],[-16.399804,15.932296],[-16.399307,15.931941],[-16.39902,15.930687],[-16.400354,15.929098],[-16.399604,15.926478],[-16.400922,15.925521],[-16.401296,15.925586],[-16.401853,15.925063],[-16.402367,15.925104],[-16.402738,15.924741],[-16.402549,15.924516],[-16.402642,15.924334],[-16.403567,15.923063],[-16.404312,15.922787],[-16.404544,15.922514],[-16.405011,15.922511],[-16.405057,15.922376],[-16.404119,15.921885],[-16.404113,15.921071],[-16.404348,15.92116],[-16.404487,15.921024],[-16.404111,15.92071],[-16.404197,15.919715],[-16.405052,15.919215],[-16.405362,15.919255],[-16.4062,15.918979],[-16.406715,15.919111],[-16.407092,15.919651],[-16.407608,15.919964],[-16.408727,15.919685],[-16.409758,15.920131],[-16.410735,15.919582],[-16.410266,15.919404],[-16.410035,15.919677],[-16.409564,15.919138],[-16.409231,15.918281],[-16.409321,15.917783],[-16.408945,15.91747],[-16.409038,15.917333],[-16.40885,15.917154],[-16.409593,15.916562],[-16.408752,15.916567],[-16.408937,15.916295],[-16.408655,15.916025],[-16.408838,15.915527],[-16.408744,15.915392],[-16.409023,15.915255],[-16.408836,15.91512],[-16.40902,15.914848],[-16.408693,15.914715],[-16.408367,15.914897],[-16.408179,15.914673],[-16.408451,15.913496],[-16.40775,15.913546],[-16.407241,15.914091],[-16.40617,15.914641],[-16.40575,15.914598],[-16.405372,15.914058],[-16.404812,15.914062],[-16.404627,15.914289],[-16.404492,15.915013],[-16.404259,15.91515],[-16.40356,15.91529],[-16.403,15.914919],[-16.405385,15.912887],[-16.407269,15.910148],[-16.40843,15.910213],[-16.409041,15.9089],[-16.409764,15.906569],[-16.410167,15.90591],[-16.409938,15.905664],[-16.409462,15.905806],[-16.408972,15.906311],[-16.407844,15.908195],[-16.406677,15.90822],[-16.406139,15.907934],[-16.405849,15.907582],[-16.406708,15.906033],[-16.408131,15.904375],[-16.408014,15.904022],[-16.406754,15.903885],[-16.406089,15.904083],[-16.405635,15.90442],[-16.404167,15.908196],[-16.403447,15.909311],[-16.401922,15.912503],[-16.400582,15.911496],[-16.40304,15.907273],[-16.403394,15.906313],[-16.403129,15.905612],[-16.40155,15.905186],[-16.401405,15.904792],[-16.403038,15.90199],[-16.405009,15.899628],[-16.404794,15.899107],[-16.40444,15.898962],[-16.403682,15.899948],[-16.400062,15.903678],[-16.399346,15.902816],[-16.402191,15.898851],[-16.401656,15.895401],[-16.401858,15.894409],[-16.402791,15.893062],[-16.403738,15.893064],[-16.404662,15.893845],[-16.40584,15.892522],[-16.404657,15.891485],[-16.406154,15.886478],[-16.407435,15.880879],[-16.407611,15.880613],[-16.407888,15.880534],[-16.408851,15.880767],[-16.409555,15.8817],[-16.409648,15.882771],[-16.408768,15.88741],[-16.406977,15.891824],[-16.408073,15.8923],[-16.407817,15.892772],[-16.406184,15.894095],[-16.406162,15.894596],[-16.40639,15.89493],[-16.407253,15.894828],[-16.409797,15.893178],[-16.410274,15.893501],[-16.410242,15.894572],[-16.409399,15.895611],[-16.408634,15.895174],[-16.408072,15.895332],[-16.406656,15.896394],[-16.407234,15.897392],[-16.40674,15.898441],[-16.405992,15.899337],[-16.405846,15.899771],[-16.407059,15.900362],[-16.407314,15.899948],[-16.406877,15.899625],[-16.408152,15.898278],[-16.40915,15.89676],[-16.410455,15.896809],[-16.410872,15.89717],[-16.410781,15.898184],[-16.410348,15.898532],[-16.410237,15.899565],[-16.409805,15.900066],[-16.408777,15.899996],[-16.408073,15.900879],[-16.411239,15.903008],[-16.413636,15.898535],[-16.413377,15.897059],[-16.410995,15.896805],[-16.410491,15.895422],[-16.411042,15.892955],[-16.413548,15.890882],[-16.414714,15.891448],[-16.413887,15.893239],[-16.414166,15.893802],[-16.414534,15.894054],[-16.415748,15.892284],[-16.41612,15.892004],[-16.416778,15.889809],[-16.415534,15.888573],[-16.416236,15.886584],[-16.41343,15.884594],[-16.415118,15.879772],[-16.415595,15.879395],[-16.416208,15.879798],[-16.416819,15.879069],[-16.418878,15.87584],[-16.419329,15.874358],[-16.419248,15.873795],[-16.418626,15.873223],[-16.418127,15.873125],[-16.417526,15.873405],[-16.417018,15.873994],[-16.416638,15.875063],[-16.416853,15.876881],[-16.416207,15.877213],[-16.415495,15.876989],[-16.415317,15.875718],[-16.415481,15.873896],[-16.41607,15.872302],[-16.416857,15.870886],[-16.41697,15.870309],[-16.416684,15.869186],[-16.415652,15.868803],[-16.415068,15.868163],[-16.416786,15.865863],[-16.418371,15.863031],[-16.419887,15.861116],[-16.421577,15.858463],[-16.423811,15.855609],[-16.423801,15.854205],[-16.422759,15.852762],[-16.421689,15.854294],[-16.420045,15.857623],[-16.41927,15.857209],[-16.420174,15.854035],[-16.420963,15.852027],[-16.422151,15.849658],[-16.423029,15.847201],[-16.424792,15.847608]],[[-16.412138,15.906535],[-16.412604,15.906419],[-16.41367,15.905192],[-16.413756,15.904197],[-16.413425,15.903612],[-16.412817,15.90348],[-16.412024,15.903621],[-16.411327,15.904123],[-16.411239,15.904846],[-16.411522,15.905296],[-16.411786,15.906334],[-16.412138,15.906535]],[[-16.408543,15.913315],[-16.408823,15.913313],[-16.408729,15.913223],[-16.409288,15.912993],[-16.409617,15.913262],[-16.411762,15.912887],[-16.411903,15.912976],[-16.412368,15.912702],[-16.412642,15.911887],[-16.413108,15.911748],[-16.412257,15.910217],[-16.412625,15.909402],[-16.412387,15.908725],[-16.411506,15.90968],[-16.410668,15.909957],[-16.410297,15.910411],[-16.409036,15.910374],[-16.408804,15.910556],[-16.408387,15.911101],[-16.408394,15.912005],[-16.407974,15.912143],[-16.407882,15.912325],[-16.408119,15.91282],[-16.408541,15.913044],[-16.408543,15.913315]],[[-16.408972,15.914622],[-16.408973,15.914713],[-16.409019,15.914667],[-16.408972,15.914622]],[[-16.409603,15.918053],[-16.409604,15.918143],[-16.409697,15.918097],[-16.409603,15.918053]],[[-16.410258,15.918229],[-16.410352,15.918229],[-16.410304,15.918139],[-16.410258,15.918229]],[[-16.404532,15.920797],[-16.404532,15.920888],[-16.404579,15.920842],[-16.404532,15.920797]]],[[[-16.414051,15.916374],[-16.413747,15.916218],[-16.413834,15.915314],[-16.414624,15.914811],[-16.414437,15.914677],[-16.414529,15.914541],[-16.415089,15.914537],[-16.415464,15.914715],[-16.415279,15.914897],[-16.415587,15.915261],[-16.414394,15.915898],[-16.414051,15.916374]]],[[[-16.419576,15.908407],[-16.419577,15.908497],[-16.41953,15.908452],[-16.419576,15.908407]]],[[[-16.419669,15.908316],[-16.41967,15.908406],[-16.419623,15.908362],[-16.419669,15.908316]]],[[[-16.41289,15.913874],[-16.412889,15.913783],[-16.412936,15.913828],[-16.41289,15.913874]]]]}},{"type":"Feature","properties":{"categorie":"Steppe"},"geometry":{"type":"MultiPolygon","coordinates":[[[[-16.427746,15.857922],[-16.427137,15.858756],[-16.429037,15.860327],[-16.429123,15.86054],[-16.427701,15.862792],[-16.42674,15.865295],[-16.427157,15.865522],[-16.426645,15.866587],[-16.426811,15.866696],[-16.42607,15.867736],[-16.425392,15.868254],[-16.424761,15.86949],[-16.425399,15.869972],[-16.425792,15.870659],[-16.42588,15.873257],[-16.425613,15.873809],[-16.424949,15.874315],[-16.424776,15.874245],[-16.42465,15.873982],[-16.424703,15.87257],[-16.423377,15.872111],[-16.423289,15.87368],[-16.421975,15.875643],[-16.421594,15.877275],[-16.420432,15.878567],[-16.420059,15.880002],[-16.419379,15.881137],[-16.419452,15.882854],[-16.418979,15.883808],[-16.418623,15.884002],[-16.418219,15.883476],[-16.418309,15.882096],[-16.417064,15.880662],[-16.418914,15.87809],[-16.419731,15.876574],[-16.421007,15.875141],[-16.421878,15.871769],[-16.422991,15.869774],[-16.423458,15.869409],[-16.424033,15.869321],[-16.424413,15.868316],[-16.424631,15.866908],[-16.425406,15.865677],[-16.425772,15.864533],[-16.425349,15.864093],[-16.424265,15.863896],[-16.423667,15.864142],[-16.422671,15.864986],[-16.420249,15.869086],[-16.420072,15.870891],[-16.419629,15.87185],[-16.419164,15.872339],[-16.418682,15.871735],[-16.418531,15.870865],[-16.419443,15.868969],[-16.420405,15.865885],[-16.420995,15.865011],[-16.420156,15.864918],[-16.419522,15.865301],[-16.419083,15.865903],[-16.418824,15.8667],[-16.417855,15.86855],[-16.417403,15.868305],[-16.417288,15.868021],[-16.417632,15.866964],[-16.417865,15.865399],[-16.418824,15.864115],[-16.420158,15.863095],[-16.420726,15.862448],[-16.422137,15.859974],[-16.425603,15.855111],[-16.427746,15.857922]]],[[[-16.438742,15.877594],[-16.438921,15.877787],[-16.437107,15.879414],[-16.436682,15.880077],[-16.436768,15.880302],[-16.4373,15.880326],[-16.437713,15.880567],[-16.437895,15.881289],[-16.438374,15.881684],[-16.438451,15.882008],[-16.438334,15.882624],[-16.437233,15.884005],[-16.437163,15.886066],[-16.436599,15.886892],[-16.435603,15.887288],[-16.434895,15.888053],[-16.434744,15.887311],[-16.434833,15.885359],[-16.43454,15.88489],[-16.434175,15.884821],[-16.43406,15.885707],[-16.43359,15.886506],[-16.433336,15.887592],[-16.432678,15.888392],[-16.433638,15.890636],[-16.433606,15.89144],[-16.43305,15.892113],[-16.431654,15.8928],[-16.430616,15.893927],[-16.4303,15.89543],[-16.429812,15.896346],[-16.428945,15.899226],[-16.428153,15.899078],[-16.427435,15.899216],[-16.42565,15.898188],[-16.424763,15.898529],[-16.422851,15.900896],[-16.421636,15.901563],[-16.421372,15.901135],[-16.421118,15.899704],[-16.420383,15.897877],[-16.419941,15.897271],[-16.419273,15.896764],[-16.419223,15.896471],[-16.420402,15.891761],[-16.421864,15.889393],[-16.422235,15.888513],[-16.422306,15.887373],[-16.421809,15.8866],[-16.421788,15.886306],[-16.423731,15.883824],[-16.425318,15.88097],[-16.425844,15.879009],[-16.425586,15.877059],[-16.427009,15.875227],[-16.427773,15.873445],[-16.42788,15.872332],[-16.427189,15.870824],[-16.427269,15.870486],[-16.428026,15.869853],[-16.427188,15.869049],[-16.427509,15.868022],[-16.427756,15.867947],[-16.42831,15.868557],[-16.428551,15.870092],[-16.43033,15.8735],[-16.430751,15.873808],[-16.430748,15.874253],[-16.429507,15.874427],[-16.426987,15.878653],[-16.427819,15.879561],[-16.427412,15.881205],[-16.426306,15.882736],[-16.425403,15.884392],[-16.424216,15.885489],[-16.423878,15.88608],[-16.423514,15.88884],[-16.423682,15.889133],[-16.424268,15.889307],[-16.424354,15.89048],[-16.423713,15.892382],[-16.42424,15.894186],[-16.424571,15.894772],[-16.425224,15.894767],[-16.426478,15.89381],[-16.426707,15.893176],[-16.427078,15.892812],[-16.42703,15.892632],[-16.426751,15.892814],[-16.426657,15.892724],[-16.42656,15.892183],[-16.427534,15.891273],[-16.427904,15.890683],[-16.426999,15.888203],[-16.42667,15.887889],[-16.426202,15.887756],[-16.425374,15.888028],[-16.425899,15.885842],[-16.426371,15.884589],[-16.428011,15.882309],[-16.428664,15.881039],[-16.428807,15.880187],[-16.428194,15.879874],[-16.428583,15.879034],[-16.429845,15.877751],[-16.431648,15.878163],[-16.434163,15.873351],[-16.434928,15.871548],[-16.435932,15.870683],[-16.43693,15.870842],[-16.437482,15.870012],[-16.438742,15.877594]]],[[[-16.440523,15.879525],[-16.442345,15.881501],[-16.441921,15.882799],[-16.44041,15.885565],[-16.440108,15.886946],[-16.439491,15.887768],[-16.437764,15.886422],[-16.43939,15.884063],[-16.439159,15.883097],[-16.439451,15.88211],[-16.439286,15.881217],[-16.440062,15.879955],[-16.440523,15.879525]]],[[[-16.453676,15.891685],[-16.457439,15.895895],[-16.45406,15.89449],[-16.45319,15.894458],[-16.452831,15.894039],[-16.452747,15.893236],[-16.453676,15.891685]]]]}},{"type":"Feature","properties":{"categorie":"Prairie aquatique"},"geometry":{"type":"Polygon","coordinates":[[[-16.483792,15.967888],[-16.483976,15.965907],[-16.48443,15.964096],[-16.48523,15.963344],[-16.486036,15.962916],[-16.486689,15.962958],[-16.486662,15.962459],[-16.487259,15.961271],[-16.487889,15.960739],[-16.488663,15.960508],[-16.488895,15.960003],[-16.48989,15.958799],[-16.489576,15.957231],[-16.488971,15.956361],[-16.489077,15.955978],[-16.489688,15.956461],[-16.490056,15.957956],[-16.490327,15.958086],[-16.490495,15.957756],[-16.490228,15.95717],[-16.490227,15.95668],[-16.490607,15.955662],[-16.490823,15.955647],[-16.490731,15.957148],[-16.491006,15.959008],[-16.492198,15.961185],[-16.491767,15.962329],[-16.491064,15.962388],[-16.490695,15.96172],[-16.490458,15.961707],[-16.490138,15.962613],[-16.489163,15.963179],[-16.487681,15.965299],[-16.487699,15.965555],[-16.485945,15.966806],[-16.485459,15.966782],[-16.485016,15.966343],[-16.48468,15.966381],[-16.484198,15.968149],[-16.483792,15.967888]]]}},{"type":"Feature","properties":{"categorie":"Prairie aquatique"},"geometry":{"type":"MultiPolygon","coordinates":[[[[-16.496122,15.974889],[-16.496122,15.974888],[-16.496125,15.974887],[-16.496122,15.974889]]],[[[-16.494277,15.976147],[-16.494408,15.975532],[-16.494641,15.97544],[-16.495,15.975654],[-16.494277,15.976147]]]]}},{"type":"Feature","properties":{"categorie":"Culture irriguée"},"geometry":{"type":"Polygon","coordinates":[[[-16.345378,15.976631],[-16.350174,15.962771],[-16.352521,15.954667],[-16.359748,15.955654],[-16.363141,15.963986],[-16.36212,15.966527],[-16.361134,15.966964],[-16.359265,15.967313],[-16.357207,15.975575],[-16.35611,15.97679],[-16.355433,15.977273],[-16.355498,15.977631],[-16.355961,15.977568],[-16.356924,15.976713],[-16.356575,15.978239],[-16.345378,15.976631]]]}},{"type":"Feature","properties":{"categorie":"Culture maraichère"},"geometry":{"type":"MultiPolygon","coordinates":[[[[-16.475967,15.956653],[-16.476769,15.957687],[-16.476585,15.958095],[-16.476774,15.95841],[-16.476464,15.959136],[-16.475967,15.956653]]],[[[-16.475766,15.955736],[-16.475822,15.955886],[-16.475806,15.955931],[-16.475766,15.955736]]],[[[-16.47577,15.955209],[-16.475911,15.955388],[-16.475765,15.955585],[-16.47577,15.955209]]],[[[-16.475774,15.954918],[-16.47578,15.952546],[-16.475578,15.951449],[-16.475774,15.951136],[-16.476065,15.951042],[-16.476547,15.951734],[-16.477369,15.953496],[-16.478182,15.956737],[-16.477784,15.956008],[-16.477698,15.957003],[-16.477091,15.957007],[-16.477135,15.956645],[-16.476849,15.955924],[-16.476568,15.955745],[-16.476335,15.955837],[-16.476005,15.955478],[-16.476423,15.955113],[-16.476657,15.955112],[-16.476798,15.955292],[-16.47703,15.955064],[-16.476982,15.954929],[-16.476888,15.954839],[-16.476656,15.955021],[-16.475952,15.954574],[-16.475774,15.954918]],[[-16.477033,15.955425],[-16.477126,15.955425],[-16.477079,15.95538],[-16.477033,15.955425]],[[-16.476892,15.955381],[-16.476893,15.955472],[-16.476939,15.955426],[-16.476892,15.955381]],[[-16.476799,15.955472],[-16.4768,15.955563],[-16.476847,15.955517],[-16.476799,15.955472]],[[-16.47769,15.955873],[-16.477783,15.955872],[-16.477736,15.955827],[-16.47769,15.955873]],[[-16.477321,15.956553],[-16.477415,15.956553],[-16.477367,15.956463],[-16.477321,15.956553]]],[[[-16.479585,15.958205],[-16.47954,15.954923],[-16.479197,15.953988],[-16.478496,15.952826],[-16.47891,15.95269],[-16.479466,15.952954],[-16.480689,15.955279],[-16.481385,15.955791],[-16.481494,15.956384],[-16.480963,15.956393],[-16.479728,15.956785],[-16.479851,15.95762],[-16.479807,15.957982],[-16.479585,15.958205]]],[[[-16.476993,15.961131],[-16.477218,15.961615],[-16.477294,15.962106],[-16.477261,15.962047],[-16.476993,15.961131]]],[[[-16.47685,15.956059],[-16.476757,15.95606],[-16.476803,15.956015],[-16.47685,15.956059]]]]}},{"type":"Feature","properties":{"categorie":"Culture maraichère"},"geometry":{"type":"Polygon","coordinates":[[[-16.406321,15.987144],[-16.405481,15.987312],[-16.405038,15.98679],[-16.404513,15.986523],[-16.403112,15.986604],[-16.402485,15.986473],[-16.399761,15.984339],[-16.399274,15.984207],[-16.39682,15.984612],[-16.396252,15.98495],[-16.394962,15.986169],[-16.392595,15.987179],[-16.392054,15.987209],[-16.391871,15.986433],[-16.392252,15.984759],[-16.392116,15.984045],[-16.391568,15.983136],[-16.39106,15.982706],[-16.390227,15.982404],[-16.38961,15.982399],[-16.387502,15.982891],[-16.38685,15.983239],[-16.386044,15.984247],[-16.385694,15.984991],[-16.385756,15.987214],[-16.386263,15.987608],[-16.386895,15.988463],[-16.388248,15.989457],[-16.388278,15.989746],[-16.38796,15.989766],[-16.386827,15.989358],[-16.385305,15.988148],[-16.382667,15.98642],[-16.380532,15.985684],[-16.379416,15.985085],[-16.37838,15.985237],[-16.377607,15.984654],[-16.377443,15.982455],[-16.379725,15.976318],[-16.381044,15.974014],[-16.385865,15.977713],[-16.387339,15.976317],[-16.388379,15.976549],[-16.389283,15.978648],[-16.390417,15.978114],[-16.395623,15.973107],[-16.397315,15.974722],[-16.396332,15.975589],[-16.394428,15.979045],[-16.394629,15.979474],[-16.398197,15.980695],[-16.399484,15.980925],[-16.400744,15.977282],[-16.401578,15.97632],[-16.402359,15.974833],[-16.403295,15.974348],[-16.404482,15.974436],[-16.405473,15.974717],[-16.406659,15.974757],[-16.407997,15.975131],[-16.408558,15.977662],[-16.409355,15.978422],[-16.41113,15.977693],[-16.412703,15.976534],[-16.413892,15.976814],[-16.41311,15.978158],[-16.41396,15.979444],[-16.412734,15.980934],[-16.410982,15.98482],[-16.40932,15.987557],[-16.41056,15.988075],[-16.4124,15.989689],[-16.411244,15.991713],[-16.410011,15.991078],[-16.408717,15.989143],[-16.407474,15.987696],[-16.406321,15.987144]]]}},{"type":"Feature","properties":{"categorie":"Culture pluviale"},"geometry":{"type":"MultiPolygon","coordinates":[[[[-16.419695,15.9087],[-16.420045,15.908675],[-16.419994,15.908088],[-16.420273,15.907905],[-16.420179,15.907816],[-16.420365,15.907634],[-16.420013,15.907563],[-16.421757,15.901758],[-16.421636,15.901563],[-16.422851,15.900896],[-16.424763,15.898529],[-16.42565,15.898188],[-16.427435,15.899216],[-16.428153,15.899078],[-16.428945,15.899226],[-16.428734,15.899842],[-16.42887,15.9006],[-16.429133,15.900806],[-16.429824,15.900765],[-16.430218,15.900935],[-16.430595,15.901492],[-16.430721,15.90216],[-16.430726,15.90282],[-16.430373,15.904495],[-16.429238,15.906328],[-16.428466,15.906866],[-16.427821,15.906798],[-16.427621,15.906185],[-16.42791,15.904827],[-16.427684,15.904476],[-16.427414,15.904393],[-16.426487,15.902525],[-16.425987,15.902395],[-16.425142,15.902983],[-16.424639,15.904513],[-16.424663,15.904921],[-16.425227,15.905754],[-16.425129,15.906582],[-16.423764,15.907572],[-16.42269,15.907555],[-16.422711,15.908586],[-16.422368,15.909218],[-16.422037,15.909535],[-16.421046,15.909982],[-16.42066,15.911009],[-16.420232,15.911612],[-16.419107,15.911925],[-16.419924,15.911297],[-16.420105,15.910573],[-16.41982,15.909851],[-16.419397,15.909493],[-16.419695,15.9087]]],[[[-16.418571,15.911133],[-16.418805,15.911621],[-16.418595,15.911809],[-16.418309,15.911654],[-16.418571,15.911133]]],[[[-16.419949,15.908314],[-16.41995,15.908405],[-16.419903,15.90836],[-16.419949,15.908314]]]]}},{"type":"Feature","properties":{"categorie":"Culture pluviale"},"geometry":{"type":"MultiPolygon","coordinates":[[[[-16.47418,15.935878],[-16.473869,15.937602],[-16.474,15.939619],[-16.473786,15.939405],[-16.473507,15.939588],[-16.47332,15.939499],[-16.472901,15.939728],[-16.472903,15.939999],[-16.472436,15.940002],[-16.472201,15.939778],[-16.471542,15.940151],[-16.471391,15.939264],[-16.472272,15.93811],[-16.473136,15.937889],[-16.473762,15.937426],[-16.473841,15.936676],[-16.47418,15.935878]]],[[[-16.474067,15.940661],[-16.474029,15.940624],[-16.474063,15.940607],[-16.474067,15.940661]]],[[[-16.474376,15.943845],[-16.47399,15.944348],[-16.473822,15.944468],[-16.474257,15.943342],[-16.474376,15.943845]]],[[[-16.473277,15.943823],[-16.473866,15.943969],[-16.473543,15.944537],[-16.473277,15.943823]]],[[[-16.473088,15.939727],[-16.472994,15.939727],[-16.473041,15.939682],[-16.473088,15.939727]]]]}},{"type":"Feature","properties":{"categorie":"Culture pluviale"},"geometry":{"type":"Polygon","coordinates":[[[-16.41061,15.944537],[-16.409622,15.944488],[-16.408849,15.943816],[-16.409051,15.943336],[-16.408964,15.941574],[-16.409288,15.941165],[-16.410831,15.940025],[-16.412368,15.938145],[-16.412278,15.937232],[-16.412815,15.936497],[-16.412927,15.935258],[-16.41337,15.934423],[-16.413966,15.934139],[-16.415156,15.934773],[-16.41538,15.934726],[-16.415481,15.934437],[-16.415276,15.933227],[-16.415532,15.932439],[-16.416611,15.931673],[-16.417138,15.931],[-16.418088,15.930632],[-16.418329,15.930306],[-16.418344,15.929745],[-16.418145,15.929376],[-16.417706,15.929306],[-16.416839,15.929565],[-16.416911,15.929294],[-16.417504,15.928585],[-16.418267,15.928164],[-16.418989,15.927129],[-16.419492,15.927035],[-16.419662,15.927269],[-16.419399,15.928446],[-16.419533,15.928861],[-16.420471,15.928014],[-16.421041,15.928055],[-16.421286,15.928451],[-16.421181,15.929356],[-16.420392,15.931503],[-16.42049,15.933364],[-16.419513,15.934021],[-16.418273,15.935656],[-16.417037,15.936568],[-16.416762,15.937329],[-16.417008,15.937707],[-16.416481,15.938737],[-16.416147,15.93878],[-16.414896,15.93764],[-16.414457,15.937607],[-16.414095,15.937871],[-16.413963,15.93911],[-16.412867,15.940021],[-16.412982,15.9404],[-16.413631,15.941001],[-16.413812,15.941597],[-16.413061,15.943753],[-16.412984,15.94528],[-16.41061,15.944537]]]}},{"type":"Feature","properties":{"categorie":"Culture pluviale"},"geometry":{"type":"Polygon","coordinates":[[[-16.497194,15.947031],[-16.498418,15.946648],[-16.498671,15.946766],[-16.498735,15.946549],[-16.501226,15.945867],[-16.500425,15.947353],[-16.500458,15.950624],[-16.500196,15.951051],[-16.5004,15.951968],[-16.50013,15.952869],[-16.500077,15.953711],[-16.500246,15.955202],[-16.500151,15.955624],[-16.500504,15.956265],[-16.500979,15.958898],[-16.50144,15.958818],[-16.501062,15.959525],[-16.501426,15.960563],[-16.501399,15.961253],[-16.501574,15.961924],[-16.501229,15.962735],[-16.501124,15.962778],[-16.50116,15.962579],[-16.500842,15.962716],[-16.499933,15.963403],[-16.499771,15.963261],[-16.501061,15.96055],[-16.500901,15.959045],[-16.50059,15.958519],[-16.499476,15.960365],[-16.498617,15.963609],[-16.496878,15.963486],[-16.496578,15.963325],[-16.496464,15.963064],[-16.496646,15.962331],[-16.497597,15.960833],[-16.497908,15.960035],[-16.497628,15.9587],[-16.49781,15.958084],[-16.498541,15.957121],[-16.49884,15.953449],[-16.498586,15.95186],[-16.498604,15.95055],[-16.497842,15.949868],[-16.497789,15.949037],[-16.497496,15.948551],[-16.496407,15.947738],[-16.497194,15.947031]]]}},{"type":"Feature","properties":{"categorie":"Culture pluviale"},"geometry":{"type":"MultiPolygon","coordinates":[[[[-16.491933,15.947989],[-16.492399,15.948993],[-16.492306,15.949084],[-16.492589,15.949444],[-16.493432,15.949709],[-16.493762,15.950113],[-16.4939,15.949841],[-16.494605,15.950379],[-16.494643,15.950222],[-16.494887,15.950738],[-16.495119,15.951742],[-16.495093,15.952838],[-16.495583,15.954358],[-16.495331,15.956704],[-16.495007,15.957374],[-16.494592,15.957292],[-16.494945,15.955712],[-16.494744,15.95254],[-16.494528,15.951333],[-16.493975,15.951243],[-16.493732,15.951445],[-16.493407,15.952226],[-16.493226,15.953907],[-16.492761,15.954568],[-16.492817,15.955368],[-16.492604,15.956128],[-16.492821,15.956895],[-16.494393,15.959447],[-16.494423,15.960124],[-16.494116,15.96147],[-16.492033,15.962697],[-16.491737,15.963106],[-16.491469,15.964153],[-16.491006,15.964571],[-16.490039,15.964582],[-16.487699,15.965555],[-16.487681,15.965299],[-16.489163,15.963179],[-16.490138,15.962613],[-16.490458,15.961707],[-16.490695,15.96172],[-16.490812,15.96209],[-16.490395,15.962157],[-16.490073,15.962882],[-16.490451,15.963422],[-16.491102,15.963101],[-16.490913,15.962831],[-16.491098,15.962559],[-16.491028,15.96236],[-16.491767,15.962329],[-16.492198,15.961185],[-16.491102,15.959314],[-16.490719,15.956795],[-16.490956,15.953724],[-16.490811,15.951462],[-16.491011,15.950801],[-16.49176,15.949748],[-16.491637,15.948008],[-16.491933,15.947989]]],[[[-16.493898,15.947864],[-16.49391,15.94792],[-16.493888,15.948058],[-16.493898,15.947864]]],[[[-16.493936,15.948638],[-16.494012,15.948905],[-16.494167,15.949369],[-16.493936,15.948638]]],[[[-16.494401,15.94978],[-16.494272,15.949613],[-16.494266,15.949595],[-16.494401,15.94978]]],[[[-16.494542,15.949975],[-16.494531,15.949972],[-16.494508,15.949928],[-16.494542,15.949975]]],[[[-16.492539,15.948947],[-16.492539,15.949037],[-16.492492,15.948992],[-16.492539,15.948947]]]]}},{"type":"Feature","properties":{"categorie":"Culture pluviale"},"geometry":{"type":"Polygon","coordinates":[[[-16.438345,15.965849],[-16.437425,15.964981],[-16.436842,15.964128],[-16.436406,15.963008],[-16.436219,15.9616],[-16.435943,15.961165],[-16.435244,15.960787],[-16.433488,15.960356],[-16.432857,15.959664],[-16.431798,15.959238],[-16.431466,15.958436],[-16.430855,15.957961],[-16.427209,15.957623],[-16.42664,15.95769],[-16.426473,15.955233],[-16.426684,15.953325],[-16.427366,15.951991],[-16.42762,15.950968],[-16.429686,15.948569],[-16.430145,15.948699],[-16.429856,15.948875],[-16.429898,15.949345],[-16.430302,15.9494],[-16.429895,15.951667],[-16.429909,15.952363],[-16.430182,15.952705],[-16.430969,15.952908],[-16.431029,15.953549],[-16.431246,15.953782],[-16.43161,15.953726],[-16.432407,15.952817],[-16.432928,15.952551],[-16.435257,15.952996],[-16.436723,15.952887],[-16.437553,15.952611],[-16.438081,15.952011],[-16.438438,15.951077],[-16.438612,15.947859],[-16.438865,15.946655],[-16.439279,15.945766],[-16.440741,15.943886],[-16.440748,15.943551],[-16.440561,15.943444],[-16.440076,15.943574],[-16.439594,15.944074],[-16.439247,15.943968],[-16.43885,15.943356],[-16.438282,15.940892],[-16.437906,15.94066],[-16.437338,15.940872],[-16.437113,15.94081],[-16.436862,15.939619],[-16.436164,15.939994],[-16.435441,15.939429],[-16.434279,15.937566],[-16.434017,15.936293],[-16.433753,15.935843],[-16.431138,15.934577],[-16.429391,15.933233],[-16.429295,15.932954],[-16.429637,15.932409],[-16.429551,15.932111],[-16.427411,15.930725],[-16.42599,15.929225],[-16.425109,15.926176],[-16.425291,15.925451],[-16.426308,15.923999],[-16.426362,15.922353],[-16.427381,15.919879],[-16.427864,15.918186],[-16.429661,15.916014],[-16.429712,15.915227],[-16.429126,15.914336],[-16.430001,15.913906],[-16.433031,15.913181],[-16.4337,15.91258],[-16.434898,15.910321],[-16.437848,15.91071],[-16.439752,15.910397],[-16.440396,15.910524],[-16.440603,15.911277],[-16.441295,15.911499],[-16.441858,15.911974],[-16.442903,15.914434],[-16.444602,15.9168],[-16.445513,15.917616],[-16.447839,15.918911],[-16.448535,15.919603],[-16.448716,15.920098],[-16.448646,15.920677],[-16.448341,15.921213],[-16.447726,15.921801],[-16.449153,15.92318],[-16.451799,15.92421],[-16.452669,15.924839],[-16.452889,15.925463],[-16.453034,15.927902],[-16.45345,15.928742],[-16.453665,15.928985],[-16.454088,15.92867],[-16.455654,15.928927],[-16.456061,15.929693],[-16.45798,15.931478],[-16.458263,15.931919],[-16.45808,15.932417],[-16.45719,15.933391],[-16.456557,15.933594],[-16.455688,15.933618],[-16.45516,15.934218],[-16.455116,15.934643],[-16.455381,15.935048],[-16.456613,15.935122],[-16.456944,15.936142],[-16.456591,15.936469],[-16.454469,15.935642],[-16.453375,15.93594],[-16.454067,15.937911],[-16.454978,15.939294],[-16.455191,15.939888],[-16.455135,15.940522],[-16.454448,15.94274],[-16.455091,15.94556],[-16.455277,15.95106],[-16.455077,15.953632],[-16.453578,15.95341],[-16.452357,15.953433],[-16.452153,15.954969],[-16.45062,15.955949],[-16.450464,15.956718],[-16.449906,15.957011],[-16.449676,15.957555],[-16.449028,15.958282],[-16.448517,15.958737],[-16.44819,15.958694],[-16.447819,15.959064],[-16.445993,15.959235],[-16.443731,15.961798],[-16.443511,15.962529],[-16.443779,15.963212],[-16.44468,15.96382],[-16.445079,15.964586],[-16.446128,15.964886],[-16.446139,15.965803],[-16.445964,15.965922],[-16.445694,15.966814],[-16.445342,15.967215],[-16.443708,15.967784],[-16.441966,15.967761],[-16.440771,15.967362],[-16.438345,15.965849]],[[-16.452571,15.934648],[-16.452525,15.9328],[-16.451973,15.932546],[-16.451719,15.932038],[-16.451211,15.931773],[-16.449597,15.932407],[-16.449308,15.932296],[-16.449031,15.932795],[-16.449174,15.933155],[-16.449441,15.933329],[-16.449219,15.933942],[-16.449255,15.934293],[-16.451196,15.935059],[-16.451779,15.93502],[-16.452571,15.934648]]]}},{"type":"Feature","properties":{"categorie":"Culture pluviale"},"geometry":{"type":"Polygon","coordinates":[[[-16.450512,15.983761],[-16.449802,15.981908],[-16.448712,15.98059],[-16.4473,15.979945],[-16.446861,15.979996],[-16.446206,15.980417],[-16.445718,15.980395],[-16.445601,15.980244],[-16.446482,15.978685],[-16.448068,15.97767],[-16.448738,15.976754],[-16.449326,15.976559],[-16.451011,15.976444],[-16.451284,15.976685],[-16.451196,15.977343],[-16.449863,15.977554],[-16.449537,15.978415],[-16.449024,15.978856],[-16.449004,15.979039],[-16.449603,15.979568],[-16.450456,15.980922],[-16.451749,15.982094],[-16.452046,15.983515],[-16.453216,15.983271],[-16.4532,15.984284],[-16.453312,15.984385],[-16.454399,15.983376],[-16.454832,15.983229],[-16.455268,15.983666],[-16.455488,15.984463],[-16.455388,15.98707],[-16.455172,15.987349],[-16.454451,15.98756],[-16.454138,15.98781],[-16.453422,15.99006],[-16.452922,15.990525],[-16.452121,15.990627],[-16.451732,15.990427],[-16.451936,15.989404],[-16.451548,15.987658],[-16.451566,15.986868],[-16.450991,15.985726],[-16.450512,15.983761]]]}},{"type":"Feature","properties":{"categorie":"Culture pluviale"},"geometry":{"type":"Polygon","coordinates":[[[-16.447326,15.982768],[-16.447946,15.982923],[-16.448451,15.983303],[-16.448772,15.984178],[-16.449586,15.985193],[-16.449872,15.986005],[-16.449479,15.988047],[-16.449159,15.98883],[-16.449934,15.989729],[-16.450092,15.990496],[-16.449973,15.991468],[-16.449257,15.992913],[-16.448859,15.993171],[-16.44817,15.993313],[-16.447489,15.993261],[-16.4471,15.993051],[-16.446847,15.991751],[-16.44598,15.990879],[-16.446816,15.989821],[-16.447095,15.988611],[-16.446375,15.983264],[-16.446634,15.982941],[-16.447326,15.982768]]]}},{"type":"Feature","properties":{"categorie":"Culture pluviale"},"geometry":{"type":"Polygon","coordinates":[[[-16.347458,15.990493],[-16.347104,15.990023],[-16.345655,15.989429],[-16.345207,15.988811],[-16.345058,15.988235],[-16.345422,15.987641],[-16.346302,15.987021],[-16.347126,15.986711],[-16.348009,15.986637],[-16.349049,15.987034],[-16.349641,15.987657],[-16.349803,15.988615],[-16.349739,15.990215],[-16.349863,15.990474],[-16.350846,15.990468],[-16.351861,15.990068],[-16.352196,15.98973],[-16.352509,15.988749],[-16.352867,15.988211],[-16.353323,15.987781],[-16.353773,15.987695],[-16.354661,15.988074],[-16.355249,15.988697],[-16.355474,15.991143],[-16.355026,15.992163],[-16.35277,15.994429],[-16.351482,15.994969],[-16.350144,15.99506],[-16.348942,15.994751],[-16.348065,15.993785],[-16.347724,15.992879],[-16.347458,15.990493]]]}},{"type":"Feature","properties":{"categorie":"Mangrove"},"geometry":{"type":"Polygon","coordinates":[[[-16.474744,15.932751],[-16.473762,15.937426],[-16.473136,15.937889],[-16.472272,15.93811],[-16.47174,15.937686],[-16.471517,15.935652],[-16.472433,15.934399],[-16.472487,15.931597],[-16.47239,15.931073],[-16.471737,15.93002],[-16.471356,15.928965],[-16.471333,15.928405],[-16.471583,15.928015],[-16.472061,15.928219],[-16.472172,15.929412],[-16.472561,15.930204],[-16.474728,15.931554],[-16.474574,15.932206],[-16.474744,15.932751]]]}},{"type":"Feature","properties":{"categorie":"Mangrove"},"geometry":{"type":"Polygon","coordinates":[[[-16.478343,15.948867],[-16.481663,15.948777],[-16.479926,15.949992],[-16.479157,15.949618],[-16.478343,15.948867]]]}},{"type":"Feature","properties":{"categorie":"Mangrove"},"geometry":{"type":"Polygon","coordinates":[[[-16.50129,15.957186],[-16.50158,15.95611],[-16.501565,15.955596],[-16.501012,15.953094],[-16.501093,15.950664],[-16.501405,15.950088],[-16.502364,15.949849],[-16.502618,15.949445],[-16.502575,15.948986],[-16.501136,15.947828],[-16.50133,15.947277],[-16.502692,15.947626],[-16.503067,15.948269],[-16.503719,15.953268],[-16.503592,15.953027],[-16.503109,15.953841],[-16.50289,15.954368],[-16.502786,15.955433],[-16.501915,15.957507],[-16.501678,15.95747],[-16.501343,15.957674],[-16.50129,15.957186]]]}},{"type":"Feature","properties":{"categorie":"Mangrove"},"geometry":{"type":"Polygon","coordinates":[[[-16.48364,15.948616],[-16.491637,15.948008],[-16.49176,15.949748],[-16.491011,15.950801],[-16.490811,15.951462],[-16.490895,15.955276],[-16.490227,15.95668],[-16.490228,15.95717],[-16.490493,15.957729],[-16.490381,15.958066],[-16.490072,15.95799],[-16.489706,15.956497],[-16.489293,15.956024],[-16.489077,15.955978],[-16.488801,15.956473],[-16.488386,15.956336],[-16.487721,15.955353],[-16.486244,15.9546],[-16.485745,15.953329],[-16.485189,15.95348],[-16.48472,15.953923],[-16.484436,15.955424],[-16.484129,15.956049],[-16.483755,15.9559],[-16.483147,15.955083],[-16.482569,15.953825],[-16.483097,15.953161],[-16.483807,15.952655],[-16.485125,15.952605],[-16.485742,15.952073],[-16.485617,15.951096],[-16.484391,15.949962],[-16.48364,15.948616]]]}},{"type":"Feature","properties":{"categorie":"Mangrove"},"geometry":{"type":"Polygon","coordinates":[[[-16.500425,15.947353],[-16.500616,15.947855],[-16.500893,15.947841],[-16.50137,15.948507],[-16.502285,15.949161],[-16.502435,15.949466],[-16.50216,15.949716],[-16.501283,15.95],[-16.500764,15.950718],[-16.500906,15.951872],[-16.500601,15.952843],[-16.500809,15.953817],[-16.500818,15.954875],[-16.501312,15.956115],[-16.501069,15.95666],[-16.50106,15.958007],[-16.501268,15.95821],[-16.50144,15.958818],[-16.500979,15.958898],[-16.500504,15.956265],[-16.500151,15.955624],[-16.50013,15.952869],[-16.5004,15.951968],[-16.500196,15.951051],[-16.500458,15.950624],[-16.500425,15.947353]]]}},{"type":"Feature","properties":{"categorie":"Mangrove"},"geometry":{"type":"Polygon","coordinates":[[[-16.498617,15.963609],[-16.499476,15.960365],[-16.50059,15.958519],[-16.500901,15.959045],[-16.501061,15.96055],[-16.499771,15.963261],[-16.499933,15.963403],[-16.50116,15.962579],[-16.501124,15.962778],[-16.500198,15.963869],[-16.499516,15.963883],[-16.498617,15.963609]]]}},{"type":"Feature","properties":{"categorie":"Mangrove"},"geometry":{"type":"Polygon","coordinates":[[[-16.502581,15.963081],[-16.502328,15.96428],[-16.502718,15.966518],[-16.503063,15.967118],[-16.502856,15.968618],[-16.502379,15.968888],[-16.501786,15.968935],[-16.501281,15.968781],[-16.500309,15.967877],[-16.499954,15.966293],[-16.500111,15.965561],[-16.501069,15.964742],[-16.502581,15.963081]]]}},{"type":"Feature","properties":{"categorie":"Mangrove"},"geometry":{"type":"Polygon","coordinates":[[[-16.472482,15.924859],[-16.475116,15.93069],[-16.47508,15.930887],[-16.474309,15.930427],[-16.473327,15.930199],[-16.472931,15.929705],[-16.472593,15.92817],[-16.472603,15.927041],[-16.472789,15.926886],[-16.472796,15.926596],[-16.4723,15.926509],[-16.471948,15.926891],[-16.471899,15.92653],[-16.472482,15.924859]]]}},{"type":"Feature","properties":{"categorie":"Mangrove"},"geometry":{"type":"Polygon","coordinates":[[[-16.477401,15.953583],[-16.476065,15.951042],[-16.475774,15.951136],[-16.475589,15.951402],[-16.475726,15.952072],[-16.47521,15.952279],[-16.474988,15.952213],[-16.474653,15.951475],[-16.474071,15.95076],[-16.474267,15.949907],[-16.473578,15.949183],[-16.473237,15.948452],[-16.472688,15.946408],[-16.473201,15.94504],[-16.47399,15.944348],[-16.473865,15.945072],[-16.474495,15.945673],[-16.4754,15.948089],[-16.476333,15.949239],[-16.477451,15.950036],[-16.479082,15.950865],[-16.479732,15.951033],[-16.479778,15.951297],[-16.480061,15.951409],[-16.481392,15.950984],[-16.481616,15.951097],[-16.481248,15.951473],[-16.480301,15.951867],[-16.479772,15.952261],[-16.479813,15.952435],[-16.480551,15.953539],[-16.481121,15.954999],[-16.481827,15.955607],[-16.482333,15.955612],[-16.483029,15.956181],[-16.483116,15.957233],[-16.482821,15.957407],[-16.482424,15.957314],[-16.482203,15.956837],[-16.48176,15.956704],[-16.481494,15.956384],[-16.481385,15.955791],[-16.480689,15.955279],[-16.479466,15.952954],[-16.47891,15.95269],[-16.478496,15.952826],[-16.479197,15.953988],[-16.47954,15.954923],[-16.479625,15.955833],[-16.479585,15.958205],[-16.479157,15.958439],[-16.478829,15.958305],[-16.478593,15.957991],[-16.477401,15.953583]]]}},{"type":"Feature","properties":{"categorie":"Mare"},"geometry":{"type":"Polygon","coordinates":[[[-16.376433,15.949123],[-16.376811,15.948506],[-16.377937,15.947848],[-16.378441,15.94771],[-16.379179,15.947777],[-16.378949,15.948276],[-16.378354,15.948641],[-16.377947,15.949285],[-16.3772,15.949326],[-16.376566,15.949583],[-16.376433,15.949123]]]}},{"type":"Feature","properties":{"categorie":"Mare"},"geometry":{"type":"Polygon","coordinates":[[[-16.376511,15.951057],[-16.38104,15.947991],[-16.381488,15.948006],[-16.381267,15.948487],[-16.380441,15.949278],[-16.379723,15.950756],[-16.379321,15.950759],[-16.379316,15.949964],[-16.378951,15.949857],[-16.377592,15.950707],[-16.376824,15.951724],[-16.376182,15.95208],[-16.375696,15.952129],[-16.375694,15.951722],[-16.376511,15.951057]]]}},{"type":"Feature","properties":{"categorie":"Mare"},"geometry":{"type":"Polygon","coordinates":[[[-16.369507,15.961071],[-16.371727,15.959114],[-16.372836,15.958781],[-16.373478,15.958379],[-16.373769,15.958486],[-16.373894,15.959027],[-16.374175,15.959233],[-16.375462,15.958882],[-16.374877,15.959419],[-16.37402,15.959804],[-16.373325,15.960549],[-16.372745,15.960535],[-16.372247,15.960014],[-16.371864,15.960116],[-16.37105,15.961206],[-16.369924,15.961918],[-16.369789,15.96266],[-16.369448,15.963349],[-16.368833,15.963597],[-16.368328,15.963483],[-16.368307,15.963094],[-16.369507,15.961071]]]}},{"type":"Feature","properties":{"categorie":"Mare"},"geometry":{"type":"Polygon","coordinates":[[[-16.474673,15.958599],[-16.47519,15.958389],[-16.475888,15.958597],[-16.475846,15.95947],[-16.474337,15.962501],[-16.47413,15.963669],[-16.47341,15.964579],[-16.472663,15.963408],[-16.472557,15.962958],[-16.472869,15.962955],[-16.473168,15.962744],[-16.473602,15.962072],[-16.473903,15.961296],[-16.473789,15.96037],[-16.473982,15.959445],[-16.474673,15.958599]]]}},{"type":"Feature","properties":{"categorie":"Mare"},"geometry":{"type":"Polygon","coordinates":[[[-16.475339,15.962372],[-16.475452,15.961928],[-16.475847,15.961613],[-16.476097,15.961678],[-16.476656,15.962238],[-16.476476,15.96237],[-16.47578,15.962231],[-16.47537,15.962386],[-16.475647,15.964103],[-16.475559,15.964486],[-16.475196,15.964752],[-16.474737,15.96456],[-16.474652,15.96437],[-16.475116,15.962579],[-16.475339,15.962372]]]}},{"type":"Feature","properties":{"categorie":"Mare"},"geometry":{"type":"Polygon","coordinates":[[[-16.37494,15.963142],[-16.375783,15.963462],[-16.37586,15.963742],[-16.374556,15.964392],[-16.373775,15.964993],[-16.372638,15.965389],[-16.371793,15.966109],[-16.371232,15.966067],[-16.371572,15.965161],[-16.372137,15.964516],[-16.374157,15.963355],[-16.37494,15.963142]]]}},{"type":"Feature","properties":{"categorie":"Mare"},"geometry":{"type":"Polygon","coordinates":[[[-16.474114,15.972046],[-16.473811,15.972034],[-16.472443,15.971167],[-16.472458,15.969862],[-16.472883,15.969191],[-16.473052,15.96919],[-16.473273,15.969487],[-16.473306,15.969947],[-16.473654,15.970426],[-16.474571,15.970072],[-16.475055,15.970206],[-16.475163,15.97118],[-16.475052,15.972233],[-16.474622,15.972442],[-16.474114,15.972046]]]}},{"type":"Feature","properties":{"categorie":"Mare"},"geometry":{"type":"Polygon","coordinates":[[[-16.477231,15.972291],[-16.476823,15.97234],[-16.476606,15.972157],[-16.476592,15.970497],[-16.477989,15.970317],[-16.478193,15.970604],[-16.478474,15.972586],[-16.478254,15.972957],[-16.477911,15.972571],[-16.477231,15.972291]]]}},{"type":"Feature","properties":{"categorie":"Mare"},"geometry":{"type":"Polygon","coordinates":[[[-16.35611,15.97679],[-16.357766,15.974956],[-16.358751,15.974293],[-16.359183,15.97435],[-16.359558,15.974915],[-16.359562,15.975453],[-16.359226,15.976083],[-16.358303,15.976657],[-16.356924,15.976713],[-16.355961,15.977568],[-16.355498,15.977631],[-16.355433,15.977273],[-16.35611,15.97679]]]}},{"type":"Feature","properties":{"categorie":"Mare"},"geometry":{"type":"Polygon","coordinates":[[[-16.42964,15.98751],[-16.430247,15.987472],[-16.4305,15.987873],[-16.4306,15.988995],[-16.431051,15.990097],[-16.431152,15.991054],[-16.430319,15.99319],[-16.429795,15.993497],[-16.429748,15.993729],[-16.429241,15.993843],[-16.42897,15.99364],[-16.42932,15.992143],[-16.429072,15.991247],[-16.429137,15.989567],[-16.429376,15.988033],[-16.42964,15.98751]]]}},{"type":"Feature","properties":{"categorie":"Mare"},"geometry":{"type":"Polygon","coordinates":[[[-16.450294,15.987305],[-16.451229,15.987836],[-16.451438,15.989266],[-16.451372,15.991065],[-16.450752,15.992771],[-16.45072,15.993881],[-16.450464,15.993998],[-16.450265,15.993865],[-16.450222,15.993387],[-16.450492,15.992371],[-16.450579,15.990745],[-16.450294,15.987305]]]}},{"type":"Feature","properties":{"categorie":"Mare"},"geometry":{"type":"Polygon","coordinates":[[[-16.424633,15.910692],[-16.42472,15.912242],[-16.424113,15.91305],[-16.424178,15.913891],[-16.422456,15.91637],[-16.421851,15.917503],[-16.420692,15.918639],[-16.420011,15.920223],[-16.419757,15.919898],[-16.419876,15.919404],[-16.421336,15.916238],[-16.422684,15.914603],[-16.422842,15.912474],[-16.423283,15.911873],[-16.423946,15.91139],[-16.424385,15.91055],[-16.424633,15.910692]]]}},{"type":"Feature","properties":{"categorie":"Mare"},"geometry":{"type":"Polygon","coordinates":[[[-16.440523,15.879525],[-16.440062,15.879955],[-16.439286,15.881217],[-16.439451,15.88211],[-16.439159,15.883097],[-16.43939,15.884063],[-16.438795,15.884853],[-16.438023,15.884466],[-16.437804,15.884199],[-16.437781,15.88374],[-16.438417,15.882433],[-16.438374,15.881684],[-16.437895,15.881289],[-16.437713,15.880567],[-16.4373,15.880326],[-16.436768,15.880302],[-16.436682,15.880077],[-16.437107,15.879414],[-16.438921,15.877787],[-16.440523,15.879525]]]}},{"type":"Feature","properties":{"categorie":"Mare"},"geometry":{"type":"Polygon","coordinates":[[[-16.44355,15.882808],[-16.443035,15.884301],[-16.442192,15.885082],[-16.441906,15.885876],[-16.441783,15.885299],[-16.442079,15.883905],[-16.441629,15.883471],[-16.442345,15.881501],[-16.44355,15.882808]]]}},{"type":"Feature","properties":{"categorie":"Mare"},"geometry":{"type":"Polygon","coordinates":[[[-16.413181,15.933143],[-16.414287,15.932179],[-16.414591,15.931519],[-16.41533,15.931216],[-16.416312,15.930193],[-16.416745,15.93025],[-16.416751,15.931503],[-16.415216,15.932472],[-16.415037,15.933489],[-16.414574,15.934064],[-16.413485,15.934119],[-16.413181,15.933143]]]}},{"type":"Feature","properties":{"categorie":"Mare"},"geometry":{"type":"Polygon","coordinates":[[[-16.40829,15.94041],[-16.407066,15.940264],[-16.406891,15.940024],[-16.407129,15.939186],[-16.407451,15.938838],[-16.409354,15.93877],[-16.40945,15.938929],[-16.40916,15.939915],[-16.409431,15.940226],[-16.409899,15.94033],[-16.410846,15.938775],[-16.411169,15.938506],[-16.411421,15.938579],[-16.411186,15.939397],[-16.410458,15.940132],[-16.410459,15.940349],[-16.409288,15.941165],[-16.408964,15.941574],[-16.409015,15.943553],[-16.408719,15.943926],[-16.408419,15.944043],[-16.407936,15.942922],[-16.407993,15.942324],[-16.40865,15.940683],[-16.40829,15.94041]]]}},{"type":"Feature","properties":{"categorie":"Mare"},"geometry":{"type":"Polygon","coordinates":[[[-16.429856,15.948875],[-16.430367,15.948655],[-16.430365,15.949364],[-16.429922,15.949375],[-16.429856,15.948875]]]}},{"type":"Feature","properties":{"categorie":"Mare"},"geometry":{"type":"Polygon","coordinates":[[[-16.426785,15.950522],[-16.426948,15.950518],[-16.428268,15.947893],[-16.429081,15.946982],[-16.429282,15.946981],[-16.429089,15.946517],[-16.42918,15.946168],[-16.429559,15.945793],[-16.429818,15.945788],[-16.429952,15.946007],[-16.42975,15.946371],[-16.430024,15.947057],[-16.429164,15.948074],[-16.42865,15.949609],[-16.427744,15.950475],[-16.427075,15.950679],[-16.426785,15.950522]]]}},{"type":"Feature","properties":{"categorie":"Mare"},"geometry":{"type":"Polygon","coordinates":[[[-16.465438,15.907763],[-16.467872,15.913218],[-16.466562,15.918144],[-16.466493,15.918885],[-16.467099,15.920579],[-16.467095,15.923544],[-16.466415,15.925103],[-16.465582,15.926089],[-16.465487,15.926626],[-16.464776,15.926699],[-16.463751,15.927184],[-16.463419,15.92776],[-16.463998,15.928502],[-16.463685,15.928983],[-16.463633,15.930035],[-16.461776,15.930201],[-16.461654,15.929723],[-16.462005,15.92909],[-16.462093,15.927597],[-16.462978,15.926902],[-16.462976,15.926615],[-16.462716,15.926254],[-16.46131,15.925842],[-16.46052,15.926001],[-16.459811,15.926445],[-16.459145,15.927215],[-16.457423,15.926978],[-16.457228,15.927305],[-16.457533,15.928489],[-16.457284,15.929676],[-16.457607,15.930497],[-16.458742,15.931637],[-16.459084,15.932476],[-16.459878,15.932911],[-16.461639,15.933052],[-16.461874,15.932859],[-16.461337,15.932308],[-16.461413,15.931887],[-16.461746,15.93154],[-16.462102,15.931538],[-16.462326,15.932474],[-16.462803,15.932738],[-16.463792,15.932865],[-16.464091,15.933189],[-16.464314,15.933933],[-16.464674,15.934466],[-16.466204,15.935585],[-16.466525,15.936137],[-16.466414,15.937267],[-16.466602,15.938566],[-16.466367,15.938893],[-16.466244,15.941037],[-16.466806,15.942181],[-16.46675,15.942678],[-16.466956,15.943729],[-16.467455,15.944357],[-16.467617,15.94493],[-16.46739,15.945189],[-16.466736,15.944867],[-16.466304,15.944536],[-16.466048,15.94404],[-16.465822,15.942533],[-16.465817,15.939234],[-16.465665,15.937671],[-16.465466,15.937257],[-16.464407,15.936571],[-16.464864,15.935642],[-16.464521,15.935196],[-16.463901,15.934961],[-16.463191,15.934965],[-16.462729,15.935148],[-16.462626,15.937958],[-16.461955,15.939218],[-16.463424,15.94151],[-16.462906,15.94256],[-16.462818,15.943158],[-16.462954,15.944831],[-16.462563,15.946328],[-16.462818,15.947433],[-16.462898,15.950003],[-16.463366,15.950538],[-16.463432,15.951225],[-16.463017,15.953559],[-16.462914,15.956429],[-16.462548,15.957119],[-16.460019,15.957644],[-16.459684,15.958304],[-16.460313,15.959854],[-16.45896,15.96073],[-16.45881,15.961419],[-16.459,15.961986],[-16.459747,15.962847],[-16.460338,15.963352],[-16.461236,15.963644],[-16.462255,15.963518],[-16.462963,15.963214],[-16.463604,15.962104],[-16.463913,15.962042],[-16.464254,15.962219],[-16.464319,15.962667],[-16.464049,15.963775],[-16.463183,15.963721],[-16.462289,15.964026],[-16.461551,15.964479],[-16.461247,15.965169],[-16.460818,15.96559],[-16.460478,15.965563],[-16.459886,15.964969],[-16.458713,15.965126],[-16.458831,15.966334],[-16.457007,15.96549],[-16.456224,15.962526],[-16.455997,15.960901],[-16.456116,15.959255],[-16.456712,15.956368],[-16.456822,15.954822],[-16.456733,15.947701],[-16.456271,15.943194],[-16.456283,15.940925],[-16.456536,15.939776],[-16.457416,15.937546],[-16.457581,15.935092],[-16.457516,15.934638],[-16.457144,15.934485],[-16.456526,15.93449],[-16.456231,15.934659],[-16.455637,15.934555],[-16.455549,15.934341],[-16.455719,15.934017],[-16.456187,15.933798],[-16.456207,15.9336],[-16.456771,15.933556],[-16.457469,15.933163],[-16.45808,15.932417],[-16.458263,15.931919],[-16.45798,15.931478],[-16.456334,15.929998],[-16.455721,15.929153],[-16.455661,15.928511],[-16.456018,15.927632],[-16.45587,15.926422],[-16.456274,15.925552],[-16.457662,15.923708],[-16.457937,15.922992],[-16.45796,15.922214],[-16.4575,15.920672],[-16.457466,15.919787],[-16.45785,15.918618],[-16.459324,15.915815],[-16.459671,15.913517],[-16.46047,15.911533],[-16.460539,15.9108],[-16.460285,15.909265],[-16.46073,15.908838],[-16.460205,15.908507],[-16.460239,15.908109],[-16.460572,15.907655],[-16.46153,15.90707],[-16.462774,15.906004],[-16.463463,15.905773],[-16.464475,15.906155],[-16.464961,15.907168],[-16.465438,15.907763]]]}},{"type":"Feature","properties":{"categorie":"Mare"},"geometry":{"type":"Polygon","coordinates":[[[-16.421491,15.965197],[-16.421862,15.964654],[-16.422531,15.964276],[-16.423018,15.965032],[-16.423806,15.965183],[-16.423807,15.965355],[-16.422503,15.966641],[-16.422142,15.96757],[-16.42227,15.968128],[-16.421733,15.968599],[-16.420828,15.968103],[-16.420591,15.967786],[-16.420826,15.967473],[-16.421769,15.966997],[-16.422072,15.96664],[-16.422015,15.966067],[-16.421145,15.965399],[-16.421491,15.965197]]]}},{"type":"Feature","properties":{"categorie":"Mare"},"geometry":{"type":"Polygon","coordinates":[[[-16.418121,15.971451],[-16.418696,15.971642],[-16.41845,15.972436],[-16.417417,15.97336],[-16.41668,15.973704],[-16.416603,15.973141],[-16.416929,15.972366],[-16.417556,15.971576],[-16.418121,15.971451]]]}},{"type":"Feature","properties":{"categorie":"Plaine inondable"},"geometry":{"type":"Polygon","coordinates":[[[-16.49398,15.961614],[-16.494432,15.960053],[-16.494369,15.959368],[-16.492821,15.956895],[-16.492604,15.956128],[-16.492817,15.955368],[-16.492761,15.954568],[-16.493226,15.953907],[-16.493407,15.952226],[-16.493788,15.95136],[-16.494248,15.951215],[-16.49448,15.951278],[-16.494585,15.951503],[-16.494944,15.955496],[-16.494567,15.957238],[-16.49521,15.957585],[-16.495649,15.957369],[-16.495696,15.957727],[-16.495434,15.958461],[-16.495509,15.958574],[-16.495919,15.958349],[-16.496258,15.958593],[-16.496487,15.960458],[-16.496317,15.960825],[-16.495928,15.961097],[-16.49398,15.961614]]]}},{"type":"Feature","properties":{"categorie":"Plaine inondable"},"geometry":{"type":"Polygon","coordinates":[[[-16.496407,15.947738],[-16.497496,15.948551],[-16.497789,15.949037],[-16.497842,15.949868],[-16.498604,15.95055],[-16.498586,15.95186],[-16.49884,15.953449],[-16.498541,15.957121],[-16.49781,15.958084],[-16.497628,15.9587],[-16.497908,15.960035],[-16.497597,15.960833],[-16.496646,15.962331],[-16.496512,15.963226],[-16.496088,15.962789],[-16.495998,15.962263],[-16.497281,15.960826],[-16.497515,15.960359],[-16.497563,15.959646],[-16.497062,15.957987],[-16.498279,15.956643],[-16.498502,15.953356],[-16.498157,15.952549],[-16.498117,15.951301],[-16.49825,15.950845],[-16.497588,15.949686],[-16.496871,15.949026],[-16.496616,15.947999],[-16.496407,15.947738]]]}},{"type":"Feature","properties":{"categorie":"Plaine inondable"},"geometry":{"type":"MultiPolygon","coordinates":[[[[-16.501913,15.945831],[-16.503328,15.945756],[-16.503395,15.947132],[-16.504089,15.94901],[-16.504314,15.953429],[-16.504025,15.954508],[-16.504061,15.953205],[-16.503966,15.953115],[-16.503831,15.953749],[-16.503642,15.953434],[-16.503616,15.952211],[-16.503067,15.948269],[-16.502692,15.947626],[-16.501874,15.947321],[-16.50133,15.947277],[-16.501186,15.947498],[-16.501012,15.947112],[-16.50103,15.946421],[-16.501827,15.946354],[-16.501913,15.945831]],[[-16.503855,15.950766],[-16.503896,15.949952],[-16.503797,15.94914],[-16.503518,15.949322],[-16.503427,15.949639],[-16.503663,15.950044],[-16.503755,15.949773],[-16.503712,15.95036],[-16.503855,15.950766]],[[-16.504011,15.952799],[-16.504104,15.952798],[-16.504057,15.952753],[-16.504011,15.952799]]],[[[-16.500232,15.968442],[-16.500309,15.967877],[-16.501281,15.968781],[-16.501786,15.968935],[-16.502379,15.968888],[-16.502856,15.968618],[-16.503063,15.967118],[-16.502718,15.966518],[-16.50244,15.965157],[-16.502328,15.96428],[-16.502585,15.963159],[-16.502377,15.960891],[-16.501872,15.959404],[-16.502398,15.958314],[-16.502191,15.95705],[-16.502786,15.955433],[-16.503193,15.955922],[-16.503736,15.955587],[-16.502815,15.958032],[-16.502633,15.959407],[-16.502637,15.961516],[-16.503082,15.966054],[-16.503584,15.968265],[-16.50474,15.970868],[-16.504979,15.972994],[-16.504614,15.97381],[-16.503407,15.974484],[-16.502027,15.974883],[-16.502986,15.97324],[-16.50346,15.972921],[-16.503589,15.972334],[-16.50346,15.971574],[-16.502903,15.970864],[-16.50112,15.969792],[-16.500232,15.968442]],[[-16.504524,15.971458],[-16.504615,15.971231],[-16.504567,15.971006],[-16.504429,15.971323],[-16.504524,15.971458]]],[[[-16.50289,15.954368],[-16.503198,15.953763],[-16.502894,15.954827],[-16.50289,15.954368]]]]}},{"type":"Feature","properties":{"categorie":"Plaine inondable"},"geometry":{"type":"MultiPolygon","coordinates":[[[[-16.44355,15.882808],[-16.44593,15.88539],[-16.448577,15.887435],[-16.447079,15.888386],[-16.446626,15.889094],[-16.446415,15.890921],[-16.446581,15.891851],[-16.447111,15.892923],[-16.447627,15.893254],[-16.448067,15.893332],[-16.449176,15.893081],[-16.452369,15.892906],[-16.453405,15.891382],[-16.453676,15.891685],[-16.452747,15.893236],[-16.452831,15.894039],[-16.45319,15.894458],[-16.45406,15.89449],[-16.457439,15.895895],[-16.458536,15.897122],[-16.457644,15.896576],[-16.456139,15.896324],[-16.454094,15.895136],[-16.452553,15.895074],[-16.452271,15.894822],[-16.44897,15.895513],[-16.447712,15.895919],[-16.446296,15.897746],[-16.444709,15.89913],[-16.442228,15.900864],[-16.440292,15.901844],[-16.43934,15.903233],[-16.437913,15.903514],[-16.43742,15.90386],[-16.435795,15.906519],[-16.435183,15.909641],[-16.434447,15.911264],[-16.433487,15.912816],[-16.432864,15.913254],[-16.430001,15.913906],[-16.429126,15.914336],[-16.429712,15.915227],[-16.429661,15.916014],[-16.427864,15.918186],[-16.427381,15.919879],[-16.426362,15.922353],[-16.426308,15.923999],[-16.425144,15.925805],[-16.425158,15.926401],[-16.425557,15.927384],[-16.425743,15.928675],[-16.425958,15.929164],[-16.424094,15.930148],[-16.424796,15.931626],[-16.424908,15.933491],[-16.424325,15.934834],[-16.42364,15.935938],[-16.421974,15.938006],[-16.421049,15.94002],[-16.421362,15.942266],[-16.421811,15.942885],[-16.425078,15.943533],[-16.42844,15.943606],[-16.430461,15.942732],[-16.431302,15.942918],[-16.433956,15.947683],[-16.434914,15.950259],[-16.434971,15.951454],[-16.433542,15.95199],[-16.433447,15.952587],[-16.432648,15.952652],[-16.43161,15.953726],[-16.431246,15.953782],[-16.431029,15.953549],[-16.430969,15.952908],[-16.430182,15.952705],[-16.429909,15.952363],[-16.429895,15.951667],[-16.430424,15.948868],[-16.430316,15.948625],[-16.429686,15.948569],[-16.42762,15.950968],[-16.427366,15.951991],[-16.426684,15.953325],[-16.426537,15.955034],[-16.426316,15.955532],[-16.424938,15.957421],[-16.424351,15.957714],[-16.423594,15.957674],[-16.423275,15.957478],[-16.423157,15.956656],[-16.423647,15.955839],[-16.425361,15.95383],[-16.425646,15.953241],[-16.425607,15.952925],[-16.42525,15.952656],[-16.424764,15.952678],[-16.424075,15.952971],[-16.423341,15.953627],[-16.422583,15.954689],[-16.42205,15.95594],[-16.421931,15.957667],[-16.420832,15.958072],[-16.420435,15.958716],[-16.419806,15.960935],[-16.419854,15.962471],[-16.418667,15.963789],[-16.418068,15.964878],[-16.417602,15.96639],[-16.417447,15.96828],[-16.416909,15.96879],[-16.415083,15.96957],[-16.414535,15.970026],[-16.414295,15.970515],[-16.414028,15.972397],[-16.412315,15.973249],[-16.411458,15.974863],[-16.410975,15.976593],[-16.411041,15.976728],[-16.411387,15.976735],[-16.413145,15.975666],[-16.413916,15.974956],[-16.414807,15.972844],[-16.416672,15.971006],[-16.417424,15.969058],[-16.418265,15.967669],[-16.419562,15.966115],[-16.423578,15.961995],[-16.425394,15.958584],[-16.426025,15.957965],[-16.42664,15.95769],[-16.427209,15.957623],[-16.430855,15.957961],[-16.431466,15.958436],[-16.431798,15.959238],[-16.432857,15.959664],[-16.433488,15.960356],[-16.43319,15.960992],[-16.431561,15.962839],[-16.430565,15.964472],[-16.430294,15.965296],[-16.430581,15.965907],[-16.430235,15.966906],[-16.429764,15.967349],[-16.429945,15.967807],[-16.430342,15.968092],[-16.430344,15.968321],[-16.430128,15.96859],[-16.42936,15.96894],[-16.429205,15.969381],[-16.429211,15.970261],[-16.429391,15.970566],[-16.430085,15.97081],[-16.430548,15.971974],[-16.431164,15.972467],[-16.432049,15.972622],[-16.431161,15.976025],[-16.429946,15.977621],[-16.429539,15.978714],[-16.427398,15.980335],[-16.426149,15.982105],[-16.425081,15.982953],[-16.423909,15.984994],[-16.42179,15.987882],[-16.419754,15.989459],[-16.419407,15.990591],[-16.418152,15.992724],[-16.413319,15.997772],[-16.413438,15.996135],[-16.413751,15.99541],[-16.412816,15.995317],[-16.412252,15.994886],[-16.411595,15.99311],[-16.41155,15.991963],[-16.411244,15.991713],[-16.4124,15.989689],[-16.41056,15.988075],[-16.40932,15.987557],[-16.410982,15.98482],[-16.412734,15.980934],[-16.41396,15.979444],[-16.41311,15.978158],[-16.413892,15.976814],[-16.412703,15.976534],[-16.41113,15.977693],[-16.409355,15.978422],[-16.408558,15.977662],[-16.407997,15.975131],[-16.406659,15.974757],[-16.405473,15.974717],[-16.404482,15.974436],[-16.403295,15.974348],[-16.402359,15.974833],[-16.401578,15.97632],[-16.400744,15.977282],[-16.399484,15.980925],[-16.398197,15.980695],[-16.394629,15.979474],[-16.394428,15.979045],[-16.396332,15.975589],[-16.397315,15.974722],[-16.395623,15.973107],[-16.390417,15.978114],[-16.389283,15.978648],[-16.388379,15.976549],[-16.387339,15.976317],[-16.385865,15.977713],[-16.383621,15.975868],[-16.38634,15.972975],[-16.387624,15.972207],[-16.388159,15.971128],[-16.388557,15.970701],[-16.390906,15.969809],[-16.393356,15.968198],[-16.392962,15.967229],[-16.393015,15.966822],[-16.393903,15.965542],[-16.394602,15.963947],[-16.396269,15.961839],[-16.396818,15.96151],[-16.397716,15.961631],[-16.399198,15.961106],[-16.402028,15.959696],[-16.403125,15.958875],[-16.404265,15.956301],[-16.404317,15.955731],[-16.404127,15.955181],[-16.403031,15.953525],[-16.402779,15.953491],[-16.40199,15.954183],[-16.401691,15.954176],[-16.401418,15.953951],[-16.401313,15.953681],[-16.402054,15.952727],[-16.402015,15.952438],[-16.401742,15.952142],[-16.400712,15.95185],[-16.399399,15.95241],[-16.399108,15.952168],[-16.398899,15.951672],[-16.39912,15.951192],[-16.400524,15.950279],[-16.401862,15.947938],[-16.402169,15.94771],[-16.402738,15.947661],[-16.403862,15.948025],[-16.405002,15.948126],[-16.405209,15.948242],[-16.405266,15.948494],[-16.404973,15.949337],[-16.404452,15.949648],[-16.404087,15.949523],[-16.403689,15.94874],[-16.40336,15.948453],[-16.402959,15.948455],[-16.402428,15.948748],[-16.401797,15.949367],[-16.401512,15.949974],[-16.401553,15.950534],[-16.401892,15.950902],[-16.404247,15.951023],[-16.407691,15.950566],[-16.408169,15.950753],[-16.408189,15.951033],[-16.407958,15.951405],[-16.408044,15.951567],[-16.408559,15.951745],[-16.409473,15.951513],[-16.41031,15.951019],[-16.410418,15.950485],[-16.410294,15.948751],[-16.410455,15.947801],[-16.410927,15.947066],[-16.412433,15.946016],[-16.41285,15.945562],[-16.413079,15.944864],[-16.413061,15.943753],[-16.413787,15.941904],[-16.413716,15.941163],[-16.412982,15.9404],[-16.412904,15.939912],[-16.413963,15.93911],[-16.414039,15.937998],[-16.414457,15.937607],[-16.415074,15.937738],[-16.416147,15.93878],[-16.416481,15.938737],[-16.417008,15.937707],[-16.416762,15.937329],[-16.417037,15.936568],[-16.418273,15.935656],[-16.419513,15.934021],[-16.42049,15.933364],[-16.420392,15.931503],[-16.421181,15.929356],[-16.421297,15.928596],[-16.421135,15.928118],[-16.420779,15.927985],[-16.420387,15.928051],[-16.419673,15.928869],[-16.419533,15.928861],[-16.419399,15.928446],[-16.419662,15.927269],[-16.419567,15.92708],[-16.419221,15.927001],[-16.418831,15.927302],[-16.418267,15.928164],[-16.417143,15.928949],[-16.416839,15.929565],[-16.417706,15.929306],[-16.418145,15.929376],[-16.418344,15.929745],[-16.418237,15.930496],[-16.417138,15.931],[-16.416999,15.931137],[-16.41675,15.931518],[-16.416611,15.931673],[-16.415532,15.932439],[-16.415276,15.933227],[-16.415481,15.934437],[-16.41538,15.934726],[-16.415156,15.934773],[-16.413966,15.934139],[-16.41337,15.934423],[-16.412927,15.935258],[-16.412815,15.936497],[-16.412278,15.937232],[-16.412368,15.938145],[-16.410562,15.940271],[-16.410459,15.940349],[-16.410458,15.940132],[-16.411233,15.9393],[-16.411425,15.93864],[-16.411343,15.9385],[-16.410846,15.938775],[-16.409899,15.94033],[-16.409431,15.940226],[-16.40916,15.939915],[-16.40945,15.938929],[-16.409354,15.93877],[-16.407632,15.938787],[-16.407217,15.939043],[-16.406903,15.939883],[-16.406974,15.940208],[-16.40829,15.94041],[-16.40865,15.940683],[-16.407993,15.942324],[-16.407936,15.942922],[-16.408419,15.944043],[-16.407991,15.944039],[-16.407746,15.943733],[-16.407969,15.940894],[-16.407631,15.940589],[-16.406472,15.94047],[-16.406273,15.940137],[-16.406336,15.939739],[-16.407288,15.938277],[-16.409286,15.93821],[-16.40981,15.938369],[-16.409933,15.938549],[-16.409591,15.939121],[-16.409485,15.939962],[-16.409635,15.940033],[-16.40997,15.939796],[-16.411259,15.937149],[-16.411015,15.936951],[-16.410099,15.936894],[-16.408886,15.93711],[-16.408529,15.936724],[-16.408618,15.936181],[-16.408934,15.935971],[-16.409841,15.936055],[-16.412015,15.935734],[-16.412093,15.934784],[-16.412955,15.933947],[-16.412482,15.933046],[-16.412532,15.932214],[-16.414622,15.929191],[-16.415485,15.928399],[-16.416965,15.927612],[-16.419697,15.925533],[-16.421494,15.924708],[-16.422205,15.923601],[-16.422873,15.922964],[-16.42289,15.922674],[-16.4224,15.922072],[-16.422208,15.921396],[-16.422528,15.919016],[-16.423976,15.916521],[-16.424249,15.915471],[-16.423883,15.91523],[-16.424694,15.912988],[-16.425311,15.912166],[-16.425066,15.911049],[-16.425636,15.909854],[-16.42553,15.90951],[-16.426485,15.907676],[-16.426977,15.907386],[-16.427666,15.906568],[-16.428102,15.906923],[-16.428708,15.906774],[-16.429238,15.906328],[-16.430483,15.904178],[-16.430726,15.90282],[-16.430595,15.901492],[-16.430039,15.900827],[-16.428936,15.90069],[-16.428734,15.899842],[-16.429812,15.896346],[-16.4303,15.89543],[-16.430616,15.893927],[-16.431654,15.8928],[-16.43305,15.892113],[-16.433606,15.89144],[-16.433638,15.890636],[-16.432678,15.888392],[-16.433336,15.887592],[-16.43359,15.886506],[-16.43406,15.885707],[-16.434175,15.884821],[-16.43454,15.88489],[-16.434833,15.885359],[-16.434744,15.887311],[-16.434895,15.888053],[-16.435023,15.888028],[-16.435473,15.887388],[-16.436469,15.886993],[-16.436896,15.886574],[-16.437209,15.885903],[-16.437233,15.884005],[-16.438206,15.882789],[-16.437781,15.88374],[-16.437804,15.884199],[-16.438023,15.884466],[-16.438795,15.884853],[-16.437764,15.886422],[-16.439491,15.887768],[-16.440108,15.886946],[-16.44041,15.885565],[-16.441629,15.883471],[-16.442079,15.883905],[-16.441783,15.885299],[-16.441912,15.885877],[-16.442192,15.885082],[-16.443035,15.884301],[-16.44355,15.882808]],[[-16.417995,15.971456],[-16.417556,15.971576],[-16.416929,15.972366],[-16.416603,15.973141],[-16.41668,15.973704],[-16.417417,15.97336],[-16.418494,15.972366],[-16.418696,15.971642],[-16.417995,15.971456]],[[-16.423405,15.965186],[-16.422873,15.964899],[-16.422478,15.964278],[-16.421862,15.964654],[-16.421515,15.965175],[-16.421145,15.965399],[-16.421975,15.966017],[-16.422095,15.966555],[-16.421769,15.966997],[-16.420642,15.967656],[-16.42078,15.968063],[-16.421657,15.968588],[-16.422078,15.968399],[-16.422283,15.968077],[-16.422119,15.967881],[-16.422142,15.96757],[-16.422462,15.96671],[-16.423807,15.965355],[-16.423806,15.965183],[-16.423405,15.965186]],[[-16.428918,15.949056],[-16.429363,15.94772],[-16.430024,15.947057],[-16.429741,15.946305],[-16.429954,15.945968],[-16.429761,15.945755],[-16.429133,15.946245],[-16.429101,15.946604],[-16.429282,15.946981],[-16.429081,15.946982],[-16.428268,15.947893],[-16.426813,15.950598],[-16.42719,15.950671],[-16.427672,15.950508],[-16.428402,15.949911],[-16.428918,15.949056]],[[-16.432788,15.898532],[-16.433994,15.897412],[-16.434309,15.895819],[-16.434643,15.895491],[-16.435055,15.895624],[-16.435386,15.896155],[-16.435863,15.896351],[-16.435786,15.897264],[-16.436601,15.898967],[-16.436967,15.899145],[-16.437329,15.898845],[-16.438064,15.895866],[-16.438978,15.894396],[-16.439444,15.892866],[-16.438967,15.891504],[-16.437933,15.89321],[-16.43756,15.89324],[-16.437146,15.892781],[-16.437034,15.891535],[-16.438182,15.88887],[-16.437936,15.888311],[-16.43742,15.887971],[-16.436868,15.88783],[-16.436523,15.887905],[-16.435135,15.889185],[-16.434765,15.890276],[-16.434099,15.891211],[-16.43426,15.891526],[-16.434876,15.891414],[-16.43499,15.891765],[-16.434843,15.89211],[-16.434323,15.892502],[-16.434097,15.893516],[-16.433835,15.893436],[-16.433616,15.892931],[-16.433205,15.89288],[-16.4322,15.893311],[-16.431403,15.89422],[-16.431185,15.895044],[-16.431668,15.896053],[-16.43168,15.896379],[-16.430883,15.897234],[-16.430536,15.898411],[-16.429337,15.899305],[-16.429294,15.899775],[-16.42953,15.900126],[-16.430544,15.90086],[-16.431125,15.901209],[-16.431443,15.901189],[-16.43173,15.900925],[-16.431811,15.900445],[-16.432386,15.89979],[-16.432788,15.898532]],[[-16.413575,15.934091],[-16.414574,15.934064],[-16.415037,15.933489],[-16.415216,15.932472],[-16.416751,15.931503],[-16.416745,15.93025],[-16.416312,15.930193],[-16.41533,15.931216],[-16.414591,15.931519],[-16.414287,15.932179],[-16.413181,15.933143],[-16.413575,15.934091]],[[-16.422542,15.925018],[-16.422705,15.925039],[-16.422588,15.924927],[-16.422542,15.925018]]],[[[-16.458611,15.897206],[-16.462256,15.901283],[-16.462575,15.901947],[-16.462388,15.901949],[-16.459671,15.899237],[-16.458611,15.897206]]]]}},{"type":"Feature","properties":{"categorie":"Sol nu"},"geometry":{"type":"Polygon","coordinates":[[[-16.515418,15.942961],[-16.516226,15.942907],[-16.516104,15.947309],[-16.515213,15.951771],[-16.514622,15.957641],[-16.514085,15.960512],[-16.513628,15.959578],[-16.51349,15.958786],[-16.513267,15.958712],[-16.512916,15.958964],[-16.512736,15.95865],[-16.513063,15.958095],[-16.513506,15.958238],[-16.513992,15.958082],[-16.514038,15.957862],[-16.513777,15.957777],[-16.513733,15.957587],[-16.51384,15.957457],[-16.514072,15.95758],[-16.514299,15.957476],[-16.514446,15.957003],[-16.514089,15.95604],[-16.512984,15.955343],[-16.513024,15.955152],[-16.513412,15.955373],[-16.513903,15.954113],[-16.513998,15.953404],[-16.513773,15.952546],[-16.51409,15.952159],[-16.514111,15.950953],[-16.514316,15.950708],[-16.514732,15.95072],[-16.514831,15.950574],[-16.514666,15.949862],[-16.514085,15.949624],[-16.514162,15.949361],[-16.514394,15.949272],[-16.514318,15.948369],[-16.514787,15.948332],[-16.514923,15.948186],[-16.514323,15.947046],[-16.51455,15.94639],[-16.514489,15.945719],[-16.514677,15.945437],[-16.514378,15.945141],[-16.514399,15.94395],[-16.514072,15.943406],[-16.515418,15.942961]],[[-16.514806,15.947345],[-16.514899,15.947345],[-16.514852,15.947255],[-16.514806,15.947345]]]}},{"type":"Feature","properties":{"categorie":"Sol nu"},"geometry":{"type":"Polygon","coordinates":[[[-16.512853,15.948112],[-16.512491,15.946517],[-16.511876,15.945603],[-16.511566,15.944558],[-16.512656,15.944885],[-16.513078,15.945318],[-16.513206,15.945718],[-16.513767,15.94605],[-16.513612,15.94628],[-16.513003,15.946117],[-16.512914,15.946342],[-16.51309,15.946676],[-16.512908,15.947349],[-16.513648,15.947455],[-16.513631,15.94764],[-16.513,15.947824],[-16.512853,15.948112]]]}},{"type":"Feature","properties":{"categorie":"Sol nu"},"geometry":{"type":"MultiPolygon","coordinates":[[[[-16.424385,15.91055],[-16.423946,15.91139],[-16.423283,15.911873],[-16.422842,15.912474],[-16.422684,15.914603],[-16.421336,15.916238],[-16.419757,15.919898],[-16.419529,15.919143],[-16.419928,15.918554],[-16.420763,15.916506],[-16.422032,15.914989],[-16.422189,15.913343],[-16.422509,15.912428],[-16.423731,15.910901],[-16.424145,15.909913],[-16.425046,15.909293],[-16.425281,15.908098],[-16.425953,15.907063],[-16.42549,15.907265],[-16.424755,15.907935],[-16.424062,15.909492],[-16.422569,15.910551],[-16.422397,15.911456],[-16.422033,15.91204],[-16.421491,15.912395],[-16.42059,15.912572],[-16.419823,15.913801],[-16.419927,15.914647],[-16.419128,15.915168],[-16.418693,15.91582],[-16.418537,15.914632],[-16.417563,15.914385],[-16.417375,15.914206],[-16.417337,15.914062],[-16.417636,15.913907],[-16.417721,15.913661],[-16.417504,15.912896],[-16.418065,15.912137],[-16.418203,15.912393],[-16.41839,15.912392],[-16.419107,15.911925],[-16.419857,15.911802],[-16.420335,15.911515],[-16.421046,15.909982],[-16.422093,15.909497],[-16.422553,15.908954],[-16.422719,15.908525],[-16.42269,15.907555],[-16.423738,15.907582],[-16.425077,15.906647],[-16.425243,15.906334],[-16.425238,15.905812],[-16.424645,15.904876],[-16.424676,15.904372],[-16.425179,15.902929],[-16.42575,15.902489],[-16.426271,15.902373],[-16.426603,15.902701],[-16.427414,15.904393],[-16.427684,15.904476],[-16.42791,15.904827],[-16.427666,15.906568],[-16.426977,15.907386],[-16.426485,15.907676],[-16.425977,15.908445],[-16.42553,15.90951],[-16.425636,15.909854],[-16.425066,15.911049],[-16.425311,15.912166],[-16.424694,15.912988],[-16.423883,15.91523],[-16.423084,15.915858],[-16.421777,15.918497],[-16.420921,15.919018],[-16.420648,15.919996],[-16.420388,15.920224],[-16.420025,15.920226],[-16.420692,15.918639],[-16.421851,15.917503],[-16.422456,15.91637],[-16.424178,15.913891],[-16.424113,15.91305],[-16.42472,15.912242],[-16.424633,15.910692],[-16.424385,15.91055]],[[-16.417878,15.912621],[-16.417971,15.91262],[-16.417924,15.912575],[-16.417878,15.912621]]],[[[-16.418595,15.911809],[-16.418247,15.911895],[-16.418167,15.911935],[-16.418309,15.911654],[-16.418595,15.911809]]]]}},{"type":"Feature","properties":{"categorie":"Steppe"},"geometry":{"type":"MultiPolygon","coordinates":[[[[-16.511578,15.99159],[-16.511715,15.989754],[-16.511779,15.989563],[-16.511578,15.99159]]],[[[-16.508762,15.990963],[-16.509315,15.990168],[-16.509515,15.988609],[-16.508683,15.987093],[-16.508535,15.985932],[-16.508881,15.985683],[-16.510649,15.985526],[-16.510429,15.986555],[-16.510483,15.987503],[-16.509839,15.988773],[-16.509662,15.99013],[-16.508762,15.990963]]],[[[-16.511177,15.984761],[-16.511444,15.983217],[-16.510831,15.982646],[-16.510515,15.981707],[-16.509761,15.980588],[-16.510213,15.979581],[-16.511455,15.978858],[-16.511878,15.97803],[-16.511768,15.977028],[-16.51068,15.976123],[-16.510501,15.974254],[-16.510589,15.973754],[-16.511408,15.971528],[-16.510889,15.973085],[-16.510983,15.973175],[-16.510798,15.973402],[-16.510892,15.973537],[-16.510707,15.973719],[-16.510761,15.974668],[-16.511091,15.975117],[-16.511418,15.975115],[-16.511993,15.977009],[-16.512275,15.977278],[-16.512649,15.977276],[-16.512961,15.976587],[-16.513084,15.978077],[-16.512771,15.979914],[-16.512676,15.982137],[-16.512447,15.981525],[-16.512123,15.981889],[-16.511988,15.982613],[-16.511571,15.983067],[-16.511485,15.984062],[-16.511177,15.984761]],[[-16.512229,15.977414],[-16.512323,15.977413],[-16.512276,15.977369],[-16.512229,15.977414]],[[-16.512324,15.977549],[-16.512417,15.977548],[-16.51237,15.977458],[-16.512324,15.977549]],[[-16.512889,15.978132],[-16.512936,15.978268],[-16.512934,15.977997],[-16.512889,15.978132]]],[[[-16.511362,15.970494],[-16.511066,15.969426],[-16.511056,15.966325],[-16.511254,15.966955],[-16.512193,15.967645],[-16.512957,15.968655],[-16.512941,15.969658],[-16.51273,15.969412],[-16.512451,15.969595],[-16.511797,15.969554],[-16.511655,15.96942],[-16.511563,15.969601],[-16.511421,15.969241],[-16.51151,15.968653],[-16.511274,15.968338],[-16.51114,15.969152],[-16.511362,15.970494]]],[[[-16.511083,15.974078],[-16.510988,15.973808],[-16.511125,15.9734],[-16.511267,15.97367],[-16.511082,15.973897],[-16.511269,15.973987],[-16.511083,15.974078]]]]}},{"type":"Feature","properties":{"categorie":"Steppe"},"geometry":{"type":"Polygon","coordinates":[[[-16.421931,15.957667],[-16.42205,15.95594],[-16.422934,15.954136],[-16.424075,15.952971],[-16.425044,15.95263],[-16.425456,15.952754],[-16.425655,15.953105],[-16.425582,15.953449],[-16.423341,15.956266],[-16.42313,15.956792],[-16.423181,15.957306],[-16.423407,15.957594],[-16.423903,15.957735],[-16.42477,15.957558],[-16.426473,15.955233],[-16.42664,15.95769],[-16.426025,15.957965],[-16.425394,15.958584],[-16.423578,15.961995],[-16.419562,15.966115],[-16.418265,15.967669],[-16.417424,15.969058],[-16.416672,15.971006],[-16.414807,15.972844],[-16.413916,15.974956],[-16.412801,15.975885],[-16.411387,15.976735],[-16.411041,15.976728],[-16.411128,15.975733],[-16.412315,15.973249],[-16.414028,15.972397],[-16.414295,15.970515],[-16.414535,15.970026],[-16.415083,15.96957],[-16.416909,15.96879],[-16.417447,15.96828],[-16.417602,15.96639],[-16.418068,15.964878],[-16.418667,15.963789],[-16.419854,15.962471],[-16.419806,15.960935],[-16.420435,15.958716],[-16.420832,15.958072],[-16.421931,15.957667]]]}},{"type":"Feature","properties":{"categorie":"Steppe"},"geometry":{"type":"Polygon","coordinates":[[[-16.511171,15.962084],[-16.511023,15.962348],[-16.510759,15.960874],[-16.510905,15.959767],[-16.510742,15.957774],[-16.510859,15.957693],[-16.510981,15.958102],[-16.510971,15.959424],[-16.511299,15.959553],[-16.511769,15.959411],[-16.512161,15.959113],[-16.512097,15.958465],[-16.512286,15.95795],[-16.513054,15.9575],[-16.513398,15.956584],[-16.513827,15.956257],[-16.514153,15.956233],[-16.514457,15.957168],[-16.51422,15.957533],[-16.513746,15.957558],[-16.514033,15.958031],[-16.513533,15.958237],[-16.513063,15.958095],[-16.512734,15.958681],[-16.512916,15.958964],[-16.513297,15.958703],[-16.513513,15.958818],[-16.513628,15.959578],[-16.514056,15.9606],[-16.512199,15.962132],[-16.511473,15.962498],[-16.511171,15.962084]]]}},{"type":"Feature","properties":{"categorie":"Steppe"},"geometry":{"type":"Polygon","coordinates":[[[-16.512892,15.955],[-16.5112,15.955055],[-16.510858,15.954956],[-16.51052,15.954661],[-16.51048,15.954081],[-16.511977,15.952897],[-16.512628,15.952072],[-16.513397,15.951907],[-16.513636,15.952137],[-16.51397,15.95318],[-16.513839,15.954344],[-16.513383,15.955402],[-16.512892,15.955]],[[-16.512245,15.954594],[-16.511963,15.95437],[-16.512382,15.954141],[-16.512616,15.954275],[-16.512571,15.954501],[-16.51271,15.954274],[-16.51252,15.953959],[-16.511537,15.953605],[-16.511258,15.953787],[-16.51126,15.954058],[-16.511589,15.954372],[-16.512245,15.954594]]]}},{"type":"Feature","properties":{"categorie":"Steppe"},"geometry":{"type":"Polygon","coordinates":[[[-16.433956,15.947683],[-16.431302,15.942918],[-16.430461,15.942732],[-16.42844,15.943606],[-16.425078,15.943533],[-16.421811,15.942885],[-16.421362,15.942266],[-16.421049,15.94002],[-16.421974,15.938006],[-16.42364,15.935938],[-16.424325,15.934834],[-16.424908,15.933491],[-16.424796,15.931626],[-16.424094,15.930148],[-16.425126,15.929501],[-16.425958,15.929164],[-16.427411,15.930725],[-16.429551,15.932111],[-16.429637,15.932409],[-16.429295,15.932954],[-16.429456,15.933296],[-16.430047,15.933617],[-16.431138,15.934577],[-16.433753,15.935843],[-16.434017,15.936293],[-16.434279,15.937566],[-16.435441,15.939429],[-16.436164,15.939994],[-16.436862,15.939619],[-16.437113,15.94081],[-16.437338,15.940872],[-16.437906,15.94066],[-16.438282,15.940892],[-16.43885,15.943356],[-16.439247,15.943968],[-16.439594,15.944074],[-16.440076,15.943574],[-16.440561,15.943444],[-16.440748,15.943551],[-16.44064,15.94413],[-16.439445,15.945521],[-16.438865,15.946655],[-16.438612,15.947859],[-16.438438,15.951077],[-16.438081,15.952011],[-16.437553,15.952611],[-16.436723,15.952887],[-16.435257,15.952996],[-16.434266,15.952895],[-16.433447,15.952587],[-16.433542,15.95199],[-16.434971,15.951454],[-16.434914,15.950259],[-16.433956,15.947683]]]}},{"type":"Feature","properties":{"categorie":"Steppe"},"geometry":{"type":"Polygon","coordinates":[[[-16.511564,15.944234],[-16.514072,15.943406],[-16.514368,15.943862],[-16.514341,15.944533],[-16.514481,15.944768],[-16.514378,15.945141],[-16.514677,15.945437],[-16.514489,15.945719],[-16.51455,15.94639],[-16.514318,15.94699],[-16.51492,15.948207],[-16.514318,15.948369],[-16.514394,15.949272],[-16.514162,15.949361],[-16.514083,15.949588],[-16.514666,15.949862],[-16.514831,15.950574],[-16.514732,15.95072],[-16.514316,15.950708],[-16.513877,15.95109],[-16.513323,15.950959],[-16.512742,15.951304],[-16.512456,15.951058],[-16.512618,15.949692],[-16.512925,15.948635],[-16.512864,15.948062],[-16.513,15.947824],[-16.513481,15.94777],[-16.513696,15.947517],[-16.512908,15.947349],[-16.51309,15.946676],[-16.512921,15.946277],[-16.513023,15.946113],[-16.513612,15.94628],[-16.513778,15.946085],[-16.513206,15.945718],[-16.513078,15.945318],[-16.512656,15.944885],[-16.511661,15.944623],[-16.511532,15.94438],[-16.511564,15.944234]]]}},{"type":"Feature","properties":{"categorie":"Steppe"},"geometry":{"type":"Polygon","coordinates":[[[-16.353499,15.934573],[-16.353067,15.928571],[-16.374269,15.925348],[-16.381369,15.924533],[-16.383956,15.923952],[-16.388692,15.92326],[-16.388781,15.923448],[-16.389106,15.925552],[-16.389013,15.925658],[-16.379037,15.929623],[-16.375509,15.930436],[-16.3699,15.9323],[-16.365928,15.933295],[-16.362464,15.933926],[-16.353499,15.934573]]]}},{"type":"Feature","properties":{"categorie":"Steppe"},"geometry":{"type":"Polygon","coordinates":[[[-16.458611,15.897206],[-16.459671,15.899237],[-16.462818,15.902452],[-16.464432,15.90575],[-16.46366,15.905492],[-16.462276,15.90543],[-16.461062,15.905055],[-16.460547,15.905585],[-16.459595,15.907169],[-16.459665,15.910062],[-16.458866,15.912268],[-16.459119,15.913103],[-16.45814,15.914401],[-16.4578,15.91524],[-16.457779,15.915743],[-16.458079,15.916291],[-16.458376,15.916336],[-16.459135,15.915351],[-16.459426,15.915425],[-16.458947,15.91664],[-16.45785,15.918618],[-16.457466,15.919787],[-16.4575,15.920672],[-16.45796,15.922214],[-16.457937,15.922992],[-16.457524,15.923935],[-16.455951,15.926105],[-16.456018,15.927632],[-16.455661,15.928511],[-16.455654,15.928927],[-16.454088,15.92867],[-16.453665,15.928985],[-16.45305,15.927976],[-16.452889,15.925463],[-16.452669,15.924839],[-16.451799,15.92421],[-16.449153,15.92318],[-16.447726,15.921801],[-16.448341,15.921213],[-16.448646,15.920677],[-16.448716,15.920098],[-16.448535,15.919603],[-16.447839,15.918911],[-16.445513,15.917616],[-16.444602,15.9168],[-16.442903,15.914434],[-16.44201,15.912235],[-16.44168,15.911776],[-16.440603,15.911277],[-16.440495,15.910656],[-16.440173,15.910413],[-16.437848,15.91071],[-16.434898,15.910321],[-16.435255,15.90937],[-16.435795,15.906519],[-16.43742,15.90386],[-16.437913,15.903514],[-16.43934,15.903233],[-16.440292,15.901844],[-16.442228,15.900864],[-16.444709,15.89913],[-16.446296,15.897746],[-16.447712,15.895919],[-16.44897,15.895513],[-16.452271,15.894822],[-16.452553,15.895074],[-16.454094,15.895136],[-16.456139,15.896324],[-16.457644,15.896576],[-16.458611,15.897206]]]}},{"type":"Feature","properties":{"categorie":"Steppe"},"geometry":{"type":"MultiPolygon","coordinates":[[[[-16.394976,15.913],[-16.396078,15.908542],[-16.396073,15.907729],[-16.396334,15.907333],[-16.396875,15.906986],[-16.398639,15.906369],[-16.399849,15.906619],[-16.400644,15.906448],[-16.401025,15.906104],[-16.401377,15.904983],[-16.401653,15.905229],[-16.403212,15.905684],[-16.403394,15.906313],[-16.40304,15.907273],[-16.400582,15.911496],[-16.401922,15.912503],[-16.403447,15.909311],[-16.404167,15.908196],[-16.405768,15.90428],[-16.406973,15.903862],[-16.40781,15.903923],[-16.408113,15.904174],[-16.408131,15.904375],[-16.406708,15.906033],[-16.405879,15.907386],[-16.405963,15.907778],[-16.406618,15.908199],[-16.407844,15.908195],[-16.408972,15.906311],[-16.409462,15.905806],[-16.409938,15.905664],[-16.410167,15.90591],[-16.409764,15.906569],[-16.409041,15.9089],[-16.40843,15.910213],[-16.407269,15.910148],[-16.405385,15.912887],[-16.402897,15.914971],[-16.400337,15.915266],[-16.399865,15.914546],[-16.399352,15.914595],[-16.399023,15.914326],[-16.398837,15.914508],[-16.397715,15.914289],[-16.397152,15.913886],[-16.3965,15.914206],[-16.396036,15.914661],[-16.395616,15.91471],[-16.394976,15.913]],[[-16.398687,15.913062],[-16.398826,15.912881],[-16.398684,15.912611],[-16.398546,15.912928],[-16.398687,15.913062]],[[-16.404714,15.913385],[-16.40527,15.912794],[-16.404894,15.912389],[-16.404566,15.912301],[-16.404335,15.912619],[-16.404714,15.913385]]],[[[-16.397341,15.914246],[-16.39734,15.914156],[-16.397434,15.9142],[-16.397341,15.914246]]]]}},{"type":"Feature","properties":{"categorie":"Steppe"},"geometry":{"type":"Polygon","coordinates":[[[-16.408777,15.899996],[-16.409805,15.900066],[-16.410237,15.899565],[-16.410348,15.898532],[-16.410781,15.898184],[-16.410872,15.89717],[-16.410455,15.896809],[-16.40915,15.89676],[-16.408152,15.898278],[-16.406877,15.899625],[-16.407314,15.899948],[-16.407059,15.900362],[-16.405847,15.899719],[-16.40674,15.898441],[-16.407234,15.897392],[-16.406656,15.896394],[-16.408072,15.895332],[-16.408634,15.895174],[-16.409399,15.895611],[-16.410242,15.894572],[-16.410274,15.893501],[-16.409797,15.893178],[-16.407253,15.894828],[-16.40639,15.89493],[-16.406156,15.894536],[-16.406184,15.894095],[-16.407817,15.892772],[-16.408073,15.8923],[-16.406977,15.891824],[-16.408837,15.887174],[-16.409662,15.882686],[-16.409646,15.881961],[-16.409308,15.881217],[-16.408851,15.880767],[-16.407971,15.880532],[-16.407507,15.88073],[-16.406154,15.886478],[-16.404657,15.891485],[-16.40584,15.892522],[-16.404662,15.893845],[-16.403738,15.893064],[-16.402791,15.893062],[-16.401858,15.894409],[-16.402128,15.891942],[-16.402837,15.891015],[-16.403251,15.889377],[-16.403718,15.885337],[-16.403719,15.882007],[-16.404047,15.881132],[-16.404694,15.880163],[-16.406169,15.878408],[-16.407892,15.876816],[-16.408368,15.876146],[-16.408563,15.875369],[-16.40842,15.873237],[-16.408657,15.871467],[-16.408983,15.870498],[-16.409888,15.869006],[-16.410431,15.868483],[-16.410972,15.86832],[-16.412293,15.869275],[-16.412893,15.869383],[-16.413792,15.869049],[-16.415068,15.868163],[-16.415652,15.868803],[-16.416684,15.869186],[-16.41697,15.870309],[-16.416857,15.870886],[-16.41607,15.872302],[-16.415481,15.873896],[-16.415317,15.875718],[-16.415495,15.876989],[-16.416207,15.877213],[-16.416853,15.876881],[-16.416638,15.875063],[-16.416965,15.874097],[-16.417454,15.873456],[-16.418089,15.873134],[-16.418487,15.87316],[-16.419108,15.873604],[-16.419336,15.874112],[-16.418878,15.87584],[-16.416901,15.878963],[-16.416208,15.879798],[-16.415595,15.879395],[-16.415118,15.879772],[-16.41343,15.884594],[-16.416236,15.886584],[-16.415534,15.888573],[-16.416778,15.889809],[-16.41612,15.892004],[-16.415748,15.892284],[-16.4146,15.894027],[-16.414208,15.893852],[-16.413887,15.893239],[-16.414714,15.891448],[-16.413548,15.890882],[-16.411042,15.892955],[-16.410491,15.895422],[-16.410995,15.896805],[-16.413377,15.897059],[-16.413636,15.898535],[-16.411239,15.903008],[-16.408073,15.900879],[-16.408777,15.899996]]]}},{"type":"Feature","properties":{"categorie":"Steppe"},"geometry":{"type":"Polygon","coordinates":[[[-16.431213,15.895171],[-16.431283,15.89442],[-16.431847,15.89363],[-16.432367,15.893193],[-16.433429,15.89286],[-16.433673,15.892976],[-16.433835,15.893436],[-16.434134,15.893461],[-16.434323,15.892502],[-16.434843,15.89211],[-16.434989,15.89163],[-16.434801,15.891369],[-16.434195,15.891509],[-16.434099,15.891211],[-16.434765,15.890276],[-16.435135,15.889185],[-16.436644,15.88785],[-16.437232,15.887891],[-16.437936,15.888311],[-16.438172,15.888662],[-16.438174,15.888979],[-16.437034,15.891535],[-16.437079,15.892592],[-16.437428,15.893168],[-16.437822,15.893283],[-16.438967,15.891504],[-16.439444,15.892866],[-16.438978,15.894396],[-16.438064,15.895866],[-16.437712,15.89764],[-16.437218,15.899017],[-16.436967,15.899145],[-16.436601,15.898967],[-16.435786,15.897264],[-16.435863,15.896351],[-16.435386,15.896155],[-16.435055,15.895624],[-16.434522,15.895528],[-16.434191,15.896181],[-16.433994,15.897412],[-16.432871,15.898377],[-16.432386,15.89979],[-16.431811,15.900445],[-16.431657,15.901052],[-16.431443,15.901189],[-16.431004,15.901155],[-16.42953,15.900126],[-16.429256,15.899612],[-16.429337,15.899305],[-16.430536,15.898411],[-16.430883,15.897234],[-16.43168,15.896379],[-16.431668,15.896053],[-16.431213,15.895171]]]}},{"type":"Feature","properties":{"categorie":"Steppe"},"geometry":{"type":"Polygon","coordinates":[[[-16.448601,15.887453],[-16.452777,15.890679],[-16.453405,15.891382],[-16.452369,15.892906],[-16.449176,15.893081],[-16.448067,15.893332],[-16.447393,15.893138],[-16.446942,15.892698],[-16.446581,15.891851],[-16.446415,15.890921],[-16.446626,15.889094],[-16.447079,15.888386],[-16.448601,15.887453]]]}},{"type":"Feature","properties":{"categorie":"Tanne"},"geometry":{"type":"MultiPolygon","coordinates":[[[[-16.462818,15.902452],[-16.462587,15.902164],[-16.462388,15.901949],[-16.462575,15.901947],[-16.462818,15.902452]]],[[[-16.465325,15.907535],[-16.464961,15.907168],[-16.464475,15.906155],[-16.463463,15.905773],[-16.462774,15.906004],[-16.460373,15.907864],[-16.460205,15.908507],[-16.46073,15.908838],[-16.460285,15.909265],[-16.460524,15.911279],[-16.459671,15.913517],[-16.459426,15.915425],[-16.459135,15.915351],[-16.458376,15.916336],[-16.458079,15.916291],[-16.457779,15.915743],[-16.4578,15.91524],[-16.45814,15.914401],[-16.459119,15.913103],[-16.458866,15.912268],[-16.459665,15.910062],[-16.459595,15.907169],[-16.460547,15.905585],[-16.461062,15.905055],[-16.462276,15.90543],[-16.46366,15.905492],[-16.464432,15.90575],[-16.465325,15.907535]]]]}},{"type":"Feature","properties":{"categorie":"Tanne"},"geometry":{"type":"Polygon","coordinates":[[[-16.468346,15.914565],[-16.467328,15.917081],[-16.467104,15.918356],[-16.467305,15.919033],[-16.468122,15.919705],[-16.468349,15.920074],[-16.46814,15.921684],[-16.46772,15.923035],[-16.466037,15.926074],[-16.46577,15.926941],[-16.464117,15.929379],[-16.46439,15.92961],[-16.464752,15.929376],[-16.466701,15.927295],[-16.467047,15.927256],[-16.467185,15.927519],[-16.466389,15.928445],[-16.466538,15.928671],[-16.465517,15.929216],[-16.464785,15.930584],[-16.464112,15.931058],[-16.463987,15.931636],[-16.46411,15.931907],[-16.464758,15.932318],[-16.464691,15.933385],[-16.464825,15.933773],[-16.466299,15.934901],[-16.466876,15.935819],[-16.466987,15.938295],[-16.466581,15.940277],[-16.467302,15.9418],[-16.467493,15.943597],[-16.468159,15.945237],[-16.46816,15.945454],[-16.468002,15.945527],[-16.46739,15.945189],[-16.467617,15.94493],[-16.467455,15.944357],[-16.466956,15.943729],[-16.46675,15.942678],[-16.466806,15.942181],[-16.466244,15.941037],[-16.466367,15.938893],[-16.466602,15.938566],[-16.466414,15.937267],[-16.466525,15.936137],[-16.466204,15.935585],[-16.464674,15.934466],[-16.464314,15.933933],[-16.464091,15.933189],[-16.463792,15.932865],[-16.462803,15.932738],[-16.462326,15.932474],[-16.462102,15.931538],[-16.461746,15.93154],[-16.461413,15.931887],[-16.461337,15.932308],[-16.461874,15.932859],[-16.461639,15.933052],[-16.459878,15.932911],[-16.459084,15.932476],[-16.458742,15.931637],[-16.457607,15.930497],[-16.457284,15.929676],[-16.457533,15.928489],[-16.457228,15.927305],[-16.457423,15.926978],[-16.457798,15.926937],[-16.459145,15.927215],[-16.459811,15.926445],[-16.46052,15.926001],[-16.46131,15.925842],[-16.462161,15.926009],[-16.462716,15.926254],[-16.462976,15.926615],[-16.462978,15.926902],[-16.462093,15.927597],[-16.462005,15.92909],[-16.461654,15.929723],[-16.461776,15.930201],[-16.463633,15.930035],[-16.463685,15.928983],[-16.463998,15.928502],[-16.463419,15.92776],[-16.463751,15.927184],[-16.464776,15.926699],[-16.465487,15.926626],[-16.465582,15.926089],[-16.466415,15.925103],[-16.467095,15.923544],[-16.467099,15.920579],[-16.466493,15.918885],[-16.466562,15.918144],[-16.467872,15.913218],[-16.468346,15.914565]]]}},{"type":"Feature","properties":{"categorie":"Tanne"},"geometry":{"type":"Polygon","coordinates":[[[-16.480079,15.982604],[-16.47992,15.982086],[-16.478882,15.980348],[-16.477092,15.978393],[-16.476541,15.976575],[-16.474936,15.97499],[-16.473811,15.976063],[-16.472361,15.976995],[-16.471525,15.977751],[-16.470371,15.979566],[-16.469103,15.981193],[-16.468719,15.982433],[-16.46865,15.982311],[-16.469087,15.980379],[-16.468094,15.978759],[-16.468279,15.978487],[-16.468467,15.978576],[-16.468886,15.978392],[-16.4693,15.977576],[-16.469718,15.977257],[-16.469624,15.977167],[-16.46981,15.976985],[-16.470416,15.976845],[-16.470689,15.975759],[-16.471199,15.975258],[-16.471525,15.975121],[-16.472181,15.975387],[-16.472505,15.975069],[-16.473437,15.974746],[-16.47404,15.974109],[-16.474177,15.973747],[-16.473471,15.973029],[-16.473186,15.972307],[-16.47267,15.971995],[-16.472152,15.971411],[-16.472284,15.970325],[-16.472189,15.9701],[-16.472373,15.969692],[-16.473161,15.968873],[-16.473441,15.968871],[-16.473626,15.968599],[-16.473657,15.966475],[-16.473608,15.966159],[-16.473042,15.96544],[-16.47294,15.964175],[-16.472184,15.963005],[-16.471714,15.962647],[-16.471569,15.962015],[-16.471898,15.960161],[-16.472482,15.959072],[-16.472287,15.957989],[-16.472326,15.956949],[-16.472601,15.956224],[-16.472883,15.956403],[-16.47311,15.955498],[-16.472796,15.955349],[-16.473,15.954585],[-16.472949,15.953908],[-16.471693,15.949497],[-16.471818,15.948809],[-16.472491,15.947539],[-16.472688,15.946408],[-16.473388,15.948829],[-16.47428,15.949941],[-16.474097,15.950825],[-16.474631,15.951441],[-16.475032,15.952252],[-16.475726,15.952072],[-16.475806,15.955931],[-16.475637,15.956248],[-16.475946,15.956612],[-16.476464,15.959136],[-16.476412,15.959903],[-16.476993,15.961131],[-16.47875,15.966666],[-16.47939,15.967456],[-16.479769,15.968217],[-16.479659,15.968213],[-16.480014,15.969211],[-16.481821,15.973076],[-16.481649,15.973379],[-16.482121,15.974099],[-16.481937,15.974462],[-16.482125,15.974596],[-16.482365,15.97424],[-16.484641,15.979103],[-16.485783,15.980785],[-16.485771,15.981214],[-16.485585,15.981414],[-16.484622,15.981339],[-16.48358,15.981943],[-16.482155,15.982495],[-16.480643,15.982731],[-16.480079,15.982604]],[[-16.477989,15.970317],[-16.476592,15.970497],[-16.476584,15.972091],[-16.476823,15.97234],[-16.477313,15.9723],[-16.4778,15.9725],[-16.478254,15.972957],[-16.47851,15.972135],[-16.478295,15.971613],[-16.478193,15.970604],[-16.477989,15.970317]],[[-16.474896,15.972339],[-16.475145,15.971862],[-16.475055,15.970206],[-16.474571,15.970072],[-16.473654,15.970426],[-16.473306,15.969947],[-16.473273,15.969487],[-16.473052,15.96919],[-16.472883,15.969191],[-16.472458,15.969862],[-16.472484,15.971244],[-16.473811,15.972034],[-16.474295,15.972103],[-16.474588,15.972433],[-16.474896,15.972339]],[[-16.47537,15.962386],[-16.47578,15.962231],[-16.476476,15.96237],[-16.476656,15.962238],[-16.475981,15.961623],[-16.475721,15.961645],[-16.475409,15.961994],[-16.475352,15.962376],[-16.475116,15.962579],[-16.474652,15.96437],[-16.475141,15.964746],[-16.475503,15.964564],[-16.475639,15.964208],[-16.47537,15.962386]],[[-16.474465,15.962248],[-16.475846,15.95947],[-16.475888,15.958597],[-16.475407,15.958409],[-16.474798,15.958499],[-16.47406,15.959279],[-16.473796,15.960287],[-16.473854,15.9615],[-16.473263,15.962657],[-16.472869,15.962955],[-16.472557,15.962958],[-16.472663,15.963408],[-16.47341,15.964579],[-16.47413,15.963669],[-16.474465,15.962248]]]}},{"type":"Feature","properties":{"categorie":"Vasière"},"geometry":{"type":"MultiPolygon","coordinates":[[[[-16.497194,15.947031],[-16.496407,15.947738],[-16.496213,15.947587],[-16.496156,15.947356],[-16.497194,15.947031]]],[[[-16.498735,15.946549],[-16.498671,15.946766],[-16.498455,15.946739],[-16.498418,15.946648],[-16.498735,15.946549]]]]}},{"type":"Feature","properties":{"categorie":"Vasière"},"geometry":{"type":"MultiPolygon","coordinates":[[[[-16.48364,15.948616],[-16.484391,15.949962],[-16.485617,15.951096],[-16.485774,15.951899],[-16.48563,15.952284],[-16.485255,15.952548],[-16.484733,15.952713],[-16.483807,15.952655],[-16.483061,15.953203],[-16.482569,15.953825],[-16.483183,15.955147],[-16.483755,15.9559],[-16.484129,15.956049],[-16.484436,15.955424],[-16.48472,15.953923],[-16.485189,15.95348],[-16.485745,15.953329],[-16.486285,15.954642],[-16.487343,15.955052],[-16.487721,15.955353],[-16.48835,15.956306],[-16.48871,15.956487],[-16.488971,15.956361],[-16.489327,15.956715],[-16.489643,15.957426],[-16.489884,15.95865],[-16.488695,15.960477],[-16.487889,15.960739],[-16.487259,15.961271],[-16.486662,15.962459],[-16.486689,15.962958],[-16.486036,15.962916],[-16.48523,15.963344],[-16.485214,15.96269],[-16.483339,15.961799],[-16.482961,15.961305],[-16.483238,15.96076],[-16.482622,15.95968],[-16.482381,15.958642],[-16.482473,15.958416],[-16.482137,15.957243],[-16.481863,15.956812],[-16.482203,15.956837],[-16.482424,15.957314],[-16.482821,15.957407],[-16.483116,15.957233],[-16.483029,15.956181],[-16.482333,15.955612],[-16.481827,15.955607],[-16.481121,15.954999],[-16.480551,15.953539],[-16.479772,15.952261],[-16.481248,15.951473],[-16.481616,15.951097],[-16.481392,15.950984],[-16.480061,15.951409],[-16.479778,15.951297],[-16.479732,15.951033],[-16.480671,15.950882],[-16.481648,15.950396],[-16.482539,15.949667],[-16.483168,15.948654],[-16.48364,15.948616]],[[-16.488247,15.959167],[-16.48855,15.959052],[-16.488313,15.958556],[-16.487799,15.958515],[-16.487613,15.958697],[-16.488247,15.959167]],[[-16.487568,15.958923],[-16.487569,15.959013],[-16.487615,15.958968],[-16.487568,15.958923]],[[-16.487662,15.959013],[-16.487663,15.959103],[-16.487709,15.959058],[-16.487662,15.959013]],[[-16.487617,15.959239],[-16.487758,15.959283],[-16.487897,15.959237],[-16.487617,15.959239]],[[-16.48743,15.959195],[-16.487385,15.959466],[-16.487618,15.959329],[-16.48743,15.959195]],[[-16.487459,15.95994],[-16.487809,15.95987],[-16.487619,15.959465],[-16.487433,15.959602],[-16.487459,15.95994]]],[[[-16.484641,15.979103],[-16.482365,15.97424],[-16.482444,15.973509],[-16.482815,15.973145],[-16.482765,15.972784],[-16.483091,15.972601],[-16.483273,15.971877],[-16.482855,15.972286],[-16.482063,15.972518],[-16.481821,15.973076],[-16.480014,15.969211],[-16.479659,15.968213],[-16.479769,15.968217],[-16.47939,15.967456],[-16.479551,15.967564],[-16.480671,15.967511],[-16.48231,15.967997],[-16.482636,15.967904],[-16.483107,15.968443],[-16.483784,15.967734],[-16.483792,15.967888],[-16.484198,15.968149],[-16.48431,15.969375],[-16.483621,15.971034],[-16.483382,15.972707],[-16.483419,15.973936],[-16.484107,15.97611],[-16.485568,15.979055],[-16.486123,15.97963],[-16.486683,15.979535],[-16.486824,15.979643],[-16.486026,15.980344],[-16.485771,15.980824],[-16.484641,15.979103]]],[[[-16.487574,15.959736],[-16.487575,15.959827],[-16.487528,15.959782],[-16.487574,15.959736]]]]}},{"type":"Feature","properties":{"categorie":"Tanne"},"geometry":{"type":"Polygon","coordinates":[[[-16.468868,15.988344],[-16.468786,15.988428],[-16.468754,15.988456],[-16.468868,15.988344]]]}},{"type":"Feature","properties":{"categorie":"Tanne"},"geometry":{"type":"Polygon","coordinates":[[[-16.468967,15.988198],[-16.468893,15.988316],[-16.468868,15.988344],[-16.468967,15.988198]]]}},{"type":"Feature","properties":{"categorie":"Tanne"},"geometry":{"type":"Polygon","coordinates":[[[-16.468754,15.988456],[-16.468587,15.988585],[-16.468517,15.988633],[-16.46823,15.988817],[-16.468754,15.988456]]]}},{"type":"Feature","properties":{"categorie":"Culture irriguée"},"geometry":{"type":"Polygon","coordinates":[[[-16.339407,16.03746],[-16.33981,16.03564],[-16.341679,16.034079],[-16.342605,16.034921],[-16.34336,16.034893],[-16.346498,16.030837],[-16.349916,16.032547],[-16.352931,16.033518],[-16.356963,16.037331],[-16.356895,16.038336],[-16.35376,16.040938],[-16.352462,16.040946],[-16.348361,16.037851],[-16.344029,16.044586],[-16.341543,16.044458],[-16.336092,16.041785],[-16.335943,16.04016],[-16.337693,16.039262],[-16.33833,16.039093],[-16.339407,16.03746]]]}},{"type":"Feature","properties":{"categorie":"Culture irriguée"},"geometry":{"type":"MultiPolygon","coordinates":[[[[-16.448306,16.064612],[-16.448072,16.065478],[-16.447652,16.065617],[-16.44719,16.066252],[-16.446344,16.066843],[-16.445791,16.066759],[-16.445507,16.066219],[-16.445225,16.06604],[-16.444573,16.066361],[-16.444156,16.06677],[-16.443926,16.067314],[-16.444494,16.068304],[-16.44431,16.068757],[-16.444452,16.069028],[-16.44446,16.070112],[-16.443417,16.06804],[-16.443279,16.068358],[-16.443285,16.069171],[-16.443712,16.070117],[-16.444133,16.070159],[-16.444227,16.070249],[-16.444042,16.070431],[-16.444737,16.070825],[-16.443402,16.071828],[-16.44349,16.071655],[-16.443208,16.071431],[-16.442317,16.071121],[-16.441851,16.071305],[-16.440776,16.071176],[-16.440077,16.071588],[-16.439274,16.070283],[-16.438245,16.070289],[-16.437922,16.070789],[-16.437689,16.070881],[-16.436191,16.070529],[-16.435586,16.070985],[-16.434824,16.072486],[-16.434773,16.072202],[-16.433043,16.072141],[-16.431921,16.071804],[-16.431325,16.073743],[-16.428402,16.074124],[-16.42819,16.073249],[-16.426788,16.073177],[-16.426444,16.07214],[-16.424993,16.07186],[-16.423414,16.071943],[-16.41928,16.073028],[-16.419407,16.073705],[-16.417224,16.074397],[-16.416017,16.074953],[-16.414891,16.076284],[-16.413084,16.077091],[-16.410951,16.079117],[-16.409957,16.077753],[-16.405307,16.079772],[-16.404193,16.079662],[-16.403162,16.079154],[-16.401786,16.07768],[-16.401123,16.07641],[-16.401133,16.072425],[-16.400716,16.071713],[-16.401694,16.069872],[-16.402608,16.066225],[-16.40191,16.06593],[-16.405679,16.058214],[-16.406087,16.057877],[-16.408721,16.058553],[-16.40858,16.058782],[-16.408586,16.059596],[-16.408776,16.060047],[-16.408963,16.060136],[-16.409113,16.0614],[-16.409021,16.061672],[-16.409258,16.062122],[-16.409588,16.062527],[-16.410618,16.062791],[-16.410526,16.063063],[-16.410812,16.063739],[-16.411139,16.063737],[-16.411749,16.064184],[-16.412168,16.063911],[-16.412352,16.063548],[-16.412532,16.062552],[-16.412157,16.062374],[-16.41155,16.062423],[-16.410892,16.061885],[-16.410985,16.061794],[-16.410511,16.060894],[-16.410644,16.059853],[-16.411246,16.059263],[-16.414277,16.059756],[-16.415214,16.060105],[-16.414482,16.060642],[-16.414159,16.061231],[-16.414393,16.061365],[-16.414486,16.061274],[-16.414534,16.061409],[-16.414256,16.061728],[-16.41435,16.061817],[-16.414582,16.061635],[-16.415052,16.061994],[-16.415245,16.062806],[-16.415599,16.063278],[-16.415626,16.063888],[-16.415394,16.064025],[-16.415495,16.065109],[-16.414375,16.065432],[-16.413636,16.066567],[-16.413309,16.066705],[-16.413122,16.066616],[-16.412703,16.06689],[-16.41248,16.068337],[-16.411972,16.069199],[-16.41202,16.069425],[-16.412255,16.069559],[-16.411929,16.069787],[-16.411793,16.07042],[-16.411936,16.070781],[-16.412358,16.070959],[-16.412689,16.071499],[-16.412829,16.071408],[-16.413484,16.071584],[-16.413913,16.072756],[-16.414617,16.073158],[-16.416114,16.073374],[-16.417795,16.073137],[-16.418633,16.07268],[-16.421808,16.072297],[-16.423113,16.071746],[-16.42587,16.071592],[-16.426666,16.071903],[-16.428069,16.071984],[-16.429473,16.072291],[-16.430453,16.072014],[-16.430874,16.072056],[-16.431198,16.071647],[-16.431149,16.071331],[-16.431288,16.071104],[-16.431894,16.070919],[-16.432218,16.070465],[-16.432719,16.0687],[-16.432434,16.068069],[-16.432572,16.067752],[-16.433083,16.067342],[-16.432334,16.067121],[-16.432004,16.066671],[-16.431998,16.065948],[-16.4326,16.06513],[-16.433529,16.064266],[-16.433346,16.063337],[-16.43393,16.063883],[-16.434328,16.063153],[-16.433803,16.061799],[-16.434134,16.058776],[-16.434507,16.058773],[-16.434729,16.055626],[-16.436131,16.055144],[-16.43713,16.054895],[-16.43962,16.054726],[-16.440658,16.054909],[-16.441975,16.056075],[-16.443102,16.05679],[-16.443528,16.057465],[-16.443713,16.057193],[-16.443948,16.057372],[-16.444795,16.05827],[-16.445358,16.058537],[-16.446067,16.059617],[-16.446307,16.060519],[-16.446129,16.061831],[-16.446419,16.063049],[-16.44633,16.063682],[-16.446475,16.064314],[-16.446944,16.064582],[-16.447224,16.06449],[-16.447873,16.063763],[-16.448306,16.064612]],[[-16.443762,16.070569],[-16.443718,16.07084],[-16.443856,16.070658],[-16.443762,16.070569]],[[-16.415656,16.074643],[-16.415749,16.074642],[-16.415702,16.074552],[-16.415656,16.074643]],[[-16.413796,16.075966],[-16.414215,16.075827],[-16.414072,16.075421],[-16.413698,16.075424],[-16.413513,16.075741],[-16.413796,16.075966]],[[-16.413562,16.075922],[-16.413562,16.076012],[-16.413609,16.075967],[-16.413562,16.075922]],[[-16.408549,16.061042],[-16.408643,16.061042],[-16.408595,16.060952],[-16.408549,16.061042]],[[-16.407338,16.061547],[-16.407895,16.061046],[-16.407706,16.060731],[-16.407239,16.060734],[-16.406447,16.061146],[-16.406401,16.061327],[-16.40659,16.061552],[-16.407338,16.061547]],[[-16.409405,16.076311],[-16.409405,16.076401],[-16.409498,16.076355],[-16.409405,16.076311]],[[-16.411798,16.077741],[-16.411799,16.077832],[-16.411845,16.077786],[-16.411798,16.077741]],[[-16.403442,16.079107],[-16.403722,16.079105],[-16.403907,16.078878],[-16.403764,16.078427],[-16.403341,16.078068],[-16.402876,16.078478],[-16.403019,16.078793],[-16.403442,16.079107]]],[[[-16.430679,16.053758],[-16.429885,16.055019],[-16.431224,16.056445],[-16.43009,16.057768],[-16.430246,16.058036],[-16.431584,16.057898],[-16.431483,16.059173],[-16.432065,16.06028],[-16.432508,16.062126],[-16.432297,16.061969],[-16.432065,16.062152],[-16.431877,16.062062],[-16.431599,16.062335],[-16.431365,16.062292],[-16.431135,16.062881],[-16.430717,16.063245],[-16.429942,16.062731],[-16.429353,16.061989],[-16.429301,16.061221],[-16.42944,16.061085],[-16.429581,16.061264],[-16.430186,16.060899],[-16.430421,16.060988],[-16.431397,16.060258],[-16.431296,16.059174],[-16.43106,16.05895],[-16.431245,16.058632],[-16.431102,16.058181],[-16.430586,16.058004],[-16.42984,16.058145],[-16.429515,16.058463],[-16.429332,16.059007],[-16.428769,16.058739],[-16.428489,16.058809],[-16.428018,16.058292],[-16.427686,16.057571],[-16.428335,16.056844],[-16.42721,16.056354],[-16.42762,16.054951],[-16.428361,16.053952],[-16.429253,16.053113],[-16.430679,16.053758]]],[[[-16.444556,16.070473],[-16.444508,16.070338],[-16.444554,16.070202],[-16.444556,16.070473]]],[[[-16.429439,16.060972],[-16.429531,16.060813],[-16.429673,16.060993],[-16.429627,16.061083],[-16.429439,16.060972]]],[[[-16.429005,16.059099],[-16.428912,16.0591],[-16.428958,16.059009],[-16.429005,16.059099]]],[[[-16.43059,16.058478],[-16.430967,16.05895],[-16.430874,16.059041],[-16.430407,16.059045],[-16.430593,16.058953],[-16.430124,16.05873],[-16.430216,16.058549],[-16.43059,16.058478]]]]}},{"type":"Feature","properties":{"categorie":"Culture irriguée"},"geometry":{"type":"Polygon","coordinates":[[[-16.378253,16.083429],[-16.378783,16.081321],[-16.378429,16.080833],[-16.38006,16.078725],[-16.381045,16.079489],[-16.379869,16.081075],[-16.384011,16.082245],[-16.384114,16.082396],[-16.383539,16.083584],[-16.382869,16.083337],[-16.382588,16.084696],[-16.382369,16.084932],[-16.381607,16.084789],[-16.381142,16.08628],[-16.380493,16.087327],[-16.378665,16.087019],[-16.379444,16.083899],[-16.378253,16.083429]]]}},{"type":"Feature","properties":{"categorie":"Culture irriguée"},"geometry":{"type":"Polygon","coordinates":[[[-16.351197,16.068263],[-16.351931,16.067237],[-16.354297,16.064737],[-16.35765,16.067546],[-16.364893,16.058859],[-16.36708,16.060399],[-16.3673,16.060063],[-16.36508,16.058175],[-16.366365,16.056158],[-16.370766,16.059681],[-16.369332,16.061555],[-16.368418,16.060869],[-16.363736,16.066853],[-16.36406,16.067258],[-16.365619,16.068037],[-16.365613,16.068183],[-16.365403,16.068935],[-16.364462,16.070157],[-16.363034,16.073471],[-16.360213,16.073059],[-16.35946,16.07225],[-16.35885,16.071938],[-16.358375,16.070856],[-16.358369,16.069953],[-16.359342,16.068681],[-16.358307,16.067648],[-16.357794,16.067787],[-16.35744,16.070772],[-16.356884,16.071408],[-16.356805,16.073668],[-16.3561,16.074461],[-16.355173,16.075186],[-16.354371,16.080708],[-16.352143,16.082041],[-16.354678,16.085323],[-16.355139,16.086147],[-16.351619,16.089138],[-16.349215,16.086532],[-16.349068,16.085087],[-16.34914,16.083852],[-16.348828,16.083315],[-16.347807,16.08296],[-16.344645,16.082696],[-16.342293,16.081702],[-16.342566,16.081013],[-16.347086,16.075493],[-16.351197,16.068263]]]}},{"type":"Feature","properties":{"categorie":"Culture irriguée"},"geometry":{"type":"Polygon","coordinates":[[[-16.346879,16.093235],[-16.347449,16.094588],[-16.349421,16.095931],[-16.349058,16.097247],[-16.340771,16.102493],[-16.338793,16.100336],[-16.339067,16.09925],[-16.346036,16.09297],[-16.346879,16.093235]],[[-16.344409,16.099912],[-16.344503,16.099912],[-16.344456,16.099867],[-16.344409,16.099912]],[[-16.344503,16.100002],[-16.344597,16.100001],[-16.34455,16.099956],[-16.344503,16.100002]]]}},{"type":"Feature","properties":{"categorie":"Culture irriguée"},"geometry":{"type":"Polygon","coordinates":[[[-16.366776,16.105032],[-16.36598,16.103777],[-16.365908,16.103405],[-16.366067,16.103099],[-16.368073,16.101674],[-16.369588,16.101136],[-16.369799,16.100864],[-16.368687,16.097373],[-16.369339,16.096618],[-16.371096,16.095187],[-16.373373,16.093831],[-16.373621,16.093241],[-16.374359,16.092518],[-16.375191,16.091157],[-16.376584,16.089792],[-16.3791,16.088692],[-16.380493,16.087327],[-16.382447,16.085959],[-16.383557,16.084325],[-16.384395,16.08334],[-16.384449,16.083433],[-16.386059,16.081055],[-16.38801,16.079415],[-16.390095,16.077233],[-16.391347,16.080309],[-16.397392,16.092531],[-16.398479,16.093952],[-16.396669,16.095577],[-16.395703,16.096243],[-16.394216,16.096937],[-16.391998,16.097623],[-16.389157,16.097648],[-16.384319,16.097206],[-16.381601,16.097845],[-16.378075,16.100072],[-16.373402,16.103304],[-16.369419,16.104985],[-16.367571,16.10514],[-16.366776,16.105032]]]}},{"type":"Feature","properties":{"categorie":"Culture irriguée"},"geometry":{"type":"MultiPolygon","coordinates":[[[[-16.350027,16.113894],[-16.350017,16.11359],[-16.350034,16.11333],[-16.350027,16.113894]]],[[[-16.349282,16.121179],[-16.349016,16.121955],[-16.348246,16.127359],[-16.347822,16.129041],[-16.346432,16.131534],[-16.344008,16.133924],[-16.340921,16.136343],[-16.338267,16.138693],[-16.334808,16.141148],[-16.334727,16.130934],[-16.335119,16.130229],[-16.335512,16.130555],[-16.337635,16.126952],[-16.344448,16.119367],[-16.345679,16.117114],[-16.345907,16.116105],[-16.347052,16.114494],[-16.347915,16.113764],[-16.348178,16.11334],[-16.347745,16.114431],[-16.347057,16.115451],[-16.346619,16.116621],[-16.346111,16.117387],[-16.349227,16.119084],[-16.349477,16.118891],[-16.349282,16.121179]]],[[[-16.350655,16.10461],[-16.352656,16.10124],[-16.352969,16.100103],[-16.353431,16.0999],[-16.353815,16.099371],[-16.353846,16.099021],[-16.354405,16.098523],[-16.355363,16.096867],[-16.358351,16.093112],[-16.358434,16.093271],[-16.359504,16.092496],[-16.36006,16.091814],[-16.360294,16.091813],[-16.360898,16.091312],[-16.361365,16.091219],[-16.361737,16.090855],[-16.362809,16.090441],[-16.363559,16.090455],[-16.361863,16.091093],[-16.360405,16.092116],[-16.359067,16.093196],[-16.356654,16.09587],[-16.355048,16.098114],[-16.354077,16.099706],[-16.353869,16.100355],[-16.353429,16.10079],[-16.351958,16.103129],[-16.351056,16.105119],[-16.350462,16.106929],[-16.350353,16.108089],[-16.350018,16.109074],[-16.349717,16.109307],[-16.35057,16.105432],[-16.350801,16.104933],[-16.350655,16.10461]],[[-16.358341,16.093271],[-16.358341,16.093362],[-16.358388,16.093316],[-16.358341,16.093271]]],[[[-16.362485,16.086073],[-16.363698,16.084593],[-16.364209,16.08472],[-16.364716,16.085106],[-16.365625,16.085317],[-16.366984,16.085319],[-16.367857,16.084968],[-16.368945,16.085521],[-16.368951,16.086425],[-16.36821,16.087334],[-16.367196,16.089509],[-16.366969,16.09046],[-16.367086,16.090807],[-16.365935,16.090531],[-16.364394,16.090407],[-16.365565,16.090243],[-16.365888,16.089518],[-16.366352,16.089153],[-16.366998,16.087884],[-16.367136,16.087476],[-16.366994,16.087251],[-16.366531,16.087887],[-16.366348,16.08843],[-16.366253,16.08834],[-16.366161,16.088522],[-16.366111,16.08798],[-16.365693,16.088344],[-16.365462,16.088752],[-16.365652,16.089293],[-16.365423,16.089973],[-16.364954,16.089704],[-16.364488,16.089888],[-16.364439,16.089572],[-16.364718,16.08939],[-16.364294,16.088895],[-16.364062,16.089077],[-16.363638,16.088628],[-16.363266,16.088992],[-16.362841,16.088362],[-16.362694,16.087369],[-16.362269,16.086694],[-16.362485,16.086073]],[[-16.366296,16.087707],[-16.366251,16.087979],[-16.366484,16.087842],[-16.366296,16.087707]],[[-16.364245,16.088534],[-16.364245,16.088624],[-16.364339,16.088579],[-16.364245,16.088534]],[[-16.365046,16.089433],[-16.365046,16.089523],[-16.365093,16.089478],[-16.365046,16.089433]]]]}},{"type":"Feature","properties":{"categorie":"Culture maraichère"},"geometry":{"type":"Polygon","coordinates":[[[-16.408202,16.018843],[-16.405586,16.017425],[-16.405715,16.016046],[-16.40804,16.016051],[-16.408002,16.015409],[-16.408951,16.01523],[-16.409784,16.015254],[-16.409823,16.015639],[-16.409969,16.015707],[-16.41195,16.015694],[-16.413287,16.018388],[-16.413253,16.018948],[-16.414861,16.018983],[-16.416779,16.018757],[-16.416659,16.02134],[-16.415063,16.021377],[-16.415126,16.022126],[-16.412032,16.022101],[-16.40834,16.021203],[-16.408202,16.018843]]]}},{"type":"Feature","properties":{"categorie":"Culture maraichère"},"geometry":{"type":"Polygon","coordinates":[[[-16.364147,16.020513],[-16.364537,16.019745],[-16.364188,16.019269],[-16.366332,16.014664],[-16.368636,16.011519],[-16.367821,16.010901],[-16.368824,16.009316],[-16.367259,16.008298],[-16.368579,16.006042],[-16.371583,16.00784],[-16.371467,16.012647],[-16.376194,16.016212],[-16.377554,16.015016],[-16.378161,16.015071],[-16.378745,16.015359],[-16.378566,16.017504],[-16.37725,16.020238],[-16.376176,16.020138],[-16.373923,16.021308],[-16.372359,16.021035],[-16.37065,16.02425],[-16.369133,16.026508],[-16.364912,16.023952],[-16.364797,16.021657],[-16.364147,16.020513]]]}},{"type":"Feature","properties":{"categorie":"Culture maraichère"},"geometry":{"type":"Polygon","coordinates":[[[-16.421107,16.032594],[-16.420234,16.031504],[-16.423363,16.0266],[-16.423385,16.025841],[-16.423125,16.024685],[-16.423155,16.023637],[-16.423012,16.023267],[-16.424214,16.02338],[-16.424782,16.024954],[-16.425872,16.027063],[-16.426253,16.028424],[-16.425404,16.029075],[-16.424867,16.031769],[-16.422947,16.032893],[-16.42277,16.034249],[-16.422177,16.034244],[-16.421043,16.036164],[-16.42044,16.037603],[-16.41854,16.040198],[-16.417911,16.040834],[-16.416755,16.041128],[-16.416987,16.039566],[-16.417685,16.037745],[-16.417956,16.036514],[-16.418252,16.03635],[-16.421107,16.032594]],[[-16.425505,16.026992],[-16.425691,16.026765],[-16.425503,16.026586],[-16.425316,16.026632],[-16.425271,16.026949],[-16.425505,16.026992]]]}},{"type":"Feature","properties":{"categorie":"Culture maraichère"},"geometry":{"type":"Polygon","coordinates":[[[-16.342028,16.045529],[-16.346931,16.050246],[-16.350439,16.05332],[-16.348835,16.053904],[-16.346029,16.055859],[-16.341804,16.060094],[-16.341383,16.060073],[-16.336712,16.057061],[-16.33726,16.055394],[-16.338328,16.053604],[-16.338363,16.052937],[-16.339076,16.050797],[-16.342028,16.045529]]]}},{"type":"Feature","properties":{"categorie":"Culture pluviale"},"geometry":{"type":"MultiPolygon","coordinates":[[[[-16.386694,16.067781],[-16.386533,16.066815],[-16.38713,16.064817],[-16.387317,16.062747],[-16.387554,16.061899],[-16.389504,16.059379],[-16.389901,16.059245],[-16.390822,16.059347],[-16.391179,16.060304],[-16.390775,16.06163],[-16.389519,16.062956],[-16.389134,16.063743],[-16.389033,16.06438],[-16.387827,16.065154],[-16.387833,16.066013],[-16.387467,16.067055],[-16.386694,16.067781]]],[[[-16.391128,16.059303],[-16.391105,16.059349],[-16.391093,16.059293],[-16.391128,16.059303]]],[[[-16.391551,16.059107],[-16.391822,16.059098],[-16.391693,16.059397],[-16.391551,16.059107]]]]}},{"type":"Feature","properties":{"categorie":"Culture pluviale"},"geometry":{"type":"Polygon","coordinates":[[[-16.37785,16.065849],[-16.37875,16.06375],[-16.379132,16.063267],[-16.381213,16.062293],[-16.383033,16.060196],[-16.385854,16.058563],[-16.386902,16.057214],[-16.387218,16.057331],[-16.387762,16.058328],[-16.387842,16.059222],[-16.386494,16.061899],[-16.386136,16.064975],[-16.385738,16.066075],[-16.385168,16.06625],[-16.38371,16.065886],[-16.382747,16.065851],[-16.381667,16.066676],[-16.380633,16.06699],[-16.378219,16.070721],[-16.377492,16.070987],[-16.376668,16.072149],[-16.375314,16.071612],[-16.375155,16.071266],[-16.375201,16.070571],[-16.375649,16.069114],[-16.377551,16.067281],[-16.37785,16.065849]]]}},{"type":"Feature","properties":{"categorie":"Culture pluviale"},"geometry":{"type":"Polygon","coordinates":[[[-16.380374,16.076871],[-16.379661,16.077369],[-16.378969,16.077072],[-16.377343,16.076853],[-16.376779,16.076523],[-16.376103,16.07566],[-16.376378,16.074872],[-16.377044,16.073837],[-16.378354,16.073919],[-16.379538,16.073529],[-16.381076,16.071251],[-16.382263,16.07013],[-16.38406,16.069387],[-16.385682,16.069486],[-16.385289,16.06978],[-16.384689,16.070869],[-16.38357,16.071283],[-16.383013,16.071828],[-16.382361,16.072149],[-16.382268,16.072285],[-16.382457,16.072465],[-16.382182,16.07328],[-16.381248,16.073467],[-16.380365,16.07415],[-16.380368,16.074602],[-16.380701,16.075368],[-16.380333,16.076365],[-16.380633,16.076921],[-16.380374,16.076871]],[[-16.384871,16.070235],[-16.384917,16.070054],[-16.384778,16.07019],[-16.384871,16.070235]]]}},{"type":"Feature","properties":{"categorie":"Culture pluviale"},"geometry":{"type":"MultiPolygon","coordinates":[[[[-16.382369,16.084932],[-16.382588,16.084696],[-16.382869,16.083337],[-16.383539,16.083584],[-16.384057,16.08254],[-16.384024,16.082848],[-16.384395,16.08334],[-16.382447,16.085959],[-16.380493,16.087327],[-16.381142,16.08628],[-16.381607,16.084789],[-16.382369,16.084932]]],[[[-16.38365,16.082147],[-16.383949,16.081597],[-16.384109,16.081582],[-16.384021,16.08146],[-16.384758,16.079737],[-16.383099,16.078027],[-16.383744,16.076516],[-16.384006,16.076472],[-16.385395,16.077684],[-16.386499,16.073544],[-16.386915,16.073486],[-16.387266,16.073958],[-16.388643,16.073996],[-16.390577,16.072332],[-16.390505,16.071827],[-16.390882,16.071346],[-16.391447,16.070974],[-16.392321,16.070731],[-16.392876,16.070304],[-16.392996,16.069227],[-16.393362,16.068574],[-16.393206,16.067907],[-16.393362,16.06801],[-16.393455,16.067874],[-16.393328,16.067088],[-16.393494,16.066744],[-16.39433,16.066016],[-16.394467,16.065653],[-16.393763,16.065116],[-16.393392,16.06557],[-16.393298,16.06548],[-16.392946,16.065806],[-16.393796,16.064426],[-16.392487,16.063111],[-16.39244,16.062482],[-16.393005,16.061434],[-16.393755,16.060851],[-16.395113,16.061121],[-16.395478,16.060807],[-16.395604,16.061037],[-16.396393,16.060308],[-16.396856,16.059628],[-16.397697,16.059712],[-16.397508,16.059352],[-16.398148,16.05736],[-16.397914,16.057226],[-16.397541,16.057318],[-16.397306,16.057139],[-16.397475,16.056678],[-16.398008,16.056749],[-16.398786,16.056444],[-16.400084,16.055365],[-16.400614,16.055184],[-16.401255,16.055263],[-16.401799,16.055585],[-16.401858,16.055793],[-16.401588,16.056258],[-16.401767,16.056441],[-16.402433,16.056545],[-16.403037,16.056294],[-16.403252,16.056659],[-16.403216,16.056938],[-16.402379,16.057407],[-16.401322,16.058679],[-16.401015,16.058716],[-16.400455,16.058452],[-16.400219,16.058527],[-16.399373,16.06009],[-16.397341,16.061822],[-16.396242,16.063983],[-16.394729,16.065994],[-16.393812,16.066905],[-16.393497,16.067848],[-16.393843,16.06849],[-16.393835,16.069562],[-16.394315,16.069559],[-16.394246,16.070147],[-16.393537,16.073016],[-16.392938,16.07415],[-16.389403,16.07805],[-16.386059,16.081055],[-16.384948,16.082689],[-16.384588,16.083113],[-16.384911,16.082707],[-16.384908,16.082255],[-16.384532,16.081986],[-16.384439,16.082077],[-16.384064,16.081922],[-16.383925,16.082081],[-16.384011,16.082245],[-16.38365,16.082147]],[[-16.396395,16.060534],[-16.396535,16.060579],[-16.396675,16.060533],[-16.396395,16.060534]],[[-16.39528,16.061581],[-16.395282,16.061762],[-16.395374,16.061671],[-16.39528,16.061581]],[[-16.384341,16.081355],[-16.384341,16.081445],[-16.384388,16.0814],[-16.384341,16.081355]],[[-16.384248,16.081446],[-16.384249,16.081536],[-16.384295,16.081491],[-16.384248,16.081446]]]]}},{"type":"Feature","properties":{"categorie":"Culture pluviale"},"geometry":{"type":"MultiPolygon","coordinates":[[[[-16.33968,16.109551],[-16.3389,16.110176],[-16.336475,16.110029],[-16.336348,16.109587],[-16.336435,16.108903],[-16.337116,16.106883],[-16.337474,16.106558],[-16.338272,16.106305],[-16.338675,16.105946],[-16.339754,16.104137],[-16.341018,16.102825],[-16.341089,16.102301],[-16.345347,16.09964],[-16.345624,16.099859],[-16.345811,16.099768],[-16.345809,16.099542],[-16.34538,16.099617],[-16.349058,16.097247],[-16.348836,16.097851],[-16.348511,16.098169],[-16.347765,16.09849],[-16.347023,16.099353],[-16.346184,16.099675],[-16.345256,16.10072],[-16.345634,16.101351],[-16.345317,16.102753],[-16.345086,16.103162],[-16.344109,16.103936],[-16.343745,16.105384],[-16.343376,16.10611],[-16.342449,16.107291],[-16.34125,16.109829],[-16.341065,16.111376],[-16.340853,16.111954],[-16.340184,16.112835],[-16.339753,16.112656],[-16.339475,16.112296],[-16.340328,16.110294],[-16.340112,16.109825],[-16.33968,16.109551]]],[[[-16.349421,16.095931],[-16.349432,16.096039],[-16.349422,16.096075],[-16.349421,16.095931]]],[[[-16.351709,16.0935],[-16.351542,16.092469],[-16.352434,16.092284],[-16.35303,16.091479],[-16.352484,16.090155],[-16.352534,16.089764],[-16.354584,16.08825],[-16.35549,16.08675],[-16.355489,16.086939],[-16.355608,16.086932],[-16.355853,16.086605],[-16.356714,16.085107],[-16.357992,16.084009],[-16.359216,16.082059],[-16.359213,16.081354],[-16.358755,16.081356],[-16.358467,16.081539],[-16.358953,16.080425],[-16.360331,16.078533],[-16.361735,16.077198],[-16.362017,16.076502],[-16.362637,16.075789],[-16.364098,16.074389],[-16.364775,16.074539],[-16.365287,16.075033],[-16.365513,16.075642],[-16.365287,16.076774],[-16.364912,16.077537],[-16.365764,16.078284],[-16.365561,16.078692],[-16.365817,16.079178],[-16.366268,16.079528],[-16.366769,16.079526],[-16.366662,16.079751],[-16.366246,16.080387],[-16.366011,16.080298],[-16.365639,16.080571],[-16.365782,16.080932],[-16.36569,16.081204],[-16.364532,16.082657],[-16.364019,16.082841],[-16.363315,16.082484],[-16.36299,16.082667],[-16.363085,16.082892],[-16.362525,16.083122],[-16.362383,16.082852],[-16.362056,16.082899],[-16.362149,16.082763],[-16.361914,16.082584],[-16.361495,16.082812],[-16.361121,16.082815],[-16.360792,16.082591],[-16.360696,16.082139],[-16.360507,16.08196],[-16.360415,16.082141],[-16.360321,16.082051],[-16.359905,16.082687],[-16.359999,16.082822],[-16.359813,16.083004],[-16.359908,16.083093],[-16.359722,16.083366],[-16.359771,16.083682],[-16.359445,16.083819],[-16.358982,16.084455],[-16.358423,16.084685],[-16.358238,16.085002],[-16.358286,16.085228],[-16.357822,16.085773],[-16.357686,16.086407],[-16.356846,16.086593],[-16.356544,16.08682],[-16.35653,16.088131],[-16.356769,16.088988],[-16.356632,16.089396],[-16.355841,16.089898],[-16.355421,16.090036],[-16.354345,16.089998],[-16.353833,16.090317],[-16.353419,16.091179],[-16.353467,16.091495],[-16.352959,16.092266],[-16.3531,16.092491],[-16.353333,16.092309],[-16.353427,16.092399],[-16.353055,16.092763],[-16.354879,16.092932],[-16.355579,16.092747],[-16.355908,16.092925],[-16.356421,16.092832],[-16.356937,16.093009],[-16.357588,16.092553],[-16.358351,16.093112],[-16.355363,16.096867],[-16.354405,16.098523],[-16.353846,16.099021],[-16.353815,16.099371],[-16.353431,16.0999],[-16.352969,16.100103],[-16.352656,16.10124],[-16.351421,16.101341],[-16.350932,16.102086],[-16.350537,16.102393],[-16.349783,16.102679],[-16.34918,16.102662],[-16.34882,16.10246],[-16.349472,16.101959],[-16.348907,16.101375],[-16.348438,16.101152],[-16.348715,16.100744],[-16.34815,16.100115],[-16.348564,16.099118],[-16.348936,16.098754],[-16.349211,16.097939],[-16.350788,16.096121],[-16.351299,16.095756],[-16.35162,16.09485],[-16.352686,16.093488],[-16.352357,16.093129],[-16.351709,16.0935]]],[[[-16.374211,16.077876],[-16.375102,16.078143],[-16.375531,16.07845],[-16.375255,16.07863],[-16.374811,16.079446],[-16.373568,16.08344],[-16.372993,16.084176],[-16.372857,16.084719],[-16.371847,16.086108],[-16.371377,16.08706],[-16.370888,16.088848],[-16.370864,16.08958],[-16.37074,16.088312],[-16.371338,16.086907],[-16.371244,16.086727],[-16.37166,16.086046],[-16.371607,16.085233],[-16.371791,16.084735],[-16.371266,16.083157],[-16.370984,16.082978],[-16.370382,16.08375],[-16.369915,16.083843],[-16.369031,16.084346],[-16.368615,16.085162],[-16.368846,16.085427],[-16.367857,16.084968],[-16.367067,16.085305],[-16.366145,16.08532],[-16.368052,16.084804],[-16.367299,16.083995],[-16.366737,16.083818],[-16.365619,16.084458],[-16.36557,16.085248],[-16.364768,16.085124],[-16.364209,16.08472],[-16.363591,16.084634],[-16.362329,16.086274],[-16.362402,16.085653],[-16.363331,16.084744],[-16.365184,16.082382],[-16.366069,16.081834],[-16.366532,16.081244],[-16.367138,16.080923],[-16.367607,16.081282],[-16.367844,16.081778],[-16.369764,16.082172],[-16.371303,16.081755],[-16.371765,16.080939],[-16.372232,16.080936],[-16.372043,16.080576],[-16.372223,16.079535],[-16.372966,16.078807],[-16.373103,16.078355],[-16.373712,16.078622],[-16.373945,16.07853],[-16.37404,16.07871],[-16.374179,16.078574],[-16.374211,16.077876]]],[[[-16.3712,16.090905],[-16.371803,16.088638],[-16.372441,16.087627],[-16.372488,16.08635],[-16.372927,16.085438],[-16.374128,16.083876],[-16.374217,16.082441],[-16.375023,16.080953],[-16.37692,16.079769],[-16.377718,16.079409],[-16.378039,16.079498],[-16.377605,16.080461],[-16.377845,16.081938],[-16.378011,16.082017],[-16.378166,16.081885],[-16.378457,16.080871],[-16.378783,16.081321],[-16.378253,16.083429],[-16.379444,16.083899],[-16.378665,16.087019],[-16.380493,16.087327],[-16.3791,16.088692],[-16.376584,16.089792],[-16.375191,16.091157],[-16.374359,16.092518],[-16.373621,16.093241],[-16.373715,16.092721],[-16.373569,16.091818],[-16.373334,16.091594],[-16.3712,16.090905]]],[[[-16.370901,16.095342],[-16.371022,16.095224],[-16.371096,16.095187],[-16.371012,16.095251],[-16.370901,16.095342]]],[[[-16.368687,16.097373],[-16.367951,16.096127],[-16.366407,16.094834],[-16.366006,16.09427],[-16.366149,16.093818],[-16.367298,16.092994],[-16.367561,16.091844],[-16.367918,16.092578],[-16.368433,16.092574],[-16.368579,16.093522],[-16.368954,16.09361],[-16.369233,16.093428],[-16.369113,16.092999],[-16.369463,16.092839],[-16.369604,16.092974],[-16.369328,16.093698],[-16.369616,16.094781],[-16.370462,16.095408],[-16.370817,16.095411],[-16.369339,16.096618],[-16.368687,16.097373]],[[-16.369349,16.093269],[-16.369324,16.093111],[-16.369231,16.093157],[-16.369255,16.093179],[-16.369349,16.093269]],[[-16.369373,16.093382],[-16.369374,16.093472],[-16.36942,16.093427],[-16.369373,16.093382]]],[[[-16.348313,16.102429],[-16.348203,16.102433],[-16.348141,16.102443],[-16.348313,16.102429]]],[[[-16.348106,16.102452],[-16.347363,16.10281],[-16.347233,16.102696],[-16.3477,16.102603],[-16.347932,16.102375],[-16.348106,16.102452]]]]}},{"type":"Feature","properties":{"categorie":"Mangrove"},"geometry":{"type":"Polygon","coordinates":[[[-16.401897,16.092955],[-16.40002,16.094375],[-16.400651,16.093735],[-16.401897,16.092955]]]}},{"type":"Feature","properties":{"categorie":"Mare"},"geometry":{"type":"Polygon","coordinates":[[[-16.346121,16.042971],[-16.346515,16.041862],[-16.346626,16.040549],[-16.348361,16.037851],[-16.352462,16.040946],[-16.351032,16.042402],[-16.349739,16.043217],[-16.349181,16.043011],[-16.34773,16.04323],[-16.347051,16.043473],[-16.345667,16.044468],[-16.34551,16.044021],[-16.346121,16.042971]]]}},{"type":"Feature","properties":{"categorie":"Mare"},"geometry":{"type":"Polygon","coordinates":[[[-16.366995,16.063937],[-16.367349,16.064228],[-16.367138,16.064812],[-16.365868,16.066153],[-16.365656,16.065651],[-16.365719,16.065144],[-16.366995,16.063937]]]}},{"type":"Feature","properties":{"categorie":"Mare"},"geometry":{"type":"Polygon","coordinates":[[[-16.369082,16.063195],[-16.369756,16.063812],[-16.369577,16.06461],[-16.368623,16.066123],[-16.367519,16.06735],[-16.366129,16.070276],[-16.365244,16.071118],[-16.364933,16.071854],[-16.364543,16.071714],[-16.36437,16.071494],[-16.364465,16.071175],[-16.365869,16.069462],[-16.367537,16.066465],[-16.369082,16.063195]]]}},{"type":"Feature","properties":{"categorie":"Mare"},"geometry":{"type":"Polygon","coordinates":[[[-16.385117,16.075796],[-16.384811,16.07498],[-16.385219,16.074474],[-16.385739,16.074487],[-16.385868,16.075025],[-16.38556,16.075649],[-16.385117,16.075796]]]}},{"type":"Feature","properties":{"categorie":"Mare"},"geometry":{"type":"Polygon","coordinates":[[[-16.375735,16.073779],[-16.377344,16.071124],[-16.377902,16.070768],[-16.378483,16.070761],[-16.378762,16.071276],[-16.378772,16.071753],[-16.378167,16.072208],[-16.377442,16.073704],[-16.377044,16.073837],[-16.376378,16.074872],[-16.376103,16.07566],[-16.376274,16.075925],[-16.376103,16.076393],[-16.375339,16.076774],[-16.375063,16.076508],[-16.374933,16.075986],[-16.375572,16.075062],[-16.375735,16.073779]]]}},{"type":"Feature","properties":{"categorie":"Mare"},"geometry":{"type":"Polygon","coordinates":[[[-16.372138,16.076177],[-16.37271,16.074319],[-16.373663,16.072999],[-16.374736,16.072533],[-16.375669,16.072961],[-16.375545,16.073461],[-16.373423,16.075852],[-16.372861,16.076829],[-16.372343,16.076642],[-16.372138,16.076177]]]}},{"type":"Feature","properties":{"categorie":"Mare"},"geometry":{"type":"Polygon","coordinates":[[[-16.378039,16.079498],[-16.379797,16.077236],[-16.380281,16.076898],[-16.380633,16.076921],[-16.380575,16.078508],[-16.380445,16.078405],[-16.380228,16.078807],[-16.380071,16.078707],[-16.378929,16.080125],[-16.378429,16.080833],[-16.378422,16.081313],[-16.378011,16.082017],[-16.377845,16.081938],[-16.37767,16.081402],[-16.377652,16.080176],[-16.378039,16.079498]]]}},{"type":"Feature","properties":{"categorie":"Mare"},"geometry":{"type":"Polygon","coordinates":[[[-16.35911,16.081327],[-16.359307,16.081452],[-16.359216,16.082059],[-16.35857,16.083116],[-16.357992,16.084009],[-16.356714,16.085107],[-16.355853,16.086605],[-16.355489,16.086939],[-16.355415,16.086376],[-16.355919,16.084899],[-16.357222,16.082767],[-16.358578,16.081439],[-16.35911,16.081327]]]}},{"type":"Feature","properties":{"categorie":"Mare"},"geometry":{"type":"Polygon","coordinates":[[[-16.37698,16.07752],[-16.377338,16.077731],[-16.377704,16.078362],[-16.377696,16.079461],[-16.37692,16.079769],[-16.375023,16.080953],[-16.374217,16.082441],[-16.374128,16.083876],[-16.372927,16.085438],[-16.372488,16.08635],[-16.372441,16.087627],[-16.371803,16.088638],[-16.3712,16.090905],[-16.370942,16.090479],[-16.370888,16.088848],[-16.371377,16.08706],[-16.371847,16.086108],[-16.372857,16.084719],[-16.372993,16.084176],[-16.373568,16.08344],[-16.37394,16.081928],[-16.375106,16.078848],[-16.376225,16.077815],[-16.37698,16.07752]]]}},{"type":"Feature","properties":{"categorie":"Mare"},"geometry":{"type":"Polygon","coordinates":[[[-16.414073,16.015879],[-16.414011,16.015048],[-16.414184,16.014504],[-16.415146,16.013106],[-16.416464,16.011733],[-16.417096,16.010038],[-16.418526,16.008691],[-16.419586,16.006633],[-16.419702,16.005909],[-16.419235,16.004493],[-16.419305,16.003932],[-16.42005,16.003466],[-16.420651,16.002667],[-16.421042,16.002466],[-16.424705,16.00245],[-16.425709,16.002968],[-16.425973,16.003328],[-16.426005,16.003888],[-16.425696,16.005164],[-16.425195,16.005601],[-16.423686,16.006362],[-16.423425,16.007737],[-16.422662,16.008248],[-16.422423,16.008801],[-16.422418,16.009307],[-16.422644,16.00955],[-16.423903,16.009279],[-16.424306,16.009385],[-16.424532,16.009637],[-16.424215,16.013733],[-16.422302,16.014026],[-16.421158,16.014811],[-16.419449,16.016395],[-16.418961,16.016082],[-16.417188,16.016419],[-16.416332,16.016967],[-16.415473,16.016963],[-16.414573,16.016644],[-16.414073,16.015879]]]}},{"type":"Feature","properties":{"categorie":"Mare"},"geometry":{"type":"Polygon","coordinates":[[[-16.377165,16.062533],[-16.377124,16.061502],[-16.377467,16.060551],[-16.378213,16.060279],[-16.378212,16.06011],[-16.379449,16.06047],[-16.378666,16.061816],[-16.378657,16.062366],[-16.378026,16.062164],[-16.377623,16.062777],[-16.377318,16.062735],[-16.377165,16.062533]]]}},{"type":"Feature","properties":{"categorie":"Mare"},"geometry":{"type":"Polygon","coordinates":[[[-16.389028,16.064334],[-16.389196,16.063574],[-16.389629,16.062795],[-16.390519,16.061987],[-16.390761,16.062109],[-16.391128,16.062467],[-16.391114,16.06338],[-16.390983,16.06376],[-16.390437,16.064243],[-16.390353,16.064619],[-16.39068,16.065076],[-16.391259,16.065316],[-16.391256,16.065698],[-16.39115,16.065788],[-16.39007,16.065095],[-16.389325,16.064871],[-16.389028,16.064334]]]}},{"type":"Feature","properties":{"categorie":"Mare"},"geometry":{"type":"Polygon","coordinates":[[[-16.3665,16.07658],[-16.367022,16.075031],[-16.367321,16.074885],[-16.367485,16.075661],[-16.367758,16.076003],[-16.368374,16.075881],[-16.368885,16.075363],[-16.369121,16.074304],[-16.369047,16.073102],[-16.368726,16.072698],[-16.368071,16.072485],[-16.367918,16.072097],[-16.370845,16.068066],[-16.371237,16.067955],[-16.371613,16.068377],[-16.37151,16.069688],[-16.371589,16.070338],[-16.371759,16.070518],[-16.372189,16.070533],[-16.372809,16.069405],[-16.37344,16.069064],[-16.374451,16.068907],[-16.374935,16.069258],[-16.375094,16.069514],[-16.374433,16.069728],[-16.373204,16.070842],[-16.372317,16.071203],[-16.371779,16.072081],[-16.370236,16.073411],[-16.369932,16.073991],[-16.370057,16.074542],[-16.369947,16.074913],[-16.368603,16.076485],[-16.36842,16.077029],[-16.367491,16.077939],[-16.367078,16.079026],[-16.366586,16.079598],[-16.365949,16.079331],[-16.365561,16.078692],[-16.365871,16.077488],[-16.3665,16.07658]]]}},{"type":"Feature","properties":{"categorie":"Mare"},"geometry":{"type":"Polygon","coordinates":[[[-16.334363,16.084761],[-16.334159,16.072035],[-16.335721,16.070158],[-16.340017,16.066733],[-16.348222,16.060915],[-16.349634,16.059506],[-16.351096,16.057372],[-16.35246,16.057246],[-16.353864,16.057545],[-16.352314,16.059154],[-16.349687,16.064639],[-16.34679,16.068968],[-16.346229,16.07021],[-16.345562,16.072546],[-16.344889,16.073906],[-16.344165,16.074778],[-16.341201,16.077391],[-16.336381,16.08213],[-16.334363,16.084761]]]}},{"type":"Feature","properties":{"categorie":"Mare"},"geometry":{"type":"MultiPolygon","coordinates":[[[[-16.333472,16.045782],[-16.335455,16.042874],[-16.335517,16.042295],[-16.334975,16.039551],[-16.334969,16.038674],[-16.335308,16.037551],[-16.337008,16.034621],[-16.338122,16.033448],[-16.338793,16.033164],[-16.340132,16.033616],[-16.342282,16.033684],[-16.342564,16.033917],[-16.342614,16.03445],[-16.342849,16.034603],[-16.345201,16.03137],[-16.347042,16.029885],[-16.346941,16.030299],[-16.34336,16.034893],[-16.342605,16.034921],[-16.341679,16.034079],[-16.33981,16.03564],[-16.339407,16.03746],[-16.33833,16.039093],[-16.337693,16.039262],[-16.335943,16.04016],[-16.336092,16.041785],[-16.336536,16.042113],[-16.335391,16.044374],[-16.333507,16.047118],[-16.333472,16.045782]]],[[[-16.333412,16.036137],[-16.335405,16.033827],[-16.33526,16.033655],[-16.337939,16.031352],[-16.339567,16.030176],[-16.340881,16.029581],[-16.343708,16.028903],[-16.345114,16.028072],[-16.345834,16.026757],[-16.347015,16.025891],[-16.347459,16.025228],[-16.347557,16.024477],[-16.346914,16.023379],[-16.34689,16.022611],[-16.347268,16.021759],[-16.348104,16.021048],[-16.347892,16.021529],[-16.347816,16.022786],[-16.347505,16.023746],[-16.34787,16.023816],[-16.348279,16.023506],[-16.348685,16.022672],[-16.349173,16.02294],[-16.349269,16.0234],[-16.348086,16.025296],[-16.34785,16.026419],[-16.347601,16.026881],[-16.346654,16.027746],[-16.34608,16.028689],[-16.345754,16.0288],[-16.345211,16.028659],[-16.345016,16.028786],[-16.345314,16.030023],[-16.345177,16.030494],[-16.342789,16.032542],[-16.34208,16.032764],[-16.340184,16.032938],[-16.339855,16.03275],[-16.339871,16.032244],[-16.340886,16.031768],[-16.341318,16.030726],[-16.341064,16.03042],[-16.339915,16.030481],[-16.339115,16.031002],[-16.336297,16.033701],[-16.334564,16.037223],[-16.334123,16.038853],[-16.33445,16.040675],[-16.334407,16.041262],[-16.33344,16.043857],[-16.333412,16.036137]]],[[[-16.328912,16.02322],[-16.33059,16.018129],[-16.331218,16.017448],[-16.331835,16.016039],[-16.332937,16.015371],[-16.333435,16.014748],[-16.334293,16.015097],[-16.334908,16.014735],[-16.335424,16.015705],[-16.33336,16.018664],[-16.330792,16.02188],[-16.32998,16.023266],[-16.328912,16.02322]]]]}},{"type":"Feature","properties":{"categorie":"Plaine inondable"},"geometry":{"type":"Polygon","coordinates":[[[-16.437336,16.03474],[-16.437644,16.032108],[-16.438058,16.031156],[-16.437962,16.030841],[-16.438144,16.030162],[-16.437998,16.030002],[-16.438438,16.026409],[-16.438883,16.026406],[-16.439727,16.026744],[-16.440761,16.027532],[-16.440938,16.028606],[-16.440843,16.029242],[-16.440432,16.02983],[-16.440486,16.030869],[-16.440207,16.032167],[-16.439755,16.033179],[-16.439954,16.034849],[-16.43992,16.036702],[-16.439737,16.037246],[-16.43895,16.0382],[-16.438622,16.038157],[-16.438522,16.037254],[-16.437864,16.036626],[-16.437336,16.03474]]]}},{"type":"Feature","properties":{"categorie":"Plaine inondable"},"geometry":{"type":"Polygon","coordinates":[[[-16.371542,16.05083],[-16.371067,16.049572],[-16.369687,16.049399],[-16.369619,16.048851],[-16.369847,16.048235],[-16.370416,16.047927],[-16.370944,16.047937],[-16.371482,16.048755],[-16.372506,16.049317],[-16.373032,16.050081],[-16.373711,16.050039],[-16.374362,16.049721],[-16.374923,16.04898],[-16.375133,16.048198],[-16.374335,16.046122],[-16.375402,16.0456],[-16.376139,16.044445],[-16.376611,16.043996],[-16.378075,16.043308],[-16.377919,16.042514],[-16.378582,16.041812],[-16.378695,16.040932],[-16.378953,16.040415],[-16.379252,16.040167],[-16.380242,16.039869],[-16.380762,16.03917],[-16.381016,16.039268],[-16.381182,16.039586],[-16.381144,16.040176],[-16.380576,16.041214],[-16.379499,16.044731],[-16.378013,16.046762],[-16.37707,16.048795],[-16.375565,16.050703],[-16.373544,16.052773],[-16.373006,16.052902],[-16.37248,16.052618],[-16.372593,16.051932],[-16.372465,16.051327],[-16.371542,16.05083]]]}},{"type":"Feature","properties":{"categorie":"Plaine inondable"},"geometry":{"type":"Polygon","coordinates":[[[-16.396823,16.074992],[-16.397797,16.075248],[-16.398557,16.075767],[-16.399364,16.077425],[-16.399116,16.078096],[-16.399155,16.078394],[-16.401777,16.08032],[-16.402128,16.08104],[-16.401944,16.081457],[-16.400367,16.08192],[-16.399077,16.08191],[-16.397297,16.081343],[-16.396113,16.080384],[-16.394903,16.078557],[-16.394574,16.076878],[-16.394655,16.076506],[-16.395582,16.075353],[-16.396244,16.07505],[-16.396823,16.074992]]]}},{"type":"Feature","properties":{"categorie":"Plaine inondable"},"geometry":{"type":"MultiPolygon","coordinates":[[[[-16.404133,16.080413],[-16.403325,16.079803],[-16.40097,16.078517],[-16.400339,16.077835],[-16.400054,16.077231],[-16.399878,16.074864],[-16.3987,16.072034],[-16.398419,16.070743],[-16.39801,16.069734],[-16.398026,16.069227],[-16.398274,16.068656],[-16.398625,16.065514],[-16.399844,16.062971],[-16.402932,16.05975],[-16.403741,16.057865],[-16.404244,16.057609],[-16.405452,16.057845],[-16.405993,16.05767],[-16.407517,16.055174],[-16.408185,16.054365],[-16.409105,16.053636],[-16.411051,16.052675],[-16.411469,16.052274],[-16.412223,16.050453],[-16.415129,16.046348],[-16.416266,16.043358],[-16.416755,16.041128],[-16.417911,16.040834],[-16.41854,16.040198],[-16.42044,16.037603],[-16.421043,16.036164],[-16.422177,16.034244],[-16.42277,16.034249],[-16.423569,16.03456],[-16.4236,16.035085],[-16.422811,16.035732],[-16.421967,16.037009],[-16.422384,16.038806],[-16.42237,16.039531],[-16.422096,16.040346],[-16.421354,16.041255],[-16.421082,16.042341],[-16.420998,16.043608],[-16.420018,16.045177],[-16.419854,16.046597],[-16.419103,16.046692],[-16.41841,16.047782],[-16.418369,16.04855],[-16.418651,16.048819],[-16.418558,16.04891],[-16.418889,16.049496],[-16.419122,16.049313],[-16.419313,16.0499],[-16.418891,16.049767],[-16.418752,16.049903],[-16.418895,16.050309],[-16.419224,16.050578],[-16.419134,16.050985],[-16.419475,16.051754],[-16.418738,16.05191],[-16.41798,16.052524],[-16.416802,16.055298],[-16.416315,16.055685],[-16.414755,16.056296],[-16.413139,16.057509],[-16.412899,16.058142],[-16.413026,16.059553],[-16.411246,16.059263],[-16.411432,16.058899],[-16.411383,16.058583],[-16.410961,16.05836],[-16.408721,16.058553],[-16.406087,16.057877],[-16.405679,16.058214],[-16.40191,16.06593],[-16.402608,16.066225],[-16.401694,16.069872],[-16.400716,16.071713],[-16.401133,16.072425],[-16.401123,16.07641],[-16.401786,16.07768],[-16.403162,16.079154],[-16.404193,16.079662],[-16.405307,16.079772],[-16.409957,16.077753],[-16.410951,16.079117],[-16.413084,16.077091],[-16.414891,16.076284],[-16.416017,16.074953],[-16.417224,16.074397],[-16.419407,16.073705],[-16.41928,16.073028],[-16.420203,16.072687],[-16.42374,16.071896],[-16.424993,16.07186],[-16.426444,16.07214],[-16.426788,16.073177],[-16.42819,16.073249],[-16.428402,16.074124],[-16.431325,16.073743],[-16.431921,16.071804],[-16.433043,16.072141],[-16.434773,16.072202],[-16.434824,16.072486],[-16.434526,16.073026],[-16.434714,16.073205],[-16.436491,16.073284],[-16.439208,16.074214],[-16.439768,16.074075],[-16.440326,16.07371],[-16.442006,16.073247],[-16.443119,16.072064],[-16.444737,16.070825],[-16.445724,16.07042],[-16.446188,16.06992],[-16.446698,16.069725],[-16.446322,16.070325],[-16.446477,16.071129],[-16.446367,16.071455],[-16.44609,16.071881],[-16.444953,16.072377],[-16.443223,16.074892],[-16.442646,16.075258],[-16.441919,16.075434],[-16.441606,16.074876],[-16.440897,16.075071],[-16.440195,16.074976],[-16.436952,16.073651],[-16.434287,16.073506],[-16.432382,16.073881],[-16.430163,16.074664],[-16.428524,16.075524],[-16.428122,16.0755],[-16.427277,16.075026],[-16.426925,16.075472],[-16.427144,16.075985],[-16.427025,16.076284],[-16.425023,16.077382],[-16.424112,16.078075],[-16.423586,16.079127],[-16.423066,16.079546],[-16.422,16.07959],[-16.421437,16.079232],[-16.421149,16.079523],[-16.420916,16.079543],[-16.419753,16.079071],[-16.419132,16.078461],[-16.41833,16.078773],[-16.417758,16.078533],[-16.41731,16.078545],[-16.415799,16.079097],[-16.414059,16.080185],[-16.413163,16.080344],[-16.412838,16.080708],[-16.41261,16.081423],[-16.411806,16.081438],[-16.411816,16.081591],[-16.409583,16.083052],[-16.408464,16.083457],[-16.407371,16.0835],[-16.40648,16.083163],[-16.404133,16.080413]],[[-16.418702,16.049497],[-16.418703,16.049587],[-16.418749,16.049542],[-16.418702,16.049497]],[[-16.414632,16.055399],[-16.414632,16.055489],[-16.414679,16.055443],[-16.414632,16.055399]],[[-16.410022,16.057756],[-16.410861,16.057547],[-16.411653,16.057135],[-16.412685,16.057671],[-16.412963,16.057398],[-16.413168,16.056651],[-16.414263,16.056124],[-16.414681,16.055715],[-16.414493,16.055625],[-16.414492,16.055445],[-16.413837,16.055313],[-16.413187,16.05595],[-16.412391,16.055775],[-16.412113,16.056048],[-16.411785,16.055914],[-16.412063,16.055641],[-16.411921,16.055326],[-16.411124,16.055015],[-16.411771,16.054062],[-16.411208,16.053614],[-16.410649,16.053934],[-16.410325,16.054342],[-16.409727,16.055747],[-16.409918,16.056288],[-16.409551,16.05733],[-16.40974,16.057645],[-16.410022,16.057756]],[[-16.434244,16.072847],[-16.434431,16.0728],[-16.434384,16.07271],[-16.434244,16.072847]]],[[[-16.411839,16.057044],[-16.41184,16.057134],[-16.411793,16.057089],[-16.411839,16.057044]]],[[[-16.412026,16.056952],[-16.412026,16.057043],[-16.411979,16.056998],[-16.412026,16.056952]]],[[[-16.412303,16.056498],[-16.412303,16.056589],[-16.412256,16.056544],[-16.412303,16.056498]]]]}},{"type":"Feature","properties":{"categorie":"Plaine inondable"},"geometry":{"type":"MultiPolygon","coordinates":[[[[-16.452396,16.0673],[-16.450806,16.068859],[-16.449385,16.069789],[-16.450292,16.068742],[-16.451785,16.067566],[-16.452396,16.0673]]],[[[-16.448371,16.071069],[-16.446524,16.074994],[-16.444782,16.076701],[-16.443291,16.077237],[-16.444877,16.076363],[-16.445902,16.075352],[-16.448371,16.071069]]],[[[-16.442273,16.077603],[-16.441279,16.077516],[-16.441155,16.077477],[-16.442273,16.077603]]],[[[-16.438465,16.076405],[-16.43749,16.07583],[-16.438582,16.07646],[-16.438465,16.076405]]],[[[-16.435999,16.074951],[-16.434829,16.074959],[-16.432969,16.075212],[-16.43396,16.07471],[-16.434963,16.07459],[-16.435592,16.074728],[-16.436162,16.075029],[-16.436623,16.075319],[-16.435999,16.074951]]]]}},{"type":"Feature","properties":{"categorie":"Plaine inondable"},"geometry":{"type":"MultiPolygon","coordinates":[[[[-16.42214,16.080993],[-16.420839,16.080932],[-16.419079,16.080152],[-16.417557,16.079936],[-16.416623,16.080169],[-16.415467,16.081189],[-16.416369,16.080278],[-16.417741,16.079632],[-16.418819,16.079876],[-16.419898,16.080407],[-16.420828,16.080652],[-16.422476,16.080799],[-16.42214,16.080993]]],[[[-16.413717,16.082675],[-16.410344,16.085185],[-16.410234,16.086203],[-16.409723,16.087411],[-16.406612,16.089576],[-16.404986,16.08995],[-16.401355,16.091703],[-16.400239,16.092524],[-16.399283,16.093652],[-16.399147,16.094002],[-16.399247,16.09474],[-16.398376,16.094618],[-16.397245,16.096103],[-16.395928,16.097203],[-16.392977,16.098348],[-16.391991,16.098891],[-16.391605,16.099487],[-16.391146,16.099505],[-16.390559,16.099109],[-16.389975,16.099113],[-16.387396,16.098338],[-16.384939,16.098128],[-16.383303,16.098365],[-16.377362,16.101908],[-16.374803,16.103847],[-16.37224,16.105333],[-16.370138,16.105912],[-16.366865,16.106159],[-16.365003,16.105914],[-16.36417,16.105385],[-16.362755,16.103698],[-16.36275,16.10302],[-16.363215,16.102564],[-16.36508,16.101648],[-16.36683,16.101071],[-16.36889,16.100709],[-16.369069,16.100332],[-16.368311,16.099004],[-16.365612,16.096818],[-16.365149,16.095744],[-16.365487,16.093294],[-16.365328,16.092218],[-16.364615,16.091733],[-16.363044,16.091498],[-16.361528,16.091997],[-16.359058,16.093629],[-16.356395,16.096779],[-16.354339,16.099779],[-16.352139,16.104052],[-16.350495,16.10798],[-16.350061,16.111263],[-16.350009,16.115251],[-16.349477,16.118891],[-16.349227,16.119084],[-16.346111,16.117387],[-16.346619,16.116621],[-16.347057,16.115451],[-16.347745,16.114431],[-16.348193,16.11331],[-16.348656,16.112674],[-16.349478,16.109867],[-16.349717,16.109307],[-16.349983,16.109156],[-16.350334,16.108154],[-16.350433,16.107028],[-16.351056,16.105119],[-16.352397,16.102388],[-16.353447,16.100765],[-16.353869,16.100355],[-16.354077,16.099706],[-16.355062,16.098093],[-16.357478,16.094884],[-16.359067,16.093196],[-16.361863,16.091093],[-16.363559,16.090455],[-16.365935,16.090531],[-16.367086,16.090807],[-16.367496,16.091607],[-16.36753,16.092328],[-16.367328,16.092944],[-16.366149,16.093818],[-16.366013,16.094303],[-16.368229,16.0965],[-16.368778,16.097587],[-16.36981,16.100761],[-16.369588,16.101136],[-16.368175,16.101618],[-16.367137,16.102238],[-16.365977,16.103238],[-16.36598,16.103777],[-16.366551,16.104841],[-16.367293,16.10513],[-16.369493,16.104963],[-16.373464,16.103273],[-16.381521,16.097873],[-16.384319,16.097206],[-16.389157,16.097648],[-16.391998,16.097623],[-16.394216,16.096937],[-16.395703,16.096243],[-16.396669,16.095577],[-16.398466,16.093967],[-16.397392,16.092531],[-16.391347,16.080309],[-16.390095,16.077233],[-16.392938,16.07415],[-16.393537,16.073016],[-16.394315,16.069559],[-16.393835,16.069562],[-16.393843,16.06849],[-16.393492,16.067794],[-16.393752,16.067012],[-16.394811,16.065895],[-16.396242,16.063983],[-16.397262,16.061918],[-16.399373,16.06009],[-16.400268,16.058494],[-16.401093,16.05873],[-16.401413,16.058621],[-16.401353,16.059565],[-16.399816,16.060943],[-16.396528,16.064843],[-16.395009,16.067512],[-16.395033,16.068998],[-16.394744,16.071446],[-16.393465,16.074225],[-16.393763,16.074452],[-16.393648,16.074855],[-16.394021,16.075751],[-16.393662,16.076978],[-16.3936,16.077951],[-16.394173,16.079205],[-16.395425,16.080823],[-16.396006,16.081314],[-16.397021,16.081751],[-16.397384,16.082137],[-16.401229,16.082233],[-16.403355,16.083345],[-16.405055,16.084585],[-16.407011,16.085361],[-16.408193,16.085334],[-16.409944,16.08478],[-16.410263,16.084811],[-16.413609,16.082664],[-16.415023,16.081566],[-16.413717,16.082675]]]]}},{"type":"Feature","properties":{"categorie":"Sol nu"},"geometry":{"type":"Polygon","coordinates":[[[-16.419475,16.051754],[-16.419804,16.053331],[-16.419529,16.054056],[-16.419722,16.054913],[-16.419631,16.05545],[-16.418978,16.056707],[-16.418576,16.057993],[-16.417505,16.058588],[-16.416948,16.059134],[-16.415214,16.060105],[-16.414277,16.059756],[-16.413026,16.059553],[-16.412895,16.05823],[-16.413095,16.05756],[-16.414755,16.056296],[-16.41668,16.055434],[-16.417064,16.054852],[-16.41802,16.052471],[-16.418738,16.05191],[-16.419475,16.051754]]]}},{"type":"Feature","properties":{"categorie":"Steppe"},"geometry":{"type":"MultiPolygon","coordinates":[[[[-16.334727,16.130934],[-16.334678,16.124831],[-16.335434,16.125432],[-16.336851,16.124586],[-16.338105,16.122635],[-16.33717,16.121445],[-16.339032,16.117876],[-16.339152,16.117278],[-16.337635,16.117018],[-16.334638,16.119787],[-16.334396,16.089006],[-16.335742,16.087214],[-16.337019,16.083807],[-16.337945,16.082554],[-16.340491,16.080188],[-16.342622,16.077382],[-16.343403,16.076763],[-16.344893,16.075958],[-16.346017,16.074893],[-16.347481,16.072941],[-16.349733,16.068733],[-16.350948,16.067234],[-16.354299,16.063796],[-16.356408,16.060511],[-16.357403,16.059764],[-16.359482,16.059009],[-16.360516,16.058415],[-16.361957,16.057331],[-16.363257,16.055994],[-16.364266,16.054568],[-16.36523,16.052059],[-16.365775,16.051097],[-16.366703,16.05016],[-16.36876,16.048882],[-16.369771,16.047818],[-16.373362,16.04258],[-16.374433,16.04063],[-16.375454,16.038237],[-16.376075,16.037546],[-16.378092,16.035961],[-16.379591,16.03371],[-16.381958,16.034029],[-16.384461,16.035215],[-16.385855,16.03535],[-16.387842,16.034822],[-16.389238,16.034081],[-16.390369,16.034057],[-16.39131,16.033259],[-16.392002,16.033381],[-16.392393,16.033849],[-16.392662,16.034953],[-16.392083,16.03512],[-16.39149,16.035822],[-16.390749,16.037494],[-16.390229,16.038154],[-16.389265,16.04057],[-16.388055,16.04272],[-16.378958,16.05565],[-16.377574,16.058983],[-16.377511,16.059437],[-16.377098,16.060084],[-16.376628,16.062384],[-16.375599,16.063595],[-16.374513,16.065386],[-16.371325,16.067297],[-16.370985,16.067965],[-16.370446,16.068484],[-16.367918,16.072097],[-16.368071,16.072485],[-16.368726,16.072698],[-16.369047,16.073102],[-16.369095,16.074611],[-16.368977,16.075181],[-16.3687,16.075608],[-16.368235,16.075954],[-16.367758,16.076003],[-16.367485,16.075661],[-16.367424,16.074965],[-16.367087,16.074968],[-16.366828,16.075313],[-16.3665,16.07658],[-16.365871,16.077488],[-16.365764,16.078284],[-16.364912,16.077537],[-16.36545,16.076171],[-16.365453,16.075341],[-16.364909,16.074638],[-16.364182,16.074351],[-16.362262,16.076184],[-16.361735,16.077198],[-16.360331,16.078533],[-16.359743,16.07934],[-16.360109,16.078347],[-16.360341,16.07812],[-16.35978,16.078123],[-16.359503,16.078622],[-16.359222,16.078534],[-16.359036,16.07867],[-16.35913,16.07876],[-16.358757,16.078898],[-16.358946,16.079123],[-16.358853,16.079214],[-16.359227,16.079302],[-16.359043,16.079664],[-16.359185,16.07989],[-16.359738,16.079348],[-16.359218,16.080061],[-16.358905,16.080072],[-16.359024,16.080327],[-16.358467,16.081539],[-16.357222,16.082767],[-16.35666,16.083873],[-16.35602,16.084718],[-16.355415,16.086376],[-16.35549,16.08675],[-16.354975,16.087761],[-16.35423,16.088588],[-16.352534,16.089764],[-16.352509,16.090237],[-16.353036,16.091299],[-16.352866,16.091854],[-16.352316,16.092348],[-16.351561,16.092443],[-16.35172,16.09357],[-16.350682,16.094314],[-16.350545,16.094812],[-16.35008,16.095131],[-16.349564,16.094863],[-16.349331,16.094955],[-16.349239,16.095182],[-16.349522,16.095542],[-16.349463,16.095912],[-16.347449,16.094588],[-16.346879,16.093235],[-16.346036,16.09297],[-16.339067,16.09925],[-16.338793,16.100336],[-16.340771,16.102493],[-16.341089,16.102301],[-16.34109,16.102663],[-16.339653,16.104272],[-16.338605,16.106023],[-16.338194,16.106346],[-16.337433,16.106581],[-16.33706,16.106964],[-16.336435,16.108903],[-16.336416,16.109945],[-16.336684,16.110123],[-16.338785,16.110191],[-16.339172,16.110075],[-16.339595,16.109593],[-16.339803,16.109572],[-16.34033,16.110252],[-16.339485,16.112115],[-16.339509,16.112403],[-16.339862,16.11273],[-16.340184,16.112835],[-16.340376,16.112711],[-16.341065,16.111376],[-16.341451,16.111816],[-16.342289,16.111359],[-16.342619,16.111673],[-16.343368,16.11194],[-16.343324,16.112256],[-16.343747,16.11266],[-16.346372,16.113728],[-16.346795,16.114042],[-16.346935,16.113951],[-16.347124,16.114311],[-16.347297,16.114226],[-16.345863,16.116183],[-16.345679,16.117114],[-16.344448,16.119367],[-16.337635,16.126952],[-16.335512,16.130555],[-16.335119,16.130229],[-16.334727,16.130934]],[[-16.355173,16.075186],[-16.3566,16.07396],[-16.356481,16.074077],[-16.357322,16.074072],[-16.357604,16.074296],[-16.357419,16.074613],[-16.357796,16.075063],[-16.357471,16.075291],[-16.357056,16.076197],[-16.357105,16.076468],[-16.357385,16.076376],[-16.357621,16.076691],[-16.357248,16.076829],[-16.357105,16.076559],[-16.356875,16.077102],[-16.357347,16.077732],[-16.357255,16.077868],[-16.357769,16.07791],[-16.358365,16.077546],[-16.358749,16.077633],[-16.358933,16.07727],[-16.359404,16.077809],[-16.35959,16.077627],[-16.360058,16.07776],[-16.360337,16.077532],[-16.36048,16.077983],[-16.360666,16.077801],[-16.360805,16.077574],[-16.360524,16.077486],[-16.360615,16.077214],[-16.360422,16.076266],[-16.360555,16.075181],[-16.360739,16.074818],[-16.361532,16.074587],[-16.36209,16.074177],[-16.36162,16.073728],[-16.361806,16.073546],[-16.362367,16.073588],[-16.361944,16.073364],[-16.363034,16.073471],[-16.364462,16.070157],[-16.36553,16.068616],[-16.365619,16.068037],[-16.36406,16.067258],[-16.363736,16.066853],[-16.368418,16.060869],[-16.369332,16.061555],[-16.370766,16.059681],[-16.366365,16.056158],[-16.36508,16.058175],[-16.3673,16.060063],[-16.36708,16.060399],[-16.364893,16.058859],[-16.35765,16.067546],[-16.354297,16.064737],[-16.35154,16.067724],[-16.347086,16.075493],[-16.342566,16.081013],[-16.342293,16.081702],[-16.344645,16.082696],[-16.347807,16.08296],[-16.348828,16.083315],[-16.34914,16.083852],[-16.349068,16.085087],[-16.349215,16.086532],[-16.351619,16.089138],[-16.355139,16.086147],[-16.354678,16.085323],[-16.352143,16.082041],[-16.354371,16.080708],[-16.355173,16.075186]],[[-16.369117,16.063211],[-16.367537,16.066465],[-16.365869,16.069462],[-16.364465,16.071175],[-16.36437,16.071494],[-16.364543,16.071714],[-16.364933,16.071854],[-16.365244,16.071118],[-16.366129,16.070276],[-16.367519,16.06735],[-16.368623,16.066123],[-16.369577,16.06461],[-16.369756,16.063812],[-16.369117,16.063211]],[[-16.366971,16.063938],[-16.365719,16.065144],[-16.365656,16.065651],[-16.365868,16.066153],[-16.367138,16.064812],[-16.367349,16.064228],[-16.366971,16.063938]],[[-16.380784,16.039163],[-16.380271,16.039849],[-16.379214,16.040184],[-16.378913,16.040472],[-16.378695,16.040932],[-16.378582,16.041812],[-16.377919,16.042514],[-16.378075,16.043308],[-16.376611,16.043996],[-16.376139,16.044445],[-16.375402,16.0456],[-16.374335,16.046122],[-16.375133,16.048198],[-16.374923,16.04898],[-16.374362,16.049721],[-16.373711,16.050039],[-16.373032,16.050081],[-16.372506,16.049317],[-16.371482,16.048755],[-16.370918,16.047922],[-16.37034,16.04795],[-16.369783,16.048325],[-16.369619,16.048851],[-16.369672,16.049376],[-16.371198,16.049665],[-16.371542,16.05083],[-16.37249,16.051374],[-16.372593,16.051932],[-16.372476,16.052596],[-16.372625,16.052776],[-16.373125,16.052914],[-16.373508,16.0528],[-16.375613,16.050649],[-16.37707,16.048795],[-16.378013,16.046762],[-16.379308,16.045093],[-16.379839,16.043849],[-16.380576,16.041214],[-16.381144,16.040176],[-16.381155,16.039465],[-16.380784,16.039163]],[[-16.362414,16.073633],[-16.362414,16.073723],[-16.362461,16.073678],[-16.362414,16.073633]],[[-16.362136,16.073996],[-16.362136,16.074086],[-16.362183,16.074041],[-16.362136,16.073996]],[[-16.362184,16.074131],[-16.362793,16.074353],[-16.36279,16.073992],[-16.362184,16.074131]],[[-16.363121,16.074577],[-16.363214,16.074441],[-16.363071,16.07408],[-16.362932,16.074262],[-16.363121,16.074577]],[[-16.354829,16.064823],[-16.355298,16.064956],[-16.355575,16.064593],[-16.355014,16.064506],[-16.354829,16.064823]],[[-16.356435,16.074213],[-16.356436,16.074303],[-16.356482,16.074258],[-16.356435,16.074213]],[[-16.356826,16.076741],[-16.356827,16.076831],[-16.356873,16.076786],[-16.356826,16.076741]],[[-16.357489,16.077912],[-16.357489,16.078002],[-16.357536,16.077957],[-16.357489,16.077912]],[[-16.357537,16.078138],[-16.357725,16.078272],[-16.35791,16.07809],[-16.357816,16.078],[-16.357537,16.078138]],[[-16.357397,16.078184],[-16.357398,16.078274],[-16.357444,16.078228],[-16.357397,16.078184]]],[[[-16.333822,16.059144],[-16.335729,16.058284],[-16.336712,16.057061],[-16.341383,16.060073],[-16.341804,16.060094],[-16.346029,16.055859],[-16.348835,16.053904],[-16.350439,16.05332],[-16.346931,16.050246],[-16.342028,16.045529],[-16.339076,16.050797],[-16.338363,16.052937],[-16.337894,16.052716],[-16.33683,16.052571],[-16.335946,16.053011],[-16.335288,16.052993],[-16.333633,16.051926],[-16.333594,16.050435],[-16.333785,16.050297],[-16.334344,16.050085],[-16.336418,16.05022],[-16.3372,16.049534],[-16.338638,16.048825],[-16.338727,16.048547],[-16.338413,16.047785],[-16.338582,16.047007],[-16.339765,16.045507],[-16.340454,16.043947],[-16.341543,16.044458],[-16.344029,16.044586],[-16.346626,16.040549],[-16.346515,16.041862],[-16.346121,16.042971],[-16.34551,16.044021],[-16.345667,16.044468],[-16.347051,16.043473],[-16.34773,16.04323],[-16.349181,16.043011],[-16.349739,16.043217],[-16.351032,16.042402],[-16.352462,16.040946],[-16.35376,16.040938],[-16.356895,16.038336],[-16.356963,16.037331],[-16.352931,16.033518],[-16.349916,16.032547],[-16.348893,16.032044],[-16.351291,16.030781],[-16.353025,16.030119],[-16.355068,16.0296],[-16.357206,16.029315],[-16.358106,16.029789],[-16.360857,16.030169],[-16.361466,16.031837],[-16.361371,16.033013],[-16.362029,16.033569],[-16.363702,16.033576],[-16.364782,16.032955],[-16.365674,16.032154],[-16.366885,16.030293],[-16.367437,16.029015],[-16.368016,16.028822],[-16.368843,16.029503],[-16.369078,16.0298],[-16.366978,16.031576],[-16.3643,16.034892],[-16.363912,16.035645],[-16.363975,16.036548],[-16.362999,16.037404],[-16.362068,16.03793],[-16.361906,16.038339],[-16.36104,16.039033],[-16.359962,16.040417],[-16.357734,16.044754],[-16.357394,16.04608],[-16.356774,16.046801],[-16.356535,16.048058],[-16.355895,16.049467],[-16.354181,16.052019],[-16.353537,16.052681],[-16.352457,16.053046],[-16.35126,16.054],[-16.349125,16.0547],[-16.347422,16.055832],[-16.346437,16.056787],[-16.341506,16.062973],[-16.340863,16.063302],[-16.338717,16.063831],[-16.337553,16.064435],[-16.336697,16.0651],[-16.336058,16.06599],[-16.335008,16.068256],[-16.334092,16.069446],[-16.333822,16.059144]]],[[[-16.359226,16.079166],[-16.359413,16.079165],[-16.359321,16.079256],[-16.359226,16.079166]]]]}},{"type":"Feature","properties":{"categorie":"Steppe"},"geometry":{"type":"Polygon","coordinates":[[[-16.347363,16.10281],[-16.348243,16.102429],[-16.348775,16.102641],[-16.348801,16.102537],[-16.349449,16.102712],[-16.349957,16.102635],[-16.350866,16.102158],[-16.351371,16.101364],[-16.352656,16.10124],[-16.350655,16.10461],[-16.350374,16.104077],[-16.349954,16.104216],[-16.349629,16.104534],[-16.349395,16.10449],[-16.348548,16.103592],[-16.347658,16.103371],[-16.347473,16.103644],[-16.347331,16.103373],[-16.347363,16.10281]],[[-16.348683,16.102913],[-16.348683,16.102823],[-16.348636,16.102868],[-16.348683,16.102913]],[[-16.348871,16.10298],[-16.349011,16.102956],[-16.348824,16.102957],[-16.348871,16.10298]]]}},{"type":"Feature","properties":{"categorie":"Steppe"},"geometry":{"type":"MultiPolygon","coordinates":[[[[-16.380071,16.078707],[-16.380247,16.078796],[-16.380485,16.078392],[-16.380958,16.078846],[-16.381842,16.078253],[-16.382682,16.078022],[-16.38305,16.077161],[-16.382955,16.076981],[-16.383093,16.076663],[-16.383744,16.076516],[-16.383099,16.078027],[-16.384758,16.079737],[-16.384021,16.08146],[-16.383827,16.081449],[-16.383949,16.081597],[-16.38365,16.082147],[-16.379869,16.081075],[-16.381045,16.079489],[-16.380071,16.078707]],[[-16.383867,16.080364],[-16.384332,16.08009],[-16.384284,16.079864],[-16.38391,16.079912],[-16.383867,16.080364]]],[[[-16.385554,16.069442],[-16.38406,16.069387],[-16.382156,16.070185],[-16.380961,16.071395],[-16.379538,16.073529],[-16.378354,16.073919],[-16.377359,16.07382],[-16.378167,16.072208],[-16.378791,16.07171],[-16.378637,16.070972],[-16.378447,16.070734],[-16.378219,16.070721],[-16.380352,16.067281],[-16.380735,16.066936],[-16.381722,16.066644],[-16.382528,16.065918],[-16.383356,16.065837],[-16.385358,16.066253],[-16.385707,16.066113],[-16.385927,16.065663],[-16.386825,16.065758],[-16.38652,16.06694],[-16.386678,16.067873],[-16.386173,16.069142],[-16.385554,16.069442]]],[[[-16.387027,16.069916],[-16.386776,16.069836],[-16.386642,16.069455],[-16.386781,16.069228],[-16.387027,16.069916]]],[[[-16.386545,16.071338],[-16.386468,16.071264],[-16.386589,16.070767],[-16.386545,16.071338]]],[[[-16.386543,16.071372],[-16.386127,16.073264],[-16.386499,16.073544],[-16.385395,16.077684],[-16.384006,16.076472],[-16.384679,16.076201],[-16.384825,16.075376],[-16.38505,16.075792],[-16.385404,16.075753],[-16.385824,16.075164],[-16.385871,16.074716],[-16.385739,16.074487],[-16.385291,16.074449],[-16.38506,16.074627],[-16.386017,16.073617],[-16.385968,16.073391],[-16.386108,16.07339],[-16.386055,16.072396],[-16.38596,16.072216],[-16.385868,16.072397],[-16.385633,16.072173],[-16.386543,16.071372]]],[[[-16.385042,16.074663],[-16.384879,16.07498],[-16.384811,16.07498],[-16.385042,16.074663]]]]}},{"type":"Feature","properties":{"categorie":"Steppe"},"geometry":{"type":"Polygon","coordinates":[[[-16.376914,16.077519],[-16.376316,16.077753],[-16.375531,16.07845],[-16.374825,16.078025],[-16.374149,16.07788],[-16.373702,16.077176],[-16.372861,16.076829],[-16.373423,16.075852],[-16.375668,16.073264],[-16.37562,16.072912],[-16.374857,16.072541],[-16.373974,16.072772],[-16.373163,16.073557],[-16.372563,16.074652],[-16.372138,16.076177],[-16.371166,16.07543],[-16.370652,16.075388],[-16.369671,16.075529],[-16.368983,16.076022],[-16.369587,16.075449],[-16.37003,16.074732],[-16.369932,16.073991],[-16.37006,16.073665],[-16.371779,16.072081],[-16.372317,16.071203],[-16.373204,16.070842],[-16.374433,16.069728],[-16.37551,16.069379],[-16.375163,16.070796],[-16.375205,16.071447],[-16.375535,16.071757],[-16.376668,16.072149],[-16.375735,16.073779],[-16.375572,16.075062],[-16.374939,16.075961],[-16.375063,16.076508],[-16.375314,16.076769],[-16.375757,16.076666],[-16.376103,16.076393],[-16.376274,16.075925],[-16.377186,16.076796],[-16.378969,16.077072],[-16.379661,16.077369],[-16.379011,16.078425],[-16.378039,16.079498],[-16.377718,16.079409],[-16.377783,16.078698],[-16.377565,16.078061],[-16.377225,16.077616],[-16.376914,16.077519]]]}},{"type":"Feature","properties":{"categorie":"Steppe"},"geometry":{"type":"MultiPolygon","coordinates":[[[[-16.430246,16.058036],[-16.43009,16.057768],[-16.431224,16.056445],[-16.429885,16.055019],[-16.430679,16.053758],[-16.429253,16.053113],[-16.430032,16.052404],[-16.43098,16.051019],[-16.432585,16.049947],[-16.433008,16.050306],[-16.43301,16.050577],[-16.432456,16.051484],[-16.432505,16.051891],[-16.432277,16.05257],[-16.431347,16.053299],[-16.431211,16.053888],[-16.431306,16.054113],[-16.431128,16.055289],[-16.431367,16.05601],[-16.431325,16.056734],[-16.431584,16.057898],[-16.430246,16.058036]]],[[[-16.437153,16.054887],[-16.43785,16.05434],[-16.438181,16.05479],[-16.4393,16.054421],[-16.43962,16.054726],[-16.437153,16.054887]]],[[[-16.434757,16.055599],[-16.43524,16.055216],[-16.436131,16.055144],[-16.434757,16.055599]]],[[[-16.434134,16.058776],[-16.433803,16.061799],[-16.434328,16.063153],[-16.43393,16.063883],[-16.433346,16.063337],[-16.433238,16.062776],[-16.432955,16.062507],[-16.432811,16.061966],[-16.432626,16.062238],[-16.432508,16.062126],[-16.432065,16.06028],[-16.432385,16.061246],[-16.43276,16.061379],[-16.432752,16.060294],[-16.43428,16.05825],[-16.43452,16.057173],[-16.434507,16.058773],[-16.434134,16.058776]]]]}},{"type":"Feature","properties":{"categorie":"Culture maraichère"},"geometry":{"type":"Polygon","coordinates":[[[-16.334638,16.119787],[-16.337635,16.117018],[-16.339152,16.117278],[-16.339032,16.117876],[-16.33717,16.121445],[-16.338105,16.122635],[-16.336851,16.124586],[-16.335434,16.125432],[-16.334678,16.124831],[-16.334638,16.119787]]]}},{"type":"Feature","properties":{"categorie":"Culture pluviale"},"geometry":{"type":"Polygon","coordinates":[[[-16.333405,16.034169],[-16.334224,16.033052],[-16.335105,16.03347],[-16.335405,16.033827],[-16.333412,16.036137],[-16.333405,16.034169]]]}},{"type":"Feature","properties":{"categorie":"Culture pluviale"},"geometry":{"type":"MultiPolygon","coordinates":[[[[-16.333633,16.051926],[-16.335288,16.052993],[-16.335946,16.053011],[-16.336511,16.052628],[-16.336924,16.052573],[-16.338139,16.052792],[-16.338433,16.053136],[-16.338135,16.054017],[-16.33722,16.055483],[-16.336758,16.056968],[-16.336249,16.057763],[-16.335375,16.058509],[-16.333822,16.059144],[-16.333633,16.051926]]],[[[-16.333507,16.047118],[-16.335391,16.044374],[-16.336323,16.042579],[-16.336536,16.042113],[-16.336092,16.041785],[-16.340454,16.043947],[-16.339765,16.045507],[-16.338552,16.047088],[-16.338416,16.047844],[-16.338721,16.048522],[-16.338676,16.048777],[-16.3372,16.049534],[-16.336495,16.050188],[-16.334344,16.050085],[-16.333594,16.050435],[-16.333507,16.047118]]]]}},{"type":"Feature","properties":{"categorie":"Plaine inondable"},"geometry":{"type":"Polygon","coordinates":[[[-16.331271,16.016062],[-16.331835,16.016039],[-16.331218,16.017448],[-16.33059,16.018129],[-16.331271,16.016062]]]}},{"type":"Feature","properties":{"categorie":"Cours d'eau"},"geometry":{"type":"MultiPolygon","coordinates":[[[[-16.508762,15.990963],[-16.499877,15.983837],[-16.497072,15.975607],[-16.496621,15.974821],[-16.496324,15.974751],[-16.495,15.975654],[-16.494641,15.97544],[-16.494408,15.975532],[-16.494277,15.976147],[-16.493667,15.976563],[-16.491621,15.980666],[-16.489872,15.983072],[-16.48746,15.985092],[-16.487387,15.984953],[-16.487132,15.98536],[-16.485802,15.986015],[-16.484981,15.985232],[-16.483478,15.982588],[-16.483106,15.982375],[-16.482203,15.983123],[-16.480229,15.983704],[-16.479143,15.983024],[-16.478237,15.981745],[-16.477184,15.981364],[-16.475919,15.981582],[-16.475359,15.982109],[-16.474199,15.982029],[-16.47364,15.981602],[-16.473823,15.981278],[-16.474935,15.981306],[-16.47567,15.980404],[-16.476376,15.980579],[-16.480101,15.98269],[-16.480643,15.982731],[-16.482593,15.982356],[-16.484622,15.981339],[-16.485585,15.981414],[-16.485771,15.981214],[-16.485905,15.98049],[-16.486825,15.979697],[-16.486683,15.979535],[-16.486123,15.97963],[-16.485568,15.979055],[-16.484107,15.97611],[-16.483419,15.973936],[-16.483357,15.973132],[-16.483541,15.971486],[-16.483776,15.970472],[-16.48431,15.969375],[-16.484197,15.967939],[-16.484588,15.96649],[-16.484913,15.966316],[-16.485459,15.966782],[-16.485945,15.966806],[-16.487757,15.965528],[-16.490039,15.964582],[-16.491006,15.964571],[-16.491469,15.964153],[-16.491737,15.963106],[-16.492228,15.962533],[-16.49398,15.961614],[-16.495986,15.96107],[-16.496475,15.960535],[-16.496258,15.958593],[-16.495919,15.958349],[-16.495509,15.958574],[-16.495434,15.958461],[-16.495691,15.957752],[-16.495658,15.957386],[-16.495543,15.957321],[-16.49525,15.957587],[-16.494901,15.957411],[-16.495331,15.956704],[-16.49557,15.954221],[-16.495093,15.952838],[-16.495119,15.951742],[-16.494939,15.950913],[-16.494012,15.948905],[-16.493923,15.947862],[-16.494699,15.947812],[-16.496156,15.947356],[-16.496616,15.947999],[-16.496871,15.949026],[-16.497588,15.949686],[-16.49825,15.950845],[-16.498117,15.951301],[-16.498157,15.952549],[-16.498502,15.953356],[-16.498317,15.956498],[-16.498023,15.957062],[-16.497088,15.957867],[-16.497135,15.95855],[-16.497563,15.959646],[-16.497558,15.960188],[-16.497281,15.960826],[-16.496039,15.96213],[-16.496088,15.962789],[-16.496878,15.963486],[-16.498617,15.963609],[-16.499899,15.963926],[-16.500309,15.963787],[-16.50054,15.963352],[-16.501301,15.962659],[-16.501582,15.961829],[-16.501399,15.961253],[-16.501426,15.960563],[-16.501062,15.959525],[-16.50144,15.958818],[-16.501268,15.95821],[-16.50106,15.958007],[-16.501022,15.957111],[-16.501312,15.956115],[-16.500744,15.954421],[-16.500809,15.953817],[-16.500601,15.952843],[-16.500906,15.951872],[-16.500728,15.950955],[-16.50099,15.950251],[-16.502435,15.949466],[-16.502285,15.949161],[-16.50137,15.948507],[-16.500893,15.947841],[-16.500616,15.947855],[-16.500425,15.947353],[-16.501226,15.945867],[-16.501913,15.945831],[-16.501827,15.946354],[-16.50103,15.946421],[-16.501136,15.947828],[-16.502575,15.948986],[-16.502618,15.949445],[-16.502364,15.949849],[-16.501405,15.950088],[-16.501259,15.950347],[-16.501093,15.950664],[-16.500998,15.952511],[-16.501108,15.953964],[-16.501565,15.955596],[-16.501253,15.957569],[-16.501343,15.957674],[-16.501678,15.95747],[-16.501915,15.957507],[-16.502191,15.95705],[-16.502355,15.957483],[-16.502398,15.958314],[-16.501871,15.959428],[-16.502351,15.960712],[-16.502581,15.963081],[-16.501069,15.964742],[-16.500111,15.965561],[-16.499975,15.966646],[-16.500347,15.967628],[-16.500232,15.968442],[-16.500828,15.969441],[-16.501252,15.969908],[-16.502903,15.970864],[-16.50346,15.971574],[-16.503589,15.972334],[-16.50346,15.972921],[-16.502986,15.97324],[-16.502027,15.974883],[-16.503407,15.974484],[-16.504614,15.97381],[-16.504979,15.972994],[-16.50474,15.970868],[-16.503584,15.968265],[-16.503082,15.966054],[-16.502637,15.961516],[-16.502633,15.959407],[-16.502815,15.958032],[-16.503605,15.956073],[-16.504314,15.953429],[-16.504089,15.94901],[-16.503395,15.947132],[-16.503328,15.945756],[-16.507654,15.945526],[-16.511564,15.944234],[-16.51168,15.94516],[-16.512491,15.946517],[-16.512927,15.948477],[-16.512459,15.951103],[-16.512848,15.951305],[-16.513323,15.950959],[-16.513711,15.951114],[-16.514111,15.950953],[-16.514176,15.951728],[-16.51409,15.952159],[-16.513773,15.952546],[-16.513397,15.951907],[-16.512628,15.952072],[-16.511977,15.952897],[-16.51055,15.953936],[-16.510484,15.954538],[-16.510649,15.954831],[-16.511137,15.955051],[-16.512865,15.954986],[-16.512984,15.955343],[-16.513593,15.955829],[-16.513977,15.955933],[-16.514095,15.956215],[-16.513398,15.956584],[-16.513054,15.9575],[-16.512257,15.957989],[-16.512097,15.958465],[-16.512161,15.959113],[-16.511818,15.959388],[-16.511299,15.959553],[-16.510981,15.959439],[-16.510981,15.958102],[-16.510845,15.957676],[-16.510719,15.957844],[-16.510905,15.959767],[-16.510759,15.960874],[-16.511023,15.962348],[-16.511109,15.965104],[-16.511066,15.969426],[-16.511434,15.971093],[-16.510501,15.974254],[-16.51068,15.976123],[-16.51175,15.977001],[-16.5119,15.977807],[-16.511603,15.978685],[-16.510281,15.979505],[-16.509951,15.979973],[-16.509762,15.980623],[-16.510515,15.981707],[-16.510831,15.982646],[-16.511388,15.983131],[-16.511469,15.983424],[-16.511177,15.984761],[-16.510649,15.985526],[-16.508881,15.985683],[-16.508535,15.985932],[-16.508683,15.987093],[-16.509505,15.988518],[-16.509392,15.989862],[-16.509174,15.990501],[-16.508762,15.990963]]],[[[-16.451043,16.06654],[-16.452548,16.067151],[-16.450353,16.068693],[-16.449385,16.069789],[-16.448711,16.07023],[-16.447459,16.072791],[-16.445993,16.075237],[-16.444877,16.076363],[-16.443291,16.077237],[-16.442273,16.077603],[-16.441155,16.077477],[-16.438582,16.07646],[-16.43551,16.074695],[-16.434108,16.074669],[-16.432969,16.075212],[-16.431793,16.075545],[-16.428726,16.077915],[-16.423918,16.079965],[-16.422476,16.080799],[-16.420828,16.080652],[-16.419898,16.080407],[-16.418819,16.079876],[-16.417741,16.079632],[-16.416369,16.080278],[-16.414176,16.082253],[-16.410263,16.084811],[-16.409944,16.08478],[-16.408295,16.085314],[-16.406951,16.08535],[-16.405269,16.084696],[-16.403355,16.083345],[-16.401229,16.082233],[-16.397384,16.082137],[-16.397021,16.081751],[-16.396006,16.081314],[-16.395425,16.080823],[-16.394222,16.07929],[-16.3936,16.077951],[-16.393662,16.076978],[-16.394021,16.075751],[-16.393648,16.074855],[-16.393763,16.074452],[-16.393465,16.074225],[-16.394744,16.071446],[-16.395084,16.067317],[-16.396445,16.064954],[-16.398424,16.062502],[-16.400026,16.060722],[-16.401321,16.059619],[-16.401413,16.058621],[-16.402156,16.057652],[-16.403253,16.056888],[-16.402992,16.05627],[-16.402164,16.056544],[-16.402574,16.054032],[-16.403035,16.053071],[-16.405041,16.05125],[-16.407406,16.049915],[-16.407598,16.04938],[-16.407467,16.048044],[-16.407708,16.047744],[-16.408316,16.047758],[-16.408711,16.048117],[-16.408799,16.048749],[-16.408437,16.050441],[-16.408723,16.051135],[-16.408985,16.051242],[-16.409227,16.051141],[-16.411218,16.048489],[-16.412396,16.047252],[-16.413728,16.04521],[-16.414308,16.044013],[-16.414828,16.042193],[-16.414414,16.040415],[-16.413495,16.038668],[-16.41204,16.03386],[-16.409598,16.030695],[-16.408506,16.028234],[-16.407412,16.026895],[-16.406872,16.025814],[-16.405948,16.024681],[-16.405879,16.024184],[-16.406607,16.022707],[-16.406511,16.022264],[-16.406246,16.021886],[-16.40558,16.02143],[-16.405596,16.021159],[-16.405333,16.020889],[-16.402679,16.019641],[-16.401206,16.018711],[-16.400303,16.01793],[-16.399869,16.017337],[-16.398948,16.015174],[-16.398848,16.014316],[-16.39911,16.011666],[-16.400304,16.008666],[-16.401117,16.007378],[-16.404006,16.004855],[-16.406267,16.003431],[-16.407524,16.00288],[-16.409698,16.002441],[-16.410257,16.002157],[-16.411221,16.001012],[-16.411757,15.998839],[-16.411147,15.997135],[-16.410332,15.995487],[-16.410079,15.994087],[-16.40966,15.993014],[-16.408177,15.990647],[-16.407626,15.989413],[-16.407174,15.988855],[-16.406488,15.988354],[-16.405514,15.988025],[-16.402736,15.987574],[-16.401968,15.987298],[-16.401291,15.986779],[-16.400452,15.985691],[-16.39957,15.985136],[-16.398515,15.985179],[-16.397527,15.985511],[-16.39496,15.987326],[-16.393461,15.987977],[-16.392452,15.988092],[-16.391572,15.9878],[-16.390988,15.987189],[-16.390868,15.985952],[-16.391292,15.985226],[-16.391382,15.984656],[-16.390955,15.983728],[-16.390093,15.98339],[-16.387283,15.983652],[-16.386966,15.983799],[-16.386809,15.984143],[-16.386911,15.985263],[-16.387255,15.986472],[-16.387889,15.987625],[-16.389247,15.989324],[-16.389515,15.990326],[-16.389098,15.990817],[-16.386878,15.991436],[-16.385936,15.992907],[-16.384977,15.993527],[-16.384712,15.994361],[-16.384987,15.994973],[-16.386144,15.996087],[-16.38681,15.996354],[-16.387978,15.996382],[-16.388306,15.996543],[-16.389315,15.997919],[-16.389216,15.998435],[-16.388919,15.998654],[-16.388656,15.998583],[-16.388454,15.997699],[-16.388076,15.997005],[-16.387438,15.996756],[-16.385849,15.996577],[-16.384194,15.995123],[-16.383945,15.994257],[-16.384451,15.993007],[-16.385342,15.992251],[-16.385555,15.991888],[-16.385426,15.990876],[-16.384864,15.990609],[-16.38352,15.99078],[-16.383201,15.990629],[-16.382868,15.989853],[-16.3832,15.989146],[-16.382063,15.988159],[-16.381579,15.987132],[-16.379228,15.986289],[-16.378405,15.986231],[-16.37793,15.986378],[-16.376739,15.987154],[-16.375475,15.988175],[-16.375049,15.988656],[-16.374755,15.989435],[-16.37483,15.992174],[-16.374523,15.993811],[-16.371856,15.997236],[-16.370747,15.999042],[-16.370629,15.999639],[-16.369635,16.001778],[-16.368997,16.002795],[-16.367698,16.004168],[-16.36591,16.00501],[-16.364917,16.00602],[-16.364219,16.007796],[-16.36395,16.009596],[-16.363521,16.011009],[-16.362884,16.012188],[-16.362318,16.012806],[-16.361119,16.013681],[-16.359209,16.014652],[-16.357657,16.015854],[-16.357055,16.016599],[-16.35627,16.018216],[-16.355441,16.018471],[-16.35494,16.018936],[-16.35433,16.020042],[-16.354029,16.021011],[-16.353769,16.021311],[-16.353022,16.021415],[-16.351428,16.020567],[-16.350738,16.020851],[-16.3504,16.02201],[-16.350765,16.02349],[-16.350417,16.02455],[-16.348335,16.027627],[-16.347385,16.029531],[-16.345201,16.03137],[-16.343063,16.034457],[-16.34268,16.034549],[-16.342564,16.033917],[-16.342282,16.033684],[-16.340132,16.033616],[-16.338793,16.033164],[-16.338122,16.033448],[-16.337008,16.034621],[-16.335308,16.037551],[-16.334969,16.038674],[-16.334975,16.039551],[-16.335517,16.042295],[-16.335455,16.042874],[-16.333472,16.045782],[-16.33344,16.043857],[-16.334041,16.042458],[-16.334452,16.040919],[-16.334123,16.038853],[-16.334564,16.037223],[-16.336297,16.033701],[-16.339403,16.030747],[-16.339915,16.030481],[-16.340709,16.030386],[-16.341177,16.030483],[-16.341318,16.030726],[-16.340886,16.031768],[-16.339871,16.032244],[-16.339855,16.03275],[-16.340184,16.032938],[-16.34208,16.032764],[-16.342789,16.032542],[-16.345177,16.030494],[-16.345314,16.030023],[-16.345016,16.028786],[-16.345211,16.028659],[-16.345754,16.0288],[-16.34608,16.028689],[-16.346654,16.027746],[-16.347601,16.026881],[-16.34785,16.026419],[-16.348086,16.025296],[-16.349269,16.0234],[-16.349173,16.02294],[-16.348685,16.022672],[-16.348279,16.023506],[-16.34787,16.023816],[-16.347505,16.023746],[-16.347816,16.022786],[-16.347892,16.021529],[-16.348104,16.021048],[-16.350152,16.019833],[-16.351951,16.019262],[-16.352853,16.018488],[-16.353822,16.018039],[-16.35756,16.01393],[-16.358685,16.013091],[-16.360947,16.011857],[-16.361495,16.011338],[-16.361893,16.010703],[-16.362204,16.009734],[-16.362994,16.006385],[-16.363888,16.004544],[-16.364566,16.003889],[-16.366915,16.003052],[-16.36802,16.001978],[-16.368426,16.001244],[-16.369521,15.997395],[-16.370147,15.996072],[-16.370444,15.995699],[-16.371095,15.995352],[-16.371455,15.994572],[-16.372217,15.994088],[-16.37268,15.993471],[-16.373125,15.99147],[-16.373047,15.98969],[-16.373193,15.989138],[-16.374703,15.987312],[-16.375616,15.98689],[-16.376094,15.986113],[-16.376338,15.986286],[-16.376942,15.986233],[-16.378233,15.985267],[-16.379416,15.985085],[-16.380532,15.985684],[-16.382667,15.98642],[-16.385305,15.988148],[-16.386827,15.989358],[-16.387408,15.989662],[-16.388184,15.989774],[-16.388324,15.989683],[-16.388248,15.989457],[-16.386895,15.988463],[-16.385718,15.987087],[-16.385788,15.986481],[-16.385623,15.985561],[-16.385758,15.98481],[-16.386525,15.983548],[-16.387306,15.982965],[-16.389843,15.982379],[-16.390535,15.982474],[-16.391351,15.982912],[-16.39187,15.983568],[-16.392221,15.984388],[-16.391871,15.986433],[-16.391941,15.987056],[-16.392185,15.987245],[-16.394962,15.986169],[-16.396252,15.98495],[-16.39682,15.984612],[-16.398406,15.984276],[-16.39963,15.984268],[-16.402485,15.986473],[-16.403112,15.986604],[-16.404513,15.986523],[-16.405038,15.98679],[-16.405481,15.987312],[-16.406508,15.987169],[-16.407342,15.98758],[-16.408717,15.989143],[-16.410011,15.991078],[-16.411502,15.991882],[-16.411595,15.99311],[-16.412252,15.994886],[-16.412816,15.995317],[-16.413582,15.995302],[-16.41377,15.995482],[-16.413438,15.996135],[-16.413411,15.997545],[-16.412912,15.998371],[-16.412896,16.000106],[-16.412186,16.001421],[-16.410514,16.002897],[-16.407764,16.003809],[-16.405744,16.004862],[-16.404628,16.005701],[-16.403553,16.006901],[-16.402344,16.007785],[-16.40137,16.008741],[-16.401139,16.009212],[-16.400105,16.013575],[-16.400107,16.015275],[-16.400339,16.016294],[-16.400897,16.017294],[-16.401649,16.017958],[-16.403992,16.018855],[-16.405255,16.019172],[-16.408511,16.022369],[-16.410189,16.025792],[-16.410317,16.026677],[-16.410299,16.029398],[-16.410654,16.030697],[-16.411041,16.031309],[-16.411577,16.031766],[-16.413404,16.032468],[-16.413857,16.034291],[-16.414703,16.03499],[-16.415253,16.034887],[-16.415596,16.034433],[-16.415543,16.033638],[-16.416094,16.030824],[-16.415869,16.028068],[-16.416072,16.027814],[-16.416679,16.028949],[-16.416857,16.030358],[-16.417544,16.032414],[-16.417655,16.034871],[-16.417956,16.036514],[-16.417685,16.037745],[-16.416987,16.039566],[-16.416266,16.043358],[-16.415579,16.045297],[-16.414639,16.04721],[-16.412223,16.050453],[-16.411469,16.052274],[-16.411051,16.052675],[-16.409105,16.053636],[-16.408185,16.054365],[-16.407517,16.055174],[-16.405993,16.05767],[-16.405452,16.057845],[-16.404244,16.057609],[-16.403741,16.057865],[-16.402932,16.05975],[-16.399844,16.062971],[-16.398625,16.065514],[-16.398274,16.068656],[-16.398026,16.069227],[-16.39801,16.069734],[-16.398419,16.070743],[-16.3987,16.072034],[-16.399878,16.074864],[-16.400015,16.07564],[-16.399957,16.076807],[-16.400339,16.077835],[-16.40097,16.078517],[-16.403325,16.079803],[-16.404133,16.080413],[-16.40648,16.083163],[-16.407371,16.0835],[-16.408464,16.083457],[-16.409583,16.083052],[-16.411816,16.081591],[-16.411806,16.081438],[-16.41261,16.081423],[-16.412838,16.080708],[-16.413163,16.080344],[-16.414059,16.080185],[-16.415799,16.079097],[-16.41731,16.078545],[-16.417758,16.078533],[-16.41833,16.078773],[-16.419132,16.078461],[-16.419753,16.079071],[-16.420916,16.079543],[-16.421149,16.079523],[-16.421437,16.079232],[-16.422,16.07959],[-16.423066,16.079546],[-16.423586,16.079127],[-16.424112,16.078075],[-16.425023,16.077382],[-16.427025,16.076284],[-16.427144,16.075985],[-16.426925,16.075472],[-16.427277,16.075026],[-16.428122,16.0755],[-16.428524,16.075524],[-16.430163,16.074664],[-16.432382,16.073881],[-16.434287,16.073506],[-16.436952,16.073651],[-16.440195,16.074976],[-16.440897,16.075071],[-16.441606,16.074876],[-16.441919,16.075434],[-16.442646,16.075258],[-16.443223,16.074892],[-16.444953,16.072377],[-16.446201,16.071763],[-16.446477,16.071129],[-16.446322,16.070325],[-16.446698,16.069725],[-16.448441,16.068648],[-16.450112,16.067096],[-16.451043,16.06654]],[[-16.396244,16.07505],[-16.395582,16.075353],[-16.394655,16.076506],[-16.394574,16.076878],[-16.394903,16.078557],[-16.396113,16.080384],[-16.397297,16.081343],[-16.399077,16.08191],[-16.400367,16.08192],[-16.401944,16.081457],[-16.402128,16.08104],[-16.401777,16.08032],[-16.399155,16.078394],[-16.399116,16.078096],[-16.399364,16.077425],[-16.398557,16.075767],[-16.397478,16.075115],[-16.396244,16.07505]]],[[[-16.409723,16.087411],[-16.408617,16.089154],[-16.408023,16.089612],[-16.403141,16.092017],[-16.400651,16.093735],[-16.398139,16.095894],[-16.393764,16.098982],[-16.392313,16.099459],[-16.391605,16.099487],[-16.391991,16.098891],[-16.392977,16.098348],[-16.396108,16.097092],[-16.397245,16.096103],[-16.398394,16.094606],[-16.399247,16.09474],[-16.399147,16.094002],[-16.399283,16.093652],[-16.400239,16.092524],[-16.401502,16.091602],[-16.404986,16.08995],[-16.406612,16.089576],[-16.409723,16.087411]]],[[[-16.474744,15.932751],[-16.474574,15.932206],[-16.474728,15.931554],[-16.472561,15.930204],[-16.472172,15.929412],[-16.472061,15.928219],[-16.471498,15.927916],[-16.471699,15.927273],[-16.4723,15.926509],[-16.472627,15.92648],[-16.472825,15.926723],[-16.472603,15.927041],[-16.472604,15.928423],[-16.472721,15.929182],[-16.473054,15.92993],[-16.473514,15.930288],[-16.474309,15.930427],[-16.47508,15.930887],[-16.474744,15.932751]]],[[[-16.474376,15.943845],[-16.474904,15.946066],[-16.477519,15.948872],[-16.478343,15.948867],[-16.479157,15.949618],[-16.479926,15.949992],[-16.481663,15.948777],[-16.483168,15.948654],[-16.483039,15.948949],[-16.482141,15.950058],[-16.48026,15.950993],[-16.479363,15.950972],[-16.477451,15.950036],[-16.476333,15.949239],[-16.4754,15.948089],[-16.47459,15.945844],[-16.473865,15.945072],[-16.47399,15.944348],[-16.474376,15.943845]]]]}},{"type":"Feature","properties":{"categorie":"Sol nu"},"geometry":{"type":"Polygon","coordinates":[[[-16.511578,15.99159],[-16.511779,15.989563],[-16.512441,15.986947],[-16.512838,15.983827],[-16.512645,15.98306],[-16.512829,15.982561],[-16.512676,15.982137],[-16.512738,15.980456],[-16.513084,15.978077],[-16.51296,15.976688],[-16.513099,15.975103],[-16.513326,15.974198],[-16.513313,15.972436],[-16.513118,15.971353],[-16.513161,15.970855],[-16.513391,15.970447],[-16.513058,15.969591],[-16.512941,15.969658],[-16.512957,15.968655],[-16.513576,15.970147],[-16.513753,15.971285],[-16.513585,15.975073],[-16.51372,15.976852],[-16.513647,15.978398],[-16.513894,15.980292],[-16.513766,15.985503],[-16.512976,15.990517],[-16.513227,15.990511],[-16.51296,15.991624],[-16.511578,15.99159]]]}},{"type":"Feature","properties":{"categorie":"Vasière"},"geometry":{"type":"Polygon","coordinates":[[[-16.475151,15.982304],[-16.47438,15.982399],[-16.471803,15.980743],[-16.470477,15.981141],[-16.469957,15.981832],[-16.469779,15.982849],[-16.470701,15.98646],[-16.468459,15.992603],[-16.467972,15.994174],[-16.467884,15.995705],[-16.467641,15.996281],[-16.465378,15.997779],[-16.465448,16.000552],[-16.464629,16.003571],[-16.466308,16.003225],[-16.466803,16.003365],[-16.467109,16.004606],[-16.466103,16.009013],[-16.466061,16.010113],[-16.464834,16.010556],[-16.464442,16.007136],[-16.4639,16.005757],[-16.462432,16.003247],[-16.462527,16.001496],[-16.463313,15.999487],[-16.463645,15.998019],[-16.462903,15.995372],[-16.462905,15.994169],[-16.463144,15.99305],[-16.463722,15.991969],[-16.465796,15.989508],[-16.466945,15.988963],[-16.46823,15.988817],[-16.468893,15.988316],[-16.468998,15.987339],[-16.469409,15.986071],[-16.468936,15.985216],[-16.469028,15.985125],[-16.468699,15.98481],[-16.468456,15.983547],[-16.469001,15.981392],[-16.471748,15.977496],[-16.473811,15.976063],[-16.474936,15.97499],[-16.476541,15.976575],[-16.477092,15.978393],[-16.478882,15.980348],[-16.47992,15.982086],[-16.480084,15.982652],[-16.476376,15.980579],[-16.47567,15.980404],[-16.474935,15.981306],[-16.473823,15.981278],[-16.47364,15.981602],[-16.474199,15.982029],[-16.475359,15.982109],[-16.475151,15.982304]],[[-16.469029,15.985215],[-16.469123,15.985214],[-16.469076,15.985169],[-16.469029,15.985215]]]}},{"type":"Feature","properties":{"categorie":"Tanne"},"geometry":{"type":"Polygon","coordinates":[[[-16.459305,16.01255],[-16.452242,16.015399],[-16.454136,16.012385],[-16.454643,16.01124],[-16.454565,16.010644],[-16.45408,16.009865],[-16.453119,16.00902],[-16.452645,16.008204],[-16.451449,16.00773],[-16.451986,16.00704],[-16.45201,16.006479],[-16.451083,16.004985],[-16.450186,16.002425],[-16.449243,16.00112],[-16.448537,16.00052],[-16.447609,16.000029],[-16.447253,15.998576],[-16.447544,15.997553],[-16.448701,15.996],[-16.448996,15.995356],[-16.449425,15.992705],[-16.449908,15.991701],[-16.450092,15.990567],[-16.449934,15.989729],[-16.449159,15.98883],[-16.449787,15.987481],[-16.450374,15.98691],[-16.451571,15.986903],[-16.451548,15.987658],[-16.451936,15.989404],[-16.451432,15.992511],[-16.451579,15.993404],[-16.45422,15.996767],[-16.45514,15.998713],[-16.45528,16.000031],[-16.454326,16.001204],[-16.454198,16.002813],[-16.45455,16.004926],[-16.454512,16.006245],[-16.45488,16.006686],[-16.455545,16.006889],[-16.456413,16.006784],[-16.456999,16.006409],[-16.457953,16.005237],[-16.458624,16.003651],[-16.459793,16.002581],[-16.461004,16.001991],[-16.461333,16.001643],[-16.461382,15.998761],[-16.461113,15.996485],[-16.461395,15.994052],[-16.461068,15.988911],[-16.461356,15.988783],[-16.462292,15.98893],[-16.463522,15.988542],[-16.464219,15.988068],[-16.465084,15.986938],[-16.46531,15.987771],[-16.465323,15.989533],[-16.468967,15.988198],[-16.46823,15.988817],[-16.466796,15.989008],[-16.465676,15.989611],[-16.463505,15.992275],[-16.462964,15.993756],[-16.462956,15.995747],[-16.463645,15.998019],[-16.463313,15.999487],[-16.462527,16.001496],[-16.462432,16.003247],[-16.4639,16.005757],[-16.464442,16.007136],[-16.464834,16.010556],[-16.459305,16.01255]],[[-16.450579,15.990745],[-16.450492,15.992371],[-16.450222,15.993387],[-16.450265,15.993865],[-16.450464,15.993998],[-16.45072,15.993881],[-16.450752,15.992771],[-16.451372,15.991065],[-16.451438,15.989266],[-16.451229,15.987836],[-16.450294,15.987305],[-16.450579,15.990745]]]}},{"type":"Feature","properties":{"categorie":"Culture pluviale"},"geometry":{"type":"Polygon","coordinates":[[[-16.451415,16.015728],[-16.447402,16.017333],[-16.447091,16.016224],[-16.446351,16.015859],[-16.445928,16.016136],[-16.445584,16.016137],[-16.445264,16.016428],[-16.444591,16.016401],[-16.443975,16.016641],[-16.443651,16.017428],[-16.443707,16.018256],[-16.443108,16.018312],[-16.442955,16.018459],[-16.442893,16.018952],[-16.443062,16.019598],[-16.443913,16.020168],[-16.444238,16.020768],[-16.443412,16.022662],[-16.443976,16.022829],[-16.44479,16.022654],[-16.444612,16.023366],[-16.444217,16.023388],[-16.444412,16.024162],[-16.443993,16.025609],[-16.443395,16.026104],[-16.443594,16.026846],[-16.443395,16.027755],[-16.442897,16.028322],[-16.443154,16.028854],[-16.442931,16.02987],[-16.442441,16.029862],[-16.441925,16.029549],[-16.442014,16.028916],[-16.44271,16.028323],[-16.442333,16.027874],[-16.441445,16.027744],[-16.441212,16.027882],[-16.44112,16.028063],[-16.441401,16.028242],[-16.440843,16.029242],[-16.440938,16.028606],[-16.440761,16.027532],[-16.439727,16.026744],[-16.438883,16.026406],[-16.438438,16.026409],[-16.437998,16.030002],[-16.437489,16.02994],[-16.437078,16.030304],[-16.436322,16.030129],[-16.435436,16.030361],[-16.435156,16.030498],[-16.434835,16.031314],[-16.434644,16.030773],[-16.434154,16.031025],[-16.433779,16.029974],[-16.431295,16.029033],[-16.431676,16.027412],[-16.432707,16.027731],[-16.433872,16.026006],[-16.433567,16.023956],[-16.432758,16.023829],[-16.432659,16.023014],[-16.432268,16.021965],[-16.431401,16.020868],[-16.43024,16.020853],[-16.429723,16.020103],[-16.429444,16.019946],[-16.427777,16.020256],[-16.427451,16.020161],[-16.427407,16.019776],[-16.427667,16.019296],[-16.427664,16.01897],[-16.427375,16.01839],[-16.42685,16.017922],[-16.426792,16.017534],[-16.426895,16.017243],[-16.427669,16.016743],[-16.42681,16.015477],[-16.427375,16.015167],[-16.428724,16.015084],[-16.429739,16.014712],[-16.430479,16.013997],[-16.430422,16.012724],[-16.431578,16.012676],[-16.430999,16.010863],[-16.430982,16.009992],[-16.43071,16.009079],[-16.432119,16.007491],[-16.432543,16.00599],[-16.433235,16.005836],[-16.433128,16.005238],[-16.432356,16.004587],[-16.432322,16.003773],[-16.433344,16.003793],[-16.433472,16.003668],[-16.433174,16.002927],[-16.433169,16.002111],[-16.432405,16.001217],[-16.432343,16.000123],[-16.432082,15.999477],[-16.430275,15.999491],[-16.429445,15.998871],[-16.428591,15.99863],[-16.426737,15.999489],[-16.426032,15.997209],[-16.42506,15.995814],[-16.424907,15.995336],[-16.425113,15.994078],[-16.4262,15.993149],[-16.426521,15.99237],[-16.426439,15.990057],[-16.426165,15.989643],[-16.425753,15.989429],[-16.424859,15.989814],[-16.423674,15.990048],[-16.423144,15.990431],[-16.421174,15.993345],[-16.420411,15.995104],[-16.419881,15.995523],[-16.418744,15.995883],[-16.418113,15.996574],[-16.41751,15.998413],[-16.41667,16.0],[-16.412839,16.002808],[-16.41055,16.006439],[-16.409442,16.009086],[-16.407082,16.011053],[-16.406439,16.012492],[-16.401772,16.015507],[-16.402493,16.01665],[-16.402498,16.017453],[-16.402193,16.01818],[-16.401273,16.017698],[-16.400481,16.016628],[-16.400156,16.015581],[-16.400061,16.014073],[-16.400194,16.012987],[-16.401139,16.009212],[-16.401472,16.008595],[-16.403553,16.006901],[-16.404628,16.005701],[-16.405744,16.004862],[-16.407764,16.003809],[-16.410514,16.002897],[-16.412186,16.001421],[-16.412896,16.000106],[-16.412912,15.998371],[-16.413319,15.997772],[-16.418152,15.992724],[-16.419407,15.990591],[-16.419754,15.989459],[-16.42179,15.987882],[-16.423909,15.984994],[-16.425081,15.982953],[-16.426149,15.982105],[-16.427398,15.980335],[-16.429539,15.978714],[-16.429946,15.977621],[-16.431161,15.976025],[-16.432049,15.972622],[-16.433244,15.973373],[-16.435969,15.973464],[-16.437239,15.973941],[-16.437836,15.974612],[-16.438085,15.975248],[-16.437723,15.977893],[-16.437909,15.977993],[-16.438613,15.977874],[-16.439568,15.97578],[-16.439631,15.974107],[-16.44022,15.972919],[-16.44005,15.971303],[-16.438843,15.969801],[-16.440462,15.968851],[-16.441497,15.968636],[-16.441675,15.968671],[-16.441674,15.969837],[-16.44145,15.971131],[-16.441571,15.972398],[-16.443068,15.971381],[-16.443815,15.971119],[-16.444228,15.971165],[-16.444453,15.971591],[-16.444714,15.973248],[-16.445797,15.974763],[-16.445951,15.975213],[-16.44601,15.975817],[-16.445878,15.976271],[-16.444373,15.976487],[-16.444079,15.977045],[-16.444005,15.977768],[-16.444589,15.979345],[-16.444977,15.982848],[-16.4458,15.985562],[-16.445764,15.986439],[-16.446051,15.98735],[-16.445955,15.987876],[-16.446262,15.988725],[-16.446008,15.989249],[-16.445289,15.990034],[-16.445049,15.989625],[-16.445234,15.989443],[-16.445186,15.989218],[-16.445603,15.988808],[-16.44456,15.98829],[-16.444751,15.987187],[-16.444477,15.986511],[-16.44465,15.986148],[-16.44443,15.985879],[-16.444257,15.984747],[-16.443287,15.983734],[-16.442628,15.983336],[-16.442443,15.983474],[-16.441934,15.984813],[-16.441003,15.985676],[-16.439861,15.986067],[-16.439374,15.986636],[-16.439286,15.987269],[-16.438587,15.987635],[-16.438126,15.988497],[-16.438462,15.989715],[-16.439071,15.989891],[-16.439259,15.990161],[-16.439168,15.990433],[-16.439357,15.990793],[-16.439265,15.990929],[-16.439547,15.991153],[-16.439502,15.991425],[-16.440107,15.991059],[-16.440765,15.991597],[-16.441233,15.99173],[-16.443197,15.991988],[-16.444586,15.991985],[-16.444878,15.992689],[-16.44548,15.993389],[-16.447136,15.993881],[-16.447394,15.994093],[-16.447257,15.994632],[-16.446533,15.995704],[-16.44607,15.996217],[-16.445742,15.996336],[-16.445342,15.996094],[-16.444877,15.995496],[-16.444697,15.994373],[-16.444369,15.993854],[-16.44404,15.993636],[-16.443533,15.993746],[-16.443381,15.994402],[-16.443601,15.99689],[-16.443116,15.998421],[-16.443236,15.998793],[-16.443545,15.999062],[-16.444188,15.999366],[-16.445055,15.9995],[-16.445477,15.999959],[-16.44495,16.000642],[-16.444868,16.001077],[-16.444978,16.001987],[-16.445484,16.003456],[-16.445542,16.004419],[-16.445274,16.004614],[-16.444212,16.004689],[-16.44407,16.004996],[-16.445458,16.008011],[-16.445858,16.009665],[-16.446863,16.010814],[-16.447308,16.011575],[-16.4478,16.015058],[-16.448591,16.015387],[-16.44996,16.015006],[-16.451415,16.015728]],[[-16.429774,15.9937],[-16.429795,15.993497],[-16.430179,15.993357],[-16.430511,15.992841],[-16.431164,15.9909],[-16.431021,15.989993],[-16.430609,15.989037],[-16.4305,15.987873],[-16.430247,15.987472],[-16.42995,15.987392],[-16.429613,15.987541],[-16.429319,15.988241],[-16.42907,15.991148],[-16.429316,15.992232],[-16.42897,15.993599],[-16.429241,15.993843],[-16.429774,15.9937]],[[-16.404077,16.009645],[-16.404357,16.009688],[-16.40417,16.009554],[-16.404077,16.009645]]]}},{"type":"Feature","properties":{"categorie":"Steppe"},"geometry":{"type":"MultiPolygon","coordinates":[[[[-16.426834,15.999466],[-16.428591,15.99863],[-16.429445,15.998871],[-16.430275,15.999491],[-16.432098,15.999487],[-16.432343,16.000123],[-16.432405,16.001217],[-16.433169,16.002111],[-16.433174,16.002927],[-16.433472,16.003668],[-16.433344,16.003793],[-16.432322,16.003773],[-16.432356,16.004587],[-16.433128,16.005238],[-16.433235,16.005836],[-16.432543,16.00599],[-16.432119,16.007491],[-16.43071,16.009079],[-16.430982,16.009992],[-16.430999,16.010863],[-16.431578,16.012676],[-16.430422,16.012724],[-16.430479,16.013997],[-16.429739,16.014712],[-16.428724,16.015084],[-16.427375,16.015167],[-16.426812,16.015459],[-16.427669,16.016743],[-16.426895,16.017243],[-16.426792,16.017534],[-16.42685,16.017922],[-16.427375,16.01839],[-16.427664,16.01897],[-16.427667,16.019296],[-16.427407,16.019776],[-16.427451,16.020161],[-16.427777,16.020256],[-16.429444,16.019946],[-16.429723,16.020103],[-16.43024,16.020853],[-16.43119,16.020796],[-16.431527,16.020958],[-16.432335,16.022112],[-16.432758,16.023829],[-16.433567,16.023956],[-16.433872,16.026006],[-16.432707,16.027731],[-16.431676,16.027412],[-16.431295,16.029033],[-16.433779,16.029974],[-16.434154,16.031025],[-16.433903,16.031681],[-16.433623,16.031683],[-16.4333,16.032363],[-16.433395,16.032543],[-16.433118,16.033042],[-16.433214,16.033358],[-16.432936,16.033721],[-16.432377,16.033951],[-16.432096,16.033817],[-16.431161,16.033824],[-16.431164,16.03423],[-16.431306,16.03441],[-16.431492,16.034318],[-16.431635,16.034724],[-16.430846,16.035498],[-16.430663,16.036041],[-16.429782,16.036951],[-16.429311,16.036412],[-16.428751,16.036506],[-16.428475,16.037231],[-16.428099,16.036917],[-16.428377,16.036554],[-16.427301,16.036335],[-16.426881,16.036428],[-16.426039,16.036253],[-16.425245,16.036439],[-16.423796,16.036313],[-16.423607,16.036088],[-16.423652,16.035817],[-16.423275,16.035367],[-16.423155,16.035407],[-16.423508,16.035185],[-16.423627,16.034904],[-16.423569,16.03456],[-16.42277,16.034249],[-16.422947,16.032893],[-16.424867,16.031769],[-16.425404,16.029075],[-16.426253,16.028424],[-16.425872,16.027063],[-16.424782,16.024954],[-16.424214,16.02338],[-16.423012,16.023267],[-16.422144,16.02208],[-16.421798,16.020763],[-16.421858,16.019949],[-16.422152,16.019296],[-16.422932,16.018577],[-16.42379,16.0183],[-16.42402,16.017883],[-16.423918,16.015299],[-16.424215,16.013733],[-16.424572,16.010016],[-16.424447,16.009502],[-16.42409,16.009305],[-16.422905,16.009575],[-16.42255,16.009496],[-16.422388,16.009136],[-16.422469,16.008602],[-16.422662,16.008248],[-16.423425,16.007737],[-16.423686,16.006362],[-16.425195,16.005601],[-16.425835,16.00491],[-16.425996,16.002677],[-16.426707,16.00147],[-16.426834,15.999466]],[[-16.431075,16.034773],[-16.431262,16.034817],[-16.43112,16.034592],[-16.431075,16.034773]],[[-16.423533,16.035433],[-16.423508,16.035275],[-16.423415,16.035321],[-16.423533,16.035433]]],[[[-16.419854,16.046597],[-16.420165,16.044806],[-16.420998,16.043608],[-16.421093,16.043968],[-16.420581,16.044242],[-16.420215,16.045284],[-16.420499,16.045825],[-16.42013,16.04655],[-16.419854,16.046597]]],[[[-16.42229,16.038417],[-16.422364,16.038627],[-16.422384,16.038806],[-16.42229,16.038417]]],[[[-16.422256,16.038279],[-16.421967,16.037009],[-16.422712,16.035982],[-16.422256,16.038279]]]]}},{"type":"Feature","properties":{"categorie":"Plaine inondable"},"geometry":{"type":"Polygon","coordinates":[[[-16.425921,15.989473],[-16.426468,15.990192],[-16.426485,15.992596],[-16.4262,15.993149],[-16.425113,15.994078],[-16.424886,15.995047],[-16.42506,15.995814],[-16.426032,15.997209],[-16.426865,16.000002],[-16.426707,16.00147],[-16.426041,16.002451],[-16.425973,16.003328],[-16.425709,16.002968],[-16.424705,16.00245],[-16.421042,16.002466],[-16.420651,16.002667],[-16.42005,16.003466],[-16.419305,16.003932],[-16.419235,16.004493],[-16.419702,16.005909],[-16.419586,16.006633],[-16.418526,16.008691],[-16.417226,16.009857],[-16.416464,16.011733],[-16.415146,16.013106],[-16.414037,16.01484],[-16.414073,16.015879],[-16.414404,16.016491],[-16.415201,16.01692],[-16.416332,16.016967],[-16.416964,16.016502],[-16.417664,16.016298],[-16.418985,16.016081],[-16.419449,16.016395],[-16.421158,16.014811],[-16.422302,16.014026],[-16.424215,16.013733],[-16.423918,16.015299],[-16.423984,16.018019],[-16.42379,16.0183],[-16.422932,16.018577],[-16.422365,16.019024],[-16.421958,16.019641],[-16.421804,16.020293],[-16.422001,16.021783],[-16.423155,16.023637],[-16.423125,16.024685],[-16.423385,16.025841],[-16.423363,16.0266],[-16.420234,16.031504],[-16.421107,16.032594],[-16.418252,16.03635],[-16.417956,16.036514],[-16.417655,16.034871],[-16.417544,16.032414],[-16.416857,16.030358],[-16.416679,16.028949],[-16.416072,16.027814],[-16.415869,16.028068],[-16.416094,16.030824],[-16.415543,16.033638],[-16.415596,16.034433],[-16.415253,16.034887],[-16.414703,16.03499],[-16.413857,16.034291],[-16.413404,16.032468],[-16.411577,16.031766],[-16.411041,16.031309],[-16.410654,16.030697],[-16.410299,16.029398],[-16.410317,16.026677],[-16.410189,16.025792],[-16.408813,16.0228],[-16.40755,16.02129],[-16.405255,16.019172],[-16.402193,16.01818],[-16.402498,16.017453],[-16.402493,16.01665],[-16.401772,16.015507],[-16.406439,16.012492],[-16.407082,16.011053],[-16.409442,16.009086],[-16.41055,16.006439],[-16.412839,16.002808],[-16.41667,16.0],[-16.41751,15.998413],[-16.418113,15.996574],[-16.418744,15.995883],[-16.419881,15.995523],[-16.420411,15.995104],[-16.421174,15.993345],[-16.423144,15.990431],[-16.423674,15.990048],[-16.424859,15.989814],[-16.425575,15.989439],[-16.425921,15.989473]],[[-16.414861,16.018983],[-16.413253,16.018948],[-16.413287,16.018388],[-16.41195,16.015694],[-16.409969,16.015707],[-16.409823,16.015639],[-16.409784,16.015254],[-16.408951,16.01523],[-16.408002,16.015409],[-16.40804,16.016051],[-16.405715,16.016046],[-16.405586,16.017425],[-16.408202,16.018843],[-16.40834,16.021203],[-16.412032,16.022101],[-16.415126,16.022126],[-16.415063,16.021377],[-16.416659,16.02134],[-16.416779,16.018757],[-16.414861,16.018983]]]}},{"type":"Feature","properties":{"categorie":"Plaine inondable"},"geometry":{"type":"Polygon","coordinates":[[[-16.405277,15.99811],[-16.405758,15.997336],[-16.406807,15.996958],[-16.40781,15.997072],[-16.408476,15.998009],[-16.40923,15.99825],[-16.410038,15.998138],[-16.411204,15.997275],[-16.411757,15.998839],[-16.411221,16.001012],[-16.40995,16.002358],[-16.407524,16.00288],[-16.406561,16.001642],[-16.406783,16.000629],[-16.405291,16.00023],[-16.405057,16.000037],[-16.405003,15.999412],[-16.405277,15.99811]]]}},{"type":"Feature","properties":{"categorie":"Culture maraichère"},"geometry":{"type":"Polygon","coordinates":[[[-16.399499,15.997726],[-16.398983,15.996047],[-16.399873,15.996244],[-16.400314,15.99689],[-16.400617,15.996976],[-16.401402,15.996677],[-16.401725,15.996021],[-16.400075,15.995586],[-16.399429,15.994665],[-16.39928,15.993797],[-16.399039,15.993565],[-16.398137,15.993422],[-16.396925,15.99366],[-16.39677,15.992482],[-16.396558,15.992294],[-16.395539,15.9926],[-16.395266,15.993687],[-16.394467,15.993678],[-16.393726,15.99426],[-16.391172,15.994958],[-16.391029,15.995298],[-16.391331,15.996562],[-16.390996,15.996934],[-16.390472,15.997193],[-16.389803,15.996863],[-16.388374,15.995112],[-16.386817,15.994534],[-16.38599,15.992835],[-16.386721,15.991609],[-16.387158,15.991299],[-16.389098,15.990817],[-16.389377,15.990625],[-16.389523,15.990154],[-16.389247,15.989324],[-16.387889,15.987625],[-16.387255,15.986472],[-16.386911,15.985263],[-16.386809,15.984143],[-16.386966,15.983799],[-16.387283,15.983652],[-16.390093,15.98339],[-16.390955,15.983728],[-16.391382,15.984656],[-16.391292,15.985226],[-16.390868,15.985952],[-16.390922,15.986991],[-16.391347,15.987657],[-16.392106,15.988022],[-16.392854,15.988099],[-16.393461,15.987977],[-16.395537,15.987015],[-16.397527,15.985511],[-16.398515,15.985179],[-16.399355,15.98511],[-16.400142,15.98543],[-16.401291,15.986779],[-16.402221,15.987414],[-16.405514,15.988025],[-16.406619,15.988425],[-16.407626,15.989413],[-16.408177,15.990647],[-16.409376,15.992438],[-16.410079,15.994087],[-16.410332,15.995487],[-16.411204,15.997275],[-16.41008,15.998116],[-16.409518,15.998253],[-16.408578,15.998078],[-16.407946,15.997164],[-16.407444,15.996959],[-16.40622,15.997098],[-16.405492,15.997632],[-16.405054,15.999081],[-16.40504,15.999999],[-16.405291,16.00023],[-16.406783,16.000629],[-16.406561,16.001642],[-16.407524,16.00288],[-16.406267,16.003431],[-16.404006,16.004855],[-16.402845,16.005956],[-16.401525,16.006923],[-16.40059,16.008167],[-16.400046,16.009228],[-16.399047,16.011946],[-16.39885,16.014533],[-16.399196,16.015777],[-16.396941,16.016273],[-16.395392,16.01728],[-16.394024,16.016742],[-16.392394,16.017022],[-16.390941,16.016762],[-16.388129,16.016874],[-16.386089,16.016511],[-16.38447,16.016534],[-16.38402,16.016404],[-16.383929,16.016013],[-16.384256,16.015031],[-16.385563,16.01244],[-16.38596,16.012158],[-16.387047,16.012263],[-16.387331,16.01208],[-16.387447,16.011066],[-16.387261,16.009679],[-16.388666,16.008044],[-16.388912,16.006271],[-16.389138,16.005709],[-16.390578,16.004834],[-16.391717,16.003795],[-16.394415,16.00221],[-16.394915,16.002091],[-16.396097,16.002372],[-16.397004,16.00181],[-16.397985,15.999746],[-16.398356,15.999513],[-16.399598,15.999237],[-16.400019,15.998712],[-16.400038,15.998393],[-16.399499,15.997726]]]}},{"type":"Feature","properties":{"categorie":"Plaine inondable"},"geometry":{"type":"MultiPolygon","coordinates":[[[[-16.334363,16.084761],[-16.336381,16.08213],[-16.341201,16.077391],[-16.344165,16.074778],[-16.344889,16.073906],[-16.345562,16.072546],[-16.346229,16.07021],[-16.34679,16.068968],[-16.349687,16.064639],[-16.352314,16.059154],[-16.353864,16.057545],[-16.35246,16.057246],[-16.351096,16.057372],[-16.349634,16.059506],[-16.348222,16.060915],[-16.340594,16.066314],[-16.337171,16.06892],[-16.335721,16.070158],[-16.334159,16.072035],[-16.334092,16.069446],[-16.335008,16.068256],[-16.336058,16.06599],[-16.336697,16.0651],[-16.337553,16.064435],[-16.338717,16.063831],[-16.340863,16.063302],[-16.341506,16.062973],[-16.346437,16.056787],[-16.347422,16.055832],[-16.349125,16.0547],[-16.35126,16.054],[-16.352457,16.053046],[-16.353537,16.052681],[-16.354181,16.052019],[-16.355895,16.049467],[-16.356535,16.048058],[-16.356774,16.046801],[-16.357394,16.04608],[-16.357734,16.044754],[-16.359962,16.040417],[-16.36104,16.039033],[-16.361906,16.038339],[-16.362068,16.03793],[-16.362999,16.037404],[-16.363975,16.036548],[-16.363895,16.035807],[-16.364041,16.035291],[-16.366978,16.031576],[-16.369264,16.029663],[-16.370912,16.02874],[-16.371775,16.027885],[-16.372602,16.02572],[-16.373484,16.022225],[-16.373923,16.021308],[-16.376176,16.020138],[-16.37725,16.020238],[-16.378566,16.017504],[-16.378745,16.015359],[-16.377669,16.014997],[-16.376998,16.015481],[-16.376656,16.01512],[-16.376369,16.014457],[-16.376262,16.013009],[-16.376544,16.008877],[-16.376836,16.008403],[-16.377613,16.00777],[-16.378228,16.007487],[-16.378904,16.007409],[-16.378877,16.005994],[-16.37938,16.004418],[-16.380888,16.002158],[-16.38277,16.000031],[-16.383103,15.999441],[-16.384652,15.999142],[-16.385285,15.998813],[-16.385618,15.998377],[-16.385765,15.997969],[-16.385612,15.997437],[-16.384459,15.996956],[-16.383791,15.996228],[-16.383402,15.995372],[-16.3835,15.994757],[-16.383945,15.994257],[-16.383995,15.994691],[-16.384336,15.99533],[-16.385577,15.996407],[-16.386177,15.996692],[-16.387944,15.996907],[-16.388454,15.997699],[-16.388656,15.998583],[-16.388919,15.998654],[-16.389216,15.998435],[-16.389315,15.997919],[-16.388306,15.996543],[-16.387978,15.996382],[-16.38681,15.996354],[-16.386144,15.996087],[-16.384808,15.994722],[-16.384711,15.99418],[-16.384977,15.993527],[-16.38599,15.992835],[-16.386817,15.994534],[-16.388374,15.995112],[-16.389706,15.996763],[-16.390366,15.997203],[-16.390929,15.996983],[-16.391331,15.996562],[-16.391029,15.995298],[-16.391172,15.994958],[-16.393726,15.99426],[-16.394467,15.993678],[-16.395266,15.993687],[-16.395476,15.992694],[-16.395845,15.992416],[-16.396717,15.992369],[-16.396972,15.993688],[-16.398137,15.993422],[-16.399158,15.993635],[-16.399415,15.994636],[-16.400044,15.995554],[-16.400433,15.99575],[-16.401637,15.995923],[-16.401726,15.996113],[-16.401547,15.996513],[-16.401114,15.996851],[-16.400484,15.996967],[-16.399944,15.996285],[-16.398949,15.996064],[-16.399499,15.997726],[-16.400058,15.998451],[-16.399723,15.99915],[-16.398025,15.999705],[-16.397224,16.001543],[-16.39654,16.00218],[-16.396022,16.002377],[-16.394956,16.002095],[-16.394415,16.00221],[-16.391717,16.003795],[-16.390513,16.004882],[-16.389182,16.005657],[-16.388928,16.006193],[-16.388666,16.008044],[-16.387261,16.009679],[-16.387447,16.011066],[-16.387331,16.01208],[-16.387047,16.012263],[-16.38596,16.012158],[-16.385603,16.012388],[-16.384319,16.014878],[-16.383929,16.016265],[-16.384386,16.016526],[-16.386089,16.016511],[-16.388129,16.016874],[-16.390941,16.016762],[-16.392481,16.017023],[-16.394024,16.016742],[-16.395392,16.01728],[-16.396941,16.016273],[-16.399196,16.015777],[-16.399869,16.017337],[-16.400849,16.018433],[-16.402679,16.019641],[-16.404685,16.020505],[-16.405502,16.021033],[-16.40558,16.02143],[-16.406246,16.021886],[-16.406606,16.022589],[-16.405879,16.024184],[-16.405948,16.024681],[-16.406872,16.025814],[-16.407412,16.026895],[-16.408506,16.028234],[-16.409598,16.030695],[-16.41204,16.03386],[-16.413495,16.038668],[-16.414414,16.040415],[-16.414817,16.041958],[-16.414783,16.042455],[-16.413995,16.04472],[-16.412396,16.047252],[-16.411218,16.048489],[-16.409348,16.051005],[-16.408985,16.051242],[-16.408647,16.051045],[-16.408437,16.050441],[-16.408799,16.048749],[-16.408711,16.048117],[-16.408185,16.047723],[-16.40755,16.047844],[-16.407598,16.04938],[-16.407406,16.049915],[-16.405041,16.05125],[-16.402859,16.053325],[-16.402574,16.054032],[-16.402164,16.056544],[-16.401597,16.056301],[-16.401858,16.055793],[-16.401799,16.055585],[-16.400962,16.055189],[-16.400191,16.055297],[-16.399137,16.056253],[-16.398008,16.056749],[-16.397475,16.056678],[-16.39744,16.056325],[-16.397063,16.055875],[-16.39697,16.055966],[-16.396454,16.055699],[-16.396128,16.055791],[-16.395899,16.05647],[-16.396276,16.056875],[-16.39581,16.057104],[-16.395532,16.057512],[-16.394971,16.057471],[-16.394878,16.057562],[-16.395067,16.057786],[-16.395442,16.057965],[-16.39493,16.058239],[-16.394746,16.058692],[-16.39405,16.059375],[-16.393072,16.059878],[-16.393122,16.06033],[-16.393683,16.060326],[-16.394247,16.060865],[-16.395274,16.060677],[-16.395478,16.060807],[-16.395113,16.061121],[-16.394183,16.060867],[-16.393586,16.060893],[-16.392751,16.061847],[-16.39244,16.062482],[-16.392487,16.063111],[-16.39281,16.063554],[-16.393674,16.064191],[-16.393795,16.064465],[-16.392926,16.065844],[-16.392508,16.066163],[-16.392182,16.066301],[-16.39115,16.065788],[-16.391302,16.065368],[-16.39068,16.065076],[-16.390372,16.064716],[-16.39039,16.064325],[-16.390983,16.06376],[-16.391125,16.063257],[-16.391128,16.062467],[-16.390519,16.061987],[-16.390847,16.061467],[-16.391179,16.060304],[-16.391301,16.060613],[-16.391441,16.060567],[-16.391905,16.060021],[-16.391693,16.059397],[-16.391818,16.059079],[-16.391551,16.059107],[-16.391429,16.058849],[-16.391522,16.058758],[-16.390628,16.057906],[-16.390118,16.058451],[-16.390822,16.059347],[-16.389601,16.059311],[-16.388623,16.060364],[-16.387442,16.062182],[-16.387168,16.064614],[-16.386825,16.065758],[-16.385927,16.065663],[-16.386167,16.064802],[-16.386451,16.062041],[-16.387602,16.059897],[-16.387867,16.05905],[-16.387642,16.058028],[-16.387257,16.057376],[-16.386959,16.057189],[-16.385854,16.058563],[-16.383568,16.059809],[-16.382857,16.06035],[-16.381297,16.062231],[-16.38047,16.062716],[-16.379407,16.063072],[-16.378991,16.063405],[-16.37785,16.065849],[-16.37752,16.067336],[-16.375849,16.068876],[-16.37551,16.069379],[-16.375094,16.069514],[-16.374451,16.068907],[-16.373484,16.069047],[-16.372809,16.069405],[-16.372189,16.070533],[-16.371759,16.070518],[-16.371589,16.070338],[-16.37151,16.069688],[-16.371613,16.068377],[-16.371321,16.06799],[-16.370985,16.067965],[-16.371325,16.067297],[-16.374513,16.065386],[-16.375678,16.063483],[-16.37658,16.062457],[-16.376821,16.061878],[-16.377098,16.060084],[-16.377511,16.059437],[-16.377574,16.058983],[-16.378958,16.05565],[-16.388055,16.04272],[-16.389265,16.04057],[-16.390229,16.038154],[-16.390749,16.037494],[-16.39149,16.035822],[-16.392083,16.03512],[-16.392678,16.0349],[-16.392316,16.033701],[-16.392002,16.033381],[-16.391574,16.033239],[-16.391149,16.033346],[-16.390369,16.034057],[-16.389238,16.034081],[-16.387842,16.034822],[-16.385855,16.03535],[-16.384461,16.035215],[-16.381958,16.034029],[-16.379591,16.03371],[-16.378092,16.035961],[-16.376075,16.037546],[-16.375454,16.038237],[-16.374433,16.04063],[-16.373362,16.04258],[-16.369771,16.047818],[-16.36876,16.048882],[-16.366703,16.05016],[-16.365775,16.051097],[-16.36523,16.052059],[-16.364266,16.054568],[-16.363257,16.055994],[-16.361957,16.057331],[-16.360516,16.058415],[-16.359482,16.059009],[-16.357403,16.059764],[-16.356408,16.060511],[-16.354299,16.063796],[-16.350948,16.067234],[-16.349733,16.068733],[-16.347481,16.072941],[-16.346017,16.074893],[-16.344893,16.075958],[-16.343403,16.076763],[-16.342622,16.077382],[-16.340491,16.080188],[-16.337639,16.082899],[-16.336852,16.084134],[-16.335742,16.087214],[-16.334396,16.089006],[-16.334363,16.084761]],[[-16.378213,16.060279],[-16.377423,16.060617],[-16.377109,16.061616],[-16.377165,16.062533],[-16.377469,16.06278],[-16.377741,16.062727],[-16.377811,16.062339],[-16.378026,16.062164],[-16.378657,16.062366],[-16.378666,16.061816],[-16.379474,16.060525],[-16.378212,16.06011],[-16.378213,16.060279]]],[[[-16.393328,16.067088],[-16.393317,16.067235],[-16.393286,16.067372],[-16.393328,16.067088]]],[[[-16.392843,16.067291],[-16.393362,16.068574],[-16.392996,16.069227],[-16.392845,16.070362],[-16.390812,16.071408],[-16.390488,16.071884],[-16.390577,16.072332],[-16.389381,16.073465],[-16.388643,16.073996],[-16.387266,16.073958],[-16.386915,16.073486],[-16.38646,16.073538],[-16.386157,16.073364],[-16.386776,16.069836],[-16.387068,16.069954],[-16.387965,16.071482],[-16.38762,16.07226],[-16.387868,16.07239],[-16.388232,16.072111],[-16.389185,16.07215],[-16.389692,16.071198],[-16.391592,16.068835],[-16.392289,16.068198],[-16.392843,16.067291]]],[[[-16.391081,16.059236],[-16.391057,16.059123],[-16.391149,16.058896],[-16.391337,16.059076],[-16.391081,16.059236]]]]}},{"type":"Feature","properties":{"categorie":"Steppe"},"geometry":{"type":"Polygon","coordinates":[[[-16.373443,16.001156],[-16.375703,15.998628],[-16.375699,15.998377],[-16.374411,15.998317],[-16.376071,15.995576],[-16.375636,15.99384],[-16.374788,15.992843],[-16.37473,15.989824],[-16.37492,15.988892],[-16.375271,15.988366],[-16.376739,15.987154],[-16.378219,15.986268],[-16.379228,15.986289],[-16.381448,15.987034],[-16.381692,15.987267],[-16.382063,15.988159],[-16.3832,15.989146],[-16.382868,15.989853],[-16.383201,15.990629],[-16.38352,15.99078],[-16.384864,15.990609],[-16.385426,15.990876],[-16.385555,15.991888],[-16.385342,15.992251],[-16.384451,15.993007],[-16.383372,15.99521],[-16.383989,15.996507],[-16.384581,15.997028],[-16.385612,15.997437],[-16.385765,15.997969],[-16.385155,15.998904],[-16.384176,15.99929],[-16.383103,15.999441],[-16.38277,16.000031],[-16.380888,16.002158],[-16.37938,16.004418],[-16.378877,16.005994],[-16.378904,16.007409],[-16.377749,16.00769],[-16.376606,16.008706],[-16.376279,16.013926],[-16.376544,16.014911],[-16.376998,16.015481],[-16.376194,16.016212],[-16.371467,16.012647],[-16.371583,16.00784],[-16.372601,16.008431],[-16.373997,16.006533],[-16.372203,16.005333],[-16.371273,16.00499],[-16.371152,16.004583],[-16.373443,16.001156]]]}},{"type":"Feature","properties":{"categorie":"Culture pluviale"},"geometry":{"type":"MultiPolygon","coordinates":[[[[-16.370747,15.999042],[-16.372911,15.995747],[-16.374376,15.994084],[-16.374863,15.992888],[-16.375695,15.993969],[-16.376067,15.995625],[-16.374411,15.998317],[-16.375525,15.998315],[-16.375747,15.998532],[-16.373443,16.001156],[-16.371431,16.004028],[-16.371137,16.004675],[-16.371273,16.00499],[-16.372203,16.005333],[-16.373997,16.006533],[-16.372601,16.008431],[-16.368579,16.006042],[-16.367259,16.008298],[-16.368824,16.009316],[-16.367821,16.010901],[-16.368636,16.011519],[-16.366332,16.014664],[-16.364188,16.019269],[-16.364537,16.019745],[-16.364147,16.020513],[-16.364797,16.021657],[-16.364912,16.023952],[-16.369133,16.026508],[-16.37065,16.02425],[-16.372359,16.021035],[-16.373923,16.021308],[-16.373484,16.022225],[-16.372602,16.02572],[-16.371775,16.027885],[-16.370912,16.02874],[-16.369078,16.0298],[-16.368175,16.028902],[-16.367614,16.028879],[-16.367298,16.029188],[-16.366885,16.030293],[-16.365674,16.032154],[-16.364782,16.032955],[-16.363702,16.033576],[-16.362029,16.033569],[-16.361371,16.033013],[-16.361466,16.031837],[-16.360857,16.030169],[-16.358106,16.029789],[-16.357206,16.029315],[-16.355068,16.0296],[-16.353025,16.030119],[-16.351291,16.030781],[-16.348893,16.032044],[-16.346498,16.030837],[-16.347487,16.029367],[-16.348335,16.027627],[-16.350647,16.02406],[-16.350755,16.023318],[-16.350399,16.021875],[-16.350812,16.020769],[-16.351428,16.020567],[-16.353022,16.021415],[-16.353601,16.021402],[-16.354029,16.021011],[-16.35433,16.020042],[-16.35506,16.01879],[-16.355441,16.018471],[-16.35627,16.018216],[-16.355828,16.018948],[-16.356016,16.019218],[-16.356297,16.019307],[-16.356111,16.019443],[-16.356299,16.019578],[-16.356206,16.019669],[-16.356674,16.019756],[-16.357097,16.02016],[-16.357422,16.019842],[-16.357796,16.019839],[-16.358034,16.020516],[-16.358363,16.020694],[-16.358688,16.020512],[-16.358965,16.019877],[-16.359715,16.020324],[-16.359616,16.019512],[-16.359194,16.019243],[-16.359376,16.018474],[-16.358529,16.017666],[-16.359086,16.01712],[-16.358428,16.016536],[-16.357961,16.016585],[-16.356753,16.017314],[-16.356888,16.016899],[-16.357416,16.016109],[-16.358224,16.015363],[-16.359675,16.014378],[-16.361119,16.013681],[-16.362318,16.012806],[-16.362884,16.012188],[-16.363521,16.011009],[-16.36395,16.009596],[-16.364219,16.007796],[-16.364917,16.00602],[-16.36591,16.00501],[-16.367698,16.004168],[-16.368997,16.002795],[-16.369635,16.001778],[-16.370629,15.999639],[-16.370747,15.999042]],[[-16.359978,16.026536],[-16.36028,16.026342],[-16.36074,16.025616],[-16.361771,16.025186],[-16.361818,16.02481],[-16.361328,16.023554],[-16.360445,16.022716],[-16.359718,16.022355],[-16.358793,16.022376],[-16.358069,16.022758],[-16.357736,16.023264],[-16.357607,16.02427],[-16.357767,16.025473],[-16.358027,16.026027],[-16.358443,16.026338],[-16.359279,16.026574],[-16.359978,16.026536]],[[-16.359212,16.021954],[-16.359399,16.021953],[-16.359305,16.021863],[-16.359212,16.021954]]],[[[-16.358665,16.016987],[-16.358665,16.017077],[-16.358618,16.017032],[-16.358665,16.016987]]]]}},{"type":"Feature","properties":{"categorie":"Culture pluviale"},"geometry":{"type":"Polygon","coordinates":[[[-16.36572,15.997772],[-16.365134,15.996718],[-16.36413,15.996119],[-16.363857,15.995796],[-16.363787,15.995181],[-16.364044,15.99452],[-16.364388,15.994183],[-16.364845,15.994108],[-16.36571,15.994826],[-16.366345,15.994849],[-16.369499,15.992804],[-16.369777,15.992432],[-16.369858,15.991997],[-16.369705,15.991483],[-16.369026,15.99062],[-16.369031,15.989951],[-16.369241,15.989299],[-16.370197,15.988353],[-16.373183,15.986373],[-16.374026,15.985328],[-16.374042,15.984822],[-16.373741,15.984597],[-16.37177,15.984664],[-16.37102,15.984217],[-16.370602,15.983289],[-16.370626,15.982656],[-16.370901,15.981922],[-16.372488,15.980339],[-16.373179,15.978952],[-16.373637,15.978931],[-16.374032,15.979372],[-16.374509,15.979432],[-16.374788,15.979222],[-16.375361,15.97826],[-16.375733,15.978005],[-16.376228,15.977929],[-16.377033,15.978141],[-16.377418,15.978545],[-16.377556,15.979593],[-16.378433,15.979819],[-16.377443,15.982455],[-16.377607,15.984654],[-16.37838,15.985237],[-16.377641,15.985594],[-16.376942,15.986233],[-16.376338,15.986286],[-16.376094,15.986113],[-16.375616,15.98689],[-16.374703,15.987312],[-16.373193,15.989138],[-16.373047,15.98969],[-16.373125,15.99147],[-16.37268,15.993471],[-16.372217,15.994088],[-16.371455,15.994572],[-16.371095,15.995352],[-16.370444,15.995699],[-16.370147,15.996072],[-16.369521,15.997395],[-16.368426,16.001244],[-16.36802,16.001978],[-16.366915,16.003052],[-16.364873,16.003752],[-16.364018,16.004336],[-16.362994,16.006385],[-16.362533,16.008602],[-16.361893,16.010703],[-16.361208,16.011647],[-16.358685,16.013091],[-16.35756,16.01393],[-16.353822,16.018039],[-16.352853,16.018488],[-16.351951,16.019262],[-16.350152,16.019833],[-16.349844,16.018606],[-16.349979,16.017738],[-16.349648,16.017152],[-16.349803,16.016627],[-16.350602,16.015971],[-16.354047,16.014115],[-16.356193,16.012212],[-16.357543,16.010116],[-16.358093,16.008531],[-16.358352,16.00673],[-16.358903,16.0052],[-16.359364,16.004401],[-16.359967,16.003765],[-16.361717,16.002669],[-16.36302,16.000591],[-16.363562,16.000615],[-16.365857,15.998693],[-16.365963,15.997752],[-16.36572,15.997772]],[[-16.376717,15.985283],[-16.377273,15.984602],[-16.376945,15.984423],[-16.37634,15.984879],[-16.376436,15.985195],[-16.376717,15.985283]],[[-16.37686,15.985689],[-16.376765,15.985419],[-16.376625,15.985465],[-16.37686,15.985689]]]}},{"type":"Feature","properties":{"categorie":"Steppe"},"geometry":{"type":"Polygon","coordinates":[[[-16.333405,16.034169],[-16.333359,16.023413],[-16.32998,16.023266],[-16.330367,16.022533],[-16.33336,16.018664],[-16.335007,16.016195],[-16.335926,16.015223],[-16.336874,16.014557],[-16.337071,16.013281],[-16.338076,16.012525],[-16.33853,16.011989],[-16.34209,16.006408],[-16.344909,16.003137],[-16.3457,16.00258],[-16.345978,16.002181],[-16.346173,16.000634],[-16.346108,15.99927],[-16.345488,15.998822],[-16.344049,15.998831],[-16.343266,15.999116],[-16.343959,16.000702],[-16.343991,16.001407],[-16.343724,16.001698],[-16.343777,16.000965],[-16.343616,16.000682],[-16.341785,16.000907],[-16.341009,16.000475],[-16.340928,16.000269],[-16.341182,15.999807],[-16.341052,15.999308],[-16.339429,15.997373],[-16.338952,15.997382],[-16.338086,15.997726],[-16.337201,15.998557],[-16.345378,15.976631],[-16.356575,15.978239],[-16.356924,15.976713],[-16.358303,15.976657],[-16.359226,15.976083],[-16.359562,15.975453],[-16.359558,15.974915],[-16.359183,15.97435],[-16.358751,15.974293],[-16.357766,15.974956],[-16.357207,15.975575],[-16.359265,15.967313],[-16.361134,15.966964],[-16.36212,15.966527],[-16.363141,15.963986],[-16.359748,15.955654],[-16.352521,15.954667],[-16.353679,15.950158],[-16.354048,15.947561],[-16.355434,15.944583],[-16.356157,15.943528],[-16.357235,15.942929],[-16.358755,15.942818],[-16.362265,15.943351],[-16.364183,15.943985],[-16.365023,15.944049],[-16.365691,15.94356],[-16.366968,15.94141],[-16.367552,15.941103],[-16.368247,15.941056],[-16.369791,15.941518],[-16.377121,15.94513],[-16.3779,15.945381],[-16.378572,15.945403],[-16.379327,15.944882],[-16.380561,15.94233],[-16.381757,15.941067],[-16.382557,15.940502],[-16.383067,15.940353],[-16.383472,15.940429],[-16.385273,15.941848],[-16.385749,15.941901],[-16.385895,15.941357],[-16.385879,15.938867],[-16.386743,15.936828],[-16.390613,15.93712],[-16.392383,15.938205],[-16.393052,15.938386],[-16.393582,15.938197],[-16.394243,15.937672],[-16.395262,15.936212],[-16.395841,15.935988],[-16.396656,15.935924],[-16.397412,15.936038],[-16.397708,15.936303],[-16.396479,15.938445],[-16.396658,15.940348],[-16.397203,15.940303],[-16.398201,15.939794],[-16.400977,15.939167],[-16.401682,15.939198],[-16.402797,15.939621],[-16.40302,15.94016],[-16.404998,15.940101],[-16.406331,15.940309],[-16.40665,15.94055],[-16.407631,15.940589],[-16.407988,15.940984],[-16.407707,15.943453],[-16.407897,15.943976],[-16.408411,15.944045],[-16.408849,15.943816],[-16.409622,15.944488],[-16.410973,15.94458],[-16.412984,15.94528],[-16.412433,15.946016],[-16.411085,15.946929],[-16.410649,15.947402],[-16.410294,15.948751],[-16.410356,15.950947],[-16.410013,15.951247],[-16.408988,15.951679],[-16.408128,15.951648],[-16.407958,15.951405],[-16.408189,15.951033],[-16.408169,15.950753],[-16.407691,15.950566],[-16.404247,15.951023],[-16.401892,15.950902],[-16.401553,15.950534],[-16.401512,15.949974],[-16.401797,15.949367],[-16.402428,15.948748],[-16.402959,15.948455],[-16.40336,15.948453],[-16.403689,15.94874],[-16.404087,15.949523],[-16.404452,15.949648],[-16.404973,15.949337],[-16.405266,15.948494],[-16.405209,15.948242],[-16.405002,15.948126],[-16.403862,15.948025],[-16.402738,15.947661],[-16.40202,15.947802],[-16.400524,15.950279],[-16.39912,15.951192],[-16.398899,15.951672],[-16.399108,15.952168],[-16.399399,15.95241],[-16.400712,15.95185],[-16.401742,15.952142],[-16.402015,15.952438],[-16.402054,15.952727],[-16.401313,15.953681],[-16.401418,15.953951],[-16.401691,15.954176],[-16.40199,15.954183],[-16.402779,15.953491],[-16.403031,15.953525],[-16.404127,15.955181],[-16.404317,15.955731],[-16.404265,15.956301],[-16.403004,15.95903],[-16.401013,15.960254],[-16.399198,15.961106],[-16.397716,15.961631],[-16.396818,15.96151],[-16.396269,15.961839],[-16.394602,15.963947],[-16.393903,15.965542],[-16.393015,15.966822],[-16.392962,15.967229],[-16.393356,15.968198],[-16.390906,15.969809],[-16.388557,15.970701],[-16.388159,15.971128],[-16.387624,15.972207],[-16.38634,15.972975],[-16.383621,15.975868],[-16.382934,15.97558],[-16.381044,15.974014],[-16.379725,15.976318],[-16.378433,15.979819],[-16.377556,15.979593],[-16.377343,15.978401],[-16.376499,15.977964],[-16.375994,15.97794],[-16.375528,15.978115],[-16.374509,15.979432],[-16.374032,15.979372],[-16.373506,15.978887],[-16.373049,15.97908],[-16.372488,15.980339],[-16.370901,15.981922],[-16.370626,15.982656],[-16.370602,15.983289],[-16.370897,15.984055],[-16.371508,15.984594],[-16.37391,15.98466],[-16.37408,15.985038],[-16.373953,15.985527],[-16.373183,15.986373],[-16.370197,15.988353],[-16.369241,15.989299],[-16.369031,15.989951],[-16.369026,15.99062],[-16.369705,15.991483],[-16.369858,15.991997],[-16.369777,15.992432],[-16.369499,15.992804],[-16.366345,15.994849],[-16.36571,15.994826],[-16.364845,15.994108],[-16.364388,15.994183],[-16.364044,15.99452],[-16.363787,15.995181],[-16.363857,15.995796],[-16.36413,15.996119],[-16.365134,15.996718],[-16.36572,15.997772],[-16.365963,15.997752],[-16.365857,15.998693],[-16.363562,16.000615],[-16.36302,16.000591],[-16.361717,16.002669],[-16.359967,16.003765],[-16.359364,16.004401],[-16.358903,16.0052],[-16.358352,16.00673],[-16.358093,16.008531],[-16.357543,16.010116],[-16.356193,16.012212],[-16.354047,16.014115],[-16.350602,16.015971],[-16.349803,16.016627],[-16.349648,16.017152],[-16.349979,16.017738],[-16.349844,16.018606],[-16.350152,16.019833],[-16.347927,16.02114],[-16.347156,16.021904],[-16.346846,16.023036],[-16.347557,16.024477],[-16.347459,16.025228],[-16.347015,16.025891],[-16.345834,16.026757],[-16.345114,16.028072],[-16.343708,16.028903],[-16.340881,16.029581],[-16.339912,16.029975],[-16.337939,16.031352],[-16.33526,16.033655],[-16.334187,16.03306],[-16.333405,16.034169]],[[-16.350805,15.995066],[-16.351807,15.994884],[-16.35277,15.994429],[-16.355181,15.991953],[-16.355482,15.990907],[-16.355374,15.989166],[-16.355183,15.988575],[-16.354286,15.987857],[-16.353414,15.987734],[-16.352582,15.9886],[-16.352237,15.989648],[-16.351973,15.989984],[-16.35112,15.990403],[-16.35004,15.990533],[-16.349744,15.990261],[-16.349739,15.987969],[-16.34929,15.987215],[-16.348578,15.986787],[-16.347909,15.98663],[-16.347008,15.986741],[-16.346158,15.9871],[-16.345228,15.987862],[-16.345093,15.988542],[-16.345734,15.989495],[-16.34701,15.989974],[-16.347378,15.990303],[-16.347724,15.992879],[-16.348065,15.993785],[-16.348555,15.994443],[-16.349071,15.99482],[-16.350805,15.995066]],[[-16.37452,15.963208],[-16.372137,15.964516],[-16.371572,15.965161],[-16.371232,15.966067],[-16.371793,15.966109],[-16.372638,15.965389],[-16.373775,15.964993],[-16.375887,15.963678],[-16.375783,15.963462],[-16.375202,15.963204],[-16.37452,15.963208]],[[-16.369804,15.962172],[-16.370035,15.961791],[-16.37105,15.961206],[-16.371864,15.960116],[-16.372247,15.960014],[-16.372745,15.960535],[-16.373325,15.960549],[-16.37402,15.959804],[-16.374877,15.959419],[-16.375462,15.958882],[-16.374175,15.959233],[-16.373894,15.959027],[-16.373769,15.958486],[-16.373478,15.958379],[-16.372836,15.958781],[-16.371727,15.959114],[-16.369507,15.961071],[-16.368657,15.962414],[-16.36826,15.963194],[-16.368281,15.963438],[-16.368833,15.963597],[-16.369448,15.963349],[-16.369789,15.96266],[-16.369804,15.962172]],[[-16.377425,15.950861],[-16.378951,15.949857],[-16.379193,15.949856],[-16.379316,15.949964],[-16.379283,15.950696],[-16.379518,15.95083],[-16.379723,15.950756],[-16.380441,15.949278],[-16.381267,15.948487],[-16.381488,15.948006],[-16.38104,15.947991],[-16.378985,15.949496],[-16.376808,15.95082],[-16.375694,15.951722],[-16.375696,15.952129],[-16.376182,15.95208],[-16.376824,15.951724],[-16.377425,15.950861]],[[-16.377854,15.949313],[-16.378354,15.948641],[-16.378949,15.948276],[-16.379179,15.947777],[-16.378441,15.94771],[-16.377937,15.947848],[-16.376616,15.948688],[-16.376406,15.94935],[-16.376651,15.949592],[-16.3772,15.949326],[-16.377854,15.949313]]]}},{"type":"Feature","properties":{"categorie":"Plaine inondable"},"geometry":{"type":"Polygon","coordinates":[[[-16.333353,16.009748],[-16.334648,16.005888],[-16.335022,16.006244],[-16.335421,16.00633],[-16.338091,16.005957],[-16.338805,16.00686],[-16.340741,16.005865],[-16.342032,16.004673],[-16.343087,16.003148],[-16.343667,16.001789],[-16.343991,16.001407],[-16.34393,16.000585],[-16.343266,15.999116],[-16.344049,15.998831],[-16.345039,15.998797],[-16.345488,15.998822],[-16.346108,15.99927],[-16.346156,16.000969],[-16.345885,16.002389],[-16.344909,16.003137],[-16.34209,16.006408],[-16.33853,16.011989],[-16.338076,16.012525],[-16.337071,16.013281],[-16.336874,16.014557],[-16.335424,16.015705],[-16.334908,16.014735],[-16.334293,16.015097],[-16.333435,16.014748],[-16.333486,16.013932],[-16.332927,16.013643],[-16.332806,16.013411],[-16.332904,16.012749],[-16.333762,16.011862],[-16.334016,16.011336],[-16.333936,16.010474],[-16.333353,16.009748]]]}},{"type":"Feature","properties":{"categorie":"Culture pluviale"},"geometry":{"type":"MultiPolygon","coordinates":[[[[-16.333353,16.009748],[-16.333887,16.010377],[-16.334044,16.01103],[-16.333883,16.011683],[-16.332932,16.012706],[-16.332805,16.013074],[-16.332887,16.013605],[-16.3335,16.013966],[-16.333435,16.014748],[-16.333096,16.015231],[-16.332341,16.015778],[-16.331836,16.016039],[-16.331271,16.016062],[-16.333353,16.009748]]],[[[-16.334648,16.005888],[-16.337331,15.998332],[-16.338086,15.997726],[-16.339207,15.997337],[-16.339545,15.997456],[-16.341005,15.999225],[-16.341182,15.999807],[-16.340925,16.000317],[-16.341119,16.000574],[-16.341852,16.00091],[-16.343477,16.000648],[-16.343777,16.000965],[-16.343724,16.001698],[-16.343244,16.002885],[-16.341754,16.005009],[-16.340341,16.006121],[-16.338805,16.00686],[-16.338091,16.005957],[-16.335421,16.00633],[-16.335022,16.006244],[-16.334648,16.005888]]]]}},{"type":"Feature","properties":{"categorie":"Culture pluviale"},"geometry":{"type":"MultiPolygon","coordinates":[[[[-16.354285,15.944382],[-16.354093,15.940214],[-16.353499,15.934573],[-16.356182,15.934284],[-16.362065,15.933976],[-16.367413,15.932944],[-16.370615,15.932095],[-16.375751,15.930366],[-16.379037,15.929623],[-16.389015,15.925886],[-16.388924,15.926231],[-16.389113,15.926636],[-16.388928,15.926863],[-16.389116,15.926998],[-16.389119,15.927405],[-16.38856,15.927589],[-16.388279,15.9275],[-16.388001,15.927818],[-16.388096,15.928089],[-16.387821,15.928814],[-16.388058,15.929309],[-16.388433,15.929578],[-16.388992,15.929303],[-16.389179,15.929393],[-16.389318,15.929211],[-16.388941,15.928761],[-16.389358,15.928307],[-16.389686,15.92844],[-16.389969,15.928845],[-16.390247,15.928527],[-16.390855,15.928568],[-16.391598,15.927931],[-16.392026,15.928199],[-16.392645,15.929061],[-16.393706,15.928957],[-16.393336,15.929366],[-16.393338,15.929637],[-16.393197,15.929547],[-16.392871,15.929775],[-16.393152,15.929864],[-16.393109,15.930361],[-16.392828,15.930273],[-16.392689,15.930454],[-16.393111,15.930633],[-16.393528,15.930223],[-16.394042,15.930265],[-16.394278,15.93058],[-16.394187,15.930897],[-16.394047,15.930988],[-16.393812,15.930718],[-16.393535,15.931127],[-16.394285,15.931529],[-16.394937,15.931344],[-16.395262,15.93098],[-16.395445,15.930437],[-16.395577,15.929351],[-16.395482,15.929126],[-16.395855,15.928943],[-16.395541,15.927521],[-16.396401,15.926906],[-16.397522,15.926944],[-16.397804,15.927213],[-16.398646,15.927298],[-16.399945,15.926114],[-16.400376,15.925857],[-16.399604,15.926478],[-16.400354,15.929098],[-16.39902,15.930687],[-16.399307,15.931941],[-16.399804,15.932296],[-16.40042,15.932053],[-16.400927,15.931079],[-16.403259,15.931586],[-16.404823,15.929962],[-16.406278,15.929536],[-16.406583,15.928936],[-16.405558,15.928256],[-16.408941,15.923838],[-16.409928,15.921853],[-16.411378,15.919503],[-16.411483,15.919713],[-16.411856,15.91971],[-16.412226,15.919165],[-16.413345,15.918797],[-16.413343,15.918525],[-16.413529,15.918434],[-16.413435,15.918344],[-16.413807,15.918161],[-16.414131,15.917752],[-16.414638,15.916754],[-16.414542,15.916439],[-16.414051,15.916374],[-16.414394,15.915898],[-16.415587,15.915261],[-16.416221,15.916066],[-16.416877,15.916378],[-16.416741,15.916921],[-16.416229,15.917241],[-16.416277,15.917467],[-16.41609,15.917378],[-16.414836,15.91838],[-16.414467,15.919015],[-16.414655,15.91924],[-16.414472,15.919738],[-16.414567,15.919963],[-16.41494,15.919825],[-16.416483,15.920086],[-16.417319,15.919539],[-16.4176,15.919537],[-16.417788,15.919807],[-16.417973,15.919534],[-16.418061,15.91872],[-16.418293,15.918538],[-16.418434,15.918628],[-16.418673,15.919439],[-16.41849,15.920028],[-16.418585,15.920253],[-16.418077,15.92107],[-16.417944,15.921975],[-16.41804,15.922381],[-16.418369,15.922695],[-16.419254,15.922373],[-16.419904,15.921781],[-16.420794,15.922137],[-16.420883,15.921504],[-16.420409,15.920603],[-16.420011,15.920223],[-16.42049,15.920169],[-16.420712,15.919896],[-16.420921,15.919018],[-16.421777,15.918497],[-16.423084,15.915858],[-16.423762,15.915276],[-16.42423,15.91539],[-16.423866,15.916811],[-16.422822,15.918328],[-16.422492,15.919215],[-16.422208,15.921396],[-16.4224,15.922072],[-16.42289,15.922674],[-16.422873,15.922964],[-16.422205,15.923601],[-16.421494,15.924708],[-16.419697,15.925533],[-16.416965,15.927612],[-16.415485,15.928399],[-16.414622,15.929191],[-16.412532,15.932214],[-16.412482,15.933046],[-16.412955,15.933947],[-16.412093,15.934784],[-16.412015,15.935734],[-16.409841,15.936055],[-16.408934,15.935971],[-16.408618,15.936181],[-16.408529,15.936724],[-16.408886,15.93711],[-16.410099,15.936894],[-16.411015,15.936951],[-16.411259,15.937149],[-16.410164,15.939533],[-16.409635,15.940033],[-16.409456,15.939809],[-16.409591,15.939121],[-16.409934,15.938621],[-16.409867,15.938414],[-16.409286,15.93821],[-16.408212,15.938226],[-16.407195,15.938359],[-16.406336,15.939739],[-16.406331,15.940309],[-16.404625,15.940074],[-16.40302,15.94016],[-16.402797,15.939621],[-16.401682,15.939198],[-16.400977,15.939167],[-16.398201,15.939794],[-16.397203,15.940303],[-16.396658,15.940348],[-16.396479,15.938445],[-16.397706,15.936281],[-16.397275,15.935999],[-16.396238,15.935934],[-16.395262,15.936212],[-16.394243,15.937672],[-16.393582,15.938197],[-16.393052,15.938386],[-16.392383,15.938205],[-16.390613,15.93712],[-16.386743,15.936828],[-16.385879,15.938867],[-16.385895,15.941357],[-16.385749,15.941901],[-16.385273,15.941848],[-16.383472,15.940429],[-16.383067,15.940353],[-16.382557,15.940502],[-16.381757,15.941067],[-16.380561,15.94233],[-16.379327,15.944882],[-16.378572,15.945403],[-16.3779,15.945381],[-16.377121,15.94513],[-16.369791,15.941518],[-16.368122,15.941048],[-16.367449,15.941134],[-16.366968,15.94141],[-16.365691,15.94356],[-16.365023,15.944049],[-16.364183,15.943985],[-16.362265,15.943351],[-16.359405,15.942876],[-16.35787,15.942825],[-16.356804,15.943079],[-16.356157,15.943528],[-16.355651,15.944193],[-16.354048,15.947561],[-16.354285,15.944382]],[[-16.416286,15.925285],[-16.416383,15.925872],[-16.416757,15.925959],[-16.417131,15.925912],[-16.417315,15.925639],[-16.417127,15.92537],[-16.416425,15.925148],[-16.416286,15.925285]],[[-16.393073,15.931898],[-16.393497,15.932438],[-16.393821,15.931984],[-16.393727,15.931894],[-16.393494,15.932076],[-16.393166,15.931807],[-16.393073,15.931898]],[[-16.392798,15.932623],[-16.392796,15.932442],[-16.392704,15.932533],[-16.392798,15.932623]],[[-16.40117,15.934376],[-16.401547,15.934826],[-16.401733,15.934734],[-16.401589,15.934238],[-16.40117,15.934376]]],[[[-16.353067,15.928571],[-16.353193,15.925166],[-16.354074,15.920725],[-16.355407,15.91692],[-16.355824,15.911513],[-16.355348,15.908012],[-16.354272,15.905098],[-16.352787,15.903211],[-16.35158,15.900582],[-16.349617,15.89486],[-16.348896,15.891111],[-16.348727,15.888337],[-16.349013,15.885999],[-16.350041,15.881757],[-16.351673,15.877512],[-16.354961,15.872818],[-16.356908,15.870615],[-16.359795,15.868155],[-16.363495,15.865563],[-16.367505,15.861836],[-16.368664,15.860391],[-16.369394,15.858536],[-16.369587,15.855553],[-16.36946,15.85247],[-16.368692,15.848775],[-16.367084,15.846524],[-16.365532,15.845537],[-16.35697,15.842689],[-16.353614,15.841342],[-16.350834,15.841632],[-16.349651,15.841419],[-16.343241,15.842229],[-16.34218,15.839348],[-16.355944,15.832131],[-16.428288,15.83184],[-16.42743,15.835436],[-16.427147,15.835714],[-16.424908,15.846622],[-16.42485,15.848152],[-16.424792,15.847608],[-16.423029,15.847201],[-16.422151,15.849658],[-16.420963,15.852027],[-16.420174,15.854035],[-16.41927,15.857209],[-16.420045,15.857623],[-16.421689,15.854294],[-16.422759,15.852762],[-16.423801,15.854205],[-16.423811,15.855609],[-16.421577,15.858463],[-16.419887,15.861116],[-16.418371,15.863031],[-16.416786,15.865863],[-16.415144,15.868088],[-16.413792,15.869049],[-16.412797,15.869392],[-16.412242,15.869244],[-16.411161,15.868381],[-16.410658,15.868364],[-16.409825,15.869086],[-16.408983,15.870498],[-16.408657,15.871467],[-16.408439,15.872942],[-16.408568,15.875263],[-16.408368,15.876146],[-16.407892,15.876816],[-16.406291,15.878281],[-16.404831,15.879991],[-16.403781,15.881765],[-16.40366,15.882593],[-16.403718,15.885337],[-16.403212,15.889634],[-16.402796,15.891103],[-16.402128,15.891942],[-16.401656,15.895401],[-16.402191,15.898851],[-16.399346,15.902816],[-16.400062,15.903678],[-16.403682,15.899948],[-16.40444,15.898962],[-16.404835,15.899162],[-16.404989,15.899721],[-16.402801,15.902344],[-16.401475,15.904632],[-16.400865,15.906312],[-16.399904,15.906619],[-16.398984,15.906366],[-16.398389,15.906418],[-16.396875,15.906986],[-16.396156,15.907543],[-16.396078,15.908542],[-16.394976,15.913],[-16.39557,15.9148],[-16.394825,15.915121],[-16.39464,15.915348],[-16.391372,15.915505],[-16.391657,15.916136],[-16.391379,15.916589],[-16.391475,15.916905],[-16.391197,15.917223],[-16.391481,15.917764],[-16.391016,15.917993],[-16.390831,15.91831],[-16.39102,15.918716],[-16.391298,15.918307],[-16.391671,15.918305],[-16.391813,15.918439],[-16.391816,15.918982],[-16.391584,15.919209],[-16.390977,15.919168],[-16.390651,15.919305],[-16.390374,15.919781],[-16.389492,15.920533],[-16.389076,15.921214],[-16.388377,15.921444],[-16.387629,15.921359],[-16.387773,15.921855],[-16.387589,15.922217],[-16.387963,15.922305],[-16.388194,15.921897],[-16.38871,15.922255],[-16.388618,15.922482],[-16.388807,15.922887],[-16.388342,15.923162],[-16.388692,15.92326],[-16.383956,15.923952],[-16.381369,15.924533],[-16.374269,15.925348],[-16.353067,15.928571]],[[-16.360421,15.840774],[-16.360749,15.840908],[-16.361261,15.840679],[-16.361445,15.840406],[-16.361442,15.839954],[-16.360927,15.839732],[-16.360742,15.839914],[-16.360648,15.839824],[-16.360506,15.839599],[-16.360876,15.839099],[-16.360688,15.838784],[-16.360965,15.83833],[-16.360495,15.837882],[-16.360028,15.837839],[-16.359469,15.838069],[-16.359192,15.838568],[-16.359477,15.839289],[-16.359712,15.839468],[-16.360421,15.840774]],[[-16.36102,15.83955],[-16.361019,15.83946],[-16.360973,15.839505],[-16.36102,15.83955]],[[-16.361067,15.839731],[-16.361067,15.83964],[-16.360974,15.839686],[-16.361067,15.839731]],[[-16.390976,15.919077],[-16.390999,15.918942],[-16.390975,15.918897],[-16.390976,15.919077]],[[-16.387803,15.922826],[-16.387967,15.922983],[-16.388153,15.922801],[-16.388012,15.922712],[-16.387803,15.922826]],[[-16.384046,15.923234],[-16.384842,15.923455],[-16.385168,15.923363],[-16.3854,15.92309],[-16.385397,15.922729],[-16.384602,15.922598],[-16.384466,15.923186],[-16.384325,15.923007],[-16.384046,15.923234]],[[-16.382088,15.923699],[-16.382276,15.923833],[-16.382741,15.923559],[-16.383256,15.923737],[-16.383489,15.923645],[-16.383581,15.923463],[-16.383437,15.923012],[-16.383203,15.922923],[-16.382084,15.923157],[-16.382088,15.923699]]],[[[-16.41746,15.91294],[-16.417705,15.913775],[-16.417337,15.914062],[-16.41746,15.91294]]],[[[-16.418329,15.914563],[-16.418579,15.914711],[-16.41857,15.915366],[-16.418501,15.914922],[-16.418329,15.914563]]],[[[-16.418693,15.91582],[-16.419163,15.915138],[-16.419927,15.914647],[-16.419823,15.913801],[-16.42059,15.912572],[-16.421491,15.912395],[-16.422033,15.91204],[-16.422397,15.911456],[-16.422569,15.910551],[-16.424062,15.909492],[-16.424755,15.907935],[-16.42549,15.907265],[-16.425953,15.907063],[-16.425281,15.908098],[-16.425046,15.909293],[-16.424145,15.909913],[-16.423731,15.910901],[-16.422509,15.912428],[-16.422189,15.913343],[-16.422032,15.914989],[-16.420763,15.916506],[-16.419928,15.918554],[-16.419529,15.919143],[-16.419224,15.91808],[-16.418991,15.918172],[-16.418427,15.917724],[-16.418379,15.917498],[-16.418693,15.91582]],[[-16.421856,15.913815],[-16.421855,15.913724],[-16.421809,15.91377],[-16.421856,15.913815]]]]}},{"type":"Feature","properties":{"categorie":"Tanne"},"geometry":{"type":"MultiPolygon","coordinates":[[[[-16.45502,15.960094],[-16.455343,15.958677],[-16.454985,15.957428],[-16.454981,15.954366],[-16.455276,15.951321],[-16.455091,15.94556],[-16.454448,15.94274],[-16.455135,15.940522],[-16.455191,15.939888],[-16.454978,15.939294],[-16.454067,15.937911],[-16.453375,15.93594],[-16.454469,15.935642],[-16.456591,15.936469],[-16.456944,15.936142],[-16.456613,15.935122],[-16.455381,15.935048],[-16.455116,15.934643],[-16.455409,15.933791],[-16.455688,15.933618],[-16.456207,15.9336],[-16.456187,15.933798],[-16.455719,15.934017],[-16.455549,15.934341],[-16.455637,15.934555],[-16.456231,15.934659],[-16.456526,15.93449],[-16.457144,15.934485],[-16.457516,15.934638],[-16.457581,15.935092],[-16.457416,15.937546],[-16.45639,15.940256],[-16.456233,15.941775],[-16.456733,15.947701],[-16.456822,15.954822],[-16.456712,15.956368],[-16.456036,15.959871],[-16.4561,15.961843],[-16.455779,15.961716],[-16.455213,15.961042],[-16.45502,15.960094]]],[[[-16.456116,15.961939],[-16.456397,15.96323],[-16.457007,15.96549],[-16.456079,15.964425],[-16.456352,15.963475],[-16.456116,15.961939]]],[[[-16.458831,15.966334],[-16.458713,15.965126],[-16.459176,15.964974],[-16.459886,15.964969],[-16.460478,15.965563],[-16.460818,15.96559],[-16.461247,15.965169],[-16.461551,15.964479],[-16.462289,15.964026],[-16.463183,15.963721],[-16.464049,15.963775],[-16.464319,15.962667],[-16.464254,15.962219],[-16.463913,15.962042],[-16.463604,15.962104],[-16.462963,15.963214],[-16.462255,15.963518],[-16.461236,15.963644],[-16.460338,15.963352],[-16.459747,15.962847],[-16.459,15.961986],[-16.45881,15.961419],[-16.45896,15.96073],[-16.460313,15.959854],[-16.459684,15.958304],[-16.460019,15.957644],[-16.462548,15.957119],[-16.462914,15.956429],[-16.463017,15.953559],[-16.463432,15.951225],[-16.463366,15.950538],[-16.462898,15.950003],[-16.462818,15.947433],[-16.462563,15.946328],[-16.462954,15.944831],[-16.462818,15.943158],[-16.462906,15.94256],[-16.463424,15.94151],[-16.461955,15.939218],[-16.462626,15.937958],[-16.462729,15.935148],[-16.463191,15.934965],[-16.463901,15.934961],[-16.464521,15.935196],[-16.464864,15.935642],[-16.464407,15.936571],[-16.46405,15.93639],[-16.46369,15.936469],[-16.463576,15.936773],[-16.463678,15.938028],[-16.462758,15.938631],[-16.462505,15.939175],[-16.463728,15.941038],[-16.463938,15.941669],[-16.463518,15.942991],[-16.463812,15.944842],[-16.463195,15.947313],[-16.463841,15.951439],[-16.463466,15.953783],[-16.463302,15.956911],[-16.463927,15.958172],[-16.464027,15.959084],[-16.464506,15.960617],[-16.464661,15.962695],[-16.464345,15.964234],[-16.463834,15.964599],[-16.46304,15.964604],[-16.462851,15.964334],[-16.462712,15.964471],[-16.462806,15.964606],[-16.462625,15.96542],[-16.462866,15.966413],[-16.463007,15.966502],[-16.464401,15.965499],[-16.464684,15.965813],[-16.463943,15.966722],[-16.463577,15.967809],[-16.462969,15.967677],[-16.463012,15.96718],[-16.46287,15.966955],[-16.462777,15.967046],[-16.462822,15.966729],[-16.462681,15.966595],[-16.462215,15.966779],[-16.4617,15.966692],[-16.461282,15.966966],[-16.461188,15.966876],[-16.460676,15.967151],[-16.460678,15.967422],[-16.460261,15.967877],[-16.460125,15.96851],[-16.460409,15.969005],[-16.461627,15.969404],[-16.461813,15.969312],[-16.462281,15.969445],[-16.463079,15.970027],[-16.463223,15.970568],[-16.462854,15.971158],[-16.463561,15.972012],[-16.46371,15.973231],[-16.46357,15.97456],[-16.463715,15.975174],[-16.463473,15.975311],[-16.463003,15.974998],[-16.461947,15.973008],[-16.461643,15.972892],[-16.461275,15.973039],[-16.461001,15.974533],[-16.460324,15.975233],[-16.460191,15.9756],[-16.460968,15.977823],[-16.4607,15.97824],[-16.460188,15.978479],[-16.45942,15.978149],[-16.458722,15.977232],[-16.458398,15.976439],[-16.4565,15.97497],[-16.457175,15.973962],[-16.457365,15.97259],[-16.457676,15.972142],[-16.458083,15.970286],[-16.457334,15.966353],[-16.457585,15.966042],[-16.457107,15.965586],[-16.458831,15.966334]],[[-16.457586,15.966132],[-16.457726,15.966154],[-16.457773,15.966131],[-16.457586,15.966132]],[[-16.462846,15.970073],[-16.462939,15.970073],[-16.462892,15.970028],[-16.462846,15.970073]],[[-16.458017,15.974128],[-16.458019,15.974309],[-16.458111,15.974218],[-16.458017,15.974128]]]]}},{"type":"Feature","properties":{"categorie":"Tanne"},"geometry":{"type":"Polygon","coordinates":[[[-16.457486,15.967296],[-16.457358,15.966992],[-16.457334,15.966353],[-16.457486,15.967296]]]}},{"type":"Feature","properties":{"categorie":"Culture pluviale"},"geometry":{"type":"Polygon","coordinates":[[[-16.453337,15.972894],[-16.453711,15.972892],[-16.45418,15.97316],[-16.454459,15.973068],[-16.454554,15.973248],[-16.455254,15.973153],[-16.456143,15.973327],[-16.456795,15.973052],[-16.457365,15.97259],[-16.457276,15.973654],[-16.456751,15.974697],[-16.456027,15.975344],[-16.454993,15.975848],[-16.455119,15.977473],[-16.455611,15.979077],[-16.45663,15.979739],[-16.457505,15.980752],[-16.457802,15.98073],[-16.458515,15.97971],[-16.45926,15.979913],[-16.459778,15.980471],[-16.460021,15.981368],[-16.459648,15.983032],[-16.459783,15.984299],[-16.459347,15.984883],[-16.458564,15.984948],[-16.458047,15.984665],[-16.457511,15.981845],[-16.456877,15.980981],[-16.456396,15.980793],[-16.455121,15.981077],[-16.454343,15.980854],[-16.454238,15.979811],[-16.453227,15.978733],[-16.452695,15.977164],[-16.451682,15.976087],[-16.451008,15.975079],[-16.450627,15.97407],[-16.450959,15.973099],[-16.452311,15.973172],[-16.452963,15.972897],[-16.452869,15.972762],[-16.453148,15.972624],[-16.453337,15.972894]],[[-16.4565,15.974296],[-16.456616,15.974137],[-16.456474,15.973958],[-16.456336,15.974185],[-16.4565,15.974296]]]}},{"type":"Feature","properties":{"categorie":"Steppe"},"geometry":{"type":"MultiPolygon","coordinates":[[[[-16.451415,16.015728],[-16.44996,16.015006],[-16.448591,16.015387],[-16.4478,16.015058],[-16.447308,16.011575],[-16.446863,16.010814],[-16.445858,16.009665],[-16.445458,16.008011],[-16.44407,16.004996],[-16.444212,16.004689],[-16.445274,16.004614],[-16.445542,16.004419],[-16.445484,16.003456],[-16.444978,16.001987],[-16.444868,16.001077],[-16.44495,16.000642],[-16.445477,15.999959],[-16.445055,15.9995],[-16.444188,15.999366],[-16.443545,15.999062],[-16.443236,15.998793],[-16.443116,15.998421],[-16.443601,15.99689],[-16.443381,15.994402],[-16.443533,15.993746],[-16.44404,15.993636],[-16.444369,15.993854],[-16.444697,15.994373],[-16.444877,15.995496],[-16.445342,15.996094],[-16.445742,15.996336],[-16.446392,15.995887],[-16.447406,15.99424],[-16.447136,15.993881],[-16.44548,15.993389],[-16.444878,15.992689],[-16.444586,15.991985],[-16.445622,15.991429],[-16.44534,15.99116],[-16.445426,15.990165],[-16.445289,15.990034],[-16.446067,15.989167],[-16.446269,15.988613],[-16.445955,15.987876],[-16.446051,15.98735],[-16.445764,15.986439],[-16.4458,15.985562],[-16.444977,15.982848],[-16.444589,15.979345],[-16.444042,15.978018],[-16.444011,15.977455],[-16.444401,15.976465],[-16.445878,15.976271],[-16.446011,15.975727],[-16.445868,15.974915],[-16.444735,15.973296],[-16.444436,15.971522],[-16.444206,15.971152],[-16.443815,15.971119],[-16.443068,15.971381],[-16.441571,15.972398],[-16.44145,15.971131],[-16.441674,15.969837],[-16.441675,15.968671],[-16.441497,15.968636],[-16.440462,15.968851],[-16.438843,15.969801],[-16.44005,15.971303],[-16.44022,15.972919],[-16.439631,15.974107],[-16.439568,15.97578],[-16.438613,15.977874],[-16.437909,15.977993],[-16.437723,15.977893],[-16.438075,15.975174],[-16.437787,15.974539],[-16.437172,15.973889],[-16.435969,15.973464],[-16.4332,15.973361],[-16.431924,15.972555],[-16.431164,15.972467],[-16.430548,15.971974],[-16.430085,15.97081],[-16.429391,15.970566],[-16.429211,15.970261],[-16.429205,15.969381],[-16.42936,15.96894],[-16.430128,15.96859],[-16.430344,15.968321],[-16.430342,15.968092],[-16.429945,15.967807],[-16.429764,15.967349],[-16.430235,15.966906],[-16.430581,15.965907],[-16.430294,15.965296],[-16.430565,15.964472],[-16.431561,15.962839],[-16.43319,15.960992],[-16.433488,15.960356],[-16.435244,15.960787],[-16.435943,15.961165],[-16.436236,15.961657],[-16.436563,15.963482],[-16.437304,15.964836],[-16.438457,15.965931],[-16.441033,15.967491],[-16.442684,15.967843],[-16.444463,15.967621],[-16.445521,15.967055],[-16.445964,15.965922],[-16.446095,15.965932],[-16.446102,15.967159],[-16.445552,15.968654],[-16.445647,15.968834],[-16.44602,15.968786],[-16.446115,15.968921],[-16.44645,15.970049],[-16.446732,15.970408],[-16.446965,15.970226],[-16.447059,15.970361],[-16.447157,15.970948],[-16.447438,15.971127],[-16.447441,15.971488],[-16.447957,15.971846],[-16.44801,15.972659],[-16.449415,15.973102],[-16.450959,15.973099],[-16.450634,15.973898],[-16.450767,15.974564],[-16.451445,15.975782],[-16.452695,15.977164],[-16.453227,15.978733],[-16.454238,15.979811],[-16.454319,15.980823],[-16.454653,15.981014],[-16.455345,15.981087],[-16.456499,15.980795],[-16.457042,15.981132],[-16.457511,15.981845],[-16.457906,15.984318],[-16.458243,15.984849],[-16.459177,15.984945],[-16.459745,15.984453],[-16.459642,15.983114],[-16.460001,15.981726],[-16.459925,15.980785],[-16.4594,15.980006],[-16.4586,15.979705],[-16.458285,15.979874],[-16.457802,15.98073],[-16.457578,15.980789],[-16.45663,15.979739],[-16.455709,15.979187],[-16.455236,15.978074],[-16.454993,15.975848],[-16.4565,15.97497],[-16.458398,15.976439],[-16.458722,15.977232],[-16.45942,15.978149],[-16.460188,15.978479],[-16.4607,15.97824],[-16.460968,15.977823],[-16.460191,15.9756],[-16.460324,15.975233],[-16.461001,15.974533],[-16.461275,15.973039],[-16.461643,15.972892],[-16.462112,15.973169],[-16.462881,15.974827],[-16.463191,15.975186],[-16.463687,15.975264],[-16.46357,15.97456],[-16.463669,15.974162],[-16.464185,15.974357],[-16.464752,15.975167],[-16.46424,15.975441],[-16.464058,15.976166],[-16.463269,15.976849],[-16.462997,15.978026],[-16.463236,15.978702],[-16.463849,15.979466],[-16.463757,15.979738],[-16.463199,15.980013],[-16.463482,15.980508],[-16.46339,15.980644],[-16.463952,15.980776],[-16.46386,15.981002],[-16.464337,15.9824],[-16.464154,15.982943],[-16.464342,15.983123],[-16.464067,15.983757],[-16.463649,15.984212],[-16.463607,15.9848],[-16.46488,15.986463],[-16.465084,15.986938],[-16.464219,15.988068],[-16.463522,15.988542],[-16.462292,15.98893],[-16.461226,15.988802],[-16.460994,15.989129],[-16.461395,15.994052],[-16.461113,15.996485],[-16.461382,15.998761],[-16.46134,16.001618],[-16.461004,16.001991],[-16.459793,16.002581],[-16.458624,16.003651],[-16.457953,16.005237],[-16.456999,16.006409],[-16.456236,16.00683],[-16.455189,16.006828],[-16.454711,16.006542],[-16.454474,16.006083],[-16.45455,16.004926],[-16.454258,16.003382],[-16.454199,16.001747],[-16.454464,16.000913],[-16.45528,16.000031],[-16.455006,15.998253],[-16.453936,15.996371],[-16.451683,15.99363],[-16.451434,15.992782],[-16.451782,15.990511],[-16.452527,15.990618],[-16.45324,15.990346],[-16.453618,15.989593],[-16.454091,15.987878],[-16.454407,15.98758],[-16.455172,15.987349],[-16.455388,15.98707],[-16.455519,15.984879],[-16.455305,15.983745],[-16.454967,15.98331],[-16.454654,15.983236],[-16.453279,15.984388],[-16.453216,15.983271],[-16.45207,15.983535],[-16.451715,15.982044],[-16.450456,15.980922],[-16.449603,15.979568],[-16.449004,15.979039],[-16.449024,15.978856],[-16.449537,15.978415],[-16.449863,15.977554],[-16.451178,15.977365],[-16.451297,15.976794],[-16.451141,15.976467],[-16.449326,15.976559],[-16.448738,15.976754],[-16.448068,15.97767],[-16.446482,15.978685],[-16.445634,15.980089],[-16.445649,15.98036],[-16.446074,15.980431],[-16.446946,15.979966],[-16.447538,15.979991],[-16.4484,15.980385],[-16.449097,15.980942],[-16.450088,15.98249],[-16.450991,15.985726],[-16.451566,15.986868],[-16.450262,15.986962],[-16.449479,15.988047],[-16.449844,15.985836],[-16.449505,15.985056],[-16.448769,15.984173],[-16.44848,15.983344],[-16.448023,15.982962],[-16.447471,15.982778],[-16.446902,15.982834],[-16.446456,15.98308],[-16.446372,15.983652],[-16.446777,15.985676],[-16.446787,15.987038],[-16.447089,15.988718],[-16.446816,15.989821],[-16.446084,15.990628],[-16.445988,15.990937],[-16.44683,15.991719],[-16.447023,15.992902],[-16.447253,15.993171],[-16.447856,15.993315],[-16.448575,15.993256],[-16.449082,15.99306],[-16.449425,15.992705],[-16.448876,15.995691],[-16.447849,15.997045],[-16.447296,15.998106],[-16.447253,15.998576],[-16.447609,16.000029],[-16.448537,16.00052],[-16.449243,16.00112],[-16.450186,16.002425],[-16.451083,16.004985],[-16.45201,16.006479],[-16.451986,16.00704],[-16.451449,16.00773],[-16.452645,16.008204],[-16.453158,16.009067],[-16.454301,16.010131],[-16.454635,16.010933],[-16.45463,16.011291],[-16.454136,16.012385],[-16.452242,16.015399],[-16.451415,16.015728]],[[-16.44568,15.966981],[-16.445681,15.967071],[-16.445727,15.967026],[-16.44568,15.966981]]],[[[-16.468346,15.914565],[-16.470172,15.919742],[-16.472482,15.924859],[-16.471899,15.92653],[-16.471948,15.926891],[-16.471506,15.927699],[-16.471583,15.928015],[-16.471333,15.928405],[-16.471327,15.928758],[-16.471737,15.93002],[-16.47239,15.931073],[-16.472487,15.931597],[-16.472433,15.934399],[-16.471517,15.935652],[-16.47174,15.937686],[-16.472272,15.93811],[-16.471391,15.939264],[-16.471542,15.940151],[-16.470947,15.940826],[-16.471136,15.94105],[-16.470952,15.941458],[-16.471046,15.941548],[-16.470537,15.942229],[-16.470212,15.942412],[-16.470867,15.942634],[-16.470965,15.943221],[-16.47195,15.943756],[-16.472135,15.943574],[-16.473277,15.943823],[-16.473543,15.944537],[-16.47298,15.94543],[-16.472491,15.947539],[-16.4717,15.949289],[-16.471906,15.950562],[-16.472949,15.953908],[-16.473,15.954585],[-16.472796,15.955349],[-16.472455,15.955412],[-16.471752,15.955055],[-16.468529,15.955077],[-16.466335,15.955273],[-16.465916,15.955456],[-16.466387,15.95595],[-16.465037,15.956547],[-16.464472,15.956008],[-16.464147,15.956191],[-16.464009,15.956554],[-16.463874,15.957233],[-16.463984,15.958415],[-16.463302,15.956911],[-16.463466,15.953783],[-16.463841,15.951439],[-16.463195,15.947313],[-16.463812,15.944842],[-16.463518,15.942991],[-16.463938,15.941669],[-16.463728,15.941038],[-16.462505,15.939175],[-16.462758,15.938631],[-16.463678,15.938028],[-16.463576,15.936773],[-16.463714,15.936446],[-16.464181,15.936434],[-16.465466,15.937257],[-16.465783,15.93843],[-16.465822,15.942533],[-16.466048,15.94404],[-16.466511,15.944733],[-16.467815,15.945474],[-16.468123,15.945499],[-16.46812,15.945084],[-16.467493,15.943597],[-16.467302,15.9418],[-16.466581,15.940277],[-16.466987,15.938295],[-16.466876,15.935819],[-16.466299,15.934901],[-16.464825,15.933773],[-16.464691,15.933385],[-16.464758,15.932318],[-16.46411,15.931907],[-16.463987,15.931636],[-16.464112,15.931058],[-16.464785,15.930584],[-16.465517,15.929216],[-16.466538,15.928671],[-16.466389,15.928445],[-16.467185,15.927519],[-16.467047,15.927256],[-16.466701,15.927295],[-16.464752,15.929376],[-16.46439,15.92961],[-16.464117,15.929379],[-16.46577,15.926941],[-16.466037,15.926074],[-16.46772,15.923035],[-16.46814,15.921684],[-16.468349,15.920074],[-16.468122,15.919705],[-16.467305,15.919033],[-16.467104,15.918356],[-16.467328,15.917081],[-16.468346,15.914565]],[[-16.470241,15.943293],[-16.470404,15.943179],[-16.470216,15.943045],[-16.470124,15.943136],[-16.470241,15.943293]],[[-16.470312,15.943406],[-16.470314,15.943587],[-16.470406,15.943496],[-16.470312,15.943406]]],[[[-16.471901,15.960196],[-16.471801,15.960705],[-16.471898,15.960161],[-16.471901,15.960196]]],[[[-16.468719,15.982433],[-16.468494,15.983072],[-16.46865,15.982311],[-16.468719,15.982433]]],[[[-16.468967,15.988198],[-16.46891,15.988063],[-16.468953,15.987709],[-16.468967,15.988198]]],[[[-16.464341,15.982987],[-16.464435,15.982987],[-16.464388,15.983032],[-16.464341,15.982987]]],[[[-16.466716,15.956264],[-16.466624,15.956446],[-16.466389,15.956312],[-16.466575,15.956175],[-16.466716,15.956264]]]]}}]}