{"type":"FeatureCollection","name":"risques-vulnerabilite.geojson","features":[{"type":"Feature","properties":{"hauteur":"Extrême/ Superieure à 2m","Hauteur_Vu":"Extrême/ Superieure à 2m","indice":4},"geometry":{"type":"Polygon","coordinates":[[[-16.43494457601337,16.043129572125927],[-16.436071486114557,16.041940480644598],[-16.437086727572773,16.04325247062663],[-16.43664689857712,16.04387602801489],[-16.436448445534513,16.044599412767123],[-16.43494457601337,16.043129572125927]]]}},{"type":"Feature","properties":{"hauteur":"Extrême/ Superieure à 2m","Hauteur_Vu":"Extrême/ Superieure à 2m","indice":4},"geometry":{"type":"Polygon","coordinates":[[[-16.49432989685212,15.97569332528319],[-16.494159451250155,15.976227442099713],[-16.493846339585552,15.97644102623544],[-16.493877561665954,15.976251425322108],[-16.494085556808443,15.976017256337204],[-16.494002092432456,15.975576255864809],[-16.494230296536667,15.975571687436567],[-16.494329415885332,15.975212961148168],[-16.49444929844578,15.97515842280078],[-16.49464596856021,15.97547630704743],[-16.494892345011753,15.975426856958327],[-16.495087662780684,15.975594277385868],[-16.49465251668512,15.975891105365283],[-16.49432989685212,15.97569332528319]]]}},{"type":"Feature","properties":{"hauteur":"Extrême/ Superieure à 2m","Hauteur_Vu":"Extrême/ Superieure à 2m","indice":4},"geometry":{"type":"MultiPolygon","coordinates":[[[[-16.48888458291311,15.983827222820752],[-16.49031435494467,15.982463542218277],[-16.489786146560576,15.983189826172808],[-16.488957803364823,15.983867330378372],[-16.48888458291311,15.983827222820752]]],[[[-16.490435858721064,15.981718970037173],[-16.490776785734145,15.981827702135847],[-16.490511635263495,15.982192282741098],[-16.490435858721064,15.981718970037173]]],[[[-16.4909034151569,15.981130933776248],[-16.491188917683356,15.981261022713719],[-16.490983404344178,15.981543602553762],[-16.4909034151569,15.981130933776248]]]]}},{"type":"Feature","properties":{"hauteur":"Extrême/ Superieure à 2m","Hauteur_Vu":"Extrême/ Superieure à 2m","indice":4},"geometry":{"type":"Polygon","coordinates":[[[-16.509881898033772,15.979734974761802],[-16.511109074210875,15.978861104860583],[-16.511750008379664,15.97816439977208],[-16.511337683191684,15.978910220467947],[-16.509891555590247,15.979994482747955],[-16.509689881204704,15.980452393694351],[-16.509881898033772,15.979734974761802]]]}},{"type":"Feature","properties":{"hauteur":"Extrême/ Superieure à 2m","Hauteur_Vu":"Extrême/ Superieure à 2m","indice":4},"geometry":{"type":"Polygon","coordinates":[[[-16.50963594055917,15.985596548884658],[-16.51062835844592,15.985494103083852],[-16.50937945813797,15.985944450339838],[-16.509240688108388,15.98594840803563],[-16.50963594055917,15.985596548884658]]]}},{"type":"Feature","properties":{"hauteur":"Extrême/ Superieure à 2m","Hauteur_Vu":"Extrême/ Superieure à 2m","indice":4},"geometry":{"type":"Polygon","coordinates":[[[-16.50884597413545,15.98534400958248],[-16.509080389618667,15.98534385640065],[-16.50907191999754,15.985448342860902],[-16.508509379047734,15.985908785381572],[-16.50884597413545,15.98534400958248]]]}},{"type":"Feature","properties":{"hauteur":"Extrême/ Superieure à 2m","Hauteur_Vu":"Extrême/ Superieure à 2m","indice":4},"geometry":{"type":"Polygon","coordinates":[[[-16.50858379040695,15.986371471818833],[-16.508739927857697,15.986524033197783],[-16.50889621863204,15.986285737955741],[-16.508759825510655,15.98660668928883],[-16.50886620337829,15.987013208174304],[-16.509538847720822,15.987044290282986],[-16.509987615149697,15.987247009422363],[-16.510361928029845,15.986981821120578],[-16.51043349387827,15.987064859948083],[-16.510394822880315,15.9880765811776],[-16.50993823344195,15.988064870175231],[-16.509256491676524,15.987232749239771],[-16.508657534171775,15.98715639482664],[-16.508510810672153,15.986099727636459],[-16.508749506710167,15.986053298460165],[-16.50885582650705,15.98624648831676],[-16.50858379040695,15.986371471818833]]]}},{"type":"Feature","properties":{"hauteur":"Extrême/ Superieure à 2m","Hauteur_Vu":"Extrême/ Superieure à 2m","indice":4},"geometry":{"type":"Polygon","coordinates":[[[-16.458735294730495,15.963661955895049],[-16.458212078944353,15.963386524990833],[-16.457537039567523,15.963653661058578],[-16.456598465855762,15.96287679310344],[-16.456748653733197,15.96189414121149],[-16.457166715025195,15.96127667116848],[-16.457906628091198,15.960812173717992],[-16.45801790977241,15.96084722457729],[-16.457876416760694,15.961325573705324],[-16.459074006147517,15.962734715999227],[-16.459982219656126,15.963364085639364],[-16.461458339143075,15.965326289468935],[-16.459286176671945,15.964350439231684],[-16.45818768766976,15.964703990783187],[-16.458735294730495,15.963661955895049]]]}},{"type":"Feature","properties":{"hauteur":"Extrême/ Superieure à 2m","Hauteur_Vu":"Extrême/ Superieure à 2m","indice":4},"geometry":{"type":"Polygon","coordinates":[[[-16.466147873863655,15.968934495831101],[-16.46589396003538,15.968372309184277],[-16.466214531081256,15.96665152409364],[-16.46670181181046,15.968342936260052],[-16.467159885146888,15.968987273282524],[-16.466147873863655,15.968934495831101]]]}},{"type":"Feature","properties":{"hauteur":"Extrême/ Superieure à 2m","Hauteur_Vu":"Extrême/ Superieure à 2m","indice":4},"geometry":{"type":"Polygon","coordinates":[[[-16.477720946075866,15.966557923155829],[-16.477839709167995,15.965509839527227],[-16.47854686960196,15.966050995240206],[-16.477720946075866,15.966557923155829]]]}},{"type":"Feature","properties":{"hauteur":"Extrême/ Superieure à 2m","Hauteur_Vu":"Extrême/ Superieure à 2m","indice":4},"geometry":{"type":"Polygon","coordinates":[[[-16.476975750810308,15.963352606839878],[-16.47551848451941,15.963350664313701],[-16.47524557500857,15.965672340837099],[-16.474117163298263,15.966569205949332],[-16.474088461521696,15.963910948179219],[-16.473306241015784,15.96406847008063],[-16.472989606481153,15.962522108525377],[-16.473098727714852,15.961417401524248],[-16.47282256244701,15.959921484597317],[-16.473187322034363,15.958770273679194],[-16.47438683533543,15.958533813457722],[-16.473710350637596,15.957121197125716],[-16.47493117565931,15.957059133864453],[-16.47552163377448,15.957672710226571],[-16.4758240002405,15.958532920429256],[-16.47564453594701,15.959294987275872],[-16.47603089614725,15.959832384439105],[-16.47454546457459,15.960403492135317],[-16.476367082805698,15.960677443099181],[-16.47649638573367,15.961488115628276],[-16.476915890020322,15.961497173272427],[-16.477252499217624,15.962819614536953],[-16.476694892632953,15.962483301023594],[-16.476975750810308,15.963352606839878]]]}},{"type":"Feature","properties":{"hauteur":"Extrême/ Superieure à 2m","Hauteur_Vu":"Extrême/ Superieure à 2m","indice":4},"geometry":{"type":"Polygon","coordinates":[[[-16.47649638573367,15.961488115628276],[-16.47603089614725,15.959832384439105],[-16.476357433802086,15.95936021734685],[-16.47702745122074,15.95988671660839],[-16.47661656634331,15.960211771229414],[-16.477292886488243,15.96075612816679],[-16.47680811703665,15.961099592163311],[-16.476915890020322,15.961497173272427],[-16.47649638573367,15.961488115628276]]]}},{"type":"Feature","properties":{"hauteur":"Extrême/ Superieure à 2m","Hauteur_Vu":"Extrême/ Superieure à 2m","indice":4},"geometry":{"type":"Polygon","coordinates":[[[-16.474396558229277,15.967871157983875],[-16.47309321315972,15.967623485765934],[-16.474117163298263,15.966569205949332],[-16.474396558229277,15.967871157983875]]]}},{"type":"Feature","properties":{"hauteur":"Extrême/ Superieure à 2m","Hauteur_Vu":"Extrême/ Superieure à 2m","indice":4},"geometry":{"type":"Polygon","coordinates":[[[-16.476639021768875,15.966958446433503],[-16.4773144046,15.967792223701203],[-16.4784687376757,15.968327325678906],[-16.477712322343397,15.969901930461415],[-16.4787289585818,15.970584175093096],[-16.478333893019375,15.970965815175937],[-16.47847106460348,15.971585475850782],[-16.47800311680427,15.97212276697217],[-16.47782862839194,15.972722190925642],[-16.47715642111121,15.97253435973763],[-16.477301661075934,15.972992847749008],[-16.47681423863337,15.973083465881995],[-16.47649018098306,15.972634409584696],[-16.475646391809338,15.972180712200363],[-16.476335368720353,15.971185407865239],[-16.474543806894186,15.971975683549761],[-16.47562182275273,15.972195053117195],[-16.473914004615914,15.972734867476113],[-16.473290603326916,15.972261748758147],[-16.473317718592057,15.97133065680242],[-16.47253141143599,15.970933242461838],[-16.47275311546395,15.969829257411552],[-16.473279670879776,15.969291575762297],[-16.473383859655232,15.968777670486375],[-16.474396558229277,15.967871157983875],[-16.475656793542736,15.968338417523164],[-16.476639021768875,15.966958446433503]],[[-16.474359782338492,15.969483339601025],[-16.47594914915627,15.970039343588374],[-16.475696262761375,15.9683582867079],[-16.474359782338492,15.969483339601025]]]}},{"type":"Feature","properties":{"hauteur":"Extrême/ Superieure à 2m","Hauteur_Vu":"Extrême/ Superieure à 2m","indice":4},"geometry":{"type":"Polygon","coordinates":[[[-16.473632588035116,15.976741629884561],[-16.471224583901613,15.978548315645563],[-16.47167283783889,15.977844085993707],[-16.47341330518848,15.976701360391406],[-16.474790916060826,15.975289595583163],[-16.475338169603834,15.975050133685013],[-16.473632588035116,15.976741629884561]]]}},{"type":"Feature","properties":{"hauteur":"Extrême/ Superieure à 2m","Hauteur_Vu":"Extrême/ Superieure à 2m","indice":4},"geometry":{"type":"Polygon","coordinates":[[[-16.469873358371924,15.980411907429815],[-16.470665600238377,15.979717263121298],[-16.470501645379244,15.980073441383901],[-16.469080476728493,15.981442217168254],[-16.469873358371924,15.980411907429815]]]}},{"type":"Feature","properties":{"hauteur":"Haute/Entre 1 et 2m","Hauteur_Vu":"Haute/Entre 1 et 2m","indice":3},"geometry":{"type":"MultiPolygon","coordinates":[[[[-16.49432989685212,15.97569332528319],[-16.49465251668512,15.975891105365283],[-16.49414421605023,15.976237834548721],[-16.49432989685212,15.97569332528319]]],[[[-16.49608390683773,15.97473457347411],[-16.49616545652104,15.974859077549674],[-16.496050383583196,15.974937572721696],[-16.49608390683773,15.97473457347411]]]]}},{"type":"Feature","properties":{"hauteur":"Haute/Entre 1 et 2m","Hauteur_Vu":"Haute/Entre 1 et 2m","indice":3},"geometry":{"type":"Polygon","coordinates":[[[-16.495688823705688,15.97464296242642],[-16.495766018826895,15.974239633375264],[-16.495966973988494,15.974303876538066],[-16.49603737379274,15.974646506485568],[-16.495688823705688,15.97464296242642]]]}},{"type":"Feature","properties":{"hauteur":"Haute/Entre 1 et 2m","Hauteur_Vu":"Haute/Entre 1 et 2m","indice":3},"geometry":{"type":"Polygon","coordinates":[[[-16.511599313966958,15.974063342377395],[-16.512084427382987,15.974386641097604],[-16.51132859202556,15.974566493837582],[-16.51220999111661,15.974884024560868],[-16.51205830734914,15.975836868017874],[-16.512388760429765,15.97610008817065],[-16.511876512817306,15.976476642058808],[-16.512436006088723,15.976641284439648],[-16.512227324777164,15.977191738892346],[-16.512617190899558,15.977767821651797],[-16.51235822132412,15.97819331749619],[-16.51235374326266,15.978828861548728],[-16.511880980991062,15.980356818441008],[-16.511757377090575,15.984021580985319],[-16.511423614836666,15.98434615873416],[-16.51143729407016,15.983292842329972],[-16.510242951947106,15.981147053168371],[-16.509689881204704,15.980452393694351],[-16.509891555590247,15.979994482747955],[-16.510890317484304,15.979302726716018],[-16.511575873241778,15.97859228226039],[-16.51191165278931,15.97745950053713],[-16.511784433494757,15.976947210572293],[-16.5108594502632,15.97616603054176],[-16.510702960605368,15.975862799232182],[-16.510507899265228,15.973707004182803],[-16.512041399066824,15.973379968813054],[-16.511599313966958,15.974063342377395]]]}},{"type":"Feature","properties":{"hauteur":"Haute/Entre 1 et 2m","Hauteur_Vu":"Haute/Entre 1 et 2m","indice":3},"geometry":{"type":"Polygon","coordinates":[[[-16.511057231725964,15.984947696670245],[-16.511200309634514,15.984696066557714],[-16.51130562243901,15.984754998970674],[-16.51158437960391,15.985319928653878],[-16.511057231725964,15.984947696670245]]]}},{"type":"Feature","properties":{"hauteur":"Haute/Entre 1 et 2m","Hauteur_Vu":"Haute/Entre 1 et 2m","indice":3},"geometry":{"type":"MultiPolygon","coordinates":[[[[-16.511206023594713,15.985456851222066],[-16.51062835844592,15.985494103083852],[-16.51105817275415,15.985073002388877],[-16.511206023594713,15.985456851222066]]],[[[-16.511172796323468,15.986371566281003],[-16.510735153405115,15.986417904235093],[-16.51118235993706,15.986823518463124],[-16.510631355083977,15.987382345012325],[-16.510485172158567,15.987374794116143],[-16.51036671716228,15.986849389019651],[-16.509272070001636,15.986482630259262],[-16.509228871905975,15.986891690600991],[-16.509538847720822,15.987044290282986],[-16.508800739608205,15.986921175064312],[-16.50885582650705,15.98624648831676],[-16.509240688108388,15.98594840803563],[-16.51062835844592,15.985494103083852],[-16.511001450294298,15.985734274333044],[-16.5109020666499,15.986054220763766],[-16.511172796323468,15.986371566281003]]]]}},{"type":"Feature","properties":{"hauteur":"Haute/Entre 1 et 2m","Hauteur_Vu":"Haute/Entre 1 et 2m","indice":3},"geometry":{"type":"Polygon","coordinates":[[[-16.51062835844592,15.985494103083852],[-16.511206023594713,15.985456851222066],[-16.511001450294298,15.985734274333044],[-16.51062835844592,15.985494103083852]]]}},{"type":"Feature","properties":{"hauteur":"Haute/Entre 1 et 2m","Hauteur_Vu":"Haute/Entre 1 et 2m","indice":3},"geometry":{"type":"Polygon","coordinates":[[[-16.508509379047734,15.985908785381572],[-16.508815994417457,15.985664960109249],[-16.50881139363694,15.986079716871481],[-16.508510810672153,15.986099727636459],[-16.508509379047734,15.985908785381572]]]}},{"type":"Feature","properties":{"hauteur":"Haute/Entre 1 et 2m","Hauteur_Vu":"Haute/Entre 1 et 2m","indice":3},"geometry":{"type":"Polygon","coordinates":[[[-16.50935869871577,15.987288720707186],[-16.509440905068466,15.987556670138234],[-16.510111693714205,15.988162111585321],[-16.510394822880315,15.9880765811776],[-16.510485172158567,15.987374794116143],[-16.510635874074158,15.987624732938325],[-16.510775814045324,15.987981784843722],[-16.510295564194024,15.989132363527856],[-16.51015594553705,15.990666928461598],[-16.509533332791715,15.99072799038064],[-16.509198767995866,15.990536403704207],[-16.50882719584695,15.990756816882982],[-16.509167275353104,15.990450099593831],[-16.50937930633125,15.989932443379658],[-16.509433692048063,15.988753528570676],[-16.50927379057602,15.987996809621482],[-16.508732206108004,15.987242396104845],[-16.50935869871577,15.987288720707186]]]}},{"type":"Feature","properties":{"hauteur":"Haute/Entre 1 et 2m","Hauteur_Vu":"Haute/Entre 1 et 2m","indice":3},"geometry":{"type":"Polygon","coordinates":[[[-16.47777270093256,15.962155534422216],[-16.478500820874164,15.962192307188857],[-16.478874698738313,15.961867503130037],[-16.479353394190003,15.962377405893108],[-16.478451570122054,15.963045975158575],[-16.478025457186423,15.962977292715085],[-16.47777270093256,15.962155534422216]]]}},{"type":"Feature","properties":{"hauteur":"Haute/Entre 1 et 2m","Hauteur_Vu":"Haute/Entre 1 et 2m","indice":3},"geometry":{"type":"Polygon","coordinates":[[[-16.48142749687137,15.963431297870661],[-16.48240969254247,15.961950606250925],[-16.48295168032374,15.963516282021578],[-16.48142749687137,15.963431297870661]]]}},{"type":"Feature","properties":{"hauteur":"Haute/Entre 1 et 2m","Hauteur_Vu":"Haute/Entre 1 et 2m","indice":3},"geometry":{"type":"Polygon","coordinates":[[[-16.482391473348635,15.96450474967232],[-16.482989654122843,15.963647301718437],[-16.483155247428513,15.964356273229777],[-16.483356356356754,15.964862110589436],[-16.482391473348635,15.96450474967232]]]}},{"type":"Feature","properties":{"hauteur":"Haute/Entre 1 et 2m","Hauteur_Vu":"Haute/Entre 1 et 2m","indice":3},"geometry":{"type":"Polygon","coordinates":[[[-16.483335021030292,15.964896569737538],[-16.483380501092018,15.964790336277412],[-16.48377707524159,15.965035247420658],[-16.483482461898536,15.965234199652198],[-16.483335021030292,15.964896569737538]]]}},{"type":"Feature","properties":{"hauteur":"Haute/Entre 1 et 2m","Hauteur_Vu":"Haute/Entre 1 et 2m","indice":3},"geometry":{"type":"Polygon","coordinates":[[[-16.48401934485276,15.966941630127984],[-16.482412964731708,15.96700640495075],[-16.483657695235685,15.965995318124174],[-16.482506767709257,15.965922688563985],[-16.483482461898536,15.965234199652198],[-16.48401934485276,15.966941630127984]]]}},{"type":"Feature","properties":{"hauteur":"Haute/Entre 1 et 2m","Hauteur_Vu":"Haute/Entre 1 et 2m","indice":3},"geometry":{"type":"Polygon","coordinates":[[[-16.471524227281716,15.958768590584084],[-16.472620595196172,15.957710841427675],[-16.472948685277288,15.957028319136574],[-16.473601596248965,15.95690450576007],[-16.474404902289177,15.958474016240007],[-16.473187322034363,15.958770273679194],[-16.47282256244701,15.959921484597317],[-16.471524227281716,15.958768590584084]]]}},{"type":"Feature","properties":{"hauteur":"Haute/Entre 1 et 2m","Hauteur_Vu":"Haute/Entre 1 et 2m","indice":3},"geometry":{"type":"Polygon","coordinates":[[[-16.476283700592848,15.956346092935433],[-16.47659218939622,15.957620990784259],[-16.476039754775194,15.9579887859707],[-16.476700669844483,15.958115536844051],[-16.476783998802095,15.958544614446259],[-16.47603089614725,15.959832384439105],[-16.47564453594701,15.959294987275872],[-16.4758240002405,15.958532920429256],[-16.47552163377448,15.957672710226571],[-16.47493117565931,15.957059133864453],[-16.473710350637596,15.957121197125716],[-16.473601596248965,15.95690450576007],[-16.476283700592848,15.956346092935433]]]}},{"type":"Feature","properties":{"hauteur":"Haute/Entre 1 et 2m","Hauteur_Vu":"Haute/Entre 1 et 2m","indice":3},"geometry":{"type":"Polygon","coordinates":[[[-16.47454546457459,15.960403492135317],[-16.47603089614725,15.959832384439105],[-16.476367082805698,15.960677443099181],[-16.47454546457459,15.960403492135317]]]}},{"type":"Feature","properties":{"hauteur":"Haute/Entre 1 et 2m","Hauteur_Vu":"Haute/Entre 1 et 2m","indice":3},"geometry":{"type":"Polygon","coordinates":[[[-16.47706798890782,15.959421358538341],[-16.47735071300722,15.960756104390784],[-16.47661656634331,15.960211771229414],[-16.47702745122074,15.95988671660839],[-16.476357433802086,15.95936021734685],[-16.47706798890782,15.959421358538341]]]}},{"type":"Feature","properties":{"hauteur":"Haute/Entre 1 et 2m","Hauteur_Vu":"Haute/Entre 1 et 2m","indice":3},"geometry":{"type":"Polygon","coordinates":[[[-16.477927744729794,15.963321085647479],[-16.47702232473238,15.96350035205241],[-16.476694892632953,15.962483301023594],[-16.477252499217624,15.962819614536953],[-16.476915890020322,15.961497173272427],[-16.47741409776766,15.961409093703665],[-16.47735071300722,15.960756104390784],[-16.477927744729794,15.963321085647479]]]}},{"type":"Feature","properties":{"hauteur":"Haute/Entre 1 et 2m","Hauteur_Vu":"Haute/Entre 1 et 2m","indice":3},"geometry":{"type":"Polygon","coordinates":[[[-16.476915890020322,15.961497173272427],[-16.47680811703665,15.961099592163311],[-16.477292886488243,15.96075612816679],[-16.47741409776766,15.961409093703665],[-16.476915890020322,15.961497173272427]]]}},{"type":"Feature","properties":{"hauteur":"Haute/Entre 1 et 2m","Hauteur_Vu":"Haute/Entre 1 et 2m","indice":3},"geometry":{"type":"Polygon","coordinates":[[[-16.477437243224774,15.965407054725675],[-16.477285885740017,15.964954575427495],[-16.47780303472077,15.964819744499566],[-16.47772053132639,15.964504041722858],[-16.477041396829318,15.964419192132208],[-16.47699686496451,15.964234510004985],[-16.477230898123032,15.96418516552268],[-16.47702232473238,15.96350035205241],[-16.477927744729794,15.963321085647479],[-16.478342933817146,15.965263588149892],[-16.477437243224774,15.965407054725675]]]}},{"type":"Feature","properties":{"hauteur":"Haute/Entre 1 et 2m","Hauteur_Vu":"Haute/Entre 1 et 2m","indice":3},"geometry":{"type":"Polygon","coordinates":[[[-16.477230898123032,15.96418516552268],[-16.47699686496451,15.964234510004985],[-16.477041396829318,15.964419192132208],[-16.47772053132639,15.964504041722858],[-16.47780303472077,15.964819744499566],[-16.477285885740017,15.964954575427495],[-16.477437243224774,15.965407054725675],[-16.478342933817146,15.965263588149892],[-16.47854686960196,15.966050995240206],[-16.477839709167995,15.965509839527227],[-16.477699472651835,15.967204408150462],[-16.477072746353176,15.96690735895394],[-16.4770000587644,15.967404638953305],[-16.476639021768875,15.966958446433503],[-16.475656793542736,15.968338417523164],[-16.474396558229277,15.967871157983875],[-16.474117163298263,15.966569205949332],[-16.47524557500857,15.965672340837099],[-16.47551848451941,15.963350664313701],[-16.476975750810308,15.963352606839878],[-16.477230898123032,15.96418516552268]]]}},{"type":"Feature","properties":{"hauteur":"Haute/Entre 1 et 2m","Hauteur_Vu":"Haute/Entre 1 et 2m","indice":3},"geometry":{"type":"Polygon","coordinates":[[[-16.4773144046,15.967792223701203],[-16.4770000587644,15.967404638953305],[-16.477072746353176,15.96690735895394],[-16.478052147269516,15.967403757415333],[-16.4779988674162,15.967708457587086],[-16.47903226644246,15.968154876782602],[-16.47897767364797,15.968280565991565],[-16.47918830907758,15.968404432600218],[-16.479096707710404,15.968530376170602],[-16.47965514015293,15.96855637456379],[-16.47944387452065,15.968766683582297],[-16.4773144046,15.967792223701203]]]}},{"type":"Feature","properties":{"hauteur":"Haute/Entre 1 et 2m","Hauteur_Vu":"Haute/Entre 1 et 2m","indice":3},"geometry":{"type":"Polygon","coordinates":[[[-16.479375296691146,15.968247996728604],[-16.47881241467399,15.96719564603277],[-16.478664899275334,15.96642687277897],[-16.479547170583093,15.968133435956553],[-16.479375296691146,15.968247996728604]]]}},{"type":"Feature","properties":{"hauteur":"Haute/Entre 1 et 2m","Hauteur_Vu":"Haute/Entre 1 et 2m","indice":3},"geometry":{"type":"Polygon","coordinates":[[[-16.47881241467399,15.96719564603277],[-16.479375296691146,15.968247996728604],[-16.47918830907758,15.968404432600218],[-16.478864851798996,15.968036680373219],[-16.4779988674162,15.967708457587086],[-16.478052147269516,15.967403757415333],[-16.477699472651835,15.967204408150462],[-16.477720946075866,15.966557923155829],[-16.47854686960196,15.966050995240206],[-16.47881241467399,15.96719564603277]]]}},{"type":"Feature","properties":{"hauteur":"Haute/Entre 1 et 2m","Hauteur_Vu":"Haute/Entre 1 et 2m","indice":3},"geometry":{"type":"Polygon","coordinates":[[[-16.474359782338492,15.969483339601025],[-16.475696262761375,15.9683582867079],[-16.47594914915627,15.970039343588374],[-16.474359782338492,15.969483339601025]]]}},{"type":"Feature","properties":{"hauteur":"Haute/Entre 1 et 2m","Hauteur_Vu":"Haute/Entre 1 et 2m","indice":3},"geometry":{"type":"Polygon","coordinates":[[[-16.474543806894186,15.971975683549761],[-16.476335368720353,15.971185407865239],[-16.475646391809338,15.972180712200363],[-16.47649018098306,15.972634409584696],[-16.47671511432969,15.972920044322155],[-16.47681423863337,15.973083465881995],[-16.476554590420115,15.9735842665343],[-16.476100414079124,15.973056289330685],[-16.475256806210485,15.97325899700173],[-16.475058416597875,15.973123108167313],[-16.474769883088626,15.972523130018644],[-16.47562182275273,15.972195053117195],[-16.474543806894186,15.971975683549761]]]}},{"type":"Feature","properties":{"hauteur":"Haute/Entre 1 et 2m","Hauteur_Vu":"Haute/Entre 1 et 2m","indice":3},"geometry":{"type":"Polygon","coordinates":[[[-16.477476524487138,15.973127404111414],[-16.47715642111121,15.97253435973763],[-16.47752892169341,15.972649657297906],[-16.477510187163418,15.973091368945145],[-16.477708621982586,15.973233222418456],[-16.47748372410826,15.973688284426725],[-16.477476524487138,15.973127404111414]]]}},{"type":"Feature","properties":{"hauteur":"Haute/Entre 1 et 2m","Hauteur_Vu":"Haute/Entre 1 et 2m","indice":3},"geometry":{"type":"Polygon","coordinates":[[[-16.47782862839194,15.972722190925642],[-16.47800311680427,15.97212276697217],[-16.47847106460348,15.971585475850782],[-16.478333893019375,15.970965815175937],[-16.4787289585818,15.970584175093096],[-16.477712322343397,15.969901930461415],[-16.4784687376757,15.968327325678906],[-16.47944387452065,15.968766683582297],[-16.478872505399497,15.969394196954685],[-16.48006133547157,15.969375582017527],[-16.47966326746374,15.969767687686849],[-16.480300336099038,15.969791651647398],[-16.480445098025818,15.970184499871843],[-16.48007679954273,15.970640550389051],[-16.480670255054896,15.970605139655083],[-16.480372912403656,15.971063686139516],[-16.481009237575933,15.971405413150416],[-16.481422548811768,15.972246945467628],[-16.481228435874414,15.97269284776292],[-16.480633337899626,15.971876435288042],[-16.480430716835535,15.972423840162278],[-16.48052338043277,15.97286180148441],[-16.481207329880252,15.972758633670823],[-16.481701731939072,15.972883527467102],[-16.481229630011608,15.974113063883237],[-16.480899705663408,15.973706572775487],[-16.480562732979802,15.974019192873731],[-16.479823611410065,15.973960128640243],[-16.47981507509078,15.973480563018974],[-16.479302200141532,15.973885019799539],[-16.479122766539263,15.973390964624574],[-16.47883785176394,15.973862850538023],[-16.478250230410033,15.973223907931736],[-16.477952818835583,15.973726834230849],[-16.47782862839194,15.972722190925642]]]}},{"type":"Feature","properties":{"hauteur":"Haute/Entre 1 et 2m","Hauteur_Vu":"Haute/Entre 1 et 2m","indice":3},"geometry":{"type":"Polygon","coordinates":[[[-16.474088461521696,15.963910948179219],[-16.474117163298263,15.966569205949332],[-16.47309321315972,15.967623485765934],[-16.473551200955587,15.966040121998544],[-16.47350685356979,15.965458608858182],[-16.474065895410554,15.965147463054617],[-16.47404325961707,15.965004401649448],[-16.472557201969433,15.964229864827633],[-16.474088461521696,15.963910948179219]]]}},{"type":"Feature","properties":{"hauteur":"Haute/Entre 1 et 2m","Hauteur_Vu":"Haute/Entre 1 et 2m","indice":3},"geometry":{"type":"Polygon","coordinates":[[[-16.47218892246952,15.965322917544187],[-16.471515845010725,15.965223090732625],[-16.472627188472483,15.964943976685772],[-16.47260279066674,15.965403629775986],[-16.47218892246952,15.965322917544187]]]}},{"type":"Feature","properties":{"hauteur":"Haute/Entre 1 et 2m","Hauteur_Vu":"Haute/Entre 1 et 2m","indice":3},"geometry":{"type":"Polygon","coordinates":[[[-16.467159885146888,15.968987273282524],[-16.46670181181046,15.968342936260052],[-16.46795845567779,15.966731759584642],[-16.468390395161443,15.966752682961582],[-16.468298142697503,15.967636481823538],[-16.467974569625355,15.967990763211327],[-16.468014043384958,15.969280936001324],[-16.467159885146888,15.968987273282524]]]}},{"type":"Feature","properties":{"hauteur":"Haute/Entre 1 et 2m","Hauteur_Vu":"Haute/Entre 1 et 2m","indice":3},"geometry":{"type":"Polygon","coordinates":[[[-16.46661065755651,15.969696284425655],[-16.466147873863655,15.968934495831101],[-16.467159885146888,15.968987273282524],[-16.46661065755651,15.969696284425655]]]}},{"type":"Feature","properties":{"hauteur":"Haute/Entre 1 et 2m","Hauteur_Vu":"Haute/Entre 1 et 2m","indice":3},"geometry":{"type":"Polygon","coordinates":[[[-16.464666459127496,15.967844721292623],[-16.464410720608956,15.96787928189849],[-16.464410421172136,15.967413829028052],[-16.465349086408455,15.96650040086879],[-16.465386228740368,15.965882525318566],[-16.464800491336916,15.964645298643447],[-16.464461864822262,15.96218606119125],[-16.4652344197607,15.965364397500688],[-16.466214531081256,15.96665152409364],[-16.46589396003538,15.968372309184277],[-16.464666459127496,15.967844721292623]]]}},{"type":"Feature","properties":{"hauteur":"Haute/Entre 1 et 2m","Hauteur_Vu":"Haute/Entre 1 et 2m","indice":3},"geometry":{"type":"Polygon","coordinates":[[[-16.459286176671945,15.964350439231684],[-16.461458339143075,15.965326289468935],[-16.459982219656126,15.963364085639364],[-16.459074006147517,15.962734715999227],[-16.457876416760694,15.961325573705324],[-16.45837414345013,15.96095632773758],[-16.45871930176025,15.960067832760613],[-16.46000433885981,15.960776701933348],[-16.45955714900809,15.96120341790573],[-16.459045808786318,15.962567447332107],[-16.46026760058477,15.962207088739536],[-16.460013741473873,15.963351564154124],[-16.461221381389926,15.963165841774602],[-16.461782159351756,15.961816391081701],[-16.462987448035395,15.963007647705398],[-16.463007181195355,15.962327232709885],[-16.463233459859413,15.962483830519803],[-16.464646733182033,15.963858651691456],[-16.46273535545852,15.965667826603367],[-16.462304110848066,15.965742364944376],[-16.459020450755943,15.965454341533919],[-16.46136708418936,15.96582033658096],[-16.46014706018902,15.966001669410009],[-16.459329956133647,15.965604411900278],[-16.45850285159751,15.965529457580363],[-16.45818768766976,15.964703990783187],[-16.459286176671945,15.964350439231684]]]}},{"type":"Feature","properties":{"hauteur":"Haute/Entre 1 et 2m","Hauteur_Vu":"Haute/Entre 1 et 2m","indice":3},"geometry":{"type":"Polygon","coordinates":[[[-16.463289831487536,15.97544458043203],[-16.46565083467984,15.975649302337187],[-16.46470861270906,15.976714926288563],[-16.463289831487536,15.97544458043203]]]}},{"type":"Feature","properties":{"hauteur":"Haute/Entre 1 et 2m","Hauteur_Vu":"Haute/Entre 1 et 2m","indice":3},"geometry":{"type":"Polygon","coordinates":[[[-16.473650109879873,15.97376268553369],[-16.472479657845334,15.973135175743458],[-16.473726350713306,15.972801420592129],[-16.473840638008806,15.972824507228832],[-16.473650109879873,15.97376268553369]]]}},{"type":"Feature","properties":{"hauteur":"Haute/Entre 1 et 2m","Hauteur_Vu":"Haute/Entre 1 et 2m","indice":3},"geometry":{"type":"Polygon","coordinates":[[[-16.472448009342145,15.973024996347442],[-16.472653233908066,15.974939110811079],[-16.47467556703439,15.974805912534979],[-16.47549052687662,15.97490177016613],[-16.474790916060826,15.975289595583163],[-16.47341330518848,15.976701360391406],[-16.47141564008714,15.978102441368769],[-16.470665600238377,15.979717263121298],[-16.469873358371924,15.980411907429815],[-16.469080476728493,15.981442217168254],[-16.467816574222088,15.980799285734333],[-16.468678061289076,15.979659607658276],[-16.46738798918111,15.978281001467398],[-16.4686445667393,15.976759701576832],[-16.46933345048397,15.975639102376025],[-16.468236708584854,15.974545612059597],[-16.471184639228014,15.974453867452418],[-16.46988837603442,15.973069349374228],[-16.469491367817298,15.972342551630119],[-16.470395777060453,15.97138458058513],[-16.473023635458663,15.97244819122295],[-16.472448009342145,15.973024996347442]]]}},{"type":"Feature","properties":{"hauteur":"Haute/Entre 1 et 2m","Hauteur_Vu":"Haute/Entre 1 et 2m","indice":3},"geometry":{"type":"MultiPolygon","coordinates":[[[[-16.457983112222028,16.006066378366373],[-16.461175133691,16.009780252443186],[-16.460625105609566,16.01207404163017],[-16.459304606391093,16.012550384177153],[-16.45748704005072,16.01328099654636],[-16.451991975608625,16.00686034478872],[-16.45412237089454,16.004560427384583],[-16.45473555638643,16.00574378277027],[-16.456249776680135,16.006962799875033],[-16.457650889170335,16.006195439799736],[-16.457559521019352,16.00465647928106],[-16.459168087626182,16.00272406702541],[-16.46064843654192,16.002678202710317],[-16.460648035252404,16.003471864426178],[-16.457983112222028,16.006066378366373]]],[[[-16.46183284340666,16.01156299871029],[-16.46190068828877,16.011613901787758],[-16.46180884675802,16.01164703170413],[-16.46183284340666,16.01156299871029]]]]}},{"type":"Feature","properties":{"hauteur":"Haute/Entre 1 et 2m","Hauteur_Vu":"Haute/Entre 1 et 2m","indice":3},"geometry":{"type":"Polygon","coordinates":[[[-16.447130299862714,16.01585468051716],[-16.447836616316987,16.0158349994594],[-16.44741731060531,16.017153635166355],[-16.447558602750306,16.01727195904244],[-16.446625576513537,16.01764701028224],[-16.447130299862714,16.01585468051716]]]}},{"type":"Feature","properties":{"hauteur":"Haute/Entre 1 et 2m","Hauteur_Vu":"Haute/Entre 1 et 2m","indice":3},"geometry":{"type":"Polygon","coordinates":[[[-16.43457897486813,16.044964383532164],[-16.43494457601337,16.043129572125927],[-16.435313311353937,16.044103145590775],[-16.43498155448206,16.044308258503378],[-16.435445162659963,16.045280823254537],[-16.43457897486813,16.044964383532164]]]}},{"type":"Feature","properties":{"hauteur":"Haute/Entre 1 et 2m","Hauteur_Vu":"Haute/Entre 1 et 2m","indice":3},"geometry":{"type":"Polygon","coordinates":[[[-16.435461918334735,16.04363538809573],[-16.435464947120888,16.043990987329256],[-16.435313311353937,16.044103145590775],[-16.435047889738584,16.04323069917732],[-16.435461918334735,16.04363538809573]]]}},{"type":"Feature","properties":{"hauteur":"Haute/Entre 1 et 2m","Hauteur_Vu":"Haute/Entre 1 et 2m","indice":3},"geometry":{"type":"Polygon","coordinates":[[[-16.43664689857712,16.04387602801489],[-16.437086727572773,16.04325247062663],[-16.43815302919257,16.04418042751325],[-16.437938216187913,16.044342988334982],[-16.436448445534513,16.044599412767123],[-16.43664689857712,16.04387602801489]]]}},{"type":"Feature","properties":{"hauteur":"Haute/Entre 1 et 2m","Hauteur_Vu":"Haute/Entre 1 et 2m","indice":3},"geometry":{"type":"Polygon","coordinates":[[[-16.434345453407776,16.041138699141392],[-16.434267631704397,16.039748815489943],[-16.434937793098698,16.038544883582325],[-16.435180445116412,16.03882372718757],[-16.434816371327187,16.039685469625432],[-16.43513815279781,16.04067390399897],[-16.435025508116105,16.042178442483266],[-16.43559320348705,16.042445411854217],[-16.43494457601337,16.043129572125927],[-16.434345453407776,16.041138699141392]]]}},{"type":"Feature","properties":{"hauteur":"Haute/Entre 1 et 2m","Hauteur_Vu":"Haute/Entre 1 et 2m","indice":3},"geometry":{"type":"Polygon","coordinates":[[[-16.435025508116105,16.042178442483266],[-16.43513815279781,16.04067390399897],[-16.434816371327187,16.039685469625432],[-16.435180445116412,16.03882372718757],[-16.436025288050736,16.03966376216027],[-16.435957288636494,16.041800545658468],[-16.436071486114557,16.041940480644598],[-16.43559320348705,16.042445411854217],[-16.435025508116105,16.042178442483266]]]}},{"type":"Feature","properties":{"hauteur":"Haute/Entre 1 et 2m","Hauteur_Vu":"Haute/Entre 1 et 2m","indice":3},"geometry":{"type":"Polygon","coordinates":[[[-16.436025288050736,16.03966376216027],[-16.436668927789736,16.04035763514726],[-16.436438427479583,16.03833026498036],[-16.437677942771657,16.03822051122101],[-16.43687783205606,16.03678773236658],[-16.436533948852897,16.03529818706998],[-16.4374569773823,16.034080620135683],[-16.43756217067249,16.034121686781276],[-16.43747130518913,16.036079601853302],[-16.43760040041092,16.03687239996291],[-16.43846973596381,16.038922336355352],[-16.435957288636494,16.041800545658468],[-16.436025288050736,16.03966376216027]]]}},{"type":"Feature","properties":{"hauteur":"Haute/Entre 1 et 2m","Hauteur_Vu":"Haute/Entre 1 et 2m","indice":3},"geometry":{"type":"Polygon","coordinates":[[[-16.436626793685868,16.042658348213916],[-16.437430892367285,16.042062185553675],[-16.4380507994651,16.040736250421325],[-16.438473005655936,16.040238124289836],[-16.438488728887112,16.04070944269235],[-16.437086727572773,16.04325247062663],[-16.436626793685868,16.042658348213916]]]}},{"type":"Feature","properties":{"hauteur":"Haute/Entre 1 et 2m","Hauteur_Vu":"Haute/Entre 1 et 2m","indice":3},"geometry":{"type":"Polygon","coordinates":[[[-16.435957288636494,16.041800545658468],[-16.438161031769862,16.039328698228218],[-16.438473005655936,16.040238124289836],[-16.4380507994651,16.040736250421325],[-16.437430892367285,16.042062185553675],[-16.436626793685868,16.042658348213916],[-16.435957288636494,16.041800545658468]]]}},{"type":"Feature","properties":{"hauteur":"Haute/Entre 1 et 2m","Hauteur_Vu":"Haute/Entre 1 et 2m","indice":3},"geometry":{"type":"Polygon","coordinates":[[[-16.439031917149137,16.038368071861683],[-16.439544890627364,16.03976994847282],[-16.438161031769862,16.039328698228218],[-16.439031917149137,16.038368071861683]]]}},{"type":"Feature","properties":{"hauteur":"Haute/Entre 1 et 2m","Hauteur_Vu":"Haute/Entre 1 et 2m","indice":3},"geometry":{"type":"Polygon","coordinates":[[[-16.440026264962146,16.03720073840464],[-16.440131739368177,16.037710241771798],[-16.439031917149137,16.038368071861683],[-16.440026264962146,16.03720073840464]]]}},{"type":"Feature","properties":{"hauteur":"Haute/Entre 1 et 2m","Hauteur_Vu":"Haute/Entre 1 et 2m","indice":3},"geometry":{"type":"Polygon","coordinates":[[[-16.438044528387152,16.03061111553002],[-16.438707862529093,16.028031735651396],[-16.439837598593584,16.028540335706207],[-16.441197644752602,16.02846854518327],[-16.440543983087338,16.03024226752881],[-16.439802002839578,16.031318396420208],[-16.440956548183145,16.031841740760708],[-16.4399677362162,16.03291654493815],[-16.43990607262366,16.036360143608483],[-16.440026264962146,16.03720073840464],[-16.43846973596381,16.038922336355352],[-16.43760040041092,16.03687239996291],[-16.43747130518913,16.036079601853302],[-16.43756217067249,16.034121686781276],[-16.438044528387152,16.03061111553002]]]}},{"type":"Feature","properties":{"hauteur":"Haute/Entre 1 et 2m","Hauteur_Vu":"Haute/Entre 1 et 2m","indice":3},"geometry":{"type":"Polygon","coordinates":[[[-16.43650507665996,16.032559344325673],[-16.43771562608206,16.03142637832539],[-16.438044528387152,16.03061111553002],[-16.43760016002966,16.03382604598759],[-16.43650507665996,16.032559344325673]]]}},{"type":"Feature","properties":{"hauteur":"Haute/Entre 1 et 2m","Hauteur_Vu":"Haute/Entre 1 et 2m","indice":3},"geometry":{"type":"MultiPolygon","coordinates":[[[[-16.44677639039209,16.063353160226704],[-16.44653675726498,16.062644663374982],[-16.446502010146265,16.060343613188582],[-16.44688326124678,16.06137122154277],[-16.44677639039209,16.063353160226704]]],[[[-16.445996990397962,16.059472180041293],[-16.44595177742959,16.05896707106964],[-16.446288017394053,16.05976682602754],[-16.44645640054932,16.060220678978578],[-16.445996990397962,16.059472180041293]]],[[[-16.44466798536899,16.058742688019315],[-16.444418822269277,16.058422130785267],[-16.4447634850138,16.057438173863257],[-16.445312922179966,16.057447538273827],[-16.44584939053631,16.058723541346293],[-16.44466798536899,16.058742688019315]]],[[[-16.444071722461985,16.056073327754156],[-16.443461428845403,16.057020286243546],[-16.443179082446036,16.056804379859855],[-16.443947272169122,16.055930949864923],[-16.44275890629734,16.055016998566387],[-16.442818695582048,16.05346507851025],[-16.4433841465395,16.052859898361383],[-16.444814570936742,16.056262197684777],[-16.444071722461985,16.056073327754156]]]]}},{"type":"Feature","properties":{"hauteur":"Haute/Entre 1 et 2m","Hauteur_Vu":"Haute/Entre 1 et 2m","indice":3},"geometry":{"type":"Polygon","coordinates":[[[-16.4337063004318,16.055517876578776],[-16.43403921532897,16.05417895180671],[-16.432846812521326,16.05312473435424],[-16.434426415799877,16.053096261145754],[-16.433692845383533,16.051913660063356],[-16.435049095752927,16.050427649875775],[-16.435938268710853,16.051364540381847],[-16.436391325379297,16.053444122377417],[-16.434067301180395,16.056377748232507],[-16.432963473792707,16.056492549098074],[-16.432691958570167,16.05476978794141],[-16.4337063004318,16.055517876578776]]]}},{"type":"Feature","properties":{"hauteur":"Haute/Entre 1 et 2m","Hauteur_Vu":"Haute/Entre 1 et 2m","indice":3},"geometry":{"type":"Polygon","coordinates":[[[-16.41090285025645,16.057158173214265],[-16.4119008003343,16.057778178192322],[-16.41363148869516,16.05728936681845],[-16.412795045315903,16.059443163893814],[-16.41116327303729,16.059083941403706],[-16.41137908069068,16.058181435556733],[-16.41055728114998,16.05803766364195],[-16.41090285025645,16.057158173214265]]]}},{"type":"Feature","properties":{"hauteur":"Haute/Entre 1 et 2m","Hauteur_Vu":"Haute/Entre 1 et 2m","indice":3},"geometry":{"type":"Polygon","coordinates":[[[-16.40024204117837,16.055852635036906],[-16.399806358208675,16.05444119268534],[-16.401034217983348,16.055292480598236],[-16.400319470724167,16.05589390111709],[-16.40082837260059,16.056302328654773],[-16.400508588221793,16.056904150225666],[-16.40024204117837,16.055852635036906]]]}},{"type":"Feature","properties":{"hauteur":"Haute/Entre 1 et 2m","Hauteur_Vu":"Haute/Entre 1 et 2m","indice":3},"geometry":{"type":"Polygon","coordinates":[[[-16.40089191603948,16.056122889088954],[-16.401554651854084,16.0560260578211],[-16.401034217983348,16.055292480598236],[-16.40188096870787,16.053713021781515],[-16.40253295629306,16.05340441345913],[-16.401770778507267,16.054722244418684],[-16.40260871948229,16.05497037648076],[-16.40183751571113,16.056762680353415],[-16.400893213247915,16.05674946449705],[-16.40089191603948,16.056122889088954]]]}},{"type":"Feature","properties":{"hauteur":"Haute/Entre 1 et 2m","Hauteur_Vu":"Haute/Entre 1 et 2m","indice":3},"geometry":{"type":"Polygon","coordinates":[[[-16.390405003625926,16.057630877293395],[-16.390563214206114,16.057307605818227],[-16.39468494594758,16.05897556935475],[-16.394356941669795,16.059729607468864],[-16.393056637803866,16.05999765542729],[-16.393161305841257,16.060405746925266],[-16.39168123902072,16.060116996682886],[-16.390405003625926,16.057630877293395]]]}},{"type":"Feature","properties":{"hauteur":"Haute/Entre 1 et 2m","Hauteur_Vu":"Haute/Entre 1 et 2m","indice":3},"geometry":{"type":"Polygon","coordinates":[[[-16.392964572010246,16.062731360258937],[-16.392700967145004,16.063872863681404],[-16.393796646608916,16.06434909920402],[-16.39287965884176,16.06471908323221],[-16.393027516514532,16.065568486841528],[-16.392434322656335,16.065464931343225],[-16.39286599060187,16.065858960530853],[-16.392071171175402,16.06715758165243],[-16.391257071145105,16.067459756502462],[-16.391150950259345,16.06684281191028],[-16.390159803915342,16.066756754837257],[-16.391288300389775,16.064405694890546],[-16.392240000098834,16.064145890229153],[-16.392384380551288,16.061834044417814],[-16.392964572010246,16.062731360258937]]]}},{"type":"Feature","properties":{"hauteur":"Moyen /Entre 0.5 et 1m","Hauteur_Vu":"Moyen /Entre 0.5 et 1m","indice":2},"geometry":{"type":"Polygon","coordinates":[[[-16.41090285025645,16.057158173214265],[-16.41216712508938,16.05616372143533],[-16.4119008003343,16.057778178192322],[-16.41090285025645,16.057158173214265]]]}},{"type":"Feature","properties":{"hauteur":"Moyen /Entre 0.5 et 1m","Hauteur_Vu":"Moyen /Entre 0.5 et 1m","indice":2},"geometry":{"type":"Polygon","coordinates":[[[-16.413922314323024,16.055650877430537],[-16.41522787346832,16.05438909399812],[-16.416443591928527,16.055696877505245],[-16.413922314323024,16.055650877430537]]]}},{"type":"Feature","properties":{"hauteur":"Moyen /Entre 0.5 et 1m","Hauteur_Vu":"Moyen /Entre 0.5 et 1m","indice":2},"geometry":{"type":"Polygon","coordinates":[[[-16.423895383505087,16.054832917966543],[-16.42581989795539,16.054706735583004],[-16.424944167216346,16.0556554142594],[-16.424100046830635,16.05671129317966],[-16.423895383505087,16.054832917966543]]]}},{"type":"Feature","properties":{"hauteur":"Moyen /Entre 0.5 et 1m","Hauteur_Vu":"Moyen /Entre 0.5 et 1m","indice":2},"geometry":{"type":"Polygon","coordinates":[[[-16.423969175839318,16.05132358631407],[-16.42424497265539,16.050187943763312],[-16.4254587442692,16.049917305800463],[-16.42544130652458,16.051803124877438],[-16.423969175839318,16.05132358631407]]]}},{"type":"Feature","properties":{"hauteur":"Moyen /Entre 0.5 et 1m","Hauteur_Vu":"Moyen /Entre 0.5 et 1m","indice":2},"geometry":{"type":"Polygon","coordinates":[[[-16.4254587442692,16.049917305800463],[-16.424280086674365,16.048182657830058],[-16.426675017694283,16.04653165469373],[-16.427143825770628,16.049971730141163],[-16.4254587442692,16.049917305800463]]]}},{"type":"Feature","properties":{"hauteur":"Moyen /Entre 0.5 et 1m","Hauteur_Vu":"Moyen /Entre 0.5 et 1m","indice":2},"geometry":{"type":"Polygon","coordinates":[[[-16.426941951060968,16.04848718901335],[-16.428212570164305,16.046670598570607],[-16.428316655942837,16.048287073023904],[-16.42864680687772,16.049585767218122],[-16.426941951060968,16.04848718901335]]]}},{"type":"Feature","properties":{"hauteur":"Moyen /Entre 0.5 et 1m","Hauteur_Vu":"Moyen /Entre 0.5 et 1m","indice":2},"geometry":{"type":"Polygon","coordinates":[[[-16.426833415104973,16.04624416427],[-16.426967574894103,16.044285959112496],[-16.427884658757247,16.043086368777644],[-16.429181576418884,16.043232877947304],[-16.430188349559035,16.042498138859663],[-16.43136500679113,16.04308702537106],[-16.431719336340162,16.04431394425837],[-16.430778100679536,16.045585319705946],[-16.429361415293133,16.045952817423196],[-16.430008898441443,16.044158275697704],[-16.42831633118394,16.044778237717054],[-16.426675017694283,16.04653165469373],[-16.426833415104973,16.04624416427]]]}},{"type":"Feature","properties":{"hauteur":"Moyen /Entre 0.5 et 1m","Hauteur_Vu":"Moyen /Entre 0.5 et 1m","indice":2},"geometry":{"type":"Polygon","coordinates":[[[-16.42974841277178,16.041379200678225],[-16.431661975130154,16.040602601281968],[-16.430188349559035,16.042498138859663],[-16.42974841277178,16.041379200678225]]]}},{"type":"Feature","properties":{"hauteur":"Moyen /Entre 0.5 et 1m","Hauteur_Vu":"Moyen /Entre 0.5 et 1m","indice":2},"geometry":{"type":"Polygon","coordinates":[[[-16.429980250755897,16.04014240039773],[-16.432071719545657,16.03922139374356],[-16.431661975130154,16.040602601281968],[-16.429980250755897,16.04014240039773]]]}},{"type":"Feature","properties":{"hauteur":"Moyen /Entre 0.5 et 1m","Hauteur_Vu":"Moyen /Entre 0.5 et 1m","indice":2},"geometry":{"type":"Polygon","coordinates":[[[-16.432071719545657,16.03922139374356],[-16.431925479254712,16.036889114371768],[-16.434267631704397,16.039748815489943],[-16.433068239205248,16.04050966152425],[-16.432071719545657,16.03922139374356]]]}},{"type":"Feature","properties":{"hauteur":"Moyen /Entre 0.5 et 1m","Hauteur_Vu":"Moyen /Entre 0.5 et 1m","indice":2},"geometry":{"type":"Polygon","coordinates":[[[-16.43494457601337,16.043129572125927],[-16.43457897486813,16.044964383532164],[-16.434016852078678,16.046312581632797],[-16.432752607018713,16.04556019388901],[-16.433570708006624,16.043898769619297],[-16.433803858908977,16.042417294808974],[-16.434345453407776,16.041138699141392],[-16.43494457601337,16.043129572125927]]]}},{"type":"Feature","properties":{"hauteur":"Moyen /Entre 0.5 et 1m","Hauteur_Vu":"Moyen /Entre 0.5 et 1m","indice":2},"geometry":{"type":"Polygon","coordinates":[[[-16.436500486284974,16.0458603284659],[-16.436448445534513,16.044599412767123],[-16.437938216187913,16.044342988334982],[-16.43815302919257,16.04418042751325],[-16.438278438889544,16.044243175979375],[-16.43771819068361,16.046144565001363],[-16.436500486284974,16.0458603284659]]]}},{"type":"Feature","properties":{"hauteur":"Moyen /Entre 0.5 et 1m","Hauteur_Vu":"Moyen /Entre 0.5 et 1m","indice":2},"geometry":{"type":"Polygon","coordinates":[[[-16.438278438889544,16.044243175979375],[-16.439593934573814,16.04378024475354],[-16.439785893018694,16.044346743035913],[-16.439607120435777,16.045374026465858],[-16.438278438889544,16.044243175979375]]]}},{"type":"Feature","properties":{"hauteur":"Moyen /Entre 0.5 et 1m","Hauteur_Vu":"Moyen /Entre 0.5 et 1m","indice":2},"geometry":{"type":"Polygon","coordinates":[[[-16.437086727572773,16.04325247062663],[-16.43775040893952,16.04187206985085],[-16.438927420495734,16.042669396737846],[-16.438278438889544,16.044243175979375],[-16.437086727572773,16.04325247062663]]]}},{"type":"Feature","properties":{"hauteur":"Moyen /Entre 0.5 et 1m","Hauteur_Vu":"Moyen /Entre 0.5 et 1m","indice":2},"geometry":{"type":"Polygon","coordinates":[[[-16.43775040893952,16.04187206985085],[-16.438488728887112,16.04070944269235],[-16.438482236237586,16.040395825260365],[-16.439061299469817,16.039613940420523],[-16.439544890627364,16.03976994847282],[-16.439652923510415,16.0414412107033],[-16.43775040893952,16.04187206985085]]]}},{"type":"Feature","properties":{"hauteur":"Moyen /Entre 0.5 et 1m","Hauteur_Vu":"Moyen /Entre 0.5 et 1m","indice":2},"geometry":{"type":"Polygon","coordinates":[[[-16.438372032875535,16.03971068762343],[-16.438161031769862,16.039328698228218],[-16.439061299469817,16.039613940420523],[-16.438482236237586,16.040395825260365],[-16.438372032875535,16.03971068762343]]]}},{"type":"Feature","properties":{"hauteur":"Moyen /Entre 0.5 et 1m","Hauteur_Vu":"Moyen /Entre 0.5 et 1m","indice":2},"geometry":{"type":"Polygon","coordinates":[[[-16.439031917149137,16.038368071861683],[-16.440131739368177,16.037710241771798],[-16.439544890627364,16.03976994847282],[-16.439031917149137,16.038368071861683]]]}},{"type":"Feature","properties":{"hauteur":"Moyen /Entre 0.5 et 1m","Hauteur_Vu":"Moyen /Entre 0.5 et 1m","indice":2},"geometry":{"type":"Polygon","coordinates":[[[-16.43687783205606,16.03678773236658],[-16.437677942771657,16.03822051122101],[-16.436438427479583,16.03833026498036],[-16.43687783205606,16.03678773236658]]]}},{"type":"Feature","properties":{"hauteur":"Moyen /Entre 0.5 et 1m","Hauteur_Vu":"Moyen /Entre 0.5 et 1m","indice":2},"geometry":{"type":"Polygon","coordinates":[[[-16.439802002839578,16.031318396420208],[-16.440543983087338,16.03024226752881],[-16.441006667108994,16.031785832714014],[-16.439802002839578,16.031318396420208]]]}},{"type":"Feature","properties":{"hauteur":"Moyen /Entre 0.5 et 1m","Hauteur_Vu":"Moyen /Entre 0.5 et 1m","indice":2},"geometry":{"type":"Polygon","coordinates":[[[-16.433802447309542,16.04804232389469],[-16.43226893574073,16.048470297341964],[-16.431157922808197,16.049301222205088],[-16.431798075792234,16.04734560507374],[-16.434016852078678,16.046312581632797],[-16.433802447309542,16.04804232389469]]]}},{"type":"Feature","properties":{"hauteur":"Moyen /Entre 0.5 et 1m","Hauteur_Vu":"Moyen /Entre 0.5 et 1m","indice":2},"geometry":{"type":"Polygon","coordinates":[[[-16.4305727504441,16.04685849390445],[-16.430778100679536,16.045585319705946],[-16.431522602773114,16.04679247695764],[-16.431798075792234,16.04734560507374],[-16.4305727504441,16.04685849390445]]]}},{"type":"Feature","properties":{"hauteur":"Moyen /Entre 0.5 et 1m","Hauteur_Vu":"Moyen /Entre 0.5 et 1m","indice":2},"geometry":{"type":"Polygon","coordinates":[[[-16.433298818408918,16.049239172831694],[-16.433802447309542,16.04804232389469],[-16.4353723033432,16.049243195059262],[-16.43383906469102,16.05057225519452],[-16.432300372508735,16.050278209519245],[-16.433298818408918,16.049239172831694]]]}},{"type":"Feature","properties":{"hauteur":"Moyen /Entre 0.5 et 1m","Hauteur_Vu":"Moyen /Entre 0.5 et 1m","indice":2},"geometry":{"type":"Polygon","coordinates":[[[-16.433692845383533,16.051913660063356],[-16.434426415799877,16.053096261145754],[-16.432782702580486,16.053005069273407],[-16.432500369382414,16.05149422188507],[-16.43383906469102,16.05057225519452],[-16.435049095752927,16.050427649875775],[-16.433692845383533,16.051913660063356]]]}},{"type":"Feature","properties":{"hauteur":"Moyen /Entre 0.5 et 1m","Hauteur_Vu":"Moyen /Entre 0.5 et 1m","indice":2},"geometry":{"type":"Polygon","coordinates":[[[-16.433992688804967,16.054360522866364],[-16.4337063004318,16.055517876578776],[-16.432691958570167,16.05476978794141],[-16.432782702580486,16.053005069273407],[-16.433992688804967,16.054360522866364]]]}},{"type":"Feature","properties":{"hauteur":"Moyen /Entre 0.5 et 1m","Hauteur_Vu":"Moyen /Entre 0.5 et 1m","indice":2},"geometry":{"type":"Polygon","coordinates":[[[-16.447150692805554,16.065082656672107],[-16.445886086507485,16.06430350963832],[-16.44677639039209,16.063353160226704],[-16.44777059610438,16.063562733060092],[-16.448015775816575,16.064043106978286],[-16.447150692805554,16.065082656672107]]]}},{"type":"Feature","properties":{"hauteur":"Moyen /Entre 0.5 et 1m","Hauteur_Vu":"Moyen /Entre 0.5 et 1m","indice":2},"geometry":{"type":"Polygon","coordinates":[[[-16.448136496250246,16.06912185776655],[-16.447185558238505,16.06819738192938],[-16.448414760302555,16.068344218814342],[-16.44929832997464,16.0684874217418],[-16.448136496250246,16.06912185776655]]]}},{"type":"Feature","properties":{"hauteur":"Moyen /Entre 0.5 et 1m","Hauteur_Vu":"Moyen /Entre 0.5 et 1m","indice":2},"geometry":{"type":"Polygon","coordinates":[[[-16.445920198160298,16.067316796765503],[-16.446819905962197,16.06627836436097],[-16.44814878505293,16.06655581182321],[-16.447308465437914,16.068124942616944],[-16.445920198160298,16.067316796765503]]]}},{"type":"Feature","properties":{"hauteur":"Moyen /Entre 0.5 et 1m","Hauteur_Vu":"Moyen /Entre 0.5 et 1m","indice":2},"geometry":{"type":"Polygon","coordinates":[[[-16.444866501125663,16.068398037067006],[-16.444453826144,16.066801568894256],[-16.445920198160298,16.067316796765503],[-16.444866501125663,16.068398037067006]]]}},{"type":"Feature","properties":{"hauteur":"Moyen /Entre 0.5 et 1m","Hauteur_Vu":"Moyen /Entre 0.5 et 1m","indice":2},"geometry":{"type":"Polygon","coordinates":[[[-16.511670440906958,15.972326552034597],[-16.511465770583712,15.972222794357316],[-16.511977378064014,15.971929913031014],[-16.51196507569542,15.97246386588692],[-16.511670440906958,15.972326552034597]]]}},{"type":"Feature","properties":{"hauteur":"Moyen /Entre 0.5 et 1m","Hauteur_Vu":"Moyen /Entre 0.5 et 1m","indice":2},"geometry":{"type":"Polygon","coordinates":[[[-16.512115618990755,15.973867165829455],[-16.511599313966958,15.974063342377395],[-16.51202338744793,15.973445735214439],[-16.512115618990755,15.973867165829455]]]}},{"type":"Feature","properties":{"hauteur":"Moyen /Entre 0.5 et 1m","Hauteur_Vu":"Moyen /Entre 0.5 et 1m","indice":2},"geometry":{"type":"Polygon","coordinates":[[[-16.51220999111661,15.974884024560868],[-16.51132859202556,15.974566493837582],[-16.511339061655303,15.974523157671545],[-16.51217621155487,15.974333544265074],[-16.51220999111661,15.974884024560868]]]}},{"type":"Feature","properties":{"hauteur":"Moyen /Entre 0.5 et 1m","Hauteur_Vu":"Moyen /Entre 0.5 et 1m","indice":2},"geometry":{"type":"Polygon","coordinates":[[[-16.512436006088723,15.976641284439648],[-16.511876512817306,15.976476642058808],[-16.512223091889126,15.976217614200587],[-16.512388760429765,15.97610008817065],[-16.512436006088723,15.976641284439648]]]}},{"type":"Feature","properties":{"hauteur":"Moyen /Entre 0.5 et 1m","Hauteur_Vu":"Moyen /Entre 0.5 et 1m","indice":2},"geometry":{"type":"Polygon","coordinates":[[[-16.512531153783126,15.979794793927939],[-16.511974127297577,15.98037728418518],[-16.511880980991062,15.980356818441008],[-16.51208484989557,15.979554667725532],[-16.512531153783126,15.979794793927939]]]}},{"type":"Feature","properties":{"hauteur":"Moyen /Entre 0.5 et 1m","Hauteur_Vu":"Moyen /Entre 0.5 et 1m","indice":2},"geometry":{"type":"Polygon","coordinates":[[[-16.512340537319716,15.982105170148186],[-16.511803616160385,15.982379165389947],[-16.511843799217658,15.981485380596903],[-16.512340537319716,15.982105170148186]]]}},{"type":"Feature","properties":{"hauteur":"Moyen /Entre 0.5 et 1m","Hauteur_Vu":"Moyen /Entre 0.5 et 1m","indice":2},"geometry":{"type":"Polygon","coordinates":[[[-16.511858290895212,15.984771315611889],[-16.511200309634514,15.984696066557714],[-16.511423614836666,15.98434615873416],[-16.511757377090575,15.984021580985319],[-16.511858290895212,15.984771315611889]]]}},{"type":"Feature","properties":{"hauteur":"Moyen /Entre 0.5 et 1m","Hauteur_Vu":"Moyen /Entre 0.5 et 1m","indice":2},"geometry":{"type":"Polygon","coordinates":[[[-16.51158437960391,15.985319928653878],[-16.511206023594713,15.985456851222066],[-16.511057231725964,15.984947696670245],[-16.51158437960391,15.985319928653878]]]}},{"type":"Feature","properties":{"hauteur":"Moyen /Entre 0.5 et 1m","Hauteur_Vu":"Moyen /Entre 0.5 et 1m","indice":2},"geometry":{"type":"Polygon","coordinates":[[[-16.511301478115037,15.985927117776079],[-16.51096169323339,15.985934765465455],[-16.510910176836543,15.985901998805634],[-16.511206023594713,15.985456851222066],[-16.511301478115037,15.985927117776079]]]}},{"type":"Feature","properties":{"hauteur":"Moyen /Entre 0.5 et 1m","Hauteur_Vu":"Moyen /Entre 0.5 et 1m","indice":2},"geometry":{"type":"Polygon","coordinates":[[[-16.511227605499204,15.98749373129298],[-16.510775814045324,15.987981784843722],[-16.51054226892179,15.987430708944087],[-16.51118235993706,15.986823518463124],[-16.511227605499204,15.98749373129298]]]}},{"type":"Feature","properties":{"hauteur":"Moyen /Entre 0.5 et 1m","Hauteur_Vu":"Moyen /Entre 0.5 et 1m","indice":2},"geometry":{"type":"Polygon","coordinates":[[[-16.5109935395891,15.98854601392851],[-16.510415084037017,15.988618340061583],[-16.510555237486965,15.988387616120594],[-16.510775814045324,15.987981784843722],[-16.5109935395891,15.98854601392851]]]}},{"type":"Feature","properties":{"hauteur":"Moyen /Entre 0.5 et 1m","Hauteur_Vu":"Moyen /Entre 0.5 et 1m","indice":2},"geometry":{"type":"Polygon","coordinates":[[[-16.51038451251118,15.989719933244958],[-16.510870604468874,15.990005804429915],[-16.510282666468452,15.9901417585496],[-16.51038451251118,15.989719933244958]]]}},{"type":"Feature","properties":{"hauteur":"Moyen /Entre 0.5 et 1m","Hauteur_Vu":"Moyen /Entre 0.5 et 1m","indice":2},"geometry":{"type":"Polygon","coordinates":[[[-16.51057421969367,15.9911775268755],[-16.510487214619047,15.991563250850215],[-16.509491391530595,15.991538932481603],[-16.50872619967849,15.990925967816578],[-16.50882719584695,15.990756816882982],[-16.509198767995866,15.990536403704207],[-16.509533332791715,15.99072799038064],[-16.51015594553705,15.990666928461598],[-16.51057421969367,15.9911775268755]]]}},{"type":"Feature","properties":{"hauteur":"Moyen /Entre 0.5 et 1m","Hauteur_Vu":"Moyen /Entre 0.5 et 1m","indice":2},"geometry":{"type":"Polygon","coordinates":[[[-16.48888458291311,15.983827222820752],[-16.488958259405187,15.983866957381686],[-16.48890562929962,15.983910003691532],[-16.48888458291311,15.983827222820752]]]}},{"type":"Feature","properties":{"hauteur":"Moyen /Entre 0.5 et 1m","Hauteur_Vu":"Moyen /Entre 0.5 et 1m","indice":2},"geometry":{"type":"Polygon","coordinates":[[[-16.487490406777937,15.985025620463363],[-16.487521682578492,15.985041937567065],[-16.487504567517558,15.985055936023043],[-16.487490406777937,15.985025620463363]]]}},{"type":"Feature","properties":{"hauteur":"Moyen /Entre 0.5 et 1m","Hauteur_Vu":"Moyen /Entre 0.5 et 1m","indice":2},"geometry":{"type":"Polygon","coordinates":[[[-16.482217877267452,15.959869822635678],[-16.48183702480489,15.960572001814347],[-16.48131448055817,15.95974980292703],[-16.482253689697593,15.95956450574331],[-16.482217877267452,15.959869822635678]]]}},{"type":"Feature","properties":{"hauteur":"Moyen /Entre 0.5 et 1m","Hauteur_Vu":"Moyen /Entre 0.5 et 1m","indice":2},"geometry":{"type":"Polygon","coordinates":[[[-16.480829002645553,15.961751879885442],[-16.48183702480489,15.960572001814347],[-16.48240969254247,15.961950606250925],[-16.480829002645553,15.961751879885442]]]}},{"type":"Feature","properties":{"hauteur":"Moyen /Entre 0.5 et 1m","Hauteur_Vu":"Moyen /Entre 0.5 et 1m","indice":2},"geometry":{"type":"Polygon","coordinates":[[[-16.479452581657323,15.962371483077185],[-16.479353394190003,15.962377405893108],[-16.478874698738313,15.961867503130037],[-16.479320820980238,15.961457176387304],[-16.479685451476072,15.96076563205841],[-16.479452581657323,15.962371483077185]]]}},{"type":"Feature","properties":{"hauteur":"Moyen /Entre 0.5 et 1m","Hauteur_Vu":"Moyen /Entre 0.5 et 1m","indice":2},"geometry":{"type":"Polygon","coordinates":[[[-16.478645811681375,15.96393656768408],[-16.479103878226425,15.96560341979017],[-16.47854686960196,15.966050995240206],[-16.477927744729794,15.963321085647479],[-16.478025457186423,15.962977292715085],[-16.478451570122054,15.963045975158575],[-16.479452581657323,15.962371483077185],[-16.478645811681375,15.96393656768408]]]}},{"type":"Feature","properties":{"hauteur":"Moyen /Entre 0.5 et 1m","Hauteur_Vu":"Moyen /Entre 0.5 et 1m","indice":2},"geometry":{"type":"Polygon","coordinates":[[[-16.482391473348635,15.96450474967232],[-16.48142749687137,15.963431297870661],[-16.48295168032374,15.963516282021578],[-16.482391473348635,15.96450474967232]]]}},{"type":"Feature","properties":{"hauteur":"Moyen /Entre 0.5 et 1m","Hauteur_Vu":"Moyen /Entre 0.5 et 1m","indice":2},"geometry":{"type":"Polygon","coordinates":[[[-16.482391473348635,15.96450474967232],[-16.483356356356754,15.964862110589436],[-16.483482461898536,15.965234199652198],[-16.482506767709257,15.965922688563985],[-16.482391473348635,15.96450474967232]]]}},{"type":"Feature","properties":{"hauteur":"Moyen /Entre 0.5 et 1m","Hauteur_Vu":"Moyen /Entre 0.5 et 1m","indice":2},"geometry":{"type":"Polygon","coordinates":[[[-16.482506767709257,15.965922688563985],[-16.483657695235685,15.965995318124174],[-16.48347696911416,15.966163648834149],[-16.482412964731708,15.96700640495075],[-16.482506767709257,15.965922688563985]]]}},{"type":"Feature","properties":{"hauteur":"Moyen /Entre 0.5 et 1m","Hauteur_Vu":"Moyen /Entre 0.5 et 1m","indice":2},"geometry":{"type":"Polygon","coordinates":[[[-16.483059920066047,15.967535488248178],[-16.482412964731708,15.96700640495075],[-16.48318712044039,15.967010023058423],[-16.48401934485276,15.966941630127984],[-16.483059920066047,15.967535488248178]]]}},{"type":"Feature","properties":{"hauteur":"Moyen /Entre 0.5 et 1m","Hauteur_Vu":"Moyen /Entre 0.5 et 1m","indice":2},"geometry":{"type":"Polygon","coordinates":[[[-16.48134599399788,15.971060858060133],[-16.48166955490805,15.971437338374162],[-16.48122533146313,15.971842773501224],[-16.481009237575933,15.971405413150416],[-16.48134599399788,15.971060858060133]]]}},{"type":"Feature","properties":{"hauteur":"Moyen /Entre 0.5 et 1m","Hauteur_Vu":"Moyen /Entre 0.5 et 1m","indice":2},"geometry":{"type":"Polygon","coordinates":[[[-16.481207329880252,15.972758633670823],[-16.481422548811768,15.972246945467628],[-16.48167630757179,15.972724635219647],[-16.481701731939072,15.972883527467102],[-16.481207329880252,15.972758633670823]]]}},{"type":"Feature","properties":{"hauteur":"Moyen /Entre 0.5 et 1m","Hauteur_Vu":"Moyen /Entre 0.5 et 1m","indice":2},"geometry":{"type":"Polygon","coordinates":[[[-16.48105746411595,15.974153652017666],[-16.480553985693334,15.974080849469528],[-16.480899705663408,15.973706572775487],[-16.481229630011608,15.974113063883237],[-16.48105746411595,15.974153652017666]]]}},{"type":"Feature","properties":{"hauteur":"Moyen /Entre 0.5 et 1m","Hauteur_Vu":"Moyen /Entre 0.5 et 1m","indice":2},"geometry":{"type":"Polygon","coordinates":[[[-16.478774751555132,15.973908990680956],[-16.477952818835583,15.973726834230849],[-16.478250230410033,15.973223907931736],[-16.47883785176394,15.973862850538023],[-16.47921553140235,15.97342314727387],[-16.47936399240607,15.973899513299758],[-16.478774751555132,15.973908990680956]]]}},{"type":"Feature","properties":{"hauteur":"Moyen /Entre 0.5 et 1m","Hauteur_Vu":"Moyen /Entre 0.5 et 1m","indice":2},"geometry":{"type":"Polygon","coordinates":[[[-16.476998769980547,15.973670689139341],[-16.477445216793857,15.973751781559251],[-16.477173332654633,15.974119206983417],[-16.476998769980547,15.973670689139341]]]}},{"type":"Feature","properties":{"hauteur":"Moyen /Entre 0.5 et 1m","Hauteur_Vu":"Moyen /Entre 0.5 et 1m","indice":2},"geometry":{"type":"Polygon","coordinates":[[[-16.476554590420115,15.9735842665343],[-16.47681423863337,15.973083465881995],[-16.476923268801723,15.973384546172802],[-16.476998769980547,15.973670689139341],[-16.476554590420115,15.9735842665343]]]}},{"type":"Feature","properties":{"hauteur":"Moyen /Entre 0.5 et 1m","Hauteur_Vu":"Moyen /Entre 0.5 et 1m","indice":2},"geometry":{"type":"Polygon","coordinates":[[[-16.474613034805675,15.973092689864417],[-16.473914004615914,15.972734867476113],[-16.474769883088626,15.972523130018644],[-16.475256806210485,15.97325899700173],[-16.474613034805675,15.973092689864417]]]}},{"type":"Feature","properties":{"hauteur":"Moyen /Entre 0.5 et 1m","Hauteur_Vu":"Moyen /Entre 0.5 et 1m","indice":2},"geometry":{"type":"Polygon","coordinates":[[[-16.473840638008806,15.972824507228832],[-16.472459542020204,15.973136694723669],[-16.473023635458663,15.97244819122295],[-16.473914004615914,15.972734867476113],[-16.473840638008806,15.972824507228832]]]}},{"type":"Feature","properties":{"hauteur":"Moyen /Entre 0.5 et 1m","Hauteur_Vu":"Moyen /Entre 0.5 et 1m","indice":2},"geometry":{"type":"Polygon","coordinates":[[[-16.472459542020204,15.973136694723669],[-16.473650109879873,15.97376268553369],[-16.474302164601866,15.974819555681405],[-16.472653233908066,15.974939110811079],[-16.472459542020204,15.973136694723669]]]}},{"type":"Feature","properties":{"hauteur":"Moyen /Entre 0.5 et 1m","Hauteur_Vu":"Moyen /Entre 0.5 et 1m","indice":2},"geometry":{"type":"Polygon","coordinates":[[[-16.469278903213205,15.970732821161217],[-16.469725002283525,15.970022324622532],[-16.47003313271359,15.970522536239667],[-16.469278903213205,15.970732821161217]]]}},{"type":"Feature","properties":{"hauteur":"Moyen /Entre 0.5 et 1m","Hauteur_Vu":"Moyen /Entre 0.5 et 1m","indice":2},"geometry":{"type":"Polygon","coordinates":[[[-16.469434490250922,15.968583107859601],[-16.47060429053519,15.968696094939817],[-16.470423162811066,15.969207538271087],[-16.469725002283525,15.970022324622532],[-16.469434490250922,15.968583107859601]]]}},{"type":"Feature","properties":{"hauteur":"Moyen /Entre 0.5 et 1m","Hauteur_Vu":"Moyen /Entre 0.5 et 1m","indice":2},"geometry":{"type":"Polygon","coordinates":[[[-16.46745652383596,15.969485518920871],[-16.467008061354868,15.969872546010839],[-16.467159885146888,15.968987273282524],[-16.468014043384958,15.969280936001324],[-16.467880604622223,15.970229526929804],[-16.46745652383596,15.969485518920871]]]}},{"type":"Feature","properties":{"hauteur":"Moyen /Entre 0.5 et 1m","Hauteur_Vu":"Moyen /Entre 0.5 et 1m","indice":2},"geometry":{"type":"Polygon","coordinates":[[[-16.467974569625355,15.967990763211327],[-16.468298142697503,15.967636481823538],[-16.468672060555914,15.967667836592435],[-16.469058140502934,15.96692882188966],[-16.469434490250922,15.968583107859601],[-16.468014043384958,15.969280936001324],[-16.467974569625355,15.967990763211327]]]}},{"type":"Feature","properties":{"hauteur":"Moyen /Entre 0.5 et 1m","Hauteur_Vu":"Moyen /Entre 0.5 et 1m","indice":2},"geometry":{"type":"Polygon","coordinates":[[[-16.470362713466415,15.967629994957738],[-16.47108081428348,15.966941307417342],[-16.470966812376197,15.967710025117803],[-16.470362713466415,15.967629994957738]]]}},{"type":"Feature","properties":{"hauteur":"Moyen /Entre 0.5 et 1m","Hauteur_Vu":"Moyen /Entre 0.5 et 1m","indice":2},"geometry":{"type":"Polygon","coordinates":[[[-16.46795845567779,15.966731759584642],[-16.467884168604684,15.965495629028965],[-16.46846977950057,15.96676978087721],[-16.46795845567779,15.966731759584642]]]}},{"type":"Feature","properties":{"hauteur":"Moyen /Entre 0.5 et 1m","Hauteur_Vu":"Moyen /Entre 0.5 et 1m","indice":2},"geometry":{"type":"Polygon","coordinates":[[[-16.46670181181046,15.968342936260052],[-16.466214531081256,15.96665152409364],[-16.46795845567779,15.966731759584642],[-16.46670181181046,15.968342936260052]]]}},{"type":"Feature","properties":{"hauteur":"Moyen /Entre 0.5 et 1m","Hauteur_Vu":"Moyen /Entre 0.5 et 1m","indice":2},"geometry":{"type":"Polygon","coordinates":[[[-16.463971055866793,15.967952334959822],[-16.464666459127496,15.967844721292623],[-16.464414818759224,15.968788264923708],[-16.463971055866793,15.967952334959822]]]}},{"type":"Feature","properties":{"hauteur":"Moyen /Entre 0.5 et 1m","Hauteur_Vu":"Moyen /Entre 0.5 et 1m","indice":2},"geometry":{"type":"Polygon","coordinates":[[[-16.47258370285624,15.965763344328016],[-16.472112627882083,15.96602955888589],[-16.471515845010725,15.965223090732625],[-16.47260279066674,15.965403629775986],[-16.47258370285624,15.965763344328016]]]}},{"type":"Feature","properties":{"hauteur":"Moyen /Entre 0.5 et 1m","Hauteur_Vu":"Moyen /Entre 0.5 et 1m","indice":2},"geometry":{"type":"Polygon","coordinates":[[[-16.471238390514284,15.964694272916661],[-16.471880998731592,15.964837156237854],[-16.471515845010725,15.965223090732625],[-16.471238390514284,15.964694272916661]]]}},{"type":"Feature","properties":{"hauteur":"Moyen /Entre 0.5 et 1m","Hauteur_Vu":"Moyen /Entre 0.5 et 1m","indice":2},"geometry":{"type":"Polygon","coordinates":[[[-16.470519948197857,15.963100185332214],[-16.471218607366154,15.963474121856432],[-16.471093963764844,15.964274471514162],[-16.470519948197857,15.963100185332214]]]}},{"type":"Feature","properties":{"hauteur":"Moyen /Entre 0.5 et 1m","Hauteur_Vu":"Moyen /Entre 0.5 et 1m","indice":2},"geometry":{"type":"Polygon","coordinates":[[[-16.471075233995244,15.960219250763945],[-16.471524227281716,15.958768590584084],[-16.47282256244701,15.959921484597317],[-16.471075233995244,15.960219250763945]]]}},{"type":"Feature","properties":{"hauteur":"Moyen /Entre 0.5 et 1m","Hauteur_Vu":"Moyen /Entre 0.5 et 1m","indice":2},"geometry":{"type":"Polygon","coordinates":[[[-16.465473882560804,15.960778170777997],[-16.464716187098645,15.96200361570262],[-16.464918391026327,15.960650453876958],[-16.464491133749238,15.959464629533294],[-16.465473882560804,15.960778170777997]]]}},{"type":"Feature","properties":{"hauteur":"Moyen /Entre 0.5 et 1m","Hauteur_Vu":"Moyen /Entre 0.5 et 1m","indice":2},"geometry":{"type":"Polygon","coordinates":[[[-16.463043111482403,15.963028155279154],[-16.461782159351756,15.961816391081701],[-16.462912963643106,15.960758765405927],[-16.463043111482403,15.963028155279154]]]}},{"type":"Feature","properties":{"hauteur":"Moyen /Entre 0.5 et 1m","Hauteur_Vu":"Moyen /Entre 0.5 et 1m","indice":2},"geometry":{"type":"Polygon","coordinates":[[[-16.460013741473873,15.963351564154124],[-16.46026760058477,15.962207088739536],[-16.46030273942408,15.962188760184024],[-16.461221381389926,15.963165841774602],[-16.460013741473873,15.963351564154124]]]}},{"type":"Feature","properties":{"hauteur":"Moyen /Entre 0.5 et 1m","Hauteur_Vu":"Moyen /Entre 0.5 et 1m","indice":2},"geometry":{"type":"Polygon","coordinates":[[[-16.45905248442254,15.962637518872446],[-16.459660664088844,15.961017727284231],[-16.46030273942408,15.962188760184024],[-16.45905248442254,15.962637518872446]]]}},{"type":"Feature","properties":{"hauteur":"Moyen /Entre 0.5 et 1m","Hauteur_Vu":"Moyen /Entre 0.5 et 1m","indice":2},"geometry":{"type":"Polygon","coordinates":[[[-16.468837662432925,15.9744788531617],[-16.468236708584854,15.974545612059597],[-16.46988837603442,15.973069349374228],[-16.471184639228014,15.974453867452418],[-16.468837662432925,15.9744788531617]]]}},{"type":"Feature","properties":{"hauteur":"Moyen /Entre 0.5 et 1m","Hauteur_Vu":"Moyen /Entre 0.5 et 1m","indice":2},"geometry":{"type":"Polygon","coordinates":[[[-16.4686445667393,15.976759701576832],[-16.46738798918111,15.978281001467398],[-16.467458508558625,15.976286501928037],[-16.46933345048397,15.975639102376025],[-16.4686445667393,15.976759701576832]]]}},{"type":"Feature","properties":{"hauteur":"Moyen /Entre 0.5 et 1m","Hauteur_Vu":"Moyen /Entre 0.5 et 1m","indice":2},"geometry":{"type":"Polygon","coordinates":[[[-16.467816574222088,15.980799285734333],[-16.46663140788692,15.979558513386317],[-16.46738798918111,15.978281001467398],[-16.468678061289076,15.979659607658276],[-16.467816574222088,15.980799285734333]]]}},{"type":"Feature","properties":{"hauteur":"Moyen /Entre 0.5 et 1m","Hauteur_Vu":"Moyen /Entre 0.5 et 1m","indice":2},"geometry":{"type":"Polygon","coordinates":[[[-16.469080476728493,15.981442217168254],[-16.468476253923736,15.982754436697475],[-16.467193505081873,15.9820767806009],[-16.467816574222088,15.980799285734333],[-16.469080476728493,15.981442217168254]]]}},{"type":"Feature","properties":{"hauteur":"Moyen /Entre 0.5 et 1m","Hauteur_Vu":"Moyen /Entre 0.5 et 1m","indice":2},"geometry":{"type":"Polygon","coordinates":[[[-16.46797734379057,15.984801295259812],[-16.467217681725504,15.983528335394324],[-16.468476253923736,15.982754436697475],[-16.46797734379057,15.984801295259812]]]}},{"type":"Feature","properties":{"hauteur":"Moyen /Entre 0.5 et 1m","Hauteur_Vu":"Moyen /Entre 0.5 et 1m","indice":2},"geometry":{"type":"Polygon","coordinates":[[[-16.46690958408233,15.986018348020647],[-16.46816308009512,15.986409541617242],[-16.467325447063573,15.987866978478639],[-16.46690958408233,15.986018348020647]]]}},{"type":"Feature","properties":{"hauteur":"Faibble / Inferieure à 0.5m","Hauteur_Vu":"Faibble / Inferieure à 0.5m","indice":1},"geometry":{"type":"Polygon","coordinates":[[[-16.430346942364483,16.066115324152182],[-16.431395972774038,16.06523517105472],[-16.432742793221575,16.064921088340654],[-16.432295057024785,16.06620749634661],[-16.430911630005205,16.06748964088996],[-16.430346942364483,16.066115324152182]]]}},{"type":"Feature","properties":{"hauteur":"Faibble / Inferieure à 0.5m","Hauteur_Vu":"Faibble / Inferieure à 0.5m","indice":1},"geometry":{"type":"Polygon","coordinates":[[[-16.409833830972463,16.057693495932874],[-16.41090285025645,16.057158173214265],[-16.41055728114998,16.05803766364195],[-16.410474017155217,16.058225793800492],[-16.409833830972463,16.057693495932874]]]}},{"type":"Feature","properties":{"hauteur":"Faibble / Inferieure à 0.5m","Hauteur_Vu":"Faibble / Inferieure à 0.5m","indice":1},"geometry":{"type":"Polygon","coordinates":[[[-16.411819914377443,16.0576847242121],[-16.41216712508938,16.05616372143533],[-16.41338344197574,16.05734398502327],[-16.4119008003343,16.057778178192322],[-16.411819914377443,16.0576847242121]]]}},{"type":"Feature","properties":{"hauteur":"Faibble / Inferieure à 0.5m","Hauteur_Vu":"Faibble / Inferieure à 0.5m","indice":1},"geometry":{"type":"Polygon","coordinates":[[[-16.418210496067864,16.05994729399862],[-16.418172830397346,16.059237454830477],[-16.418581492709574,16.05856673895381],[-16.41917862656282,16.056858570446774],[-16.42022548462857,16.057971992740498],[-16.418925588137057,16.05799638862553],[-16.418937659485536,16.058164625924437],[-16.420072262898966,16.059377405361655],[-16.41850824925403,16.060513392656613],[-16.418210496067864,16.05994729399862]]]}},{"type":"Feature","properties":{"hauteur":"Faibble / Inferieure à 0.5m","Hauteur_Vu":"Faibble / Inferieure à 0.5m","indice":1},"geometry":{"type":"Polygon","coordinates":[[[-16.424100046830635,16.05671129317966],[-16.424944167216346,16.0556554142594],[-16.42588374429517,16.056593121090653],[-16.424100046830635,16.05671129317966]]]}},{"type":"Feature","properties":{"hauteur":"Faibble / Inferieure à 0.5m","Hauteur_Vu":"Faibble / Inferieure à 0.5m","indice":1},"geometry":{"type":"Polygon","coordinates":[[[-16.423895383505087,16.054832917966543],[-16.422874393030185,16.053351990697227],[-16.42468442200461,16.05316638388789],[-16.423969175839318,16.05132358631407],[-16.42544130652458,16.051803124877438],[-16.426538933889017,16.053117223271407],[-16.42788519733292,16.052734801308304],[-16.42752811341503,16.054530807015265],[-16.423895383505087,16.054832917966543]]]}},{"type":"Feature","properties":{"hauteur":"Faibble / Inferieure à 0.5m","Hauteur_Vu":"Faibble / Inferieure à 0.5m","indice":1},"geometry":{"type":"Polygon","coordinates":[[[-16.4254587442692,16.049917305800463],[-16.427143825770628,16.049971730141163],[-16.427055297346463,16.05153581363837],[-16.42544130652458,16.051803124877438],[-16.4254587442692,16.049917305800463]]]}},{"type":"Feature","properties":{"hauteur":"Faibble / Inferieure à 0.5m","Hauteur_Vu":"Faibble / Inferieure à 0.5m","indice":1},"geometry":{"type":"Polygon","coordinates":[[[-16.428458903452007,16.05156853897931],[-16.427143825770628,16.049971730141163],[-16.426941951060968,16.04848718901335],[-16.42864680687772,16.049585767218122],[-16.429540131844455,16.0506355852666],[-16.429952989861913,16.052084561654038],[-16.429005599240423,16.05347949602399],[-16.42788519733292,16.052734801308304],[-16.427055297346463,16.05153581363837],[-16.428458903452007,16.05156853897931]]]}},{"type":"Feature","properties":{"hauteur":"Faibble / Inferieure à 0.5m","Hauteur_Vu":"Faibble / Inferieure à 0.5m","indice":1},"geometry":{"type":"Polygon","coordinates":[[[-16.424280086674365,16.048182657830058],[-16.4254587442692,16.049917305800463],[-16.42424497265539,16.050187943763312],[-16.424280086674365,16.048182657830058]]]}},{"type":"Feature","properties":{"hauteur":"Faibble / Inferieure à 0.5m","Hauteur_Vu":"Faibble / Inferieure à 0.5m","indice":1},"geometry":{"type":"Polygon","coordinates":[[[-16.428316655942837,16.048287073023904],[-16.428288406792486,16.047871965627987],[-16.428908423207414,16.047862572245588],[-16.428375449320736,16.048255358227884],[-16.429799102179043,16.048813932664018],[-16.42864680687772,16.049585767218122],[-16.428316655942837,16.048287073023904]]]}},{"type":"Feature","properties":{"hauteur":"Faibble / Inferieure à 0.5m","Hauteur_Vu":"Faibble / Inferieure à 0.5m","indice":1},"geometry":{"type":"Polygon","coordinates":[[[-16.42686087507878,16.047913035202402],[-16.42737456785846,16.047867534869198],[-16.426941951060968,16.04848718901335],[-16.42686087507878,16.047913035202402]]]}},{"type":"Feature","properties":{"hauteur":"Faibble / Inferieure à 0.5m","Hauteur_Vu":"Faibble / Inferieure à 0.5m","indice":1},"geometry":{"type":"Polygon","coordinates":[[[-16.43068287747669,16.046130746179465],[-16.426990043661817,16.046192186379553],[-16.42831633118394,16.044778237717054],[-16.430008898441443,16.044158275697704],[-16.429361415293133,16.045952817423196],[-16.430778100679536,16.045585319705946],[-16.43068287747669,16.046130746179465]]]}},{"type":"Feature","properties":{"hauteur":"Faibble / Inferieure à 0.5m","Hauteur_Vu":"Faibble / Inferieure à 0.5m","indice":1},"geometry":{"type":"Polygon","coordinates":[[[-16.426571238481383,16.04619497462672],[-16.425526758363247,16.04464630706263],[-16.42569038274823,16.042415017529322],[-16.427663447251224,16.043369707825633],[-16.426967574894103,16.044285959112496],[-16.426833415104973,16.04624416427],[-16.426571238481383,16.04619497462672]]]}},{"type":"Feature","properties":{"hauteur":"Faibble / Inferieure à 0.5m","Hauteur_Vu":"Faibble / Inferieure à 0.5m","indice":1},"geometry":{"type":"Polygon","coordinates":[[[-16.42890169393077,16.04195969262914],[-16.429181576418884,16.043232877947304],[-16.427884658757247,16.043086368777644],[-16.42890169393077,16.04195969262914]]]}},{"type":"Feature","properties":{"hauteur":"Faibble / Inferieure à 0.5m","Hauteur_Vu":"Faibble / Inferieure à 0.5m","indice":1},"geometry":{"type":"Polygon","coordinates":[[[-16.42974841277178,16.041379200678225],[-16.430188349559035,16.042498138859663],[-16.429181576418884,16.043232877947304],[-16.42974841277178,16.041379200678225]]]}},{"type":"Feature","properties":{"hauteur":"Faibble / Inferieure à 0.5m","Hauteur_Vu":"Faibble / Inferieure à 0.5m","indice":1},"geometry":{"type":"Polygon","coordinates":[[[-16.430188349559035,16.042498138859663],[-16.431661975130154,16.040602601281968],[-16.43136500679113,16.04308702537106],[-16.430188349559035,16.042498138859663]]]}},{"type":"Feature","properties":{"hauteur":"Faibble / Inferieure à 0.5m","Hauteur_Vu":"Faibble / Inferieure à 0.5m","indice":1},"geometry":{"type":"Polygon","coordinates":[[[-16.432486825906377,16.042822056744697],[-16.431661975130154,16.040602601281968],[-16.432071719545657,16.03922139374356],[-16.433068239205248,16.04050966152425],[-16.434267631704397,16.039748815489943],[-16.434345453407776,16.041138699141392],[-16.433803858908977,16.042417294808974],[-16.433570708006624,16.043898769619297],[-16.432486825906377,16.042822056744697]]]}},{"type":"Feature","properties":{"hauteur":"Faibble / Inferieure à 0.5m","Hauteur_Vu":"Faibble / Inferieure à 0.5m","indice":1},"geometry":{"type":"Polygon","coordinates":[[[-16.433536399792413,16.037470986900818],[-16.43406804558153,16.037278075487023],[-16.434937793098698,16.038544883582325],[-16.434267631704397,16.039748815489943],[-16.433536399792413,16.037470986900818]]]}},{"type":"Feature","properties":{"hauteur":"Faibble / Inferieure à 0.5m","Hauteur_Vu":"Faibble / Inferieure à 0.5m","indice":1},"geometry":{"type":"Polygon","coordinates":[[[-16.436438427479583,16.03833026498036],[-16.436668927789736,16.04035763514726],[-16.434937793098698,16.038544883582325],[-16.436438427479583,16.03833026498036]]]}},{"type":"Feature","properties":{"hauteur":"Faibble / Inferieure à 0.5m","Hauteur_Vu":"Faibble / Inferieure à 0.5m","indice":1},"geometry":{"type":"Polygon","coordinates":[[[-16.43393914053608,16.035985003320935],[-16.4352925388812,16.036617655490346],[-16.434458959666237,16.03718078247512],[-16.43393914053608,16.035985003320935]]]}},{"type":"Feature","properties":{"hauteur":"Faibble / Inferieure à 0.5m","Hauteur_Vu":"Faibble / Inferieure à 0.5m","indice":1},"geometry":{"type":"Polygon","coordinates":[[[-16.43573116906821,16.034068930948635],[-16.43760016002966,16.03382604598759],[-16.43756217067249,16.034121686781276],[-16.4374569773823,16.034080620135683],[-16.436533948852897,16.03529818706998],[-16.43573116906821,16.034068930948635]]]}},{"type":"Feature","properties":{"hauteur":"Faibble / Inferieure à 0.5m","Hauteur_Vu":"Faibble / Inferieure à 0.5m","indice":1},"geometry":{"type":"Polygon","coordinates":[[[-16.441305882361668,16.034042056175984],[-16.440216147577605,16.034528026853685],[-16.440179889723407,16.03478074479548],[-16.44135382913353,16.035971802358322],[-16.441258667224822,16.03630048859284],[-16.439920587755864,16.036163205703755],[-16.4399677362162,16.03291654493815],[-16.441305882361668,16.034042056175984]]]}},{"type":"Feature","properties":{"hauteur":"Faibble / Inferieure à 0.5m","Hauteur_Vu":"Faibble / Inferieure à 0.5m","indice":1},"geometry":{"type":"Polygon","coordinates":[[[-16.4353723033432,16.049243195059262],[-16.433802447309542,16.04804232389469],[-16.434016852078678,16.046312581632797],[-16.43520990437128,16.04786648424282],[-16.43661046479352,16.047478387547297],[-16.437187681926765,16.047569195026135],[-16.435873984713712,16.048693097512647],[-16.436162913733614,16.050300686075836],[-16.43383906469102,16.05057225519452],[-16.4353723033432,16.049243195059262]]]}},{"type":"Feature","properties":{"hauteur":"Faibble / Inferieure à 0.5m","Hauteur_Vu":"Faibble / Inferieure à 0.5m","indice":1},"geometry":{"type":"Polygon","coordinates":[[[-16.432737215989597,16.04893500952844],[-16.430890193825668,16.0507883149647],[-16.431157922808197,16.049301222205088],[-16.43226893574073,16.048470297341964],[-16.433802447309542,16.04804232389469],[-16.433298818408918,16.049239172831694],[-16.432737215989597,16.04893500952844]]]}},{"type":"Feature","properties":{"hauteur":"Faibble / Inferieure à 0.5m","Hauteur_Vu":"Faibble / Inferieure à 0.5m","indice":1},"geometry":{"type":"Polygon","coordinates":[[[-16.429799102179043,16.048813932664018],[-16.4305727504441,16.04685849390445],[-16.431798075792234,16.04734560507374],[-16.431157922808197,16.049301222205088],[-16.429799102179043,16.048813932664018]]]}},{"type":"Feature","properties":{"hauteur":"Faibble / Inferieure à 0.5m","Hauteur_Vu":"Faibble / Inferieure à 0.5m","indice":1},"geometry":{"type":"Polygon","coordinates":[[[-16.432691958570167,16.05476978794141],[-16.432963473792707,16.056492549098074],[-16.43169385297188,16.056684545050043],[-16.431236984524975,16.053647380759326],[-16.432782702580486,16.053005069273407],[-16.432691958570167,16.05476978794141]]]}},{"type":"Feature","properties":{"hauteur":"Faibble / Inferieure à 0.5m","Hauteur_Vu":"Faibble / Inferieure à 0.5m","indice":1},"geometry":{"type":"Polygon","coordinates":[[[-16.43775040893952,16.04187206985085],[-16.439652923510415,16.0414412107033],[-16.438927420495734,16.042669396737846],[-16.43775040893952,16.04187206985085]]]}},{"type":"Feature","properties":{"hauteur":"Faibble / Inferieure à 0.5m","Hauteur_Vu":"Faibble / Inferieure à 0.5m","indice":1},"geometry":{"type":"Polygon","coordinates":[[[-16.390767020003178,16.06775292100113],[-16.391445784741858,16.06835866550947],[-16.390884733905985,16.069035587352676],[-16.390767020003178,16.06775292100113]]]}},{"type":"Feature","properties":{"hauteur":"Faibble / Inferieure à 0.5m","Hauteur_Vu":"Faibble / Inferieure à 0.5m","indice":1},"geometry":{"type":"Polygon","coordinates":[[[-16.389693497695262,16.066702639973705],[-16.39102720403815,16.06683599658356],[-16.390767020003178,16.06775292100113],[-16.389693497695262,16.066702639973705]]]}},{"type":"Feature","properties":{"hauteur":"Faibble / Inferieure à 0.5m","Hauteur_Vu":"Faibble / Inferieure à 0.5m","indice":1},"geometry":{"type":"Polygon","coordinates":[[[-16.391116396576873,16.063232340907064],[-16.3923161278361,16.062877384942134],[-16.392240000098834,16.064145890229153],[-16.391288300389775,16.064405694890546],[-16.391116396576873,16.063232340907064]]]}},{"type":"Feature","properties":{"hauteur":"Faibble / Inferieure à 0.5m","Hauteur_Vu":"Faibble / Inferieure à 0.5m","indice":1},"geometry":{"type":"Polygon","coordinates":[[[-16.391270256120055,16.061106314879677],[-16.39229209082076,16.061767688826833],[-16.391116396576873,16.063232340907064],[-16.391270256120055,16.061106314879677]]]}},{"type":"Feature","properties":{"hauteur":"Faibble / Inferieure à 0.5m","Hauteur_Vu":"Faibble / Inferieure à 0.5m","indice":1},"geometry":{"type":"Polygon","coordinates":[[[-16.390051637564724,16.059914956098165],[-16.39108038699807,16.05883261248985],[-16.39168123902072,16.060116996682886],[-16.391270256120055,16.061106314879677],[-16.390051637564724,16.059914956098165]]]}},{"type":"Feature","properties":{"hauteur":"Faibble / Inferieure à 0.5m","Hauteur_Vu":"Faibble / Inferieure à 0.5m","indice":1},"geometry":{"type":"Polygon","coordinates":[[[-16.444756722076,16.020045968249573],[-16.4455474310888,16.0196359721498],[-16.445267399975346,16.020752264602294],[-16.444756722076,16.020045968249573]]]}},{"type":"Feature","properties":{"hauteur":"Faibble / Inferieure à 0.5m","Hauteur_Vu":"Faibble / Inferieure à 0.5m","indice":1},"geometry":{"type":"Polygon","coordinates":[[[-16.442818695582048,16.05346507851025],[-16.442195342380685,16.05259028958295],[-16.442192994697134,16.052264193323616],[-16.44119822469543,16.051597623753544],[-16.441196862548814,16.05140827743877],[-16.442670946812875,16.05129157673983],[-16.443208268486405,16.05244156812163],[-16.44334580269921,16.052768696601866],[-16.442818695582048,16.05346507851025]]]}},{"type":"Feature","properties":{"hauteur":"Faibble / Inferieure à 0.5m","Hauteur_Vu":"Faibble / Inferieure à 0.5m","indice":1},"geometry":{"type":"Polygon","coordinates":[[[-16.446852605110276,16.061779422060415],[-16.446877643111705,16.061356078655233],[-16.447029936597055,16.061766564179408],[-16.446852605110276,16.061779422060415]]]}},{"type":"Feature","properties":{"hauteur":"Faibble / Inferieure à 0.5m","Hauteur_Vu":"Faibble / Inferieure à 0.5m","indice":1},"geometry":{"type":"Polygon","coordinates":[[[-16.444956256479518,16.066967930901214],[-16.445476751081944,16.06597556329083],[-16.445920198160298,16.067316796765503],[-16.444956256479518,16.066967930901214]]]}},{"type":"Feature","properties":{"hauteur":"Faibble / Inferieure à 0.5m","Hauteur_Vu":"Faibble / Inferieure à 0.5m","indice":1},"geometry":{"type":"Polygon","coordinates":[[[-16.449889349995814,16.066855676665018],[-16.450548789494157,16.066214982842467],[-16.450751666288845,16.066341140427284],[-16.45072330178888,16.066334561293775],[-16.450501093658634,16.067198682311968],[-16.449889349995814,16.066855676665018]]]}},{"type":"Feature","properties":{"hauteur":"Faibble / Inferieure à 0.5m","Hauteur_Vu":"Faibble / Inferieure à 0.5m","indice":1},"geometry":{"type":"Polygon","coordinates":[[[-16.479685451476072,15.96076563205841],[-16.47951104483886,15.960528103620735],[-16.479537911304238,15.95974420293004],[-16.48131448055817,15.95974980292703],[-16.48183702480489,15.960572001814347],[-16.479685451476072,15.96076563205841]]]}},{"type":"Feature","properties":{"hauteur":"Faibble / Inferieure à 0.5m","Hauteur_Vu":"Faibble / Inferieure à 0.5m","indice":1},"geometry":{"type":"Polygon","coordinates":[[[-16.480829002645553,15.961751879885442],[-16.48240969254247,15.961950606250925],[-16.48142749687137,15.963431297870661],[-16.47972269163788,15.964176977007934],[-16.48104571376391,15.96516724801624],[-16.481445896982017,15.96635321675591],[-16.481714618042123,15.966666957156905],[-16.48183948802146,15.967381434699782],[-16.479019265828295,15.966859068302803],[-16.47891839254586,15.966449494029868],[-16.479554143895534,15.966397786700677],[-16.479494330379065,15.965656560799152],[-16.479437143765796,15.96527298569656],[-16.479103878226425,15.96560341979017],[-16.478645811681375,15.96393656768408],[-16.479452581657323,15.962371483077185],[-16.480829002645553,15.961751879885442]]]}},{"type":"Feature","properties":{"hauteur":"Faibble / Inferieure à 0.5m","Hauteur_Vu":"Faibble / Inferieure à 0.5m","indice":1},"geometry":{"type":"Polygon","coordinates":[[[-16.482391473348635,15.96450474967232],[-16.48104571376391,15.96516724801624],[-16.48142749687137,15.963431297870661],[-16.482391473348635,15.96450474967232]]]}},{"type":"Feature","properties":{"hauteur":"Faibble / Inferieure à 0.5m","Hauteur_Vu":"Faibble / Inferieure à 0.5m","indice":1},"geometry":{"type":"MultiPolygon","coordinates":[[[[-16.482412964731708,15.96700640495075],[-16.481714618042123,15.966666957156905],[-16.482506767709257,15.965922688563985],[-16.482412964731708,15.96700640495075]]],[[[-16.483059920066047,15.967535488248178],[-16.482449005246675,15.967458765091475],[-16.482412964731708,15.96700640495075],[-16.483059920066047,15.967535488248178]]]]}},{"type":"Feature","properties":{"hauteur":"Faibble / Inferieure à 0.5m","Hauteur_Vu":"Faibble / Inferieure à 0.5m","indice":1},"geometry":{"type":"Polygon","coordinates":[[[-16.4722876204736,15.957103479586694],[-16.472948685277288,15.957028319136574],[-16.472620595196172,15.957710841427675],[-16.4722876204736,15.957103479586694]]]}},{"type":"Feature","properties":{"hauteur":"Faibble / Inferieure à 0.5m","Hauteur_Vu":"Faibble / Inferieure à 0.5m","indice":1},"geometry":{"type":"Polygon","coordinates":[[[-16.470698423931044,15.962837062404622],[-16.470519948197857,15.963100185332214],[-16.47023946735697,15.961782965634159],[-16.469367026624035,15.96068961047621],[-16.471075233995244,15.960219250763945],[-16.470698423931044,15.962837062404622]]]}},{"type":"Feature","properties":{"hauteur":"Faibble / Inferieure à 0.5m","Hauteur_Vu":"Faibble / Inferieure à 0.5m","indice":1},"geometry":{"type":"Polygon","coordinates":[[[-16.467789233914814,15.96352491732527],[-16.469098931162772,15.962695446367215],[-16.469109476578968,15.964141835667107],[-16.467789233914814,15.96352491732527]]]}},{"type":"Feature","properties":{"hauteur":"Faibble / Inferieure à 0.5m","Hauteur_Vu":"Faibble / Inferieure à 0.5m","indice":1},"geometry":{"type":"Polygon","coordinates":[[[-16.469911523710923,15.96527249015859],[-16.471515845010725,15.965223090732625],[-16.471286975402254,15.966746372769654],[-16.469911523710923,15.96527249015859]]]}},{"type":"Feature","properties":{"hauteur":"Faibble / Inferieure à 0.5m","Hauteur_Vu":"Faibble / Inferieure à 0.5m","indice":1},"geometry":{"type":"Polygon","coordinates":[[[-16.46486071933967,15.963707918603134],[-16.466362751521416,15.963997505790633],[-16.46530580093372,15.965193431959626],[-16.4652344197607,15.965364397500688],[-16.46486071933967,15.963707918603134]]]}},{"type":"Feature","properties":{"hauteur":"Faibble / Inferieure à 0.5m","Hauteur_Vu":"Faibble / Inferieure à 0.5m","indice":1},"geometry":{"type":"Polygon","coordinates":[[[-16.465248701186532,15.969116365054084],[-16.465274567350804,15.96856127327082],[-16.46589396003538,15.968372309184277],[-16.466147873863655,15.968934495831101],[-16.465248701186532,15.969116365054084]]]}},{"type":"Feature","properties":{"hauteur":"Faibble / Inferieure à 0.5m","Hauteur_Vu":"Faibble / Inferieure à 0.5m","indice":1},"geometry":{"type":"Polygon","coordinates":[[[-16.468014043384958,15.969280936001324],[-16.469599628058024,15.970030844544294],[-16.467880604622223,15.970229526929804],[-16.468014043384958,15.969280936001324]]]}},{"type":"Feature","properties":{"hauteur":"Faibble / Inferieure à 0.5m","Hauteur_Vu":"Faibble / Inferieure à 0.5m","indice":1},"geometry":{"type":"Polygon","coordinates":[[[-16.469414501916145,15.968504120470591],[-16.470362713466415,15.967629994957738],[-16.470713821391563,15.968298001577681],[-16.470645139595476,15.968571983261194],[-16.469414501916145,15.968504120470591]]]}},{"type":"Feature","properties":{"hauteur":"Faibble / Inferieure à 0.5m","Hauteur_Vu":"Faibble / Inferieure à 0.5m","indice":1},"geometry":{"type":"Polygon","coordinates":[[[-16.46030273942408,15.962188760184024],[-16.459660664088844,15.961017727284231],[-16.461782159351756,15.961816391081701],[-16.461221381389926,15.963165841774602],[-16.46030273942408,15.962188760184024]]]}},{"type":"Feature","properties":{"hauteur":"Faibble / Inferieure à 0.5m","Hauteur_Vu":"Faibble / Inferieure à 0.5m","indice":1},"geometry":{"type":"Polygon","coordinates":[[[-16.46391674081624,15.975492495919463],[-16.464952350370943,15.973223706162937],[-16.46573508070787,15.973938976855404],[-16.46565083467984,15.975649302337187],[-16.46391674081624,15.975492495919463]]]}},{"type":"Feature","properties":{"hauteur":"Faibble / Inferieure à 0.5m","Hauteur_Vu":"Faibble / Inferieure à 0.5m","indice":1},"geometry":{"type":"Polygon","coordinates":[[[-16.473650109879873,15.97376268553369],[-16.47376382860475,15.973193780795496],[-16.47405470860214,15.97328515059953],[-16.474045736455615,15.973916393405077],[-16.474910792931148,15.973618544235787],[-16.475297043940746,15.974389093073277],[-16.47467556703439,15.974805912534979],[-16.474302164601866,15.974819555681405],[-16.473650109879873,15.97376268553369]]]}},{"type":"Feature","properties":{"hauteur":"Faibble / Inferieure à 0.5m","Hauteur_Vu":"Faibble / Inferieure à 0.5m","indice":1},"geometry":{"type":"Polygon","coordinates":[[[-16.468236708584854,15.974545612059597],[-16.46933345048397,15.975639102376025],[-16.467458508558625,15.976286501928037],[-16.468236708584854,15.974545612059597]]]}},{"type":"Feature","properties":{"hauteur":"Faibble / Inferieure à 0.5m","Hauteur_Vu":"Faibble / Inferieure à 0.5m","indice":1},"geometry":{"type":"Polygon","coordinates":[[[-16.467217681725504,15.983528335394324],[-16.46797734379057,15.984801295259812],[-16.466453275476926,15.98482659004918],[-16.465893365191768,15.983728467762418],[-16.464982397377938,15.984823465970809],[-16.464928790413627,15.983808678578484],[-16.46586307721994,15.983676075652532],[-16.467193505081873,15.9820767806009],[-16.468476253923736,15.982754436697475],[-16.467217681725504,15.983528335394324]]]}},{"type":"Feature","properties":{"hauteur":"Faibble / Inferieure à 0.5m","Hauteur_Vu":"Faibble / Inferieure à 0.5m","indice":1},"geometry":{"type":"Polygon","coordinates":[[[-16.46725842231502,15.985625855366498],[-16.46742557841424,15.98617831415851],[-16.46690958408233,15.986018348020647],[-16.46725842231502,15.985625855366498]]]}},{"type":"Feature","properties":{"hauteur":"Faibble / Inferieure à 0.5m","Hauteur_Vu":"Faibble / Inferieure à 0.5m","indice":1},"geometry":{"type":"Polygon","coordinates":[[[-16.51205830734914,15.975836868017874],[-16.51220999111661,15.974884024560868],[-16.512519911452173,15.975446250045636],[-16.51242047458317,15.97609993042521],[-16.51205830734914,15.975836868017874]]]}},{"type":"Feature","properties":{"hauteur":"Faibble / Inferieure à 0.5m","Hauteur_Vu":"Faibble / Inferieure à 0.5m","indice":1},"geometry":{"type":"Polygon","coordinates":[[[-16.51230554883692,15.97734037038138],[-16.512916398706874,15.977379055406391],[-16.512617190899558,15.977767821651797],[-16.51230554883692,15.97734037038138]]]}},{"type":"Feature","properties":{"hauteur":"Faibble / Inferieure à 0.5m","Hauteur_Vu":"Faibble / Inferieure à 0.5m","indice":1},"geometry":{"type":"Polygon","coordinates":[[[-16.51187137096488,15.980855217064118],[-16.512320588132003,15.981301768681845],[-16.511843799217658,15.981485380596903],[-16.51187137096488,15.980855217064118]]]}},{"type":"Feature","properties":{"hauteur":"Faibble / Inferieure à 0.5m","Hauteur_Vu":"Faibble / Inferieure à 0.5m","indice":1},"geometry":{"type":"Polygon","coordinates":[[[-16.51176093669345,15.983263714840037],[-16.51219485489432,15.983382888834745],[-16.511757377090575,15.984021580985319],[-16.51176093669345,15.983263714840037]]]}},{"type":"Feature","properties":{"hauteur":"Faibble / Inferieure à 0.5m","Hauteur_Vu":"Faibble / Inferieure à 0.5m","indice":1},"geometry":{"type":"Polygon","coordinates":[[[-16.51130562243901,15.984754998970674],[-16.511200309634514,15.984696066557714],[-16.511858290895212,15.984771315611889],[-16.51158437960391,15.985319928653878],[-16.51130562243901,15.984754998970674]]]}},{"type":"Feature","properties":{"hauteur":"Faibble / Inferieure à 0.5m","Hauteur_Vu":"Faibble / Inferieure à 0.5m","indice":1},"geometry":{"type":"Polygon","coordinates":[[[-16.511257353991383,15.986203123707302],[-16.511172796323468,15.986371566281003],[-16.510910176836543,15.985901998805634],[-16.511301478115037,15.985927117776079],[-16.511257353991383,15.986203123707302]]]}},{"type":"Feature","properties":{"hauteur":"Faibble / Inferieure à 0.5m","Hauteur_Vu":"Faibble / Inferieure à 0.5m","indice":1},"geometry":{"type":"Polygon","coordinates":[[[-16.511207781972615,15.986842533286813],[-16.510735153405115,15.986417904235093],[-16.511172796323468,15.986371566281003],[-16.511207781972615,15.986842533286813]]]}},{"type":"Feature","properties":{"hauteur":"Faibble / Inferieure à 0.5m","Hauteur_Vu":"Faibble / Inferieure à 0.5m","indice":1},"geometry":{"type":"Polygon","coordinates":[[[-16.511856356121353,15.987224566268399],[-16.511740570861456,15.98773557723234],[-16.511227605499204,15.98749373129298],[-16.511207781972615,15.986842533286813],[-16.511856356121353,15.987224566268399]]]}},{"type":"Feature","properties":{"hauteur":"Faibble / Inferieure à 0.5m","Hauteur_Vu":"Faibble / Inferieure à 0.5m","indice":1},"geometry":{"type":"Polygon","coordinates":[[[-16.510775814045324,15.987981784843722],[-16.511347066479058,15.988011851334738],[-16.511571503553558,15.98857306796433],[-16.5109935395891,15.98854601392851],[-16.510775814045324,15.987981784843722]]]}},{"type":"Feature","properties":{"hauteur":"Faibble / Inferieure à 0.5m","Hauteur_Vu":"Faibble / Inferieure à 0.5m","indice":1},"geometry":{"type":"Polygon","coordinates":[[[-16.51078788869751,15.98939712654413],[-16.510870604468874,15.990005804429915],[-16.510337145927114,15.989740731241454],[-16.510295564194024,15.989132363527856],[-16.51078788869751,15.98939712654413]]]}},{"type":"Feature","properties":{"hauteur":"Faibble / Inferieure à 0.5m","Hauteur_Vu":"Faibble / Inferieure à 0.5m","indice":1},"geometry":{"type":"Polygon","coordinates":[[[-16.510282666468452,15.9901417585496],[-16.510571997253248,15.990067075204484],[-16.510870604468874,15.990005804429915],[-16.51131671141889,15.990394736575178],[-16.51015594553705,15.990666928461598],[-16.510282666468452,15.9901417585496]]]}},{"type":"Feature","properties":{"hauteur":"Faibble / Inferieure à 0.5m","Hauteur_Vu":"Faibble / Inferieure à 0.5m","indice":1},"geometry":{"type":"Polygon","coordinates":[[[-16.511062886220802,15.991531314347663],[-16.51100520206153,15.99157590029539],[-16.510487214619047,15.991563250850215],[-16.51057421969367,15.9911775268755],[-16.511062886220802,15.991531314347663]]]}},{"type":"Feature","properties":{"hauteur":"Moyen /Entre 0.5 et 1m","Hauteur_Vu":"Moyen /Entre 0.5 et 1m","indice":2},"geometry":{"type":"MultiPolygon","coordinates":[[[[-16.461683337226134,16.010248320016277],[-16.46102212350366,16.010557891352438],[-16.461021729212074,16.01055940431696],[-16.460978237126955,16.010505591409885],[-16.461175133691,16.009780252443186],[-16.461683337226134,16.010248320016277]]],[[[-16.461021729212074,16.01055940431696],[-16.46183284340666,16.01156299871029],[-16.46124837980976,16.011849208464177],[-16.460627198427613,16.01207328668972],[-16.461021729212074,16.01055940431696]]]]}}]}