{"type":"FeatureCollection","name":"risques-inondation.geojson","features":[{"type":"Feature","properties":{"Categorie":"Risque très fort","Code":"IC1 (>2,0m.)"},"geometry":{"type":"Polygon","coordinates":[[[-16.404315251641517,16.052359909460467,0.0],[-16.402960431244605,16.052368786023482,0.0],[-16.40344893861317,16.051186443042848,0.0],[-16.404845848909083,16.050740568424494,0.0],[-16.406104207024647,16.04985887503472,0.0],[-16.40722339389529,16.04845402589317,0.0],[-16.407576696070304,16.047316235365535,0.0],[-16.408658681119785,16.047047094275797,0.0],[-16.409204278817647,16.047567569995103,0.0],[-16.4092101139311,16.048397297692432,0.0],[-16.40890658606946,16.050189841428157,0.0],[-16.40797080705503,16.051986540895594,0.0],[-16.40793117112575,16.05277289561311,0.0],[-16.406174501853585,16.05343951221278,0.0],[-16.404315251641517,16.052359909460467,0.0]]]}},{"type":"Feature","properties":{"Categorie":"Risque très fort","Code":"IC1 (>2,0m.)"},"geometry":{"type":"Polygon","coordinates":[[[-16.405871819004453,16.013481612242952,0.0],[-16.406800280015595,16.010658681817997,0.0],[-16.409468546393963,16.00804269793237,0.0],[-16.410099888346764,16.00792937350851,0.0],[-16.410894623052272,16.008579234354414,0.0],[-16.411060318685916,16.00966994614963,0.0],[-16.41081919599342,16.01069782279682,0.0],[-16.4092984566532,16.012760394510213,0.0],[-16.407075380727232,16.014478185282588,0.0],[-16.40635401760122,16.014635764175573,0.0],[-16.405871819004453,16.013481612242952,0.0]]]}},{"type":"Feature","properties":{"Categorie":"Risque très fort","Code":"IC1 (>2,0m.)"},"geometry":{"type":"Polygon","coordinates":[[[-16.415162375469365,16.002284227098425,0.0],[-16.416772354971926,16.000090017931186,0.0],[-16.419208531505067,15.999811908571504,0.0],[-16.422461697018804,16.000139771120885,0.0],[-16.424183529859807,16.001001801670075,0.0],[-16.42500921047967,16.002830543254948,0.0],[-16.425113753778845,16.004838753063986,0.0],[-16.421255598985343,16.008358064538328,0.0],[-16.42117950903862,16.01036747333837,0.0],[-16.422274879937756,16.012019750588895,0.0],[-16.42363746443111,16.013146187379533,0.0],[-16.423918281022917,16.014541822523164,0.0],[-16.42374882001479,16.016115130829924,0.0],[-16.423222471259454,16.018302210646098,0.0],[-16.422410342555906,16.018394937699732,0.0],[-16.421246265598775,16.019800146924606,0.0],[-16.420627721417898,16.0217258020985,0.0],[-16.419642375714638,16.022867790260083,0.0],[-16.419183428043336,16.02182270196475,0.0],[-16.419263237298328,16.020337331606193,0.0],[-16.41997642129546,16.01902245912285,0.0],[-16.418793805930108,16.017807467860084,0.0],[-16.41842271326321,16.016412420631656,0.0],[-16.415990030997122,16.017214575504294,0.0],[-16.414551302893507,16.01809749997159,0.0],[-16.413557327189412,16.018016704304078,0.0],[-16.413005045219876,16.01653549421408,0.0],[-16.412807844627544,16.014178506056542,0.0],[-16.411723584656478,16.014098294488026,0.0],[-16.410736991357634,16.015065563673275,0.0],[-16.41028178973495,16.014544490376984,0.0],[-16.411530086542307,16.0122653430091,0.0],[-16.41269911095262,16.01155890297365,0.0],[-16.414590544886526,16.010847699298754,0.0],[-16.415486181931378,16.00979367060874,0.0],[-16.415749701042444,16.008743806862366,0.0],[-16.41574231550948,16.00769572886025,0.0],[-16.414209045971287,16.007967862451192,0.0],[-16.412492712898572,16.007891813489397,0.0],[-16.412663489578325,16.006493186281766,0.0],[-16.415162375469365,16.002284227098425,0.0]]]}},{"type":"Feature","properties":{"Categorie":"Risque très fort","Code":"IC1 (>2,0m.)"},"geometry":{"type":"Polygon","coordinates":[[[-16.47583613189065,15.973380635083899,0.0],[-16.47320610351855,15.97178282556038,0.0],[-16.47238813451731,15.971046014079409,0.0],[-16.47237823802488,15.969692275832246,0.0],[-16.472958999937084,15.96885854998743,0.0],[-16.474085275965916,15.968545141276351,0.0],[-16.474628879348085,15.968803444367996,0.0],[-16.47517536244024,15.969454766289367,0.0],[-16.475808610932788,15.969625109401703,0.0],[-16.476245295365075,15.96761324386653,0.0],[-16.47673639534328,15.966867466461611,0.0],[-16.477593735087325,15.966817911965974,0.0],[-16.47836816506613,15.967773358157867,0.0],[-16.478555777535767,15.968732832903818,0.0],[-16.47820234585771,15.96978336613629,0.0],[-16.478883623639863,15.970346409483033,0.0],[-16.479026421771685,15.971349862236927,0.0],[-16.477823317920738,15.973498009518565,0.0],[-16.47583613189065,15.973380635083899,0.0]]]}},{"type":"Feature","properties":{"Categorie":"Risque très fort","Code":"IC1 (>2,0m.)"},"geometry":{"type":"Polygon","coordinates":[[[-16.47259194622502,15.961873673611302,0.0],[-16.47324796212411,15.958986887890477,0.0],[-16.4738699998403,15.957628824923987,0.0],[-16.47449777922219,15.95705680251257,0.0],[-16.47521934570927,15.956964518956632,0.0],[-16.47622101227118,15.958136776537103,0.0],[-16.47709271636857,15.960052328967292,0.0],[-16.47755882869836,15.962058002168297,0.0],[-16.47752521684067,15.963630392497075,0.0],[-16.47626163682296,15.963682731649259,0.0],[-16.47572444269011,15.96429781030089,0.0],[-16.47559957853733,15.965739813336775,0.0],[-16.474656437544148,15.966401343284078,0.0],[-16.473015754259944,15.964272689395974,0.0],[-16.47259194622502,15.961873673611302,0.0]]]}},{"type":"Feature","properties":{"Categorie":"Risque très fort","Code":"IC1 (>2,0m.)"},"geometry":{"type":"Polygon","coordinates":[[[-16.46360116497491,15.973245847074644,0.0],[-16.46361068736285,15.97455592108978,0.0],[-16.462883973515183,15.973949464960416,0.0],[-16.4613447121711,15.973348525823551,0.0],[-16.46080807960665,15.97405091104883,0.0],[-16.46019002682082,15.975976645387052,0.0],[-16.460201429218685,15.977548736189606,0.0],[-16.459300473547422,15.97781687774288,0.0],[-16.458298473980296,15.976600874181935,0.0],[-16.457917728402187,15.973895828994648,0.0],[-16.457516771636584,15.968395948391265,0.0],[-16.456221896108335,15.964124911409613,0.0],[-16.45601104670504,15.959933876964312,0.0],[-16.456355750242277,15.957660629526597,0.0],[-16.457158139405827,15.956257715263014,0.0],[-16.459322867177356,15.95598103055233,0.0],[-16.46076411616833,15.955534546678868,0.0],[-16.46183855729549,15.95430445823985,0.0],[-16.4628372852733,15.955083762972507,0.0],[-16.46203684174594,15.956748710270585,0.0],[-16.461045070538525,15.95693012597439,0.0],[-16.45880396602179,15.959128888950664,0.0],[-16.458096912293637,15.961229906409056,0.0],[-16.45846624245455,15.962362862146922,0.0],[-16.460051182451544,15.963050862575509,0.0],[-16.46114276330054,15.964178913039781,0.0],[-16.461013043911944,15.9649658780789,0.0],[-16.459655049939574,15.96445103325285,0.0],[-16.458482046573618,15.964546325970378,0.0],[-16.458534457376942,15.965550413342058,0.0],[-16.4594950535298,15.967290758439923,0.0],[-16.459913344228703,15.968947434133108,0.0],[-16.461541581744417,15.969373097073793,0.0],[-16.46376046570478,15.97031878649628,0.0],[-16.464577767745666,15.970968295470248,0.0],[-16.46360116497491,15.973245847074644,0.0]]]}},{"type":"Feature","properties":{"Categorie":"Risque très fort","Code":"IC1 (>2,0m.)"},"geometry":{"type":"GeometryCollection","geometries":[{"type":"LineString","coordinates":[[-16.46178518825629,15.953169364029645,0.0],[-16.46082718217818,15.951778377211577,0.0]]},{"type":"LineString","coordinates":[[-16.46082718217818,15.951778377211577,0.0],[-16.459681057665858,15.949340544733099,0.0]]},{"type":"LineString","coordinates":[[-16.459256821508895,15.946854144918873,0.0],[-16.45853685747412,15.947164719361645,0.0]]},{"type":"LineString","coordinates":[[-16.45853685747412,15.947164719361645,0.0],[-16.457819731551712,15.947868315752402,0.0]]},{"type":"LineString","coordinates":[[-16.457819731551712,15.947868315752402,0.0],[-16.45646848479386,15.94827049667676,0.0]]},{"type":"LineString","coordinates":[[-16.45646848479386,15.94827049667676,0.0],[-16.456235236979403,15.947223956770381,0.0]]},{"type":"LineString","coordinates":[[-16.456235236979403,15.947223956770381,0.0],[-16.458392293887925,15.945899224760982,0.0]]},{"type":"LineString","coordinates":[[-16.458392293887925,15.945899224760982,0.0],[-16.45933224587879,15.944801075065817,0.0]]},{"type":"LineString","coordinates":[[-16.45933224587879,15.944801075065817,0.0],[-16.459543391345285,15.942790757444806,0.0]]},{"type":"LineString","coordinates":[[-16.459543391345285,15.942790757444806,0.0],[-16.45818303015228,15.941926534610701,0.0]]},{"type":"LineString","coordinates":[[-16.455862938763122,15.940981442935085,0.0],[-16.455356380023648,15.939587373609946,0.0]]},{"type":"LineString","coordinates":[[-16.459381971391817,15.94779083557119,0.0],[-16.45949616248777,15.94864550462609,0.0]]},{"type":"LineString","coordinates":[[-16.46178518825629,15.953169364029645,0.0],[-16.4629098172773,15.95263767307277,0.0]]},{"type":"LineString","coordinates":[[-16.4629098172773,15.95263767307277,0.0],[-16.463573245231416,15.950755297654243,0.0]]},{"type":"Polygon","coordinates":[[[-16.456688537180515,15.941237894784205,0.0],[-16.45818303015228,15.941926534610701,0.0],[-16.455862938763122,15.940981442935085,0.0],[-16.456688537180515,15.941237894784205,0.0]]]},{"type":"Polygon","coordinates":[[[-16.459256821508895,15.946854144918873,0.0],[-16.459681057665858,15.949340544733099,0.0],[-16.459381971391817,15.94779083557119,0.0],[-16.459352780090846,15.947639581466644,0.0],[-16.459256821508895,15.946854144918873,0.0]]]}]}},{"type":"Feature","properties":{"Categorie":"Risque très fort","Code":"IC1 (>2,0m.)"},"geometry":{"type":"Polygon","coordinates":[[[-16.42774431415764,15.949205157557175,0.0],[-16.427374873661556,15.948028461639081,0.0],[-16.428799763689902,15.945267684432752,0.0],[-16.430016581859785,15.944997582259234,0.0],[-16.43159758273283,15.94516177400963,0.0],[-16.433844453132725,15.943749336734179,0.0],[-16.435692219391665,15.94334398983682,0.0],[-16.436411590467614,15.942946150278297,0.0],[-16.43763055893937,15.942981695389141,0.0],[-16.43763833787285,15.944073439412016,0.0],[-16.43737374608119,15.944948640860757,0.0],[-16.4329578678572,15.946026172061567,0.0],[-16.432013726845373,15.946556510767367,0.0],[-16.430571220855036,15.94682812302095,0.0],[-16.42986203900796,15.948667051461953,0.0],[-16.430226540313104,15.94914502370367,0.0],[-16.42774431415764,15.949205157557175,0.0]]]}},{"type":"Feature","properties":{"Categorie":"Risque fort","Code":"IC2 (1,0-2,0m.)"},"geometry":{"type":"Polygon","coordinates":[[[-16.34754141423356,16.128846052949434,0.0],[-16.345396403296398,16.132353397544318,0.0],[-16.336094305372413,16.140234783760604,0.0],[-16.334807960908613,16.141147659213438,0.0],[-16.334728365197687,16.13106143772696,0.0],[-16.33767800372243,16.126768165653125,0.0],[-16.342073181542204,16.12193657249556,0.0],[-16.345389805665466,16.117985154255855,0.0],[-16.349498787692674,16.110971604574065,0.0],[-16.34914448291623,16.11870389016726,0.0],[-16.34754141423356,16.128846052949434,0.0]]]}},{"type":"Feature","properties":{"Categorie":"Risque fort","Code":"IC2 (1,0-2,0m.)"},"geometry":{"type":"Polygon","coordinates":[[[-16.367959612670223,16.09868048081027,0.0],[-16.369577412768095,16.09744729281249,0.0],[-16.3712373658928,16.095777100255532,0.0],[-16.373397771546845,16.09462774888324,0.0],[-16.375497046604345,16.091164140873328,0.0],[-16.378599010466385,16.089004220667338,0.0],[-16.38049491909638,16.08881729863404,0.0],[-16.38251877834534,16.087537728522204,0.0],[-16.383541040266344,16.08512914761465,0.0],[-16.384972210783005,16.08306729273682,0.0],[-16.39017798719271,16.07818591792943,0.0],[-16.393793129744882,16.07193912944245,0.0],[-16.392585307053658,16.070374797853376,0.0],[-16.39131157854638,16.069072918887407,0.0],[-16.392602968764454,16.06642235931236,0.0],[-16.397853022698715,16.058265144778254,0.0],[-16.39868730170781,16.05808500973628,0.0],[-16.40180424624313,16.058173810873555,0.0],[-16.40501656944858,16.058982527457122,0.0],[-16.406790472114118,16.06076142964593,0.0],[-16.407386180215386,16.06198032777749,0.0],[-16.407486330763014,16.063377169311185,0.0],[-16.406633448661612,16.064125196260786,0.0],[-16.40538328786398,16.06618598532211,0.0],[-16.404965989236672,16.0710799758527,0.0],[-16.405518091588416,16.07251752225258,0.0],[-16.40728997808034,16.073990719533974,0.0],[-16.408254132966185,16.07621163863041,0.0],[-16.408260590098553,16.077128704009183,0.0],[-16.40681742222793,16.077443901520272,0.0],[-16.40460366017806,16.077371103682818,0.0],[-16.403245300300075,16.076899626921715,0.0],[-16.40148504095194,16.07708585274624,0.0],[-16.401720972982968,16.07852547990112,0.0],[-16.40322587358982,16.080568191938752,0.0],[-16.404770143485102,16.081780867264907,0.0],[-16.41309891955319,16.077882892173967,0.0],[-16.415033034166967,16.076734643873188,0.0],[-16.41783501011412,16.073768256508323,0.0],[-16.420197967904887,16.072595288412533,0.0],[-16.423088986748017,16.072641589665615,0.0],[-16.427600639213857,16.07193463053595,0.0],[-16.42958335725576,16.07128815821368,0.0],[-16.431383998220053,16.07044636471633,0.0],[-16.431735625411324,16.06909019768661,0.0],[-16.430641701095695,16.0677000252273,0.0],[-16.43112913235871,16.06638662269046,0.0],[-16.432031148381448,16.06620590459292,0.0],[-16.433188819925345,16.06388357047159,0.0],[-16.43285486474188,16.0613965324574,0.0],[-16.431752861103472,16.05887095748011,0.0],[-16.431468780480124,16.05703865345798,0.0],[-16.43435252641223,16.056102259767147,0.0],[-16.435294959375852,16.055266189030636,0.0],[-16.43459471694045,16.05208286293603,0.0],[-16.435083030775946,16.05090046286509,0.0],[-16.436435630605324,16.050585698564596,0.0],[-16.43933211996699,16.05143968796496,0.0],[-16.440244105943844,16.05265635781599,0.0],[-16.440207423198544,16.053835731611283,0.0],[-16.438595766493197,16.055811773857616,0.0],[-16.43761539547604,16.05765255520759,0.0],[-16.43595288528604,16.05884283685729,0.0],[-16.43582773466172,16.060284832985253,0.0],[-16.43683226367831,16.061806594246075,0.0],[-16.437340334791852,16.063375354281874,0.0],[-16.43754137063902,16.066212644052936,0.0],[-16.439859770221833,16.06829328651825,0.0],[-16.439960153139708,16.0696900935036,0.0],[-16.439246954540128,16.0710050304904,0.0],[-16.43903495413309,16.072927994402384,0.0],[-16.43910819864324,16.07369174991047,0.0],[-16.440445433644847,16.07435965730438,0.0],[-16.442228659982895,16.074238467149677,0.0],[-16.444920255633132,16.071687377208765,0.0],[-16.445702425303644,16.070546642984898,0.0],[-16.447144374668685,16.069856955402486,0.0],[-16.44796522280619,16.070943183226188,0.0],[-16.447623713976814,16.07234601012604,0.0],[-16.446421958885765,16.07479972339918,0.0],[-16.445437166932233,16.076029172167733,0.0],[-16.444659795167343,16.07674518480238,0.0],[-16.442215810384006,16.07762316774983,0.0],[-16.441279499363425,16.077516400645365,0.0],[-16.439873006870343,16.07707362119015,0.0],[-16.435998671537327,16.074951337346608,0.0],[-16.433426897511932,16.07508165949812,0.0],[-16.431793034562173,16.0755448801746,0.0],[-16.428726331239268,16.077914581370315,0.0],[-16.42391849861893,16.079964724090374,0.0],[-16.422139505440313,16.08099332588123,0.0],[-16.42083878056002,16.080932132201195,0.0],[-16.419079071969247,16.080152326289053,0.0],[-16.417557266115047,16.079936289779468,0.0],[-16.41662333586728,16.080168603962793,0.0],[-16.41371744715443,16.08267534617976,0.0],[-16.410421473034653,16.085127286704257,0.0],[-16.410125212864635,16.085337630240847,0.0],[-16.40968462028824,16.086912717952483,0.0],[-16.408883287648045,16.08857752595428,0.0],[-16.408045324625974,16.08959467072979,0.0],[-16.408023122673143,16.089611775102703,0.0],[-16.403140871734898,16.092016684563074,0.0],[-16.401530982459583,16.093264569871963,0.0],[-16.40047374950044,16.09391707225016,0.0],[-16.39615969436146,16.097133345502606,0.0],[-16.395391483310327,16.097094691009314,0.0],[-16.393728080934636,16.098241016551484,0.0],[-16.392150131357635,16.098688022094493,0.0],[-16.391377654643136,16.09803797348902,0.0],[-16.389348897636566,16.098618909494157,0.0],[-16.38721947120048,16.09771563078585,0.0],[-16.382567433608873,16.097833123028785,0.0],[-16.3812147086681,16.098191247730988,0.0],[-16.375549568173057,16.102070945749055,0.0],[-16.371320751012384,16.104631123168613,0.0],[-16.370327242277366,16.104681170993175,0.0],[-16.368030294247152,16.10570035681449,0.0],[-16.36626643850033,16.105405939639816,0.0],[-16.365990916063843,16.104752616343415,0.0],[-16.366060048294923,16.101651436299054,0.0],[-16.368767404879243,16.101197385489336,0.0],[-16.368864055334154,16.100713549173307,0.0],[-16.368889659639937,16.10070904350068,0.0],[-16.36906870247043,16.10033178091005,0.0],[-16.368597555080626,16.099505813798643,0.0],[-16.368391063832135,16.099016179053944,0.0],[-16.367959612670223,16.09868048081027,0.0]]]}},{"type":"Feature","properties":{"Categorie":"Risque fort","Code":"IC2 (1,0-2,0m.)"},"geometry":{"type":"Polygon","coordinates":[[[-16.36450723524367,16.079333824854306,0.0],[-16.364503361531703,16.078766107289017,0.0],[-16.365535054662818,16.07771138493531,0.0],[-16.367053722824352,16.075212356227567,0.0],[-16.367773699756704,16.07481470298059,0.0],[-16.36790501820502,16.074202449245895,0.0],[-16.367481506459267,16.071715826007054,0.0],[-16.368420727774353,16.070355976413428,0.0],[-16.369993443814284,16.069166759348672,0.0],[-16.370571318254285,16.067809214463875,0.0],[-16.371019974429224,16.067369617028,0.0],[-16.372915093105483,16.067095436283154,0.0],[-16.37399634475036,16.06669544737803,0.0],[-16.374438692889125,16.065338763965723,0.0],[-16.375115555240946,16.065247072620892,0.0],[-16.37597607531541,16.065590922414447,0.0],[-16.37666074715445,16.066634656908516,0.0],[-16.376892277686625,16.0674629422064,0.0],[-16.37581192971237,16.067993956848568,0.0],[-16.374420820453587,16.069313064709615,0.0],[-16.373077555394943,16.07102490916279,0.0],[-16.373488241656194,16.071633687116112,0.0],[-16.374259056469025,16.072065462292272,0.0],[-16.37538999970001,16.072320230796898,0.0],[-16.37669740128166,16.07196244551152,0.0],[-16.377324007894384,16.071128639682012,0.0],[-16.378315841868805,16.07086022048011,0.0],[-16.378501016386583,16.071514112264964,0.0],[-16.377928302427048,16.073614070865368,0.0],[-16.37703309953821,16.074798985816972,0.0],[-16.37623002226365,16.076245338967002,0.0],[-16.375644658603104,16.076511137364886,0.0],[-16.373836491428232,16.076304394021136,0.0],[-16.370366136746195,16.07741845974573,0.0],[-16.366087799342615,16.07928006468206,0.0],[-16.36450723524367,16.079333824854306,0.0]]]}},{"type":"Feature","properties":{"Categorie":"Risque fort","Code":"IC2 (1,0-2,0m.)"},"geometry":{"type":"Polygon","coordinates":[[[-16.371421063805744,16.053391864683295,0.0],[-16.371231449748564,16.052082904084905,0.0],[-16.373293898422833,16.049886070938964,0.0],[-16.375786318642856,16.044542045471506,0.0],[-16.377135700949133,16.043747275988974,0.0],[-16.377849243308077,16.042432517896312,0.0],[-16.37846825575143,16.04050695205192,0.0],[-16.37972548046715,16.039450726833785,0.0],[-16.380992316957574,16.039791949314427,0.0],[-16.379391859029074,16.043470733968455,0.0],[-16.379131721558156,16.045044613895485,0.0],[-16.374840150121834,16.051448362547386,0.0],[-16.372868028107575,16.05364463137843,0.0],[-16.371421063805744,16.053391864683295,0.0]]]}},{"type":"Feature","properties":{"Categorie":"Risque fort","Code":"IC2 (1,0-2,0m.)"},"geometry":{"type":"Polygon","coordinates":[[[-16.422274879937756,16.012019750588895,0.0],[-16.42363746443111,16.013146187379533,0.0],[-16.423918281022917,16.014541822523164,0.0],[-16.42374882001479,16.016115130829924,0.0],[-16.423222471259454,16.018302210646098,0.0],[-16.422410342555906,16.018394937699732,0.0],[-16.42216981762828,16.021093265036026,0.0],[-16.42276547697497,16.022312126736573,0.0],[-16.423143116536263,16.02462422633509,0.0],[-16.42360333095163,16.025843982495594,0.0],[-16.42276057080772,16.027989489075203,0.0],[-16.421019637077006,16.03083969379527,0.0],[-16.420855409190942,16.033155385691224,0.0],[-16.420142498167145,16.034513932737283,0.0],[-16.416784154738135,16.038553954005792,0.0],[-16.416389770434858,16.040259760619303,0.0],[-16.417878738778985,16.040075230772366,0.0],[-16.419764844482735,16.038577908207944,0.0],[-16.421366980299517,16.035248240118776,0.0],[-16.42212906640311,16.034457096080367,0.0],[-16.422538260625643,16.03484742770265,0.0],[-16.422914074443877,16.03689750541026,0.0],[-16.42256955010626,16.03925806440948,0.0],[-16.421725186045588,16.041185221432524,0.0],[-16.420426439347587,16.042722341962165,0.0],[-16.420080334169004,16.044864550466272,0.0],[-16.419681330271363,16.045915315602556,0.0],[-16.418077240934625,16.04898295877004,0.0],[-16.417685636104792,16.0510817942831,0.0],[-16.415877378927366,16.050831721145894,0.0],[-16.41613815351882,16.049388828962726,0.0],[-16.416672351734835,16.048293503331507,0.0],[-16.416755260692867,16.04724483250942,0.0],[-16.414587922894473,16.047302822090934,0.0],[-16.41360612421876,16.04896883024739,0.0],[-16.41320800307463,16.05015059570418,0.0],[-16.410658174638424,16.053617475438898,0.0],[-16.407499676231506,16.054031298247246,0.0],[-16.40728307609797,16.055342878411096,0.0],[-16.40625049886611,16.056223098216613,0.0],[-16.40232649032721,16.05696941272996,0.0],[-16.402315482413336,16.055397293630485,0.0],[-16.402665152367554,16.053735468987682,0.0],[-16.402344439409486,16.053082488902707,0.0],[-16.3992930568396,16.053250687796776,0.0],[-16.3993476364218,16.055406637827303,0.0],[-16.399728038054533,16.055715315506912,0.0],[-16.399554525406767,16.056737282790976,0.0],[-16.39655465523608,16.0572427157356,0.0],[-16.39524734279614,16.058631512751276,0.0],[-16.392039909561966,16.058521368530204,0.0],[-16.39072231733219,16.0573944526977,0.0],[-16.38796712704506,16.057368653169323,0.0],[-16.386520427261658,16.05715966245423,0.0],[-16.385759319821233,16.058125377361936,0.0],[-16.38157970942683,16.061122096230807,0.0],[-16.381089543066444,16.062086048620014,0.0],[-16.377264202766312,16.062438230620685,0.0],[-16.377068530245282,16.060255871388826,0.0],[-16.377645132605554,16.058723630351743,0.0],[-16.378635102001805,16.0581931917514,0.0],[-16.379023521516988,16.055570350567113,0.0],[-16.379421857840263,16.054388632431372,0.0],[-16.380640317733928,16.054249765735943,0.0],[-16.380915200988905,16.054815734079025,0.0],[-16.38092423385876,16.05612584537188,0.0],[-16.380121249607097,16.057572207520835,0.0],[-16.380261853532428,16.058313730851115,0.0],[-16.381976218498338,16.058040641488642,0.0],[-16.383580642908644,16.054929551268074,0.0],[-16.38366553602282,16.054142901912964,0.0],[-16.38352703528284,16.053707073648095,0.0],[-16.38171606129344,16.053063677310288,0.0],[-16.381616401956318,16.051710478190085,0.0],[-16.38228537958929,16.05048333830015,0.0],[-16.384990187930143,16.049767114891978,0.0],[-16.3860164929741,16.047969915798994,0.0],[-16.38663060323824,16.045345607171317,0.0],[-16.387832974191664,16.042892178446966,0.0],[-16.389309293594973,16.040873691813104,0.0],[-16.39073285387594,16.037763733313103,0.0],[-16.39112563985446,16.035795934934903,0.0],[-16.39260854879818,16.034738176476072,0.0],[-16.392513990088293,16.0341273794971,0.0],[-16.391963698464085,16.032919047679908,0.0],[-16.392770906168156,16.032105871089662,0.0],[-16.39328944555708,16.031993322655033,0.0],[-16.39412142241683,16.031496604139168,0.0],[-16.394816029159514,16.030727824815216,0.0],[-16.39713494543688,16.02652020498985,0.0],[-16.39895738016079,16.02235947494939,0.0],[-16.39894855397078,16.021093039781988,0.0],[-16.396671099971176,16.02151184133363,0.0],[-16.400141936589048,16.014152302053567,0.0],[-16.401341439192766,16.01457027947859,0.0],[-16.40283161437855,16.01458238344692,0.0],[-16.40373099510683,16.01405243934975,0.0],[-16.40406551388882,16.013460678397436,0.0],[-16.405350509640353,16.013190238563826,0.0],[-16.405871819004453,16.013481612242952,0.0],[-16.40635401760122,16.014635764175573,0.0],[-16.407075380727232,16.014478185282588,0.0],[-16.4092984566532,16.012760394510213,0.0],[-16.41081919599342,16.01069782279682,0.0],[-16.411060318685916,16.00966994614963,0.0],[-16.410894623052272,16.008579234354414,0.0],[-16.410099888346764,16.00792937350851,0.0],[-16.409468546393963,16.00804269793237,0.0],[-16.409705767654913,16.006458029286726,0.0],[-16.41039961889297,16.00560186938812,0.0],[-16.410996419070788,16.003785560338088,0.0],[-16.412206712580698,16.00253295461281,0.0],[-16.412984698733887,16.00080279446426,0.0],[-16.414263914342662,15.999724413811581,0.0],[-16.414868349306747,15.998999846600746,0.0],[-16.41644700620469,15.998771085998946,0.0],[-16.417210526341233,15.998198316091338,0.0],[-16.418096549898507,15.995790513413171,0.0],[-16.418865600973906,15.996003797140585,0.0],[-16.41977225522367,15.996521872438299,0.0],[-16.420715421822955,15.995816888663922,0.0],[-16.42125194591666,15.995070918787151,0.0],[-16.421014482141807,15.993412956271571,0.0],[-16.421051914912596,15.992320910832609,0.0],[-16.423474080298504,15.990077618068655,0.0],[-16.42446544279523,15.989809020278955,0.0],[-16.42518468791714,15.989367534742739,0.0],[-16.42499575122133,15.988189646655323,0.0],[-16.42566705863502,15.98735543089465,0.0],[-16.426121300956762,15.9877454652032,0.0],[-16.426584525977226,15.989401922293451,0.0],[-16.42655672417052,15.991847729694113,0.0],[-16.426831321600208,15.992369969098885,0.0],[-16.42594201098087,15.994297431284647,0.0],[-16.424597185960934,15.995660176760298,0.0],[-16.42270253444065,15.995891086971085,0.0],[-16.422722164524885,15.997070097714492,0.0],[-16.424035164017337,15.997585463181455,0.0],[-16.42489699864898,15.998147484097213,0.0],[-16.425268709849306,15.999629861063541,0.0],[-16.425415612887324,16.001244743858123,0.0],[-16.425113753778845,16.004838753063986,0.0],[-16.421255598985343,16.008358064538328,0.0],[-16.42117950903862,16.01036747333837,0.0],[-16.422274879937756,16.012019750588895,0.0]],[[-16.39405976628298,16.043738862569253,0.0],[-16.395204720009815,16.03953888677041,0.0],[-16.39492526532245,16.038317884739087,0.0],[-16.39375055811609,16.0382381798852,0.0],[-16.391425390617982,16.041572370271652,0.0],[-16.388750373134215,16.046568352039998,0.0],[-16.387688920391376,16.049806973564838,0.0],[-16.388238712577493,16.050938889937573,0.0],[-16.39093561705173,16.049087166998145,0.0],[-16.3933505813493,16.045665049106894,0.0],[-16.39405976628298,16.043738862569253,0.0]],[[-16.40890658606946,16.050189841428157,0.0],[-16.4092101139311,16.048397297692432,0.0],[-16.409204278817647,16.047567569995103,0.0],[-16.408658681119785,16.047047094275797,0.0],[-16.407576696070304,16.047316235365535,0.0],[-16.40722339389529,16.04845402589317,0.0],[-16.406104207024647,16.04985887503472,0.0],[-16.404845848909083,16.050740568424494,0.0],[-16.40344893861317,16.051186443042848,0.0],[-16.402960431244605,16.052368786023482,0.0],[-16.404315251641517,16.052359909460467,0.0],[-16.406174501853585,16.05343951221278,0.0],[-16.40793117112575,16.05277289561311,0.0],[-16.40797080705503,16.051986540895594,0.0],[-16.40890658606946,16.050189841428157,0.0]],[[-16.40421155786991,16.05045267017328,0.0],[-16.404567023043192,16.04962057289484,0.0],[-16.40456273727209,16.049009193443826,0.0],[-16.404101651952566,16.047658383995273,0.0],[-16.403556066136684,16.047137894246525,0.0],[-16.40283106834187,16.046793265399025,0.0],[-16.40098502596501,16.04759143830667,0.0],[-16.399857559618034,16.04781716663727,0.0],[-16.39918717706793,16.048826002191692,0.0],[-16.39837612610123,16.049093329036666,0.0],[-16.397975779548126,16.04996938278456,0.0],[-16.398034957618485,16.05197791165495,0.0],[-16.397634604822247,16.052853965112078,0.0],[-16.3937677799527,16.055324796064923,0.0],[-16.39242629261989,16.057255094546917,0.0],[-16.39247692046092,16.058040863689563,0.0],[-16.395007826142933,16.058286425881814,0.0],[-16.397164336714173,16.05665650220846,0.0],[-16.3994279549494,16.056473859962633,0.0],[-16.39959696742885,16.055767179543494,0.0],[-16.39919964939194,16.055461341629005,0.0],[-16.399138015486034,16.05310345434931,0.0],[-16.40059687513995,16.0526326357545,0.0],[-16.402546742779244,16.051337014475546,0.0],[-16.40421155786991,16.05045267017328,0.0]]]}},{"type":"Feature","properties":{"Categorie":"Risque fort","Code":"IC2 (1,0-2,0m.)"},"geometry":{"type":"MultiPolygon","coordinates":[[[[-16.432970243031228,15.906415605697646,0.0],[-16.43339220918055,15.903868908793982,0.0],[-16.433948400957174,15.902751580235568,0.0],[-16.43543199925925,15.901955631049349,0.0],[-16.438632240458546,15.901410280538988,0.0],[-16.439163504118902,15.899965567170895,0.0],[-16.438022945205248,15.898226281204638,0.0],[-16.43611744913943,15.896797776354623,0.0],[-16.4341307029059,15.896636281771752,0.0],[-16.433942776896973,15.89558939897697,0.0],[-16.437458798147954,15.895041977542334,0.0],[-16.43762379025183,15.892857278908918,0.0],[-16.43720651151756,15.891287860437659,0.0],[-16.438192103088348,15.890276848933215,0.0],[-16.438318168169072,15.88896584936004,0.0],[-16.436275225911597,15.887232548079913,0.0],[-16.436308890063497,15.885616457718342,0.0],[-16.438088373790933,15.88202352228641,0.0],[-16.43899174097213,15.882148530008637,0.0],[-16.43953754747867,15.882756306427673,0.0],[-16.439319384357713,15.883805887296784,0.0],[-16.43838143090551,15.885165961198798,0.0],[-16.438527344109183,15.886649839946926,0.0],[-16.43988102954169,15.886640829897411,0.0],[-16.44073059706219,15.885543370825864,0.0],[-16.441663873354077,15.883528239075481,0.0],[-16.44225130025626,15.881399856415648,0.0],[-16.44385556881653,15.883139913570835,0.0],[-16.44377720644234,15.88326831442094,0.0],[-16.444601235367728,15.884212007576052,0.0],[-16.44475465474893,15.88411509998821,0.0],[-16.445930487022896,15.885390457127459,0.0],[-16.4484526798451,15.88733865773357,0.0],[-16.448035833101333,15.888005708772203,0.0],[-16.443732669148154,15.892052303957781,0.0],[-16.443108093248913,15.893060929158226,0.0],[-16.443465694757478,15.898910578731417,0.0],[-16.44369911121233,15.900000816913394,0.0],[-16.44327402107027,15.903672096583678,0.0],[-16.443380477401274,15.90594232351691,0.0],[-16.442619546531727,15.906820845011683,0.0],[-16.4414057780527,15.907484027431066,0.0],[-16.440861137500665,15.90705094243808,0.0],[-16.44175652495329,15.906040513317732,0.0],[-16.441165827436887,15.9054767204538,0.0],[-16.440354163095243,15.905569478290182,0.0],[-16.439714613995374,15.90448194338431,0.0],[-16.439617212577783,15.903478137609426,0.0],[-16.437992654665017,15.90348895781415,0.0],[-16.437232017271548,15.90441113161158,0.0],[-16.43611717769526,15.90629644252076,0.0],[-16.4347411563553,15.909537316672685,0.0],[-16.433804826729776,15.909554453474193,0.0],[-16.432970243031228,15.906415605697646,0.0]]],[[[-16.453659603784246,15.891942103027436,0.0],[-16.453694166482496,15.891704966668344,0.0],[-16.45407829764334,15.892134703115744,0.0],[-16.453659603784246,15.891942103027436,0.0]]]]}},{"type":"Feature","properties":{"Categorie":"Risque fort","Code":"IC2 (1,0-2,0m.)"},"geometry":{"type":"Polygon","coordinates":[[[-16.443465694757478,15.898910578731417,0.0],[-16.444306561139875,15.896590349176673,0.0],[-16.450684564071246,15.892398807343405,0.0],[-16.453659603784246,15.891942103027436,0.0],[-16.45409388555634,15.892152141675897,0.0],[-16.458818045465843,15.897437169039996,0.0],[-16.45775407123691,15.89654372894582,0.0],[-16.45594154402844,15.895507826639909,0.0],[-16.45372448392976,15.894692987684541,0.0],[-16.451286202100334,15.894491015239913,0.0],[-16.447058869798706,15.896528265324456,0.0],[-16.445404218710042,15.898635588911738,0.0],[-16.44369911121233,15.900000816913394,0.0],[-16.443465694757478,15.898910578731417,0.0]]]}},{"type":"Feature","properties":{"Categorie":"Risque fort","Code":"IC2 (1,0-2,0m.)"},"geometry":{"type":"MultiPolygon","coordinates":[[[[-16.50440389551762,15.950918648387182,0.0],[-16.5038097728488,15.955988596457756,0.0],[-16.50284345507282,15.959576337870065,0.0],[-16.503613885262585,15.966034217429144,0.0],[-16.504546024821007,15.969958060623734,0.0],[-16.504837748519,15.972750939866257,0.0],[-16.503499176385745,15.974856486555067,0.0],[-16.501877673830766,15.97534818845326,0.0],[-16.50155777603589,15.974826373498628,0.0],[-16.502362499165674,15.973772660611626,0.0],[-16.503119465708956,15.972369913824865,0.0],[-16.502159784711022,15.9708044717682,0.0],[-16.500296667843998,15.969157982259734,0.0],[-16.49960103693848,15.966673599814099,0.0],[-16.499814380907566,15.965012626312113,0.0],[-16.501077950552865,15.964960148683238,0.0],[-16.50183880477992,15.964081428374426,0.0],[-16.502233659898028,15.962550199644015,0.0],[-16.501852700144482,15.959888944886076,0.0],[-16.501265256400497,15.959805699742839,0.0],[-16.501324382533728,15.96168312792704,0.0],[-16.500572314302378,15.963740894017102,0.0],[-16.497911394606717,15.964065119393492,0.0],[-16.496146111087423,15.963422332776942,0.0],[-16.496276663615273,15.962766363729122,0.0],[-16.497299928080253,15.960750394482664,0.0],[-16.497510369434988,15.958696404589363,0.0],[-16.498223485110124,15.957468663000027,0.0],[-16.49872975003188,15.95270502630474,0.0],[-16.49812675579195,15.95052568076537,0.0],[-16.497222740538586,15.950357281644202,0.0],[-16.49614660623966,15.95132551554634,0.0],[-16.495394512466994,15.953383266671699,0.0],[-16.49559611489048,15.956220470829075,0.0],[-16.49597503699905,15.958619733874139,0.0],[-16.495988326124188,15.960410144462662,0.0],[-16.495362548001413,15.96124423642701,0.0],[-16.492034915580888,15.962970483977758,0.0],[-16.49132465287993,15.96459122695701,0.0],[-16.48943009676912,15.964779026416705,0.0],[-16.485784761010216,15.966289028567502,0.0],[-16.484663026634053,15.967213858435748,0.0],[-16.484070427742047,15.966653260897834,0.0],[-16.483644231579625,15.963948597483409,0.0],[-16.482410373190575,15.961904559030822,0.0],[-16.482391422005183,15.959328098819396,0.0],[-16.481873713231565,15.956449372852546,0.0],[-16.48032685034622,15.954800509016488,0.0],[-16.479915166039582,15.954060929312865,0.0],[-16.478512713900464,15.953633848762108,0.0],[-16.477241838665957,15.952681802613496,0.0],[-16.475567940817143,15.95216922046069,0.0],[-16.473937591179936,15.95143797064784,0.0],[-16.472687653218717,15.947166737495216,0.0],[-16.47356995180114,15.944365747106502,0.0],[-16.474232973796017,15.943224490840748,0.0],[-16.474234426656505,15.943246928977992,0.0],[-16.4749036372891,15.946066276565382,0.0],[-16.47751863197128,15.948872286217002,0.0],[-16.48076157455418,15.948850024522015,0.0],[-16.491747991781228,15.948032179798368,0.0],[-16.491304881324655,15.949934630422378,0.0],[-16.490726829705725,15.951117745660742,0.0],[-16.490812325910316,15.956576018044064,0.0],[-16.49129132364371,15.960306562747785,0.0],[-16.492735908637197,15.9603183888342,0.0],[-16.492735127220605,15.954117131210785,0.0],[-16.49317064984611,15.951974239809498,0.0],[-16.494013034809356,15.949915868764407,0.0],[-16.49413970763821,15.948735876807165,0.0],[-16.49409707345911,15.947857310774555,0.0],[-16.49469915314368,15.947812491095577,0.0],[-16.500846643504936,15.945887163433829,0.0],[-16.503448196676352,15.945749100163495,0.0],[-16.50440389551762,15.950918648387182,0.0]],[[-16.500533588644483,15.958757552321797,0.0],[-16.50031499176801,15.947579362653045,0.0],[-16.498606342068367,15.948464668338836,0.0],[-16.498904409027883,15.958201178204593,0.0],[-16.497950654943736,15.96349197674215,0.0],[-16.499260979960624,15.963657538838167,0.0],[-16.500533588644483,15.958757552321797,0.0]]],[[[-16.472857226174376,15.939479437833791,0.0],[-16.471816278621564,15.939093505383477,0.0],[-16.471176764487026,15.938049759139709,0.0],[-16.47157023279022,15.936300221974898,0.0],[-16.472508156694552,15.934940008920266,0.0],[-16.47285329147755,15.932754087380404,0.0],[-16.472699421468874,15.93022220266611,0.0],[-16.470891600303226,15.929885167503144,0.0],[-16.47118621042629,15.92695717865478,0.0],[-16.472443198575434,15.92603150533685,0.0],[-16.472622367936104,15.925168918779043,0.0],[-16.475115570342048,15.930690087208822,0.0],[-16.473875272090968,15.937566202574017,0.0],[-16.472857226174376,15.939479437833791,0.0]]],[[[-16.471517358495927,15.922849813653139,0.0],[-16.471533250523876,15.92275708063129,0.0],[-16.471598364502324,15.922901274797512,0.0],[-16.471517358495927,15.922849813653139,0.0]]]]}},{"type":"Feature","properties":{"Categorie":"Risque moyen","Code":"IC3 (0,5-1,0m.)"},"geometry":{"type":"Polygon","coordinates":[[[-16.45063946079523,15.941136753923088,0.0],[-16.449978756617146,15.943412124258327,0.0],[-16.449129811172188,15.9446188038774,0.0],[-16.447374378488917,15.945307510672697,0.0],[-16.446252714674397,15.94625398191938,0.0],[-16.444846147829175,15.945237131597072,0.0],[-16.445094755503618,15.942134773117191,0.0],[-16.44544426268039,15.940516576202306,0.0],[-16.446198723050884,15.938720976032743,0.0],[-16.446963501929325,15.9383664709999,0.0],[-16.448317841907915,15.93840104902612,0.0],[-16.44935279278683,15.937957377502473,0.0],[-16.449417976312766,15.93446320566839,0.0],[-16.450776054915544,15.93502180492951,0.0],[-16.4525390850901,15.935402981114507,0.0],[-16.452322214778803,15.936627247312375,0.0],[-16.4517518088181,15.938902013100499,0.0],[-16.45063946079523,15.941136753923088,0.0]]]}},{"type":"Feature","properties":{"Categorie":"Risque fort","Code":"IC2 (1,0-2,0m.)"},"geometry":{"type":"Polygon","coordinates":[[[-16.46418700126924,15.952912860127055,0.0],[-16.46394566745433,15.956975936669528,0.0],[-16.464734910203916,15.959983892525438,0.0],[-16.464962134261903,15.966402029522337,0.0],[-16.463938191246722,15.968374204582371,0.0],[-16.4594950535298,15.967290758439923,0.0],[-16.458534457376942,15.965550413342058,0.0],[-16.458482046573618,15.964546325970378,0.0],[-16.459655049939574,15.96445103325285,0.0],[-16.461013043911944,15.9649658780789,0.0],[-16.46114276330054,15.964178913039781,0.0],[-16.460051182451544,15.963050862575509,0.0],[-16.45846624245455,15.962362862146922,0.0],[-16.458096912293637,15.961229906409056,0.0],[-16.45880396602179,15.959128888950664,0.0],[-16.461045070538525,15.95693012597439,0.0],[-16.46203684174594,15.956748710270585,0.0],[-16.4628372852733,15.955083762972507,0.0],[-16.46183855729549,15.95430445823985,0.0],[-16.46178518825629,15.953169364029645,0.0],[-16.4629098172773,15.95263767307277,0.0],[-16.463573245231416,15.950755297654243,0.0],[-16.46418700126924,15.952912860127055,0.0]]]}},{"type":"Feature","properties":{"Categorie":"Risque fort","Code":"IC2 (1,0-2,0m.)"},"geometry":{"type":"Polygon","coordinates":[[[-16.4696122922588,15.983257126463846,0.0],[-16.47044466640659,15.985959047351944,0.0],[-16.467847316931795,15.988859090832907,0.0],[-16.466222091862367,15.98887018088901,0.0],[-16.465233987520172,15.989575656740202,0.0],[-16.464074194331175,15.99150509206325,0.0],[-16.463354403354042,15.991859363143462,0.0],[-16.462083334238667,15.990907244922486,0.0],[-16.462161490861043,15.987907352950717,0.0],[-16.462460047132645,15.985503402873167,0.0],[-16.46149583684495,15.983282722742159,0.0],[-16.460895016633756,15.981365267498088,0.0],[-16.459939715596686,15.980367313526294,0.0],[-16.459300473547422,15.97781687774288,0.0],[-16.460201429218685,15.977548736189606,0.0],[-16.46019002682082,15.975976645387052,0.0],[-16.46080807960665,15.97405091104883,0.0],[-16.4613447121711,15.973348525823551,0.0],[-16.462883973515183,15.973949464960416,0.0],[-16.46361068736285,15.97455592108978,0.0],[-16.46443117441062,15.977192450239956,0.0],[-16.464857477682312,15.979940836935494,0.0],[-16.4641294388962,15.98536102890507,0.0],[-16.464588512010398,15.986406012201776,0.0],[-16.46554195694056,15.987141926409205,0.0],[-16.466854020867455,15.98752601993562,0.0],[-16.467844021065908,15.987082551809417,0.0],[-16.468551355658107,15.985025177089682,0.0],[-16.469506061213895,15.981074294211615,0.0],[-16.4696122922588,15.983257126463846,0.0]]]}},{"type":"Feature","properties":{"Categorie":"Risque fort","Code":"IC2 (1,0-2,0m.)"},"geometry":{"type":"Polygon","coordinates":[[[-16.482027702928484,15.975849161194681,0.0],[-16.48300172888988,15.974562035184883,0.0],[-16.484188608542272,15.976344359979795,0.0],[-16.48521330670492,15.98061703797431,0.0],[-16.483325671107416,15.981765508346015,0.0],[-16.480713788865927,15.982656925564969,0.0],[-16.478532785283257,15.980750406050166,0.0],[-16.477518481091014,15.977875087450327,0.0],[-16.47705295908897,15.975956757781526,0.0],[-16.482027702928484,15.975849161194681,0.0]]]}},{"type":"Feature","properties":{"Categorie":"Risque fort","Code":"IC2 (1,0-2,0m.)"},"geometry":{"type":"GeometryCollection","geometries":[{"type":"LineString","coordinates":[[-16.474085275965916,15.968545141276351,0.0],[-16.472958999937084,15.96885854998743,0.0]]},{"type":"Polygon","coordinates":[[[-16.47238813451731,15.971046014079409,0.0],[-16.47320610351855,15.97178282556038,0.0],[-16.47583613189065,15.973380635083899,0.0],[-16.47107174599152,15.97160090624743,0.0],[-16.470162546484257,15.970733695638675,0.0],[-16.470601521538708,15.96902751993847,0.0],[-16.471815212600124,15.968320484890189,0.0],[-16.472958999937084,15.96885854998743,0.0],[-16.47237823802488,15.969692275832246,0.0],[-16.47238813451731,15.971046014079409,0.0]]]}]}},{"type":"Feature","properties":{"Categorie":"Risque fort","Code":"IC2 (1,0-2,0m.)"},"geometry":{"type":"Polygon","coordinates":[[[-16.479026421771685,15.971349862236927,0.0],[-16.478883623639863,15.970346409483033,0.0],[-16.47820234585771,15.96978336613629,0.0],[-16.478555777535767,15.968732832903818,0.0],[-16.47836816506613,15.967773358157867,0.0],[-16.477593735087325,15.966817911965974,0.0],[-16.47673639534328,15.966867466461611,0.0],[-16.476245295365075,15.96761324386653,0.0],[-16.475808610932788,15.969625109401703,0.0],[-16.47517536244024,15.969454766289367,0.0],[-16.474628879348085,15.968803444367996,0.0],[-16.474085275965916,15.968545141276351,0.0],[-16.474110662786348,15.967387682198234,0.0],[-16.4734694374848,15.966125609111392,0.0],[-16.473015754259944,15.964272689395974,0.0],[-16.474656437544148,15.966401343284078,0.0],[-16.47559957853733,15.965739813336775,0.0],[-16.47572444269011,15.96429781030089,0.0],[-16.47626163682296,15.963682731649259,0.0],[-16.47752521684067,15.963630392497075,0.0],[-16.47819694776582,15.964433696568054,0.0],[-16.48113981205174,15.97175020158048,0.0],[-16.481378366633958,15.973495399546932,0.0],[-16.477823317920738,15.973498009518565,0.0],[-16.479026421771685,15.971349862236927,0.0]]]}},{"type":"Feature","properties":{"Categorie":"Risque fort","Code":"IC2 (1,0-2,0m.)"},"geometry":{"type":"Polygon","coordinates":[[[-16.44662801301424,16.011049133648864,0.0],[-16.44703862872964,16.005369080136465,0.0],[-16.447172688710864,15.998904801233925,0.0],[-16.448772204920186,15.995312963524993,0.0],[-16.449465598893863,15.991290514422905,0.0],[-16.449794034725674,15.986746467294394,0.0],[-16.450332626845896,15.986306120417701,0.0],[-16.45107699399302,15.989358099690165,0.0],[-16.451560596486445,15.99380932039563,0.0],[-16.453662593678295,15.997288824202709,0.0],[-16.45351484296043,16.001831645371436,0.0],[-16.454071788224876,16.003924100903422,0.0],[-16.45147271390546,16.00664930373448,0.0],[-16.45221088711011,16.00882788156278,0.0],[-16.45476533282537,16.01203663933072,0.0],[-16.45582763756269,16.012204124308536,0.0],[-16.456564273481256,16.011418675086684,0.0],[-16.45726703878581,16.008706288539443,0.0],[-16.458431422961233,16.007388246669848,0.0],[-16.45796345114343,16.00512051828862,0.0],[-16.457955213621815,16.003985121169528,0.0],[-16.459662617693294,16.002838073516138,0.0],[-16.462020291914584,16.000864715480965,0.0],[-16.461852404696973,16.002612706535956,0.0],[-16.462670477416754,16.003349548519257,0.0],[-16.463983918469943,16.003908326678026,0.0],[-16.465257312266736,16.005166107764428,0.0],[-16.465017623958023,16.009447514688812,0.0],[-16.465250131544447,16.010405660003855,0.0],[-16.461633607032798,16.01171024577944,0.0],[-16.46251921717138,16.010722958938686,0.0],[-16.463555761124322,16.01045386961372,0.0],[-16.464216460887837,16.00817846572939,0.0],[-16.463023493936422,16.005566325332556,0.0],[-16.462386641165992,16.004915594322725,0.0],[-16.461393366481204,16.004922354411207,0.0],[-16.461083674891626,16.005797885500517,0.0],[-16.46141178786361,16.007455159083253,0.0],[-16.461168524421865,16.011256208565445,0.0],[-16.46149443265996,16.011760450031215,0.0],[-16.459304606391093,16.012550384177153,0.0],[-16.447845434370905,16.01715666051097,0.0],[-16.44662801301424,16.011049133648864,0.0]],[[-16.454126964433172,16.011566038105283,0.0],[-16.450481499056576,16.006961529177104,0.0],[-16.44961861671464,16.006268612509754,0.0],[-16.4489865250241,16.006272877701498,0.0],[-16.448676461343922,16.007104726146196,0.0],[-16.451683155195184,16.010796489916235,0.0],[-16.453365409489724,16.012400949211646,0.0],[-16.454126964433172,16.011566038105283,0.0]]]}},{"type":"Feature","properties":{"Categorie":"Risque fort","Code":"IC2 (1,0-2,0m.)"},"geometry":{"type":"Polygon","coordinates":[[[-16.443697215177956,16.06180408916544,0.0],[-16.442761878734007,16.057355919822715,0.0],[-16.44320971252959,16.05682884680378,0.0],[-16.44430113282438,16.05786960077709,0.0],[-16.445486670083376,16.059433768212394,0.0],[-16.446222501232416,16.061262992722604,0.0],[-16.44659768023464,16.063181992908984,0.0],[-16.44723500343843,16.063876425447816,0.0],[-16.447844830566485,16.06370817861555,0.0],[-16.44843521951439,16.06486491156717,0.0],[-16.44608665213314,16.0674652260841,0.0],[-16.4451827562692,16.067383988165442,0.0],[-16.443697215177956,16.06180408916544,0.0]]]}},{"type":"Feature","properties":{"Categorie":"Risque fort","Code":"IC2 (1,0-2,0m.)"},"geometry":{"type":"Polygon","coordinates":[[[-16.43709563837789,16.035558288061555,0.0],[-16.437155911915312,16.031365419879062,0.0],[-16.438925792076915,16.026287660467826,0.0],[-16.440372603967045,16.02653998084766,0.0],[-16.44049802802424,16.031430342814755,0.0],[-16.44007908374412,16.035974987285307,0.0],[-16.439554137347706,16.03833677037829,0.0],[-16.43847977265405,16.039654125104196,0.0],[-16.43709563837789,16.035558288061555,0.0]]]}},{"type":"Feature","properties":{"Categorie":"Risque fort","Code":"IC2 (1,0-2,0m.)"},"geometry":{"type":"Polygon","coordinates":[[[-16.437977555472465,16.026294018087583,0.0],[-16.43799642576225,16.02262548367868,0.0],[-16.43913628739492,16.017857646499735,0.0],[-16.439412912367583,16.012353178162513,0.0],[-16.439000296371827,16.011482512837272,0.0],[-16.43836755988384,16.01139940918421,0.0],[-16.438136803500974,16.01070220968607,0.0],[-16.43906119234408,16.00737697782022,0.0],[-16.44023352320493,16.00715076171417,0.0],[-16.441057495250885,16.008717410008128,0.0],[-16.44075585135314,16.01072832446504,0.0],[-16.4412622212096,16.012078743426475,0.0],[-16.44058147106513,16.017891623591158,0.0],[-16.44126157515209,16.01828010146255,0.0],[-16.441093818084944,16.020071759040242,0.0],[-16.440284829572704,16.020601247622395,0.0],[-16.440433762843067,16.022478122318724,0.0],[-16.44093107527719,16.022562126500816,0.0],[-16.44027257949995,16.025186836467405,0.0],[-16.440372603967045,16.02653998084766,0.0],[-16.438925792076915,16.026287660467826,0.0],[-16.437977555472465,16.026294018087583,0.0]]]}},{"type":"Feature","properties":{"Categorie":"Risque fort","Code":"IC2 (1,0-2,0m.)"},"geometry":{"type":"Polygon","coordinates":[[[-16.426757746105963,16.029687973748796,0.0],[-16.426627694323503,16.024098861318404,0.0],[-16.427150910131605,16.021475079614415,0.0],[-16.42569483982617,16.01991257528714,0.0],[-16.425138124915044,16.017820028570778,0.0],[-16.428652558336207,16.016748544998244,0.0],[-16.42954130093548,16.014733730265096,0.0],[-16.43077879403416,16.010969721543727,0.0],[-16.430398308733377,16.0082646108593,0.0],[-16.430464359164848,16.00485777724956,0.0],[-16.431531770361108,16.002579737424885,0.0],[-16.431870563347704,15.99943311630918,0.0],[-16.431938464923018,15.99628829975147,0.0],[-16.431481393595313,15.995505253519822,0.0],[-16.429943898920204,15.995166114741082,0.0],[-16.429209747811218,15.993511470459147,0.0],[-16.42872105431962,15.988274103226322,0.0],[-16.429888015658097,15.987305565888922,0.0],[-16.43079838017754,15.988347632503984,0.0],[-16.430914145306478,15.991927947122532,0.0],[-16.43301453541594,15.995233005915873,0.0],[-16.433238709736152,16.001345549075857,0.0],[-16.43298649966617,16.003967532700408,0.0],[-16.433804170556904,16.004660823242205,0.0],[-16.435326772195427,16.002903788741445,0.0],[-16.435856704188318,16.001240724968056,0.0],[-16.436392869461148,16.00045105147692,0.0],[-16.437850736845643,16.002275507803244,0.0],[-16.439203322324754,16.002004421284422,0.0],[-16.439921946384768,16.00147554700777,0.0],[-16.440567171653928,16.003305427301438,0.0],[-16.439847291853262,16.003659626149773,0.0],[-16.438223802051905,16.003932531407756,0.0],[-16.43624660391596,16.00525590898933,0.0],[-16.435276399937788,16.008494095052487,0.0],[-16.433391308375647,16.010078864905825,0.0],[-16.432430384907047,16.014627129581406,0.0],[-16.430568240125535,16.01944343016628,0.0],[-16.42860016532135,16.02207684049458,0.0],[-16.428615085172456,16.02417298184505,0.0],[-16.429180567791942,16.02748826235894,0.0],[-16.42982393493942,16.029056154447854,0.0],[-16.426757746105963,16.029687973748796,0.0]]]}},{"type":"Feature","properties":{"Categorie":"Risque moyen","Code":"IC3 (0,5-1,0m.)"},"geometry":{"type":"Polygon","coordinates":[[[-16.405782409631332,16.058704552202247,0.0],[-16.411615697148115,16.05971430572199,0.0],[-16.416096940944758,16.061125886892466,0.0],[-16.41827463536079,16.062508968618634,0.0],[-16.41824339538165,16.06447440178758,0.0],[-16.41781187166123,16.067315919957963,0.0],[-16.416389194534602,16.07051337270621,0.0],[-16.415770178763896,16.072395351739374,0.0],[-16.4163604148665,16.07282816291035,0.0],[-16.423213686238036,16.071123172882224,0.0],[-16.42578215022133,16.07027631737954,0.0],[-16.42817866137239,16.070653382286892,0.0],[-16.42958335725576,16.07128815821368,0.0],[-16.427600639213857,16.07193463053595,0.0],[-16.423088986748017,16.072641589665615,0.0],[-16.420197967904887,16.072595288412533,0.0],[-16.41783501011412,16.073768256508323,0.0],[-16.415033034166967,16.076734643873188,0.0],[-16.41309891955319,16.077882892173967,0.0],[-16.404770143485102,16.081780867264907,0.0],[-16.40322587358982,16.080568191938752,0.0],[-16.401720972982968,16.07852547990112,0.0],[-16.40148504095194,16.07708585274624,0.0],[-16.403245300300075,16.076899626921715,0.0],[-16.40460366017806,16.077371103682818,0.0],[-16.40681742222793,16.077443901520272,0.0],[-16.408260590098553,16.077128704009183,0.0],[-16.408254132966185,16.07621163863041,0.0],[-16.40728997808034,16.073990719533974,0.0],[-16.405518091588416,16.07251752225258,0.0],[-16.404965989236672,16.0710799758527,0.0],[-16.40538328786398,16.06618598532211,0.0],[-16.406633448661612,16.064125196260786,0.0],[-16.407486330763014,16.063377169311185,0.0],[-16.407386180215386,16.06198032777749,0.0],[-16.406790472114118,16.06076142964593,0.0],[-16.40501656944858,16.058982527457122,0.0],[-16.40180424624313,16.058173810873555,0.0],[-16.405782409631332,16.058704552202247,0.0]]]}},{"type":"Feature","properties":{"Categorie":"Risque moyen","Code":"IC3 (0,5-1,0m.)"},"geometry":{"type":"Polygon","coordinates":[[[-16.435434722449447,16.02116871920016,0.0],[-16.435330678074024,16.019247865459946,0.0],[-16.435812990890685,16.017235746666508,0.0],[-16.435931584184566,16.01487668757574,0.0],[-16.435689904939444,16.012651052285143,0.0],[-16.434863146683995,16.01069135596633,0.0],[-16.434782632697754,16.00890135707673,0.0],[-16.435276399937788,16.008494095052487,0.0],[-16.43624660391596,16.00525590898933,0.0],[-16.438223802051905,16.003932531407756,0.0],[-16.439847291853262,16.003659626149773,0.0],[-16.440567171653928,16.003305427301438,0.0],[-16.441675895308542,16.005230455030688,0.0],[-16.441596248882774,16.00671582176062,0.0],[-16.441200552244513,16.008203309516947,0.0],[-16.44023352320493,16.00715076171417,0.0],[-16.43906119234408,16.00737697782022,0.0],[-16.438136803500974,16.01070220968607,0.0],[-16.43836755988384,16.01139940918421,0.0],[-16.439000296371827,16.011482512837272,0.0],[-16.439412912367583,16.012353178162513,0.0],[-16.43913628739492,16.017857646499735,0.0],[-16.437417389808186,16.020587718476214,0.0],[-16.435434722449447,16.02116871920016,0.0]]]}},{"type":"Feature","properties":{"Categorie":"Risque moyen","Code":"IC3 (0,5-1,0m.)"},"geometry":{"type":"Polygon","coordinates":[[[-16.424645928074096,16.00731477260469,0.0],[-16.424672251460752,16.011026700802372,0.0],[-16.425579919528836,16.011675753329918,0.0],[-16.42618362859439,16.014030019308827,0.0],[-16.42615119219943,16.015820776607075,0.0],[-16.42520795888714,16.016525789050608,0.0],[-16.42430677346673,16.016793801057922,0.0],[-16.42374882001479,16.016115130829924,0.0],[-16.423918281022917,16.014541822523164,0.0],[-16.42363746443111,16.013146187379533,0.0],[-16.422274879937756,16.012019750588895,0.0],[-16.42117950903862,16.01036747333837,0.0],[-16.421255598985343,16.008358064538328,0.0],[-16.425113753778845,16.004838753063986,0.0],[-16.424645928074096,16.00731477260469,0.0]]]}},{"type":"Feature","properties":{"Categorie":"Risque moyen","Code":"IC3 (0,5-1,0m.)"},"geometry":{"type":"Polygon","coordinates":[[[-16.365990916063843,16.104752616343415,0.0],[-16.36626643850033,16.105405939639816,0.0],[-16.368030294247152,16.10570035681449,0.0],[-16.370327242277366,16.104681170993175,0.0],[-16.371320751012384,16.104631123168613,0.0],[-16.375549568173057,16.102070945749055,0.0],[-16.3812147086681,16.098191247730988,0.0],[-16.382567433608873,16.097833123028785,0.0],[-16.38721947120048,16.09771563078585,0.0],[-16.389348897636566,16.098618909494157,0.0],[-16.391377654643136,16.09803797348902,0.0],[-16.392150131357635,16.098688022094493,0.0],[-16.393728080934636,16.098241016551484,0.0],[-16.395391483310327,16.097094691009314,0.0],[-16.39615969436146,16.097133345502606,0.0],[-16.395672629436447,16.097634867372346,0.0],[-16.39376419426887,16.098982060765973,0.0],[-16.392312641272568,16.099459488977423,0.0],[-16.391145736935787,16.09950545381132,0.0],[-16.39055933499279,16.099109187664848,0.0],[-16.389974602303084,16.099112992082144,0.0],[-16.387396157694102,16.098338253267432,0.0],[-16.384938596753198,16.098128065594324,0.0],[-16.383302839575133,16.098364790066732,0.0],[-16.377362465570204,16.1019083652201,0.0],[-16.37480270398409,16.103847030787414,0.0],[-16.37223978300518,16.105333428726063,0.0],[-16.37013846717565,16.105912257944258,0.0],[-16.366865204692377,16.106159388816128,0.0],[-16.36500277266687,16.105914306726454,0.0],[-16.364169781778994,16.105385118515432,0.0],[-16.362775905920646,16.103723345684337,0.0],[-16.362834958713712,16.103195108198825,0.0],[-16.366060048294923,16.101651436299054,0.0],[-16.365990916063843,16.104752616343415,0.0]]]}},{"type":"Feature","properties":{"Categorie":"Risque fort","Code":"IC2 (1,0-2,0m.)"},"geometry":{"type":"Polygon","coordinates":[[[-16.511064471472306,15.966331410272513,0.0],[-16.512181806644413,15.96483876686465,0.0],[-16.512723701744537,15.958852100187853,0.0],[-16.512698468987853,15.955489646967168,0.0],[-16.51088939947886,15.955021968412863,0.0],[-16.51029640760926,15.954196386182664,0.0],[-16.512184278698072,15.953135048116271,0.0],[-16.51330350713052,15.95190441357014,0.0],[-16.512607143811497,15.94933274148165,0.0],[-16.512351345300928,15.945316844786538,0.0],[-16.512373294187135,15.943967106992764,0.0],[-16.51473403358466,15.943187310116043,0.0],[-16.514590486774377,15.945429711390581,0.0],[-16.514620551945526,15.952438619113504,0.0],[-16.514288489818313,15.956305793546361,0.0],[-16.514144682687252,15.961197899985613,0.0],[-16.51274319693532,15.97070045328825,0.0],[-16.511991503846062,15.972983424430106,0.0],[-16.511064471472306,15.966331410272513,0.0]]]}},{"type":"Feature","properties":{"Categorie":"Risque moyen","Code":"IC3 (0,5-1,0m.)"},"geometry":{"type":"Polygon","coordinates":[[[-16.368793217843184,16.00251916007933,0.0],[-16.36977521124891,16.00085333863613,0.0],[-16.369758547329038,15.998407773357085,0.0],[-16.37074587431108,15.997528023487073,0.0],[-16.373069166309417,15.99393203240327,0.0],[-16.374219145772855,15.99043086977797,0.0],[-16.375830708938782,15.988411620127035,0.0],[-16.37917217080826,15.988477556854722,0.0],[-16.37963202470427,15.989697439098682,0.0],[-16.37828479444108,15.990754223058987,0.0],[-16.374252567458104,15.995321994214226,0.0],[-16.3736330199333,15.997160206523706,0.0],[-16.374007342843313,15.999079409899462,0.0],[-16.370412388129424,16.004905375874774,0.0],[-16.366912950955264,16.004889459472516,0.0],[-16.368793217843184,16.00251916007933,0.0]]]}},{"type":"Feature","properties":{"Categorie":"Risque moyen","Code":"IC3 (0,5-1,0m.)"},"geometry":{"type":"Polygon","coordinates":[[[-16.362394878554507,16.004475975633987,0.0],[-16.363407274407024,16.00062634651982,0.0],[-16.364618648016585,15.999488622845933,0.0],[-16.365144540440724,16.000467919769363,0.0],[-16.366341601956886,16.000547656173833,0.0],[-16.367180584819792,16.001088228454222,0.0],[-16.366826661806087,16.002160462535574,0.0],[-16.365885632579303,16.00321459352884,0.0],[-16.364380507526167,16.004315977366133,0.0],[-16.362877735112193,16.00576671910836,0.0],[-16.362394878554507,16.004475975633987,0.0]]]}},{"type":"Feature","properties":{"Categorie":"Risque moyen","Code":"IC3 (0,5-1,0m.)"},"geometry":{"type":"Polygon","coordinates":[[[-16.442919858242533,16.051857727182473,0.0],[-16.442914479725786,16.051812792921552,0.0],[-16.442935614973432,16.05185802718967,0.0],[-16.442919858242533,16.051857727182473,0.0]]]}},{"type":"Feature","properties":{"Categorie":"Risque moyen","Code":"IC3 (0,5-1,0m.)"},"geometry":{"type":"Polygon","coordinates":[[[-16.43806173907782,16.04826566373142,0.0],[-16.43782936342837,16.04735012292006,0.0],[-16.437013371944854,16.04691888184305,0.0],[-16.43669005977872,16.045916606026548,0.0],[-16.43537889678095,16.04570703434155,0.0],[-16.435049654391836,16.043875036486032,0.0],[-16.435300904043117,16.041122049743386,0.0],[-16.43474088809851,16.038592850594277,0.0],[-16.435420430918214,16.038894002622573,0.0],[-16.435607000001017,16.039722512019786,0.0],[-16.436246396135328,16.04072267370839,0.0],[-16.437016576268984,16.04106688410443,0.0],[-16.437068307761642,16.041983638252017,0.0],[-16.43639594909349,16.04268688843869,0.0],[-16.43627017579254,16.044041547087094,0.0],[-16.43686380619665,16.04495466904427,0.0],[-16.438898752989935,16.04533405949564,0.0],[-16.43972289801144,16.046900695549905,0.0],[-16.439552301899546,16.048299326700207,0.0],[-16.43806173907782,16.04826566373142,0.0]]]}},{"type":"Feature","properties":{"Categorie":"Risque moyen","Code":"IC3 (0,5-1,0m.)"},"geometry":{"type":"Polygon","coordinates":[[[-16.440633589196512,15.956603612193833,0.0],[-16.443845715303315,15.951297827955402,0.0],[-16.445035634036827,15.947272054415015,0.0],[-16.444846147829175,15.945237131597072,0.0],[-16.446252714674397,15.94625398191938,0.0],[-16.44604052827988,15.948924837422698,0.0],[-16.44565339351323,15.951591407576544,0.0],[-16.44472897847891,15.954872984853044,0.0],[-16.443084819105362,15.958508757057626,0.0],[-16.440633589196512,15.956603612193833,0.0]]]}},{"type":"Feature","properties":{"Categorie":"Risque fort","Code":"IC2 (1,0-2,0m.)"},"geometry":{"type":"Polygon","coordinates":[[[-16.4551772097877,15.964017337553598,0.0],[-16.454929505142474,15.954716983912167,0.0],[-16.45614349273943,15.954053708296765,0.0],[-16.456447153827302,15.952348467265212,0.0],[-16.455849966634577,15.950911344095063,0.0],[-16.45551825057619,15.948730009430745,0.0],[-16.455199236935318,15.942050418442266,0.0],[-16.455356380023648,15.939587373609946,0.0],[-16.455862938763122,15.940981442935085,0.0],[-16.45818303015228,15.941926534610701,0.0],[-16.459543391345285,15.942790757444806,0.0],[-16.45933224587879,15.944801075065817,0.0],[-16.458392293887925,15.945899224760982,0.0],[-16.456235236979403,15.947223956770381,0.0],[-16.45646848479386,15.94827049667676,0.0],[-16.457819731551712,15.947868315752402,0.0],[-16.45853685747412,15.947164719361645,0.0],[-16.459256821508895,15.946854144918873,0.0],[-16.459681057665858,15.949340544733099,0.0],[-16.46082718217818,15.951778377211577,0.0],[-16.46178518825629,15.953169364029645,0.0],[-16.46183855729549,15.95430445823985,0.0],[-16.46076411616833,15.955534546678868,0.0],[-16.459322867177356,15.95598103055233,0.0],[-16.457158139405827,15.956257715263014,0.0],[-16.456355750242277,15.957660629526597,0.0],[-16.45601104670504,15.959933876964312,0.0],[-16.456221896108335,15.964124911409613,0.0],[-16.4551772097877,15.964017337553598,0.0]]]}},{"type":"Feature","properties":{"Categorie":"Risque moyen","Code":"IC3 (0,5-1,0m.)"},"geometry":{"type":"Polygon","coordinates":[[[-16.437363693880275,15.934030743889446,0.0],[-16.43911751698918,15.932332222012107,0.0],[-16.438333458091282,15.929979171262245,0.0],[-16.438145153478505,15.928888629786032,0.0],[-16.439000488825272,15.928577222607723,0.0],[-16.44004070892322,15.928875984074493,0.0],[-16.442542321781666,15.931566921706793,0.0],[-16.44439963834747,15.932515270434193,0.0],[-16.44544488707147,15.933512717847703,0.0],[-16.445270606565895,15.93438732083023,0.0],[-16.44400812095986,15.934570465331479,0.0],[-16.442241988565332,15.933752520301567,0.0],[-16.440885495937458,15.93341221325117,0.0],[-16.439714210951607,15.933725738603762,0.0],[-16.438721431592036,15.93454575233529,0.0],[-16.437363693880275,15.934030743889446,0.0]]]}},{"type":"Feature","properties":{"Categorie":"Risque faible","Code":"IC4 (<-0,5m.)"},"geometry":{"type":"Polygon","coordinates":[[[-16.44439963834747,15.932515270434193,0.0],[-16.442542321781666,15.931566921706793,0.0],[-16.44004070892322,15.928875984074493,0.0],[-16.439000488825272,15.928577222607723,0.0],[-16.438145153478505,15.928888629786032,0.0],[-16.438333458091282,15.929979171262245,0.0],[-16.43911751698918,15.932332222012107,0.0],[-16.437363693880275,15.934030743889446,0.0],[-16.433579922359893,15.935104056571877,0.0],[-16.429689755239764,15.93390706729906,0.0],[-16.429307047457606,15.93085256311718,0.0],[-16.428129267850203,15.930248956000824,0.0],[-16.426311618466766,15.92851409985264,0.0],[-16.425031888308563,15.926251608076365,0.0],[-16.424397577224855,15.92590641986173,0.0],[-16.425016793618358,15.924111774323297,0.0],[-16.425951301334102,15.922227700166694,0.0],[-16.426654898617993,15.919602723715602,0.0],[-16.427994000559433,15.917497607713207,0.0],[-16.427980734228843,15.915619795354564,0.0],[-16.42720027462387,15.913747055541267,0.0],[-16.428414132526953,15.913083946447824,0.0],[-16.43176078594686,15.914066236615787,0.0],[-16.43320058272313,15.913445275184577,0.0],[-16.433804826729776,15.909554453474193,0.0],[-16.4347411563553,15.909537316672685,0.0],[-16.43611717769526,15.90629644252076,0.0],[-16.437232017271548,15.90441113161158,0.0],[-16.437992654665017,15.90348895781415,0.0],[-16.439617212577783,15.903478137609426,0.0],[-16.439714613995374,15.90448194338431,0.0],[-16.440354163095243,15.905569478290182,0.0],[-16.441165827436887,15.9054767204538,0.0],[-16.44175652495329,15.906040513317732,0.0],[-16.440861137500665,15.90705094243808,0.0],[-16.4414057780527,15.907484027431066,0.0],[-16.442619546531727,15.906820845011683,0.0],[-16.443380477401274,15.90594232351691,0.0],[-16.44327402107027,15.903672096583678,0.0],[-16.44369911121233,15.900000816913394,0.0],[-16.445404218710042,15.898635588911738,0.0],[-16.447058869798706,15.896528265324456,0.0],[-16.451286202100334,15.894491015239913,0.0],[-16.45372448392976,15.894692987684541,0.0],[-16.45594154402844,15.895507826639909,0.0],[-16.45560960051681,15.897196882741461,0.0],[-16.45593772722884,15.898897868855391,0.0],[-16.454457696259393,15.900174316295267,0.0],[-16.45328349050524,15.900051202202262,0.0],[-16.4519801762699,15.900802384542759,0.0],[-16.448784688572637,15.902002974817094,0.0],[-16.4478656048257,15.899694529311,0.0],[-16.44723821925652,15.900310138275886,0.0],[-16.447021959805234,15.901621742028496,0.0],[-16.447353150271493,15.903759443278153,0.0],[-16.448501951524023,15.90663408214455,0.0],[-16.452077337296796,15.908051241529792,0.0],[-16.452043184312693,15.909579981735625,0.0],[-16.44568516367191,15.910321388851651,0.0],[-16.444646283525334,15.91019732594249,0.0],[-16.44407147094802,15.911860701104327,0.0],[-16.44494482727721,15.91408212182407,0.0],[-16.446127236625422,15.915340687311323,0.0],[-16.447669131868246,15.916378475633842,0.0],[-16.44820755471488,15.915938146469234,0.0],[-16.44905530496627,15.914578633126066,0.0],[-16.450099847466223,15.915488726101364,0.0],[-16.44917029659674,15.91802792951007,0.0],[-16.45048250349873,15.918499504442206,0.0],[-16.449681758939477,15.920120738092827,0.0],[-16.448153906960776,15.921048102099554,0.0],[-16.44610241574416,15.918179520497729,0.0],[-16.444376562085104,15.91666256248239,0.0],[-16.442568267112534,15.916237935912596,0.0],[-16.44139583715053,15.9163767832613,0.0],[-16.439746267820528,15.919226464965265,0.0],[-16.438999580639965,15.922113790003523,0.0],[-16.439871692300034,15.92416055097583,0.0],[-16.44275852794119,15.923922908431662,0.0],[-16.44532724964975,15.923381656263322,0.0],[-16.44682907933631,15.925118461988866,0.0],[-16.448727723931523,15.925542439116814,0.0],[-16.44936582914377,15.926411587711248,0.0],[-16.44821432794595,15.929476340887474,0.0],[-16.4466469000492,15.931190056341611,0.0],[-16.44544488707147,15.933512717847703,0.0],[-16.44439963834747,15.932515270434193,0.0]]]}},{"type":"Feature","properties":{"Categorie":"Risque faible","Code":"IC4 (<-0,5m.)"},"geometry":{"type":"Polygon","coordinates":[[[-16.443108093248913,15.893060929158226,0.0],[-16.443732669148154,15.892052303957781,0.0],[-16.448035833101333,15.888005708772203,0.0],[-16.4484526798451,15.88733865773357,0.0],[-16.45277686232381,15.890678757210422,0.0],[-16.453694166482496,15.891704966668344,0.0],[-16.453659603784246,15.891942103027436,0.0],[-16.450684564071246,15.892398807343405,0.0],[-16.444306561139875,15.896590349176673,0.0],[-16.443465694757478,15.898910578731417,0.0],[-16.443108093248913,15.893060929158226,0.0]]]}},{"type":"Feature","properties":{"Categorie":"Risque faible","Code":"IC4 (<-0,5m.)"},"geometry":{"type":"Polygon","coordinates":[[[-16.432154473939033,15.967163241556728,0.0],[-16.430074268083352,15.96665300932974,0.0],[-16.430065898590104,15.96547392432799,0.0],[-16.432212782059697,15.962664653709416,0.0],[-16.432454688250218,15.961767771509702,0.0],[-16.431313167831014,15.959941143988283,0.0],[-16.429903003584023,15.95842199573749,0.0],[-16.427322035809436,15.957303646186478,0.0],[-16.425001642836868,15.960316001298091,0.0],[-16.42364819440489,15.958831916942728,0.0],[-16.422247951949792,15.958710152891227,0.0],[-16.420647353764785,15.958982749864003,0.0],[-16.420067269455767,15.958339683340414,0.0],[-16.421676882144677,15.956145461536877,0.0],[-16.42176100015747,15.95527146533144,0.0],[-16.42291857537819,15.95299287566342,0.0],[-16.424724093978362,15.952980942371125,0.0],[-16.4284971171828,15.950335639051778,0.0],[-16.429402957772343,15.950766350797789,0.0],[-16.429686165975248,15.952511349090384,0.0],[-16.428889778895883,15.954787573667335,0.0],[-16.429265126392824,15.95679399206125,0.0],[-16.432406837867447,15.954240151811938,0.0],[-16.43228559710774,15.95464765239338,0.0],[-16.432975085276517,15.95638994137392,0.0],[-16.432855810865675,15.958661671671695,0.0],[-16.43526186231009,15.96056720959995,0.0],[-16.435455484267344,15.962400134724879,0.0],[-16.433845054280287,15.964463440918633,0.0],[-16.433370259007976,15.967523630061583,0.0],[-16.43245637599275,15.971528414981137,0.0],[-16.432154473939033,15.967163241556728,0.0]]]}},{"type":"Feature","properties":{"Categorie":"Risque moyen","Code":"IC3 (0,5-1,0m.)"},"geometry":{"type":"Polygon","coordinates":[[[-16.48011613028497,15.959914202789,0.0],[-16.478447290703574,15.960100351387268,0.0],[-16.47709271636857,15.960052328967292,0.0],[-16.47622101227118,15.958136776537103,0.0],[-16.47521934570927,15.956964518956632,0.0],[-16.47449777922219,15.95705680251257,0.0],[-16.4738699998403,15.957628824923987,0.0],[-16.47324796212411,15.958986887890477,0.0],[-16.471925656955825,15.95717538622824,0.0],[-16.471218951226998,15.953118789911551,0.0],[-16.470436973175648,15.951115250995143,0.0],[-16.470957591486872,15.948229393800647,0.0],[-16.471491577160723,15.947177637675166,0.0],[-16.472687653218717,15.947166737495216,0.0],[-16.473937591179936,15.95143797064784,0.0],[-16.475567940817143,15.95216922046069,0.0],[-16.477241838665957,15.952681802613496,0.0],[-16.478512713900464,15.953633848762108,0.0],[-16.479915166039582,15.954060929312865,0.0],[-16.48032685034622,15.954800509016488,0.0],[-16.481873713231565,15.956449372852546,0.0],[-16.482391422005183,15.959328098819396,0.0],[-16.48011613028497,15.959914202789,0.0]]]}},{"type":"Feature","properties":{"Categorie":"Risque moyen","Code":"IC3 (0,5-1,0m.)"},"geometry":{"type":"Polygon","coordinates":[[[-16.482336757261084,15.973371433575547,0.0],[-16.48113981205174,15.97175020158048,0.0],[-16.479656684661105,15.968040177792533,0.0],[-16.482318830886204,15.967869012074434,0.0],[-16.483222919280937,15.968037467899613,0.0],[-16.48300172888988,15.974562035184883,0.0],[-16.482336757261084,15.973371433575547,0.0]]]}},{"type":"Feature","properties":{"Categorie":"Risque moyen","Code":"IC3 (0,5-1,0m.)"},"geometry":{"type":"Polygon","coordinates":[[[-16.46557367386897,15.97134636863732,0.0],[-16.46491021452596,15.973228750852524,0.0],[-16.464918156874674,15.974320478570377,0.0],[-16.466143348016885,15.975185558537998,0.0],[-16.467003274827004,15.975485395596932,0.0],[-16.465705597331095,15.97706640480663,0.0],[-16.46526338974313,15.978335883401025,0.0],[-16.465419084871517,15.979568535465921,0.0],[-16.465717205362512,15.980210654986932,0.0],[-16.466866460321146,15.981491121336349,0.0],[-16.466691933089336,15.982322064573427,0.0],[-16.466355344137703,15.982597304809637,0.0],[-16.465408994637244,15.982833029041084,0.0],[-16.465079079575204,15.984025317857483,0.0],[-16.464797962088937,15.984169164372371,0.0],[-16.46459950176419,15.984814666829815,0.0],[-16.4641294388962,15.98536102890507,0.0],[-16.464857477682312,15.979940836935494,0.0],[-16.46443117441062,15.977192450239956,0.0],[-16.46361068736285,15.97455592108978,0.0],[-16.46360116497491,15.973245847074644,0.0],[-16.464577767745666,15.970968295470248,0.0],[-16.46557367386897,15.97134636863732,0.0]]]}},{"type":"Feature","properties":{"Categorie":"Risque moyen","Code":"IC3 (0,5-1,0m.)"},"geometry":{"type":"Polygon","coordinates":[[[-16.473820606570072,15.941604556785588,0.0],[-16.47304981480984,15.941129441608204,0.0],[-16.47200981378975,15.940874518201094,0.0],[-16.471596758643038,15.939938405696696,0.0],[-16.471176764487026,15.938049759139709,0.0],[-16.471816278621564,15.939093505383477,0.0],[-16.472857226174376,15.939479437833791,0.0],[-16.473875272090968,15.937566202574017,0.0],[-16.47386889208461,15.937601572824443,0.0],[-16.474212126742902,15.942902526658314,0.0],[-16.473820606570072,15.941604556785588,0.0]]]}},{"type":"Feature","properties":{"Categorie":"Risque faible","Code":"IC4 (<-0,5m.)"},"geometry":{"type":"Polygon","coordinates":[[[-16.468108445931865,15.944381182971492,0.0],[-16.467639306259688,15.941938782962154,0.0],[-16.467795070562463,15.938531357031973,0.0],[-16.46577049517553,15.93321722003784,0.0],[-16.467352117242143,15.927267154752718,0.0],[-16.4675606667608,15.93112246632776,0.0],[-16.46909865582816,15.931592381159053,0.0],[-16.46959924256555,15.932156698436795,0.0],[-16.46980933870085,15.936216701330228,0.0],[-16.470247806197534,15.937545687394373,0.0],[-16.470143719385433,15.938747358416718,0.0],[-16.46979187133991,15.940016225677775,0.0],[-16.468705154486422,15.9426439119031,0.0],[-16.468786208311982,15.944477555095899,0.0],[-16.467846531284856,15.945605764188356,0.0],[-16.468108445931865,15.944381182971492,0.0]]]}},{"type":"Feature","properties":{"Categorie":"Risque moyen","Code":"IC3 (0,5-1,0m.)"},"geometry":{"type":"Polygon","coordinates":[[[-16.39247692046092,16.058040863689563,0.0],[-16.39242629261989,16.057255094546917,0.0],[-16.3937677799527,16.055324796064923,0.0],[-16.397634604822247,16.052853965112078,0.0],[-16.398034957618485,16.05197791165495,0.0],[-16.397975779548126,16.04996938278456,0.0],[-16.39837612610123,16.049093329036666,0.0],[-16.39918717706793,16.048826002191692,0.0],[-16.399857559618034,16.04781716663727,0.0],[-16.40098502596501,16.04759143830667,0.0],[-16.40283106834187,16.046793265399025,0.0],[-16.403556066136684,16.047137894246525,0.0],[-16.404101651952566,16.047658383995273,0.0],[-16.40456273727209,16.049009193443826,0.0],[-16.404567023043192,16.04962057289484,0.0],[-16.40421155786991,16.05045267017328,0.0],[-16.402546742779244,16.051337014475546,0.0],[-16.40059687513995,16.0526326357545,0.0],[-16.399138015486034,16.05310345434931,0.0],[-16.39919964939194,16.055461341629005,0.0],[-16.39959696742885,16.055767179543494,0.0],[-16.3994279549494,16.056473859962633,0.0],[-16.397164336714173,16.05665650220846,0.0],[-16.395007826142933,16.058286425881814,0.0],[-16.39247692046092,16.058040863689563,0.0]]]}},{"type":"Feature","properties":{"Categorie":"Risque fort","Code":"IC2 (1,0-2,0m.)"},"geometry":{"type":"Polygon","coordinates":[[[-16.508703552312795,15.98840990877392,0.0],[-16.508426793355046,15.987625782045987,0.0],[-16.50841631620506,15.98622839996999,0.0],[-16.508947233153904,15.984783548858381,0.0],[-16.51024360827035,15.98307129988811,0.0],[-16.5102370540121,15.982197936477414,0.0],[-16.509548448724697,15.980674303764687,0.0],[-16.509541243519156,15.979713603486214,0.0],[-16.51048070981838,15.97857157583139,0.0],[-16.512028110238774,15.977857883234137,0.0],[-16.511955102624906,15.982535228799122,0.0],[-16.511701960613316,15.984895212207384,0.0],[-16.510910040391746,15.987652016089534,0.0],[-16.509888117268222,15.98984271786795,0.0],[-16.508703552312795,15.98840990877392,0.0]]]}},{"type":"Feature","properties":{"Categorie":"Risque moyen","Code":"IC3 (0,5-1,0m.)"},"geometry":{"type":"Polygon","coordinates":[[[-16.461168524421865,16.011256208565445,0.0],[-16.46141178786361,16.007455159083253,0.0],[-16.461083674891626,16.005797885500517,0.0],[-16.461393366481204,16.004922354411207,0.0],[-16.462386641165992,16.004915594322725,0.0],[-16.46338882012177,16.006131561924892,0.0],[-16.464216460887837,16.00817846572939,0.0],[-16.463555761124322,16.01045386961372,0.0],[-16.46251921717138,16.010722958938686,0.0],[-16.461633607032798,16.01171024577944,0.0],[-16.46149443265996,16.011760450031215,0.0],[-16.461168524421865,16.011256208565445,0.0]]]}},{"type":"Feature","properties":{"Categorie":"Risque moyen","Code":"IC3 (0,5-1,0m.)"},"geometry":{"type":"Polygon","coordinates":[[[-16.451683155195184,16.010796489916235,0.0],[-16.448676461343922,16.007104726146196,0.0],[-16.4489865250241,16.006272877701498,0.0],[-16.44961861671464,16.006268612509754,0.0],[-16.450481499056576,16.006961529177104,0.0],[-16.454126964433172,16.011566038105283,0.0],[-16.453365409489724,16.012400949211646,0.0],[-16.451683155195184,16.010796489916235,0.0]]]}},{"type":"Feature","properties":{"Categorie":"Risque fort","Code":"IC2 (1,0-2,0m.)"},"geometry":{"type":"MultiPolygon","coordinates":[[[[-16.400442875803165,16.09410800198364,0.0],[-16.39813904723523,16.09589378555783,0.0],[-16.395672629436447,16.097634867372346,0.0],[-16.39615969436146,16.097133345502606,0.0],[-16.40047374950044,16.09391707225016,0.0],[-16.400442875803165,16.09410800198364,0.0]]],[[[-16.345396403296398,16.132353397544318,0.0],[-16.34754141423356,16.128846052949434,0.0],[-16.34914448291623,16.11870389016726,0.0],[-16.349498787692674,16.110971604574065,0.0],[-16.350402310281275,16.108677670490653,0.0],[-16.350060908906094,16.111262682365346,0.0],[-16.350009318174077,16.115250636959402,0.0],[-16.34951675618428,16.118428939457015,0.0],[-16.349281813077724,16.12117892566056,0.0],[-16.349015781469554,16.121954885994494,0.0],[-16.34824553021813,16.127358769462074,0.0],[-16.34782249244482,16.12904112364822,0.0],[-16.346432128265448,16.131533790984022,0.0],[-16.34400762145601,16.1339243280452,0.0],[-16.340920768592788,16.136343328262424,0.0],[-16.338267057377845,16.13869285465322,0.0],[-16.336094305372413,16.140234783760604,0.0],[-16.345396403296398,16.132353397544318,0.0]]],[[[-16.35292293318908,16.102278115158466,0.0],[-16.353682404303502,16.101053876789656,0.0],[-16.35250095956528,16.103349454923677,0.0],[-16.35292293318908,16.102278115158466,0.0]]],[[[-16.357038515554216,16.09564395390372,0.0],[-16.358025415004132,16.094849645420958,0.0],[-16.356394788767382,16.09677894433617,0.0],[-16.355758721567856,16.0977069328275,0.0],[-16.357038515554216,16.09564395390372,0.0]]],[[[-16.365499908575938,16.094440836377338,0.0],[-16.36592668633539,16.097072789109554,0.0],[-16.36561229973132,16.096818170200326,0.0],[-16.365149171992886,16.095743963181807,0.0],[-16.365376910844365,16.094091800387183,0.0],[-16.365499908575938,16.094440836377338,0.0]]],[[[-16.368391063832135,16.099016179053944,0.0],[-16.368597555080626,16.099505813798643,0.0],[-16.368311390769243,16.099004139981115,0.0],[-16.367900133950606,16.09867106674829,0.0],[-16.368391063832135,16.099016179053944,0.0]]],[[[-16.368767404879243,16.101197385489336,0.0],[-16.366060048294923,16.101651436299054,0.0],[-16.362834958713712,16.103195108198825,0.0],[-16.362775905920646,16.103723345684337,0.0],[-16.36275472618594,16.10369809529529,0.0],[-16.362750095873963,16.10301970256467,0.0],[-16.363214838884165,16.102564446361654,0.0],[-16.36507992818261,16.101647984774925,0.0],[-16.366830372223728,16.101071422977842,0.0],[-16.368864055334154,16.100713549173307,0.0],[-16.368767404879243,16.101197385489336,0.0]]]]}},{"type":"Feature","properties":{"Categorie":"Risque fort","Code":"IC2 (1,0-2,0m.)"},"geometry":{"type":"MultiPolygon","coordinates":[[[[-16.40047374950044,16.09391707225016,0.0],[-16.401530982459583,16.093264569871963,0.0],[-16.40052751977308,16.09404239128099,0.0],[-16.40047374950044,16.09391707225016,0.0]]],[[[-16.408883287648045,16.08857752595428,0.0],[-16.40968462028824,16.086912717952483,0.0],[-16.410125212864635,16.085337630240847,0.0],[-16.410421473034653,16.085127286704257,0.0],[-16.41034370518334,16.0851851397514,0.0],[-16.41023394688751,16.08620348118754,0.0],[-16.409658795651442,16.087564097143435,0.0],[-16.408617442269545,16.089153911594774,0.0],[-16.408045324625974,16.08959467072979,0.0],[-16.408883287648045,16.08857752595428,0.0]]],[[[-16.445437166932233,16.076029172167733,0.0],[-16.446421958885765,16.07479972339918,0.0],[-16.447623713976814,16.07234601012604,0.0],[-16.44796522280619,16.070943183226188,0.0],[-16.4487039252456,16.070247436040987,0.0],[-16.447791937148228,16.0724974530084,0.0],[-16.44652365414685,16.074993518447975,0.0],[-16.444781884857207,16.07670132500976,0.0],[-16.444659795167343,16.07674518480238,0.0],[-16.445437166932233,16.076029172167733,0.0]]],[[[-16.45137456127335,16.067732096440242,0.0],[-16.452100737401786,16.067589295438513,0.0],[-16.450805965783715,16.06885890373924,0.0],[-16.448748754910422,16.070205213203412,0.0],[-16.45137456127335,16.067732096440242,0.0]]]]}},{"type":"Feature","properties":{"Categorie":"Risque moyen","Code":"IC3 (0,5-1,0m.)"},"geometry":{"type":"Polygon","coordinates":[[[-16.34914448291623,16.11870389016726,0.0],[-16.345389805665466,16.117985154255855,0.0],[-16.349498787692674,16.110971604574065,0.0],[-16.34914448291623,16.11870389016726,0.0]]]}},{"type":"Feature","properties":{"Categorie":"Risque très fort","Code":"IC1 (>2,0m.)"},"geometry":{"type":"MultiPolygon","coordinates":[[[[-16.465017623958023,16.009447514688812,0.0],[-16.465257312266736,16.005166107764428,0.0],[-16.463983918469943,16.003908326678026,0.0],[-16.462670477416754,16.003349548519257,0.0],[-16.461852404696973,16.002612706535956,0.0],[-16.462020291914584,16.000864715480965,0.0],[-16.463768658832116,15.99914963439865,0.0],[-16.463751807444073,15.99683517564144,0.0],[-16.4625624205619,15.994703383670139,0.0],[-16.461775248870882,15.992001121545565,0.0],[-16.462083334238667,15.990907244922486,0.0],[-16.463354403354042,15.991859363143462,0.0],[-16.464074194331175,15.99150509206325,0.0],[-16.465233987520172,15.989575656740202,0.0],[-16.466222091862367,15.98887018088901,0.0],[-16.467847316931795,15.988859090832907,0.0],[-16.47044466640659,15.985959047351944,0.0],[-16.4696122922588,15.983257126463846,0.0],[-16.469506061213895,15.981074294211615,0.0],[-16.472548332196954,15.977297770561657,0.0],[-16.475062229199075,15.975359020343031,0.0],[-16.47705295908897,15.975956757781526,0.0],[-16.477518481091014,15.977875087450327,0.0],[-16.478532785283257,15.980750406050166,0.0],[-16.480713788865927,15.982656925564969,0.0],[-16.483325671107416,15.981765508346015,0.0],[-16.48521330670492,15.98061703797431,0.0],[-16.484188608542272,15.976344359979795,0.0],[-16.48300172888988,15.974562035184883,0.0],[-16.483236876940357,15.96971293654134,0.0],[-16.484663026634053,15.967213858435748,0.0],[-16.485784761010216,15.966289028567502,0.0],[-16.48943009676912,15.964779026416705,0.0],[-16.49132465287993,15.96459122695701,0.0],[-16.492034915580888,15.962970483977758,0.0],[-16.495362548001413,15.96124423642701,0.0],[-16.495988326124188,15.960410144462662,0.0],[-16.49597503699905,15.958619733874139,0.0],[-16.49559611489048,15.956220470829075,0.0],[-16.495394512466994,15.953383266671699,0.0],[-16.49614660623966,15.95132551554634,0.0],[-16.497222740538586,15.950357281644202,0.0],[-16.49812675579195,15.95052568076537,0.0],[-16.49872975003188,15.95270502630474,0.0],[-16.498223485110124,15.957468663000027,0.0],[-16.497510369434988,15.958696404589363,0.0],[-16.497299928080253,15.960750394482664,0.0],[-16.496276663615273,15.962766363729122,0.0],[-16.496146111087423,15.963422332776942,0.0],[-16.497911394606717,15.964065119393492,0.0],[-16.500572314302378,15.963740894017102,0.0],[-16.501324382533728,15.96168312792704,0.0],[-16.501265256400497,15.959805699742839,0.0],[-16.501852700144482,15.959888944886076,0.0],[-16.502233659898028,15.962550199644015,0.0],[-16.50183880477992,15.964081428374426,0.0],[-16.501077950552865,15.964960148683238,0.0],[-16.499814380907566,15.965012626312113,0.0],[-16.49960103693848,15.966673599814099,0.0],[-16.500296667843998,15.969157982259734,0.0],[-16.502159784711022,15.9708044717682,0.0],[-16.503119465708956,15.972369913824865,0.0],[-16.502362499165674,15.973772660611626,0.0],[-16.50155777603589,15.974826373498628,0.0],[-16.501877673830766,15.97534818845326,0.0],[-16.503499176385745,15.974856486555067,0.0],[-16.504837748519,15.972750939866257,0.0],[-16.504546024821007,15.969958060623734,0.0],[-16.503613885262585,15.966034217429144,0.0],[-16.50284345507282,15.959576337870065,0.0],[-16.5038097728488,15.955988596457756,0.0],[-16.50440389551762,15.950918648387182,0.0],[-16.503448196676352,15.945749100163495,0.0],[-16.507654285223992,15.94552588491401,0.0],[-16.512373294187135,15.943967106992764,0.0],[-16.512351345300928,15.945316844786538,0.0],[-16.512607143811497,15.94933274148165,0.0],[-16.51330350713052,15.95190441357014,0.0],[-16.512184278698072,15.953135048116271,0.0],[-16.51029640760926,15.954196386182664,0.0],[-16.51088939947886,15.955021968412863,0.0],[-16.512698468987853,15.955489646967168,0.0],[-16.512723701744537,15.958852100187853,0.0],[-16.512181806644413,15.96483876686465,0.0],[-16.511064471472306,15.966331410272513,0.0],[-16.511991503846062,15.972983424430106,0.0],[-16.512028110238774,15.977857883234137,0.0],[-16.51048070981838,15.97857157583139,0.0],[-16.509541243519156,15.979713603486214,0.0],[-16.509548448724697,15.980674303764687,0.0],[-16.5102370540121,15.982197936477414,0.0],[-16.51024360827035,15.98307129988811,0.0],[-16.508947233153904,15.984783548858381,0.0],[-16.50841631620506,15.98622839996999,0.0],[-16.508426793355046,15.987625782045987,0.0],[-16.508703552312795,15.98840990877392,0.0],[-16.509795883979304,15.989791368415892,0.0],[-16.509334170077064,15.991412988647605,0.0],[-16.499876795234737,15.983837062967895,0.0],[-16.497071637007565,15.975606782134037,0.0],[-16.496620848896217,15.97482080402659,0.0],[-16.49632370176971,15.974751133073338,0.0],[-16.49553932541851,15.975286182910171,0.0],[-16.49476675708258,15.97524486155302,0.0],[-16.494644712310293,15.97589642899529,0.0],[-16.49366747898144,15.976563033148192,0.0],[-16.491621457492613,15.980666282583456,0.0],[-16.489786146560576,15.983189826172808,0.0],[-16.48713240398045,15.98536032961599,0.0],[-16.485802332399498,15.986015165263138,0.0],[-16.484980770531337,15.985231723418742,0.0],[-16.483478048185376,15.982587790387683,0.0],[-16.483105678142508,15.982375144599912,0.0],[-16.482202717401314,15.983122662424325,0.0],[-16.4802293725119,15.983704180237764,0.0],[-16.479142858125016,15.98302416593607,0.0],[-16.478237352144255,15.981745083662343,0.0],[-16.477183947044967,15.981363739490506,0.0],[-16.475918639619465,15.981581662401938,0.0],[-16.475151431966474,15.982304308040186,0.0],[-16.47437962017535,15.982399273285335,0.0],[-16.471802780149126,15.980743029058328,0.0],[-16.47047698095869,15.981140679907432,0.0],[-16.469956725238653,15.981831728851018,0.0],[-16.469778754706237,15.982849238692186,0.0],[-16.47070125643416,15.986459739587279,0.0],[-16.467972139804033,15.994174122482889,0.0],[-16.46788442908191,15.995705139501732,0.0],[-16.467641410735325,15.996280705982006,0.0],[-16.465377901642878,15.997778745921446,0.0],[-16.465447563789112,16.000552154979076,0.0],[-16.464628993060447,16.00357074894577,0.0],[-16.46630762719126,16.003224518399662,0.0],[-16.466803107537114,16.003364612422722,0.0],[-16.467108845009665,16.004605988571456,0.0],[-16.46610263178911,16.009012808803334,0.0],[-16.466061214245123,16.01011307883906,0.0],[-16.465250131544447,16.010405660003855,0.0],[-16.465017623958023,16.009447514688812,0.0]]],[[[-16.45137456127335,16.067732096440242,0.0],[-16.448748754910422,16.070205213203412,0.0],[-16.44871103321194,16.070229899578703,0.0],[-16.4487039252456,16.070247436040987,0.0],[-16.44796522280619,16.070943183226188,0.0],[-16.447144374668685,16.069856955402486,0.0],[-16.45001650067216,16.067304588898775,0.0],[-16.451071606620452,16.066540093193584,0.0],[-16.45138345870737,16.066734016338742,0.0],[-16.45254763221139,16.06715108583312,0.0],[-16.452100737401786,16.067589295438513,0.0],[-16.45137456127335,16.067732096440242,0.0]]]]}},{"type":"Feature","properties":{"Categorie":"Risque fort","Code":"IC2 (1,0-2,0m.)"},"geometry":{"type":"Polygon","coordinates":[[[-16.4517518088181,15.938902013100499,0.0],[-16.45063946079523,15.941136753923088,0.0],[-16.449978756617146,15.943412124258327,0.0],[-16.449129811172188,15.9446188038774,0.0],[-16.447374378488917,15.945307510672697,0.0],[-16.446252714674397,15.94625398191938,0.0],[-16.444846147829175,15.945237131597072,0.0],[-16.446495100168928,15.944013315063701,0.0],[-16.446924674212113,15.943113974377253,0.0],[-16.448199748557126,15.942314419743902,0.0],[-16.4482758214187,15.94152291721056,0.0],[-16.447475743196613,15.940157238786476,0.0],[-16.448017330630602,15.939679006708936,0.0],[-16.44935293718931,15.939722764456008,0.0],[-16.45040695351918,15.938502822987171,0.0],[-16.449736115233762,15.936160727380363,0.0],[-16.450776054915544,15.93502180492951,0.0],[-16.4525390850901,15.935402981114507,0.0],[-16.4517518088181,15.938902013100499,0.0]]]}},{"type":"Feature","properties":{"Categorie":"Risque très fort","Code":"IC1 (>2,0m.)"},"geometry":{"type":"Polygon","coordinates":[[[-16.46178518825629,15.953169364029645,0.0],[-16.46082718217818,15.951778377211577,0.0],[-16.459681057665858,15.949340544733099,0.0],[-16.459256821508895,15.946854144918873,0.0],[-16.45853685747412,15.947164719361645,0.0],[-16.457819731551712,15.947868315752402,0.0],[-16.45646848479386,15.94827049667676,0.0],[-16.456235236979403,15.947223956770381,0.0],[-16.458392293887925,15.945899224760982,0.0],[-16.45933224587879,15.944801075065817,0.0],[-16.459543391345285,15.942790757444806,0.0],[-16.45818303015228,15.941926534610701,0.0],[-16.455862938763122,15.940981442935085,0.0],[-16.45826483744762,15.936780501328657,0.0],[-16.45940510336646,15.936192728316096,0.0],[-16.461967451722757,15.93748214809272,0.0],[-16.462144230051084,15.943780834039531,0.0],[-16.462492062022832,15.946652393322802,0.0],[-16.463191063662926,15.948389466731525,0.0],[-16.463573245231416,15.950755297654243,0.0],[-16.4629098172773,15.95263767307277,0.0],[-16.46178518825629,15.953169364029645,0.0]]]}},{"type":"Feature","properties":{"Categorie":"Risque fort","Code":"IC2 (1,0-2,0m.)"},"geometry":{"type":"Polygon","coordinates":[[[-16.46738315380046,15.9165748446364,0.0],[-16.46775056532941,15.918391617412562,0.0],[-16.468742550680098,15.919914110692188,0.0],[-16.469002145565252,15.921889810486043,0.0],[-16.46609678811625,15.927050985744549,0.0],[-16.467352117242143,15.927267154752718,0.0],[-16.46577049517553,15.93321722003784,0.0],[-16.467795070562463,15.938531357031973,0.0],[-16.467639306259688,15.941938782962154,0.0],[-16.468108445931865,15.944381182971492,0.0],[-16.467846531284856,15.945605764188356,0.0],[-16.46655285222651,15.944818712471907,0.0],[-16.46567050864286,15.943400939835925,0.0],[-16.46557847938736,15.938233788434149,0.0],[-16.465026224502953,15.937235625294681,0.0],[-16.463663008314846,15.937139418678402,0.0],[-16.463074231859043,15.938619924239937,0.0],[-16.46347292779762,15.940990179278947,0.0],[-16.463945266163684,15.945996553979477,0.0],[-16.463191063662926,15.948389466731525,0.0],[-16.462492062022832,15.946652393322802,0.0],[-16.462144230051084,15.943780834039531,0.0],[-16.461967451722757,15.93748214809272,0.0],[-16.45940510336646,15.936192728316096,0.0],[-16.45826483744762,15.936780501328657,0.0],[-16.455862938763122,15.940981442935085,0.0],[-16.455356380023648,15.939587373609946,0.0],[-16.456465543876618,15.936674014321744,0.0],[-16.45607454846338,15.935358339228005,0.0],[-16.455249860057798,15.934361985882692,0.0],[-16.4525390850901,15.935402981114507,0.0],[-16.452793297090388,15.933798489611798,0.0],[-16.453190949279882,15.92846980641546,0.0],[-16.454876997977806,15.924213459380018,0.0],[-16.456157054689413,15.924125725544256,0.0],[-16.456943615431825,15.923619455568504,0.0],[-16.457369872795525,15.922271894044213,0.0],[-16.457390464053272,15.92134893323129,0.0],[-16.456971114005032,15.919875249612048,0.0],[-16.459568766469186,15.909812126255435,0.0],[-16.459864499826196,15.905486046921153,0.0],[-16.46206685963032,15.901071692868369,0.0],[-16.46225582220984,15.901283089692924,0.0],[-16.465474749457254,15.907972694656026,0.0],[-16.4634593970907,15.907149164060433,0.0],[-16.461119374737354,15.907586868615514,0.0],[-16.460603799472644,15.911650771036555,0.0],[-16.460067264263557,15.912814518290006,0.0],[-16.459750975482454,15.914293171461686,0.0],[-16.460033337442358,15.91566231097236,0.0],[-16.459278819539715,15.916827531209583,0.0],[-16.458358531352154,15.917677473421655,0.0],[-16.45827351685376,15.921000205683631,0.0],[-16.45796329538202,15.92332253865623,0.0],[-16.457045636148845,15.92454158838531,0.0],[-16.456340244548755,15.924968212073384,0.0],[-16.455916066399467,15.926605787916884,0.0],[-16.45673920154823,15.927391221410508,0.0],[-16.45750137862126,15.927280608162576,0.0],[-16.45913167312412,15.926636796361372,0.0],[-16.460806918570857,15.924674353968982,0.0],[-16.462004658010656,15.924508043833079,0.0],[-16.462773692442063,15.925346552396077,0.0],[-16.462513053090305,15.92698302831254,0.0],[-16.46175775055016,15.928042798445635,0.0],[-16.46204091690741,15.92951739081043,0.0],[-16.463460488038105,15.929876892006885,0.0],[-16.464000479610885,15.929187705141036,0.0],[-16.46473588982518,15.925385972826255,0.0],[-16.465277013515706,15.92485497356782,0.0],[-16.466691578087957,15.924528967591302,0.0],[-16.467114132525815,15.92268045845644,0.0],[-16.466609907331637,15.92078551649547,0.0],[-16.465727683548955,15.91936773226436,0.0],[-16.46511717241635,15.917842634074121,0.0],[-16.466625370260765,15.9154066961283,0.0],[-16.466937400061656,15.91334800801323,0.0],[-16.467368419608167,15.911908137822754,0.0],[-16.467522997059703,15.91222938214035,0.0],[-16.468179151700106,15.91409044988437,0.0],[-16.46738315380046,15.9165748446364,0.0]]]}},{"type":"Feature","properties":{"Categorie":"Risque très fort","Code":"IC1 (>2,0m.)"},"geometry":{"type":"Polygon","coordinates":[[[-16.465277013515706,15.92485497356782,0.0],[-16.46473588982518,15.925385972826255,0.0],[-16.464000479610885,15.929187705141036,0.0],[-16.463460488038105,15.929876892006885,0.0],[-16.46204091690741,15.92951739081043,0.0],[-16.46175775055016,15.928042798445635,0.0],[-16.462513053090305,15.92698302831254,0.0],[-16.462773692442063,15.925346552396077,0.0],[-16.462004658010656,15.924508043833079,0.0],[-16.460806918570857,15.924674353968982,0.0],[-16.45913167312412,15.926636796361372,0.0],[-16.45750137862126,15.927280608162576,0.0],[-16.45673920154823,15.927391221410508,0.0],[-16.455916066399467,15.926605787916884,0.0],[-16.456340244548755,15.924968212073384,0.0],[-16.457045636148845,15.92454158838531,0.0],[-16.45796329538202,15.92332253865623,0.0],[-16.45827351685376,15.921000205683631,0.0],[-16.458358531352154,15.917677473421655,0.0],[-16.459278819539715,15.916827531209583,0.0],[-16.460033337442358,15.91566231097236,0.0],[-16.459750975482454,15.914293171461686,0.0],[-16.460067264263557,15.912814518290006,0.0],[-16.460603799472644,15.911650771036555,0.0],[-16.461119374737354,15.907586868615514,0.0],[-16.4634593970907,15.907149164060433,0.0],[-16.464934445028565,15.907666489992978,0.0],[-16.465433975277502,15.90788795737113,0.0],[-16.467368419608167,15.911908137822754,0.0],[-16.466937400061656,15.91334800801323,0.0],[-16.466625370260765,15.9154066961283,0.0],[-16.46511717241635,15.917842634074121,0.0],[-16.465727683548955,15.91936773226436,0.0],[-16.466609907331637,15.92078551649547,0.0],[-16.467114132525815,15.92268045845644,0.0],[-16.466691578087957,15.924528967591302,0.0],[-16.465277013515706,15.92485497356782,0.0]]]}},{"type":"Feature","properties":{"Categorie":"Risque très fort","Code":"IC1 (>2,0m.)"},"geometry":{"type":"Polygon","coordinates":[[[-16.37726390353384,16.03315045354825,0.0],[-16.37375979909675,16.039026376198656,0.0],[-16.3725020413412,16.04248849380045,0.0],[-16.370553066997253,16.044557582158795,0.0],[-16.369488784548054,16.048413952763884,0.0],[-16.36801862241123,16.048739746411574,0.0],[-16.36530970004894,16.0513409830338,0.0],[-16.361520459928613,16.05547834221361,0.0],[-16.36033274240665,16.05725247497354,0.0],[-16.357261094114214,16.058669412473165,0.0],[-16.356654795084822,16.05772404224275,0.0],[-16.354583243639137,16.057842622180285,0.0],[-16.35187063701358,16.059942757343087,0.0],[-16.349401526607117,16.06581181524406,0.0],[-16.347625285637516,16.069303455431037,0.0],[-16.34591558641265,16.07458762555,0.0],[-16.34260362596711,16.076823267348317,0.0],[-16.334366851889374,16.084837675834645,0.0],[-16.33436361072083,16.084840424068155,0.0],[-16.33430702562788,16.0776700655944,0.0],[-16.33410477867572,16.06994426915423,0.0],[-16.334184782108167,16.069809532431034,0.0],[-16.33583848128293,16.06834902375973,0.0],[-16.33754968789675,16.067336386020866,0.0],[-16.341518994224483,16.065544950585075,0.0],[-16.341786017006484,16.0646995294615,0.0],[-16.340801905370792,16.0643365551703,0.0],[-16.339714373139046,16.064817971617696,0.0],[-16.338411160660364,16.06566987140688,0.0],[-16.337974873943246,16.06567259857394,0.0],[-16.338078657860716,16.064880935440243,0.0],[-16.339430757050156,16.06318498354186,0.0],[-16.34615304170031,16.057183863264168,0.0],[-16.347511762552003,16.056489775135148,0.0],[-16.349035137752452,16.05595284447783,0.0],[-16.348388197841142,16.05706433514574,0.0],[-16.34746716386375,16.0579666122758,0.0],[-16.345621527322557,16.059243836730904,0.0],[-16.34296527959797,16.061633550737113,0.0],[-16.342810871735747,16.063005608945407,0.0],[-16.343469184558238,16.06358155561262,0.0],[-16.345638538305447,16.061774970560077,0.0],[-16.347697364582007,16.059758124985624,0.0],[-16.350238417405563,16.05647260386072,0.0],[-16.353870030754535,16.053180168198143,0.0],[-16.35855460959127,16.044343934226355,0.0],[-16.360279874045272,16.04143262215188,0.0],[-16.362150764479168,16.03588367467409,0.0],[-16.36323127192224,16.034400257022757,0.0],[-16.36385599889155,16.034053514072667,0.0],[-16.36734444397706,16.03384673195499,0.0],[-16.367896901918233,16.034897886665465,0.0],[-16.36736313892242,16.036588775302143,0.0],[-16.366494295803108,16.03712165306455,0.0],[-16.364101544503306,16.03808609970271,0.0],[-16.362690273287082,16.03904428520636,0.0],[-16.362369554573693,16.039995534862932,0.0],[-16.363794464203536,16.041041153915135,0.0],[-16.3628258554348,16.042945735950315,0.0],[-16.36294567038441,16.044526992289008,0.0],[-16.363825319043585,16.0455760750679,0.0],[-16.364805418696665,16.045358900353378,0.0],[-16.36620809453707,16.043135140741555,0.0],[-16.3688978211559,16.037739128227784,0.0],[-16.370734455803348,16.035196170862083,0.0],[-16.37300581004234,16.032439482770176,0.0],[-16.374624245598664,16.029897894611143,0.0],[-16.3765625542913,16.02629956916671,0.0],[-16.37829791352613,16.0249173508386,0.0],[-16.38049119952537,16.026696196139046,0.0],[-16.380941910094297,16.028802642496604,0.0],[-16.37726390353384,16.03315045354825,0.0]]]}},{"type":"Feature","properties":{"Categorie":"Risque moyen","Code":"IC3 (0,5-1,0m.)"},"geometry":{"type":"Polygon","coordinates":[[[-16.42918523515553,15.970987888661888,0.0],[-16.428795291646054,15.966928992700312,0.0],[-16.428918325296372,15.965181300298392,0.0],[-16.427419713209243,15.963924756419988,0.0],[-16.42592544586793,15.963279579133882,0.0],[-16.425059751833224,15.962149839651886,0.0],[-16.425001642836868,15.960316001298091,0.0],[-16.427322035809436,15.957303646186478,0.0],[-16.429903003584023,15.95842199573749,0.0],[-16.431313167831014,15.959941143988283,0.0],[-16.432454688250218,15.961767771509702,0.0],[-16.432212782059697,15.962664653709416,0.0],[-16.430065898590104,15.96547392432799,0.0],[-16.430074268083352,15.96665300932974,0.0],[-16.432154473939033,15.967163241556728,0.0],[-16.432344663624512,15.968515802822607,0.0],[-16.43245637599275,15.971528414981137,0.0],[-16.430829889755504,15.973728286114472,0.0],[-16.42918523515553,15.970987888661888,0.0]]]}},{"type":"Feature","properties":{"Categorie":"Risque très fort","Code":"IC1 (>2,0m.)"},"geometry":{"type":"Polygon","coordinates":[[[-16.412914368525698,15.969546446604577,0.0],[-16.413137580044744,15.970283247682838,0.0],[-16.413090101211843,15.971285492513069,0.0],[-16.412556111995862,15.972870997887211,0.0],[-16.411200409418537,15.973881826449809,0.0],[-16.410011175693874,15.975313423415642,0.0],[-16.408872007402064,15.97611188650688,0.0],[-16.40853646346113,15.97490121562176,0.0],[-16.408570686114604,15.97200065482908,0.0],[-16.40780203381543,15.971214683373377,0.0],[-16.408010852325425,15.969894981768327,0.0],[-16.409909412231045,15.968564218081998,0.0],[-16.41121907747289,15.968766568671045,0.0],[-16.41426730404056,15.964264229108066,0.0],[-16.41559056968747,15.96446646555444,0.0],[-16.416685428393713,15.96513161299166,0.0],[-16.416513008333965,15.965805096860821,0.0],[-16.412914368525698,15.969546446604577,0.0]]]}},{"type":"Feature","properties":{"Categorie":"Risque très fort","Code":"IC1 (>2,0m.)"},"geometry":{"type":"Polygon","coordinates":[[[-16.419472524409777,15.948726393473876,0.0],[-16.41899053687418,15.94994243405691,0.0],[-16.419161836869428,15.951048705046619,0.0],[-16.417485590731463,15.95295813950184,0.0],[-16.41509446971104,15.953975793450763,0.0],[-16.414166056347895,15.953718223479328,0.0],[-16.411729264305215,15.956001743737442,0.0],[-16.41184602828127,15.957108380005185,0.0],[-16.412887160941274,15.957892553389192,0.0],[-16.412675978235388,15.95886950634962,0.0],[-16.410538892568244,15.961151051510624,0.0],[-16.409567746120103,15.962581213561812,0.0],[-16.40820103686948,15.96201008862119,0.0],[-16.406982933151642,15.963204554916102,0.0],[-16.407923543861443,15.965202277200804,0.0],[-16.407886724863136,15.967733723154739,0.0],[-16.4070812651711,15.96947919368871,0.0],[-16.405561660173216,15.970438325403727,0.0],[-16.403599355449945,15.970451132120074,0.0],[-16.402071281843813,15.970197424819604,0.0],[-16.400551644823448,15.971156523430553,0.0],[-16.398661050425737,15.973647297707556,0.0],[-16.397518913021045,15.974023853830628,0.0],[-16.397727435140382,15.972651425684784,0.0],[-16.401405440201593,15.968514287807647,0.0],[-16.406319287736103,15.961837820018829,0.0],[-16.40786294917576,15.960430295522821,0.0],[-16.407800708776573,15.959323299510087,0.0],[-16.405232107146155,15.962266786077738,0.0],[-16.403044981130193,15.965207760891845,0.0],[-16.401577324462583,15.965797390310252,0.0],[-16.40126091706482,15.967328723591988,0.0],[-16.400830355699256,15.968122529595966,0.0],[-16.400234617178782,15.968680108474022,0.0],[-16.397967601968805,15.971911595120655,0.0],[-16.39593849965128,15.974086846194574,0.0],[-16.394880857882168,15.974858343047908,0.0],[-16.394062661814417,15.974784545254547,0.0],[-16.392810757900296,15.9750563212148,0.0],[-16.392613408321207,15.974108392084672,0.0],[-16.39384486840546,15.970883663801317,0.0],[-16.395463692949296,15.968500158272752,0.0],[-16.396645689637207,15.96601401009047,0.0],[-16.396582044241754,15.964696081415024,0.0],[-16.397441357943862,15.962844827343893,0.0],[-16.398468932032213,15.961678015389985,0.0],[-16.401521279113336,15.961658169466778,0.0],[-16.40486463986592,15.956468495504497,0.0],[-16.406758321007047,15.954452261986013,0.0],[-16.409312640245712,15.9533808960828,0.0],[-16.4112176869146,15.95299929057179,0.0],[-16.412455387390573,15.950723642027503,0.0],[-16.414244739735956,15.949393569260685,0.0],[-16.416905361246787,15.94795228932684,0.0],[-16.417880838875277,15.947154872983777,0.0],[-16.418090320520854,15.94594062788499,0.0],[-16.418957523142993,15.945249386649504,0.0],[-16.420318570637285,15.945029488159834,0.0],[-16.421555344623464,15.946511048988146,0.0],[-16.419472524409777,15.948726393473876,0.0]]]}},{"type":"Feature","properties":{"Categorie":"Risque très fort","Code":"IC1 (>2,0m.)"},"geometry":{"type":"Polygon","coordinates":[[[-16.384846529078136,16.02966075899944,0.0],[-16.384092274218144,16.030983967146955,0.0],[-16.382575012944766,16.032364826743102,0.0],[-16.382419612666524,16.033552334934758,0.0],[-16.382096271355792,16.034108122002674,0.0],[-16.381473214665057,16.03469220647455,0.0],[-16.38086132811692,16.03388610232232,0.0],[-16.382239319597243,16.031127750139532,0.0],[-16.38493956380749,16.027339880191636,0.0],[-16.385590032655287,16.026781977400457,0.0],[-16.386487677580234,16.026486143549555,0.0],[-16.386765764275598,16.027275349760682,0.0],[-16.384846529078136,16.02966075899944,0.0]]]}},{"type":"Feature","properties":{"Categorie":"Risque moyen","Code":"IC3 (0,5-1,0m.)"},"geometry":{"type":"Polygon","coordinates":[[[-16.41544454018958,16.0694325859422,0.0],[-16.414371729843825,16.07197085409103,0.0],[-16.41254059623215,16.07525238564452,0.0],[-16.410030417804546,16.075058011010558,0.0],[-16.40717076638215,16.071701927407776,0.0],[-16.404965989236672,16.0710799758527,0.0],[-16.40538328786398,16.06618598532211,0.0],[-16.406633448661612,16.064125196260786,0.0],[-16.407486330763014,16.063377169311185,0.0],[-16.407386180215386,16.06198032777749,0.0],[-16.405782409631332,16.058704552202247,0.0],[-16.411615697148115,16.05971430572199,0.0],[-16.416096940944758,16.061125886892466,0.0],[-16.41827463536079,16.062508968618634,0.0],[-16.41824339538165,16.06447440178758,0.0],[-16.41781187166123,16.067315919957963,0.0],[-16.415541674246732,16.067744493236646,0.0],[-16.41544454018958,16.0694325859422,0.0]]]}},{"type":"Feature","properties":{"Categorie":"Risque fort","Code":"IC2 (1,0-2,0m.)"},"geometry":{"type":"Polygon","coordinates":[[[-16.37511885593019,16.008792799333435,0.0],[-16.375732793226245,16.008424757011568,0.0],[-16.377344575351284,16.006371540714074,0.0],[-16.377636126486344,16.00486545167586,0.0],[-16.378409985387787,16.002861824799403,0.0],[-16.37975435683881,16.00202530802305,0.0],[-16.380630283707905,16.00044201841639,0.0],[-16.381682445283264,15.999326701850777,0.0],[-16.382382916980387,15.997736423869846,0.0],[-16.38237471557871,15.996543591189525,0.0],[-16.38267240077666,15.995503234903957,0.0],[-16.383465395673557,15.99469824494371,0.0],[-16.383826697510546,15.993426064807215,0.0],[-16.384289924644456,15.994641580174976,0.0],[-16.385024432975133,15.992818548316704,0.0],[-16.384340537207343,15.991588762144842,0.0],[-16.382441945006654,15.991251600171097,0.0],[-16.380287459113866,15.993099692650935,0.0],[-16.375540624348954,15.998807564194788,0.0],[-16.374007342843313,15.999079409899462,0.0],[-16.3736330199333,15.997160206523706,0.0],[-16.374252567458104,15.995321994214226,0.0],[-16.37828479444108,15.990754223058987,0.0],[-16.37963202470427,15.989697439098682,0.0],[-16.37917217080826,15.988477556854722,0.0],[-16.375830708938782,15.988411620127035,0.0],[-16.374219145772855,15.99043086977797,0.0],[-16.373069166309417,15.99393203240327,0.0],[-16.37074587431108,15.997528023487073,0.0],[-16.369758547329038,15.998407773357085,0.0],[-16.36977521124891,16.00085333863613,0.0],[-16.368793217843184,16.00251916007933,0.0],[-16.366912950955264,16.004889459472516,0.0],[-16.365111668859797,16.005599678490263,0.0],[-16.36386878668419,16.008752013180082,0.0],[-16.36042878400414,16.014189259857577,0.0],[-16.35800027058949,16.015645837988433,0.0],[-16.35607312979021,16.01779798977707,0.0],[-16.354151250559564,16.02073620518934,0.0],[-16.34923973878567,16.02902132183164,0.0],[-16.344399127516912,16.03446716166905,0.0],[-16.34009082517141,16.03851204495437,0.0],[-16.337044491120025,16.04219960015819,0.0],[-16.334907075343555,16.04675492046682,0.0],[-16.333555585405268,16.04896518705449,0.0],[-16.333443086368938,16.0446677445214,0.0],[-16.333419741917538,16.038735151950203,0.0],[-16.345406187829404,16.023018528047764,0.0],[-16.349533450234386,16.018974701629144,0.0],[-16.351698498350125,16.01861169467635,0.0],[-16.35314342817176,16.018602590418446,0.0],[-16.356813007593086,16.013688066898492,0.0],[-16.358433784273377,16.012979052914417,0.0],[-16.359957738835575,16.01130983887563,0.0],[-16.361039617778026,16.01104094741894,0.0],[-16.361380711114858,16.008069034948427,0.0],[-16.36218455605798,16.00675375417757,0.0],[-16.362877735112193,16.00576671910836,0.0],[-16.364380507526167,16.004315977366133,0.0],[-16.365885632579303,16.00321459352884,0.0],[-16.366826661806087,16.002160462535574,0.0],[-16.367180584819792,16.001088228454222,0.0],[-16.366341601956886,16.000547656173833,0.0],[-16.365144540440724,16.000467919769363,0.0],[-16.364618648016585,15.999488622845933,0.0],[-16.364816187695585,15.998657585292287,0.0],[-16.366910286456335,15.99785816476121,0.0],[-16.36807955730361,15.997173796383999,0.0],[-16.37077033180086,15.994492614565921,0.0],[-16.371709509388175,15.993176441732802,0.0],[-16.3723329393383,15.99190595421585,0.0],[-16.372045371317675,15.98946211845336,0.0],[-16.37383515165631,15.987092363765596,0.0],[-16.37536535813557,15.986383818549966,0.0],[-16.379653362324618,15.986225330806576,0.0],[-16.382543321821732,15.986294114082689,0.0],[-16.384257676066525,15.986108394479047,0.0],[-16.38238478188107,15.982932345820316,0.0],[-16.381191818566798,15.980144964343284,0.0],[-16.381627081354495,15.977783848671907,0.0],[-16.38279183519428,15.976466187479508,0.0],[-16.384857044978123,15.974793346632623,0.0],[-16.38733663213607,15.974296975320058,0.0],[-16.389775582589852,15.974455926080024,0.0],[-16.391038995059294,15.974360417060089,0.0],[-16.39112234282142,15.973355411427612,0.0],[-16.38984567540518,15.971529416343989,0.0],[-16.390418361997387,15.96947310985344,0.0],[-16.39180992765057,15.968328631183695,0.0],[-16.391981744691375,15.967061018217445,0.0],[-16.39165338448962,15.965272569247388,0.0],[-16.39069667488507,15.96401224886506,0.0],[-16.391143563147143,15.963354274113595,0.0],[-16.39213485299176,15.963085831808348,0.0],[-16.39376052684676,15.963162659243991,0.0],[-16.395428317580862,15.962802476917483,0.0],[-16.39565069417338,15.962320638725242,0.0],[-16.395554969416146,15.961535155186684,0.0],[-16.39478607076015,15.961321774892332,0.0],[-16.393794189907467,15.961502887442096,0.0],[-16.393610306243772,15.961023680386429,0.0],[-16.393603964883592,15.96010659933955,0.0],[-16.39423079135338,15.959360109807392,0.0],[-16.397740501496752,15.95772147887665,0.0],[-16.40056517643044,15.954951768048936,0.0],[-16.40037339858897,15.953337136214934,0.0],[-16.398652379557934,15.952518540809185,0.0],[-16.397514538547924,15.951172079003738,0.0],[-16.398863833668972,15.95046456360717,0.0],[-16.406087101551577,15.950592234559718,0.0],[-16.408074992221284,15.950841285916766,0.0],[-16.410852149952166,15.947766060713025,0.0],[-16.412093366271783,15.94452618486413,0.0],[-16.412788639658846,15.940678471121393,0.0],[-16.411605954551465,15.93937605056735,0.0],[-16.410618017172688,15.940103109700106,0.0],[-16.41010948822501,15.941613130640608,0.0],[-16.409870548179697,15.942946698398343,0.0],[-16.408886856714147,15.94428513554918,0.0],[-16.407961105020668,15.944225676545932,0.0],[-16.407186477771038,15.943182599516078,0.0],[-16.407584020480314,15.941935342492185,0.0],[-16.407329986869822,15.941107226804856,0.0],[-16.4060823669553,15.940198248665222,0.0],[-16.40582986312459,15.939588482318815,0.0],[-16.406073391614992,15.938909972531356,0.0],[-16.40771488510338,15.938047650204679,0.0],[-16.409393875808586,15.93609326325027,0.0],[-16.411190095637124,15.934771346537381,0.0],[-16.41793297763816,15.92442047432851,0.0],[-16.419084930470746,15.92135584611681,0.0],[-16.41888968819039,15.919260862890384,0.0],[-16.41945951588838,15.91685514353945,0.0],[-16.42008274486264,15.915628222140837,0.0],[-16.423831501548182,15.909620441178753,0.0],[-16.426022154817122,15.90667995167824,0.0],[-16.42669444784686,15.906020429561359,0.0],[-16.430081471311233,15.906347407656263,0.0],[-16.429960600591514,15.90840079654217,0.0],[-16.430784334251758,15.91001120769791,0.0],[-16.431914085728128,15.910222079645777,0.0],[-16.432302609934958,15.907730195901637,0.0],[-16.432970243031228,15.906415605697646,0.0],[-16.433804826729776,15.909554453474193,0.0],[-16.43320058272313,15.913445275184577,0.0],[-16.43176078594686,15.914066236615787,0.0],[-16.428414132526953,15.913083946447824,0.0],[-16.42720027462387,15.913747055541267,0.0],[-16.427980734228843,15.915619795354564,0.0],[-16.427994000559433,15.917497607713207,0.0],[-16.426654898617993,15.919602723715602,0.0],[-16.425951301334102,15.922227700166694,0.0],[-16.425016793618358,15.924111774323297,0.0],[-16.424397577224855,15.92590641986173,0.0],[-16.425031888308563,15.926251608076365,0.0],[-16.426311618466766,15.92851409985264,0.0],[-16.428129267850203,15.930248956000824,0.0],[-16.429307047457606,15.93085256311718,0.0],[-16.429689755239764,15.93390706729906,0.0],[-16.433579922359893,15.935104056571877,0.0],[-16.437363693880275,15.934030743889446,0.0],[-16.438721431592036,15.93454575233529,0.0],[-16.4360208723451,15.935611878057916,0.0],[-16.433874920842378,15.938508505230626,0.0],[-16.435418190637513,15.93972104888562,0.0],[-16.437138286780378,15.940408338920017,0.0],[-16.439309120728957,15.941005261631346,0.0],[-16.43985821871102,15.94204971810392,0.0],[-16.43952455546076,15.945895065349944,0.0],[-16.438473055429153,15.950356610526025,0.0],[-16.437493735863537,15.952284706230131,0.0],[-16.435474981173417,15.954045040465719,0.0],[-16.432406837867447,15.954240151811938,0.0],[-16.429265126392824,15.95679399206125,0.0],[-16.428889778895883,15.954787573667335,0.0],[-16.429686165975248,15.952511349090384,0.0],[-16.429402957772343,15.950766350797789,0.0],[-16.4284971171828,15.950335639051778,0.0],[-16.424724093978362,15.952980942371125,0.0],[-16.42291857537819,15.95299287566342,0.0],[-16.42176100015747,15.95527146533144,0.0],[-16.421676882144677,15.956145461536877,0.0],[-16.420067269455767,15.958339683340414,0.0],[-16.419548359065814,15.96157483736661,0.0],[-16.417048619367314,15.965587299441607,0.0],[-16.41814414358003,15.967305131928878,0.0],[-16.42083229234539,15.964405051302268,0.0],[-16.42370277497931,15.961765768575193,0.0],[-16.425001642836868,15.960316001298091,0.0],[-16.425059751833224,15.962149839651886,0.0],[-16.42592544586793,15.963279579133882,0.0],[-16.427419713209243,15.963924756419988,0.0],[-16.428918325296372,15.965181300298392,0.0],[-16.428795291646054,15.966928992700312,0.0],[-16.42918523515553,15.970987888661888,0.0],[-16.430829889755504,15.973728286114472,0.0],[-16.429768177256495,15.976792372551202,0.0],[-16.425115948695264,15.98284996257009,0.0],[-16.42190071317144,15.987849844411949,0.0],[-16.41294946234735,15.999001555289038,0.0],[-16.410355973491832,16.002599702701716,0.0],[-16.406091836123174,16.006208767810943,0.0],[-16.402360212189983,16.00850411676682,0.0],[-16.400578840386043,16.012053188158482,0.0],[-16.400141936589048,16.014152302053567,0.0],[-16.396671099971176,16.02151184133363,0.0],[-16.394525558961224,16.02467019441214,0.0],[-16.393998264333916,16.026769887615515,0.0],[-16.39220175535465,16.028179064940744,0.0],[-16.39284423923136,16.029659750324114,0.0],[-16.393032746362653,16.030794004033293,0.0],[-16.392770906168156,16.032105871089662,0.0],[-16.391156787129557,16.033775891963497,0.0],[-16.389172914593825,16.03422547456467,0.0],[-16.386730818818485,16.03371721225342,0.0],[-16.382667605636513,16.033874464348624,0.0],[-16.38159196160909,16.035060551092965,0.0],[-16.38155552882917,16.03632728493239,0.0],[-16.382103137344714,16.037153531050823,0.0],[-16.382334344554636,16.037938143158094,0.0],[-16.382020948580887,16.038333214751127,0.0],[-16.381115684104184,16.038033341386946,0.0],[-16.38025347570693,16.037427480053637,0.0],[-16.379841045854075,16.036556686483664,0.0],[-16.380015064800595,16.035594773658307,0.0],[-16.380685510275967,16.03458599275797,0.0],[-16.38086132811692,16.03388610232232,0.0],[-16.380361596101473,16.033452595346304,0.0],[-16.379238379841517,16.03428959795056,0.0],[-16.37708733158378,16.036705406459962,0.0],[-16.375919524563354,16.03763002502738,0.0],[-16.376248218984315,16.039462158627124,0.0],[-16.37562559114826,16.040863673266625,0.0],[-16.37288975541294,16.04363257857083,0.0],[-16.37145810408167,16.04560700653658,0.0],[-16.370700841866423,16.04714038896474,0.0],[-16.37112013199719,16.049015624153526,0.0],[-16.371531957636833,16.049799093340326,0.0],[-16.370224685669672,16.050156837249393,0.0],[-16.368190956596333,16.049951470667054,0.0],[-16.366127256035426,16.05197357641106,0.0],[-16.3650567757336,16.053945665540624,0.0],[-16.36227634773964,16.056845757176575,0.0],[-16.361833038110465,16.058071409284338,0.0],[-16.360574711400655,16.058996531904132,0.0],[-16.358634775771947,16.059314556255657,0.0],[-16.358109702974936,16.06180722793616,0.0],[-16.356037201394166,16.062562798415044,0.0],[-16.353877012756183,16.063711958716436,0.0],[-16.35101096856938,16.06735490047002,0.0],[-16.349597545662487,16.068739508167464,0.0],[-16.348312026340388,16.072350612860347,0.0],[-16.34747357604976,16.075281969088156,0.0],[-16.34662407780183,16.076575663888832,0.0],[-16.345022402756296,16.076847775685554,0.0],[-16.343695834480343,16.07772956744906,0.0],[-16.337277901602544,16.083905822224313,0.0],[-16.336792431303397,16.085612099790723,0.0],[-16.334394881713436,16.088803026498486,0.0],[-16.33436361072083,16.084840424068155,0.0],[-16.334366851889374,16.084837675834645,0.0],[-16.34260362596711,16.076823267348317,0.0],[-16.34591558641265,16.07458762555,0.0],[-16.347625285637516,16.069303455431037,0.0],[-16.349401526607117,16.06581181524406,0.0],[-16.35187063701358,16.059942757343087,0.0],[-16.354583243639137,16.057842622180285,0.0],[-16.356654795084822,16.05772404224275,0.0],[-16.357261094114214,16.058669412473165,0.0],[-16.36033274240665,16.05725247497354,0.0],[-16.361520459928613,16.05547834221361,0.0],[-16.36530970004894,16.0513409830338,0.0],[-16.36801862241123,16.048739746411574,0.0],[-16.369488784548054,16.048413952763884,0.0],[-16.369750262978126,16.04677753392082,0.0],[-16.370553066997253,16.044557582158795,0.0],[-16.3725020413412,16.04248849380045,0.0],[-16.37375979909675,16.039026376198656,0.0],[-16.37726390353384,16.03315045354825,0.0],[-16.380941910094297,16.028802642496604,0.0],[-16.38049119952537,16.026696196139046,0.0],[-16.37829791352613,16.0249173508386,0.0],[-16.3765625542913,16.02629956916671,0.0],[-16.374624245598664,16.029897894611143,0.0],[-16.37300581004234,16.032439482770176,0.0],[-16.370734455803348,16.035196170862083,0.0],[-16.3688978211559,16.037739128227784,0.0],[-16.36620809453707,16.043135140741555,0.0],[-16.364805418696665,16.045358900353378,0.0],[-16.363825319043585,16.0455760750679,0.0],[-16.36294567038441,16.044526992289008,0.0],[-16.3628258554348,16.042945735950315,0.0],[-16.363794464203536,16.041041153915135,0.0],[-16.362369554573693,16.039995534862932,0.0],[-16.362690273287082,16.03904428520636,0.0],[-16.364101544503306,16.03808609970271,0.0],[-16.366494295803108,16.03712165306455,0.0],[-16.36736313892242,16.036588775302143,0.0],[-16.367896901918233,16.034897886665465,0.0],[-16.36734444397706,16.03384673195499,0.0],[-16.36385599889155,16.034053514072667,0.0],[-16.36323127192224,16.034400257022757,0.0],[-16.362150764479168,16.03588367467409,0.0],[-16.360279874045272,16.04143262215188,0.0],[-16.35855460959127,16.044343934226355,0.0],[-16.353870030754535,16.053180168198143,0.0],[-16.350238417405563,16.05647260386072,0.0],[-16.347697364582007,16.059758124985624,0.0],[-16.345638538305447,16.061774970560077,0.0],[-16.343469184558238,16.06358155561262,0.0],[-16.342810871735747,16.063005608945407,0.0],[-16.34296527959797,16.061633550737113,0.0],[-16.345621527322557,16.059243836730904,0.0],[-16.34746716386375,16.0579666122758,0.0],[-16.348388197841142,16.05706433514574,0.0],[-16.349035137752452,16.05595284447783,0.0],[-16.347511762552003,16.056489775135148,0.0],[-16.34615304170031,16.057183863264168,0.0],[-16.339430757050156,16.06318498354186,0.0],[-16.338078657860716,16.064880935440243,0.0],[-16.337974873943246,16.06567259857394,0.0],[-16.338411160660364,16.06566987140688,0.0],[-16.339714373139046,16.064817971617696,0.0],[-16.340801905370792,16.0643365551703,0.0],[-16.341786017006484,16.0646995294615,0.0],[-16.341518994224483,16.065544950585075,0.0],[-16.33754968789675,16.067336386020866,0.0],[-16.33583848128293,16.06834902375973,0.0],[-16.334184782108167,16.069809532431034,0.0],[-16.33410477867572,16.06994426915423,0.0],[-16.334050200891756,16.067859407827253,0.0],[-16.33788489311373,16.0632229022403,0.0],[-16.343718739507548,16.057596241746552,0.0],[-16.34803792220518,16.055123422122374,0.0],[-16.353339930743655,16.051072096621883,0.0],[-16.35468000725774,16.048879990523695,0.0],[-16.360030553519568,16.03871403412563,0.0],[-16.360925422922683,16.037485520282523,0.0],[-16.361165789141378,16.036304831715068,0.0],[-16.362031241727138,16.034072029059,0.0],[-16.36353881719572,16.03329817725968,0.0],[-16.36675981462336,16.032142186200872,0.0],[-16.3692388943046,16.028152167714293,0.0],[-16.369499695664427,16.0266656344495,0.0],[-16.37138548411351,16.025081375743007,0.0],[-16.37549633491622,16.023213794249475,0.0],[-16.37730144395028,16.022033137441632,0.0],[-16.377410010030122,16.020806794066207,0.0],[-16.37712879047484,16.019601808277343,0.0],[-16.377880452048107,16.018333624767976,0.0],[-16.37787657014481,16.017767966235446,0.0],[-16.37716813607451,16.016810850540907,0.0],[-16.376814912729632,16.015634260491474,0.0],[-16.377093184519982,16.015011433987365,0.0],[-16.3769259702327,16.014732721784814,0.0],[-16.376177920544933,16.014423757993022,0.0],[-16.37591326662375,16.013795936310075,0.0],[-16.376149589241365,16.013003028199748,0.0],[-16.37605205213704,16.012338162472883,0.0],[-16.376269776757557,16.011545373474988,0.0],[-16.374929597335207,16.011255341238098,0.0],[-16.374623858633854,16.009592633562296,0.0],[-16.37511885593019,16.008792799333435,0.0]],[[-16.381473214665057,16.03469220647455,0.0],[-16.382096271355792,16.034108122002674,0.0],[-16.382419612666524,16.033552334934758,0.0],[-16.382575012944766,16.032364826743102,0.0],[-16.384092274218144,16.030983967146955,0.0],[-16.384846529078136,16.02966075899944,0.0],[-16.386765764275598,16.027275349760682,0.0],[-16.386487677580234,16.026486143549555,0.0],[-16.385590032655287,16.026781977400457,0.0],[-16.38493956380749,16.027339880191636,0.0],[-16.382239319597243,16.031127750139532,0.0],[-16.38086132811692,16.03388610232232,0.0],[-16.381473214665057,16.03469220647455,0.0]],[[-16.41121907747289,15.968766568671045,0.0],[-16.409909412231045,15.968564218081998,0.0],[-16.408010852325425,15.969894981768327,0.0],[-16.40780203381543,15.971214683373377,0.0],[-16.408570686114604,15.97200065482908,0.0],[-16.40853646346113,15.97490121562176,0.0],[-16.408872007402064,15.97611188650688,0.0],[-16.410011175693874,15.975313423415642,0.0],[-16.411200409418537,15.973881826449809,0.0],[-16.412556111995862,15.972870997887211,0.0],[-16.413090101211843,15.971285492513069,0.0],[-16.413137580044744,15.970283247682838,0.0],[-16.412914368525698,15.969546446604577,0.0],[-16.416513008333965,15.965805096860821,0.0],[-16.416685428393713,15.96513161299166,0.0],[-16.41559056968747,15.96446646555444,0.0],[-16.41426730404056,15.964264229108066,0.0],[-16.41121907747289,15.968766568671045,0.0]],[[-16.412675978235388,15.95886950634962,0.0],[-16.412887160941274,15.957892553389192,0.0],[-16.41184602828127,15.957108380005185,0.0],[-16.411729264305215,15.956001743737442,0.0],[-16.414166056347895,15.953718223479328,0.0],[-16.41509446971104,15.953975793450763,0.0],[-16.417485590731463,15.95295813950184,0.0],[-16.419161836869428,15.951048705046619,0.0],[-16.41899053687418,15.94994243405691,0.0],[-16.419472524409777,15.948726393473876,0.0],[-16.421744520740212,15.946285684647606,0.0],[-16.420318570637285,15.945029488159834,0.0],[-16.418957523142993,15.945249386649504,0.0],[-16.418090320520854,15.94594062788499,0.0],[-16.417880838875277,15.947154872983777,0.0],[-16.416905361246787,15.94795228932684,0.0],[-16.414244739735956,15.949393569260685,0.0],[-16.412455387390573,15.950723642027503,0.0],[-16.4112176869146,15.95299929057179,0.0],[-16.409312640245712,15.9533808960828,0.0],[-16.406758321007047,15.954452261986013,0.0],[-16.40486463986592,15.956468495504497,0.0],[-16.401521279113336,15.961658169466778,0.0],[-16.398468932032213,15.961678015389985,0.0],[-16.397441357943862,15.962844827343893,0.0],[-16.396582044241754,15.964696081415024,0.0],[-16.396645689637207,15.96601401009047,0.0],[-16.395463692949296,15.968500158272752,0.0],[-16.39384486840546,15.970883663801317,0.0],[-16.392613408321207,15.974108392084672,0.0],[-16.392810757900296,15.9750563212148,0.0],[-16.394062661814417,15.974784545254547,0.0],[-16.394880857882168,15.974858343047908,0.0],[-16.39593849965128,15.974086846194574,0.0],[-16.397967601968805,15.971911595120655,0.0],[-16.400234617178782,15.968680108474022,0.0],[-16.400830355699256,15.968122529595966,0.0],[-16.40126091706482,15.967328723591988,0.0],[-16.401577324462583,15.965797390310252,0.0],[-16.403044981130193,15.965207760891845,0.0],[-16.405232107146155,15.962266786077738,0.0],[-16.407800708776573,15.959323299510087,0.0],[-16.40786294917576,15.960430295522821,0.0],[-16.406319287736103,15.961837820018829,0.0],[-16.401405440201593,15.968514287807647,0.0],[-16.397727435140382,15.972651425684784,0.0],[-16.397518913021045,15.974023853830628,0.0],[-16.398661050425737,15.973647297707556,0.0],[-16.400551644823448,15.971156523430553,0.0],[-16.402071281843813,15.970197424819604,0.0],[-16.403599355449945,15.970451132120074,0.0],[-16.405561660173216,15.970438325403727,0.0],[-16.4070812651711,15.96947919368871,0.0],[-16.407886724863136,15.967733723154739,0.0],[-16.407923543861443,15.965202277200804,0.0],[-16.406982933151642,15.963204554916102,0.0],[-16.40820103686948,15.96201008862119,0.0],[-16.409567746120103,15.962581213561812,0.0],[-16.410538892568244,15.961151051510624,0.0],[-16.412675978235388,15.95886950634962,0.0]],[[-16.415996373876073,15.954339000173178,0.0],[-16.414881635142052,15.954715458548169,0.0],[-16.414369211217867,15.955483457605299,0.0],[-16.41437642511326,15.95651171081899,0.0],[-16.414872701733945,15.957325818224028,0.0],[-16.415937579750732,15.957608853294497,0.0],[-16.416477995364403,15.95694613323372,0.0],[-16.417967968100125,15.955670729969897,0.0],[-16.41940620219562,15.954791158120576,0.0],[-16.419754907714008,15.95399786105228,0.0],[-16.4193971074761,15.95349925283579,0.0],[-16.418252903879736,15.953559522238766,0.0],[-16.417439056997683,15.954092211957756,0.0],[-16.415996373876073,15.954339000173178,0.0]],[[-16.411304374037748,15.961488802834953,0.0],[-16.41171667731558,15.961987067257008,0.0],[-16.41137014387725,15.963096740222808,0.0],[-16.409774935159966,15.964926494112976,0.0],[-16.410434369776436,15.965686809058463,0.0],[-16.412112630680074,15.964041072473838,0.0],[-16.412649193636003,15.96282468513423,0.0],[-16.413706700593398,15.962053110629759,0.0],[-16.413890627364697,15.961076336021097,0.0],[-16.413450143802624,15.96044642756148,0.0],[-16.413474992791997,15.960103497606157,0.0],[-16.412220627930594,15.960006260719473,0.0],[-16.411787169778947,15.96037823668187,0.0],[-16.411304374037748,15.961488802834953,0.0]],[[-16.41182053179666,15.97680445802767,0.0],[-16.413450648818536,15.976055488426839,0.0],[-16.41462541316938,15.972567371315732,0.0],[-16.414456331341864,15.971777483454773,0.0],[-16.415159755562087,15.971034592983798,0.0],[-16.416354118800847,15.9703412034801,0.0],[-16.41662220907683,15.969706639933875,0.0],[-16.415907303819672,15.96881487866753,0.0],[-16.414493804617706,15.96935150562163,0.0],[-16.413712137009398,15.970595874186692,0.0],[-16.41345014268602,15.972100494388659,0.0],[-16.412779511947985,15.973634164367645,0.0],[-16.411449212372226,15.974381161256279,0.0],[-16.411021266995437,15.975544101545875,0.0],[-16.4113277236983,15.976491291478716,0.0],[-16.41182053179666,15.97680445802767,0.0]],[[-16.39239311384985,16.021016350843947,0.0],[-16.391896378965356,16.020149470357197,0.0],[-16.390695428332524,16.019946321514464,0.0],[-16.39012458821958,16.02018732053637,0.0],[-16.389964854985607,16.020742057218747,0.0],[-16.391066266140893,16.022316926317426,0.0],[-16.391318198244676,16.02326449606579,0.0],[-16.39173096067869,16.023815521024932,0.0],[-16.392355234182084,16.023415970054785,0.0],[-16.392376277099338,16.022519364377107,0.0],[-16.39341056404253,16.02227535037163,0.0],[-16.39340745261239,16.02182713613836,0.0],[-16.39239311384985,16.021016350843947,0.0]],[[-16.3865188858345,16.023110992637857,0.0],[-16.3866055885858,16.023822335815044,0.0],[-16.38728877060123,16.024055221051917,0.0],[-16.387913237070908,16.023682047862213,0.0],[-16.388509527556643,16.023177221452922,0.0],[-16.388668719048088,16.022543388720116,0.0],[-16.38828414060903,16.02212400858038,0.0],[-16.387414143904486,16.022472403286347,0.0],[-16.3865188858345,16.023110992637857,0.0]],[[-16.387984631731534,16.030062344916203,0.0],[-16.3877979890831,16.030669988159538,0.0],[-16.38785689194097,16.031302409378366,0.0],[-16.387371087045832,16.032017454964976,0.0],[-16.387077759897245,16.032968555805983,0.0],[-16.387790061546124,16.03346491621955,0.0],[-16.388088312072473,16.03322568521871,0.0],[-16.388573204262393,16.032378810195958,0.0],[-16.389687326305108,16.031844259276003,0.0],[-16.38987323320026,16.031131152575913,0.0],[-16.390851031820237,16.030597479593332,0.0],[-16.39101003687076,16.0299372801157,0.0],[-16.39075992277085,16.02925336667945,0.0],[-16.390783895377208,16.028778609925855,0.0],[-16.38955800445974,16.028918388008524,0.0],[-16.38915345065411,16.029553810312297,0.0],[-16.387984631731534,16.030062344916203,0.0]],[[-16.384610447033285,16.03100698960411,0.0],[-16.382741498241426,16.032785622402606,0.0],[-16.38329148450479,16.033467612664797,0.0],[-16.384163537258246,16.033409252525363,0.0],[-16.385194797260908,16.032717057805925,0.0],[-16.3861640546561,16.030944221393078,0.0],[-16.387002269804015,16.02993686537607,0.0],[-16.387184721716466,16.028722813942764,0.0],[-16.387429353448507,16.02861576479963,0.0],[-16.386744515308102,16.028145590918555,0.0],[-16.38603970330804,16.028730215146762,0.0],[-16.384610447033285,16.03100698960411,0.0]]]}},{"type":"Feature","properties":{"Categorie":"Risque moyen","Code":"IC3 (0,5-1,0m.)"},"geometry":{"type":"Polygon","coordinates":[[[-16.37458997714746,16.02264370961867,0.0],[-16.373317375130775,16.022878017212708,0.0],[-16.374762133984625,16.019305510535762,0.0],[-16.375092606580488,16.018122507219868,0.0],[-16.37469034076667,16.01742797384351,0.0],[-16.37304399056988,16.01776573304818,0.0],[-16.37181456335734,16.01881214813894,0.0],[-16.371203471620383,16.019854718632768,0.0],[-16.370689718443792,16.02007144432732,0.0],[-16.370334867514746,16.019846044635514,0.0],[-16.370329623357,16.019077744351957,0.0],[-16.371030420800725,16.018248048105345,0.0],[-16.371432931594256,16.016776811039026,0.0],[-16.37251264281408,16.01536135614095,0.0],[-16.372955581917438,16.013409303683474,0.0],[-16.374382244509402,16.01299462094484,0.0],[-16.374929597335207,16.011255341238098,0.0],[-16.376269776757557,16.011545373474988,0.0],[-16.37605205213704,16.012338162472883,0.0],[-16.376149589241365,16.013003028199748,0.0],[-16.37591326662375,16.013795936310075,0.0],[-16.376177920544933,16.014423757993022,0.0],[-16.3769259702327,16.014732721784814,0.0],[-16.377093184519982,16.015011433987365,0.0],[-16.376814912729632,16.015634260491474,0.0],[-16.37716813607451,16.016810850540907,0.0],[-16.37791711343503,16.01799397917736,0.0],[-16.377880452048107,16.018333624767976,0.0],[-16.37712879047484,16.019601808277343,0.0],[-16.377410010030122,16.020806794066207,0.0],[-16.37730144395028,16.022033137441632,0.0],[-16.376933479482467,16.02239376529648,0.0],[-16.37549633491622,16.023213794249475,0.0],[-16.37458997714746,16.02264370961867,0.0]]]}},{"type":"Feature","properties":{"Categorie":"Risque moyen","Code":"IC3 (0,5-1,0m.)"},"geometry":{"type":"Polygon","coordinates":[[[-16.394059216407374,15.987452170124653,0.0],[-16.39494219870044,15.986762009834177,0.0],[-16.39549323501034,15.98666118397704,0.0],[-16.395586222640887,15.986318733861316,0.0],[-16.395888299752215,15.986050856752849,0.0],[-16.396267552908757,15.986052735465451,0.0],[-16.398101308702024,15.984890727884071,0.0],[-16.398904556028477,15.98474990691276,0.0],[-16.40051596908992,15.985423438496042,0.0],[-16.40141244262823,15.98659622233167,0.0],[-16.40210188965681,15.98709175132548,0.0],[-16.404125661530696,15.987502072361496,0.0],[-16.404733923925605,15.987460983388392,0.0],[-16.405472814483613,15.987826772864297,0.0],[-16.405622113297095,15.988324755969503,0.0],[-16.405035670597464,15.98872476889494,0.0],[-16.403128679502494,15.988960073706522,0.0],[-16.402685802322537,15.989742937863738,0.0],[-16.402697284667884,15.991389479456517,0.0],[-16.40222558909126,15.991714450873792,0.0],[-16.400726908058488,15.99172422179675,0.0],[-16.39719838052977,15.990166372248627,0.0],[-16.396387583525254,15.990341067193887,0.0],[-16.395788563748745,15.990778279562921,0.0],[-16.395447084418777,15.99264129191528,0.0],[-16.39545825962168,15.994251800264685,0.0],[-16.395120677005963,15.995480510979394,0.0],[-16.39473818562711,15.99578033174101,0.0],[-16.391264427744936,15.995802847644377,0.0],[-16.391259029662233,15.995118144032729,0.0],[-16.391562460601108,15.994413339490873,0.0],[-16.392506788986456,15.994271728111512,0.0],[-16.392953297597206,15.993487536717634,0.0],[-16.393099569831758,15.992396346353175,0.0],[-16.39207956248551,15.991337491532661,0.0],[-16.391682206433263,15.99134006436868,0.0],[-16.390706692267077,15.993006518501875,0.0],[-16.389577758384352,15.992877538959917,0.0],[-16.389185011546164,15.993549090427214,0.0],[-16.38904837805059,15.994181817802138,0.0],[-16.388236049796994,15.995351642709874,0.0],[-16.388248076569507,15.997093561721261,0.0],[-16.387788184013,15.99765945165808,0.0],[-16.387084476369353,15.997924343628124,0.0],[-16.386481593113256,15.997928234357445,0.0],[-16.385505776767474,15.999712778310235,0.0],[-16.38343979679731,15.99955953052015,0.0],[-16.382840660066453,16.000108885675886,0.0],[-16.38307735121902,16.00095039868,0.0],[-16.382477015843925,16.00132619374105,0.0],[-16.381285083453097,16.001482631136202,0.0],[-16.379900617284132,16.003778335196788,0.0],[-16.38002382773706,16.00403130118598,0.0],[-16.379787435318562,16.00483393332637,0.0],[-16.38048440111556,16.005151202305715,0.0],[-16.38056149902751,16.005546403193087,0.0],[-16.379728430969617,16.006091341927135,0.0],[-16.379471187773234,16.006542649501444,0.0],[-16.37839835098158,16.00737690333061,0.0],[-16.377249274097288,16.007941848135143,0.0],[-16.376947053615577,16.008311295430808,0.0],[-16.37658280483845,16.0083777907061,0.0],[-16.376402027520022,16.00913437115732,0.0],[-16.376710276149268,16.010697197367485,0.0],[-16.376269776757557,16.011545373474988,0.0],[-16.374929597335207,16.011255341238098,0.0],[-16.374623858633854,16.009592633562296,0.0],[-16.37511885593019,16.008792799333435,0.0],[-16.375732793226245,16.008424757011568,0.0],[-16.377344575351284,16.006371540714074,0.0],[-16.377636126486344,16.00486545167586,0.0],[-16.378409985387787,16.002861824799403,0.0],[-16.37975435683881,16.00202530802305,0.0],[-16.380630283707905,16.00044201841639,0.0],[-16.381682445283264,15.999326701850777,0.0],[-16.382382916980387,15.997736423869846,0.0],[-16.38237471557871,15.996543591189525,0.0],[-16.38267240077666,15.995503234903957,0.0],[-16.383465395673557,15.99469824494371,0.0],[-16.38394870532558,15.993829066759561,0.0],[-16.384289924644456,15.994641580174976,0.0],[-16.384930209190696,15.994637455309055,0.0],[-16.386978722998062,15.991787174581168,0.0],[-16.388101187571195,15.99089459415753,0.0],[-16.38851756138183,15.990837577737105,0.0],[-16.389109037803717,15.990410112183605,0.0],[-16.389323531846607,15.990086944420229,0.0],[-16.389369175495514,15.989744221919183,0.0],[-16.389097618760655,15.989153251981453,0.0],[-16.388197369117947,15.988385276790234,0.0],[-16.38730860788094,15.987211229016065,0.0],[-16.38666975734813,15.985784796880225,0.0],[-16.386579678883137,15.984932994853967,0.0],[-16.38712131838983,15.983872515718202,0.0],[-16.387819458905092,15.983375097357982,0.0],[-16.389180882627922,15.983151962310941,0.0],[-16.39033755235452,15.983224422174779,0.0],[-16.39115698397583,15.983600637956808,0.0],[-16.391596980681598,15.984066279198592,0.0],[-16.39171248555092,15.984429743792141,0.0],[-16.39110326263547,15.986271140351716,0.0],[-16.39145424886314,15.987673589858975,0.0],[-16.392308203761658,15.987944021541344,0.0],[-16.392781374212408,15.987925204358332,0.0],[-16.394059216407374,15.987452170124653,0.0]]]}},{"type":"Feature","properties":{"Categorie":"Risque moyen","Code":"IC3 (0,5-1,0m.)"},"geometry":{"type":"Polygon","coordinates":[[[-16.378843405369278,15.980870387843794,0.0],[-16.381627081354495,15.977783848671907,0.0],[-16.381191818566798,15.980144964343284,0.0],[-16.38238478188107,15.982932345820316,0.0],[-16.384257676066525,15.986108394479047,0.0],[-16.382543321821732,15.986294114082689,0.0],[-16.379653362324618,15.986225330806576,0.0],[-16.37536535813557,15.986383818549966,0.0],[-16.378843405369278,15.980870387843794,0.0]]]}},{"type":"Feature","properties":{"Categorie":"Risque moyen","Code":"IC3 (0,5-1,0m.)"},"geometry":{"type":"Polygon","coordinates":[[[-16.397514538547924,15.951172079003738,0.0],[-16.397005222749023,15.950668645952666,0.0],[-16.39829611903828,15.94818178786698,0.0],[-16.4017187868399,15.946577541361632,0.0],[-16.404062007952923,15.946509553849694,0.0],[-16.40696238172121,15.948178111255634,0.0],[-16.408074992221284,15.950841285916766,0.0],[-16.406087101551577,15.950592234559718,0.0],[-16.398863833668972,15.95046456360717,0.0],[-16.397514538547924,15.951172079003738,0.0]]]}},{"type":"Feature","properties":{"Categorie":"Risque moyen","Code":"IC3 (0,5-1,0m.)"},"geometry":{"type":"Polygon","coordinates":[[[-16.397740501496752,15.95772147887665,0.0],[-16.39423079135338,15.959360109807392,0.0],[-16.393603964883592,15.96010659933955,0.0],[-16.393610306243772,15.961023680386429,0.0],[-16.393794189907467,15.961502887442096,0.0],[-16.39478607076015,15.961321774892332,0.0],[-16.395554969416146,15.961535155186684,0.0],[-16.39565069417338,15.962320638725242,0.0],[-16.395428317580862,15.962802476917483,0.0],[-16.39376052684676,15.963162659243991,0.0],[-16.39213485299176,15.963085831808348,0.0],[-16.391143563147143,15.963354274113595,0.0],[-16.39069667488507,15.96401224886506,0.0],[-16.389245764522457,15.963638609501976,0.0],[-16.38934859774769,15.96274147113165,0.0],[-16.39092383306194,15.961940293937309,0.0],[-16.39173196225276,15.960563993903186,0.0],[-16.39210075757678,15.958715927891392,0.0],[-16.393349282607307,15.957969581060082,0.0],[-16.395609303291742,15.953736249607102,0.0],[-16.397514538547924,15.951172079003738,0.0],[-16.398652379557934,15.952518540809185,0.0],[-16.40037339858897,15.953337136214934,0.0],[-16.40056517643044,15.954951768048936,0.0],[-16.397740501496752,15.95772147887665,0.0]]]}}]}