{"type":"FeatureCollection","name":"transport-piste.geojson","features":[{"type":"Feature","properties":{"full_id":"w137152691","Type de vo":"piste rurale","Ruines":null,"Niveau":null,"Pont":null,"Abandonné":null,"État de s":null,"Moto autor":null,"motorcar":null,"Véhicule ":null,"Accès":null,"Praticabil":null,"surface":null,"Sens uniqu":null,"Type de pi":"grade3"},"geometry":{"type":"LineString","coordinates":[[-16.4206106,15.9055707],[-16.4226716,15.9061748],[-16.4241157,15.9069868]]}},{"type":"Feature","properties":{"full_id":"w217887427","Type de vo":"piste rurale","Ruines":null,"Niveau":null,"Pont":null,"Abandonné":null,"État de s":null,"Moto autor":"oui","motorcar":"oui","Véhicule ":"oui","Accès":"agricole","Praticabil":null,"surface":"Sol naturel","Sens uniqu":null,"Type de pi":null},"geometry":{"type":"LineString","coordinates":[[-16.3557971,16.0750302],[-16.3501964,16.074433],[-16.3499953,16.0758228]]}},{"type":"Feature","properties":{"full_id":"w217887429","Type de vo":"piste rurale","Ruines":null,"Niveau":null,"Pont":null,"Abandonné":null,"État de s":null,"Moto autor":"oui","motorcar":"oui","Véhicule ":"oui","Accès":"agricole","Praticabil":null,"surface":"Sol naturel","Sens uniqu":null,"Type de pi":null},"geometry":{"type":"LineString","coordinates":[[-16.3799893,16.0833345],[-16.3810911,16.0835465],[-16.3813173,16.0830092],[-16.383777,16.0836397],[-16.3839677,16.0834223],[-16.3839412,16.0829729],[-16.384203,16.0822696]]}},{"type":"Feature","properties":{"full_id":"w217887431","Type de vo":"piste rurale","Ruines":null,"Niveau":null,"Pont":null,"Abandonné":null,"État de s":null,"Moto autor":"oui","motorcar":"oui","Véhicule ":"oui","Accès":"agricole","Praticabil":null,"surface":"Sol naturel","Sens uniqu":null,"Type de pi":null},"geometry":{"type":"LineString","coordinates":[[-16.3552166,16.0749841],[-16.3544455,16.0806165],[-16.3494266,16.0799752],[-16.3499953,16.0758228]]}},{"type":"Feature","properties":{"full_id":"w217887433","Type de vo":"piste rurale","Ruines":null,"Niveau":null,"Pont":null,"Abandonné":null,"État de s":null,"Moto autor":"oui","motorcar":"oui","Véhicule ":"oui","Accès":"agricole","Praticabil":null,"surface":"Sol naturel","Sens uniqu":null,"Type de pi":null},"geometry":{"type":"LineString","coordinates":[[-16.3796314,16.0840846],[-16.3823193,16.0848695]]}},{"type":"Feature","properties":{"full_id":"w217887434","Type de vo":"piste rurale","Ruines":null,"Niveau":null,"Pont":null,"Abandonné":null,"État de s":null,"Moto autor":"oui","motorcar":"oui","Véhicule ":"oui","Accès":"agricole","Praticabil":null,"surface":"Sol naturel","Sens uniqu":null,"Type de pi":null},"geometry":{"type":"LineString","coordinates":[[-16.3789772,16.0855062],[-16.3814111,16.0861863]]}},{"type":"Feature","properties":{"full_id":"w217887435","Type de vo":"piste rurale","Ruines":null,"Niveau":null,"Pont":null,"Abandonné":null,"État de s":null,"Moto autor":"oui","motorcar":"oui","Véhicule ":"oui","Accès":"agricole","Praticabil":null,"surface":"Sol naturel","Sens uniqu":null,"Type de pi":null},"geometry":{"type":"LineString","coordinates":[[-16.3797294,16.0839577],[-16.3782396,16.0835031]]}},{"type":"Feature","properties":{"full_id":"w217887437","Type de vo":"piste rurale","Ruines":null,"Niveau":null,"Pont":null,"Abandonné":null,"État de s":null,"Moto autor":"oui","motorcar":"oui","Véhicule ":"oui","Accès":"agricole","Praticabil":null,"surface":"Sol naturel","Sens uniqu":null,"Type de pi":null},"geometry":{"type":"LineString","coordinates":[[-16.3551648,16.0777915],[-16.3550917,16.0768955],[-16.3553019,16.0759117],[-16.3561698,16.074412],[-16.3584137,16.0733391],[-16.3603248,16.0731206],[-16.3628662,16.0735598],[-16.3667058,16.073024],[-16.3683879,16.0737004],[-16.369407,16.0747419]]}},{"type":"Feature","properties":{"full_id":"w217887438","Type de vo":"piste rurale","Ruines":null,"Niveau":null,"Pont":null,"Abandonné":null,"État de s":null,"Moto autor":"oui","motorcar":"oui","Véhicule ":"oui","Accès":"agricole","Praticabil":null,"surface":"Sol naturel","Sens uniqu":null,"Type de pi":null},"geometry":{"type":"LineString","coordinates":[[-16.3806353,16.0813415],[-16.384203,16.0822696]]}},{"type":"Feature","properties":{"full_id":"w217887440","Type de vo":"piste rurale","Ruines":null,"Niveau":null,"Pont":null,"Abandonné":null,"État de s":null,"Moto autor":"oui","motorcar":"oui","Véhicule ":"oui","Accès":"agricole","Praticabil":null,"surface":"Sol naturel","Sens uniqu":null,"Type de pi":null},"geometry":{"type":"LineString","coordinates":[[-16.3813173,16.0830092],[-16.3817683,16.0816452]]}},{"type":"Feature","properties":{"full_id":"w217887441","Type de vo":"piste rurale","Ruines":null,"Niveau":null,"Pont":null,"Abandonné":null,"État de s":null,"Moto autor":"oui","motorcar":"oui","Véhicule ":"oui","Accès":"agricole","Praticabil":null,"surface":"Sol naturel","Sens uniqu":null,"Type de pi":null},"geometry":{"type":"LineString","coordinates":[[-16.3546933,16.0792045],[-16.3496124,16.0785772]]}},{"type":"Feature","properties":{"full_id":"w217887442","Type de vo":"piste rurale","Ruines":null,"Niveau":null,"Pont":null,"Abandonné":null,"État de s":null,"Moto autor":"oui","motorcar":"oui","Véhicule ":"oui","Accès":"agricole","Praticabil":null,"surface":"Sol naturel","Sens uniqu":null,"Type de pi":null},"geometry":{"type":"LineString","coordinates":[[-16.3551747,16.0764388],[-16.3499953,16.0758228]]}},{"type":"Feature","properties":{"full_id":"w217887443","Type de vo":"piste rurale","Ruines":null,"Niveau":null,"Pont":null,"Abandonné":null,"État de s":null,"Moto autor":"oui","motorcar":"oui","Véhicule ":"oui","Accès":"agricole","Praticabil":null,"surface":"Sol naturel","Sens uniqu":null,"Type de pi":null},"geometry":{"type":"LineString","coordinates":[[-16.3803085,16.0822897],[-16.3805151,16.0826263],[-16.3813173,16.0830092]]}},{"type":"Feature","properties":{"full_id":"w217887444","Type de vo":"piste rurale","Ruines":null,"Niveau":null,"Pont":null,"Abandonné":null,"État de s":null,"Moto autor":"oui","motorcar":"oui","Véhicule ":"oui","Accès":"agricole","Praticabil":null,"surface":"Sol naturel","Sens uniqu":null,"Type de pi":null},"geometry":{"type":"LineString","coordinates":[[-16.3551648,16.0777915],[-16.3498012,16.0772143]]}},{"type":"Feature","properties":{"full_id":"w217888233","Type de vo":"piste rurale","Ruines":null,"Niveau":null,"Pont":null,"Abandonné":null,"État de s":null,"Moto autor":"oui","motorcar":"oui","Véhicule ":"oui","Accès":"agricole","Praticabil":null,"surface":"Sol naturel","Sens uniqu":null,"Type de pi":null},"geometry":{"type":"LineString","coordinates":[[-16.3554174,16.0906282],[-16.3539533,16.0881425],[-16.3534412,16.0877255],[-16.3514862,16.0843305],[-16.3513948,16.0836453],[-16.3527005,16.0747591]]}},{"type":"Feature","properties":{"full_id":"w229896438","Type de vo":"piste rurale","Ruines":null,"Niveau":null,"Pont":null,"Abandonné":null,"État de s":null,"Moto autor":null,"motorcar":null,"Véhicule ":null,"Accès":null,"Praticabil":null,"surface":null,"Sens uniqu":null,"Type de pi":"grade3"},"geometry":{"type":"LineString","coordinates":[[-16.3651046,16.038972],[-16.362255,16.0384441],[-16.3615474,16.0387447],[-16.3604499,16.0399212],[-16.3587653,16.0429994],[-16.3578687,16.0451717],[-16.3567105,16.0472541],[-16.3561595,16.0493096],[-16.3556925,16.0496058],[-16.3537498,16.0526038],[-16.3520405,16.05325],[-16.3513961,16.053268],[-16.3485194,16.0539771],[-16.3459789,16.0561492],[-16.3441109,16.0582854],[-16.3433263,16.0594253],[-16.3424297,16.0597484],[-16.3404776,16.0618397],[-16.3394502,16.0634552],[-16.3362829,16.0647696],[-16.3356513,16.0655164],[-16.3346905,16.0676462]]}},{"type":"Feature","properties":{"full_id":"w231499511","Type de vo":"piste rurale","Ruines":null,"Niveau":null,"Pont":null,"Abandonné":null,"État de s":null,"Moto autor":null,"motorcar":null,"Véhicule ":null,"Accès":null,"Praticabil":null,"surface":null,"Sens uniqu":null,"Type de pi":null},"geometry":{"type":"LineString","coordinates":[[-16.4694908,15.9208548],[-16.4683489,15.9201778],[-16.4672688,15.9204322]]}},{"type":"Feature","properties":{"full_id":"w357624717","Type de vo":"piste rurale","Ruines":null,"Niveau":null,"Pont":null,"Abandonné":null,"État de s":null,"Moto autor":null,"motorcar":null,"Véhicule ":null,"Accès":null,"Praticabil":null,"surface":"Sable","Sens uniqu":null,"Type de pi":"grade2"},"geometry":{"type":"LineString","coordinates":[[-16.5114128,15.9850255],[-16.5117176,15.985228],[-16.5111288,15.9873167]]}},{"type":"Feature","properties":{"full_id":"w357704749","Type de vo":"piste rurale","Ruines":null,"Niveau":null,"Pont":null,"Abandonné":null,"État de s":null,"Moto autor":null,"motorcar":null,"Véhicule ":null,"Accès":null,"Praticabil":null,"surface":null,"Sens uniqu":null,"Type de pi":"grade3"},"geometry":{"type":"LineString","coordinates":[[-16.414894,16.069042],[-16.4162222,16.0654584],[-16.4166191,16.0637882],[-16.4166467,16.0604048]]}},{"type":"Feature","properties":{"full_id":"w357704750","Type de vo":"piste rurale","Ruines":null,"Niveau":null,"Pont":null,"Abandonné":null,"État de s":null,"Moto autor":null,"motorcar":null,"Véhicule ":null,"Accès":null,"Praticabil":null,"surface":null,"Sens uniqu":null,"Type de pi":"grade3"},"geometry":{"type":"LineString","coordinates":[[-16.4165771,16.0639051],[-16.4136064,16.0632792]]}},{"type":"Feature","properties":{"full_id":"w357705798","Type de vo":"piste rurale","Ruines":null,"Niveau":null,"Pont":null,"Abandonné":null,"État de s":null,"Moto autor":null,"motorcar":null,"Véhicule ":null,"Accès":null,"Praticabil":null,"surface":null,"Sens uniqu":null,"Type de pi":"grade3"},"geometry":{"type":"LineString","coordinates":[[-16.4171255,16.0699647],[-16.4180857,16.0653902],[-16.4163034,16.0651956]]}},{"type":"Feature","properties":{"full_id":"w357718453","Type de vo":"piste rurale","Ruines":null,"Niveau":null,"Pont":null,"Abandonné":null,"État de s":null,"Moto autor":null,"motorcar":null,"Véhicule ":null,"Accès":null,"Praticabil":null,"surface":null,"Sens uniqu":null,"Type de pi":"grade3"},"geometry":{"type":"LineString","coordinates":[[-16.3461436,16.1172544],[-16.3488274,16.1188608]]}},{"type":"Feature","properties":{"full_id":"w357718459","Type de vo":"piste rurale","Ruines":null,"Niveau":null,"Pont":null,"Abandonné":null,"État de s":null,"Moto autor":null,"motorcar":null,"Véhicule ":null,"Accès":null,"Praticabil":null,"surface":null,"Sens uniqu":null,"Type de pi":"grade3"},"geometry":{"type":"LineString","coordinates":[[-16.33476108371964,16.135207468402594],[-16.3367182,16.132684],[-16.3371956,16.1297158],[-16.3391966,16.127335],[-16.3397384,16.126227],[-16.3410956,16.124413],[-16.3413048,16.1243512],[-16.3421953,16.1249696],[-16.3426083,16.1249593],[-16.3464547,16.1187798],[-16.3468592,16.1176827]]}},{"type":"Feature","properties":{"full_id":"w357718465","Type de vo":"piste rurale","Ruines":null,"Niveau":null,"Pont":null,"Abandonné":null,"État de s":null,"Moto autor":null,"motorcar":null,"Véhicule ":null,"Accès":null,"Praticabil":null,"surface":null,"Sens uniqu":null,"Type de pi":"grade3"},"geometry":{"type":"LineString","coordinates":[[-16.3583637,16.0933713],[-16.3572136,16.0925404],[-16.3553166,16.0906864]]}},{"type":"Feature","properties":{"full_id":"w357718473","Type de vo":"piste rurale","Ruines":null,"Niveau":null,"Pont":null,"Abandonné":null,"État de s":null,"Moto autor":null,"motorcar":null,"Véhicule ":null,"Accès":null,"Praticabil":null,"surface":null,"Sens uniqu":null,"Type de pi":"grade3"},"geometry":{"type":"LineString","coordinates":[[-16.3481606,16.1228202],[-16.3488274,16.1188608],[-16.3492227,16.1141725],[-16.3489867,16.113049],[-16.3475796,16.1124623]]}},{"type":"Feature","properties":{"full_id":"w357723502","Type de vo":"piste rurale","Ruines":null,"Niveau":null,"Pont":null,"Abandonné":null,"État de s":null,"Moto autor":null,"motorcar":null,"Véhicule ":null,"Accès":null,"Praticabil":null,"surface":null,"Sens uniqu":null,"Type de pi":"grade2"},"geometry":{"type":"LineString","coordinates":[[-16.3672609,16.0846404],[-16.3696897,16.0855587]]}},{"type":"Feature","properties":{"full_id":"w358313167","Type de vo":"piste rurale","Ruines":null,"Niveau":null,"Pont":null,"Abandonné":null,"État de s":null,"Moto autor":null,"motorcar":null,"Véhicule ":null,"Accès":null,"Praticabil":null,"surface":null,"Sens uniqu":null,"Type de pi":"grade3"},"geometry":{"type":"LineString","coordinates":[[-16.4109083,15.9309435],[-16.411371,15.9286906]]}},{"type":"Feature","properties":{"full_id":"w358313169","Type de vo":"piste rurale","Ruines":null,"Niveau":null,"Pont":null,"Abandonné":null,"État de s":null,"Moto autor":null,"motorcar":null,"Véhicule ":null,"Accès":null,"Praticabil":null,"surface":null,"Sens uniqu":null,"Type de pi":"grade3"},"geometry":{"type":"LineString","coordinates":[[-16.4127429,15.931774],[-16.4109083,15.9309435]]}},{"type":"Feature","properties":{"full_id":"w358313172","Type de vo":"piste rurale","Ruines":null,"Niveau":null,"Pont":null,"Abandonné":null,"État de s":null,"Moto autor":null,"motorcar":null,"Véhicule ":null,"Accès":null,"Praticabil":null,"surface":null,"Sens uniqu":null,"Type de pi":"grade3"},"geometry":{"type":"LineString","coordinates":[[-16.4109083,15.9309435],[-16.4092209,15.931308],[-16.4087625,15.9315729]]}},{"type":"Feature","properties":{"full_id":"w358313175","Type de vo":"piste rurale","Ruines":null,"Niveau":null,"Pont":null,"Abandonné":null,"État de s":null,"Moto autor":null,"motorcar":null,"Véhicule ":null,"Accès":null,"Praticabil":null,"surface":null,"Sens uniqu":null,"Type de pi":"grade2"},"geometry":{"type":"LineString","coordinates":[[-16.4158889,15.9196497],[-16.4172729,15.9178029],[-16.4180428,15.9172809]]}},{"type":"Feature","properties":{"full_id":"w358313178","Type de vo":"piste rurale","Ruines":null,"Niveau":null,"Pont":null,"Abandonné":null,"État de s":null,"Moto autor":null,"motorcar":null,"Véhicule ":null,"Accès":null,"Praticabil":null,"surface":null,"Sens uniqu":null,"Type de pi":"grade3"},"geometry":{"type":"LineString","coordinates":[[-16.411371,15.9286906],[-16.410463,15.9280651]]}},{"type":"Feature","properties":{"full_id":"w358361512","Type de vo":"piste rurale","Ruines":null,"Niveau":null,"Pont":null,"Abandonné":null,"État de s":null,"Moto autor":null,"motorcar":null,"Véhicule ":null,"Accès":null,"Praticabil":null,"surface":null,"Sens uniqu":null,"Type de pi":"grade3"},"geometry":{"type":"LineString","coordinates":[[-16.4269615,16.0553721],[-16.4273799,16.05497]]}},{"type":"Feature","properties":{"full_id":"w358361513","Type de vo":"piste rurale","Ruines":null,"Niveau":null,"Pont":null,"Abandonné":null,"État de s":null,"Moto autor":null,"motorcar":null,"Véhicule ":null,"Accès":null,"Praticabil":null,"surface":null,"Sens uniqu":null,"Type de pi":"grade3"},"geometry":{"type":"LineString","coordinates":[[-16.4271645,16.0551922],[-16.4276937,16.056284]]}},{"type":"Feature","properties":{"full_id":"w358361515","Type de vo":"piste rurale","Ruines":null,"Niveau":null,"Pont":null,"Abandonné":null,"État de s":null,"Moto autor":null,"motorcar":null,"Véhicule ":null,"Accès":null,"Praticabil":null,"surface":null,"Sens uniqu":null,"Type de pi":"grade3"},"geometry":{"type":"LineString","coordinates":[[-16.4273799,16.05497],[-16.428015,16.0555749]]}},{"type":"Feature","properties":{"full_id":"w358361516","Type de vo":"piste rurale","Ruines":null,"Niveau":null,"Pont":null,"Abandonné":null,"État de s":null,"Moto autor":null,"motorcar":null,"Véhicule ":null,"Accès":null,"Praticabil":null,"surface":null,"Sens uniqu":null,"Type de pi":"grade3"},"geometry":{"type":"LineString","coordinates":[[-16.4266929,16.0552837],[-16.4269615,16.0553721]]}},{"type":"Feature","properties":{"full_id":"w358362339","Type de vo":"piste rurale","Ruines":null,"Niveau":null,"Pont":null,"Abandonné":null,"État de s":null,"Moto autor":null,"motorcar":null,"Véhicule ":null,"Accès":null,"Praticabil":null,"surface":null,"Sens uniqu":null,"Type de pi":"grade2"},"geometry":{"type":"LineString","coordinates":[[-16.4039183,16.0633926],[-16.4060496,16.0584767],[-16.406493,16.05783]]}},{"type":"Feature","properties":{"full_id":"w358363069","Type de vo":"piste rurale","Ruines":null,"Niveau":null,"Pont":null,"Abandonné":null,"État de s":null,"Moto autor":null,"motorcar":null,"Véhicule ":null,"Accès":null,"Praticabil":null,"surface":null,"Sens uniqu":null,"Type de pi":"grade4"},"geometry":{"type":"LineString","coordinates":[[-16.3574726,16.0178891],[-16.3564614,16.0174406],[-16.3552088,16.0163536],[-16.3532428,16.015244]]}},{"type":"Feature","properties":{"full_id":"w358371614","Type de vo":"piste rurale","Ruines":null,"Niveau":null,"Pont":null,"Abandonné":null,"État de s":null,"Moto autor":null,"motorcar":null,"Véhicule ":null,"Accès":null,"Praticabil":null,"surface":null,"Sens uniqu":null,"Type de pi":"grade3"},"geometry":{"type":"LineString","coordinates":[[-16.4056665,15.9857442],[-16.4091078,15.9785284],[-16.411664,15.9766058],[-16.4130346,15.9758879]]}},{"type":"Feature","properties":{"full_id":"w358376332","Type de vo":"piste rurale","Ruines":null,"Niveau":null,"Pont":null,"Abandonné":null,"État de s":null,"Moto autor":null,"motorcar":null,"Véhicule ":null,"Accès":null,"Praticabil":null,"surface":"Non revêtu","Sens uniqu":"no","Type de pi":"grade2"},"geometry":{"type":"LineString","coordinates":[[-16.400787680177142,16.09384073123445],[-16.4003169,16.0941227],[-16.400201629456745,16.094295001037633]]}},{"type":"Feature","properties":{"full_id":"w358892202","Type de vo":"piste rurale","Ruines":null,"Niveau":null,"Pont":null,"Abandonné":null,"État de s":null,"Moto autor":null,"motorcar":null,"Véhicule ":null,"Accès":null,"Praticabil":null,"surface":null,"Sens uniqu":null,"Type de pi":"grade3"},"geometry":{"type":"LineString","coordinates":[[-16.393951,16.0679369],[-16.3918537,16.0677035]]}},{"type":"Feature","properties":{"full_id":"w396504175","Type de vo":"piste rurale","Ruines":null,"Niveau":null,"Pont":null,"Abandonné":null,"État de s":null,"Moto autor":null,"motorcar":null,"Véhicule ":null,"Accès":null,"Praticabil":null,"surface":"Non revêtu","Sens uniqu":null,"Type de pi":"grade2"},"geometry":{"type":"LineString","coordinates":[[-16.4482621,16.0102403],[-16.4478349,16.0112447],[-16.4478122,16.0136317]]}},{"type":"Feature","properties":{"full_id":"w396504180","Type de vo":"piste rurale","Ruines":null,"Niveau":null,"Pont":null,"Abandonné":null,"État de s":null,"Moto autor":null,"motorcar":null,"Véhicule ":null,"Accès":null,"Praticabil":null,"surface":null,"Sens uniqu":null,"Type de pi":"grade3"},"geometry":{"type":"LineString","coordinates":[[-16.447783,16.0148118],[-16.4473389,16.0152555],[-16.4470412,16.0171783],[-16.447057092654557,16.017473552497982]]}},{"type":"Feature","properties":{"full_id":"w397415816","Type de vo":"piste rurale","Ruines":null,"Niveau":null,"Pont":null,"Abandonné":null,"État de s":null,"Moto autor":null,"motorcar":null,"Véhicule ":null,"Accès":null,"Praticabil":null,"surface":null,"Sens uniqu":null,"Type de pi":"grade3"},"geometry":{"type":"LineString","coordinates":[[-16.4399332,16.0483428],[-16.4399084,16.0470353],[-16.439726,16.0464528],[-16.4389696,16.0461538],[-16.4380373,16.0443089]]}},{"type":"Feature","properties":{"full_id":"w397451763","Type de vo":"piste rurale","Ruines":null,"Niveau":null,"Pont":null,"Abandonné":null,"État de s":null,"Moto autor":null,"motorcar":null,"Véhicule ":null,"Accès":null,"Praticabil":null,"surface":null,"Sens uniqu":null,"Type de pi":"grade3"},"geometry":{"type":"LineString","coordinates":[[-16.4276207,16.055987],[-16.4295793,16.0538204]]}},{"type":"Feature","properties":{"full_id":"w397454529","Type de vo":"piste rurale","Ruines":null,"Niveau":null,"Pont":null,"Abandonné":null,"État de s":null,"Moto autor":null,"motorcar":null,"Véhicule ":null,"Accès":null,"Praticabil":null,"surface":null,"Sens uniqu":null,"Type de pi":"grade3"},"geometry":{"type":"LineString","coordinates":[[-16.4413992,16.0659235],[-16.4407134,16.061682],[-16.440144,16.0610778],[-16.4399562,16.0600984],[-16.4394519,16.0588457],[-16.4390504,16.0570476],[-16.438894,16.055299],[-16.4404551,16.0548505],[-16.4408896,16.0549495],[-16.4418713,16.0556495],[-16.4428174,16.056734],[-16.443096,16.0566678],[-16.4434421,16.0569684]]}},{"type":"Feature","properties":{"full_id":"w397454804","Type de vo":"piste rurale","Ruines":null,"Niveau":null,"Pont":null,"Abandonné":null,"État de s":null,"Moto autor":null,"motorcar":null,"Véhicule ":null,"Accès":null,"Praticabil":null,"surface":null,"Sens uniqu":null,"Type de pi":"grade2"},"geometry":{"type":"LineString","coordinates":[[-16.4413992,16.0659235],[-16.4452306,16.0644303],[-16.4434421,16.0569684]]}},{"type":"Feature","properties":{"full_id":"w397455571","Type de vo":"piste rurale","Ruines":null,"Niveau":null,"Pont":null,"Abandonné":null,"État de s":null,"Moto autor":null,"motorcar":null,"Véhicule ":null,"Accès":null,"Praticabil":null,"surface":null,"Sens uniqu":null,"Type de pi":"grade3"},"geometry":{"type":"LineString","coordinates":[[-16.4392375,16.0649597],[-16.440651,16.0641272],[-16.4412327,16.0648156]]}},{"type":"Feature","properties":{"full_id":"w397455577","Type de vo":"piste rurale","Ruines":null,"Niveau":null,"Pont":null,"Abandonné":null,"État de s":null,"Moto autor":null,"motorcar":null,"Véhicule ":null,"Accès":null,"Praticabil":null,"surface":null,"Sens uniqu":null,"Type de pi":"grade3"},"geometry":{"type":"LineString","coordinates":[[-16.4407279,16.0652609],[-16.44104,16.0656169],[-16.441353,16.0656158]]}},{"type":"Feature","properties":{"full_id":"w397455580","Type de vo":"piste rurale","Ruines":null,"Niveau":null,"Pont":null,"Abandonné":null,"État de s":null,"Moto autor":null,"motorcar":null,"Véhicule ":null,"Accès":null,"Praticabil":null,"surface":null,"Sens uniqu":null,"Type de pi":"grade3"},"geometry":{"type":"LineString","coordinates":[[-16.4438563,16.0632276],[-16.4411472,16.0648824],[-16.4396425,16.0660267]]}},{"type":"Feature","properties":{"full_id":"w397503916","Type de vo":"piste rurale","Ruines":null,"Niveau":null,"Pont":null,"Abandonné":null,"État de s":null,"Moto autor":null,"motorcar":null,"Véhicule ":null,"Accès":null,"Praticabil":null,"surface":null,"Sens uniqu":null,"Type de pi":"grade3"},"geometry":{"type":"LineString","coordinates":[[-16.4114205,15.9045539],[-16.4127622,15.9047666]]}},{"type":"Feature","properties":{"full_id":"w397784478","Type de vo":"piste rurale","Ruines":null,"Niveau":null,"Pont":null,"Abandonné":null,"État de s":null,"Moto autor":null,"motorcar":null,"Véhicule ":null,"Accès":null,"Praticabil":null,"surface":null,"Sens uniqu":null,"Type de pi":"grade3"},"geometry":{"type":"LineString","coordinates":[[-16.3937297,15.9235764],[-16.3934808,15.9224049]]}},{"type":"Feature","properties":{"full_id":"w397784479","Type de vo":"piste rurale","Ruines":null,"Niveau":null,"Pont":null,"Abandonné":null,"État de s":null,"Moto autor":null,"motorcar":null,"Véhicule ":null,"Accès":null,"Praticabil":null,"surface":null,"Sens uniqu":null,"Type de pi":"grade3"},"geometry":{"type":"LineString","coordinates":[[-16.3929143,15.9239117],[-16.3926855,15.9225292]]}},{"type":"Feature","properties":{"full_id":"w397784482","Type de vo":"piste rurale","Ruines":null,"Niveau":null,"Pont":null,"Abandonné":null,"État de s":null,"Moto autor":null,"motorcar":null,"Véhicule ":null,"Accès":null,"Praticabil":null,"surface":null,"Sens uniqu":null,"Type de pi":"grade3"},"geometry":{"type":"LineString","coordinates":[[-16.3943273,15.9233703],[-16.3941699,15.9223043]]}},{"type":"Feature","properties":{"full_id":"w397788474","Type de vo":"piste rurale","Ruines":null,"Niveau":null,"Pont":null,"Abandonné":null,"État de s":null,"Moto autor":null,"motorcar":null,"Véhicule ":null,"Accès":null,"Praticabil":null,"surface":null,"Sens uniqu":null,"Type de pi":"grade3"},"geometry":{"type":"LineString","coordinates":[[-16.4128902,15.9110181],[-16.4130255,15.9107466]]}},{"type":"Feature","properties":{"full_id":"w397788475","Type de vo":"piste rurale","Ruines":null,"Niveau":null,"Pont":null,"Abandonné":null,"État de s":null,"Moto autor":null,"motorcar":null,"Véhicule ":null,"Accès":null,"Praticabil":null,"surface":null,"Sens uniqu":null,"Type de pi":"grade4"},"geometry":{"type":"LineString","coordinates":[[-16.4067372,15.9040251],[-16.4085155,15.9039606]]}},{"type":"Feature","properties":{"full_id":"w397788476","Type de vo":"piste rurale","Ruines":null,"Niveau":null,"Pont":null,"Abandonné":null,"État de s":null,"Moto autor":null,"motorcar":null,"Véhicule ":null,"Accès":null,"Praticabil":null,"surface":null,"Sens uniqu":null,"Type de pi":"grade3"},"geometry":{"type":"LineString","coordinates":[[-16.4104077,15.9053916],[-16.4114772,15.9045131]]}},{"type":"Feature","properties":{"full_id":"w397788477","Type de vo":"piste rurale","Ruines":null,"Niveau":null,"Pont":null,"Abandonné":null,"État de s":null,"Moto autor":null,"motorcar":null,"Véhicule ":null,"Accès":null,"Praticabil":null,"surface":null,"Sens uniqu":null,"Type de pi":"grade3"},"geometry":{"type":"LineString","coordinates":[[-16.4085155,15.9039606],[-16.4096421,15.904461],[-16.411136,15.9047525],[-16.4117637,15.905743],[-16.4120534,15.9066097],[-16.4120614,15.9071824]]}},{"type":"Feature","properties":{"full_id":"w397788478","Type de vo":"piste rurale","Ruines":null,"Niveau":null,"Pont":null,"Abandonné":null,"État de s":null,"Moto autor":null,"motorcar":null,"Véhicule ":null,"Accès":null,"Praticabil":null,"surface":null,"Sens uniqu":null,"Type de pi":"grade3"},"geometry":{"type":"LineString","coordinates":[[-16.4112004,15.903553],[-16.4112514,15.9040818],[-16.4115358,15.9045897]]}},{"type":"Feature","properties":{"full_id":"w397788479","Type de vo":"piste rurale","Ruines":null,"Niveau":null,"Pont":null,"Abandonné":null,"État de s":null,"Moto autor":null,"motorcar":null,"Véhicule ":null,"Accès":null,"Praticabil":null,"surface":null,"Sens uniqu":null,"Type de pi":"grade3"},"geometry":{"type":"LineString","coordinates":[[-16.4153203,15.9132338],[-16.4147517,15.9136826]]}},{"type":"Feature","properties":{"full_id":"w397788481","Type de vo":"piste rurale","Ruines":null,"Niveau":null,"Pont":null,"Abandonné":null,"État de s":null,"Moto autor":null,"motorcar":null,"Véhicule ":null,"Accès":null,"Praticabil":null,"surface":null,"Sens uniqu":null,"Type de pi":"grade3"},"geometry":{"type":"LineString","coordinates":[[-16.4130255,15.9107466],[-16.4141213,15.9108143],[-16.4154625,15.9119467],[-16.4160364,15.9119544],[-16.4160713,15.9122175],[-16.4149743,15.9128056],[-16.4156342,15.9136361]]}},{"type":"Feature","properties":{"full_id":"w397789569","Type de vo":"piste rurale","Ruines":null,"Niveau":null,"Pont":null,"Abandonné":null,"État de s":null,"Moto autor":null,"motorcar":null,"Véhicule ":null,"Accès":null,"Praticabil":null,"surface":null,"Sens uniqu":null,"Type de pi":"grade3"},"geometry":{"type":"LineString","coordinates":[[-16.4121741,15.9095297],[-16.4117998,15.910695]]}},{"type":"Feature","properties":{"full_id":"w397789570","Type de vo":"piste rurale","Ruines":null,"Niveau":null,"Pont":null,"Abandonné":null,"État de s":null,"Moto autor":null,"motorcar":null,"Véhicule ":null,"Accès":null,"Praticabil":null,"surface":null,"Sens uniqu":null,"Type de pi":"grade3"},"geometry":{"type":"LineString","coordinates":[[-16.4096742,15.9077679],[-16.4107027,15.9082084]]}},{"type":"Feature","properties":{"full_id":"w397789572","Type de vo":"piste rurale","Ruines":null,"Niveau":null,"Pont":null,"Abandonné":null,"État de s":null,"Moto autor":null,"motorcar":null,"Véhicule ":null,"Accès":null,"Praticabil":null,"surface":null,"Sens uniqu":null,"Type de pi":"grade3"},"geometry":{"type":"LineString","coordinates":[[-16.4124246,15.9101766],[-16.4120775,15.9101101]]}},{"type":"Feature","properties":{"full_id":"w397789573","Type de vo":"piste rurale","Ruines":null,"Niveau":null,"Pont":null,"Abandonné":null,"État de s":null,"Moto autor":null,"motorcar":null,"Véhicule ":null,"Accès":null,"Praticabil":null,"surface":null,"Sens uniqu":null,"Type de pi":"grade3"},"geometry":{"type":"LineString","coordinates":[[-16.4117998,15.910695],[-16.4110461,15.9106305],[-16.4109361,15.9103364],[-16.4100776,15.9095097]]}},{"type":"Feature","properties":{"full_id":"w397790012","Type de vo":"piste rurale","Ruines":null,"Niveau":null,"Pont":null,"Abandonné":null,"État de s":null,"Moto autor":null,"motorcar":null,"Véhicule ":null,"Accès":null,"Praticabil":null,"surface":null,"Sens uniqu":null,"Type de pi":"grade3"},"geometry":{"type":"LineString","coordinates":[[-16.4101985,15.9116365],[-16.4090076,15.910824]]}},{"type":"Feature","properties":{"full_id":"w397790181","Type de vo":"piste rurale","Ruines":null,"Niveau":null,"Pont":null,"Abandonné":null,"État de s":null,"Moto autor":null,"motorcar":null,"Véhicule ":null,"Accès":null,"Praticabil":null,"surface":null,"Sens uniqu":null,"Type de pi":"grade3"},"geometry":{"type":"LineString","coordinates":[[-16.4091444,15.9117861],[-16.4088949,15.9118041],[-16.4083478,15.9113631]]}},{"type":"Feature","properties":{"full_id":"w397790182","Type de vo":"piste rurale","Ruines":null,"Niveau":null,"Pont":null,"Abandonné":null,"État de s":null,"Moto autor":null,"motorcar":null,"Véhicule ":null,"Accès":null,"Praticabil":null,"surface":null,"Sens uniqu":null,"Type de pi":"grade2"},"geometry":{"type":"LineString","coordinates":[[-16.402447,15.9178758],[-16.4041327,15.9173455]]}},{"type":"Feature","properties":{"full_id":"w397790435","Type de vo":"piste rurale","Ruines":null,"Niveau":null,"Pont":null,"Abandonné":null,"État de s":null,"Moto autor":null,"motorcar":null,"Véhicule ":null,"Accès":null,"Praticabil":null,"surface":null,"Sens uniqu":null,"Type de pi":"grade2"},"geometry":{"type":"LineString","coordinates":[[-16.4048088,15.9185061],[-16.4034393,15.9161221],[-16.4027444,15.9144725]]}},{"type":"Feature","properties":{"full_id":"w397790437","Type de vo":"piste rurale","Ruines":null,"Niveau":null,"Pont":null,"Abandonné":null,"État de s":null,"Moto autor":null,"motorcar":null,"Véhicule ":null,"Accès":null,"Praticabil":null,"surface":null,"Sens uniqu":null,"Type de pi":"grade3"},"geometry":{"type":"LineString","coordinates":[[-16.4030048,15.9168271],[-16.4026134,15.9157703]]}},{"type":"Feature","properties":{"full_id":"w397790438","Type de vo":"piste rurale","Ruines":null,"Niveau":null,"Pont":null,"Abandonné":null,"État de s":null,"Moto autor":null,"motorcar":null,"Véhicule ":null,"Accès":null,"Praticabil":null,"surface":null,"Sens uniqu":null,"Type de pi":"grade3"},"geometry":{"type":"LineString","coordinates":[[-16.4024601,15.9171031],[-16.4036206,15.9164267]]}},{"type":"Feature","properties":{"full_id":"w397820346","Type de vo":"piste rurale","Ruines":null,"Niveau":null,"Pont":null,"Abandonné":null,"État de s":null,"Moto autor":null,"motorcar":null,"Véhicule ":null,"Accès":null,"Praticabil":null,"surface":null,"Sens uniqu":null,"Type de pi":"grade3"},"geometry":{"type":"LineString","coordinates":[[-16.4253813,15.8866124],[-16.4254254,15.8890651]]}},{"type":"Feature","properties":{"full_id":"w397820520","Type de vo":"piste rurale","Ruines":null,"Niveau":null,"Pont":null,"Abandonné":null,"État de s":null,"Moto autor":null,"motorcar":null,"Véhicule ":null,"Accès":null,"Praticabil":null,"surface":null,"Sens uniqu":null,"Type de pi":"grade3"},"geometry":{"type":"LineString","coordinates":[[-16.4238632,15.8884699],[-16.4228385,15.8878533]]}},{"type":"Feature","properties":{"full_id":"w397912616","Type de vo":"piste rurale","Ruines":null,"Niveau":null,"Pont":null,"Abandonné":null,"État de s":null,"Moto autor":null,"motorcar":null,"Véhicule ":null,"Accès":"yes","Praticabil":null,"surface":null,"Sens uniqu":null,"Type de pi":"grade3"},"geometry":{"type":"LineString","coordinates":[[-16.3639561,15.9242296],[-16.3642374,15.9234314]]}},{"type":"Feature","properties":{"full_id":"w397912694","Type de vo":"piste rurale","Ruines":null,"Niveau":null,"Pont":null,"Abandonné":null,"État de s":null,"Moto autor":null,"motorcar":null,"Véhicule ":null,"Accès":null,"Praticabil":null,"surface":null,"Sens uniqu":null,"Type de pi":"grade3"},"geometry":{"type":"LineString","coordinates":[[-16.3661635,15.9268321],[-16.3637334,15.9272087]]}},{"type":"Feature","properties":{"full_id":"w397938522","Type de vo":"piste rurale","Ruines":null,"Niveau":null,"Pont":null,"Abandonné":null,"État de s":null,"Moto autor":null,"motorcar":null,"Véhicule ":null,"Accès":null,"Praticabil":null,"surface":null,"Sens uniqu":null,"Type de pi":"grade3"},"geometry":{"type":"LineString","coordinates":[[-16.3839169,15.8811562],[-16.3829056,15.8833831]]}},{"type":"Feature","properties":{"full_id":"w397941179","Type de vo":"piste rurale","Ruines":null,"Niveau":null,"Pont":null,"Abandonné":null,"État de s":null,"Moto autor":null,"motorcar":null,"Véhicule ":null,"Accès":null,"Praticabil":null,"surface":"Sable","Sens uniqu":null,"Type de pi":"grade4"},"geometry":{"type":"LineString","coordinates":[[-16.3603187,15.878533],[-16.3603482,15.878128],[-16.359557,15.8780093]]}},{"type":"Feature","properties":{"full_id":"w397941180","Type de vo":"piste rurale","Ruines":null,"Niveau":null,"Pont":null,"Abandonné":null,"État de s":null,"Moto autor":null,"motorcar":null,"Véhicule ":null,"Accès":null,"Praticabil":null,"surface":"Sable","Sens uniqu":null,"Type de pi":"grade4"},"geometry":{"type":"LineString","coordinates":[[-16.3608557,15.8774058],[-16.3601605,15.8773488]]}},{"type":"Feature","properties":{"full_id":"w397941181","Type de vo":"piste rurale","Ruines":null,"Niveau":null,"Pont":null,"Abandonné":null,"État de s":null,"Moto autor":null,"motorcar":null,"Véhicule ":null,"Accès":null,"Praticabil":null,"surface":"Sable","Sens uniqu":null,"Type de pi":"grade4"},"geometry":{"type":"LineString","coordinates":[[-16.3604179,15.878373],[-16.3613945,15.87821]]}},{"type":"Feature","properties":{"full_id":"w397941182","Type de vo":"piste rurale","Ruines":null,"Niveau":null,"Pont":null,"Abandonné":null,"État de s":null,"Moto autor":null,"motorcar":null,"Véhicule ":null,"Accès":null,"Praticabil":null,"surface":"Sable","Sens uniqu":null,"Type de pi":"grade4"},"geometry":{"type":"LineString","coordinates":[[-16.3601605,15.8773488],[-16.3598439,15.8787409]]}},{"type":"Feature","properties":{"full_id":"w397941183","Type de vo":"piste rurale","Ruines":null,"Niveau":null,"Pont":null,"Abandonné":null,"État de s":null,"Moto autor":null,"motorcar":null,"Véhicule ":null,"Accès":null,"Praticabil":null,"surface":"Sable","Sens uniqu":null,"Type de pi":"grade4"},"geometry":{"type":"LineString","coordinates":[[-16.3603482,15.878128],[-16.3606315,15.8780273]]}},{"type":"Feature","properties":{"full_id":"w397941184","Type de vo":"piste rurale","Ruines":null,"Niveau":null,"Pont":null,"Abandonné":null,"État de s":null,"Moto autor":null,"motorcar":null,"Véhicule ":null,"Accès":null,"Praticabil":null,"surface":"Sable","Sens uniqu":null,"Type de pi":"grade4"},"geometry":{"type":"LineString","coordinates":[[-16.3606701,15.8784737],[-16.3604179,15.878373]]}},{"type":"Feature","properties":{"full_id":"w397943859","Type de vo":"piste rurale","Ruines":null,"Niveau":null,"Pont":null,"Abandonné":null,"État de s":null,"Moto autor":null,"motorcar":null,"Véhicule ":null,"Accès":null,"Praticabil":null,"surface":null,"Sens uniqu":null,"Type de pi":"grade3"},"geometry":{"type":"LineString","coordinates":[[-16.3590476,15.8392966],[-16.3597557,15.8395805]]}},{"type":"Feature","properties":{"full_id":"w397944976","Type de vo":"piste rurale","Ruines":null,"Niveau":null,"Pont":null,"Abandonné":null,"État de s":null,"Moto autor":null,"motorcar":null,"Véhicule ":null,"Accès":null,"Praticabil":null,"surface":"Sable","Sens uniqu":null,"Type de pi":"grade3"},"geometry":{"type":"LineString","coordinates":[[-16.368014,15.8371864],[-16.3666517,15.8376271],[-16.3651925,15.8378697],[-16.3633686,15.8385251],[-16.3620595,15.8392765],[-16.3613134,15.8394519]]}},{"type":"Feature","properties":{"full_id":"w398468372","Type de vo":"piste rurale","Ruines":null,"Niveau":null,"Pont":null,"Abandonné":null,"État de s":null,"Moto autor":null,"motorcar":null,"Véhicule ":null,"Accès":null,"Praticabil":null,"surface":null,"Sens uniqu":null,"Type de pi":"grade4"},"geometry":{"type":"LineString","coordinates":[[-16.459343,15.9004743],[-16.4574071,15.9007591],[-16.4525738,15.9010068],[-16.4470431,15.9021469],[-16.4460775,15.9021521],[-16.4436581,15.902993]]}},{"type":"Feature","properties":{"full_id":"w398469280","Type de vo":"piste rurale","Ruines":null,"Niveau":null,"Pont":null,"Abandonné":null,"État de s":null,"Moto autor":null,"motorcar":null,"Véhicule ":null,"Accès":null,"Praticabil":null,"surface":null,"Sens uniqu":null,"Type de pi":"grade3"},"geometry":{"type":"LineString","coordinates":[[-16.4436581,15.902993],[-16.4367023,15.9038928],[-16.4361533,15.9044273],[-16.4339861,15.9079973],[-16.4336535,15.908281],[-16.4327863,15.9085565],[-16.4276292,15.9088743]]}},{"type":"Feature","properties":{"full_id":"w398475623","Type de vo":"piste rurale","Ruines":null,"Niveau":null,"Pont":null,"Abandonné":null,"État de s":null,"Moto autor":null,"motorcar":null,"Véhicule ":null,"Accès":null,"Praticabil":null,"surface":null,"Sens uniqu":null,"Type de pi":"grade2"},"geometry":{"type":"LineString","coordinates":[[-16.4793396,15.974032],[-16.4787307,15.972077],[-16.4785966,15.9710714],[-16.478677,15.9704164],[-16.478441,15.9694158],[-16.4784786,15.9676984],[-16.4787521,15.9665277],[-16.4767834,15.9582962],[-16.4762684,15.9576102],[-16.4759626,15.9565116],[-16.4740851,15.954923],[-16.4729264,15.9531075],[-16.4723871,15.9465847]]}},{"type":"Feature","properties":{"full_id":"w398563617","Type de vo":"piste rurale","Ruines":null,"Niveau":null,"Pont":null,"Abandonné":null,"État de s":null,"Moto autor":null,"motorcar":null,"Véhicule ":null,"Accès":null,"Praticabil":null,"surface":"Sable","Sens uniqu":null,"Type de pi":"grade2"},"geometry":{"type":"LineString","coordinates":[[-16.4420432,15.9936544],[-16.4421807,15.991425]]}},{"type":"Feature","properties":{"full_id":"w398566482","Type de vo":"piste rurale","Ruines":null,"Niveau":null,"Pont":null,"Abandonné":null,"État de s":null,"Moto autor":null,"motorcar":null,"Véhicule ":null,"Accès":null,"Praticabil":null,"surface":"Sable","Sens uniqu":null,"Type de pi":"grade3"},"geometry":{"type":"LineString","coordinates":[[-16.4409747,15.999532],[-16.4413086,15.9993657],[-16.4420862,15.999466],[-16.4425183,15.999688]]}},{"type":"Feature","properties":{"full_id":"w398566624","Type de vo":"piste rurale","Ruines":null,"Niveau":null,"Pont":null,"Abandonné":null,"État de s":null,"Moto autor":null,"motorcar":null,"Véhicule ":null,"Accès":null,"Praticabil":null,"surface":"Sable","Sens uniqu":null,"Type de pi":"grade3"},"geometry":{"type":"LineString","coordinates":[[-16.4413086,15.9993657],[-16.4414236,15.9969083],[-16.4420432,15.9936544]]}},{"type":"Feature","properties":{"full_id":"w398599326","Type de vo":"piste rurale","Ruines":null,"Niveau":null,"Pont":null,"Abandonné":null,"État de s":null,"Moto autor":null,"motorcar":null,"Véhicule ":null,"Accès":null,"Praticabil":null,"surface":null,"Sens uniqu":null,"Type de pi":"grade3"},"geometry":{"type":"LineString","coordinates":[[-16.4463837,16.0176241],[-16.44658884901515,16.017661773740397]]}},{"type":"Feature","properties":{"full_id":"w398600098","Type de vo":"piste rurale","Ruines":null,"Niveau":null,"Pont":null,"Abandonné":null,"État de s":null,"Moto autor":null,"motorcar":null,"Véhicule ":null,"Accès":null,"Praticabil":null,"surface":null,"Sens uniqu":null,"Type de pi":"grade3"},"geometry":{"type":"LineString","coordinates":[[-16.4460451,16.01609],[-16.4460826,16.0163892]]}},{"type":"Feature","properties":{"full_id":"w398600099","Type de vo":"piste rurale","Ruines":null,"Niveau":null,"Pont":null,"Abandonné":null,"État de s":null,"Moto autor":null,"motorcar":null,"Véhicule ":null,"Accès":null,"Praticabil":null,"surface":null,"Sens uniqu":null,"Type de pi":"grade3"},"geometry":{"type":"LineString","coordinates":[[-16.4480667,16.0014319],[-16.4466088,15.9999715]]}},{"type":"Feature","properties":{"full_id":"w398600100","Type de vo":"piste rurale","Ruines":null,"Niveau":null,"Pont":null,"Abandonné":null,"État de s":null,"Moto autor":null,"motorcar":null,"Véhicule ":null,"Accès":null,"Praticabil":null,"surface":null,"Sens uniqu":null,"Type de pi":"grade3"},"geometry":{"type":"LineString","coordinates":[[-16.4455757,16.0166625],[-16.4457125,16.016286],[-16.4473114,16.0152707]]}},{"type":"Feature","properties":{"full_id":"w447691079","Type de vo":"piste rurale","Ruines":null,"Niveau":null,"Pont":null,"Abandonné":null,"État de s":null,"Moto autor":null,"motorcar":null,"Véhicule ":null,"Accès":null,"Praticabil":null,"surface":null,"Sens uniqu":null,"Type de pi":"grade3"},"geometry":{"type":"LineString","coordinates":[[-16.4095268,16.0597377],[-16.409309,16.0600164],[-16.4092452,16.0606244],[-16.4095348,16.0608383],[-16.4102567,16.0607816]]}},{"type":"Feature","properties":{"full_id":"w447691919","Type de vo":"piste rurale","Ruines":null,"Niveau":"1","Pont":"yes","Abandonné":null,"État de s":null,"Moto autor":null,"motorcar":null,"Véhicule ":null,"Accès":null,"Praticabil":null,"surface":null,"Sens uniqu":null,"Type de pi":"grade3"},"geometry":{"type":"LineString","coordinates":[[-16.4111684,16.0625083],[-16.4111385,16.0624493]]}},{"type":"Feature","properties":{"full_id":"w447691922","Type de vo":"piste rurale","Ruines":null,"Niveau":null,"Pont":null,"Abandonné":null,"État de s":null,"Moto autor":null,"motorcar":null,"Véhicule ":null,"Accès":null,"Praticabil":null,"surface":null,"Sens uniqu":null,"Type de pi":"grade3"},"geometry":{"type":"LineString","coordinates":[[-16.4111385,16.0624493],[-16.4110664,16.0622792],[-16.4103368,16.0622895],[-16.4086277,16.0619521]]}},{"type":"Feature","properties":{"full_id":"w447691925","Type de vo":"piste rurale","Ruines":null,"Niveau":null,"Pont":null,"Abandonné":null,"État de s":null,"Moto autor":null,"motorcar":null,"Véhicule ":null,"Accès":null,"Praticabil":null,"surface":"Non revêtu","Sens uniqu":null,"Type de pi":"grade3"},"geometry":{"type":"LineString","coordinates":[[-16.4086188,16.0713008],[-16.4086309,16.0696352],[-16.4098406,16.0657897],[-16.4104817,16.0647175],[-16.4112992,16.0625784]]}},{"type":"Feature","properties":{"full_id":"w447691931","Type de vo":"piste rurale","Ruines":null,"Niveau":null,"Pont":null,"Abandonné":null,"État de s":null,"Moto autor":null,"motorcar":null,"Véhicule ":null,"Accès":null,"Praticabil":null,"surface":null,"Sens uniqu":null,"Type de pi":"grade3"},"geometry":{"type":"LineString","coordinates":[[-16.4136064,16.0632792],[-16.4111684,16.0625083]]}},{"type":"Feature","properties":{"full_id":"w447693698","Type de vo":"piste rurale","Ruines":null,"Niveau":null,"Pont":null,"Abandonné":null,"État de s":"très  mauvais","Moto autor":null,"motorcar":null,"Véhicule ":null,"Accès":null,"Praticabil":null,"surface":null,"Sens uniqu":null,"Type de pi":"grade2"},"geometry":{"type":"LineString","coordinates":[[-16.3955106,16.0582061],[-16.3962386,16.0575265],[-16.3968153,16.0572661],[-16.3990128,16.0569441]]}},{"type":"Feature","properties":{"full_id":"w447693701","Type de vo":"piste rurale","Ruines":null,"Niveau":null,"Pont":null,"Abandonné":null,"État de s":null,"Moto autor":null,"motorcar":null,"Véhicule ":null,"Accès":null,"Praticabil":null,"surface":null,"Sens uniqu":null,"Type de pi":"grade3"},"geometry":{"type":"LineString","coordinates":[[-16.4013273,16.0568612],[-16.3955734,16.0619108]]}},{"type":"Feature","properties":{"full_id":"w447693702","Type de vo":"piste rurale","Ruines":null,"Niveau":null,"Pont":null,"Abandonné":null,"État de s":null,"Moto autor":null,"motorcar":null,"Véhicule ":null,"Accès":null,"Praticabil":null,"surface":null,"Sens uniqu":null,"Type de pi":"grade3"},"geometry":{"type":"LineString","coordinates":[[-16.3955734,16.0619108],[-16.3953571,16.061773]]}},{"type":"Feature","properties":{"full_id":"w447696349","Type de vo":"piste rurale","Ruines":null,"Niveau":null,"Pont":null,"Abandonné":null,"État de s":null,"Moto autor":null,"motorcar":null,"Véhicule ":null,"Accès":null,"Praticabil":null,"surface":null,"Sens uniqu":null,"Type de pi":"grade3"},"geometry":{"type":"LineString","coordinates":[[-16.3722387,16.0816842],[-16.3717581,16.0814666]]}},{"type":"Feature","properties":{"full_id":"w447696352","Type de vo":"piste rurale","Ruines":null,"Niveau":null,"Pont":null,"Abandonné":null,"État de s":null,"Moto autor":null,"motorcar":null,"Véhicule ":null,"Accès":null,"Praticabil":null,"surface":null,"Sens uniqu":null,"Type de pi":"grade2"},"geometry":{"type":"LineString","coordinates":[[-16.3798106,16.076406],[-16.3797189,16.077267],[-16.3787238,16.0787567],[-16.3780452,16.0794036],[-16.3722387,16.0816842],[-16.3716499,16.0821817]]}},{"type":"Feature","properties":{"full_id":"w447699057","Type de vo":"piste rurale","Ruines":null,"Niveau":null,"Pont":null,"Abandonné":null,"État de s":null,"Moto autor":null,"motorcar":null,"Véhicule ":null,"Accès":null,"Praticabil":null,"surface":null,"Sens uniqu":null,"Type de pi":"grade3"},"geometry":{"type":"LineString","coordinates":[[-16.3591907,16.088092],[-16.3586801,16.0897071],[-16.3555956,16.0926192],[-16.3532245,16.0944386],[-16.3510702,16.0964361],[-16.3481369,16.1010985]]}},{"type":"Feature","properties":{"full_id":"w447699062","Type de vo":"piste rurale","Ruines":null,"Niveau":null,"Pont":null,"Abandonné":null,"État de s":null,"Moto autor":null,"motorcar":null,"Véhicule ":null,"Accès":null,"Praticabil":null,"surface":null,"Sens uniqu":null,"Type de pi":"grade3"},"geometry":{"type":"LineString","coordinates":[[-16.3440835,16.0955364],[-16.3466679,16.0985349],[-16.3483965,16.0986238]]}},{"type":"Feature","properties":{"full_id":"w447701494","Type de vo":"piste rurale","Ruines":null,"Niveau":null,"Pont":null,"Abandonné":null,"État de s":null,"Moto autor":null,"motorcar":null,"Véhicule ":null,"Accès":null,"Praticabil":null,"surface":null,"Sens uniqu":null,"Type de pi":"grade2"},"geometry":{"type":"LineString","coordinates":[[-16.3373351,16.121491],[-16.3359887,16.1204448],[-16.3355488,16.1203675],[-16.3346985,16.1196847]]}},{"type":"Feature","properties":{"full_id":"w537925497","Type de vo":"piste rurale","Ruines":null,"Niveau":null,"Pont":null,"Abandonné":null,"État de s":null,"Moto autor":null,"motorcar":null,"Véhicule ":null,"Accès":null,"Praticabil":null,"surface":null,"Sens uniqu":null,"Type de pi":null},"geometry":{"type":"LineString","coordinates":[[-16.4382416,16.062329],[-16.4362711,16.0599835],[-16.4361495,16.0593554],[-16.436702,16.0583141],[-16.4372474,16.0580246],[-16.4370811,16.057326],[-16.4371267,16.0566413],[-16.4377409,16.0560407],[-16.4377695,16.0553559],[-16.4385098,16.0548971],[-16.4388907,16.0549873],[-16.4389692,16.0551907]]}},{"type":"Feature","properties":{"full_id":"w639288443","Type de vo":"piste rurale","Ruines":null,"Niveau":null,"Pont":null,"Abandonné":null,"État de s":null,"Moto autor":null,"motorcar":null,"Véhicule ":null,"Accès":null,"Praticabil":null,"surface":null,"Sens uniqu":null,"Type de pi":null},"geometry":{"type":"LineString","coordinates":[[-16.4287971,16.070759],[-16.4283686,16.070913],[-16.427922,16.0713647]]}},{"type":"Feature","properties":{"full_id":"w639288444","Type de vo":"piste rurale","Ruines":null,"Niveau":null,"Pont":null,"Abandonné":null,"État de s":null,"Moto autor":null,"motorcar":null,"Véhicule ":null,"Accès":null,"Praticabil":null,"surface":null,"Sens uniqu":null,"Type de pi":null},"geometry":{"type":"LineString","coordinates":[[-16.4289232,16.070902],[-16.4294998,16.0716482],[-16.4293468,16.0720385],[-16.4294744,16.0723989]]}},{"type":"Feature","properties":{"full_id":"w639872045","Type de vo":"piste rurale","Ruines":null,"Niveau":null,"Pont":null,"Abandonné":null,"État de s":null,"Moto autor":null,"motorcar":null,"Véhicule ":null,"Accès":null,"Praticabil":null,"surface":null,"Sens uniqu":null,"Type de pi":null},"geometry":{"type":"LineString","coordinates":[[-16.4799763,15.9593531],[-16.4800018,15.9560579],[-16.4795854,15.9548092],[-16.4777152,15.9552662],[-16.4777662,15.9557536]]}},{"type":"Feature","properties":{"full_id":"w639872046","Type de vo":"piste rurale","Ruines":null,"Niveau":null,"Pont":null,"Abandonné":null,"État de s":null,"Moto autor":null,"motorcar":null,"Véhicule ":null,"Accès":null,"Praticabil":null,"surface":null,"Sens uniqu":null,"Type de pi":null},"geometry":{"type":"LineString","coordinates":[[-16.4784964,15.958698],[-16.4777662,15.9557536]]}},{"type":"Feature","properties":{"full_id":"w643265505","Type de vo":"piste rurale","Ruines":null,"Niveau":null,"Pont":null,"Abandonné":null,"État de s":null,"Moto autor":null,"motorcar":null,"Véhicule ":null,"Accès":null,"Praticabil":null,"surface":null,"Sens uniqu":null,"Type de pi":null},"geometry":{"type":"LineString","coordinates":[[-16.4210228,16.0450706],[-16.4210147,16.0456214]]}},{"type":"Feature","properties":{"full_id":"w699866395","Type de vo":"piste rurale","Ruines":null,"Niveau":null,"Pont":null,"Abandonné":null,"État de s":null,"Moto autor":null,"motorcar":null,"Véhicule ":null,"Accès":null,"Praticabil":null,"surface":null,"Sens uniqu":null,"Type de pi":"grade3"},"geometry":{"type":"LineString","coordinates":[[-16.3493902,16.0582932],[-16.3484395,16.057851],[-16.3471144,16.0581809],[-16.3459691,16.0575185],[-16.345261,16.0573355],[-16.3451757,16.0571275]]}},{"type":"Feature","properties":{"full_id":"w699866396","Type de vo":"piste rurale","Ruines":null,"Niveau":null,"Pont":null,"Abandonné":null,"État de s":null,"Moto autor":null,"motorcar":null,"Véhicule ":null,"Accès":null,"Praticabil":null,"surface":null,"Sens uniqu":null,"Type de pi":"grade3"},"geometry":{"type":"LineString","coordinates":[[-16.3366439,16.064595],[-16.3368899,16.0647897],[-16.3379735,16.0648515],[-16.3391,16.0644185],[-16.3408649,16.064568],[-16.3416427,16.0643773],[-16.3427693,16.0637226],[-16.345607,16.0615008],[-16.3489598,16.0585521],[-16.3493085,16.0582995],[-16.3499123,16.058361]]}},{"type":"Feature","properties":{"full_id":"w699866397","Type de vo":"piste rurale","Ruines":null,"Niveau":null,"Pont":null,"Abandonné":null,"État de s":null,"Moto autor":null,"motorcar":null,"Véhicule ":null,"Accès":null,"Praticabil":null,"surface":null,"Sens uniqu":null,"Type de pi":"grade3"},"geometry":{"type":"LineString","coordinates":[[-16.333874169204144,16.061135029679868],[-16.3344613,16.0617903],[-16.3351434,16.0632718],[-16.3366439,16.064595]]}},{"type":"Feature","properties":{"full_id":"w700264722","Type de vo":"piste rurale","Ruines":null,"Niveau":null,"Pont":null,"Abandonné":null,"État de s":null,"Moto autor":null,"motorcar":null,"Véhicule ":null,"Accès":null,"Praticabil":null,"surface":null,"Sens uniqu":null,"Type de pi":null},"geometry":{"type":"LineString","coordinates":[[-16.4029817,16.0688472],[-16.4026333,16.0687923],[-16.402424,16.0696661],[-16.403867,16.0698537],[-16.4040016,16.068593]]}},{"type":"Feature","properties":{"full_id":"w700264723","Type de vo":"piste rurale","Ruines":null,"Niveau":null,"Pont":null,"Abandonné":null,"État de s":null,"Moto autor":null,"motorcar":null,"Véhicule ":null,"Accès":null,"Praticabil":null,"surface":null,"Sens uniqu":null,"Type de pi":null},"geometry":{"type":"LineString","coordinates":[[-16.4039193,16.0694219],[-16.4025326,16.0692125]]}},{"type":"Feature","properties":{"full_id":"w700264724","Type de vo":"piste rurale","Ruines":null,"Niveau":null,"Pont":null,"Abandonné":null,"État de s":null,"Moto autor":null,"motorcar":null,"Véhicule ":null,"Accès":null,"Praticabil":null,"surface":null,"Sens uniqu":null,"Type de pi":null},"geometry":{"type":"LineString","coordinates":[[-16.4040016,16.068593],[-16.4030191,16.0685643],[-16.4028547,16.0697193]]}},{"type":"Feature","properties":{"full_id":"w700264725","Type de vo":"piste rurale","Ruines":null,"Niveau":null,"Pont":null,"Abandonné":null,"État de s":null,"Moto autor":null,"motorcar":null,"Véhicule ":null,"Accès":null,"Praticabil":null,"surface":null,"Sens uniqu":null,"Type de pi":null},"geometry":{"type":"LineString","coordinates":[[-16.4043737,16.0694826],[-16.4044165,16.0690568]]}},{"type":"Feature","properties":{"full_id":"w700264726","Type de vo":"piste rurale","Ruines":null,"Niveau":null,"Pont":null,"Abandonné":null,"État de s":null,"Moto autor":null,"motorcar":null,"Véhicule ":null,"Accès":null,"Praticabil":null,"surface":null,"Sens uniqu":null,"Type de pi":null},"geometry":{"type":"LineString","coordinates":[[-16.404372,16.069908],[-16.4043737,16.0694826]]}},{"type":"Feature","properties":{"full_id":"w700264727","Type de vo":"piste rurale","Ruines":null,"Niveau":null,"Pont":null,"Abandonné":null,"État de s":null,"Moto autor":null,"motorcar":null,"Véhicule ":null,"Accès":null,"Praticabil":null,"surface":null,"Sens uniqu":null,"Type de pi":null},"geometry":{"type":"LineString","coordinates":[[-16.404372,16.069908],[-16.403867,16.0698537]]}},{"type":"Feature","properties":{"full_id":"w700264728","Type de vo":"piste rurale","Ruines":null,"Niveau":null,"Pont":null,"Abandonné":null,"État de s":null,"Moto autor":null,"motorcar":null,"Véhicule ":null,"Accès":null,"Praticabil":null,"surface":null,"Sens uniqu":null,"Type de pi":null},"geometry":{"type":"LineString","coordinates":[[-16.4043737,16.0694826],[-16.4039193,16.0694219]]}},{"type":"Feature","properties":{"full_id":"w717766942","Type de vo":"piste rurale","Ruines":null,"Niveau":null,"Pont":null,"Abandonné":null,"État de s":null,"Moto autor":null,"motorcar":null,"Véhicule ":null,"Accès":null,"Praticabil":null,"surface":null,"Sens uniqu":null,"Type de pi":null},"geometry":{"type":"LineString","coordinates":[[-16.3823994,16.0514824],[-16.3816897,16.049768],[-16.381197,16.0478185],[-16.3813873,16.047394],[-16.3821009,16.0466103],[-16.3825443,16.0454737]]}},{"type":"Feature","properties":{"full_id":"w717766943","Type de vo":"piste rurale","Ruines":null,"Niveau":null,"Pont":null,"Abandonné":null,"État de s":null,"Moto autor":null,"motorcar":null,"Véhicule ":null,"Accès":null,"Praticabil":null,"surface":null,"Sens uniqu":null,"Type de pi":null},"geometry":{"type":"LineString","coordinates":[[-16.3812242,16.0476847],[-16.3796918,16.0487982],[-16.3791578,16.0499137]]}},{"type":"Feature","properties":{"full_id":"w717766944","Type de vo":"piste rurale","Ruines":null,"Niveau":null,"Pont":null,"Abandonné":null,"État de s":null,"Moto autor":null,"motorcar":null,"Véhicule ":null,"Accès":null,"Praticabil":null,"surface":null,"Sens uniqu":null,"Type de pi":null},"geometry":{"type":"LineString","coordinates":[[-16.378525,16.049548],[-16.3803805,16.046387],[-16.3815889,16.0456846],[-16.3825443,16.0454737]]}},{"type":"Feature","properties":{"full_id":"w717766948","Type de vo":"piste rurale","Ruines":null,"Niveau":null,"Pont":null,"Abandonné":null,"État de s":null,"Moto autor":null,"motorcar":null,"Véhicule ":null,"Accès":null,"Praticabil":null,"surface":null,"Sens uniqu":null,"Type de pi":null},"geometry":{"type":"LineString","coordinates":[[-16.378264,16.0503226],[-16.3775523,16.0541242]]}},{"type":"Feature","properties":{"full_id":"w717766951","Type de vo":"piste rurale","Ruines":null,"Niveau":null,"Pont":null,"Abandonné":null,"État de s":null,"Moto autor":null,"motorcar":null,"Véhicule ":null,"Accès":null,"Praticabil":null,"surface":null,"Sens uniqu":null,"Type de pi":null},"geometry":{"type":"LineString","coordinates":[[-16.3800778,16.0627057],[-16.3800511,16.0624135],[-16.3794654,16.0616435],[-16.3789077,16.0598243],[-16.3781064,16.0582888],[-16.3780715,16.0562581],[-16.3776473,16.0551869],[-16.3775523,16.0541242]]}},{"type":"Feature","properties":{"full_id":"w717766952","Type de vo":"piste rurale","Ruines":null,"Niveau":null,"Pont":null,"Abandonné":null,"État de s":null,"Moto autor":null,"motorcar":null,"Véhicule ":null,"Accès":null,"Praticabil":null,"surface":null,"Sens uniqu":null,"Type de pi":null},"geometry":{"type":"LineString","coordinates":[[-16.378703,16.056639],[-16.3757295,16.0536754],[-16.3741594,16.0523329]]}},{"type":"Feature","properties":{"full_id":"w717766956","Type de vo":"piste rurale","Ruines":null,"Niveau":null,"Pont":null,"Abandonné":null,"État de s":null,"Moto autor":null,"motorcar":null,"Véhicule ":null,"Accès":null,"Praticabil":null,"surface":null,"Sens uniqu":null,"Type de pi":null},"geometry":{"type":"LineString","coordinates":[[-16.370942,16.0465822],[-16.3717424,16.0455681],[-16.3718557,16.0450737],[-16.3740943,16.0422616],[-16.3742891,16.0417453],[-16.3750885,16.0406673],[-16.3762806,16.0400601],[-16.3766837,16.0395468],[-16.3770347,16.0381257],[-16.3780076,16.0369176],[-16.3783708,16.0359552],[-16.3793294,16.0343821]]}},{"type":"Feature","properties":{"full_id":"w745445381","Type de vo":"piste rurale","Ruines":null,"Niveau":null,"Pont":null,"Abandonné":null,"État de s":null,"Moto autor":null,"motorcar":null,"Véhicule ":null,"Accès":null,"Praticabil":null,"surface":null,"Sens uniqu":null,"Type de pi":null},"geometry":{"type":"LineString","coordinates":[[-16.368646,16.030598],[-16.3669172,16.0288141],[-16.3644141,16.0269565],[-16.363393,16.0263773],[-16.3627967,16.0256194],[-16.3619789,16.0251173]]}},{"type":"Feature","properties":{"full_id":"w745445383","Type de vo":"piste rurale","Ruines":null,"Niveau":null,"Pont":null,"Abandonné":null,"État de s":null,"Moto autor":null,"motorcar":null,"Véhicule ":null,"Accès":null,"Praticabil":null,"surface":null,"Sens uniqu":null,"Type de pi":null},"geometry":{"type":"LineString","coordinates":[[-16.3602768,16.0402198],[-16.3600624,16.0396847],[-16.3598889,16.0376889],[-16.359556,16.0369399],[-16.3591208,16.0351409],[-16.3594081,16.0342059],[-16.3595674,16.0316278],[-16.3594792,16.0310182],[-16.3598092,16.0300367],[-16.3604777,16.0295828],[-16.3614005,16.02855]]}},{"type":"Feature","properties":{"full_id":"w745445384","Type de vo":"piste rurale","Ruines":null,"Niveau":null,"Pont":null,"Abandonné":null,"État de s":null,"Moto autor":null,"motorcar":null,"Véhicule ":null,"Accès":null,"Praticabil":null,"surface":null,"Sens uniqu":null,"Type de pi":null},"geometry":{"type":"LineString","coordinates":[[-16.3595978,16.0304342],[-16.359502,16.0284783],[-16.3598121,16.0264932],[-16.3606349,16.0258063]]}},{"type":"Feature","properties":{"full_id":"w745456313","Type de vo":"piste rurale","Ruines":null,"Niveau":null,"Pont":null,"Abandonné":null,"État de s":null,"Moto autor":null,"motorcar":null,"Véhicule ":null,"Accès":null,"Praticabil":null,"surface":null,"Sens uniqu":null,"Type de pi":null},"geometry":{"type":"LineString","coordinates":[[-16.3346905,16.0676462],[-16.3344631,16.0683128]]}},{"type":"Feature","properties":{"full_id":"w745456315","Type de vo":"piste rurale","Ruines":null,"Niveau":null,"Pont":null,"Abandonné":null,"État de s":null,"Moto autor":null,"motorcar":null,"Véhicule ":null,"Accès":null,"Praticabil":null,"surface":null,"Sens uniqu":null,"Type de pi":null},"geometry":{"type":"LineString","coordinates":[[-16.33376168295149,16.056838075480766],[-16.3338196,16.056904]]}},{"type":"Feature","properties":{"full_id":"w745456316","Type de vo":"piste rurale","Ruines":null,"Niveau":null,"Pont":null,"Abandonné":null,"État de s":null,"Moto autor":null,"motorcar":null,"Véhicule ":null,"Accès":null,"Praticabil":null,"surface":null,"Sens uniqu":null,"Type de pi":null},"geometry":{"type":"LineString","coordinates":[[-16.3338196,16.056904],[-16.3352588,16.058609]]}},{"type":"Feature","properties":{"full_id":"w745456317","Type de vo":"piste rurale","Ruines":null,"Niveau":null,"Pont":null,"Abandonné":null,"État de s":null,"Moto autor":null,"motorcar":null,"Véhicule ":null,"Accès":null,"Praticabil":null,"surface":null,"Sens uniqu":null,"Type de pi":null},"geometry":{"type":"LineString","coordinates":[[-16.3338043163666,16.058466664110554],[-16.3343519,16.0583815],[-16.3352588,16.058609],[-16.337113,16.0604625]]}},{"type":"Feature","properties":{"full_id":"w745456342","Type de vo":"piste rurale","Ruines":null,"Niveau":null,"Pont":null,"Abandonné":null,"État de s":null,"Moto autor":null,"motorcar":null,"Véhicule ":null,"Accès":null,"Praticabil":null,"surface":null,"Sens uniqu":null,"Type de pi":null},"geometry":{"type":"LineString","coordinates":[[-16.3363483,16.0597074],[-16.3372744,16.0600984]]}},{"type":"Feature","properties":{"full_id":"w745456346","Type de vo":"piste rurale","Ruines":null,"Niveau":null,"Pont":null,"Abandonné":null,"État de s":null,"Moto autor":null,"motorcar":null,"Véhicule ":null,"Accès":null,"Praticabil":null,"surface":null,"Sens uniqu":null,"Type de pi":null},"geometry":{"type":"LineString","coordinates":[[-16.33373035093064,16.05564119803694],[-16.3351477,16.0554569]]}},{"type":"Feature","properties":{"full_id":"w745456347","Type de vo":"piste rurale","Ruines":null,"Niveau":null,"Pont":null,"Abandonné":null,"État de s":null,"Moto autor":null,"motorcar":null,"Véhicule ":null,"Accès":null,"Praticabil":null,"surface":null,"Sens uniqu":null,"Type de pi":null},"geometry":{"type":"LineString","coordinates":[[-16.3351477,16.0554569],[-16.3361372,16.0554095]]}},{"type":"Feature","properties":{"full_id":"w758829937","Type de vo":"piste rurale","Ruines":null,"Niveau":null,"Pont":null,"Abandonné":null,"État de s":null,"Moto autor":null,"motorcar":null,"Véhicule ":null,"Accès":null,"Praticabil":null,"surface":null,"Sens uniqu":null,"Type de pi":null},"geometry":{"type":"LineString","coordinates":[[-16.4097824,16.0660059],[-16.4077371,16.065532],[-16.4068271,16.0670385],[-16.4059433,16.0668065],[-16.4041186,16.0667207],[-16.4040016,16.068593]]}},{"type":"Feature","properties":{"full_id":"w758829938","Type de vo":"piste rurale","Ruines":null,"Niveau":null,"Pont":null,"Abandonné":null,"État de s":null,"Moto autor":null,"motorcar":null,"Véhicule ":null,"Accès":null,"Praticabil":null,"surface":null,"Sens uniqu":null,"Type de pi":null},"geometry":{"type":"LineString","coordinates":[[-16.4039552,16.0690006],[-16.4029817,16.0688472]]}},{"type":"Feature","properties":{"full_id":"w758829939","Type de vo":"piste rurale","Ruines":null,"Niveau":null,"Pont":null,"Abandonné":null,"État de s":null,"Moto autor":null,"motorcar":null,"Véhicule ":null,"Accès":null,"Praticabil":null,"surface":null,"Sens uniqu":null,"Type de pi":null},"geometry":{"type":"LineString","coordinates":[[-16.4044165,16.0690568],[-16.4039552,16.0690006]]}},{"type":"Feature","properties":{"full_id":"w761972227","Type de vo":"piste rurale","Ruines":null,"Niveau":null,"Pont":null,"Abandonné":null,"État de s":null,"Moto autor":null,"motorcar":null,"Véhicule ":null,"Accès":null,"Praticabil":null,"surface":null,"Sens uniqu":null,"Type de pi":"grade3"},"geometry":{"type":"LineString","coordinates":[[-16.424244,15.8885859],[-16.4238632,15.8884699]]}},{"type":"Feature","properties":{"full_id":"w761972228","Type de vo":"piste rurale","Ruines":null,"Niveau":null,"Pont":null,"Abandonné":null,"État de s":null,"Moto autor":null,"motorcar":null,"Véhicule ":null,"Accès":null,"Praticabil":null,"surface":null,"Sens uniqu":null,"Type de pi":"grade3"},"geometry":{"type":"LineString","coordinates":[[-16.4254254,15.8890651],[-16.424244,15.8885859]]}},{"type":"Feature","properties":{"full_id":"w775795755","Type de vo":"piste rurale","Ruines":null,"Niveau":null,"Pont":null,"Abandonné":null,"État de s":null,"Moto autor":null,"motorcar":null,"Véhicule ":null,"Accès":null,"Praticabil":null,"surface":null,"Sens uniqu":null,"Type de pi":"grade3"},"geometry":{"type":"LineString","coordinates":[[-16.447653,16.0137369],[-16.4473402,16.0145294],[-16.447295,16.0151361],[-16.4474133,16.0155337],[-16.4478037,16.0159531]]}},{"type":"Feature","properties":{"full_id":"w775795756","Type de vo":"piste rurale","Ruines":null,"Niveau":null,"Pont":null,"Abandonné":null,"État de s":null,"Moto autor":null,"motorcar":null,"Véhicule ":null,"Accès":null,"Praticabil":null,"surface":null,"Sens uniqu":null,"Type de pi":"grade3"},"geometry":{"type":"LineString","coordinates":[[-16.4476338,16.0024492],[-16.4479495,16.0029364],[-16.4480514,16.0036841],[-16.4471663,16.0080568]]}},{"type":"Feature","properties":{"full_id":"w781196783","Type de vo":"piste rurale","Ruines":null,"Niveau":null,"Pont":null,"Abandonné":null,"État de s":null,"Moto autor":null,"motorcar":null,"Véhicule ":null,"Accès":null,"Praticabil":null,"surface":null,"Sens uniqu":null,"Type de pi":null},"geometry":{"type":"LineString","coordinates":[[-16.4146924,16.0750878],[-16.4154498,16.0724896],[-16.4173786,16.0721019],[-16.4187165,16.0715374],[-16.4206055,16.0713846],[-16.4229224,16.0707984],[-16.4239422,16.0708635],[-16.4262408,16.0706112],[-16.4264635,16.0712298]]}},{"type":"Feature","properties":{"full_id":"w781196784","Type de vo":"piste rurale","Ruines":null,"Niveau":null,"Pont":null,"Abandonné":null,"État de s":null,"Moto autor":null,"motorcar":null,"Véhicule ":null,"Accès":null,"Praticabil":null,"surface":null,"Sens uniqu":null,"Type de pi":null},"geometry":{"type":"LineString","coordinates":[[-16.4253956,16.0707496],[-16.4245698,16.0714326]]}},{"type":"Feature","properties":{"full_id":"w783795287","Type de vo":"piste rurale","Ruines":null,"Niveau":null,"Pont":null,"Abandonné":null,"État de s":null,"Moto autor":null,"motorcar":null,"Véhicule ":null,"Accès":null,"Praticabil":null,"surface":null,"Sens uniqu":null,"Type de pi":null},"geometry":{"type":"LineString","coordinates":[[-16.4344915,15.8727776],[-16.4338517,15.8733107],[-16.433267,15.8742214],[-16.4325213,15.8759654],[-16.4326316,15.8764866]]}},{"type":"Feature","properties":{"full_id":"w815874134","Type de vo":"piste rurale","Ruines":null,"Niveau":null,"Pont":null,"Abandonné":null,"État de s":null,"Moto autor":null,"motorcar":null,"Véhicule ":null,"Accès":null,"Praticabil":null,"surface":"Sable","Sens uniqu":null,"Type de pi":null},"geometry":{"type":"LineString","coordinates":[[-16.4904249,15.9626546],[-16.4915192,15.9627629],[-16.4922434,15.9623864],[-16.4921576,15.9608185],[-16.4913905,15.9599159],[-16.4907739,15.9578484]]}},{"type":"Feature","properties":{"full_id":"w904943518","Type de vo":"piste rurale","Ruines":null,"Niveau":null,"Pont":null,"Abandonné":null,"État de s":null,"Moto autor":null,"motorcar":null,"Véhicule ":null,"Accès":null,"Praticabil":null,"surface":null,"Sens uniqu":null,"Type de pi":null},"geometry":{"type":"LineString","coordinates":[[-16.3566733,15.8976177],[-16.3554464,15.8981828]]}},{"type":"Feature","properties":{"full_id":"w951837885","Type de vo":"piste rurale","Ruines":null,"Niveau":null,"Pont":null,"Abandonné":null,"État de s":null,"Moto autor":null,"motorcar":null,"Véhicule ":null,"Accès":null,"Praticabil":null,"surface":null,"Sens uniqu":null,"Type de pi":null},"geometry":{"type":"LineString","coordinates":[[-16.434876,15.9491299],[-16.434297,15.9492419],[-16.4338303,15.949131]]}},{"type":"Feature","properties":{"full_id":"w963195113","Type de vo":"piste rurale","Ruines":null,"Niveau":null,"Pont":null,"Abandonné":null,"État de s":null,"Moto autor":null,"motorcar":null,"Véhicule ":null,"Accès":null,"Praticabil":null,"surface":null,"Sens uniqu":null,"Type de pi":null},"geometry":{"type":"LineString","coordinates":[[-16.468222190567666,15.914212522096044],[-16.4675832,15.9154959],[-16.4671326,15.9171829],[-16.4670494,15.9182623],[-16.4674547,15.9204118]]}},{"type":"Feature","properties":{"full_id":"w963195116","Type de vo":"piste rurale","Ruines":null,"Niveau":null,"Pont":null,"Abandonné":null,"État de s":null,"Moto autor":null,"motorcar":null,"Véhicule ":null,"Accès":null,"Praticabil":null,"surface":null,"Sens uniqu":null,"Type de pi":null},"geometry":{"type":"LineString","coordinates":[[-16.4678937,15.9260201],[-16.4669247,15.9260131],[-16.4662769,15.9256443],[-16.467315,15.9234532],[-16.4674547,15.9204118]]}},{"type":"Feature","properties":{"full_id":"w992245811","Type de vo":"piste rurale","Ruines":null,"Niveau":null,"Pont":null,"Abandonné":null,"État de s":null,"Moto autor":null,"motorcar":null,"Véhicule ":null,"Accès":null,"Praticabil":null,"surface":null,"Sens uniqu":null,"Type de pi":"grade3"},"geometry":{"type":"LineString","coordinates":[[-16.4103797,15.9775568],[-16.4105393,15.977981],[-16.4121352,15.9795991]]}},{"type":"Feature","properties":{"full_id":"w997490269","Type de vo":"piste rurale","Ruines":null,"Niveau":null,"Pont":null,"Abandonné":null,"État de s":null,"Moto autor":null,"motorcar":null,"Véhicule ":null,"Accès":null,"Praticabil":null,"surface":"Non revêtu","Sens uniqu":null,"Type de pi":null},"geometry":{"type":"LineString","coordinates":[[-16.3698542,16.1009016],[-16.3712114,16.1024942],[-16.3719145,16.1039857]]}},{"type":"Feature","properties":{"full_id":"w1013624864","Type de vo":"piste rurale","Ruines":null,"Niveau":null,"Pont":null,"Abandonné":null,"État de s":null,"Moto autor":null,"motorcar":null,"Véhicule ":null,"Accès":null,"Praticabil":null,"surface":null,"Sens uniqu":null,"Type de pi":null},"geometry":{"type":"LineString","coordinates":[[-16.493676044738745,15.947888652758966],[-16.4937643,15.9487036],[-16.4935816,15.9491937]]}},{"type":"Feature","properties":{"full_id":"w1013624865","Type de vo":"piste rurale","Ruines":null,"Niveau":null,"Pont":null,"Abandonné":null,"État de s":null,"Moto autor":null,"motorcar":null,"Véhicule ":null,"Accès":null,"Praticabil":null,"surface":null,"Sens uniqu":null,"Type de pi":null},"geometry":{"type":"LineString","coordinates":[[-16.49360713720319,15.94789378233517],[-16.4936249,15.947895]]}},{"type":"Feature","properties":{"full_id":"w1013927544","Type de vo":"piste rurale","Ruines":null,"Niveau":null,"Pont":null,"Abandonné":null,"État de s":null,"Moto autor":null,"motorcar":null,"Véhicule ":null,"Accès":null,"Praticabil":null,"surface":null,"Sens uniqu":null,"Type de pi":null},"geometry":{"type":"LineString","coordinates":[[-16.4928982,15.9504701],[-16.4929977,15.9499709],[-16.4933074,15.9500029]]}},{"type":"Feature","properties":{"full_id":"w1013927546","Type de vo":"piste rurale","Ruines":null,"Niveau":null,"Pont":null,"Abandonné":null,"État de s":null,"Moto autor":null,"motorcar":null,"Véhicule ":null,"Accès":null,"Praticabil":null,"surface":null,"Sens uniqu":null,"Type de pi":null},"geometry":{"type":"LineString","coordinates":[[-16.4938158,15.9500728],[-16.4938306,15.9504719],[-16.4936624,15.9505929]]}},{"type":"Feature","properties":{"full_id":"w1014222388","Type de vo":"piste rurale","Ruines":null,"Niveau":null,"Pont":null,"Abandonné":null,"État de s":null,"Moto autor":null,"motorcar":null,"Véhicule ":null,"Accès":null,"Praticabil":null,"surface":null,"Sens uniqu":null,"Type de pi":null},"geometry":{"type":"LineString","coordinates":[[-16.4467173,16.0630697],[-16.4449994,16.0632901]]}},{"type":"Feature","properties":{"full_id":"w1014222389","Type de vo":"piste rurale","Ruines":null,"Niveau":null,"Pont":null,"Abandonné":null,"État de s":null,"Moto autor":null,"motorcar":null,"Véhicule ":null,"Accès":null,"Praticabil":null,"surface":null,"Sens uniqu":null,"Type de pi":null},"geometry":{"type":"LineString","coordinates":[[-16.4464901,16.0608777],[-16.4446233,16.06171]]}},{"type":"Feature","properties":{"full_id":"w1014222390","Type de vo":"piste rurale","Ruines":null,"Niveau":null,"Pont":null,"Abandonné":null,"État de s":null,"Moto autor":null,"motorcar":null,"Véhicule ":null,"Accès":null,"Praticabil":null,"surface":null,"Sens uniqu":null,"Type de pi":null},"geometry":{"type":"LineString","coordinates":[[-16.4465181,16.0619641],[-16.4447348,16.0622011]]}},{"type":"Feature","properties":{"full_id":"w1014222391","Type de vo":"piste rurale","Ruines":null,"Niveau":null,"Pont":null,"Abandonné":null,"État de s":null,"Moto autor":null,"motorcar":null,"Véhicule ":null,"Accès":null,"Praticabil":null,"surface":null,"Sens uniqu":null,"Type de pi":null},"geometry":{"type":"LineString","coordinates":[[-16.446606,16.0625319],[-16.4448568,16.0627381]]}},{"type":"Feature","properties":{"full_id":"w1014224110","Type de vo":"piste rurale","Ruines":null,"Niveau":null,"Pont":null,"Abandonné":null,"État de s":null,"Moto autor":null,"motorcar":null,"Véhicule ":null,"Accès":null,"Praticabil":null,"surface":null,"Sens uniqu":null,"Type de pi":null},"geometry":{"type":"LineString","coordinates":[[-16.448085646041736,16.064180001803415],[-16.4476061,16.0644112],[-16.4470614,16.0656613],[-16.4470654,16.0663801],[-16.4464756,16.0667526]]}},{"type":"Feature","properties":{"full_id":"w1014224111","Type de vo":"piste rurale","Ruines":null,"Niveau":null,"Pont":null,"Abandonné":null,"État de s":null,"Moto autor":null,"motorcar":null,"Véhicule ":null,"Accès":null,"Praticabil":null,"surface":null,"Sens uniqu":null,"Type de pi":null},"geometry":{"type":"LineString","coordinates":[[-16.448343772759397,16.064685742436048],[-16.4481144,16.0657342],[-16.4470791,16.0662327]]}},{"type":"Feature","properties":{"full_id":"w1014224112","Type de vo":"piste rurale","Ruines":null,"Niveau":null,"Pont":null,"Abandonné":null,"État de s":null,"Moto autor":null,"motorcar":null,"Véhicule ":null,"Accès":null,"Praticabil":null,"surface":null,"Sens uniqu":null,"Type de pi":null},"geometry":{"type":"LineString","coordinates":[[-16.4464742,16.0646289],[-16.4470588,16.0658594]]}},{"type":"Feature","properties":{"full_id":"w1014224113","Type de vo":"piste rurale","Ruines":null,"Niveau":null,"Pont":null,"Abandonné":null,"État de s":null,"Moto autor":null,"motorcar":null,"Véhicule ":null,"Accès":null,"Praticabil":null,"surface":null,"Sens uniqu":null,"Type de pi":null},"geometry":{"type":"LineString","coordinates":[[-16.4459451,16.065648],[-16.4464756,16.0667526]]}},{"type":"Feature","properties":{"full_id":"w1014486522","Type de vo":"piste rurale","Ruines":null,"Niveau":null,"Pont":null,"Abandonné":null,"État de s":null,"Moto autor":null,"motorcar":null,"Véhicule ":null,"Accès":null,"Praticabil":null,"surface":null,"Sens uniqu":null,"Type de pi":null},"geometry":{"type":"LineString","coordinates":[[-16.446003855147964,16.059090939193208],[-16.4436106,16.0570115]]}},{"type":"Feature","properties":{"full_id":"w1014486523","Type de vo":"piste rurale","Ruines":null,"Niveau":null,"Pont":null,"Abandonné":null,"État de s":null,"Moto autor":null,"motorcar":null,"Véhicule ":null,"Accès":null,"Praticabil":null,"surface":null,"Sens uniqu":null,"Type de pi":null},"geometry":{"type":"LineString","coordinates":[[-16.443533,16.0570105],[-16.445140120406204,16.057036525039518]]}},{"type":"Feature","properties":{"full_id":"w1014486524","Type de vo":"piste rurale","Ruines":null,"Niveau":null,"Pont":null,"Abandonné":null,"État de s":null,"Moto autor":null,"motorcar":null,"Véhicule ":null,"Accès":null,"Praticabil":null,"surface":null,"Sens uniqu":null,"Type de pi":null},"geometry":{"type":"LineString","coordinates":[[-16.445372920252524,16.057590245153037],[-16.4453659,16.0581048],[-16.4451812,16.0582926]]}},{"type":"Feature","properties":{"full_id":"w1014497103","Type de vo":"piste rurale","Ruines":null,"Niveau":null,"Pont":null,"Abandonné":null,"État de s":null,"Moto autor":null,"motorcar":null,"Véhicule ":null,"Accès":null,"Praticabil":null,"surface":null,"Sens uniqu":null,"Type de pi":null},"geometry":{"type":"LineString","coordinates":[[-16.443533,16.0570105],[-16.444359,16.0592368],[-16.4462165,16.0609979]]}},{"type":"Feature","properties":{"full_id":"w1014497104","Type de vo":"piste rurale","Ruines":null,"Niveau":null,"Pont":null,"Abandonné":null,"État de s":null,"Moto autor":null,"motorcar":null,"Véhicule ":null,"Accès":null,"Praticabil":null,"surface":null,"Sens uniqu":null,"Type de pi":null},"geometry":{"type":"LineString","coordinates":[[-16.4446233,16.06171],[-16.4412121,16.0631633],[-16.441067,16.0637494]]}},{"type":"Feature","properties":{"full_id":"w1014497119","Type de vo":"piste rurale","Ruines":null,"Niveau":"-1","Pont":null,"Abandonné":null,"État de s":null,"Moto autor":null,"motorcar":null,"Véhicule ":null,"Accès":null,"Praticabil":null,"surface":null,"Sens uniqu":null,"Type de pi":null},"geometry":{"type":"LineString","coordinates":[[-16.443925373100754,16.054147218940304],[-16.4433484,16.0545827]]}},{"type":"Feature","properties":{"full_id":"w1014497120","Type de vo":"piste rurale","Ruines":null,"Niveau":null,"Pont":null,"Abandonné":null,"État de s":null,"Moto autor":null,"motorcar":null,"Véhicule ":null,"Accès":null,"Praticabil":null,"surface":null,"Sens uniqu":null,"Type de pi":null},"geometry":{"type":"LineString","coordinates":[[-16.443758142717275,16.05374945739369],[-16.4430426,16.0542179]]}},{"type":"Feature","properties":{"full_id":"w1014497145","Type de vo":"piste rurale","Ruines":null,"Niveau":null,"Pont":null,"Abandonné":null,"État de s":null,"Moto autor":null,"motorcar":null,"Véhicule ":null,"Accès":null,"Praticabil":null,"surface":null,"Sens uniqu":null,"Type de pi":null},"geometry":{"type":"LineString","coordinates":[[-16.4362159,16.048268],[-16.4362877,16.0487142]]}},{"type":"Feature","properties":{"full_id":"w1014500203","Type de vo":"piste rurale","Ruines":null,"Niveau":null,"Pont":null,"Abandonné":null,"État de s":null,"Moto autor":null,"motorcar":null,"Véhicule ":null,"Accès":null,"Praticabil":null,"surface":null,"Sens uniqu":null,"Type de pi":null},"geometry":{"type":"LineString","coordinates":[[-16.440648309360927,16.04689186355339],[-16.4402595,16.0470896],[-16.4398607,16.0469182]]}},{"type":"Feature","properties":{"full_id":"w1014500204","Type de vo":"piste rurale","Ruines":null,"Niveau":null,"Pont":null,"Abandonné":null,"État de s":null,"Moto autor":null,"motorcar":null,"Véhicule ":null,"Accès":null,"Praticabil":null,"surface":null,"Sens uniqu":null,"Type de pi":null},"geometry":{"type":"LineString","coordinates":[[-16.441379064489375,16.04852665283761],[-16.4413485,16.0486376]]}},{"type":"Feature","properties":{"full_id":"w1014500211","Type de vo":"piste rurale","Ruines":null,"Niveau":null,"Pont":null,"Abandonné":null,"État de s":null,"Moto autor":null,"motorcar":null,"Véhicule ":null,"Accès":null,"Praticabil":null,"surface":null,"Sens uniqu":null,"Type de pi":null},"geometry":{"type":"LineString","coordinates":[[-16.440069523942014,16.045183780609282],[-16.4396525,16.0453975],[-16.4398607,16.0469182]]}},{"type":"Feature","properties":{"full_id":"w1014500213","Type de vo":"piste rurale","Ruines":null,"Niveau":null,"Pont":null,"Abandonné":null,"État de s":null,"Moto autor":null,"motorcar":null,"Véhicule ":null,"Accès":null,"Praticabil":null,"surface":null,"Sens uniqu":null,"Type de pi":null},"geometry":{"type":"LineString","coordinates":[[-16.439682,16.0448459],[-16.4397255,16.0452899]]}},{"type":"Feature","properties":{"full_id":"w1014500215","Type de vo":"piste rurale","Ruines":null,"Niveau":null,"Pont":null,"Abandonné":null,"État de s":null,"Moto autor":null,"motorcar":null,"Véhicule ":null,"Accès":null,"Praticabil":null,"surface":null,"Sens uniqu":null,"Type de pi":null},"geometry":{"type":"LineString","coordinates":[[-16.4397893,16.0444],[-16.4394325,16.0445804],[-16.4396525,16.0453975]]}},{"type":"Feature","properties":{"full_id":"w1014500216","Type de vo":"piste rurale","Ruines":null,"Niveau":null,"Pont":null,"Abandonné":null,"État de s":null,"Moto autor":null,"motorcar":null,"Véhicule ":null,"Accès":null,"Praticabil":null,"surface":null,"Sens uniqu":null,"Type de pi":null},"geometry":{"type":"LineString","coordinates":[[-16.439682,16.0448459],[-16.4395023,16.0449894]]}},{"type":"Feature","properties":{"full_id":"w1014500222","Type de vo":"piste rurale","Ruines":null,"Niveau":null,"Pont":null,"Abandonné":null,"État de s":null,"Moto autor":null,"motorcar":null,"Véhicule ":null,"Accès":null,"Praticabil":null,"surface":null,"Sens uniqu":null,"Type de pi":null},"geometry":{"type":"LineString","coordinates":[[-16.4394325,16.0445804],[-16.4384038,16.0449674]]}},{"type":"Feature","properties":{"full_id":"w1014500223","Type de vo":"piste rurale","Ruines":null,"Niveau":null,"Pont":null,"Abandonné":null,"État de s":null,"Moto autor":null,"motorcar":null,"Véhicule ":null,"Accès":null,"Praticabil":null,"surface":null,"Sens uniqu":null,"Type de pi":null},"geometry":{"type":"LineString","coordinates":[[-16.4392103,16.0462651],[-16.4381154,16.0467787],[-16.4374324,16.0473093],[-16.4373755,16.0475609]]}},{"type":"Feature","properties":{"full_id":"w1014501442","Type de vo":"piste rurale","Ruines":null,"Niveau":null,"Pont":null,"Abandonné":null,"État de s":null,"Moto autor":null,"motorcar":null,"Véhicule ":null,"Accès":null,"Praticabil":null,"surface":null,"Sens uniqu":null,"Type de pi":null},"geometry":{"type":"LineString","coordinates":[[-16.4358165,16.0528838],[-16.4357239,16.0523928]]}},{"type":"Feature","properties":{"full_id":"w1014501444","Type de vo":"piste rurale","Ruines":null,"Niveau":null,"Pont":null,"Abandonné":null,"État de s":null,"Moto autor":null,"motorcar":null,"Véhicule ":null,"Accès":null,"Praticabil":null,"surface":null,"Sens uniqu":null,"Type de pi":null},"geometry":{"type":"LineString","coordinates":[[-16.4338577,16.0532749],[-16.4337544,16.0537764]]}},{"type":"Feature","properties":{"full_id":"w1014501446","Type de vo":"piste rurale","Ruines":null,"Niveau":null,"Pont":null,"Abandonné":null,"État de s":null,"Moto autor":null,"motorcar":null,"Véhicule ":null,"Accès":null,"Praticabil":null,"surface":null,"Sens uniqu":null,"Type de pi":null},"geometry":{"type":"LineString","coordinates":[[-16.4351322,16.0545003],[-16.4358153,16.0535717],[-16.4362308,16.053265]]}},{"type":"Feature","properties":{"full_id":"w1014501456","Type de vo":"piste rurale","Ruines":null,"Niveau":null,"Pont":null,"Abandonné":null,"État de s":null,"Moto autor":null,"motorcar":null,"Véhicule ":null,"Accès":null,"Praticabil":null,"surface":null,"Sens uniqu":null,"Type de pi":null},"geometry":{"type":"LineString","coordinates":[[-16.4317292,16.0563698],[-16.4322513,16.0567416],[-16.4325145,16.0575002]]}},{"type":"Feature","properties":{"full_id":"w1014501459","Type de vo":"piste rurale","Ruines":null,"Niveau":null,"Pont":null,"Abandonné":null,"État de s":null,"Moto autor":null,"motorcar":null,"Véhicule ":null,"Accès":null,"Praticabil":null,"surface":null,"Sens uniqu":null,"Type de pi":null},"geometry":{"type":"LineString","coordinates":[[-16.4332214,16.0563574],[-16.4329365,16.057841],[-16.4331804,16.0581653],[-16.4319018,16.0591834]]}},{"type":"Feature","properties":{"full_id":"w1014504163","Type de vo":"piste rurale","Ruines":null,"Niveau":null,"Pont":null,"Abandonné":null,"État de s":null,"Moto autor":null,"motorcar":null,"Véhicule ":null,"Accès":null,"Praticabil":null,"surface":null,"Sens uniqu":null,"Type de pi":null},"geometry":{"type":"LineString","coordinates":[[-16.4441809,16.0671532],[-16.4431583,16.0675729]]}},{"type":"Feature","properties":{"full_id":"w1014504168","Type de vo":"piste rurale","Ruines":null,"Niveau":null,"Pont":null,"Abandonné":null,"État de s":null,"Moto autor":null,"motorcar":null,"Véhicule ":null,"Accès":null,"Praticabil":null,"surface":null,"Sens uniqu":null,"Type de pi":null},"geometry":{"type":"LineString","coordinates":[[-16.4351364,16.0698849],[-16.43394,16.0725023]]}},{"type":"Feature","properties":{"full_id":"w1014504385","Type de vo":"piste rurale","Ruines":null,"Niveau":null,"Pont":null,"Abandonné":null,"État de s":null,"Moto autor":null,"motorcar":null,"Véhicule ":null,"Accès":null,"Praticabil":null,"surface":null,"Sens uniqu":null,"Type de pi":null},"geometry":{"type":"LineString","coordinates":[[-16.4273717,16.0702917],[-16.4262408,16.0706112]]}},{"type":"Feature","properties":{"full_id":"w1014504386","Type de vo":"piste rurale","Ruines":null,"Niveau":null,"Pont":null,"Abandonné":null,"État de s":null,"Moto autor":null,"motorcar":null,"Véhicule ":null,"Accès":null,"Praticabil":null,"surface":null,"Sens uniqu":null,"Type de pi":null},"geometry":{"type":"LineString","coordinates":[[-16.4273143,16.0690745],[-16.4261668,16.0694424],[-16.4263054,16.0698036],[-16.4254643,16.0703543],[-16.4255413,16.0705289],[-16.4253956,16.0707496]]}},{"type":"Feature","properties":{"full_id":"w1014504392","Type de vo":"piste rurale","Ruines":null,"Niveau":null,"Pont":null,"Abandonné":null,"État de s":null,"Moto autor":null,"motorcar":null,"Véhicule ":null,"Accès":null,"Praticabil":null,"surface":null,"Sens uniqu":null,"Type de pi":null},"geometry":{"type":"LineString","coordinates":[[-16.4309109,16.0664949],[-16.4309956,16.0662145],[-16.4307603,16.0661025]]}},{"type":"Feature","properties":{"full_id":"w1014506855","Type de vo":"piste rurale","Ruines":null,"Niveau":null,"Pont":null,"Abandonné":null,"État de s":null,"Moto autor":null,"motorcar":null,"Véhicule ":null,"Accès":null,"Praticabil":null,"surface":null,"Sens uniqu":null,"Type de pi":null},"geometry":{"type":"LineString","coordinates":[[-16.4104456,16.0571379],[-16.4106766,16.0576731]]}},{"type":"Feature","properties":{"full_id":"w1014506860","Type de vo":"piste rurale","Ruines":null,"Niveau":null,"Pont":null,"Abandonné":null,"État de s":null,"Moto autor":null,"motorcar":null,"Véhicule ":null,"Accès":null,"Praticabil":null,"surface":null,"Sens uniqu":null,"Type de pi":null},"geometry":{"type":"LineString","coordinates":[[-16.4116953,16.0549169],[-16.4114489,16.0537947],[-16.4116584,16.0527702],[-16.4113721,16.0524174]]}},{"type":"Feature","properties":{"full_id":"w1014506875","Type de vo":"piste rurale","Ruines":null,"Niveau":null,"Pont":null,"Abandonné":null,"État de s":null,"Moto autor":null,"motorcar":null,"Véhicule ":null,"Accès":null,"Praticabil":null,"surface":null,"Sens uniqu":null,"Type de pi":null},"geometry":{"type":"LineString","coordinates":[[-16.4133831,16.0525689],[-16.4123965,16.053454],[-16.4123608,16.0553462]]}},{"type":"Feature","properties":{"full_id":"w1014506884","Type de vo":"piste rurale","Ruines":null,"Niveau":null,"Pont":null,"Abandonné":null,"État de s":null,"Moto autor":null,"motorcar":null,"Véhicule ":null,"Accès":null,"Praticabil":null,"surface":null,"Sens uniqu":null,"Type de pi":null},"geometry":{"type":"LineString","coordinates":[[-16.4151031,16.0544563],[-16.4149494,16.0546579],[-16.4142113,16.054836]]}},{"type":"Feature","properties":{"full_id":"w1014506887","Type de vo":"piste rurale","Ruines":null,"Niveau":null,"Pont":null,"Abandonné":null,"État de s":null,"Moto autor":null,"motorcar":null,"Véhicule ":null,"Accès":null,"Praticabil":null,"surface":null,"Sens uniqu":null,"Type de pi":null},"geometry":{"type":"LineString","coordinates":[[-16.4135176,16.0515482],[-16.4128908,16.0520911],[-16.4122807,16.0523043],[-16.4115447,16.0521749]]}},{"type":"Feature","properties":{"full_id":"w1014506888","Type de vo":"piste rurale","Ruines":null,"Niveau":null,"Pont":null,"Abandonné":null,"État de s":null,"Moto autor":null,"motorcar":null,"Véhicule ":null,"Accès":null,"Praticabil":null,"surface":null,"Sens uniqu":null,"Type de pi":null},"geometry":{"type":"LineString","coordinates":[[-16.4133831,16.0525689],[-16.4123747,16.0522714]]}},{"type":"Feature","properties":{"full_id":"w1014506890","Type de vo":"piste rurale","Ruines":null,"Niveau":null,"Pont":null,"Abandonné":null,"État de s":null,"Moto autor":null,"motorcar":null,"Véhicule ":null,"Accès":null,"Praticabil":null,"surface":null,"Sens uniqu":null,"Type de pi":null},"geometry":{"type":"LineString","coordinates":[[-16.4158345,16.049755],[-16.4147343,16.0493273],[-16.413775,16.0511732]]}},{"type":"Feature","properties":{"full_id":"w1014506891","Type de vo":"piste rurale","Ruines":null,"Niveau":null,"Pont":null,"Abandonné":null,"État de s":null,"Moto autor":null,"motorcar":null,"Véhicule ":null,"Accès":null,"Praticabil":null,"surface":null,"Sens uniqu":null,"Type de pi":null},"geometry":{"type":"LineString","coordinates":[[-16.4147343,16.0493273],[-16.4157991,16.0467156],[-16.4164555,16.04703]]}},{"type":"Feature","properties":{"full_id":"w1014517079","Type de vo":"piste rurale","Ruines":null,"Niveau":null,"Pont":null,"Abandonné":null,"État de s":null,"Moto autor":null,"motorcar":null,"Véhicule ":null,"Accès":null,"Praticabil":null,"surface":null,"Sens uniqu":null,"Type de pi":null},"geometry":{"type":"LineString","coordinates":[[-16.4253525,16.0558272],[-16.425917,16.0560937]]}},{"type":"Feature","properties":{"full_id":"w1014517090","Type de vo":"piste rurale","Ruines":null,"Niveau":null,"Pont":null,"Abandonné":null,"État de s":null,"Moto autor":null,"motorcar":null,"Véhicule ":null,"Accès":null,"Praticabil":null,"surface":null,"Sens uniqu":null,"Type de pi":null},"geometry":{"type":"LineString","coordinates":[[-16.4269758,16.054191],[-16.4273342,16.0546263]]}},{"type":"Feature","properties":{"full_id":"w1014940080","Type de vo":"piste rurale","Ruines":null,"Niveau":null,"Pont":null,"Abandonné":null,"État de s":null,"Moto autor":null,"motorcar":null,"Véhicule ":null,"Accès":null,"Praticabil":null,"surface":null,"Sens uniqu":null,"Type de pi":null},"geometry":{"type":"LineString","coordinates":[[-16.4369297,16.0431626],[-16.435338,16.0432669],[-16.4348619,16.0430922]]}},{"type":"Feature","properties":{"full_id":"w1014942360","Type de vo":"piste rurale","Ruines":null,"Niveau":null,"Pont":null,"Abandonné":null,"État de s":null,"Moto autor":null,"motorcar":null,"Véhicule ":null,"Accès":null,"Praticabil":null,"surface":null,"Sens uniqu":null,"Type de pi":null},"geometry":{"type":"LineString","coordinates":[[-16.44227859156136,16.03277770206806],[-16.4420632,16.0331896],[-16.4410828,16.0332475]]}},{"type":"Feature","properties":{"full_id":"w1014943307","Type de vo":"piste rurale","Ruines":null,"Niveau":null,"Pont":null,"Abandonné":null,"État de s":null,"Moto autor":null,"motorcar":null,"Véhicule ":null,"Accès":null,"Praticabil":null,"surface":null,"Sens uniqu":null,"Type de pi":null},"geometry":{"type":"LineString","coordinates":[[-16.441144879014335,16.036693509486867],[-16.4402509,16.0365904]]}},{"type":"Feature","properties":{"full_id":"w1014946161","Type de vo":"piste rurale","Ruines":null,"Niveau":null,"Pont":null,"Abandonné":null,"État de s":null,"Moto autor":null,"motorcar":null,"Véhicule ":null,"Accès":null,"Praticabil":null,"surface":null,"Sens uniqu":null,"Type de pi":null},"geometry":{"type":"LineString","coordinates":[[-16.4379257,16.0377213],[-16.4384868,16.0375432],[-16.4383952,16.0372746]]}},{"type":"Feature","properties":{"full_id":"w1014946179","Type de vo":"piste rurale","Ruines":null,"Niveau":null,"Pont":null,"Abandonné":null,"État de s":null,"Moto autor":null,"motorcar":null,"Véhicule ":null,"Accès":null,"Praticabil":null,"surface":null,"Sens uniqu":null,"Type de pi":null},"geometry":{"type":"LineString","coordinates":[[-16.4332489,16.0389689],[-16.4337185,16.0374252]]}},{"type":"Feature","properties":{"full_id":"w1014946180","Type de vo":"piste rurale","Ruines":null,"Niveau":null,"Pont":null,"Abandonné":null,"État de s":null,"Moto autor":null,"motorcar":null,"Véhicule ":null,"Accès":null,"Praticabil":null,"surface":null,"Sens uniqu":null,"Type de pi":null},"geometry":{"type":"LineString","coordinates":[[-16.4339178,16.0366819],[-16.4337882,16.0360989]]}},{"type":"Feature","properties":{"full_id":"w1014948179","Type de vo":"piste rurale","Ruines":null,"Niveau":null,"Pont":null,"Abandonné":null,"État de s":null,"Moto autor":null,"motorcar":null,"Véhicule ":null,"Accès":null,"Praticabil":null,"surface":null,"Sens uniqu":null,"Type de pi":null},"geometry":{"type":"LineString","coordinates":[[-16.4346055,16.0353956],[-16.4337078,16.0357316],[-16.4337882,16.0360989]]}},{"type":"Feature","properties":{"full_id":"w1014948180","Type de vo":"piste rurale","Ruines":null,"Niveau":null,"Pont":null,"Abandonné":null,"État de s":null,"Moto autor":null,"motorcar":null,"Véhicule ":null,"Accès":null,"Praticabil":null,"surface":null,"Sens uniqu":null,"Type de pi":null},"geometry":{"type":"LineString","coordinates":[[-16.4343672,16.0348489],[-16.433204,16.0353379]]}},{"type":"Feature","properties":{"full_id":"w1014948184","Type de vo":"piste rurale","Ruines":null,"Niveau":null,"Pont":null,"Abandonné":null,"État de s":null,"Moto autor":null,"motorcar":null,"Véhicule ":null,"Accès":null,"Praticabil":null,"surface":null,"Sens uniqu":null,"Type de pi":null},"geometry":{"type":"LineString","coordinates":[[-16.4341512,16.0342544],[-16.4319782,16.0337594],[-16.4301574,16.0337784]]}},{"type":"Feature","properties":{"full_id":"w1014948185","Type de vo":"piste rurale","Ruines":null,"Niveau":null,"Pont":null,"Abandonné":null,"État de s":null,"Moto autor":null,"motorcar":null,"Véhicule ":null,"Accès":null,"Praticabil":null,"surface":null,"Sens uniqu":null,"Type de pi":null},"geometry":{"type":"LineString","coordinates":[[-16.4337518,16.0341271],[-16.433377,16.0328503],[-16.4344361,16.0326345]]}},{"type":"Feature","properties":{"full_id":"w1014948186","Type de vo":"piste rurale","Ruines":null,"Niveau":null,"Pont":null,"Abandonné":null,"État de s":null,"Moto autor":null,"motorcar":null,"Véhicule ":null,"Accès":null,"Praticabil":null,"surface":null,"Sens uniqu":null,"Type de pi":null},"geometry":{"type":"LineString","coordinates":[[-16.433252,16.0339982],[-16.4331104,16.0337629],[-16.4326977,16.0336331],[-16.4317916,16.0329552]]}},{"type":"Feature","properties":{"full_id":"w1014948187","Type de vo":"piste rurale","Ruines":null,"Niveau":null,"Pont":null,"Abandonné":null,"État de s":null,"Moto autor":null,"motorcar":null,"Véhicule ":null,"Accès":null,"Praticabil":null,"surface":null,"Sens uniqu":null,"Type de pi":null},"geometry":{"type":"LineString","coordinates":[[-16.4328512,16.0337162],[-16.4327597,16.033261],[-16.4323497,16.0326331]]}},{"type":"Feature","properties":{"full_id":"w1014948188","Type de vo":"piste rurale","Ruines":null,"Niveau":null,"Pont":null,"Abandonné":null,"État de s":null,"Moto autor":null,"motorcar":null,"Véhicule ":null,"Accès":null,"Praticabil":null,"surface":null,"Sens uniqu":null,"Type de pi":null},"geometry":{"type":"LineString","coordinates":[[-16.4316166,16.0337594],[-16.433204,16.0353379]]}},{"type":"Feature","properties":{"full_id":"w1014948211","Type de vo":"piste rurale","Ruines":null,"Niveau":null,"Pont":null,"Abandonné":null,"État de s":null,"Moto autor":null,"motorcar":null,"Véhicule ":null,"Accès":null,"Praticabil":null,"surface":null,"Sens uniqu":null,"Type de pi":null},"geometry":{"type":"LineString","coordinates":[[-16.4387908,16.0249472],[-16.4388811,16.0247892],[-16.440881,16.0242194]]}},{"type":"Feature","properties":{"full_id":"w1014948212","Type de vo":"piste rurale","Ruines":null,"Niveau":null,"Pont":null,"Abandonné":null,"État de s":null,"Moto autor":null,"motorcar":null,"Véhicule ":null,"Accès":null,"Praticabil":null,"surface":null,"Sens uniqu":null,"Type de pi":null},"geometry":{"type":"LineString","coordinates":[[-16.4350753,16.0316852],[-16.4346312,16.0321577],[-16.4344361,16.0326345]]}},{"type":"Feature","properties":{"full_id":"w1014951259","Type de vo":"piste rurale","Ruines":null,"Niveau":null,"Pont":null,"Abandonné":null,"État de s":null,"Moto autor":null,"motorcar":null,"Véhicule ":null,"Accès":null,"Praticabil":null,"surface":null,"Sens uniqu":null,"Type de pi":null},"geometry":{"type":"LineString","coordinates":[[-16.4304814,16.0404658],[-16.4299316,16.0398784],[-16.4273259,16.0383431]]}},{"type":"Feature","properties":{"full_id":"w1014951271","Type de vo":"piste rurale","Ruines":null,"Niveau":null,"Pont":null,"Abandonné":null,"État de s":null,"Moto autor":null,"motorcar":null,"Véhicule ":null,"Accès":null,"Praticabil":null,"surface":null,"Sens uniqu":null,"Type de pi":null},"geometry":{"type":"LineString","coordinates":[[-16.428135,16.042038],[-16.4285519,16.0429386],[-16.4290838,16.0434265]]}},{"type":"Feature","properties":{"full_id":"w1014951272","Type de vo":"piste rurale","Ruines":null,"Niveau":null,"Pont":null,"Abandonné":null,"État de s":null,"Moto autor":null,"motorcar":null,"Véhicule ":null,"Accès":null,"Praticabil":null,"surface":null,"Sens uniqu":null,"Type de pi":null},"geometry":{"type":"LineString","coordinates":[[-16.4288786,16.0432373],[-16.4292819,16.0425797],[-16.4296704,16.0423081]]}},{"type":"Feature","properties":{"full_id":"w1014951273","Type de vo":"piste rurale","Ruines":null,"Niveau":null,"Pont":null,"Abandonné":null,"État de s":null,"Moto autor":null,"motorcar":null,"Véhicule ":null,"Accès":null,"Praticabil":null,"surface":null,"Sens uniqu":null,"Type de pi":null},"geometry":{"type":"LineString","coordinates":[[-16.4294913,16.0434835],[-16.4299625,16.0437819]]}},{"type":"Feature","properties":{"full_id":"w1014953020","Type de vo":"piste rurale","Ruines":null,"Niveau":null,"Pont":null,"Abandonné":null,"État de s":null,"Moto autor":null,"motorcar":null,"Véhicule ":null,"Accès":null,"Praticabil":null,"surface":null,"Sens uniqu":null,"Type de pi":null},"geometry":{"type":"LineString","coordinates":[[-16.4287462,16.043784],[-16.4278061,16.0431371]]}},{"type":"Feature","properties":{"full_id":"w1014953023","Type de vo":"piste rurale","Ruines":null,"Niveau":null,"Pont":null,"Abandonné":null,"État de s":null,"Moto autor":null,"motorcar":null,"Véhicule ":null,"Accès":null,"Praticabil":null,"surface":null,"Sens uniqu":null,"Type de pi":null},"geometry":{"type":"LineString","coordinates":[[-16.428481,16.0427841],[-16.4277441,16.0423843],[-16.4272415,16.0430263],[-16.4266634,16.0430638]]}},{"type":"Feature","properties":{"full_id":"w1014953031","Type de vo":"piste rurale","Ruines":null,"Niveau":null,"Pont":null,"Abandonné":null,"État de s":null,"Moto autor":null,"motorcar":null,"Véhicule ":null,"Accès":null,"Praticabil":null,"surface":null,"Sens uniqu":null,"Type de pi":null},"geometry":{"type":"LineString","coordinates":[[-16.4259876,16.0467705],[-16.4253406,16.0468887]]}},{"type":"Feature","properties":{"full_id":"w1014953044","Type de vo":"piste rurale","Ruines":null,"Niveau":null,"Pont":null,"Abandonné":null,"État de s":null,"Moto autor":null,"motorcar":null,"Véhicule ":null,"Accès":null,"Praticabil":null,"surface":null,"Sens uniqu":null,"Type de pi":null},"geometry":{"type":"LineString","coordinates":[[-16.4266634,16.0430638],[-16.4269578,16.042563],[-16.4277181,16.0424092]]}},{"type":"Feature","properties":{"full_id":"w1014953045","Type de vo":"piste rurale","Ruines":null,"Niveau":null,"Pont":null,"Abandonné":null,"État de s":null,"Moto autor":null,"motorcar":null,"Véhicule ":null,"Accès":null,"Praticabil":null,"surface":null,"Sens uniqu":null,"Type de pi":null},"geometry":{"type":"LineString","coordinates":[[-16.4269025,16.0426831],[-16.4262277,16.0428469]]}},{"type":"Feature","properties":{"full_id":"w1014953047","Type de vo":"piste rurale","Ruines":null,"Niveau":null,"Pont":null,"Abandonné":null,"État de s":null,"Moto autor":null,"motorcar":null,"Véhicule ":null,"Accès":null,"Praticabil":null,"surface":null,"Sens uniqu":null,"Type de pi":null},"geometry":{"type":"LineString","coordinates":[[-16.4255616,16.0431768],[-16.424968,16.0438998],[-16.4235829,16.0442007]]}},{"type":"Feature","properties":{"full_id":"w1014953048","Type de vo":"piste rurale","Ruines":null,"Niveau":null,"Pont":null,"Abandonné":null,"État de s":null,"Moto autor":null,"motorcar":null,"Véhicule ":null,"Accès":null,"Praticabil":null,"surface":null,"Sens uniqu":null,"Type de pi":null},"geometry":{"type":"LineString","coordinates":[[-16.4259004,16.0439884],[-16.4249998,16.0438805]]}},{"type":"Feature","properties":{"full_id":"w1014953049","Type de vo":"piste rurale","Ruines":null,"Niveau":null,"Pont":null,"Abandonné":null,"État de s":null,"Moto autor":null,"motorcar":null,"Véhicule ":null,"Accès":null,"Praticabil":null,"surface":null,"Sens uniqu":null,"Type de pi":null},"geometry":{"type":"LineString","coordinates":[[-16.4244475,16.0440607],[-16.424706,16.0450594]]}},{"type":"Feature","properties":{"full_id":"w1014953920","Type de vo":"piste rurale","Ruines":null,"Niveau":null,"Pont":null,"Abandonné":null,"État de s":null,"Moto autor":null,"motorcar":null,"Véhicule ":null,"Accès":null,"Praticabil":null,"surface":null,"Sens uniqu":null,"Type de pi":null},"geometry":{"type":"LineString","coordinates":[[-16.4277152,16.0472481],[-16.4280027,16.0475111],[-16.4281145,16.0480638]]}},{"type":"Feature","properties":{"full_id":"w1014956051","Type de vo":"piste rurale","Ruines":null,"Niveau":null,"Pont":null,"Abandonné":null,"État de s":null,"Moto autor":null,"motorcar":null,"Véhicule ":null,"Accès":null,"Praticabil":null,"surface":null,"Sens uniqu":null,"Type de pi":null},"geometry":{"type":"LineString","coordinates":[[-16.4277767,16.0484308],[-16.4261682,16.0501126],[-16.4258678,16.0502039]]}},{"type":"Feature","properties":{"full_id":"w1014956052","Type de vo":"piste rurale","Ruines":null,"Niveau":null,"Pont":null,"Abandonné":null,"État de s":null,"Moto autor":null,"motorcar":null,"Véhicule ":null,"Accès":null,"Praticabil":null,"surface":null,"Sens uniqu":null,"Type de pi":null},"geometry":{"type":"LineString","coordinates":[[-16.4269261,16.0493202],[-16.4267344,16.0492074],[-16.4266314,16.0488513]]}},{"type":"Feature","properties":{"full_id":"w1014956053","Type de vo":"piste rurale","Ruines":null,"Niveau":null,"Pont":null,"Abandonné":null,"État de s":null,"Moto autor":null,"motorcar":null,"Véhicule ":null,"Accès":null,"Praticabil":null,"surface":null,"Sens uniqu":null,"Type de pi":null},"geometry":{"type":"LineString","coordinates":[[-16.4304263,16.0505534],[-16.4296882,16.0511581]]}},{"type":"Feature","properties":{"full_id":"w1014956054","Type de vo":"piste rurale","Ruines":null,"Niveau":null,"Pont":null,"Abandonné":null,"État de s":null,"Moto autor":null,"motorcar":null,"Véhicule ":null,"Accès":null,"Praticabil":null,"surface":null,"Sens uniqu":null,"Type de pi":null},"geometry":{"type":"LineString","coordinates":[[-16.4268077,16.0510789],[-16.427352,16.0502214],[-16.4286147,16.0502303]]}},{"type":"Feature","properties":{"full_id":"w1014956899","Type de vo":"piste rurale","Ruines":null,"Niveau":null,"Pont":null,"Abandonné":null,"État de s":null,"Moto autor":null,"motorcar":null,"Véhicule ":null,"Accès":null,"Praticabil":null,"surface":null,"Sens uniqu":null,"Type de pi":null},"geometry":{"type":"LineString","coordinates":[[-16.4008888,16.054516],[-16.3995111,16.0532637]]}},{"type":"Feature","properties":{"full_id":"w1014956900","Type de vo":"piste rurale","Ruines":null,"Niveau":null,"Pont":null,"Abandonné":null,"État de s":null,"Moto autor":null,"motorcar":null,"Véhicule ":null,"Accès":null,"Praticabil":null,"surface":null,"Sens uniqu":null,"Type de pi":null},"geometry":{"type":"LineString","coordinates":[[-16.4011377,16.0537434],[-16.4000069,16.0542427],[-16.3987763,16.0553072],[-16.3985498,16.055599],[-16.398291,16.0570777]]}},{"type":"Feature","properties":{"full_id":"w1014959451","Type de vo":"piste rurale","Ruines":null,"Niveau":null,"Pont":null,"Abandonné":null,"État de s":null,"Moto autor":null,"motorcar":null,"Véhicule ":null,"Accès":null,"Praticabil":null,"surface":null,"Sens uniqu":null,"Type de pi":null},"geometry":{"type":"LineString","coordinates":[[-16.3889795,16.0663971],[-16.387944,16.0664299],[-16.3864474,16.0657701]]}},{"type":"Feature","properties":{"full_id":"w1014959452","Type de vo":"piste rurale","Ruines":null,"Niveau":null,"Pont":null,"Abandonné":null,"État de s":null,"Moto autor":null,"motorcar":null,"Véhicule ":null,"Accès":null,"Praticabil":null,"surface":null,"Sens uniqu":null,"Type de pi":null},"geometry":{"type":"LineString","coordinates":[[-16.387972,16.0657457],[-16.3871126,16.0657907],[-16.3854923,16.065506],[-16.3820611,16.0641973]]}},{"type":"Feature","properties":{"full_id":"w1014961250","Type de vo":"piste rurale","Ruines":null,"Niveau":null,"Pont":null,"Abandonné":null,"État de s":null,"Moto autor":null,"motorcar":null,"Véhicule ":null,"Accès":null,"Praticabil":null,"surface":null,"Sens uniqu":null,"Type de pi":null},"geometry":{"type":"LineString","coordinates":[[-16.3700931,16.0868839],[-16.3706663,16.0863526],[-16.3708086,16.0856065],[-16.3698769,16.0852231]]}},{"type":"Feature","properties":{"full_id":"w1014961272","Type de vo":"piste rurale","Ruines":null,"Niveau":null,"Pont":null,"Abandonné":null,"État de s":null,"Moto autor":null,"motorcar":null,"Véhicule ":null,"Accès":null,"Praticabil":null,"surface":null,"Sens uniqu":null,"Type de pi":null},"geometry":{"type":"LineString","coordinates":[[-16.3686773,16.0912056],[-16.3683511,16.0913108],[-16.367934,16.0919009],[-16.3674137,16.0932565],[-16.3668156,16.0934188],[-16.3661343,16.0942667]]}},{"type":"Feature","properties":{"full_id":"w1014961878","Type de vo":"piste rurale","Ruines":null,"Niveau":null,"Pont":null,"Abandonné":null,"État de s":null,"Moto autor":null,"motorcar":null,"Véhicule ":null,"Accès":null,"Praticabil":null,"surface":null,"Sens uniqu":null,"Type de pi":null},"geometry":{"type":"LineString","coordinates":[[-16.3702635,16.0941615],[-16.3706248,16.0947845],[-16.3711688,16.0949554]]}},{"type":"Feature","properties":{"full_id":"w1020155437","Type de vo":"piste rurale","Ruines":null,"Niveau":null,"Pont":null,"Abandonné":null,"État de s":null,"Moto autor":null,"motorcar":null,"Véhicule ":null,"Accès":null,"Praticabil":null,"surface":null,"Sens uniqu":null,"Type de pi":null},"geometry":{"type":"LineString","coordinates":[[-16.455541711827465,16.014062965727074],[-16.455529,16.0136245],[-16.454987,16.0113687]]}},{"type":"Feature","properties":{"full_id":"w1020156480","Type de vo":"piste rurale","Ruines":null,"Niveau":null,"Pont":null,"Abandonné":null,"État de s":null,"Moto autor":null,"motorcar":null,"Véhicule ":null,"Accès":null,"Praticabil":null,"surface":null,"Sens uniqu":null,"Type de pi":null},"geometry":{"type":"LineString","coordinates":[[-16.4443007,16.0223902],[-16.4441597,16.0237013],[-16.4443507,16.02403],[-16.444434394269884,16.024072888408764]]}},{"type":"Feature","properties":{"full_id":"w1020156481","Type de vo":"piste rurale","Ruines":null,"Niveau":null,"Pont":null,"Abandonné":null,"État de s":null,"Moto autor":null,"motorcar":null,"Véhicule ":null,"Accès":null,"Praticabil":null,"surface":null,"Sens uniqu":null,"Type de pi":null},"geometry":{"type":"LineString","coordinates":[[-16.4444034,16.0240682],[-16.4433925,16.0238316],[-16.4437622,16.0229461],[-16.4442878,16.022473]]}},{"type":"Feature","properties":{"full_id":"w1020156482","Type de vo":"piste rurale","Ruines":null,"Niveau":null,"Pont":null,"Abandonné":null,"État de s":null,"Moto autor":null,"motorcar":null,"Véhicule ":null,"Accès":null,"Praticabil":null,"surface":null,"Sens uniqu":null,"Type de pi":null},"geometry":{"type":"LineString","coordinates":[[-16.4440078,16.0222662],[-16.4437942,16.0229255]]}},{"type":"Feature","properties":{"full_id":"w1020156488","Type de vo":"piste rurale","Ruines":null,"Niveau":null,"Pont":null,"Abandonné":null,"État de s":null,"Moto autor":null,"motorcar":null,"Véhicule ":null,"Accès":null,"Praticabil":null,"surface":null,"Sens uniqu":null,"Type de pi":null},"geometry":{"type":"LineString","coordinates":[[-16.4433925,16.0238316],[-16.4419344,16.0259366],[-16.4418054,16.026403]]}},{"type":"Feature","properties":{"full_id":"w1020157406","Type de vo":"piste rurale","Ruines":null,"Niveau":null,"Pont":null,"Abandonné":null,"État de s":null,"Moto autor":null,"motorcar":null,"Véhicule ":null,"Accès":null,"Praticabil":null,"surface":null,"Sens uniqu":null,"Type de pi":null},"geometry":{"type":"LineString","coordinates":[[-16.4233469,16.0500934],[-16.4229494,16.050425],[-16.4230015,16.0509245]]}},{"type":"Feature","properties":{"full_id":"w1020157408","Type de vo":"piste rurale","Ruines":null,"Niveau":null,"Pont":null,"Abandonné":null,"État de s":null,"Moto autor":null,"motorcar":null,"Véhicule ":null,"Accès":null,"Praticabil":null,"surface":null,"Sens uniqu":null,"Type de pi":null},"geometry":{"type":"LineString","coordinates":[[-16.4251937,16.0480509],[-16.4250641,16.0478123],[-16.424619,16.0478384]]}},{"type":"Feature","properties":{"full_id":"w1020157910","Type de vo":"piste rurale","Ruines":null,"Niveau":null,"Pont":null,"Abandonné":null,"État de s":null,"Moto autor":null,"motorcar":null,"Véhicule ":null,"Accès":null,"Praticabil":null,"surface":null,"Sens uniqu":null,"Type de pi":null},"geometry":{"type":"LineString","coordinates":[[-16.4181307,16.0591586],[-16.4173513,16.058864],[-16.4159847,16.0561304],[-16.4156717,16.0559127]]}},{"type":"Feature","properties":{"full_id":"w1020157911","Type de vo":"piste rurale","Ruines":null,"Niveau":null,"Pont":null,"Abandonné":null,"État de s":null,"Moto autor":null,"motorcar":null,"Véhicule ":null,"Accès":null,"Praticabil":null,"surface":null,"Sens uniqu":null,"Type de pi":null},"geometry":{"type":"LineString","coordinates":[[-16.3961036,16.060206],[-16.3935694,16.0590832],[-16.3930812,16.0602225],[-16.3947549,16.0612174],[-16.3953571,16.061773]]}},{"type":"Feature","properties":{"full_id":"w1020157912","Type de vo":"piste rurale","Ruines":null,"Niveau":null,"Pont":null,"Abandonné":null,"État de s":null,"Moto autor":null,"motorcar":null,"Véhicule ":null,"Accès":null,"Praticabil":null,"surface":null,"Sens uniqu":null,"Type de pi":null},"geometry":{"type":"LineString","coordinates":[[-16.3936445,16.0601091],[-16.3939825,16.059274],[-16.3949963,16.0585574],[-16.3964008,16.0586623]]}},{"type":"Feature","properties":{"full_id":"w1020157919","Type de vo":"piste rurale","Ruines":null,"Niveau":null,"Pont":null,"Abandonné":null,"État de s":null,"Moto autor":null,"motorcar":null,"Véhicule ":null,"Accès":null,"Praticabil":null,"surface":null,"Sens uniqu":null,"Type de pi":null},"geometry":{"type":"LineString","coordinates":[[-16.3904448,16.0594976],[-16.390018,16.0603383]]}},{"type":"Feature","properties":{"full_id":"w1020157921","Type de vo":"piste rurale","Ruines":null,"Niveau":null,"Pont":null,"Abandonné":null,"État de s":null,"Moto autor":null,"motorcar":null,"Véhicule ":null,"Accès":null,"Praticabil":null,"surface":null,"Sens uniqu":null,"Type de pi":null},"geometry":{"type":"LineString","coordinates":[[-16.3910371,16.0635369],[-16.3912905,16.06364],[-16.3913151,16.0639834],[-16.3915863,16.0640633]]}},{"type":"Feature","properties":{"full_id":"w1020159111","Type de vo":"piste rurale","Ruines":null,"Niveau":null,"Pont":null,"Abandonné":null,"État de s":null,"Moto autor":null,"motorcar":null,"Véhicule ":null,"Accès":null,"Praticabil":null,"surface":null,"Sens uniqu":null,"Type de pi":null},"geometry":{"type":"LineString","coordinates":[[-16.3843387,16.0747786],[-16.3842224,16.0741288],[-16.3844453,16.0732276],[-16.3846329,16.0709932],[-16.3865405,16.0716496],[-16.386038,16.0726699],[-16.3860769,16.0733534],[-16.3862999,16.0736936]]}},{"type":"Feature","properties":{"full_id":"w1020159112","Type de vo":"piste rurale","Ruines":null,"Niveau":null,"Pont":null,"Abandonné":null,"État de s":null,"Moto autor":null,"motorcar":null,"Véhicule ":null,"Accès":null,"Praticabil":null,"surface":null,"Sens uniqu":null,"Type de pi":null},"geometry":{"type":"LineString","coordinates":[[-16.3861406,16.0735196],[-16.3844453,16.0732276]]}},{"type":"Feature","properties":{"full_id":"w1020159115","Type de vo":"piste rurale","Ruines":null,"Niveau":null,"Pont":null,"Abandonné":null,"État de s":null,"Moto autor":null,"motorcar":null,"Véhicule ":null,"Accès":null,"Praticabil":null,"surface":null,"Sens uniqu":null,"Type de pi":null},"geometry":{"type":"LineString","coordinates":[[-16.3841153,16.0709914],[-16.3842188,16.0722209],[-16.3844598,16.0724657]]}},{"type":"Feature","properties":{"full_id":"w1020159116","Type de vo":"piste rurale","Ruines":null,"Niveau":null,"Pont":null,"Abandonné":null,"État de s":null,"Moto autor":null,"motorcar":null,"Véhicule ":null,"Accès":null,"Praticabil":null,"surface":null,"Sens uniqu":null,"Type de pi":null},"geometry":{"type":"LineString","coordinates":[[-16.3842073,16.0721681],[-16.3838434,16.0719569]]}},{"type":"Feature","properties":{"full_id":"w1020159117","Type de vo":"piste rurale","Ruines":null,"Niveau":null,"Pont":null,"Abandonné":null,"État de s":null,"Moto autor":null,"motorcar":null,"Véhicule ":null,"Accès":null,"Praticabil":null,"surface":null,"Sens uniqu":null,"Type de pi":null},"geometry":{"type":"LineString","coordinates":[[-16.3830863,16.0736799],[-16.3830208,16.0729724],[-16.3832765,16.0725402]]}},{"type":"Feature","properties":{"full_id":"w1020159118","Type de vo":"piste rurale","Ruines":null,"Niveau":null,"Pont":null,"Abandonné":null,"État de s":null,"Moto autor":null,"motorcar":null,"Véhicule ":null,"Accès":null,"Praticabil":null,"surface":null,"Sens uniqu":null,"Type de pi":null},"geometry":{"type":"LineString","coordinates":[[-16.3842153,16.0742308],[-16.383902,16.0736829],[-16.3838619,16.0730819],[-16.3834983,16.0730139],[-16.3827866,16.0732181],[-16.3823245,16.0735468],[-16.3823091,16.0739642],[-16.3825412,16.0741832]]}},{"type":"Feature","properties":{"full_id":"w1020159119","Type de vo":"piste rurale","Ruines":null,"Niveau":null,"Pont":null,"Abandonné":null,"État de s":null,"Moto autor":null,"motorcar":null,"Véhicule ":null,"Accès":null,"Praticabil":null,"surface":null,"Sens uniqu":null,"Type de pi":null},"geometry":{"type":"LineString","coordinates":[[-16.3838956,16.0736619],[-16.3837693,16.0735949]]}},{"type":"Feature","properties":{"full_id":"w1020159121","Type de vo":"piste rurale","Ruines":null,"Niveau":null,"Pont":null,"Abandonné":null,"État de s":null,"Moto autor":null,"motorcar":null,"Véhicule ":null,"Accès":null,"Praticabil":null,"surface":null,"Sens uniqu":null,"Type de pi":null},"geometry":{"type":"LineString","coordinates":[[-16.382179,16.0763312],[-16.3823951,16.0761455],[-16.3829805,16.0762041],[-16.3834908,16.0770349]]}},{"type":"Feature","properties":{"full_id":"w1020159137","Type de vo":"piste rurale","Ruines":null,"Niveau":null,"Pont":null,"Abandonné":null,"État de s":null,"Moto autor":null,"motorcar":null,"Véhicule ":null,"Accès":null,"Praticabil":null,"surface":null,"Sens uniqu":null,"Type de pi":null},"geometry":{"type":"LineString","coordinates":[[-16.3686166,16.0815232],[-16.3675101,16.0835946],[-16.3672609,16.0846404]]}},{"type":"Feature","properties":{"full_id":"w1020159140","Type de vo":"piste rurale","Ruines":null,"Niveau":null,"Pont":null,"Abandonné":null,"État de s":null,"Moto autor":null,"motorcar":null,"Véhicule ":null,"Accès":null,"Praticabil":null,"surface":null,"Sens uniqu":null,"Type de pi":null},"geometry":{"type":"LineString","coordinates":[[-16.3710424,16.0775606],[-16.3713005,16.0787782]]}},{"type":"Feature","properties":{"full_id":"w1020159141","Type de vo":"piste rurale","Ruines":null,"Niveau":null,"Pont":null,"Abandonné":null,"État de s":null,"Moto autor":null,"motorcar":null,"Véhicule ":null,"Accès":null,"Praticabil":null,"surface":null,"Sens uniqu":null,"Type de pi":null},"geometry":{"type":"LineString","coordinates":[[-16.3701337,16.081918],[-16.3709348,16.08339]]}},{"type":"Feature","properties":{"full_id":"w1020159142","Type de vo":"piste rurale","Ruines":null,"Niveau":null,"Pont":null,"Abandonné":null,"État de s":null,"Moto autor":null,"motorcar":null,"Véhicule ":null,"Accès":null,"Praticabil":null,"surface":null,"Sens uniqu":null,"Type de pi":null},"geometry":{"type":"LineString","coordinates":[[-16.3701218,16.0821198],[-16.3697423,16.084867],[-16.3694001,16.0854488]]}},{"type":"Feature","properties":{"full_id":"w1020159143","Type de vo":"piste rurale","Ruines":null,"Niveau":null,"Pont":null,"Abandonné":null,"État de s":null,"Moto autor":null,"motorcar":null,"Véhicule ":null,"Accès":null,"Praticabil":null,"surface":null,"Sens uniqu":null,"Type de pi":null},"geometry":{"type":"LineString","coordinates":[[-16.3694001,16.0854488],[-16.3681893,16.0828435],[-16.3667257,16.0820075],[-16.365677,16.0817579]]}},{"type":"Feature","properties":{"full_id":"w1020159148","Type de vo":"piste rurale","Ruines":null,"Niveau":null,"Pont":null,"Abandonné":null,"État de s":null,"Moto autor":null,"motorcar":null,"Véhicule ":null,"Accès":null,"Praticabil":null,"surface":null,"Sens uniqu":null,"Type de pi":null},"geometry":{"type":"LineString","coordinates":[[-16.3656593,16.0805576],[-16.3646448,16.0814688],[-16.3647218,16.081857],[-16.3651273,16.0822959]]}},{"type":"Feature","properties":{"full_id":"w1020160504","Type de vo":"piste rurale","Ruines":null,"Niveau":null,"Pont":null,"Abandonné":null,"État de s":null,"Moto autor":null,"motorcar":null,"Véhicule ":null,"Accès":null,"Praticabil":null,"surface":null,"Sens uniqu":null,"Type de pi":null},"geometry":{"type":"LineString","coordinates":[[-16.3713432,16.0738555],[-16.3724805,16.0726132],[-16.3730384,16.0713065],[-16.3746423,16.0694559],[-16.3748108,16.069017]]}},{"type":"Feature","properties":{"full_id":"w1020447065","Type de vo":"piste rurale","Ruines":null,"Niveau":null,"Pont":null,"Abandonné":null,"État de s":null,"Moto autor":null,"motorcar":null,"Véhicule ":null,"Accès":null,"Praticabil":null,"surface":null,"Sens uniqu":null,"Type de pi":null},"geometry":{"type":"LineString","coordinates":[[-16.3619789,16.0251173],[-16.3614764,16.0246706],[-16.3609119,16.0246128]]}},{"type":"Feature","properties":{"full_id":"w1020447086","Type de vo":"piste rurale","Ruines":null,"Niveau":null,"Pont":null,"Abandonné":null,"État de s":null,"Moto autor":null,"motorcar":null,"Véhicule ":null,"Accès":null,"Praticabil":null,"surface":null,"Sens uniqu":null,"Type de pi":null},"geometry":{"type":"LineString","coordinates":[[-16.3601681,16.0262344],[-16.3601556,16.0265796]]}},{"type":"Feature","properties":{"full_id":"w1020447088","Type de vo":"piste rurale","Ruines":null,"Niveau":null,"Pont":null,"Abandonné":null,"État de s":null,"Moto autor":null,"motorcar":null,"Véhicule ":null,"Accès":null,"Praticabil":null,"surface":null,"Sens uniqu":null,"Type de pi":null},"geometry":{"type":"LineString","coordinates":[[-16.3613225,16.0246548],[-16.3611341,16.0255549]]}},{"type":"Feature","properties":{"full_id":"w1020447090","Type de vo":"piste rurale","Ruines":null,"Niveau":null,"Pont":null,"Abandonné":null,"État de s":null,"Moto autor":null,"motorcar":null,"Véhicule ":null,"Accès":null,"Praticabil":null,"surface":null,"Sens uniqu":null,"Type de pi":null},"geometry":{"type":"LineString","coordinates":[[-16.3597935,16.0232574],[-16.3592521,16.022526],[-16.3581037,16.0223342],[-16.3544916,16.0206668]]}},{"type":"Feature","properties":{"full_id":"w1020447091","Type de vo":"piste rurale","Ruines":null,"Niveau":null,"Pont":null,"Abandonné":null,"État de s":null,"Moto autor":null,"motorcar":null,"Véhicule ":null,"Accès":null,"Praticabil":null,"surface":null,"Sens uniqu":null,"Type de pi":null},"geometry":{"type":"LineString","coordinates":[[-16.3590362,16.0224908],[-16.3590483,16.0234236]]}},{"type":"Feature","properties":{"full_id":"w1020447092","Type de vo":"piste rurale","Ruines":null,"Niveau":null,"Pont":null,"Abandonné":null,"État de s":null,"Moto autor":null,"motorcar":null,"Véhicule ":null,"Accès":null,"Praticabil":null,"surface":null,"Sens uniqu":null,"Type de pi":null},"geometry":{"type":"LineString","coordinates":[[-16.3565105,16.0216547],[-16.3589647,16.023749]]}},{"type":"Feature","properties":{"full_id":"w1020451638","Type de vo":"piste rurale","Ruines":null,"Niveau":null,"Pont":null,"Abandonné":null,"État de s":null,"Moto autor":null,"motorcar":null,"Véhicule ":null,"Accès":null,"Praticabil":null,"surface":null,"Sens uniqu":null,"Type de pi":null},"geometry":{"type":"LineString","coordinates":[[-16.3601942,16.0173581],[-16.3611941,16.015335],[-16.3619465,16.0145426]]}},{"type":"Feature","properties":{"full_id":"w1020451646","Type de vo":"piste rurale","Ruines":null,"Niveau":null,"Pont":null,"Abandonné":null,"État de s":null,"Moto autor":null,"motorcar":null,"Véhicule ":null,"Accès":null,"Praticabil":null,"surface":null,"Sens uniqu":null,"Type de pi":null},"geometry":{"type":"LineString","coordinates":[[-16.3592952,16.0203694],[-16.3590831,16.020586],[-16.3590362,16.0224908]]}},{"type":"Feature","properties":{"full_id":"w1020451652","Type de vo":"piste rurale","Ruines":null,"Niveau":null,"Pont":null,"Abandonné":null,"État de s":null,"Moto autor":null,"motorcar":null,"Véhicule ":null,"Accès":null,"Praticabil":null,"surface":null,"Sens uniqu":null,"Type de pi":null},"geometry":{"type":"LineString","coordinates":[[-16.3570783,16.0191628],[-16.3582147,16.0198471],[-16.3589567,16.0198957]]}},{"type":"Feature","properties":{"full_id":"w1020675609","Type de vo":"piste rurale","Ruines":null,"Niveau":null,"Pont":null,"Abandonné":null,"État de s":null,"Moto autor":null,"motorcar":null,"Véhicule ":null,"Accès":null,"Praticabil":null,"surface":null,"Sens uniqu":null,"Type de pi":null},"geometry":{"type":"LineString","coordinates":[[-16.4235335,16.0446423],[-16.4216425,16.0451006],[-16.4214371,16.0452928]]}},{"type":"Feature","properties":{"full_id":"w1020679791","Type de vo":"piste rurale","Ruines":null,"Niveau":null,"Pont":null,"Abandonné":null,"État de s":null,"Moto autor":null,"motorcar":null,"Véhicule ":null,"Accès":null,"Praticabil":null,"surface":null,"Sens uniqu":null,"Type de pi":null},"geometry":{"type":"LineString","coordinates":[[-16.3997499,16.0534579],[-16.3993392,16.0538489],[-16.3999302,16.054322]]}},{"type":"Feature","properties":{"full_id":"w1020679792","Type de vo":"piste rurale","Ruines":null,"Niveau":null,"Pont":null,"Abandonné":null,"État de s":null,"Moto autor":null,"motorcar":null,"Véhicule ":null,"Accès":null,"Praticabil":null,"surface":null,"Sens uniqu":null,"Type de pi":null},"geometry":{"type":"LineString","coordinates":[[-16.3988568,16.0552214],[-16.3991104,16.0544144],[-16.3982698,16.0531219],[-16.3983679,16.0518697],[-16.3986247,16.0510305],[-16.4007029,16.0487237],[-16.4023234,16.0460398],[-16.4027904,16.0455641],[-16.4031733,16.0443523],[-16.4035095,16.044092],[-16.4040139,16.0439843],[-16.4056671,16.0441728],[-16.4082169,16.0427007],[-16.4087399,16.0430687],[-16.4093284,16.0437958],[-16.4107107,16.0446396],[-16.4125199,16.0466183]]}},{"type":"Feature","properties":{"full_id":"w1020679793","Type de vo":"piste rurale","Ruines":null,"Niveau":null,"Pont":null,"Abandonné":null,"État de s":null,"Moto autor":null,"motorcar":null,"Véhicule ":null,"Accès":null,"Praticabil":null,"surface":null,"Sens uniqu":null,"Type de pi":null},"geometry":{"type":"LineString","coordinates":[[-16.3877628,16.0693665],[-16.3868316,16.0687369],[-16.3863757,16.0670565],[-16.3864025,16.0649687],[-16.3866063,16.0641285],[-16.3863381,16.0626232],[-16.3866278,16.0612262],[-16.3877114,16.058427],[-16.3876685,16.0580043],[-16.3879474,16.0571692],[-16.3875962,16.0568268],[-16.3870358,16.0568806],[-16.3852425,16.0585411],[-16.3813057,16.0608658],[-16.3807734,16.0614312],[-16.3807113,16.0630565]]}},{"type":"Feature","properties":{"full_id":"w1020679795","Type de vo":"piste rurale","Ruines":null,"Niveau":null,"Pont":null,"Abandonné":null,"État de s":null,"Moto autor":null,"motorcar":null,"Véhicule ":null,"Accès":null,"Praticabil":null,"surface":null,"Sens uniqu":null,"Type de pi":null},"geometry":{"type":"LineString","coordinates":[[-16.3875344,16.0588033],[-16.3869671,16.0587522]]}},{"type":"Feature","properties":{"full_id":"w1020679804","Type de vo":"piste rurale","Ruines":null,"Niveau":null,"Pont":null,"Abandonné":null,"État de s":null,"Moto autor":null,"motorcar":null,"Véhicule ":null,"Accès":null,"Praticabil":null,"surface":null,"Sens uniqu":null,"Type de pi":null},"geometry":{"type":"LineString","coordinates":[[-16.3800581,16.0656938],[-16.3810447,16.0658811],[-16.3811667,16.0654396]]}},{"type":"Feature","properties":{"full_id":"w1020679809","Type de vo":"piste rurale","Ruines":null,"Niveau":null,"Pont":null,"Abandonné":null,"État de s":null,"Moto autor":null,"motorcar":null,"Véhicule ":null,"Accès":null,"Praticabil":null,"surface":null,"Sens uniqu":null,"Type de pi":null},"geometry":{"type":"LineString","coordinates":[[-16.3806991,16.0638418],[-16.3790038,16.0636113],[-16.379199,16.063076]]}},{"type":"Feature","properties":{"full_id":"w1020679810","Type de vo":"piste rurale","Ruines":null,"Niveau":null,"Pont":null,"Abandonné":null,"État de s":null,"Moto autor":null,"motorcar":null,"Véhicule ":null,"Accès":null,"Praticabil":null,"surface":null,"Sens uniqu":null,"Type de pi":null},"geometry":{"type":"LineString","coordinates":[[-16.3798861,16.0632597],[-16.3797044,16.0637249]]}},{"type":"Feature","properties":{"full_id":"w1020679815","Type de vo":"piste rurale","Ruines":null,"Niveau":null,"Pont":null,"Abandonné":null,"État de s":null,"Moto autor":null,"motorcar":null,"Véhicule ":null,"Accès":null,"Praticabil":null,"surface":null,"Sens uniqu":null,"Type de pi":null},"geometry":{"type":"LineString","coordinates":[[-16.3772371,16.0646276],[-16.3783022,16.0646003],[-16.3790208,16.0654062]]}},{"type":"Feature","properties":{"full_id":"w1020679820","Type de vo":"piste rurale","Ruines":null,"Niveau":null,"Pont":null,"Abandonné":null,"État de s":null,"Moto autor":null,"motorcar":null,"Véhicule ":null,"Accès":null,"Praticabil":null,"surface":null,"Sens uniqu":null,"Type de pi":null},"geometry":{"type":"LineString","coordinates":[[-16.3785566,16.0659397],[-16.3774363,16.0669638],[-16.3747572,16.066624],[-16.374497,16.0667529],[-16.3721471,16.0708158],[-16.3713178,16.0720737],[-16.3700128,16.0735699],[-16.369407,16.0747419],[-16.3704592,16.0760743]]}},{"type":"Feature","properties":{"full_id":"w1020679821","Type de vo":"piste rurale","Ruines":null,"Niveau":null,"Pont":null,"Abandonné":null,"État de s":null,"Moto autor":null,"motorcar":null,"Véhicule ":null,"Accès":null,"Praticabil":null,"surface":null,"Sens uniqu":null,"Type de pi":null},"geometry":{"type":"LineString","coordinates":[[-16.3757027,16.0663686],[-16.375177,16.0668893],[-16.3749034,16.0681264],[-16.3749678,16.0686986],[-16.3748108,16.069017]]}},{"type":"Feature","properties":{"full_id":"w1020679822","Type de vo":"piste rurale","Ruines":null,"Niveau":null,"Pont":null,"Abandonné":null,"État de s":null,"Moto autor":null,"motorcar":null,"Véhicule ":null,"Accès":null,"Praticabil":null,"surface":null,"Sens uniqu":null,"Type de pi":null},"geometry":{"type":"LineString","coordinates":[[-16.3859482,16.0639321],[-16.3860696,16.0642822]]}},{"type":"Feature","properties":{"full_id":"w1020679823","Type de vo":"piste rurale","Ruines":null,"Niveau":null,"Pont":null,"Abandonné":null,"État de s":null,"Moto autor":null,"motorcar":null,"Véhicule ":null,"Accès":null,"Praticabil":null,"surface":null,"Sens uniqu":null,"Type de pi":null},"geometry":{"type":"LineString","coordinates":[[-16.3859482,16.0639321],[-16.3876107,16.0642149],[-16.3877779,16.0651181]]}},{"type":"Feature","properties":{"full_id":"w1020679826","Type de vo":"piste rurale","Ruines":null,"Niveau":null,"Pont":null,"Abandonné":null,"État de s":null,"Moto autor":null,"motorcar":null,"Véhicule ":null,"Accès":null,"Praticabil":null,"surface":null,"Sens uniqu":null,"Type de pi":null},"geometry":{"type":"LineString","coordinates":[[-16.3863486,16.0626854],[-16.3856144,16.0631533]]}},{"type":"Feature","properties":{"full_id":"w1020679831","Type de vo":"piste rurale","Ruines":null,"Niveau":null,"Pont":null,"Abandonné":null,"État de s":null,"Moto autor":null,"motorcar":null,"Véhicule ":null,"Accès":null,"Praticabil":null,"surface":null,"Sens uniqu":null,"Type de pi":null},"geometry":{"type":"LineString","coordinates":[[-16.3830479,16.0611514],[-16.3821051,16.0602779]]}},{"type":"Feature","properties":{"full_id":"w1020679835","Type de vo":"piste rurale","Ruines":null,"Niveau":null,"Pont":null,"Abandonné":null,"État de s":null,"Moto autor":null,"motorcar":null,"Véhicule ":null,"Accès":null,"Praticabil":null,"surface":null,"Sens uniqu":null,"Type de pi":null},"geometry":{"type":"LineString","coordinates":[[-16.3834886,16.0640357],[-16.3846655,16.0648025],[-16.3848862,16.0653093]]}},{"type":"Feature","properties":{"full_id":"w1020679836","Type de vo":"piste rurale","Ruines":null,"Niveau":null,"Pont":null,"Abandonné":null,"État de s":null,"Moto autor":null,"motorcar":null,"Véhicule ":null,"Accès":null,"Praticabil":null,"surface":null,"Sens uniqu":null,"Type de pi":null},"geometry":{"type":"LineString","coordinates":[[-16.3817029,16.0640716],[-16.3845976,16.0647524],[-16.3854389,16.0651282],[-16.3864086,16.0652269]]}},{"type":"Feature","properties":{"full_id":"w1020679837","Type de vo":"piste rurale","Ruines":null,"Niveau":null,"Pont":null,"Abandonné":null,"État de s":null,"Moto autor":null,"motorcar":null,"Véhicule ":null,"Accès":null,"Praticabil":null,"surface":null,"Sens uniqu":null,"Type de pi":null},"geometry":{"type":"LineString","coordinates":[[-16.3830348,16.0645662],[-16.3838213,16.06522],[-16.3851862,16.067251],[-16.3867753,16.0684979]]}},{"type":"Feature","properties":{"full_id":"w1020679838","Type de vo":"piste rurale","Ruines":null,"Niveau":null,"Pont":null,"Abandonné":null,"État de s":null,"Moto autor":null,"motorcar":null,"Véhicule ":null,"Accès":null,"Praticabil":null,"surface":null,"Sens uniqu":null,"Type de pi":null},"geometry":{"type":"LineString","coordinates":[[-16.3867332,16.0682191],[-16.3872782,16.0684057],[-16.3874005,16.0691613]]}},{"type":"Feature","properties":{"full_id":"w1020679839","Type de vo":"piste rurale","Ruines":null,"Niveau":null,"Pont":null,"Abandonné":null,"État de s":null,"Moto autor":null,"motorcar":null,"Véhicule ":null,"Accès":null,"Praticabil":null,"surface":null,"Sens uniqu":null,"Type de pi":null},"geometry":{"type":"LineString","coordinates":[[-16.3865386,16.0616194],[-16.3860178,16.0613088],[-16.3855181,16.0612639],[-16.3850511,16.0616723],[-16.3851122,16.0621847]]}},{"type":"Feature","properties":{"full_id":"w1020681230","Type de vo":"piste rurale","Ruines":null,"Niveau":null,"Pont":null,"Abandonné":null,"État de s":null,"Moto autor":null,"motorcar":null,"Véhicule ":null,"Accès":null,"Praticabil":null,"surface":"Terre","Sens uniqu":null,"Type de pi":null},"geometry":{"type":"LineString","coordinates":[[-16.3648213,16.0669014],[-16.3615453,16.0733245]]}},{"type":"Feature","properties":{"full_id":"w1020681231","Type de vo":"piste rurale","Ruines":null,"Niveau":null,"Pont":null,"Abandonné":null,"État de s":null,"Moto autor":null,"motorcar":null,"Véhicule ":null,"Accès":null,"Praticabil":null,"surface":null,"Sens uniqu":null,"Type de pi":null},"geometry":{"type":"LineString","coordinates":[[-16.365674,16.0680858],[-16.3634173,16.066954],[-16.3606143,16.0722594]]}},{"type":"Feature","properties":{"full_id":"w1020681232","Type de vo":"piste rurale","Ruines":null,"Niveau":null,"Pont":null,"Abandonné":null,"État de s":null,"Moto autor":null,"motorcar":null,"Véhicule ":null,"Accès":null,"Praticabil":null,"surface":null,"Sens uniqu":null,"Type de pi":null},"geometry":{"type":"LineString","coordinates":[[-16.3634669,16.0714636],[-16.3615583,16.0704787]]}},{"type":"Feature","properties":{"full_id":"w1020681233","Type de vo":"piste rurale","Ruines":null,"Niveau":null,"Pont":null,"Abandonné":null,"État de s":null,"Moto autor":null,"motorcar":null,"Véhicule ":null,"Accès":null,"Praticabil":null,"surface":null,"Sens uniqu":null,"Type de pi":null},"geometry":{"type":"LineString","coordinates":[[-16.3629412,16.07344],[-16.3602644,16.0720125],[-16.3585049,16.0706814],[-16.3585757,16.0703141],[-16.3590571,16.0696203],[-16.3608691,16.0676682],[-16.3622919,16.0658997],[-16.3644437,16.0634101],[-16.3669495,16.0603356],[-16.3673954,16.0598458],[-16.3686554,16.0579548],[-16.3707293,16.059635],[-16.3695614,16.0616008],[-16.3673564,16.0598887]]}},{"type":"Feature","properties":{"full_id":"w1020681234","Type de vo":"piste rurale","Ruines":null,"Niveau":null,"Pont":null,"Abandonné":null,"État de s":null,"Moto autor":null,"motorcar":null,"Véhicule ":null,"Accès":null,"Praticabil":null,"surface":null,"Sens uniqu":null,"Type de pi":null},"geometry":{"type":"LineString","coordinates":[[-16.3702442,16.0605295],[-16.3680543,16.0589696]]}},{"type":"Feature","properties":{"full_id":"w1020681235","Type de vo":"piste rurale","Ruines":null,"Niveau":null,"Pont":null,"Abandonné":null,"État de s":null,"Moto autor":null,"motorcar":null,"Véhicule ":null,"Accès":null,"Praticabil":null,"surface":null,"Sens uniqu":null,"Type de pi":null},"geometry":{"type":"LineString","coordinates":[[-16.3685132,16.0607869],[-16.3655479,16.064444],[-16.3624005,16.0619333]]}},{"type":"Feature","properties":{"full_id":"w1020681236","Type de vo":"piste rurale","Ruines":null,"Niveau":null,"Pont":null,"Abandonné":null,"État de s":null,"Moto autor":null,"motorcar":null,"Véhicule ":null,"Accès":null,"Praticabil":null,"surface":null,"Sens uniqu":null,"Type de pi":null},"geometry":{"type":"LineString","coordinates":[[-16.3600624,16.0685623],[-16.3590799,16.0689458],[-16.3578035,16.0690188]]}},{"type":"Feature","properties":{"full_id":"w1020681237","Type de vo":"piste rurale","Ruines":null,"Niveau":null,"Pont":null,"Abandonné":null,"État de s":null,"Moto autor":null,"motorcar":null,"Véhicule ":null,"Accès":null,"Praticabil":null,"surface":null,"Sens uniqu":null,"Type de pi":null},"geometry":{"type":"LineString","coordinates":[[-16.358599,16.0689847],[-16.3585684,16.0685845],[-16.3583161,16.0683836],[-16.3580139,16.0676549],[-16.3579707,16.0670746],[-16.3624005,16.0619333]]}},{"type":"Feature","properties":{"full_id":"w1020681243","Type de vo":"piste rurale","Ruines":null,"Niveau":null,"Pont":null,"Abandonné":null,"État de s":null,"Moto autor":null,"motorcar":null,"Véhicule ":null,"Accès":null,"Praticabil":null,"surface":null,"Sens uniqu":null,"Type de pi":null},"geometry":{"type":"LineString","coordinates":[[-16.3742691,16.0777745],[-16.376065,16.0770715],[-16.3774559,16.0768028]]}},{"type":"Feature","properties":{"full_id":"w1020681244","Type de vo":"piste rurale","Ruines":null,"Niveau":null,"Pont":null,"Abandonné":null,"État de s":null,"Moto autor":null,"motorcar":null,"Véhicule ":null,"Accès":null,"Praticabil":null,"surface":null,"Sens uniqu":null,"Type de pi":null},"geometry":{"type":"LineString","coordinates":[[-16.373118,16.0781547],[-16.3710843,16.0777432]]}},{"type":"Feature","properties":{"full_id":"w1020681245","Type de vo":"piste rurale","Ruines":null,"Niveau":null,"Pont":null,"Abandonné":null,"État de s":null,"Moto autor":null,"motorcar":null,"Véhicule ":null,"Accès":null,"Praticabil":null,"surface":null,"Sens uniqu":null,"Type de pi":null},"geometry":{"type":"LineString","coordinates":[[-16.3732783,16.0777906],[-16.3725857,16.0779579]]}},{"type":"Feature","properties":{"full_id":"w1020686671","Type de vo":"piste rurale","Ruines":null,"Niveau":null,"Pont":null,"Abandonné":null,"État de s":null,"Moto autor":null,"motorcar":null,"Véhicule ":null,"Accès":null,"Praticabil":null,"surface":null,"Sens uniqu":null,"Type de pi":null},"geometry":{"type":"LineString","coordinates":[[-16.3589228,16.0798917],[-16.3586653,16.0801437],[-16.3583384,16.0801437],[-16.3574557,16.0797668],[-16.3575826,16.0793475]]}},{"type":"Feature","properties":{"full_id":"w1020686672","Type de vo":"piste rurale","Ruines":null,"Niveau":null,"Pont":null,"Abandonné":null,"État de s":null,"Moto autor":null,"motorcar":null,"Véhicule ":null,"Accès":null,"Praticabil":null,"surface":null,"Sens uniqu":null,"Type de pi":null},"geometry":{"type":"LineString","coordinates":[[-16.3589228,16.0798917],[-16.3589875,16.0808213],[-16.3600663,16.0816021],[-16.3607201,16.0819655],[-16.3628246,16.0823926]]}},{"type":"Feature","properties":{"full_id":"w1020686681","Type de vo":"piste rurale","Ruines":null,"Niveau":null,"Pont":null,"Abandonné":null,"État de s":null,"Moto autor":null,"motorcar":null,"Véhicule ":null,"Accès":null,"Praticabil":null,"surface":null,"Sens uniqu":null,"Type de pi":null},"geometry":{"type":"LineString","coordinates":[[-16.3594945,16.0877946],[-16.3597056,16.0857417],[-16.3593451,16.0827398],[-16.3595824,16.0814993],[-16.3598896,16.0814493]]}},{"type":"Feature","properties":{"full_id":"w1020686682","Type de vo":"piste rurale","Ruines":null,"Niveau":null,"Pont":null,"Abandonné":null,"État de s":null,"Moto autor":null,"motorcar":null,"Véhicule ":null,"Accès":null,"Praticabil":null,"surface":null,"Sens uniqu":null,"Type de pi":null},"geometry":{"type":"LineString","coordinates":[[-16.3596959,16.0856523],[-16.3589508,16.0851881],[-16.358464,16.0860288],[-16.3575335,16.0869732],[-16.3543662,16.0889241]]}},{"type":"Feature","properties":{"full_id":"w1020686683","Type de vo":"piste rurale","Ruines":null,"Niveau":null,"Pont":null,"Abandonné":null,"État de s":null,"Moto autor":null,"motorcar":null,"Véhicule ":null,"Accès":null,"Praticabil":null,"surface":null,"Sens uniqu":null,"Type de pi":null},"geometry":{"type":"LineString","coordinates":[[-16.3594027,16.0878837],[-16.3587597,16.0877932],[-16.35839,16.0875357],[-16.3568827,16.0873881]]}},{"type":"Feature","properties":{"full_id":"w1020686684","Type de vo":"piste rurale","Ruines":null,"Niveau":null,"Pont":null,"Abandonné":null,"État de s":null,"Moto autor":null,"motorcar":null,"Véhicule ":null,"Accès":null,"Praticabil":null,"surface":null,"Sens uniqu":null,"Type de pi":null},"geometry":{"type":"LineString","coordinates":[[-16.3566722,16.0875229],[-16.354397,16.0871508],[-16.3534412,16.0877255]]}},{"type":"Feature","properties":{"full_id":"w1020686686","Type de vo":"piste rurale","Ruines":null,"Niveau":null,"Pont":null,"Abandonné":null,"État de s":null,"Moto autor":null,"motorcar":null,"Véhicule ":null,"Accès":null,"Praticabil":null,"surface":null,"Sens uniqu":null,"Type de pi":null},"geometry":{"type":"LineString","coordinates":[[-16.3559591,16.0874143],[-16.3567601,16.086467],[-16.3589225,16.0852359]]}},{"type":"Feature","properties":{"full_id":"w1020686687","Type de vo":"piste rurale","Ruines":null,"Niveau":null,"Pont":null,"Abandonné":null,"État de s":null,"Moto autor":null,"motorcar":null,"Véhicule ":null,"Accès":null,"Praticabil":null,"surface":null,"Sens uniqu":null,"Type de pi":null},"geometry":{"type":"LineString","coordinates":[[-16.3587039,16.0855864],[-16.3591017,16.0858986]]}},{"type":"Feature","properties":{"full_id":"w1020686688","Type de vo":"piste rurale","Ruines":null,"Niveau":null,"Pont":null,"Abandonné":null,"État de s":null,"Moto autor":null,"motorcar":null,"Véhicule ":null,"Accès":null,"Praticabil":null,"surface":null,"Sens uniqu":null,"Type de pi":null},"geometry":{"type":"LineString","coordinates":[[-16.3596194,16.0860525],[-16.3589816,16.0865972],[-16.3583435,16.0861471]]}},{"type":"Feature","properties":{"full_id":"w1020686689","Type de vo":"piste rurale","Ruines":null,"Niveau":null,"Pont":null,"Abandonné":null,"État de s":null,"Moto autor":null,"motorcar":null,"Véhicule ":null,"Accès":null,"Praticabil":null,"surface":null,"Sens uniqu":null,"Type de pi":null},"geometry":{"type":"LineString","coordinates":[[-16.3609134,16.0853953],[-16.3605005,16.0852236],[-16.3592152,16.0853336]]}},{"type":"Feature","properties":{"full_id":"w1020686693","Type de vo":"piste rurale","Ruines":null,"Niveau":null,"Pont":null,"Abandonné":null,"État de s":null,"Moto autor":null,"motorcar":null,"Véhicule ":null,"Accès":null,"Praticabil":null,"surface":null,"Sens uniqu":null,"Type de pi":null},"geometry":{"type":"LineString","coordinates":[[-16.3598504,16.0829677],[-16.3594283,16.0833585]]}},{"type":"Feature","properties":{"full_id":"w1020686694","Type de vo":"piste rurale","Ruines":null,"Niveau":null,"Pont":null,"Abandonné":null,"État de s":null,"Moto autor":null,"motorcar":null,"Véhicule ":null,"Accès":null,"Praticabil":null,"surface":null,"Sens uniqu":null,"Type de pi":null},"geometry":{"type":"LineString","coordinates":[[-16.3605006,16.0838977],[-16.3602756,16.0841756],[-16.3597703,16.0842555],[-16.3589225,16.0852359]]}},{"type":"Feature","properties":{"full_id":"w1020686695","Type de vo":"piste rurale","Ruines":null,"Niveau":null,"Pont":null,"Abandonné":null,"État de s":null,"Moto autor":null,"motorcar":null,"Véhicule ":null,"Accès":null,"Praticabil":null,"surface":null,"Sens uniqu":null,"Type de pi":null},"geometry":{"type":"LineString","coordinates":[[-16.3600059,16.0841985],[-16.360747,16.085046]]}},{"type":"Feature","properties":{"full_id":"w1020709162","Type de vo":"piste rurale","Ruines":null,"Niveau":null,"Pont":null,"Abandonné":null,"État de s":null,"Moto autor":null,"motorcar":null,"Véhicule ":null,"Accès":null,"Praticabil":null,"surface":null,"Sens uniqu":null,"Type de pi":null},"geometry":{"type":"LineString","coordinates":[[-16.3496338,16.0937494],[-16.3494799,16.0944119],[-16.3491303,16.094576],[-16.3458779,16.0931541],[-16.3448737,16.0929979],[-16.3442924,16.0926893],[-16.3426906,16.0911659],[-16.3416484,16.0911457]]}},{"type":"Feature","properties":{"full_id":"w1020709163","Type de vo":"piste rurale","Ruines":null,"Niveau":null,"Pont":null,"Abandonné":null,"État de s":null,"Moto autor":null,"motorcar":null,"Véhicule ":null,"Accès":null,"Praticabil":null,"surface":null,"Sens uniqu":null,"Type de pi":null},"geometry":{"type":"LineString","coordinates":[[-16.3491913,16.0945955],[-16.351109,16.0948504]]}},{"type":"Feature","properties":{"full_id":"w1020709164","Type de vo":"piste rurale","Ruines":null,"Niveau":null,"Pont":null,"Abandonné":null,"État de s":null,"Moto autor":null,"motorcar":null,"Véhicule ":null,"Accès":null,"Praticabil":null,"surface":null,"Sens uniqu":null,"Type de pi":null},"geometry":{"type":"LineString","coordinates":[[-16.3491913,16.0945955],[-16.3503297,16.0954135],[-16.3503337,16.095658],[-16.3505314,16.0958129]]}},{"type":"Feature","properties":{"full_id":"w1020709165","Type de vo":"piste rurale","Ruines":null,"Niveau":null,"Pont":null,"Abandonné":null,"État de s":null,"Moto autor":null,"motorcar":null,"Véhicule ":null,"Accès":null,"Praticabil":null,"surface":null,"Sens uniqu":null,"Type de pi":null},"geometry":{"type":"LineString","coordinates":[[-16.3501014,16.0937924],[-16.3495368,16.0943026]]}},{"type":"Feature","properties":{"full_id":"w1020709166","Type de vo":"piste rurale","Ruines":null,"Niveau":null,"Pont":null,"Abandonné":null,"État de s":null,"Moto autor":null,"motorcar":null,"Véhicule ":null,"Accès":null,"Praticabil":null,"surface":null,"Sens uniqu":null,"Type de pi":null},"geometry":{"type":"LineString","coordinates":[[-16.3467055,16.0934674],[-16.3483578,16.0955369],[-16.3498339,16.0967313]]}},{"type":"Feature","properties":{"full_id":"w1020709167","Type de vo":"piste rurale","Ruines":null,"Niveau":null,"Pont":null,"Abandonné":null,"État de s":null,"Moto autor":null,"motorcar":null,"Véhicule ":null,"Accès":null,"Praticabil":null,"surface":null,"Sens uniqu":null,"Type de pi":null},"geometry":{"type":"LineString","coordinates":[[-16.3492986,16.0928242],[-16.3480245,16.0923768],[-16.3465734,16.093422]]}},{"type":"Feature","properties":{"full_id":"w1020709168","Type de vo":"piste rurale","Ruines":null,"Niveau":null,"Pont":null,"Abandonné":null,"État de s":null,"Moto autor":null,"motorcar":null,"Véhicule ":null,"Accès":null,"Praticabil":null,"surface":null,"Sens uniqu":null,"Type de pi":null},"geometry":{"type":"LineString","coordinates":[[-16.3480245,16.0923768],[-16.3512768,16.0898769],[-16.3520168,16.0900995],[-16.3533828,16.0910018],[-16.353844,16.0916835]]}},{"type":"Feature","properties":{"full_id":"w1020709169","Type de vo":"piste rurale","Ruines":null,"Niveau":null,"Pont":null,"Abandonné":null,"État de s":null,"Moto autor":null,"motorcar":null,"Véhicule ":null,"Accès":null,"Praticabil":null,"surface":null,"Sens uniqu":null,"Type de pi":null},"geometry":{"type":"LineString","coordinates":[[-16.3534412,16.0877255],[-16.3516979,16.0892118],[-16.3489193,16.0862144],[-16.3487184,16.0852138],[-16.3482281,16.0844196],[-16.3458286,16.0835129]]}},{"type":"Feature","properties":{"full_id":"w1020709170","Type de vo":"piste rurale","Ruines":null,"Niveau":null,"Pont":null,"Abandonné":null,"État de s":null,"Moto autor":null,"motorcar":null,"Véhicule ":null,"Accès":null,"Praticabil":null,"surface":null,"Sens uniqu":null,"Type de pi":null},"geometry":{"type":"LineString","coordinates":[[-16.3489193,16.0862144],[-16.3480979,16.0855576],[-16.3466361,16.0838537]]}},{"type":"Feature","properties":{"full_id":"w1020709185","Type de vo":"piste rurale","Ruines":null,"Niveau":null,"Pont":null,"Abandonné":null,"État de s":null,"Moto autor":null,"motorcar":null,"Véhicule ":null,"Accès":null,"Praticabil":null,"surface":null,"Sens uniqu":null,"Type de pi":null},"geometry":{"type":"LineString","coordinates":[[-16.3482088,16.1099417],[-16.3479334,16.1115287],[-16.3475796,16.1124623]]}},{"type":"Feature","properties":{"full_id":"w1020709189","Type de vo":"piste rurale","Ruines":null,"Niveau":null,"Pont":null,"Abandonné":null,"État de s":null,"Moto autor":null,"motorcar":null,"Véhicule ":null,"Accès":null,"Praticabil":null,"surface":null,"Sens uniqu":null,"Type de pi":null},"geometry":{"type":"LineString","coordinates":[[-16.3467002,16.1048726],[-16.3477469,16.1050442]]}},{"type":"Feature","properties":{"full_id":"w1020709190","Type de vo":"piste rurale","Ruines":null,"Niveau":null,"Pont":null,"Abandonné":null,"État de s":null,"Moto autor":null,"motorcar":null,"Véhicule ":null,"Accès":null,"Praticabil":null,"surface":null,"Sens uniqu":null,"Type de pi":null},"geometry":{"type":"LineString","coordinates":[[-16.3479254,16.1057944],[-16.3489147,16.1040377],[-16.3496325,16.1032681],[-16.3505298,16.1026525]]}},{"type":"Feature","properties":{"full_id":"w1020709191","Type de vo":"piste rurale","Ruines":null,"Niveau":null,"Pont":null,"Abandonné":null,"État de s":null,"Moto autor":null,"motorcar":null,"Véhicule ":null,"Accès":null,"Praticabil":null,"surface":null,"Sens uniqu":null,"Type de pi":null},"geometry":{"type":"LineString","coordinates":[[-16.3502114,16.1024089],[-16.3495752,16.1033281]]}},{"type":"Feature","properties":{"full_id":"w1020709192","Type de vo":"piste rurale","Ruines":null,"Niveau":null,"Pont":null,"Abandonné":null,"État de s":null,"Moto autor":null,"motorcar":null,"Véhicule ":null,"Accès":null,"Praticabil":null,"surface":null,"Sens uniqu":null,"Type de pi":null},"geometry":{"type":"LineString","coordinates":[[-16.3488407,16.1041472],[-16.3475744,16.1043426],[-16.346721,16.1041976]]}},{"type":"Feature","properties":{"full_id":"w1020709193","Type de vo":"piste rurale","Ruines":null,"Niveau":null,"Pont":null,"Abandonné":null,"État de s":null,"Moto autor":null,"motorcar":null,"Véhicule ":null,"Accès":null,"Praticabil":null,"surface":null,"Sens uniqu":null,"Type de pi":null},"geometry":{"type":"LineString","coordinates":[[-16.3488063,16.1041537],[-16.348015,16.1049553],[-16.3477469,16.1050442]]}},{"type":"Feature","properties":{"full_id":"w1020709194","Type de vo":"piste rurale","Ruines":null,"Niveau":null,"Pont":null,"Abandonné":null,"État de s":null,"Moto autor":null,"motorcar":null,"Véhicule ":null,"Accès":null,"Praticabil":null,"surface":null,"Sens uniqu":null,"Type de pi":null},"geometry":{"type":"LineString","coordinates":[[-16.3466765,16.1045379],[-16.3464533,16.1045364]]}},{"type":"Feature","properties":{"full_id":"w1020709197","Type de vo":"piste rurale","Ruines":null,"Niveau":null,"Pont":null,"Abandonné":null,"État de s":null,"Moto autor":null,"motorcar":null,"Véhicule ":null,"Accès":null,"Praticabil":null,"surface":null,"Sens uniqu":null,"Type de pi":null},"geometry":{"type":"LineString","coordinates":[[-16.3447957,16.1077778],[-16.3436711,16.1074171],[-16.342918,16.1075247]]}},{"type":"Feature","properties":{"full_id":"w1020709198","Type de vo":"piste rurale","Ruines":null,"Niveau":null,"Pont":null,"Abandonné":null,"État de s":null,"Moto autor":null,"motorcar":null,"Véhicule ":null,"Accès":null,"Praticabil":null,"surface":null,"Sens uniqu":null,"Type de pi":null},"geometry":{"type":"LineString","coordinates":[[-16.3441826,16.1076712],[-16.3443643,16.1084023]]}},{"type":"Feature","properties":{"full_id":"w1020709199","Type de vo":"piste rurale","Ruines":null,"Niveau":null,"Pont":null,"Abandonné":null,"État de s":null,"Moto autor":null,"motorcar":null,"Véhicule ":null,"Accès":null,"Praticabil":null,"surface":null,"Sens uniqu":null,"Type de pi":null},"geometry":{"type":"LineString","coordinates":[[-16.3452981,16.1078902],[-16.3446509,16.1083135],[-16.3419525,16.1092367]]}},{"type":"Feature","properties":{"full_id":"w1020709201","Type de vo":"piste rurale","Ruines":null,"Niveau":null,"Pont":null,"Abandonné":null,"État de s":null,"Moto autor":null,"motorcar":null,"Véhicule ":null,"Accès":null,"Praticabil":null,"surface":null,"Sens uniqu":null,"Type de pi":null},"geometry":{"type":"LineString","coordinates":[[-16.347143,16.109517],[-16.3450668,16.1104182]]}},{"type":"Feature","properties":{"full_id":"w1020709202","Type de vo":"piste rurale","Ruines":null,"Niveau":null,"Pont":null,"Abandonné":null,"État de s":null,"Moto autor":null,"motorcar":null,"Véhicule ":null,"Accès":null,"Praticabil":null,"surface":null,"Sens uniqu":null,"Type de pi":null},"geometry":{"type":"LineString","coordinates":[[-16.3482088,16.1099417],[-16.3485392,16.1100274],[-16.348496,16.110353],[-16.3481373,16.1104011]]}},{"type":"Feature","properties":{"full_id":"w1020709211","Type de vo":"piste rurale","Ruines":null,"Niveau":null,"Pont":null,"Abandonné":null,"État de s":null,"Moto autor":null,"motorcar":null,"Véhicule ":null,"Accès":null,"Praticabil":null,"surface":null,"Sens uniqu":null,"Type de pi":null},"geometry":{"type":"LineString","coordinates":[[-16.3457816,16.1108178],[-16.3455862,16.1111856],[-16.3447403,16.1117537]]}},{"type":"Feature","properties":{"full_id":"w1020709217","Type de vo":"piste rurale","Ruines":null,"Niveau":null,"Pont":null,"Abandonné":null,"État de s":null,"Moto autor":null,"motorcar":null,"Véhicule ":null,"Accès":null,"Praticabil":null,"surface":null,"Sens uniqu":null,"Type de pi":null},"geometry":{"type":"LineString","coordinates":[[-16.3425411,16.1081257],[-16.3430158,16.10908],[-16.3448991,16.1116675]]}},{"type":"Feature","properties":{"full_id":"w1020709218","Type de vo":"piste rurale","Ruines":null,"Niveau":null,"Pont":null,"Abandonné":null,"État de s":null,"Moto autor":null,"motorcar":null,"Véhicule ":null,"Accès":null,"Praticabil":null,"surface":null,"Sens uniqu":null,"Type de pi":null},"geometry":{"type":"LineString","coordinates":[[-16.3456105,16.112501],[-16.3456596,16.1143435],[-16.3459534,16.1153941],[-16.3456986,16.1168222],[-16.3453092,16.1174954],[-16.341002,16.1184542],[-16.3401491,16.118359],[-16.3391652,16.1198652],[-16.3384184,16.1206676],[-16.337477,16.1212626],[-16.3370837,16.1212918]]}},{"type":"Feature","properties":{"full_id":"w1020709219","Type de vo":"piste rurale","Ruines":null,"Niveau":null,"Pont":null,"Abandonné":null,"État de s":null,"Moto autor":null,"motorcar":null,"Véhicule ":null,"Accès":null,"Praticabil":null,"surface":null,"Sens uniqu":null,"Type de pi":null},"geometry":{"type":"LineString","coordinates":[[-16.3425058,16.1105946],[-16.3439711,16.1111124],[-16.344531,16.1111232]]}},{"type":"Feature","properties":{"full_id":"w1021786809","Type de vo":"piste rurale","Ruines":null,"Niveau":null,"Pont":null,"Abandonné":null,"État de s":null,"Moto autor":null,"motorcar":null,"Véhicule ":null,"Accès":null,"Praticabil":null,"surface":null,"Sens uniqu":null,"Type de pi":null},"geometry":{"type":"LineString","coordinates":[[-16.4453927,15.9991111],[-16.4446132,15.9992711],[-16.4441664,15.9991141]]}},{"type":"Feature","properties":{"full_id":"w1021786815","Type de vo":"piste rurale","Ruines":null,"Niveau":null,"Pont":null,"Abandonné":null,"État de s":null,"Moto autor":null,"motorcar":null,"Véhicule ":null,"Accès":null,"Praticabil":null,"surface":null,"Sens uniqu":null,"Type de pi":null},"geometry":{"type":"LineString","coordinates":[[-16.4464175,15.99584],[-16.4457353,15.9959728],[-16.4446518,15.9958292],[-16.4442362,15.9961614]]}},{"type":"Feature","properties":{"full_id":"w1021786820","Type de vo":"piste rurale","Ruines":null,"Niveau":null,"Pont":null,"Abandonné":null,"État de s":null,"Moto autor":null,"motorcar":null,"Véhicule ":null,"Accès":null,"Praticabil":null,"surface":null,"Sens uniqu":null,"Type de pi":null},"geometry":{"type":"LineString","coordinates":[[-16.4429853,15.991467],[-16.4438065,15.9922956]]}},{"type":"Feature","properties":{"full_id":"w1021786823","Type de vo":"piste rurale","Ruines":null,"Niveau":null,"Pont":null,"Abandonné":null,"État de s":null,"Moto autor":null,"motorcar":null,"Véhicule ":null,"Accès":null,"Praticabil":null,"surface":null,"Sens uniqu":null,"Type de pi":null},"geometry":{"type":"LineString","coordinates":[[-16.4439935,15.9912404],[-16.4443513,15.9916507]]}},{"type":"Feature","properties":{"full_id":"w1021786824","Type de vo":"piste rurale","Ruines":null,"Niveau":null,"Pont":null,"Abandonné":null,"État de s":null,"Moto autor":null,"motorcar":null,"Véhicule ":null,"Accès":null,"Praticabil":null,"surface":null,"Sens uniqu":null,"Type de pi":null},"geometry":{"type":"LineString","coordinates":[[-16.4444426,15.990891],[-16.4448391,15.9905682]]}},{"type":"Feature","properties":{"full_id":"w1021786831","Type de vo":"piste rurale","Ruines":null,"Niveau":null,"Pont":null,"Abandonné":null,"État de s":null,"Moto autor":null,"motorcar":null,"Véhicule ":null,"Accès":null,"Praticabil":null,"surface":null,"Sens uniqu":null,"Type de pi":null},"geometry":{"type":"LineString","coordinates":[[-16.4448391,15.9905682],[-16.4441271,15.9896362],[-16.443774,15.9894778]]}},{"type":"Feature","properties":{"full_id":"w1063984815","Type de vo":"piste rurale","Ruines":null,"Niveau":null,"Pont":null,"Abandonné":null,"État de s":null,"Moto autor":null,"motorcar":null,"Véhicule ":null,"Accès":null,"Praticabil":null,"surface":"Sable","Sens uniqu":"no","Type de pi":null},"geometry":{"type":"LineString","coordinates":[[-16.3482088,16.1099417],[-16.3483144,16.1094712]]}},{"type":"Feature","properties":{"full_id":"w1120844605","Type de vo":"piste rurale","Ruines":null,"Niveau":null,"Pont":null,"Abandonné":null,"État de s":null,"Moto autor":null,"motorcar":null,"Véhicule ":null,"Accès":null,"Praticabil":null,"surface":null,"Sens uniqu":null,"Type de pi":null},"geometry":{"type":"LineString","coordinates":[[-16.348769273733087,15.887991696275943],[-16.3501076,15.8886111],[-16.3515351,15.8899636],[-16.3519877,15.8899833]]}},{"type":"Feature","properties":{"full_id":"w1120844641","Type de vo":"piste rurale","Ruines":null,"Niveau":null,"Pont":null,"Abandonné":null,"État de s":null,"Moto autor":null,"motorcar":null,"Véhicule ":null,"Accès":null,"Praticabil":null,"surface":null,"Sens uniqu":null,"Type de pi":null},"geometry":{"type":"LineString","coordinates":[[-16.3621796,15.8783866],[-16.3613945,15.87821]]}},{"type":"Feature","properties":{"full_id":"w1154639881","Type de vo":"piste rurale","Ruines":null,"Niveau":null,"Pont":null,"Abandonné":null,"État de s":null,"Moto autor":null,"motorcar":null,"Véhicule ":null,"Accès":null,"Praticabil":null,"surface":null,"Sens uniqu":null,"Type de pi":null},"geometry":{"type":"LineString","coordinates":[[-16.4283377,16.0417634],[-16.4280384,16.041552],[-16.4270111,16.0419954],[-16.4269578,16.042563]]}},{"type":"Feature","properties":{"full_id":"w1154639882","Type de vo":"piste rurale","Ruines":null,"Niveau":null,"Pont":null,"Abandonné":null,"État de s":null,"Moto autor":null,"motorcar":null,"Véhicule ":null,"Accès":null,"Praticabil":null,"surface":null,"Sens uniqu":null,"Type de pi":null},"geometry":{"type":"LineString","coordinates":[[-16.428135,16.042038],[-16.4275207,16.041735],[-16.4275019,16.04132],[-16.4281644,16.0402322],[-16.428818,16.0405568]]}},{"type":"Feature","properties":{"full_id":"w1154639884","Type de vo":"piste rurale","Ruines":null,"Niveau":null,"Pont":null,"Abandonné":null,"État de s":null,"Moto autor":null,"motorcar":null,"Véhicule ":null,"Accès":null,"Praticabil":null,"surface":null,"Sens uniqu":null,"Type de pi":null},"geometry":{"type":"LineString","coordinates":[[-16.4244475,16.0440607],[-16.4240319,16.0430741]]}},{"type":"Feature","properties":{"full_id":"w1154639885","Type de vo":"piste rurale","Ruines":null,"Niveau":null,"Pont":null,"Abandonné":null,"État de s":null,"Moto autor":null,"motorcar":null,"Véhicule ":null,"Accès":null,"Praticabil":null,"surface":null,"Sens uniqu":null,"Type de pi":null},"geometry":{"type":"LineString","coordinates":[[-16.4242362,16.0435738],[-16.4244424,16.0432135]]}},{"type":"Feature","properties":{"full_id":"w1154640135","Type de vo":"piste rurale","Ruines":null,"Niveau":null,"Pont":null,"Abandonné":null,"État de s":null,"Moto autor":null,"motorcar":null,"Véhicule ":null,"Accès":null,"Praticabil":null,"surface":null,"Sens uniqu":null,"Type de pi":null},"geometry":{"type":"LineString","coordinates":[[-16.3732624,16.0486631],[-16.3730336,16.0474244],[-16.3731078,16.0467041]]}},{"type":"Feature","properties":{"full_id":"w1154640136","Type de vo":"piste rurale","Ruines":null,"Niveau":null,"Pont":null,"Abandonné":null,"État de s":null,"Moto autor":null,"motorcar":null,"Véhicule ":null,"Accès":null,"Praticabil":null,"surface":null,"Sens uniqu":null,"Type de pi":null},"geometry":{"type":"LineString","coordinates":[[-16.3737621,16.0493184],[-16.3751585,16.0499153],[-16.3764801,16.0507321]]}},{"type":"Feature","properties":{"full_id":"w1287393510","Type de vo":"piste rurale","Ruines":null,"Niveau":null,"Pont":null,"Abandonné":null,"État de s":null,"Moto autor":null,"motorcar":null,"Véhicule ":null,"Accès":null,"Praticabil":null,"surface":null,"Sens uniqu":null,"Type de pi":null},"geometry":{"type":"LineString","coordinates":[[-16.3847324,16.0825708],[-16.3832331,16.0845527]]}},{"type":"Feature","properties":{"full_id":"w1287393511","Type de vo":"piste rurale","Ruines":null,"Niveau":null,"Pont":null,"Abandonné":null,"État de s":null,"Moto autor":null,"motorcar":null,"Véhicule ":null,"Accès":null,"Praticabil":null,"surface":null,"Sens uniqu":null,"Type de pi":null},"geometry":{"type":"LineString","coordinates":[[-16.3848558,16.0824007],[-16.384203,16.0822696]]}},{"type":"Feature","properties":{"full_id":"w1287393512","Type de vo":"piste rurale","Ruines":null,"Niveau":null,"Pont":null,"Abandonné":null,"État de s":null,"Moto autor":null,"motorcar":null,"Véhicule ":null,"Accès":null,"Praticabil":null,"surface":null,"Sens uniqu":null,"Type de pi":null},"geometry":{"type":"LineString","coordinates":[[-16.390021,16.0770337],[-16.3885492,16.0792281],[-16.3877928,16.0800219],[-16.3868809,16.0809137],[-16.3861674,16.0809497],[-16.3847324,16.0825708]]}},{"type":"Feature","properties":{"full_id":"w1293372199","Type de vo":"piste rurale","Ruines":null,"Niveau":null,"Pont":null,"Abandonné":null,"État de s":null,"Moto autor":null,"motorcar":null,"Véhicule ":null,"Accès":null,"Praticabil":null,"surface":"Non revêtu","Sens uniqu":null,"Type de pi":null},"geometry":{"type":"LineString","coordinates":[[-16.414894,16.069042],[-16.4146478,16.07068],[-16.414253,16.0719666],[-16.4137724,16.0727913],[-16.4131338,16.0747499]]}},{"type":"Feature","properties":{"full_id":"w1293372200","Type de vo":"piste rurale","Ruines":null,"Niveau":null,"Pont":null,"Abandonné":null,"État de s":null,"Moto autor":null,"motorcar":null,"Véhicule ":null,"Accès":null,"Praticabil":null,"surface":"Non revêtu","Sens uniqu":null,"Type de pi":null},"geometry":{"type":"LineString","coordinates":[[-16.4131338,16.0747499],[-16.4131193,16.0749061],[-16.4125362,16.0752169],[-16.4123924,16.0756148],[-16.4106586,16.0765385]]}},{"type":"Feature","properties":{"full_id":"w1293372201","Type de vo":"piste rurale","Ruines":null,"Niveau":null,"Pont":null,"Abandonné":null,"État de s":null,"Moto autor":null,"motorcar":null,"Véhicule ":null,"Accès":null,"Praticabil":null,"surface":"Non revêtu","Sens uniqu":null,"Type de pi":null},"geometry":{"type":"LineString","coordinates":[[-16.411135,16.0763777],[-16.4115426,16.0775485],[-16.4111952,16.0788058],[-16.4100546,16.0793732],[-16.4082135,16.0798739]]}},{"type":"Feature","properties":{"full_id":"w1293372202","Type de vo":"piste rurale","Ruines":null,"Niveau":null,"Pont":null,"Abandonné":null,"État de s":null,"Moto autor":null,"motorcar":null,"Véhicule ":null,"Accès":null,"Praticabil":null,"surface":"Non revêtu","Sens uniqu":null,"Type de pi":null},"geometry":{"type":"LineString","coordinates":[[-16.411135,16.0763777],[-16.4101646,16.0747557],[-16.4094004,16.0738377]]}},{"type":"Feature","properties":{"full_id":"w1293372203","Type de vo":"piste rurale","Ruines":null,"Niveau":null,"Pont":null,"Abandonné":null,"État de s":null,"Moto autor":null,"motorcar":null,"Véhicule ":null,"Accès":null,"Praticabil":null,"surface":"Non revêtu","Sens uniqu":null,"Type de pi":null},"geometry":{"type":"LineString","coordinates":[[-16.4094004,16.0738377],[-16.4086188,16.0713008]]}},{"type":"Feature","properties":{"full_id":"w1293417195","Type de vo":"piste rurale","Ruines":null,"Niveau":null,"Pont":null,"Abandonné":null,"État de s":null,"Moto autor":null,"motorcar":null,"Véhicule ":null,"Accès":null,"Praticabil":null,"surface":"Non revêtu","Sens uniqu":null,"Type de pi":null},"geometry":{"type":"LineString","coordinates":[[-16.49677793494168,15.947161439062434],[-16.4968157,15.947374],[-16.4973146,15.9480573]]}},{"type":"Feature","properties":{"full_id":"w1293419250","Type de vo":"piste rurale","Ruines":null,"Niveau":null,"Pont":null,"Abandonné":null,"État de s":null,"Moto autor":null,"motorcar":null,"Véhicule ":null,"Accès":null,"Praticabil":null,"surface":null,"Sens uniqu":null,"Type de pi":null},"geometry":{"type":"LineString","coordinates":[[-16.4702551,15.9367317],[-16.4694773,15.9367056],[-16.4684581,15.9376238],[-16.4681362,15.9377579],[-16.4678572,15.9376754],[-16.4668273,15.938542]]}},{"type":"Feature","properties":{"full_id":"w1293424225","Type de vo":"piste rurale","Ruines":null,"Niveau":null,"Pont":null,"Abandonné":null,"État de s":null,"Moto autor":null,"motorcar":null,"Véhicule ":null,"Accès":null,"Praticabil":null,"surface":null,"Sens uniqu":null,"Type de pi":null},"geometry":{"type":"LineString","coordinates":[[-16.4705791,15.9280797],[-16.4712424,15.9275787],[-16.4716406,15.927496]]}},{"type":"Feature","properties":{"full_id":"w1293424226","Type de vo":"piste rurale","Ruines":null,"Niveau":null,"Pont":null,"Abandonné":null,"État de s":null,"Moto autor":null,"motorcar":null,"Véhicule ":null,"Accès":null,"Praticabil":null,"surface":null,"Sens uniqu":null,"Type de pi":null},"geometry":{"type":"LineString","coordinates":[[-16.4703583,15.9316126],[-16.4716412,15.930917]]}},{"type":"Feature","properties":{"full_id":"w1293424231","Type de vo":"piste rurale","Ruines":null,"Niveau":null,"Pont":null,"Abandonné":null,"État de s":null,"Moto autor":null,"motorcar":null,"Véhicule ":null,"Accès":null,"Praticabil":null,"surface":null,"Sens uniqu":null,"Type de pi":null},"geometry":{"type":"LineString","coordinates":[[-16.4703619,15.9370267],[-16.4709822,15.9370932],[-16.471268,15.93691],[-16.4717539,15.935252],[-16.472273,15.9346108]]}},{"type":"Feature","properties":{"full_id":"w1293593452","Type de vo":"piste rurale","Ruines":null,"Niveau":null,"Pont":null,"Abandonné":null,"État de s":null,"Moto autor":null,"motorcar":null,"Véhicule ":null,"Accès":null,"Praticabil":null,"surface":null,"Sens uniqu":null,"Type de pi":null},"geometry":{"type":"LineString","coordinates":[[-16.471177680186447,15.921969674154825],[-16.4708777,15.9227174],[-16.4704674,15.9280534],[-16.4699433,15.9285735],[-16.4693794,15.9287635]]}},{"type":"Feature","properties":{"full_id":"w1293608871","Type de vo":"piste rurale","Ruines":null,"Niveau":null,"Pont":null,"Abandonné":null,"État de s":null,"Moto autor":null,"motorcar":null,"Véhicule ":null,"Accès":null,"Praticabil":null,"surface":"Non revêtu","Sens uniqu":null,"Type de pi":null},"geometry":{"type":"LineString","coordinates":[[-16.4725941,15.9488912],[-16.4733078,15.9491072]]}},{"type":"Feature","properties":{"full_id":"w1293608872","Type de vo":"piste rurale","Ruines":null,"Niveau":null,"Pont":null,"Abandonné":null,"État de s":null,"Moto autor":null,"motorcar":null,"Véhicule ":null,"Accès":null,"Praticabil":null,"surface":"Non revêtu","Sens uniqu":null,"Type de pi":null},"geometry":{"type":"LineString","coordinates":[[-16.4733078,15.9491072],[-16.4747513,15.9504529],[-16.4761869,15.950894],[-16.4770186,15.9523509]]}},{"type":"Feature","properties":{"full_id":"w1293608873","Type de vo":"piste rurale","Ruines":null,"Niveau":null,"Pont":null,"Abandonné":null,"État de s":null,"Moto autor":null,"motorcar":null,"Véhicule ":null,"Accès":null,"Praticabil":null,"surface":"Non revêtu","Sens uniqu":null,"Type de pi":null},"geometry":{"type":"LineString","coordinates":[[-16.4761869,15.950894],[-16.476761,15.9509674],[-16.4780431,15.9519164]]}},{"type":"Feature","properties":{"full_id":"w1293608874","Type de vo":"piste rurale","Ruines":null,"Niveau":null,"Pont":null,"Abandonné":null,"État de s":null,"Moto autor":null,"motorcar":null,"Véhicule ":null,"Accès":null,"Praticabil":null,"surface":"Non revêtu","Sens uniqu":null,"Type de pi":null},"geometry":{"type":"LineString","coordinates":[[-16.4761869,15.950894],[-16.4770518,15.9512524]]}},{"type":"Feature","properties":{"full_id":"w1426314753","Type de vo":"piste rurale","Ruines":null,"Niveau":null,"Pont":null,"Abandonné":null,"État de s":null,"Moto autor":null,"motorcar":null,"Véhicule ":null,"Accès":null,"Praticabil":null,"surface":null,"Sens uniqu":null,"Type de pi":null},"geometry":{"type":"LineString","coordinates":[[-16.3443111,16.1082006],[-16.3425842,16.10804]]}},{"type":"Feature","properties":{"full_id":"w1426874702","Type de vo":"piste rurale","Ruines":null,"Niveau":null,"Pont":null,"Abandonné":null,"État de s":null,"Moto autor":null,"motorcar":null,"Véhicule ":null,"Accès":null,"Praticabil":null,"surface":null,"Sens uniqu":null,"Type de pi":null},"geometry":{"type":"LineString","coordinates":[[-16.3626978,15.926912],[-16.363162,15.9257618],[-16.3638878,15.9250458],[-16.3639561,15.9242296]]}},{"type":"Feature","properties":{"full_id":"w1426874703","Type de vo":"piste rurale","Ruines":null,"Niveau":null,"Pont":null,"Abandonné":null,"État de s":null,"Moto autor":null,"motorcar":null,"Véhicule ":null,"Accès":null,"Praticabil":null,"surface":null,"Sens uniqu":null,"Type de pi":null},"geometry":{"type":"LineString","coordinates":[[-16.3633787,15.9270016],[-16.3626978,15.926912],[-16.353119451730095,15.928347322876084]]}}]}