{"type":"FeatureCollection","name":"transport-route-locale.geojson","features":[{"type":"Feature","properties":{"full_id":"1","Type de vo":"non classée","Vitesse ma":null,"Accès":null,"Référenc":null,"Nom":null,"Type de pi":null,"surface":"Non revêtu","Sens uniqu":"no"},"geometry":{"type":"LineString","coordinates":[[-16.4276292,15.9088743],[-16.4264598,15.9086215],[-16.4248666,15.9089672],[-16.4222541,15.9107006],[-16.42028,15.9111907],[-16.4180424,15.9123813]]}},{"type":"Feature","properties":{"full_id":"w137152689","Type de vo":"non classée","Vitesse ma":null,"Accès":null,"Référenc":null,"Nom":null,"Type de pi":null,"surface":"Non revêtu","Sens uniqu":null},"geometry":{"type":"LineString","coordinates":[[-16.4378473,15.8932401],[-16.4384879,15.8937732],[-16.4405371,15.8942272],[-16.4422526,15.8943206],[-16.4434553,15.894609],[-16.4444316,15.8951868],[-16.4482989,15.8965804],[-16.4508073,15.897686],[-16.4525185,15.8987008],[-16.4543698,15.8993777],[-16.455551,15.9000262],[-16.4582139,15.9001717],[-16.4608236,15.9008132],[-16.4613232,15.9006903]]}},{"type":"Feature","properties":{"full_id":"w137152690","Type de vo":"non classée","Vitesse ma":null,"Accès":null,"Référenc":null,"Nom":null,"Type de pi":null,"surface":"Non revêtu","Sens uniqu":null},"geometry":{"type":"LineString","coordinates":[[-16.4698515,15.9711212],[-16.4693268,15.9733977],[-16.4669832,15.9784922],[-16.4669808,15.9796377],[-16.4673539,15.9812947],[-16.4674462,15.9835512]]}},{"type":"Feature","properties":{"full_id":"w137152709","Type de vo":"non classée","Vitesse ma":null,"Accès":null,"Référenc":null,"Nom":null,"Type de pi":null,"surface":"Non revêtu","Sens uniqu":"no"},"geometry":{"type":"LineString","coordinates":[[-16.4135635,15.9148911],[-16.4130588,15.9140787]]}},{"type":"Feature","properties":{"full_id":"w166589812","Type de vo":"non classée","Vitesse ma":null,"Accès":null,"Référenc":null,"Nom":"Avenue de l'Université","Type de pi":null,"surface":"Asphalte","Sens uniqu":"no"},"geometry":{"type":"LineString","coordinates":[[-16.4261685,16.0558302],[-16.4272043,16.0571964],[-16.4278548,16.0585097],[-16.4282612,16.0598136],[-16.4285158,16.0617664],[-16.4282996,16.0633763],[-16.4278646,16.0644995],[-16.4271612,16.0655941],[-16.4263185,16.066362],[-16.4252444,16.0669256],[-16.4236379,16.0672125],[-16.4220433,16.0669663],[-16.4207719,16.0663348],[-16.419809,16.0653979],[-16.4191473,16.0640084],[-16.4188984,16.0622637],[-16.4189249,16.0609215]]}},{"type":"Feature","properties":{"full_id":"w217552632","Type de vo":"non classée","Vitesse ma":null,"Accès":null,"Référenc":null,"Nom":null,"Type de pi":null,"surface":"Non revêtu","Sens uniqu":null},"geometry":{"type":"LineString","coordinates":[[-16.4556492,15.9651405],[-16.4549595,15.9618119],[-16.454701,15.9575127],[-16.4540354,15.9563156],[-16.4536282,15.9550958],[-16.4540197,15.9515947],[-16.4539389,15.9485424],[-16.4545735,15.9461228],[-16.4545757,15.9429507],[-16.4541046,15.9401911],[-16.4537983,15.9369821],[-16.4535071,15.936104],[-16.4525113,15.9346601]]}},{"type":"Feature","properties":{"full_id":"w217553414","Type de vo":"non classée","Vitesse ma":null,"Accès":null,"Référenc":null,"Nom":null,"Type de pi":"grade4","surface":"Sol naturel","Sens uniqu":null},"geometry":{"type":"LineString","coordinates":[[-16.4557316,15.9651751],[-16.4557303,15.9654655],[-16.4563923,15.9663895],[-16.4567198,15.967464],[-16.4569619,15.9715638],[-16.4587843,15.976471],[-16.4590833,15.9766627],[-16.4602796,15.9784113],[-16.4626621,15.9796127],[-16.4653316,15.981375],[-16.4656525,15.9813937],[-16.466679,15.982529],[-16.4673786,15.9826527]]}},{"type":"Feature","properties":{"full_id":"w217887436","Type de vo":"non classée","Vitesse ma":null,"Accès":"agricole","Référenc":null,"Nom":null,"Type de pi":null,"surface":"Sol naturel","Sens uniqu":null},"geometry":{"type":"LineString","coordinates":[[-16.3833511,16.0752178],[-16.3820336,16.0760449]]}},{"type":"Feature","properties":{"full_id":"w217888231","Type de vo":"non classée","Vitesse ma":null,"Accès":"agricole","Référenc":null,"Nom":null,"Type de pi":null,"surface":"Sol naturel","Sens uniqu":null},"geometry":{"type":"LineString","coordinates":[[-16.3640747,16.083326],[-16.3629679,16.082542],[-16.3617526,16.0812749],[-16.359051,16.0771477],[-16.3587597,16.0759328],[-16.3568482,16.0619497],[-16.3566089,16.0613858],[-16.3560886,16.0608259],[-16.355001,16.0601839],[-16.3499123,16.058361]]}},{"type":"Feature","properties":{"full_id":"w229896435","Type de vo":"non classée","Vitesse ma":null,"Accès":null,"Référenc":null,"Nom":null,"Type de pi":null,"surface":"Non revêtu","Sens uniqu":"no"},"geometry":{"type":"LineString","coordinates":[[-16.397263,16.0588152],[-16.39608,16.0585422],[-16.3934309,16.0568843],[-16.3791578,16.0499137],[-16.3764109,16.0481923],[-16.3744339,16.0472223],[-16.372717,16.0466398],[-16.3705624,16.046574],[-16.3694042,16.04683]]}},{"type":"Feature","properties":{"full_id":"w229896437","Type de vo":"non classée","Vitesse ma":null,"Accès":null,"Référenc":null,"Nom":null,"Type de pi":"grade3","surface":null,"Sens uniqu":null},"geometry":{"type":"LineString","coordinates":[[-16.3632177,16.0343496],[-16.3638858,16.0335029],[-16.3651582,16.0328883],[-16.3669451,16.0310683],[-16.3682442,16.030234],[-16.369242,16.0290305],[-16.3695568,16.0277368],[-16.3706525,16.0247307],[-16.3712999,16.0240424],[-16.3727376,16.0235443],[-16.373097,16.0232685],[-16.3740615,16.0210978],[-16.3743783,16.0187129],[-16.3746796,16.0178311],[-16.3751685,16.0172003],[-16.3765517,16.0161701]]}},{"type":"Feature","properties":{"full_id":"w231499512","Type de vo":"non classée","Vitesse ma":null,"Accès":null,"Référenc":null,"Nom":null,"Type de pi":null,"surface":null,"Sens uniqu":null},"geometry":{"type":"LineString","coordinates":[[-16.47026112363543,15.919939970075648],[-16.4694582,15.9208933],[-16.4690994,15.9218883],[-16.4681818,15.9235358],[-16.4681315,15.9249643],[-16.4678131,15.9254259],[-16.4681035,15.9283127],[-16.4693794,15.9287635],[-16.4705471,15.928785]]}},{"type":"Feature","properties":{"full_id":"w357698004","Type de vo":"non classée","Vitesse ma":null,"Accès":null,"Référenc":null,"Nom":null,"Type de pi":null,"surface":"Non revêtu","Sens uniqu":null},"geometry":{"type":"LineString","coordinates":[[-16.4289828,16.068888],[-16.4292695,16.0668289],[-16.4289929,16.0615392],[-16.4285811,16.0599771],[-16.4268056,16.0551781]]}},{"type":"Feature","properties":{"full_id":"w357700361","Type de vo":"non classée","Vitesse ma":null,"Accès":null,"Référenc":null,"Nom":null,"Type de pi":"grade3","surface":null,"Sens uniqu":null},"geometry":{"type":"LineString","coordinates":[[-16.4326219,16.0633817],[-16.4323122,16.0636914],[-16.4321894,16.0642843],[-16.4317925,16.0645174]]}},{"type":"Feature","properties":{"full_id":"w357718478","Type de vo":"non classée","Vitesse ma":null,"Accès":null,"Référenc":null,"Nom":null,"Type de pi":null,"surface":"Sable","Sens uniqu":"no"},"geometry":{"type":"LineString","coordinates":[[-16.3517745,16.103143],[-16.3504458,16.1026074],[-16.3487378,16.1014055],[-16.3471815,16.1006312]]}},{"type":"Feature","properties":{"full_id":"w357723504","Type de vo":"non classée","Vitesse ma":null,"Accès":null,"Référenc":null,"Nom":null,"Type de pi":null,"surface":"Non revêtu","Sens uniqu":"no"},"geometry":{"type":"LineString","coordinates":[[-16.3698944,16.0779936],[-16.3710345,16.0785267],[-16.3713671,16.0788875],[-16.3714868,16.0807389],[-16.3717861,16.0819069],[-16.3688458,16.0871552],[-16.3683275,16.0877324],[-16.3681749,16.0885991],[-16.3674692,16.0896498],[-16.3674156,16.0909435],[-16.3678581,16.0916404],[-16.3715784,16.0938917]]}},{"type":"Feature","properties":{"full_id":"w358328497","Type de vo":"non classée","Vitesse ma":null,"Accès":null,"Référenc":null,"Nom":null,"Type de pi":null,"surface":"Non revêtu","Sens uniqu":null},"geometry":{"type":"LineString","coordinates":[[-16.491959610316176,15.948016426609803],[-16.4918299,15.9487648],[-16.4917977,15.9499614],[-16.4908214,15.9511477],[-16.490757,15.9521483],[-16.4910896,15.9542837],[-16.4908589,15.9555576],[-16.490875,15.9572855],[-16.4907034,15.9582345],[-16.4904435,15.9584738]]}},{"type":"Feature","properties":{"full_id":"w358362849","Type de vo":"non classée","Vitesse ma":null,"Accès":null,"Référenc":null,"Nom":null,"Type de pi":null,"surface":"Non revêtu","Sens uniqu":"no"},"geometry":{"type":"LineString","coordinates":[[-16.3694042,16.04683],[-16.3695981,16.0481514],[-16.368927,16.0507937],[-16.3649562,16.0580621],[-16.3575262,16.0670559]]}},{"type":"Feature","properties":{"full_id":"w358363068","Type de vo":"non classée","Vitesse ma":null,"Accès":null,"Référenc":null,"Nom":null,"Type de pi":null,"surface":"Non revêtu","Sens uniqu":null},"geometry":{"type":"LineString","coordinates":[[-16.3694042,16.04683],[-16.3661066,16.0411781],[-16.3637812,16.0360596],[-16.360356,16.0248653],[-16.3601195,16.0222566],[-16.3594841,16.020677],[-16.3588307,16.0197209],[-16.3586399,16.0188882],[-16.3587055,16.0184909],[-16.3574726,16.0178891]]}},{"type":"Feature","properties":{"full_id":"w358376323","Type de vo":"non classée","Vitesse ma":null,"Accès":null,"Référenc":null,"Nom":null,"Type de pi":null,"surface":"Non revêtu","Sens uniqu":null},"geometry":{"type":"LineString","coordinates":[[-16.4466435,16.0691233],[-16.445773,16.0672615],[-16.445714,16.0667241],[-16.4459451,16.065648],[-16.4464742,16.0646289],[-16.4471095,16.0639337],[-16.447770329240498,16.063562210200974]]}},{"type":"Feature","properties":{"full_id":"w358376637","Type de vo":"non classée","Vitesse ma":null,"Accès":"yes","Référenc":null,"Nom":null,"Type de pi":null,"surface":"Non revêtu","Sens uniqu":null},"geometry":{"type":"LineString","coordinates":[[-16.4412643,16.0731394],[-16.4420713,16.072887],[-16.4449053,16.0705374],[-16.4465915,16.0695315],[-16.4467178,16.0693596],[-16.4466435,16.0691233]]}},{"type":"Feature","properties":{"full_id":"w358378432","Type de vo":"non classée","Vitesse ma":null,"Accès":"yes","Référenc":null,"Nom":null,"Type de pi":null,"surface":"Non revêtu","Sens uniqu":null},"geometry":{"type":"LineString","coordinates":[[-16.4315504,16.0650552],[-16.4311548,16.0653207],[-16.4305119,16.0669312]]}},{"type":"Feature","properties":{"full_id":"w358890238","Type de vo":"non classée","Vitesse ma":null,"Accès":null,"Référenc":null,"Nom":null,"Type de pi":null,"surface":"Non revêtu","Sens uniqu":null},"geometry":{"type":"LineString","coordinates":[[-16.4019873,16.0567274],[-16.4021429,16.0567634]]}},{"type":"Feature","properties":{"full_id":"w358890243","Type de vo":"non classée","Vitesse ma":null,"Accès":null,"Référenc":null,"Nom":null,"Type de pi":null,"surface":"Non revêtu","Sens uniqu":null},"geometry":{"type":"LineString","coordinates":[[-16.4021429,16.0567634],[-16.4032167,16.0570625]]}},{"type":"Feature","properties":{"full_id":"w358890250","Type de vo":"non classée","Vitesse ma":null,"Accès":null,"Référenc":null,"Nom":null,"Type de pi":null,"surface":"Non revêtu","Sens uniqu":null},"geometry":{"type":"LineString","coordinates":[[-16.3966876,16.0587146],[-16.3975671,16.0576398],[-16.3991439,16.0566964],[-16.4009196,16.0563613],[-16.4019873,16.0567274]]}},{"type":"Feature","properties":{"full_id":"w397415819","Type de vo":"non classée","Vitesse ma":null,"Accès":null,"Référenc":null,"Nom":null,"Type de pi":null,"surface":null,"Sens uniqu":null},"geometry":{"type":"LineString","coordinates":[[-16.4391383,16.0546547],[-16.4383391,16.0512214],[-16.4375444,16.0502272],[-16.4362133,16.0504524]]}},{"type":"Feature","properties":{"full_id":"w397421194","Type de vo":"non classée","Vitesse ma":null,"Accès":null,"Référenc":null,"Nom":null,"Type de pi":"grade3","surface":null,"Sens uniqu":null},"geometry":{"type":"LineString","coordinates":[[-16.4318186,16.0580931],[-16.431622,16.0541207],[-16.4339255,16.050992],[-16.4333797,16.0483422]]}},{"type":"Feature","properties":{"full_id":"w397452513","Type de vo":"non classée","Vitesse ma":null,"Accès":null,"Référenc":null,"Nom":null,"Type de pi":null,"surface":"Terre","Sens uniqu":null},"geometry":{"type":"LineString","coordinates":[[-16.4326219,16.0633817],[-16.4327427,16.0631953],[-16.4318836,16.0590941],[-16.4318186,16.0580931]]}},{"type":"Feature","properties":{"full_id":"w397458384","Type de vo":"non classée","Vitesse ma":null,"Accès":null,"Référenc":null,"Nom":null,"Type de pi":null,"surface":"Non revêtu","Sens uniqu":null},"geometry":{"type":"LineString","coordinates":[[-16.439413,16.0703059],[-16.4302024,16.069365],[-16.4293519,16.0692287],[-16.4291573,16.0688969],[-16.4289828,16.068888]]}},{"type":"Feature","properties":{"full_id":"w397503912","Type de vo":"non classée","Vitesse ma":null,"Accès":null,"Référenc":null,"Nom":null,"Type de pi":"grade3","surface":"Non revêtu","Sens uniqu":null},"geometry":{"type":"LineString","coordinates":[[-16.4182179,15.8937197],[-16.4187698,15.8938563],[-16.4204086,15.8936009],[-16.4232732,15.8935287],[-16.4237962,15.8932423],[-16.4238874,15.8928915],[-16.424269,15.8924763],[-16.4248027,15.8920429],[-16.4250602,15.8920274],[-16.4254981,15.891276]]}},{"type":"Feature","properties":{"full_id":"w397503914","Type de vo":"non classée","Vitesse ma":null,"Accès":null,"Référenc":null,"Nom":null,"Type de pi":"grade3","surface":"Non revêtu","Sens uniqu":null},"geometry":{"type":"LineString","coordinates":[[-16.4222003,15.8935725],[-16.4205642,15.895061],[-16.4187698,15.8973646],[-16.4177264,15.898332],[-16.4175923,15.8987757],[-16.4159239,15.9001042],[-16.4154519,15.9002306],[-16.4125186,15.9050201]]}},{"type":"Feature","properties":{"full_id":"w397512352","Type de vo":"non classée","Vitesse ma":null,"Accès":null,"Référenc":null,"Nom":null,"Type de pi":null,"surface":"Non revêtu","Sens uniqu":"no"},"geometry":{"type":"MultiLineString","coordinates":[[[-16.3960237,15.9155978],[-16.3948202,15.9121947],[-16.3864112,15.8976489],[-16.3837263,15.8914938],[-16.3776404,15.8833263],[-16.3721794,15.8751069],[-16.3702029,15.8714945],[-16.3686901,15.8692112],[-16.3675011,15.8661782],[-16.36669607814938,15.862588364867674]],[[-16.362759257830437,15.844614626012238],[-16.3624379,15.8438948],[-16.3612309,15.8405507],[-16.3613114,15.8392295]]]}},{"type":"Feature","properties":{"full_id":"w397513235","Type de vo":"non classée","Vitesse ma":null,"Accès":null,"Référenc":null,"Nom":null,"Type de pi":null,"surface":"Non revêtu","Sens uniqu":"no"},"geometry":{"type":"LineString","coordinates":[[-16.4005604,15.9296537],[-16.3994346,15.9264049]]}},{"type":"Feature","properties":{"full_id":"w397786551","Type de vo":"non classée","Vitesse ma":null,"Accès":null,"Référenc":null,"Nom":null,"Type de pi":null,"surface":"Non revêtu","Sens uniqu":"no"},"geometry":{"type":"LineString","coordinates":[[-16.4130588,15.9140787],[-16.4128983,15.913239],[-16.4130351,15.9122897],[-16.4128902,15.9110181],[-16.4121741,15.9095297],[-16.4122921,15.9084334],[-16.4120614,15.9071824],[-16.4125087,15.906159],[-16.4125186,15.9050201]]}},{"type":"Feature","properties":{"full_id":"w397786552","Type de vo":"non classée","Vitesse ma":null,"Accès":null,"Référenc":null,"Nom":null,"Type de pi":null,"surface":"Non revêtu","Sens uniqu":"no"},"geometry":{"type":"LineString","coordinates":[[-16.4116657,15.9119409],[-16.4119146,15.9127999],[-16.4126835,15.9135022],[-16.4130588,15.9140787]]}},{"type":"Feature","properties":{"full_id":"w397788480","Type de vo":"non classée","Vitesse ma":null,"Accès":null,"Référenc":null,"Nom":null,"Type de pi":null,"surface":"Non revêtu","Sens uniqu":"no"},"geometry":{"type":"LineString","coordinates":[[-16.4129895,15.9138554],[-16.4129337,15.913868]]}},{"type":"Feature","properties":{"full_id":"w397790177","Type de vo":"non classée","Vitesse ma":null,"Accès":null,"Référenc":null,"Nom":null,"Type de pi":"grade3","surface":"Non revêtu","Sens uniqu":null},"geometry":{"type":"LineString","coordinates":[[-16.4071771,15.9142604],[-16.4068177,15.9133937],[-16.4071127,15.9126405],[-16.4096272,15.9102152],[-16.4107591,15.9081052],[-16.4124664,15.9063028]]}},{"type":"Feature","properties":{"full_id":"w397790436","Type de vo":"non classée","Vitesse ma":null,"Accès":null,"Référenc":null,"Nom":null,"Type de pi":"grade2","surface":"Non revêtu","Sens uniqu":null},"geometry":{"type":"LineString","coordinates":[[-16.4036995,15.916558],[-16.4065641,15.9144945],[-16.4078852,15.9138941],[-16.4097935,15.9124438]]}},{"type":"Feature","properties":{"full_id":"w397911435","Type de vo":"non classée","Vitesse ma":null,"Accès":null,"Référenc":null,"Nom":null,"Type de pi":null,"surface":"Non revêtu","Sens uniqu":"no"},"geometry":{"type":"LineString","coordinates":[[-16.3654449,15.9227569],[-16.3663202,15.9265564]]}},{"type":"Feature","properties":{"full_id":"w397912613","Type de vo":"non classée","Vitesse ma":null,"Accès":"oui","Référenc":null,"Nom":null,"Type de pi":"grade3","surface":null,"Sens uniqu":null},"geometry":{"type":"LineString","coordinates":[[-16.3684029,15.9211634],[-16.3674563,15.921248]]}},{"type":"Feature","properties":{"full_id":"w397912620","Type de vo":"non classée","Vitesse ma":null,"Accès":"oui","Référenc":null,"Nom":null,"Type de pi":"grade3","surface":null,"Sens uniqu":null},"geometry":{"type":"LineString","coordinates":[[-16.3710152,15.9209075],[-16.3684029,15.9211634]]}},{"type":"Feature","properties":{"full_id":"w397913081","Type de vo":"non classée","Vitesse ma":null,"Accès":null,"Référenc":null,"Nom":null,"Type de pi":null,"surface":"Non revêtu","Sens uniqu":null},"geometry":{"type":"LineString","coordinates":[[-16.353884969433405,15.94899577073604],[-16.3552654,15.94704],[-16.3570679,15.9435197],[-16.359753,15.9370044],[-16.3621882,15.9333814],[-16.3625744,15.9331336],[-16.3641378,15.9329005]]}},{"type":"Feature","properties":{"full_id":"w397940749","Type de vo":"non classée","Vitesse ma":null,"Accès":null,"Référenc":null,"Nom":null,"Type de pi":"grade4","surface":"Sable","Sens uniqu":null},"geometry":{"type":"LineString","coordinates":[[-16.363586654483683,15.865477690266419],[-16.3637272,15.8655588],[-16.3648588,15.8657346],[-16.3660147,15.86564],[-16.3683824,15.8663357],[-16.3697568,15.8664753],[-16.3710344,15.8673195],[-16.3710127,15.8678908],[-16.3705489,15.8691751],[-16.3694999,15.8704346],[-16.3685855,15.8721653],[-16.3646642,15.874544],[-16.3635213,15.8755507],[-16.3613593,15.8769283],[-16.3608847,15.8773385],[-16.3606379,15.8778906],[-16.3606701,15.8784737]]}},{"type":"Feature","properties":{"full_id":"w397943500","Type de vo":"non classée","Vitesse ma":null,"Accès":null,"Référenc":null,"Nom":null,"Type de pi":null,"surface":"Non revêtu","Sens uniqu":"no"},"geometry":{"type":"LineString","coordinates":[[-16.3612443,15.8399314],[-16.3608632,15.8398752],[-16.3601044,15.8401378]]}},{"type":"Feature","properties":{"full_id":"w398597743","Type de vo":"non classée","Vitesse ma":null,"Accès":null,"Référenc":null,"Nom":null,"Type de pi":null,"surface":"Non revêtu","Sens uniqu":"no"},"geometry":{"type":"LineString","coordinates":[[-16.4454919,16.017991],[-16.44607681854358,16.01818892757098]]}},{"type":"Feature","properties":{"full_id":"w398597747","Type de vo":"non classée","Vitesse ma":null,"Accès":null,"Référenc":null,"Nom":null,"Type de pi":null,"surface":"Non revêtu","Sens uniqu":"no"},"geometry":{"type":"LineString","coordinates":[[-16.4453372,16.0177159],[-16.4452994,16.0165465]]}},{"type":"Feature","properties":{"full_id":"w398597756","Type de vo":"non classée","Vitesse ma":null,"Accès":null,"Référenc":null,"Nom":null,"Type de pi":null,"surface":"Non revêtu","Sens uniqu":"no"},"geometry":{"type":"LineString","coordinates":[[-16.4453372,16.0177159],[-16.4454919,16.017991]]}},{"type":"Feature","properties":{"full_id":"w398600613","Type de vo":"non classée","Vitesse ma":null,"Accès":null,"Référenc":null,"Nom":null,"Type de pi":"grade4","surface":"Non revêtu","Sens uniqu":null},"geometry":{"type":"LineString","coordinates":[[-16.4466088,15.9999715],[-16.4459922,16.0001593],[-16.4453936,16.0007864],[-16.4446962,16.0024442],[-16.4451251,16.0076571],[-16.445396,16.0088947],[-16.4450529,16.012378],[-16.4452994,16.0165465]]}},{"type":"Feature","properties":{"full_id":"w447689832","Type de vo":"non classée","Vitesse ma":null,"Accès":"yes","Référenc":null,"Nom":null,"Type de pi":null,"surface":"Non revêtu","Sens uniqu":null},"geometry":{"type":"LineString","coordinates":[[-16.4219494,16.046088],[-16.4204165,16.0466357]]}},{"type":"Feature","properties":{"full_id":"w447697378","Type de vo":"non classée","Vitesse ma":null,"Accès":"agricole","Référenc":null,"Nom":null,"Type de pi":null,"surface":"Sol naturel","Sens uniqu":null},"geometry":{"type":"LineString","coordinates":[[-16.3820336,16.0760449],[-16.3821843,16.0763931],[-16.3820765,16.0770299],[-16.3813657,16.0783572],[-16.379879,16.0836956],[-16.3794588,16.0842235],[-16.378612,16.0866863]]}},{"type":"Feature","properties":{"full_id":"w639292657","Type de vo":"non classée","Vitesse ma":null,"Accès":null,"Référenc":null,"Nom":null,"Type de pi":null,"surface":"Terre","Sens uniqu":null},"geometry":{"type":"LineString","coordinates":[[-16.4359903,16.0459144],[-16.4413335,16.0522736]]}},{"type":"Feature","properties":{"full_id":"w641463226","Type de vo":"non classée","Vitesse ma":null,"Accès":null,"Référenc":null,"Nom":null,"Type de pi":null,"surface":null,"Sens uniqu":null},"geometry":{"type":"LineString","coordinates":[[-16.4315504,16.0650552],[-16.4317925,16.0645174]]}},{"type":"Feature","properties":{"full_id":"w642413911","Type de vo":"non classée","Vitesse ma":null,"Accès":null,"Référenc":null,"Nom":null,"Type de pi":null,"surface":null,"Sens uniqu":null},"geometry":{"type":"LineString","coordinates":[[-16.4129587,16.0380711],[-16.4117396,16.0341258],[-16.4093015,16.0305528],[-16.4086336,16.0289932],[-16.4083412,16.0276294],[-16.4088804,16.0264719],[-16.4077216,16.0240976],[-16.4042079,16.0219347],[-16.3996643,16.0176422],[-16.3989347,16.0165878],[-16.3987148,16.0158221],[-16.3954237,16.0161031],[-16.3935328,16.0165826],[-16.3910839,16.016843],[-16.3858616,16.0164666],[-16.3844293,16.017075],[-16.3835549,16.0170957],[-16.3810283,16.0178124],[-16.3792688,16.0177608],[-16.3785043,16.017436],[-16.3775817,16.0173612],[-16.3769527,16.0163145],[-16.3765517,16.0161701]]}},{"type":"Feature","properties":{"full_id":"w642413917","Type de vo":"non classée","Vitesse ma":null,"Accès":null,"Référenc":null,"Nom":null,"Type de pi":null,"surface":null,"Sens uniqu":null},"geometry":{"type":"LineString","coordinates":[[-16.4124722,16.030875],[-16.4113989,16.0305322],[-16.4103998,16.0292819],[-16.4103113,16.0257952],[-16.4096797,16.0240693],[-16.4087382,16.0223317],[-16.4064369,16.0198362],[-16.404731,16.0187766],[-16.4017081,16.0175417],[-16.4009598,16.0164022],[-16.4005306,16.0149455],[-16.4005145,16.0131434],[-16.4015579,16.0086806],[-16.40365,16.0071466],[-16.4049348,16.0057389],[-16.4062759,16.0046999],[-16.4088032,16.0035074],[-16.4098406,16.0032547]]}},{"type":"Feature","properties":{"full_id":"w642413924","Type de vo":"non classée","Vitesse ma":null,"Accès":null,"Référenc":null,"Nom":null,"Type de pi":null,"surface":"Terre","Sens uniqu":null},"geometry":{"type":"LineString","coordinates":[[-16.4163369,16.0486566],[-16.416463,16.0469837],[-16.4169136,16.045798],[-16.417053,16.0437745],[-16.4173239,16.0433337],[-16.4187562,16.0436714]]}},{"type":"Feature","properties":{"full_id":"w643240542","Type de vo":"non classée","Vitesse ma":null,"Accès":"yes","Référenc":null,"Nom":null,"Type de pi":null,"surface":"Non revêtu","Sens uniqu":null},"geometry":{"type":"LineString","coordinates":[[-16.4305119,16.0669312],[-16.4292695,16.0668289]]}},{"type":"Feature","properties":{"full_id":"w643263232","Type de vo":"non classée","Vitesse ma":null,"Accès":null,"Référenc":null,"Nom":null,"Type de pi":null,"surface":"Terre","Sens uniqu":null},"geometry":{"type":"LineString","coordinates":[[-16.4214371,16.0452928],[-16.4210147,16.0456214]]}},{"type":"Feature","properties":{"full_id":"w643300288","Type de vo":"non classée","Vitesse ma":null,"Accès":null,"Référenc":null,"Nom":null,"Type de pi":null,"surface":"Terre","Sens uniqu":null},"geometry":{"type":"LineString","coordinates":[[-16.4210147,16.0456214],[-16.4204165,16.0466357]]}},{"type":"Feature","properties":{"full_id":"w643300320","Type de vo":"non classée","Vitesse ma":null,"Accès":"yes","Référenc":null,"Nom":null,"Type de pi":null,"surface":"Non revêtu","Sens uniqu":null},"geometry":{"type":"LineString","coordinates":[[-16.4231684,16.0460183],[-16.4219494,16.046088]]}},{"type":"Feature","properties":{"full_id":"w643300322","Type de vo":"non classée","Vitesse ma":null,"Accès":"yes","Référenc":null,"Nom":null,"Type de pi":null,"surface":"Terre","Sens uniqu":null},"geometry":{"type":"LineString","coordinates":[[-16.4204165,16.0466357],[-16.4199391,16.0477338],[-16.4199928,16.0485909],[-16.4202469,16.0490522]]}},{"type":"Feature","properties":{"full_id":"w717766949","Type de vo":"non classée","Vitesse ma":null,"Accès":null,"Référenc":null,"Nom":null,"Type de pi":null,"surface":"Terre","Sens uniqu":null},"geometry":{"type":"LineString","coordinates":[[-16.3822533,16.0514116],[-16.3816111,16.05205],[-16.3807373,16.0544833],[-16.3780243,16.0573334],[-16.3778732,16.0574714],[-16.37764,16.0573144]]}},{"type":"Feature","properties":{"full_id":"w764209509","Type de vo":"non classée","Vitesse ma":null,"Accès":null,"Référenc":null,"Nom":null,"Type de pi":null,"surface":null,"Sens uniqu":null},"geometry":{"type":"LineString","coordinates":[[-16.4172087,16.0382219],[-16.4171456,16.0378288],[-16.4159453,16.0354198],[-16.413252,16.0313535]]}},{"type":"Feature","properties":{"full_id":"w764209510","Type de vo":"non classée","Vitesse ma":null,"Accès":null,"Référenc":null,"Nom":null,"Type de pi":null,"surface":"Terre","Sens uniqu":null},"geometry":{"type":"LineString","coordinates":[[-16.4071602,16.057992],[-16.4082795,16.0564475],[-16.4091083,16.0537585],[-16.4113721,16.0524174],[-16.4145666,16.047806],[-16.4164951,16.042697],[-16.4172087,16.0382219]]}},{"type":"Feature","properties":{"full_id":"w765940057","Type de vo":"non classée","Vitesse ma":null,"Accès":null,"Référenc":null,"Nom":null,"Type de pi":null,"surface":null,"Sens uniqu":null},"geometry":{"type":"LineString","coordinates":[[-16.4143497,16.0414495],[-16.4142421,16.0402752],[-16.4139202,16.0392711],[-16.4129587,16.0380711]]}},{"type":"Feature","properties":{"full_id":"w765940058","Type de vo":"non classée","Vitesse ma":null,"Accès":null,"Référenc":null,"Nom":null,"Type de pi":null,"surface":null,"Sens uniqu":null},"geometry":{"type":"LineString","coordinates":[[-16.4088777,16.0510835],[-16.4123699,16.0468471],[-16.4134455,16.0451909],[-16.4142998,16.0429096],[-16.4143497,16.0414495]]}},{"type":"Feature","properties":{"full_id":"w765940059","Type de vo":"non classée","Vitesse ma":null,"Accès":null,"Référenc":null,"Nom":null,"Type de pi":null,"surface":null,"Sens uniqu":null},"geometry":{"type":"LineString","coordinates":[[-16.4030278,16.0526211],[-16.4036433,16.0522911],[-16.4072013,16.0527912],[-16.4080328,16.0521159],[-16.4088777,16.0510835]]}},{"type":"Feature","properties":{"full_id":"w765940060","Type de vo":"non classée","Vitesse ma":null,"Accès":null,"Référenc":null,"Nom":null,"Type de pi":null,"surface":"Terre","Sens uniqu":null},"geometry":{"type":"LineString","coordinates":[[-16.4015314,16.0565276],[-16.4022499,16.055218],[-16.4024162,16.0540413],[-16.4027381,16.0530219],[-16.4030278,16.0526211]]}},{"type":"Feature","properties":{"full_id":"w776328321","Type de vo":"non classée","Vitesse ma":null,"Accès":null,"Référenc":null,"Nom":null,"Type de pi":null,"surface":null,"Sens uniqu":null},"geometry":{"type":"LineString","coordinates":[[-16.426031891065723,15.841147945945911],[-16.4254381,15.8410367],[-16.4234354,15.8403549],[-16.4216413,15.8403632],[-16.4207778,15.841228]]}},{"type":"Feature","properties":{"full_id":"w776328322","Type de vo":"non classée","Vitesse ma":null,"Accès":null,"Référenc":null,"Nom":null,"Type de pi":null,"surface":null,"Sens uniqu":null},"geometry":{"type":"LineString","coordinates":[[-16.4207778,15.841228],[-16.4183234,15.8419673],[-16.4158999,15.8423364],[-16.4142173,15.8420517],[-16.4119711,15.8423257],[-16.4105762,15.8428404],[-16.4066997,15.8436539],[-16.4051446,15.8443547],[-16.4038323,15.8443233]]}},{"type":"Feature","properties":{"full_id":"w776328323","Type de vo":"non classée","Vitesse ma":null,"Accès":null,"Référenc":null,"Nom":null,"Type de pi":null,"surface":null,"Sens uniqu":null},"geometry":{"type":"LineString","coordinates":[[-16.4038323,15.8443233],[-16.4032527,15.844375],[-16.4025555,15.8448951],[-16.4026907,15.847749],[-16.402512,15.8491094],[-16.4020283,15.8497704],[-16.4020838,15.850209]]}},{"type":"Feature","properties":{"full_id":"w777159616","Type de vo":"non classée","Vitesse ma":null,"Accès":null,"Référenc":null,"Nom":null,"Type de pi":null,"surface":null,"Sens uniqu":null},"geometry":{"type":"LineString","coordinates":[[-16.4477779,15.9951198],[-16.446129,15.9931178]]}},{"type":"Feature","properties":{"full_id":"w777159622","Type de vo":"non classée","Vitesse ma":null,"Accès":null,"Référenc":null,"Nom":null,"Type de pi":null,"surface":null,"Sens uniqu":null},"geometry":{"type":"LineString","coordinates":[[-16.4674922,15.983894],[-16.4674462,15.9835512]]}},{"type":"Feature","properties":{"full_id":"w781004642","Type de vo":"non classée","Vitesse ma":null,"Accès":null,"Référenc":null,"Nom":null,"Type de pi":null,"surface":"Sol naturel","Sens uniqu":null},"geometry":{"type":"LineString","coordinates":[[-16.4412002,16.0545011],[-16.4408603,16.0546804],[-16.4399725,16.0545748],[-16.4347866,16.05526]]}},{"type":"Feature","properties":{"full_id":"w815920038","Type de vo":"non classée","Vitesse ma":null,"Accès":null,"Référenc":null,"Nom":null,"Type de pi":null,"surface":"Non revêtu","Sens uniqu":null},"geometry":{"type":"LineString","coordinates":[[-16.35029219168295,15.962153365427136],[-16.3560999,15.9549336],[-16.3593507,15.9466913],[-16.3605845,15.9425339],[-16.3640767,15.9332362],[-16.3650464,15.9267536]]}},{"type":"Feature","properties":{"full_id":"w899757375","Type de vo":"non classée","Vitesse ma":null,"Accès":null,"Référenc":null,"Nom":null,"Type de pi":null,"surface":null,"Sens uniqu":null},"geometry":{"type":"LineString","coordinates":[[-16.3725993,15.9854191],[-16.3710558,15.9841359],[-16.3679296,15.9820428],[-16.363685,15.979808],[-16.3624431,15.9795648],[-16.3612702,15.9784889],[-16.3599594,15.9777445],[-16.3590778,15.9754672],[-16.3582499,15.9722392]]}},{"type":"Feature","properties":{"full_id":"w899757376","Type de vo":"non classée","Vitesse ma":null,"Accès":null,"Référenc":null,"Nom":null,"Type de pi":null,"surface":null,"Sens uniqu":null},"geometry":{"type":"LineString","coordinates":[[-16.3759268,15.981766],[-16.374586,15.9796533],[-16.3729531,15.9752019],[-16.3727078,15.9724898],[-16.3728995,15.9720255],[-16.372032,15.9713867]]}},{"type":"Feature","properties":{"full_id":"w899757377","Type de vo":"non classée","Vitesse ma":null,"Accès":null,"Référenc":null,"Nom":null,"Type de pi":null,"surface":null,"Sens uniqu":null},"geometry":{"type":"LineString","coordinates":[[-16.3582499,15.9722392],[-16.347463939199145,15.970796410090927]]}},{"type":"Feature","properties":{"full_id":"w899757380","Type de vo":"non classée","Vitesse ma":null,"Accès":null,"Référenc":null,"Nom":null,"Type de pi":null,"surface":null,"Sens uniqu":null},"geometry":{"type":"LineString","coordinates":[[-16.3739395,15.9254089],[-16.3750382,15.9277697],[-16.3758736,15.9304528],[-16.3761169,15.9348426]]}},{"type":"Feature","properties":{"full_id":"w899757381","Type de vo":"non classée","Vitesse ma":null,"Accès":null,"Référenc":null,"Nom":null,"Type de pi":null,"surface":null,"Sens uniqu":null},"geometry":{"type":"LineString","coordinates":[[-16.3803414,15.9412555],[-16.3800728,15.9405147],[-16.3795577,15.9399368],[-16.3783645,15.9396256],[-16.3781642,15.939433],[-16.3779066,15.9377458]]}},{"type":"Feature","properties":{"full_id":"w899757383","Type de vo":"non classée","Vitesse ma":null,"Accès":null,"Référenc":null,"Nom":null,"Type de pi":null,"surface":null,"Sens uniqu":null},"geometry":{"type":"LineString","coordinates":[[-16.3798967,15.9448224],[-16.3794396,15.9428941],[-16.3793595,15.9414792],[-16.3790825,15.9415787],[-16.3779714,15.9427529]]}},{"type":"Feature","properties":{"full_id":"w899757384","Type de vo":"non classée","Vitesse ma":null,"Accès":null,"Référenc":null,"Nom":null,"Type de pi":null,"surface":null,"Sens uniqu":null},"geometry":{"type":"LineString","coordinates":[[-16.379266,15.9414118],[-16.3799929,15.9404176]]}},{"type":"Feature","properties":{"full_id":"w899757387","Type de vo":"non classée","Vitesse ma":null,"Accès":null,"Référenc":null,"Nom":null,"Type de pi":null,"surface":null,"Sens uniqu":null},"geometry":{"type":"LineString","coordinates":[[-16.3859549,15.9548356],[-16.388092,15.9483419]]}},{"type":"Feature","properties":{"full_id":"w899757393","Type de vo":"non classée","Vitesse ma":null,"Accès":null,"Référenc":null,"Nom":null,"Type de pi":null,"surface":"Sol naturel","Sens uniqu":null},"geometry":{"type":"LineString","coordinates":[[-16.4005604,15.9296537],[-16.4007229,15.9301197],[-16.4006419,15.9320716],[-16.4008624,15.9331867]]}},{"type":"Feature","properties":{"full_id":"w899757395","Type de vo":"non classée","Vitesse ma":null,"Accès":null,"Référenc":null,"Nom":null,"Type de pi":null,"surface":null,"Sens uniqu":null},"geometry":{"type":"LineString","coordinates":[[-16.3988754,15.9361455],[-16.3975419,15.9366041],[-16.396184,15.9379014]]}},{"type":"Feature","properties":{"full_id":"w899757396","Type de vo":"non classée","Vitesse ma":null,"Accès":null,"Référenc":null,"Nom":null,"Type de pi":null,"surface":null,"Sens uniqu":null},"geometry":{"type":"LineString","coordinates":[[-16.396184,15.9379014],[-16.3944907,15.9406077],[-16.3933138,15.9429008]]}},{"type":"Feature","properties":{"full_id":"w899757397","Type de vo":"non classée","Vitesse ma":null,"Accès":null,"Référenc":null,"Nom":null,"Type de pi":null,"surface":null,"Sens uniqu":null},"geometry":{"type":"LineString","coordinates":[[-16.3933138,15.9429008],[-16.3914595,15.9445653],[-16.3891993,15.9453017],[-16.3886077,15.9456549],[-16.388092,15.9483419]]}},{"type":"Feature","properties":{"full_id":"w899757398","Type de vo":"non classée","Vitesse ma":null,"Accès":null,"Référenc":null,"Nom":null,"Type de pi":null,"surface":null,"Sens uniqu":null},"geometry":{"type":"LineString","coordinates":[[-16.3859549,15.9548356],[-16.3847273,15.9586409],[-16.3835829,15.9654902],[-16.3827389,15.9686947],[-16.3818393,15.9708283],[-16.3814397,15.9726079],[-16.3785822,15.979454],[-16.377869,15.9807765],[-16.3774345,15.9821866]]}},{"type":"Feature","properties":{"full_id":"w899757400","Type de vo":"non classée","Vitesse ma":null,"Accès":null,"Référenc":null,"Nom":null,"Type de pi":null,"surface":null,"Sens uniqu":null},"geometry":{"type":"LineString","coordinates":[[-16.3698204,15.9692311],[-16.3679711,15.9658656]]}},{"type":"Feature","properties":{"full_id":"w899757401","Type de vo":"non classée","Vitesse ma":null,"Accès":null,"Référenc":null,"Nom":null,"Type de pi":null,"surface":null,"Sens uniqu":null},"geometry":{"type":"LineString","coordinates":[[-16.3679711,15.9658656],[-16.3634022,15.9591218],[-16.3614014,15.9568001],[-16.3598913,15.9556797],[-16.3560358,15.9550535]]}},{"type":"Feature","properties":{"full_id":"w899757403","Type de vo":"non classée","Vitesse ma":null,"Accès":null,"Référenc":null,"Nom":null,"Type de pi":null,"surface":null,"Sens uniqu":null},"geometry":{"type":"LineString","coordinates":[[-16.3724001,15.9681118],[-16.3744369,15.9666885],[-16.3751024,15.9660012],[-16.3771318,15.9629956],[-16.3806155,15.959038],[-16.3810674,15.9583191],[-16.3835034,15.9565299],[-16.3841114,15.9561546],[-16.3847811,15.9560164],[-16.3854884,15.9553433]]}},{"type":"Feature","properties":{"full_id":"w899757410","Type de vo":"non classée","Vitesse ma":null,"Accès":null,"Référenc":null,"Nom":null,"Type de pi":null,"surface":null,"Sens uniqu":null},"geometry":{"type":"LineString","coordinates":[[-16.3842304,15.9831583],[-16.3824632,15.9836039],[-16.3819618,15.9835153],[-16.3797234,15.9837308]]}},{"type":"Feature","properties":{"full_id":"w899757411","Type de vo":"non classée","Vitesse ma":null,"Accès":null,"Référenc":null,"Nom":null,"Type de pi":null,"surface":null,"Sens uniqu":null},"geometry":{"type":"LineString","coordinates":[[-16.3875776,15.9827883],[-16.3868377,15.9831661],[-16.3862929,15.9830567],[-16.3842304,15.9831583]]}},{"type":"Feature","properties":{"full_id":"w899757412","Type de vo":"non classée","Vitesse ma":null,"Accès":null,"Référenc":null,"Nom":null,"Type de pi":null,"surface":null,"Sens uniqu":null},"geometry":{"type":"LineString","coordinates":[[-16.4056973,15.985679],[-16.3991467,15.983314],[-16.3972685,15.9833775],[-16.3898881,15.9822071],[-16.3875776,15.9827883]]}},{"type":"Feature","properties":{"full_id":"w901270707","Type de vo":"non classée","Vitesse ma":null,"Accès":null,"Référenc":null,"Nom":null,"Type de pi":null,"surface":null,"Sens uniqu":null},"geometry":{"type":"LineString","coordinates":[[-16.3649806,15.9746003],[-16.3638997,15.9749268],[-16.3590778,15.9754672]]}},{"type":"Feature","properties":{"full_id":"w901270715","Type de vo":"non classée","Vitesse ma":null,"Accès":null,"Référenc":null,"Nom":null,"Type de pi":null,"surface":null,"Sens uniqu":null},"geometry":{"type":"LineString","coordinates":[[-16.365129,15.9794244],[-16.3650291,15.9805158]]}},{"type":"Feature","properties":{"full_id":"w901270716","Type de vo":"non classée","Vitesse ma":null,"Accès":null,"Référenc":null,"Nom":null,"Type de pi":null,"surface":null,"Sens uniqu":null},"geometry":{"type":"LineString","coordinates":[[-16.3681383,15.9730133],[-16.3674267,15.9734012],[-16.3666675,15.9744819],[-16.3622591,15.9785345],[-16.3619339,15.9790319]]}},{"type":"Feature","properties":{"full_id":"w901270718","Type de vo":"non classée","Vitesse ma":null,"Accès":null,"Référenc":null,"Nom":null,"Type de pi":null,"surface":null,"Sens uniqu":null},"geometry":{"type":"LineString","coordinates":[[-16.3732876,15.9749655],[-16.3729431,15.9750518]]}},{"type":"Feature","properties":{"full_id":"w901270721","Type de vo":"non classée","Vitesse ma":null,"Accès":null,"Référenc":null,"Nom":null,"Type de pi":null,"surface":null,"Sens uniqu":null},"geometry":{"type":"LineString","coordinates":[[-16.3795535,15.9761673],[-16.3794016,15.9767959],[-16.3795677,15.9769717]]}},{"type":"Feature","properties":{"full_id":"w901270742","Type de vo":"non classée","Vitesse ma":null,"Accès":null,"Référenc":null,"Nom":null,"Type de pi":null,"surface":null,"Sens uniqu":null},"geometry":{"type":"LineString","coordinates":[[-16.3800143,15.9628725],[-16.3782118,15.9622897],[-16.3779083,15.9620477]]}},{"type":"Feature","properties":{"full_id":"w901270747","Type de vo":"non classée","Vitesse ma":null,"Accès":null,"Référenc":null,"Nom":null,"Type de pi":null,"surface":null,"Sens uniqu":null},"geometry":{"type":"LineString","coordinates":[[-16.3810897,15.961543],[-16.3804338,15.9613547]]}},{"type":"Feature","properties":{"full_id":"w901270748","Type de vo":"non classée","Vitesse ma":null,"Accès":null,"Référenc":null,"Nom":null,"Type de pi":null,"surface":null,"Sens uniqu":null},"geometry":{"type":"LineString","coordinates":[[-16.3810063,15.9584162],[-16.3809741,15.959575],[-16.3804338,15.9613547]]}},{"type":"Feature","properties":{"full_id":"w901270749","Type de vo":"non classée","Vitesse ma":null,"Accès":null,"Référenc":null,"Nom":null,"Type de pi":null,"surface":null,"Sens uniqu":null},"geometry":{"type":"LineString","coordinates":[[-16.3804338,15.9613547],[-16.3798216,15.9627952]]}},{"type":"Feature","properties":{"full_id":"w901270750","Type de vo":"non classée","Vitesse ma":null,"Accès":null,"Référenc":null,"Nom":null,"Type de pi":null,"surface":null,"Sens uniqu":null},"geometry":{"type":"LineString","coordinates":[[-16.3804338,15.9613547],[-16.379684,15.9612922],[-16.3790015,15.9607646]]}},{"type":"Feature","properties":{"full_id":"w901270770","Type de vo":"non classée","Vitesse ma":null,"Accès":null,"Référenc":null,"Nom":null,"Type de pi":null,"surface":null,"Sens uniqu":null},"geometry":{"type":"LineString","coordinates":[[-16.3851503,15.9554087],[-16.3855647,15.9550648]]}},{"type":"Feature","properties":{"full_id":"w901270771","Type de vo":"non classée","Vitesse ma":null,"Accès":null,"Référenc":null,"Nom":null,"Type de pi":null,"surface":null,"Sens uniqu":null},"geometry":{"type":"LineString","coordinates":[[-16.3859403,15.954881],[-16.3855647,15.9550648],[-16.3854884,15.9553433]]}},{"type":"Feature","properties":{"full_id":"w901270772","Type de vo":"non classée","Vitesse ma":null,"Accès":null,"Référenc":null,"Nom":null,"Type de pi":null,"surface":null,"Sens uniqu":null},"geometry":{"type":"LineString","coordinates":[[-16.3859403,15.954881],[-16.3865249,15.9546023]]}},{"type":"Feature","properties":{"full_id":"w901270805","Type de vo":"non classée","Vitesse ma":null,"Accès":null,"Référenc":null,"Nom":null,"Type de pi":null,"surface":null,"Sens uniqu":null},"geometry":{"type":"LineString","coordinates":[[-16.3881577,15.9481232],[-16.3876586,15.9481056],[-16.3869832,15.9484212]]}},{"type":"Feature","properties":{"full_id":"w901270835","Type de vo":"non classée","Vitesse ma":null,"Accès":null,"Référenc":null,"Nom":null,"Type de pi":null,"surface":null,"Sens uniqu":null},"geometry":{"type":"LineString","coordinates":[[-16.3921144,15.9395695],[-16.3928585,15.9398346],[-16.3930692,15.9403429],[-16.3943155,15.9410502]]}},{"type":"Feature","properties":{"full_id":"w901270846","Type de vo":"non classée","Vitesse ma":null,"Accès":null,"Référenc":null,"Nom":null,"Type de pi":null,"surface":null,"Sens uniqu":null},"geometry":{"type":"LineString","coordinates":[[-16.395245,15.9415023],[-16.395102,15.9412839],[-16.3943155,15.9410502]]}},{"type":"Feature","properties":{"full_id":"w901270887","Type de vo":"non classée","Vitesse ma":null,"Accès":null,"Référenc":null,"Nom":null,"Type de pi":null,"surface":null,"Sens uniqu":null},"geometry":{"type":"LineString","coordinates":[[-16.39035,15.9445505],[-16.3906647,15.9448679]]}},{"type":"Feature","properties":{"full_id":"w901270896","Type de vo":"non classée","Vitesse ma":null,"Accès":null,"Référenc":null,"Nom":null,"Type de pi":null,"surface":null,"Sens uniqu":null},"geometry":{"type":"LineString","coordinates":[[-16.3762827,15.9324186],[-16.3760592,15.9324683]]}},{"type":"Feature","properties":{"full_id":"w901270908","Type de vo":"non classée","Vitesse ma":null,"Accès":null,"Référenc":null,"Nom":null,"Type de pi":null,"surface":null,"Sens uniqu":null},"geometry":{"type":"LineString","coordinates":[[-16.3806179,15.932897],[-16.3785825,15.9347969]]}},{"type":"Feature","properties":{"full_id":"w901270909","Type de vo":"non classée","Vitesse ma":null,"Accès":null,"Référenc":null,"Nom":null,"Type de pi":null,"surface":"Non revêtu","Sens uniqu":null},"geometry":{"type":"LineString","coordinates":[[-16.3854016,15.9300718],[-16.381805,15.9333009],[-16.380439,15.9340489],[-16.3782247,15.9349637],[-16.377417,15.9355527]]}},{"type":"Feature","properties":{"full_id":"w901521475","Type de vo":"non classée","Vitesse ma":null,"Accès":null,"Référenc":null,"Nom":null,"Type de pi":null,"surface":null,"Sens uniqu":null},"geometry":{"type":"LineString","coordinates":[[-16.3518572,15.9721416],[-16.3517978,15.9719021],[-16.3521879,15.9714575]]}},{"type":"Feature","properties":{"full_id":"w901521476","Type de vo":"non classée","Vitesse ma":null,"Accès":null,"Référenc":null,"Nom":null,"Type de pi":null,"surface":null,"Sens uniqu":null},"geometry":{"type":"LineString","coordinates":[[-16.3510542,15.9717464],[-16.3518331,15.9720748]]}},{"type":"Feature","properties":{"full_id":"w901521478","Type de vo":"non classée","Vitesse ma":null,"Accès":null,"Référenc":null,"Nom":null,"Type de pi":null,"surface":null,"Sens uniqu":null},"geometry":{"type":"LineString","coordinates":[[-16.3516487,15.9597468],[-16.3524745,15.9595049]]}},{"type":"Feature","properties":{"full_id":"w901521482","Type de vo":"non classée","Vitesse ma":null,"Accès":null,"Référenc":null,"Nom":null,"Type de pi":null,"surface":null,"Sens uniqu":null},"geometry":{"type":"LineString","coordinates":[[-16.366763,15.9798456],[-16.3654346,15.9793964],[-16.365129,15.9794244]]}},{"type":"Feature","properties":{"full_id":"w901521579","Type de vo":"non classée","Vitesse ma":null,"Accès":null,"Référenc":null,"Nom":null,"Type de pi":null,"surface":null,"Sens uniqu":null},"geometry":{"type":"LineString","coordinates":[[-16.3673101,15.9735793],[-16.3649806,15.9746003]]}},{"type":"Feature","properties":{"full_id":"w901529496","Type de vo":"non classée","Vitesse ma":null,"Accès":null,"Référenc":null,"Nom":null,"Type de pi":null,"surface":null,"Sens uniqu":null},"geometry":{"type":"LineString","coordinates":[[-16.3798948,15.9647166],[-16.3795661,15.9633303],[-16.3797301,15.9627584]]}},{"type":"Feature","properties":{"full_id":"w901529500","Type de vo":"non classée","Vitesse ma":null,"Accès":null,"Référenc":null,"Nom":null,"Type de pi":null,"surface":null,"Sens uniqu":null},"geometry":{"type":"LineString","coordinates":[[-16.3767937,15.9656387],[-16.3768401,15.9654055],[-16.3766034,15.9649335],[-16.3751275,15.9659658]]}},{"type":"Feature","properties":{"full_id":"w901529501","Type de vo":"non classée","Vitesse ma":null,"Accès":null,"Référenc":null,"Nom":null,"Type de pi":null,"surface":null,"Sens uniqu":null},"geometry":{"type":"LineString","coordinates":[[-16.3774792,15.964326],[-16.3766034,15.9649335]]}},{"type":"Feature","properties":{"full_id":"w901870917","Type de vo":"non classée","Vitesse ma":null,"Accès":null,"Référenc":null,"Nom":null,"Type de pi":null,"surface":null,"Sens uniqu":null},"geometry":{"type":"LineString","coordinates":[[-16.3650291,15.9805158],[-16.3643814,15.9818073],[-16.3621887,15.9845771]]}},{"type":"Feature","properties":{"full_id":"w901870918","Type de vo":"non classée","Vitesse ma":null,"Accès":null,"Référenc":null,"Nom":null,"Type de pi":null,"surface":null,"Sens uniqu":null},"geometry":{"type":"LineString","coordinates":[[-16.3620542,15.9844707],[-16.3621887,15.9845771]]}},{"type":"Feature","properties":{"full_id":"w901870919","Type de vo":"non classée","Vitesse ma":null,"Accès":null,"Référenc":null,"Nom":null,"Type de pi":null,"surface":null,"Sens uniqu":null},"geometry":{"type":"LineString","coordinates":[[-16.3621887,15.9845771],[-16.3612264,15.9856018],[-16.3599643,15.9863265]]}},{"type":"Feature","properties":{"full_id":"w901870920","Type de vo":"non classée","Vitesse ma":null,"Accès":null,"Référenc":null,"Nom":null,"Type de pi":null,"surface":null,"Sens uniqu":null},"geometry":{"type":"LineString","coordinates":[[-16.3592715,15.98737589999999],[-16.358111,15.9882658],[-16.3575663,15.9891078],[-16.3569389,15.9896328],[-16.3565278,15.9904454]]}},{"type":"Feature","properties":{"full_id":"w901870921","Type de vo":"non classée","Vitesse ma":null,"Accès":null,"Référenc":null,"Nom":null,"Type de pi":null,"surface":null,"Sens uniqu":null},"geometry":{"type":"LineString","coordinates":[[-16.3557813,15.9898966],[-16.3566655,15.9901297]]}},{"type":"Feature","properties":{"full_id":"w901870922","Type de vo":"non classée","Vitesse ma":null,"Accès":null,"Référenc":null,"Nom":null,"Type de pi":null,"surface":null,"Sens uniqu":null},"geometry":{"type":"LineString","coordinates":[[-16.3599643,15.9863265],[-16.359376,15.9866937],[-16.3592715,15.98737589999999]]}},{"type":"Feature","properties":{"full_id":"w901870927","Type de vo":"non classée","Vitesse ma":null,"Accès":null,"Référenc":null,"Nom":null,"Type de pi":null,"surface":null,"Sens uniqu":null},"geometry":{"type":"LineString","coordinates":[[-16.3725993,15.9854191],[-16.3701242,15.9856496],[-16.3690498,15.9859992],[-16.3678452,15.9860987],[-16.3579879,15.9884388]]}},{"type":"Feature","properties":{"full_id":"w901870930","Type de vo":"non classée","Vitesse ma":null,"Accès":null,"Référenc":null,"Nom":null,"Type de pi":null,"surface":null,"Sens uniqu":null},"geometry":{"type":"LineString","coordinates":[[-16.3747282,15.9872395],[-16.3730772,15.98884],[-16.3725378,15.989963],[-16.3711149,15.9918181],[-16.3705728,15.9923444],[-16.3698139,15.9924486],[-16.3683479,15.9943538]]}},{"type":"Feature","properties":{"full_id":"w901870932","Type de vo":"non classée","Vitesse ma":null,"Accès":null,"Référenc":null,"Nom":null,"Type de pi":null,"surface":null,"Sens uniqu":null},"geometry":{"type":"LineString","coordinates":[[-16.3689892,15.9953271],[-16.3693006,15.9959301]]}},{"type":"Feature","properties":{"full_id":"w901870934","Type de vo":"non classée","Vitesse ma":null,"Accès":null,"Référenc":null,"Nom":null,"Type de pi":null,"surface":null,"Sens uniqu":null},"geometry":{"type":"LineString","coordinates":[[-16.3690599,15.9934202],[-16.3688168,15.9945296]]}},{"type":"Feature","properties":{"full_id":"w901870936","Type de vo":"non classée","Vitesse ma":null,"Accès":null,"Référenc":null,"Nom":null,"Type de pi":null,"surface":null,"Sens uniqu":null},"geometry":{"type":"LineString","coordinates":[[-16.3682913,15.9947595],[-16.3678337,15.9944471]]}},{"type":"Feature","properties":{"full_id":"w901870937","Type de vo":"non classée","Vitesse ma":null,"Accès":null,"Référenc":null,"Nom":null,"Type de pi":null,"surface":null,"Sens uniqu":null},"geometry":{"type":"LineString","coordinates":[[-16.3683479,15.9943538],[-16.3681589,15.9946945]]}},{"type":"Feature","properties":{"full_id":"w901870938","Type de vo":"non classée","Vitesse ma":null,"Accès":null,"Référenc":null,"Nom":null,"Type de pi":null,"surface":null,"Sens uniqu":null},"geometry":{"type":"LineString","coordinates":[[-16.3678337,15.9944471],[-16.3614328,15.9900905],[-16.359684,15.9894494],[-16.3579116,15.9885683]]}},{"type":"Feature","properties":{"full_id":"w901870939","Type de vo":"non classée","Vitesse ma":null,"Accès":null,"Référenc":null,"Nom":null,"Type de pi":null,"surface":null,"Sens uniqu":null},"geometry":{"type":"LineString","coordinates":[[-16.3576601,15.988988],[-16.3540527,15.989102],[-16.3523191,15.9897694],[-16.3517275,15.9901761],[-16.3502084,15.9906794]]}},{"type":"Feature","properties":{"full_id":"w901870940","Type de vo":"non classée","Vitesse ma":null,"Accès":null,"Référenc":null,"Nom":null,"Type de pi":null,"surface":null,"Sens uniqu":null},"geometry":{"type":"LineString","coordinates":[[-16.3584802,15.9888642],[-16.3576601,15.988988]]}},{"type":"Feature","properties":{"full_id":"w901870941","Type de vo":"non classée","Vitesse ma":null,"Accès":null,"Référenc":null,"Nom":null,"Type de pi":null,"surface":null,"Sens uniqu":null},"geometry":{"type":"LineString","coordinates":[[-16.3576347,15.9875865],[-16.3557082,15.9864356]]}},{"type":"Feature","properties":{"full_id":"w901870942","Type de vo":"non classée","Vitesse ma":null,"Accès":null,"Référenc":null,"Nom":null,"Type de pi":null,"surface":null,"Sens uniqu":null},"geometry":{"type":"LineString","coordinates":[[-16.3572353,15.9881803],[-16.3557082,15.9864356]]}},{"type":"Feature","properties":{"full_id":"w901870945","Type de vo":"non classée","Vitesse ma":null,"Accès":null,"Référenc":null,"Nom":null,"Type de pi":null,"surface":null,"Sens uniqu":null},"geometry":{"type":"LineString","coordinates":[[-16.3502084,15.9906794],[-16.3490899,15.9911933],[-16.3483071,15.9911946],[-16.3466094,15.9919086]]}},{"type":"Feature","properties":{"full_id":"w901870948","Type de vo":"non classée","Vitesse ma":null,"Accès":null,"Référenc":null,"Nom":null,"Type de pi":null,"surface":null,"Sens uniqu":null},"geometry":{"type":"LineString","coordinates":[[-16.3468725,15.9918121],[-16.345585,15.992551],[-16.3434155,15.9942916],[-16.3432188,15.9941232]]}},{"type":"Feature","properties":{"full_id":"w901870949","Type de vo":"non classée","Vitesse ma":null,"Accès":null,"Référenc":null,"Nom":null,"Type de pi":null,"surface":null,"Sens uniqu":null},"geometry":{"type":"LineString","coordinates":[[-16.3434155,15.9942916],[-16.3420191,15.9951521]]}},{"type":"Feature","properties":{"full_id":"w901870950","Type de vo":"non classée","Vitesse ma":null,"Accès":null,"Référenc":null,"Nom":null,"Type de pi":null,"surface":null,"Sens uniqu":null},"geometry":{"type":"LineString","coordinates":[[-16.3565278,15.9904454],[-16.3559769,15.9914056],[-16.3545127,15.9932479],[-16.3537844,15.9948765],[-16.3520826,15.9976768],[-16.3510752,15.9990053],[-16.3507209,15.9999569]]}},{"type":"Feature","properties":{"full_id":"w901870951","Type de vo":"non classée","Vitesse ma":null,"Accès":null,"Référenc":null,"Nom":null,"Type de pi":null,"surface":null,"Sens uniqu":null},"geometry":{"type":"LineString","coordinates":[[-16.3551862,15.99347],[-16.3543692,15.9935687]]}},{"type":"Feature","properties":{"full_id":"w901870952","Type de vo":"non classée","Vitesse ma":null,"Accès":null,"Référenc":null,"Nom":null,"Type de pi":null,"surface":null,"Sens uniqu":null},"geometry":{"type":"LineString","coordinates":[[-16.3543692,15.9935687],[-16.3528373,15.9934074],[-16.3517608,15.9927958],[-16.3509418,15.9915451],[-16.3500933,15.9907399]]}},{"type":"Feature","properties":{"full_id":"w901870953","Type de vo":"non classée","Vitesse ma":null,"Accès":null,"Référenc":null,"Nom":null,"Type de pi":null,"surface":null,"Sens uniqu":null},"geometry":{"type":"LineString","coordinates":[[-16.3681589,15.9946945],[-16.367776,15.9955212],[-16.3667572,15.9961846],[-16.3658041,15.9974799],[-16.3643177,15.9986883],[-16.362567,16.000793]]}},{"type":"Feature","properties":{"full_id":"w901870954","Type de vo":"non classée","Vitesse ma":null,"Accès":null,"Référenc":null,"Nom":null,"Type de pi":null,"surface":null,"Sens uniqu":null},"geometry":{"type":"LineString","coordinates":[[-16.362567,16.000793],[-16.3622868,16.0010983],[-16.3616131,16.0008888],[-16.3615031,16.001003],[-16.3608205,16.0025851],[-16.3609725,16.0042673]]}},{"type":"Feature","properties":{"full_id":"w901870955","Type de vo":"non classée","Vitesse ma":null,"Accès":null,"Référenc":null,"Nom":null,"Type de pi":null,"surface":null,"Sens uniqu":null},"geometry":{"type":"LineString","coordinates":[[-16.3648067,16.0036001],[-16.3643318,16.0022411],[-16.3622868,16.0010983]]}},{"type":"Feature","properties":{"full_id":"w901870956","Type de vo":"non classée","Vitesse ma":null,"Accès":null,"Référenc":null,"Nom":null,"Type de pi":null,"surface":null,"Sens uniqu":null},"geometry":{"type":"LineString","coordinates":[[-16.3590143,16.0075225],[-16.3607828,16.0048961],[-16.3609725,16.0042673]]}},{"type":"Feature","properties":{"full_id":"w901870958","Type de vo":"non classée","Vitesse ma":null,"Accès":null,"Référenc":null,"Nom":null,"Type de pi":null,"surface":null,"Sens uniqu":null},"geometry":{"type":"LineString","coordinates":[[-16.3590143,16.0075225],[-16.3590144,16.0077502],[-16.3583689,16.0081679],[-16.3577842,16.0089087]]}},{"type":"Feature","properties":{"full_id":"w901870959","Type de vo":"non classée","Vitesse ma":null,"Accès":null,"Référenc":null,"Nom":null,"Type de pi":null,"surface":null,"Sens uniqu":null},"geometry":{"type":"LineString","coordinates":[[-16.3596203,16.0065201],[-16.3586067,16.0068753],[-16.3583886,16.0070885],[-16.3578167,16.0088651]]}},{"type":"Feature","properties":{"full_id":"w901870960","Type de vo":"non classée","Vitesse ma":null,"Accès":null,"Référenc":null,"Nom":null,"Type de pi":null,"surface":null,"Sens uniqu":null},"geometry":{"type":"LineString","coordinates":[[-16.3577842,16.0089087],[-16.3566252,16.0106687],[-16.3537784,16.0138002],[-16.3531132,16.0149106],[-16.3532428,16.015244]]}},{"type":"Feature","properties":{"full_id":"w901870961","Type de vo":"non classée","Vitesse ma":null,"Accès":null,"Référenc":null,"Nom":null,"Type de pi":null,"surface":null,"Sens uniqu":null},"geometry":{"type":"LineString","coordinates":[[-16.360974,16.0042121],[-16.357533,16.0011393],[-16.3551586,15.9994768],[-16.3523651,15.9985528],[-16.3514606,15.9984664]]}},{"type":"Feature","properties":{"full_id":"w901870962","Type de vo":"non classée","Vitesse ma":null,"Accès":null,"Référenc":null,"Nom":null,"Type de pi":null,"surface":null,"Sens uniqu":null},"geometry":{"type":"LineString","coordinates":[[-16.3507209,15.9999569],[-16.3480196,16.0047721]]}},{"type":"Feature","properties":{"full_id":"w901870963","Type de vo":"non classée","Vitesse ma":null,"Accès":null,"Référenc":null,"Nom":null,"Type de pi":null,"surface":null,"Sens uniqu":null},"geometry":{"type":"LineString","coordinates":[[-16.3482674,16.0031839],[-16.3486899,16.0035855]]}},{"type":"Feature","properties":{"full_id":"w901870964","Type de vo":"non classée","Vitesse ma":null,"Accès":null,"Référenc":null,"Nom":null,"Type de pi":null,"surface":null,"Sens uniqu":null},"geometry":{"type":"LineString","coordinates":[[-16.3480196,16.0047721],[-16.3467767,16.0076598]]}},{"type":"Feature","properties":{"full_id":"w901870968","Type de vo":"non classée","Vitesse ma":null,"Accès":null,"Référenc":null,"Nom":null,"Type de pi":null,"surface":null,"Sens uniqu":null},"geometry":{"type":"LineString","coordinates":[[-16.3467767,16.0076598],[-16.3457002,16.0098259],[-16.3452729,16.0113946],[-16.3447257,16.011927],[-16.3441718,16.0121739]]}},{"type":"Feature","properties":{"full_id":"w901870969","Type de vo":"non classée","Vitesse ma":null,"Accès":null,"Référenc":null,"Nom":null,"Type de pi":null,"surface":null,"Sens uniqu":null},"geometry":{"type":"LineString","coordinates":[[-16.343514,16.010661],[-16.344094,16.0106558],[-16.344384,16.0109528],[-16.3466704,16.0112354],[-16.3488533,16.0121302],[-16.3530846,16.0150034]]}},{"type":"Feature","properties":{"full_id":"w901870970","Type de vo":"non classée","Vitesse ma":null,"Accès":null,"Référenc":null,"Nom":null,"Type de pi":null,"surface":null,"Sens uniqu":null},"geometry":{"type":"LineString","coordinates":[[-16.3450509,16.008953],[-16.3457896,16.009643]]}},{"type":"Feature","properties":{"full_id":"w901870971","Type de vo":"non classée","Vitesse ma":null,"Accès":null,"Référenc":null,"Nom":null,"Type de pi":null,"surface":null,"Sens uniqu":null},"geometry":{"type":"LineString","coordinates":[[-16.3451707,16.0074576],[-16.346812,16.0075406]]}},{"type":"Feature","properties":{"full_id":"w901870972","Type de vo":"non classée","Vitesse ma":null,"Accès":null,"Référenc":null,"Nom":null,"Type de pi":null,"surface":null,"Sens uniqu":null},"geometry":{"type":"LineString","coordinates":[[-16.3484608,16.0066223],[-16.3469986,16.006993]]}},{"type":"Feature","properties":{"full_id":"w901870973","Type de vo":"non classée","Vitesse ma":null,"Accès":null,"Référenc":null,"Nom":null,"Type de pi":null,"surface":null,"Sens uniqu":null},"geometry":{"type":"LineString","coordinates":[[-16.3484608,16.0066223],[-16.3487791,16.006337],[-16.3488972,16.0059021],[-16.3482053,16.0044462]]}},{"type":"Feature","properties":{"full_id":"w901875847","Type de vo":"non classée","Vitesse ma":null,"Accès":null,"Référenc":null,"Nom":null,"Type de pi":null,"surface":null,"Sens uniqu":null},"geometry":{"type":"LineString","coordinates":[[-16.3451917,16.0167057],[-16.3442671,16.0165152]]}},{"type":"Feature","properties":{"full_id":"w901875848","Type de vo":"non classée","Vitesse ma":null,"Accès":null,"Référenc":null,"Nom":null,"Type de pi":null,"surface":null,"Sens uniqu":null},"geometry":{"type":"LineString","coordinates":[[-16.3442671,16.0165152],[-16.3442011,16.0155863],[-16.3443565,16.0144727],[-16.3447594,16.0132941],[-16.3452701,16.0124286],[-16.3454397,16.0109936]]}},{"type":"Feature","properties":{"full_id":"w901875849","Type de vo":"non classée","Vitesse ma":null,"Accès":null,"Référenc":null,"Nom":null,"Type de pi":null,"surface":null,"Sens uniqu":null},"geometry":{"type":"LineString","coordinates":[[-16.3442671,16.0165152],[-16.3441915,16.0201109]]}},{"type":"Feature","properties":{"full_id":"w901875850","Type de vo":"non classée","Vitesse ma":null,"Accès":null,"Référenc":null,"Nom":null,"Type de pi":null,"surface":null,"Sens uniqu":null},"geometry":{"type":"LineString","coordinates":[[-16.3441915,16.0201109],[-16.3441282,16.0208377]]}},{"type":"Feature","properties":{"full_id":"w901875851","Type de vo":"non classée","Vitesse ma":null,"Accès":null,"Référenc":null,"Nom":null,"Type de pi":null,"surface":null,"Sens uniqu":null},"geometry":{"type":"LineString","coordinates":[[-16.3441915,16.0201109],[-16.3438064,16.0201623],[-16.341421,16.0215974]]}},{"type":"Feature","properties":{"full_id":"w901875852","Type de vo":"non classée","Vitesse ma":null,"Accès":null,"Référenc":null,"Nom":null,"Type de pi":null,"surface":null,"Sens uniqu":null},"geometry":{"type":"LineString","coordinates":[[-16.3403578,16.0236463],[-16.341421,16.0215974]]}},{"type":"Feature","properties":{"full_id":"w901875853","Type de vo":"non classée","Vitesse ma":null,"Accès":null,"Référenc":null,"Nom":null,"Type de pi":null,"surface":null,"Sens uniqu":null},"geometry":{"type":"LineString","coordinates":[[-16.341421,16.0215974],[-16.3419025,16.0200413],[-16.3418121,16.019141],[-16.3421366,16.0174747],[-16.3427049,16.01655],[-16.3426719,16.0155174],[-16.3437066,16.0136151],[-16.3438122,16.0126587],[-16.3441718,16.0121739]]}},{"type":"Feature","properties":{"full_id":"w901875854","Type de vo":"non classée","Vitesse ma":null,"Accès":null,"Référenc":null,"Nom":null,"Type de pi":null,"surface":null,"Sens uniqu":null},"geometry":{"type":"LineString","coordinates":[[-16.3405789,16.0265007],[-16.3403578,16.0236463]]}},{"type":"Feature","properties":{"full_id":"w901875855","Type de vo":"non classée","Vitesse ma":null,"Accès":null,"Référenc":null,"Nom":null,"Type de pi":null,"surface":null,"Sens uniqu":null},"geometry":{"type":"LineString","coordinates":[[-16.3431351,16.0275232],[-16.3420825,16.0272873],[-16.3417474,16.026971],[-16.3405789,16.0265007]]}},{"type":"Feature","properties":{"full_id":"w901875856","Type de vo":"non classée","Vitesse ma":null,"Accès":null,"Référenc":null,"Nom":null,"Type de pi":null,"surface":null,"Sens uniqu":null},"geometry":{"type":"LineString","coordinates":[[-16.3404962,16.0247156],[-16.3395307,16.0252694],[-16.3334717,16.027525],[-16.33337566853042,16.027534655328825]]}},{"type":"Feature","properties":{"full_id":"w901984242","Type de vo":"non classée","Vitesse ma":null,"Accès":null,"Référenc":null,"Nom":null,"Type de pi":null,"surface":"Terre","Sens uniqu":null},"geometry":{"type":"LineString","coordinates":[[-16.3580608,16.025461],[-16.3565343,16.0286846],[-16.3550144,16.031026],[-16.3534821,16.0328225],[-16.3499984,16.0363838]]}},{"type":"Feature","properties":{"full_id":"w901984243","Type de vo":"non classée","Vitesse ma":null,"Accès":null,"Référenc":null,"Nom":null,"Type de pi":null,"surface":null,"Sens uniqu":null},"geometry":{"type":"LineString","coordinates":[[-16.3506064,16.0357442],[-16.3457835,16.0318828]]}},{"type":"Feature","properties":{"full_id":"w901984258","Type de vo":"non classée","Vitesse ma":null,"Accès":null,"Référenc":null,"Nom":null,"Type de pi":null,"surface":null,"Sens uniqu":null},"geometry":{"type":"LineString","coordinates":[[-16.3734409,15.9968277],[-16.3731998,15.9976417],[-16.3727903,15.9983091]]}},{"type":"Feature","properties":{"full_id":"w901984259","Type de vo":"non classée","Vitesse ma":null,"Accès":null,"Référenc":null,"Nom":null,"Type de pi":null,"surface":null,"Sens uniqu":null},"geometry":{"type":"LineString","coordinates":[[-16.3727903,15.9983091],[-16.3704309,16.0020862],[-16.370168,16.0029352],[-16.3694984,16.00395]]}},{"type":"Feature","properties":{"full_id":"w901984260","Type de vo":"non classée","Vitesse ma":null,"Accès":null,"Référenc":null,"Nom":null,"Type de pi":null,"surface":null,"Sens uniqu":null},"geometry":{"type":"LineString","coordinates":[[-16.3692885,16.0031322],[-16.3697566,16.0035026]]}},{"type":"Feature","properties":{"full_id":"w901984262","Type de vo":"non classée","Vitesse ma":null,"Accès":null,"Référenc":null,"Nom":null,"Type de pi":null,"surface":null,"Sens uniqu":null},"geometry":{"type":"LineString","coordinates":[[-16.3694984,16.00395],[-16.3692038,16.0043334],[-16.3677846,16.0051465]]}},{"type":"Feature","properties":{"full_id":"w901984263","Type de vo":"non classée","Vitesse ma":null,"Accès":null,"Référenc":null,"Nom":null,"Type de pi":null,"surface":null,"Sens uniqu":null},"geometry":{"type":"LineString","coordinates":[[-16.3677304,16.0048857],[-16.3678857,16.0050669]]}},{"type":"Feature","properties":{"full_id":"w901984265","Type de vo":"non classée","Vitesse ma":null,"Accès":null,"Référenc":null,"Nom":null,"Type de pi":null,"surface":null,"Sens uniqu":null},"geometry":{"type":"LineString","coordinates":[[-16.3677846,16.0051465],[-16.3666896,16.0063445]]}},{"type":"Feature","properties":{"full_id":"w901984267","Type de vo":"non classée","Vitesse ma":null,"Accès":null,"Référenc":null,"Nom":null,"Type de pi":null,"surface":null,"Sens uniqu":null},"geometry":{"type":"LineString","coordinates":[[-16.3666923,16.0061021],[-16.3668312,16.0062073]]}},{"type":"Feature","properties":{"full_id":"w901984269","Type de vo":"non classée","Vitesse ma":null,"Accès":null,"Référenc":null,"Nom":null,"Type de pi":null,"surface":null,"Sens uniqu":null},"geometry":{"type":"LineString","coordinates":[[-16.3666896,16.0063445],[-16.365988,16.0072931]]}},{"type":"Feature","properties":{"full_id":"w901984270","Type de vo":"non classée","Vitesse ma":null,"Accès":null,"Référenc":null,"Nom":null,"Type de pi":null,"surface":null,"Sens uniqu":null},"geometry":{"type":"LineString","coordinates":[[-16.3657915,16.0065571],[-16.3661756,16.0069764]]}},{"type":"Feature","properties":{"full_id":"w901984271","Type de vo":"non classée","Vitesse ma":null,"Accès":null,"Référenc":null,"Nom":null,"Type de pi":null,"surface":null,"Sens uniqu":null},"geometry":{"type":"LineString","coordinates":[[-16.365988,16.0072931],[-16.3647883,16.0094991]]}},{"type":"Feature","properties":{"full_id":"w901984274","Type de vo":"non classée","Vitesse ma":null,"Accès":null,"Référenc":null,"Nom":null,"Type de pi":null,"surface":"Terre","Sens uniqu":null},"geometry":{"type":"LineString","coordinates":[[-16.3647883,16.0094991],[-16.3639725,16.0111572],[-16.3634012,16.0128757],[-16.3627202,16.0133859],[-16.3619528,16.0144049],[-16.3614824,16.0163654],[-16.3608047,16.0179607]]}},{"type":"Feature","properties":{"full_id":"w901984275","Type de vo":"non classée","Vitesse ma":null,"Accès":null,"Référenc":null,"Nom":null,"Type de pi":null,"surface":"Terre","Sens uniqu":null},"geometry":{"type":"LineString","coordinates":[[-16.3594841,16.020677],[-16.3602248,16.0203833],[-16.3604935,16.0192888],[-16.3604485,16.0187862],[-16.3607503,16.0183933],[-16.3608047,16.0179607]]}},{"type":"Feature","properties":{"full_id":"w901984360","Type de vo":"non classée","Vitesse ma":null,"Accès":null,"Référenc":null,"Nom":null,"Type de pi":null,"surface":null,"Sens uniqu":null},"geometry":{"type":"LineString","coordinates":[[-16.3408384,16.0252296],[-16.3404927,16.024868]]}},{"type":"Feature","properties":{"full_id":"w901984366","Type de vo":"non classée","Vitesse ma":null,"Accès":null,"Référenc":null,"Nom":null,"Type de pi":null,"surface":null,"Sens uniqu":null},"geometry":{"type":"LineString","coordinates":[[-16.3414752,16.0241318],[-16.340394,16.0237974]]}},{"type":"Feature","properties":{"full_id":"w901984367","Type de vo":"non classée","Vitesse ma":null,"Accès":null,"Référenc":null,"Nom":null,"Type de pi":null,"surface":null,"Sens uniqu":null},"geometry":{"type":"LineString","coordinates":[[-16.3398539,16.0236438],[-16.3403653,16.0236776]]}},{"type":"Feature","properties":{"full_id":"w902224804","Type de vo":"non classée","Vitesse ma":null,"Accès":null,"Référenc":null,"Nom":null,"Type de pi":null,"surface":null,"Sens uniqu":null},"geometry":{"type":"LineString","coordinates":[[-16.4015737,15.9455315],[-16.4009172,15.9452452]]}},{"type":"Feature","properties":{"full_id":"w902224805","Type de vo":"non classée","Vitesse ma":null,"Accès":null,"Référenc":null,"Nom":null,"Type de pi":null,"surface":null,"Sens uniqu":null},"geometry":{"type":"LineString","coordinates":[[-16.4009172,15.9452452],[-16.3993776,15.944681]]}},{"type":"Feature","properties":{"full_id":"w902224813","Type de vo":"non classée","Vitesse ma":null,"Accès":null,"Référenc":null,"Nom":null,"Type de pi":null,"surface":null,"Sens uniqu":null},"geometry":{"type":"LineString","coordinates":[[-16.3986633,15.9444835],[-16.3993776,15.944681]]}},{"type":"Feature","properties":{"full_id":"w902224814","Type de vo":"non classée","Vitesse ma":null,"Accès":null,"Référenc":null,"Nom":null,"Type de pi":null,"surface":null,"Sens uniqu":null},"geometry":{"type":"LineString","coordinates":[[-16.3998523,15.945066],[-16.4002859,15.9437642],[-16.4005435,15.9410335],[-16.4010763,15.9378414]]}},{"type":"Feature","properties":{"full_id":"w902224850","Type de vo":"non classée","Vitesse ma":null,"Accès":null,"Référenc":null,"Nom":null,"Type de pi":null,"surface":null,"Sens uniqu":null},"geometry":{"type":"LineString","coordinates":[[-16.3799048,15.9415043],[-16.3803414,15.9412555]]}},{"type":"Feature","properties":{"full_id":"w902224851","Type de vo":"non classée","Vitesse ma":null,"Accès":null,"Référenc":null,"Nom":null,"Type de pi":null,"surface":"Non revêtu","Sens uniqu":null},"geometry":{"type":"LineString","coordinates":[[-16.3905762,15.9292619],[-16.3886868,15.9308508],[-16.3865513,15.9332418],[-16.3858875,15.934378],[-16.3832598,15.9369466],[-16.3809746,15.9397307],[-16.3804703,15.9402156],[-16.3799929,15.9404176]]}},{"type":"Feature","properties":{"full_id":"w902224852","Type de vo":"non classée","Vitesse ma":null,"Accès":null,"Référenc":null,"Nom":null,"Type de pi":null,"surface":null,"Sens uniqu":null},"geometry":{"type":"LineString","coordinates":[[-16.3867389,15.9405075],[-16.3850689,15.9404077]]}},{"type":"Feature","properties":{"full_id":"w902224853","Type de vo":"non classée","Vitesse ma":null,"Accès":null,"Référenc":null,"Nom":null,"Type de pi":null,"surface":null,"Sens uniqu":null},"geometry":{"type":"LineString","coordinates":[[-16.3872998,15.9404761],[-16.38767,15.9404967]]}},{"type":"Feature","properties":{"full_id":"w902224854","Type de vo":"non classée","Vitesse ma":null,"Accès":null,"Référenc":null,"Nom":null,"Type de pi":null,"surface":"Non revêtu","Sens uniqu":null},"geometry":{"type":"LineString","coordinates":[[-16.38767,15.9404967],[-16.3879167,15.9399035],[-16.3883173,15.9377715],[-16.388176,15.936893],[-16.3889566,15.9360121],[-16.3899662,15.9332397]]}},{"type":"Feature","properties":{"full_id":"w902224855","Type de vo":"non classée","Vitesse ma":null,"Accès":null,"Référenc":null,"Nom":null,"Type de pi":null,"surface":"Non revêtu","Sens uniqu":null},"geometry":{"type":"LineString","coordinates":[[-16.3912475,15.9417373],[-16.3908256,15.9406598],[-16.389606,15.9398988],[-16.3876845,15.9380942],[-16.3874913,15.9377646],[-16.3881327,15.9370963]]}},{"type":"Feature","properties":{"full_id":"w902224859","Type de vo":"non classée","Vitesse ma":null,"Accès":null,"Référenc":null,"Nom":null,"Type de pi":null,"surface":null,"Sens uniqu":null},"geometry":{"type":"LineString","coordinates":[[-16.3875783,15.9378995],[-16.3872807,15.9389238]]}},{"type":"Feature","properties":{"full_id":"w902224860","Type de vo":"non classée","Vitesse ma":null,"Accès":null,"Référenc":null,"Nom":null,"Type de pi":null,"surface":null,"Sens uniqu":null},"geometry":{"type":"LineString","coordinates":[[-16.3858312,15.9398427],[-16.3867389,15.9405075],[-16.3872998,15.9404761]]}},{"type":"Feature","properties":{"full_id":"w902224861","Type de vo":"non classée","Vitesse ma":null,"Accès":null,"Référenc":null,"Nom":null,"Type de pi":null,"surface":"Non revêtu","Sens uniqu":null},"geometry":{"type":"LineString","coordinates":[[-16.3874913,15.9377646],[-16.3872687,15.937836],[-16.3864176,15.9369298],[-16.3854627,15.93699],[-16.3845919,15.9374285],[-16.3845043,15.9372204],[-16.3839803,15.9373597],[-16.3832598,15.9369466]]}},{"type":"Feature","properties":{"full_id":"w902224871","Type de vo":"non classée","Vitesse ma":null,"Accès":null,"Référenc":null,"Nom":null,"Type de pi":null,"surface":null,"Sens uniqu":null},"geometry":{"type":"LineString","coordinates":[[-16.3965559,15.9505266],[-16.396445,15.9496497],[-16.3965487,15.9453359],[-16.3961689,15.9404744],[-16.3963743,15.9392051],[-16.396184,15.9379014]]}},{"type":"Feature","properties":{"full_id":"w902307051","Type de vo":"non classée","Vitesse ma":null,"Accès":null,"Référenc":null,"Nom":null,"Type de pi":null,"surface":null,"Sens uniqu":null},"geometry":{"type":"LineString","coordinates":[[-16.3767162,15.933505],[-16.3760722,15.9342774]]}},{"type":"Feature","properties":{"full_id":"w902307100","Type de vo":"non classée","Vitesse ma":null,"Accès":null,"Référenc":null,"Nom":null,"Type de pi":null,"surface":null,"Sens uniqu":null},"geometry":{"type":"LineString","coordinates":[[-16.4041443,15.9357261],[-16.4031756,15.9356808]]}},{"type":"Feature","properties":{"full_id":"w902307104","Type de vo":"non classée","Vitesse ma":null,"Accès":null,"Référenc":null,"Nom":null,"Type de pi":null,"surface":null,"Sens uniqu":null},"geometry":{"type":"LineString","coordinates":[[-16.4087625,15.9315729],[-16.4039071,15.9340154]]}},{"type":"Feature","properties":{"full_id":"w902307105","Type de vo":"non classée","Vitesse ma":null,"Accès":null,"Référenc":null,"Nom":null,"Type de pi":null,"surface":null,"Sens uniqu":null},"geometry":{"type":"LineString","coordinates":[[-16.4061735,15.9347801],[-16.4031026,15.9351759]]}},{"type":"Feature","properties":{"full_id":"w902307107","Type de vo":"non classée","Vitesse ma":null,"Accès":null,"Référenc":null,"Nom":null,"Type de pi":null,"surface":null,"Sens uniqu":null},"geometry":{"type":"LineString","coordinates":[[-16.4061633,15.9358443],[-16.4041443,15.9357261]]}},{"type":"Feature","properties":{"full_id":"w902307108","Type de vo":"non classée","Vitesse ma":null,"Accès":null,"Référenc":null,"Nom":null,"Type de pi":null,"surface":null,"Sens uniqu":null},"geometry":{"type":"LineString","coordinates":[[-16.4107439,15.9325116],[-16.4064228,15.9327873]]}},{"type":"Feature","properties":{"full_id":"w902307109","Type de vo":"non classée","Vitesse ma":null,"Accès":null,"Référenc":null,"Nom":null,"Type de pi":null,"surface":null,"Sens uniqu":null},"geometry":{"type":"LineString","coordinates":[[-16.410463,15.9280651],[-16.4097923,15.9277135],[-16.4092232,15.9279924],[-16.4065156,15.9312346],[-16.403581,15.9340279]]}},{"type":"Feature","properties":{"full_id":"w902307110","Type de vo":"non classée","Vitesse ma":null,"Accès":null,"Référenc":null,"Nom":null,"Type de pi":null,"surface":"Sol naturel","Sens uniqu":null},"geometry":{"type":"LineString","coordinates":[[-16.405374,15.9265441],[-16.4044038,15.9273848],[-16.4047843,15.9277186],[-16.4043392,15.9289872],[-16.4026297,15.9301898],[-16.4020153,15.9315445],[-16.400871,15.9334341]]}},{"type":"Feature","properties":{"full_id":"w902307111","Type de vo":"non classée","Vitesse ma":null,"Accès":null,"Référenc":null,"Nom":null,"Type de pi":null,"surface":null,"Sens uniqu":null},"geometry":{"type":"LineString","coordinates":[[-16.3994665,15.9341896],[-16.3983274,15.9332967],[-16.395851,15.9326054],[-16.3944581,15.9323847]]}},{"type":"Feature","properties":{"full_id":"w902307113","Type de vo":"non classée","Vitesse ma":null,"Accès":null,"Référenc":null,"Nom":null,"Type de pi":null,"surface":null,"Sens uniqu":null},"geometry":{"type":"LineString","coordinates":[[-16.396184,15.9379014],[-16.3959274,15.9364414],[-16.3957577,15.9337945],[-16.3959646,15.9311929]]}},{"type":"Feature","properties":{"full_id":"w902307125","Type de vo":"non classée","Vitesse ma":null,"Accès":null,"Référenc":null,"Nom":null,"Type de pi":null,"surface":"Non revêtu","Sens uniqu":null},"geometry":{"type":"LineString","coordinates":[[-16.3921144,15.9395695],[-16.3917985,15.9390091],[-16.3917616,15.9375713],[-16.3927444,15.9342207]]}},{"type":"Feature","properties":{"full_id":"w902307130","Type de vo":"non classée","Vitesse ma":null,"Accès":null,"Référenc":null,"Nom":null,"Type de pi":null,"surface":null,"Sens uniqu":null},"geometry":{"type":"LineString","coordinates":[[-16.3882156,15.9275608],[-16.3869325,15.926444]]}},{"type":"Feature","properties":{"full_id":"w902307141","Type de vo":"non classée","Vitesse ma":null,"Accès":null,"Référenc":null,"Nom":null,"Type de pi":null,"surface":null,"Sens uniqu":null},"geometry":{"type":"LineString","coordinates":[[-16.388188,15.9298405],[-16.3875407,15.9307639]]}},{"type":"Feature","properties":{"full_id":"w902307143","Type de vo":"non classée","Vitesse ma":null,"Accès":null,"Référenc":null,"Nom":null,"Type de pi":null,"surface":"Non revêtu","Sens uniqu":null},"geometry":{"type":"LineString","coordinates":[[-16.3903396,15.9322612],[-16.3884321,15.9325533],[-16.3860002,15.9333631],[-16.3845775,15.9341777],[-16.3816482,15.9352122],[-16.3801891,15.9353979],[-16.3790518,15.9358105],[-16.3783095,15.9367306],[-16.3793852,15.9366771],[-16.3809301,15.9371263],[-16.3839803,15.9373597]]}},{"type":"Feature","properties":{"full_id":"w902307148","Type de vo":"non classée","Vitesse ma":null,"Accès":null,"Référenc":null,"Nom":null,"Type de pi":null,"surface":null,"Sens uniqu":null},"geometry":{"type":"LineString","coordinates":[[-16.3843533,15.9351086],[-16.384421,15.9357659]]}},{"type":"Feature","properties":{"full_id":"w902307153","Type de vo":"non classée","Vitesse ma":null,"Accès":null,"Référenc":null,"Nom":null,"Type de pi":null,"surface":"Non revêtu","Sens uniqu":null},"geometry":{"type":"LineString","coordinates":[[-16.3825618,15.9282033],[-16.3825422,15.9303317],[-16.3830354,15.9322967]]}},{"type":"Feature","properties":{"full_id":"w902307155","Type de vo":"non classée","Vitesse ma":null,"Accès":null,"Référenc":null,"Nom":null,"Type de pi":null,"surface":null,"Sens uniqu":null},"geometry":{"type":"LineString","coordinates":[[-16.3628685,15.9423618],[-16.3605845,15.9425339]]}},{"type":"Feature","properties":{"full_id":"w902307156","Type de vo":"non classée","Vitesse ma":null,"Accès":null,"Référenc":null,"Nom":null,"Type de pi":null,"surface":null,"Sens uniqu":null},"geometry":{"type":"LineString","coordinates":[[-16.3743735,15.9375715],[-16.3711836,15.9383667],[-16.369735,15.9384619],[-16.368106,15.9388197],[-16.3664351,15.9396833],[-16.3629942,15.940149],[-16.361746,15.9405279],[-16.3612275,15.9408414]]}},{"type":"Feature","properties":{"full_id":"w902307157","Type de vo":"non classée","Vitesse ma":null,"Accès":null,"Référenc":null,"Nom":null,"Type de pi":null,"surface":null,"Sens uniqu":null},"geometry":{"type":"LineString","coordinates":[[-16.3659995,15.939777],[-16.3661247,15.9402824],[-16.3650041,15.9415122],[-16.3636018,15.9419779]]}},{"type":"Feature","properties":{"full_id":"w902307158","Type de vo":"non classée","Vitesse ma":null,"Accès":null,"Référenc":null,"Nom":null,"Type de pi":null,"surface":null,"Sens uniqu":null},"geometry":{"type":"LineString","coordinates":[[-16.3664351,15.9396833],[-16.3661247,15.9402824]]}},{"type":"Feature","properties":{"full_id":"w902307159","Type de vo":"non classée","Vitesse ma":null,"Accès":null,"Référenc":null,"Nom":null,"Type de pi":null,"surface":null,"Sens uniqu":null},"geometry":{"type":"LineString","coordinates":[[-16.3636018,15.9419779],[-16.3633794,15.9414572],[-16.3636939,15.9400898]]}},{"type":"Feature","properties":{"full_id":"w902307160","Type de vo":"non classée","Vitesse ma":null,"Accès":null,"Référenc":null,"Nom":null,"Type de pi":null,"surface":null,"Sens uniqu":null},"geometry":{"type":"LineString","coordinates":[[-16.3636018,15.9419779],[-16.3628685,15.9423618]]}},{"type":"Feature","properties":{"full_id":"w902307161","Type de vo":"non classée","Vitesse ma":null,"Accès":null,"Référenc":null,"Nom":null,"Type de pi":null,"surface":null,"Sens uniqu":null},"geometry":{"type":"LineString","coordinates":[[-16.3620542,15.9432078],[-16.3628973,15.9429347],[-16.3632254,15.9422209]]}},{"type":"Feature","properties":{"full_id":"w902307162","Type de vo":"non classée","Vitesse ma":null,"Accès":null,"Référenc":null,"Nom":null,"Type de pi":null,"surface":null,"Sens uniqu":null},"geometry":{"type":"LineString","coordinates":[[-16.3584362,15.9424706],[-16.3605845,15.9425339]]}},{"type":"Feature","properties":{"full_id":"w902307163","Type de vo":"non classée","Vitesse ma":null,"Accès":null,"Référenc":null,"Nom":null,"Type de pi":null,"surface":null,"Sens uniqu":null},"geometry":{"type":"LineString","coordinates":[[-16.3578865,15.9415502],[-16.3544482,15.9398253],[-16.354038530808307,15.939675410033102]]}},{"type":"Feature","properties":{"full_id":"w902307164","Type de vo":"non classée","Vitesse ma":null,"Accès":null,"Référenc":null,"Nom":null,"Type de pi":null,"surface":null,"Sens uniqu":null},"geometry":{"type":"LineString","coordinates":[[-16.3584943,15.9515014],[-16.3563296,15.9512923],[-16.3551866,15.9510151],[-16.35363366324332,15.950331850019262]]}},{"type":"Feature","properties":{"full_id":"w902307165","Type de vo":"non classée","Vitesse ma":null,"Accès":null,"Référenc":null,"Nom":null,"Type de pi":null,"surface":null,"Sens uniqu":null},"geometry":{"type":"LineString","coordinates":[[-16.3560358,15.9550535],[-16.3534417,15.9515355],[-16.353362170679755,15.95137946146028]]}},{"type":"Feature","properties":{"full_id":"w902307180","Type de vo":"non classée","Vitesse ma":null,"Accès":null,"Référenc":null,"Nom":null,"Type de pi":null,"surface":null,"Sens uniqu":null},"geometry":{"type":"LineString","coordinates":[[-16.3552289,15.9489234],[-16.3550798,15.9493482],[-16.3538195,15.9501639],[-16.353670024277594,15.950191543282997]]}},{"type":"Feature","properties":{"full_id":"w902307228","Type de vo":"non classée","Vitesse ma":null,"Accès":null,"Référenc":null,"Nom":null,"Type de pi":null,"surface":"Sol naturel","Sens uniqu":null},"geometry":{"type":"LineString","coordinates":[[-16.4106105,15.9258855],[-16.405574,15.9227212],[-16.4028048,15.9219228]]}},{"type":"Feature","properties":{"full_id":"w902307245","Type de vo":"non classée","Vitesse ma":null,"Accès":null,"Référenc":null,"Nom":null,"Type de pi":null,"surface":null,"Sens uniqu":null},"geometry":{"type":"LineString","coordinates":[[-16.4125331,15.9152675],[-16.4136645,15.9167397],[-16.4143909,15.9190229],[-16.4153557,15.9234041],[-16.4151789,15.9255558]]}},{"type":"Feature","properties":{"full_id":"w902307246","Type de vo":"non classée","Vitesse ma":null,"Accès":null,"Référenc":null,"Nom":null,"Type de pi":null,"surface":null,"Sens uniqu":null},"geometry":{"type":"LineString","coordinates":[[-16.416566,15.9258267],[-16.4159226,15.9258309],[-16.4153129,15.9246234]]}},{"type":"Feature","properties":{"full_id":"w902307247","Type de vo":"non classée","Vitesse ma":null,"Accès":null,"Référenc":null,"Nom":null,"Type de pi":null,"surface":null,"Sens uniqu":null},"geometry":{"type":"LineString","coordinates":[[-16.4146982,15.9262714],[-16.4128093,15.927061],[-16.412369,15.9269467],[-16.4118803,15.9265762]]}},{"type":"Feature","properties":{"full_id":"w902307248","Type de vo":"non classée","Vitesse ma":null,"Accès":null,"Référenc":null,"Nom":null,"Type de pi":null,"surface":null,"Sens uniqu":null},"geometry":{"type":"LineString","coordinates":[[-16.4159226,15.9258309],[-16.4156085,15.9260549],[-16.4153776,15.9259851],[-16.4151789,15.9255558]]}},{"type":"Feature","properties":{"full_id":"w902307249","Type de vo":"non classée","Vitesse ma":null,"Accès":null,"Référenc":null,"Nom":null,"Type de pi":null,"surface":null,"Sens uniqu":null},"geometry":{"type":"LineString","coordinates":[[-16.4153272,15.925953],[-16.4146982,15.9262714]]}},{"type":"Feature","properties":{"full_id":"w902307250","Type de vo":"non classée","Vitesse ma":null,"Accès":null,"Référenc":null,"Nom":null,"Type de pi":null,"surface":null,"Sens uniqu":null},"geometry":{"type":"LineString","coordinates":[[-16.4118803,15.9265762],[-16.4114952,15.9264041],[-16.4113776,15.925756]]}},{"type":"Feature","properties":{"full_id":"w902307251","Type de vo":"non classée","Vitesse ma":null,"Accès":null,"Référenc":null,"Nom":null,"Type de pi":null,"surface":null,"Sens uniqu":null},"geometry":{"type":"LineString","coordinates":[[-16.4109549,15.9262225],[-16.4106105,15.9258855]]}},{"type":"Feature","properties":{"full_id":"w902307252","Type de vo":"non classée","Vitesse ma":null,"Accès":null,"Référenc":null,"Nom":null,"Type de pi":null,"surface":null,"Sens uniqu":null},"geometry":{"type":"LineString","coordinates":[[-16.4118525,15.9236401],[-16.4113776,15.925756]]}},{"type":"Feature","properties":{"full_id":"w902307253","Type de vo":"non classée","Vitesse ma":null,"Accès":null,"Référenc":null,"Nom":null,"Type de pi":null,"surface":null,"Sens uniqu":null},"geometry":{"type":"LineString","coordinates":[[-16.4118525,15.9236401],[-16.4131422,15.9195563],[-16.4133359,15.9173546],[-16.4135943,15.9166271]]}},{"type":"Feature","properties":{"full_id":"w902307254","Type de vo":"non classée","Vitesse ma":null,"Accès":null,"Référenc":null,"Nom":null,"Type de pi":null,"surface":null,"Sens uniqu":null},"geometry":{"type":"LineString","coordinates":[[-16.4169231,15.9182674],[-16.4163233,15.9181527],[-16.4132725,15.9183849],[-16.4123959,15.918176],[-16.4110552,15.9181697]]}},{"type":"Feature","properties":{"full_id":"w902307255","Type de vo":"non classée","Vitesse ma":null,"Accès":null,"Référenc":null,"Nom":null,"Type de pi":null,"surface":null,"Sens uniqu":null},"geometry":{"type":"LineString","coordinates":[[-16.4129572,15.9241989],[-16.4130233,15.9209281],[-16.4128165,15.9205067]]}},{"type":"Feature","properties":{"full_id":"w902307256","Type de vo":"non classée","Vitesse ma":null,"Accès":null,"Référenc":null,"Nom":null,"Type de pi":null,"surface":null,"Sens uniqu":null},"geometry":{"type":"LineString","coordinates":[[-16.411326,15.9231362],[-16.4129783,15.923225]]}},{"type":"Feature","properties":{"full_id":"w902307257","Type de vo":"non classée","Vitesse ma":null,"Accès":null,"Référenc":null,"Nom":null,"Type de pi":null,"surface":null,"Sens uniqu":null},"geometry":{"type":"LineString","coordinates":[[-16.4146982,15.9262714],[-16.4133161,15.9260407],[-16.4125368,15.9255855],[-16.4129572,15.9241989]]}},{"type":"Feature","properties":{"full_id":"w902307258","Type de vo":"non classée","Vitesse ma":null,"Accès":null,"Référenc":null,"Nom":null,"Type de pi":null,"surface":null,"Sens uniqu":null},"geometry":{"type":"LineString","coordinates":[[-16.4125368,15.9255855],[-16.4118803,15.9265762]]}},{"type":"Feature","properties":{"full_id":"w902307259","Type de vo":"non classée","Vitesse ma":null,"Accès":null,"Référenc":null,"Nom":null,"Type de pi":null,"surface":null,"Sens uniqu":null},"geometry":{"type":"LineString","coordinates":[[-16.4118803,15.9265762],[-16.4116667,15.9268595],[-16.411371,15.9286906]]}},{"type":"Feature","properties":{"full_id":"w902307260","Type de vo":"non classée","Vitesse ma":null,"Accès":null,"Référenc":null,"Nom":null,"Type de pi":null,"surface":"Sol naturel","Sens uniqu":null},"geometry":{"type":"LineString","coordinates":[[-16.405374,15.9265441],[-16.4058336,15.9253994],[-16.4050678,15.9244414],[-16.4042521,15.9237708],[-16.4039124,15.9232225]]}},{"type":"Feature","properties":{"full_id":"w902307261","Type de vo":"non classée","Vitesse ma":null,"Accès":null,"Référenc":null,"Nom":null,"Type de pi":null,"surface":"Sol naturel","Sens uniqu":null},"geometry":{"type":"LineString","coordinates":[[-16.403301,15.924574],[-16.4044143,15.9239042]]}},{"type":"Feature","properties":{"full_id":"w902351380","Type de vo":"non classée","Vitesse ma":null,"Accès":null,"Référenc":null,"Nom":null,"Type de pi":null,"surface":null,"Sens uniqu":null},"geometry":{"type":"LineString","coordinates":[[-16.3444033,15.9934883],[-16.34031750916148,15.990242515501638]]}},{"type":"Feature","properties":{"full_id":"w902351381","Type de vo":"non classée","Vitesse ma":null,"Accès":null,"Référenc":null,"Nom":null,"Type de pi":null,"surface":null,"Sens uniqu":null},"geometry":{"type":"LineString","coordinates":[[-16.338725306121543,15.994528186161322],[-16.3403203,15.9943639],[-16.341347,15.9946653],[-16.3417489,15.9951959],[-16.3420191,15.9951521]]}},{"type":"Feature","properties":{"full_id":"w904943516","Type de vo":"non classée","Vitesse ma":null,"Accès":null,"Référenc":null,"Nom":null,"Type de pi":null,"surface":null,"Sens uniqu":null},"geometry":{"type":"LineString","coordinates":[[-16.35545322564091,15.908787808756335],[-16.3567834,15.9072612],[-16.3585849,15.9042016],[-16.3585006,15.903892],[-16.3573028,15.9033311]]}},{"type":"Feature","properties":{"full_id":"w904943517","Type de vo":"non classée","Vitesse ma":null,"Accès":null,"Référenc":null,"Nom":null,"Type de pi":null,"surface":null,"Sens uniqu":null},"geometry":{"type":"LineString","coordinates":[[-16.3585849,15.9042016],[-16.3587071,15.9039136],[-16.3586209,15.9034909],[-16.3582059,15.9025111],[-16.3567681,15.9016656],[-16.3557082,15.8991252],[-16.3557314,15.898074]]}},{"type":"Feature","properties":{"full_id":"w904943519","Type de vo":"non classée","Vitesse ma":null,"Accès":null,"Référenc":null,"Nom":null,"Type de pi":null,"surface":null,"Sens uniqu":null},"geometry":{"type":"LineString","coordinates":[[-16.3557314,15.898074],[-16.3551937,15.8970693],[-16.3541423,15.8958259],[-16.3535683,15.8954802]]}},{"type":"Feature","properties":{"full_id":"w904943520","Type de vo":"non classée","Vitesse ma":null,"Accès":null,"Référenc":null,"Nom":null,"Type de pi":null,"surface":"Non revêtu","Sens uniqu":null},"geometry":{"type":"LineString","coordinates":[[-16.354857,15.8966737],[-16.3532967,15.8923686]]}},{"type":"Feature","properties":{"full_id":"w904943521","Type de vo":"non classée","Vitesse ma":null,"Accès":null,"Référenc":null,"Nom":null,"Type de pi":null,"surface":null,"Sens uniqu":null},"geometry":{"type":"LineString","coordinates":[[-16.3633623,15.9216451],[-16.3624794,15.9196866],[-16.3623043,15.9167456],[-16.3608073,15.9121912],[-16.3589815,15.9081007],[-16.358764,15.9071181],[-16.3587071,15.9039136]]}},{"type":"Feature","properties":{"full_id":"w904943522","Type de vo":"non classée","Vitesse ma":null,"Accès":null,"Référenc":null,"Nom":null,"Type de pi":null,"surface":"Non revêtu","Sens uniqu":null},"geometry":{"type":"LineString","coordinates":[[-16.3779797,15.8838027],[-16.3760392,15.8838165],[-16.374902,15.8846627],[-16.3704602,15.8854056],[-16.3696019,15.8856739],[-16.3678638,15.8858184],[-16.365482,15.8862931],[-16.3637202,15.8862292],[-16.3627381,15.8865852],[-16.3613166,15.887679],[-16.3586397,15.8886386],[-16.3576902,15.8892337],[-16.3567783,15.8894487],[-16.3543406,15.8904239]]}},{"type":"Feature","properties":{"full_id":"w904943524","Type de vo":"non classée","Vitesse ma":null,"Accès":null,"Référenc":null,"Nom":null,"Type de pi":null,"surface":"Non revêtu","Sens uniqu":null},"geometry":{"type":"LineString","coordinates":[[-16.362844,15.8910191],[-16.3603781,15.8887816],[-16.3601886,15.888362],[-16.3599098,15.8881648]]}},{"type":"Feature","properties":{"full_id":"w904943553","Type de vo":"non classée","Vitesse ma":null,"Accès":null,"Référenc":null,"Nom":null,"Type de pi":null,"surface":"Non revêtu","Sens uniqu":null},"geometry":{"type":"LineString","coordinates":[[-16.3603187,15.878533],[-16.3595143,15.8806205],[-16.3574198,15.8838322],[-16.3545701,15.8887918]]}},{"type":"Feature","properties":{"full_id":"w904943554","Type de vo":"non classée","Vitesse ma":null,"Accès":null,"Référenc":null,"Nom":null,"Type de pi":null,"surface":"Non revêtu","Sens uniqu":null},"geometry":{"type":"LineString","coordinates":[[-16.3628075,15.8865489],[-16.3617068,15.8838234],[-16.3617257,15.8819803],[-16.360151,15.8789739]]}},{"type":"Feature","properties":{"full_id":"w905138406","Type de vo":"non classée","Vitesse ma":null,"Accès":null,"Référenc":null,"Nom":null,"Type de pi":null,"surface":null,"Sens uniqu":null},"geometry":{"type":"LineString","coordinates":[[-16.3805138,15.8425741],[-16.380352,15.8418226],[-16.3797704,15.8410392],[-16.3770669,15.8398828],[-16.3748353,15.8392239],[-16.3738329,15.8385442],[-16.3731387,15.8376787],[-16.3716392,15.8373111],[-16.3701151,15.8373309],[-16.3688562,15.8368587]]}},{"type":"Feature","properties":{"full_id":"w905138407","Type de vo":"non classée","Vitesse ma":null,"Accès":null,"Référenc":null,"Nom":null,"Type de pi":null,"surface":null,"Sens uniqu":null},"geometry":{"type":"LineString","coordinates":[[-16.386728,15.8376644],[-16.3869249,15.8379918],[-16.3863009,15.8385728],[-16.3858772,15.8388906],[-16.3848261,15.8391539],[-16.3829074,15.8405759],[-16.3811589,15.8434361]]}},{"type":"Feature","properties":{"full_id":"w905138408","Type de vo":"non classée","Vitesse ma":null,"Accès":null,"Référenc":null,"Nom":null,"Type de pi":null,"surface":null,"Sens uniqu":null},"geometry":{"type":"LineString","coordinates":[[-16.3901343,15.8431936],[-16.3892493,15.8425367],[-16.3880304,15.842454],[-16.3842119,15.8437093],[-16.3829727,15.8438164],[-16.3816182,15.8436865]]}},{"type":"Feature","properties":{"full_id":"w905138409","Type de vo":"non classée","Vitesse ma":null,"Accès":null,"Référenc":null,"Nom":null,"Type de pi":null,"surface":null,"Sens uniqu":null},"geometry":{"type":"LineString","coordinates":[[-16.3818612,15.8437077],[-16.3817808,15.8432355],[-16.3812225,15.8426071],[-16.3804707,15.8423742]]}},{"type":"Feature","properties":{"full_id":"w905138410","Type de vo":"non classée","Vitesse ma":null,"Accès":null,"Référenc":null,"Nom":null,"Type de pi":null,"surface":null,"Sens uniqu":null},"geometry":{"type":"LineString","coordinates":[[-16.3868419,15.8341558],[-16.3867474,15.8347842],[-16.3857985,15.8351122],[-16.3854821,15.8355588],[-16.3858313,15.8373294],[-16.3865913,15.8373926],[-16.386728,15.8376644]]}},{"type":"Feature","properties":{"full_id":"w905138411","Type de vo":"non classée","Vitesse ma":null,"Accès":null,"Référenc":null,"Nom":null,"Type de pi":null,"surface":null,"Sens uniqu":null},"geometry":{"type":"LineString","coordinates":[[-16.3862074,15.838643],[-16.3858313,15.8373294]]}},{"type":"Feature","properties":{"full_id":"w905138412","Type de vo":"non classée","Vitesse ma":null,"Accès":null,"Référenc":null,"Nom":null,"Type de pi":null,"surface":null,"Sens uniqu":null},"geometry":{"type":"LineString","coordinates":[[-16.3869249,15.8379918],[-16.3883119,15.8380607],[-16.3889087,15.8377785],[-16.3901731,15.836056],[-16.39049651572274,15.831991895793681]]}},{"type":"Feature","properties":{"full_id":"w905138413","Type de vo":"non classée","Vitesse ma":null,"Accès":null,"Référenc":null,"Nom":null,"Type de pi":null,"surface":null,"Sens uniqu":null},"geometry":{"type":"LineString","coordinates":[[-16.3873357,15.833448],[-16.3902795,15.8335805]]}},{"type":"Feature","properties":{"full_id":"w905138414","Type de vo":"non classée","Vitesse ma":null,"Accès":null,"Référenc":null,"Nom":null,"Type de pi":null,"surface":null,"Sens uniqu":null},"geometry":{"type":"LineString","coordinates":[[-16.4082073,15.8394982],[-16.4069783,15.8412352],[-16.4067356,15.8413714],[-16.4060224,15.8412011],[-16.4047176,15.8424224],[-16.4038932,15.8437409],[-16.4041948,15.8443546]]}},{"type":"Feature","properties":{"full_id":"w905138415","Type de vo":"non classée","Vitesse ma":null,"Accès":null,"Référenc":null,"Nom":null,"Type de pi":null,"surface":null,"Sens uniqu":null},"geometry":{"type":"LineString","coordinates":[[-16.3590476,15.8392966],[-16.3570135,15.8402272]]}},{"type":"Feature","properties":{"full_id":"w905138420","Type de vo":"non classée","Vitesse ma":null,"Accès":null,"Référenc":null,"Nom":null,"Type de pi":null,"surface":"Non revêtu","Sens uniqu":null},"geometry":{"type":"LineString","coordinates":[[-16.359557,15.8780093],[-16.3587546,15.8777643],[-16.3575281,15.8778307],[-16.3565008,15.8779855],[-16.3556652,15.8785017],[-16.3520086,15.8785754],[-16.351230877066254,15.878661980907234]]}},{"type":"Feature","properties":{"full_id":"w905138429","Type de vo":"non classée","Vitesse ma":null,"Accès":null,"Référenc":null,"Nom":null,"Type de pi":null,"surface":null,"Sens uniqu":null},"geometry":{"type":"LineString","coordinates":[[-16.3919922,15.8631423],[-16.3917886,15.8645225],[-16.3915584,15.8650424],[-16.3908443,15.8659443],[-16.3903138,15.8670035],[-16.3889123,15.8686886],[-16.3870504,15.8738464],[-16.3851685,15.8772003],[-16.3825391,15.881286],[-16.3823222,15.8817738],[-16.3821921,15.8828929]]}},{"type":"Feature","properties":{"full_id":"w905138430","Type de vo":"non classée","Vitesse ma":null,"Accès":null,"Référenc":null,"Nom":null,"Type de pi":null,"surface":null,"Sens uniqu":null},"geometry":{"type":"LineString","coordinates":[[-16.392027,15.8621813],[-16.3919922,15.8631423]]}},{"type":"Feature","properties":{"full_id":"w905138431","Type de vo":"non classée","Vitesse ma":null,"Accès":null,"Référenc":null,"Nom":null,"Type de pi":null,"surface":null,"Sens uniqu":null},"geometry":{"type":"LineString","coordinates":[[-16.392027,15.8621813],[-16.3911687,15.8622759],[-16.3901333,15.8620299],[-16.3863353,15.8617753],[-16.3857881,15.8620935],[-16.3844166,15.8623997],[-16.3777129,15.8617494],[-16.3762381,15.8617968],[-16.3751576,15.8620458],[-16.3708647,15.8637252],[-16.3671839,15.8641599],[-16.3658816,15.864887],[-16.3627579,15.8706057],[-16.3610755,15.8771838]]}},{"type":"Feature","properties":{"full_id":"w905138435","Type de vo":"non classée","Vitesse ma":null,"Accès":null,"Référenc":null,"Nom":null,"Type de pi":null,"surface":null,"Sens uniqu":null},"geometry":{"type":"LineString","coordinates":[[-16.4028787,15.844549],[-16.3968224,15.8429562],[-16.3946586,15.8436431],[-16.393288,15.8433366],[-16.3909103,15.8436603]]}},{"type":"Feature","properties":{"full_id":"w905138436","Type de vo":"non classée","Vitesse ma":null,"Accès":null,"Référenc":null,"Nom":null,"Type de pi":null,"surface":null,"Sens uniqu":null},"geometry":{"type":"LineString","coordinates":[[-16.3909103,15.8436603],[-16.3901343,15.8431936]]}},{"type":"Feature","properties":{"full_id":"w905142446","Type de vo":"non classée","Vitesse ma":null,"Accès":null,"Référenc":null,"Nom":null,"Type de pi":null,"surface":null,"Sens uniqu":null},"geometry":{"type":"LineString","coordinates":[[-16.3583045,15.8396495],[-16.3577461,15.8393664],[-16.3572818,15.8387499],[-16.3555523,15.8380267],[-16.3528985,15.83775],[-16.3514196,15.8373627],[-16.3501461,15.8374339],[-16.3483632,15.8372046],[-16.34712582612143,15.836754427648163]]}},{"type":"Feature","properties":{"full_id":"w905478171","Type de vo":"non classée","Vitesse ma":null,"Accès":null,"Référenc":null,"Nom":null,"Type de pi":null,"surface":null,"Sens uniqu":null},"geometry":{"type":"LineString","coordinates":[[-16.4020838,15.850209],[-16.401523,15.8507495],[-16.4009837,15.8506669],[-16.4007855,15.8508024],[-16.3993546,15.8524352],[-16.397217,15.8557473],[-16.395808,15.8584128],[-16.3945901,15.8594239],[-16.3936658,15.861369],[-16.3924546,15.8617029],[-16.392027,15.8621813]]}},{"type":"Feature","properties":{"full_id":"w905557841","Type de vo":"non classée","Vitesse ma":null,"Accès":null,"Référenc":null,"Nom":null,"Type de pi":null,"surface":null,"Sens uniqu":null},"geometry":{"type":"LineString","coordinates":[[-16.4071557,15.8639265],[-16.4064274,15.8636315],[-16.4042033,15.8641162],[-16.4013025,15.8637867],[-16.3997672,15.8632968],[-16.3980486,15.8622413],[-16.3966764,15.861906],[-16.3933088,15.8615488]]}},{"type":"Feature","properties":{"full_id":"w905557842","Type de vo":"non classée","Vitesse ma":null,"Accès":null,"Référenc":null,"Nom":null,"Type de pi":null,"surface":null,"Sens uniqu":null},"geometry":{"type":"LineString","coordinates":[[-16.4098866,15.8598251],[-16.409574,15.8611338],[-16.4092042,15.8619173]]}},{"type":"Feature","properties":{"full_id":"w905557843","Type de vo":"non classée","Vitesse ma":null,"Accès":null,"Référenc":null,"Nom":null,"Type de pi":null,"surface":null,"Sens uniqu":null},"geometry":{"type":"LineString","coordinates":[[-16.4092042,15.8619173],[-16.4086934,15.863262],[-16.408099,15.8641091],[-16.4071557,15.8639265]]}},{"type":"Feature","properties":{"full_id":"w905557844","Type de vo":"non classée","Vitesse ma":null,"Accès":null,"Référenc":null,"Nom":null,"Type de pi":null,"surface":null,"Sens uniqu":null},"geometry":{"type":"LineString","coordinates":[[-16.4098866,15.8598251],[-16.4085602,15.8591781],[-16.4072455,15.8569376],[-16.4057606,15.8549925],[-16.4027909,15.8520394],[-16.4025943,15.8517885],[-16.402372,15.8506526],[-16.4019105,15.8504234]]}},{"type":"Feature","properties":{"full_id":"w905557860","Type de vo":"non classée","Vitesse ma":null,"Accès":null,"Référenc":null,"Nom":null,"Type de pi":null,"surface":null,"Sens uniqu":null},"geometry":{"type":"LineString","coordinates":[[-16.43511385349552,15.866780353437427],[-16.4344475,15.8668017],[-16.4334657,15.8666238],[-16.4311938,15.8667254],[-16.4290011,15.8663887],[-16.4269141,15.8654062],[-16.4255911,15.8642415],[-16.4250187,15.8639726]]}},{"type":"Feature","properties":{"full_id":"w905557861","Type de vo":"non classée","Vitesse ma":null,"Accès":null,"Référenc":null,"Nom":null,"Type de pi":null,"surface":null,"Sens uniqu":null},"geometry":{"type":"LineString","coordinates":[[-16.4250187,15.8639726],[-16.4235312,15.8638492],[-16.4156507,15.8641958],[-16.4093723,15.8637755],[-16.4083186,15.8638315]]}},{"type":"Feature","properties":{"full_id":"w909400759","Type de vo":"non classée","Vitesse ma":null,"Accès":null,"Référenc":null,"Nom":null,"Type de pi":null,"surface":null,"Sens uniqu":null},"geometry":{"type":"LineString","coordinates":[[-16.3359184,16.1039886],[-16.334515485807316,16.10408575453643]]}},{"type":"Feature","properties":{"full_id":"w909400762","Type de vo":"non classée","Vitesse ma":null,"Accès":null,"Référenc":null,"Nom":null,"Type de pi":null,"surface":null,"Sens uniqu":null},"geometry":{"type":"LineString","coordinates":[[-16.3448155,16.1045698],[-16.3440541,16.1042432],[-16.3397652,16.1031954],[-16.3384992,16.103337],[-16.3359184,16.1039886]]}},{"type":"Feature","properties":{"full_id":"w909400763","Type de vo":"non classée","Vitesse ma":null,"Accès":null,"Référenc":null,"Nom":null,"Type de pi":null,"surface":null,"Sens uniqu":null},"geometry":{"type":"LineString","coordinates":[[-16.3373257,16.1027112],[-16.334498496189084,16.101932861491903]]}},{"type":"Feature","properties":{"full_id":"w909400764","Type de vo":"non classée","Vitesse ma":null,"Accès":null,"Référenc":null,"Nom":null,"Type de pi":null,"surface":null,"Sens uniqu":null},"geometry":{"type":"LineString","coordinates":[[-16.3449633,16.1043395],[-16.3442906,16.1033463],[-16.3435207,16.1027663],[-16.3397273,16.0981852]]}},{"type":"Feature","properties":{"full_id":"w909400765","Type de vo":"non classée","Vitesse ma":null,"Accès":null,"Référenc":null,"Nom":null,"Type de pi":null,"surface":null,"Sens uniqu":null},"geometry":{"type":"LineString","coordinates":[[-16.3397273,16.0981852],[-16.3408549,16.0944481],[-16.3416902,16.0909251]]}},{"type":"Feature","properties":{"full_id":"w909400766","Type de vo":"non classée","Vitesse ma":null,"Accès":null,"Référenc":null,"Nom":null,"Type de pi":null,"surface":null,"Sens uniqu":null},"geometry":{"type":"LineString","coordinates":[[-16.3400722,16.0970706],[-16.3400055,16.0958083],[-16.3394959,16.0935503],[-16.3384638,16.0904209]]}},{"type":"Feature","properties":{"full_id":"w909400767","Type de vo":"non classée","Vitesse ma":null,"Accès":null,"Référenc":null,"Nom":null,"Type de pi":null,"surface":null,"Sens uniqu":null},"geometry":{"type":"LineString","coordinates":[[-16.3399484,16.0955553],[-16.337429,16.0939312],[-16.3359921,16.0932783]]}},{"type":"Feature","properties":{"full_id":"w909400768","Type de vo":"non classée","Vitesse ma":null,"Accès":null,"Référenc":null,"Nom":null,"Type de pi":null,"surface":null,"Sens uniqu":null},"geometry":{"type":"LineString","coordinates":[[-16.3416484,16.0911457],[-16.3397202,16.0908431],[-16.3382478,16.0903901],[-16.3383362,16.0905905],[-16.33589,16.0926677]]}},{"type":"Feature","properties":{"full_id":"w909400770","Type de vo":"non classée","Vitesse ma":null,"Accès":null,"Référenc":null,"Nom":null,"Type de pi":null,"surface":null,"Sens uniqu":null},"geometry":{"type":"LineString","coordinates":[[-16.3415782,16.0869339],[-16.33975,16.0881748],[-16.3385012,16.0899448]]}},{"type":"Feature","properties":{"full_id":"w909400771","Type de vo":"non classée","Vitesse ma":null,"Accès":null,"Référenc":null,"Nom":null,"Type de pi":null,"surface":null,"Sens uniqu":null},"geometry":{"type":"LineString","coordinates":[[-16.3411081,16.0910628],[-16.3410194,16.0902885],[-16.3411796,16.0893175],[-16.3411364,16.0881807],[-16.3412936,16.0876781]]}},{"type":"Feature","properties":{"full_id":"w909400772","Type de vo":"non classée","Vitesse ma":null,"Accès":null,"Référenc":null,"Nom":null,"Type de pi":null,"surface":null,"Sens uniqu":null},"geometry":{"type":"LineString","coordinates":[[-16.3411364,16.0881807],[-16.3409113,16.0876645],[-16.3409358,16.0872806]]}},{"type":"Feature","properties":{"full_id":"w909400773","Type de vo":"non classée","Vitesse ma":null,"Accès":null,"Référenc":null,"Nom":null,"Type de pi":null,"surface":null,"Sens uniqu":null},"geometry":{"type":"LineString","coordinates":[[-16.3385012,16.0899448],[-16.3381437,16.0901775],[-16.3382478,16.0903901]]}},{"type":"Feature","properties":{"full_id":"w909400774","Type de vo":"non classée","Vitesse ma":null,"Accès":null,"Référenc":null,"Nom":null,"Type de pi":null,"surface":null,"Sens uniqu":null},"geometry":{"type":"LineString","coordinates":[[-16.3352739,16.0929294],[-16.3359921,16.0932783]]}},{"type":"Feature","properties":{"full_id":"w909400775","Type de vo":"non classée","Vitesse ma":null,"Accès":null,"Référenc":null,"Nom":null,"Type de pi":null,"surface":null,"Sens uniqu":null},"geometry":{"type":"LineString","coordinates":[[-16.3352739,16.0929294],[-16.3351601,16.0927458]]}},{"type":"Feature","properties":{"full_id":"w909400776","Type de vo":"non classée","Vitesse ma":null,"Accès":null,"Référenc":null,"Nom":null,"Type de pi":null,"surface":null,"Sens uniqu":null},"geometry":{"type":"LineString","coordinates":[[-16.3358238,16.0931375],[-16.33589,16.0926677]]}},{"type":"Feature","properties":{"full_id":"w909400777","Type de vo":"non classée","Vitesse ma":null,"Accès":null,"Référenc":null,"Nom":null,"Type de pi":null,"surface":null,"Sens uniqu":null},"geometry":{"type":"LineString","coordinates":[[-16.3352739,16.0929294],[-16.3349537,16.0936302],[-16.33443686024725,16.094122468775346]]}},{"type":"Feature","properties":{"full_id":"w909400781","Type de vo":"non classée","Vitesse ma":null,"Accès":null,"Référenc":null,"Nom":null,"Type de pi":null,"surface":"Terre","Sens uniqu":null},"geometry":{"type":"LineString","coordinates":[[-16.3516135,16.0802394],[-16.3505229,16.0806056],[-16.3498785,16.0804979],[-16.3495142,16.0806146],[-16.3486643,16.0821762],[-16.3479918,16.0826787],[-16.345909,16.0834416],[-16.3433125,16.0853414],[-16.3417983,16.0861547],[-16.3417573,16.086764],[-16.3415782,16.0869339]]}},{"type":"Feature","properties":{"full_id":"w909400782","Type de vo":"non classée","Vitesse ma":null,"Accès":null,"Référenc":null,"Nom":null,"Type de pi":null,"surface":null,"Sens uniqu":null},"geometry":{"type":"LineString","coordinates":[[-16.3381092,16.0602025],[-16.3372242,16.0600853]]}},{"type":"Feature","properties":{"full_id":"w909400783","Type de vo":"non classée","Vitesse ma":null,"Accès":null,"Référenc":null,"Nom":null,"Type de pi":null,"surface":null,"Sens uniqu":null},"geometry":{"type":"LineString","coordinates":[[-16.3380065,16.0613827],[-16.337113,16.0604625]]}},{"type":"Feature","properties":{"full_id":"w910148015","Type de vo":"non classée","Vitesse ma":null,"Accès":null,"Référenc":null,"Nom":null,"Type de pi":null,"surface":null,"Sens uniqu":null},"geometry":{"type":"LineString","coordinates":[[-16.4225173,15.9246118],[-16.4228675,15.9243075],[-16.4233581,15.9242929],[-16.4306815,15.926569],[-16.4388142,15.9288014],[-16.4430019,15.930771],[-16.4461579,15.9314373],[-16.4487929,15.9313936],[-16.4495084,15.9326929]]}},{"type":"Feature","properties":{"full_id":"w910148055","Type de vo":"non classée","Vitesse ma":null,"Accès":null,"Référenc":null,"Nom":null,"Type de pi":null,"surface":"Terre","Sens uniqu":null},"geometry":{"type":"LineString","coordinates":[[-16.3810412,16.0761534],[-16.3813089,16.0726801],[-16.3810635,16.0718004],[-16.3804123,16.0707121],[-16.3796101,16.0698324],[-16.3787513,16.0693971],[-16.3694533,16.0685184],[-16.3648213,16.0669014]]}},{"type":"Feature","properties":{"full_id":"w969578152","Type de vo":"non classée","Vitesse ma":null,"Accès":null,"Référenc":null,"Nom":null,"Type de pi":null,"surface":"Sol naturel","Sens uniqu":null},"geometry":{"type":"LineString","coordinates":[[-16.441448323027327,16.048674881963077],[-16.4376376,16.047875]]}},{"type":"Feature","properties":{"full_id":"w969578153","Type de vo":"non classée","Vitesse ma":null,"Accès":null,"Référenc":null,"Nom":null,"Type de pi":null,"surface":"Sol naturel","Sens uniqu":null},"geometry":{"type":"LineString","coordinates":[[-16.442273260949076,16.050440437955444],[-16.4421865,16.050825],[-16.441414,16.0512426],[-16.4411833,16.0517323],[-16.4398905,16.0525108],[-16.4363408,16.0532423]]}},{"type":"Feature","properties":{"full_id":"w969578154","Type de vo":"non classée","Vitesse ma":null,"Accès":null,"Référenc":null,"Nom":null,"Type de pi":null,"surface":"Non revêtu","Sens uniqu":null},"geometry":{"type":"LineString","coordinates":[[-16.435787,16.0505757],[-16.4366075,16.0544543],[-16.4367416,16.0558256],[-16.4365699,16.0575835],[-16.4358994,16.0594857],[-16.4369401,16.0630788],[-16.4372887,16.0658367],[-16.4393058,16.0699245],[-16.4396598,16.0716822],[-16.4412643,16.0731394]]}},{"type":"Feature","properties":{"full_id":"w969578161","Type de vo":"non classée","Vitesse ma":null,"Accès":null,"Référenc":null,"Nom":null,"Type de pi":null,"surface":"Sol naturel","Sens uniqu":null},"geometry":{"type":"LineString","coordinates":[[-16.4373755,16.0475609],[-16.4366933,16.0481339],[-16.4352955,16.048427]]}},{"type":"Feature","properties":{"full_id":"w997490266","Type de vo":"non classée","Vitesse ma":null,"Accès":null,"Référenc":null,"Nom":null,"Type de pi":null,"surface":"Sol naturel","Sens uniqu":null},"geometry":{"type":"LineString","coordinates":[[-16.3719145,16.1039857],[-16.3735917,16.1032529],[-16.3807601,16.0983811],[-16.3820127,16.0978558],[-16.3845742,16.0971647],[-16.3893593,16.0976028],[-16.3920522,16.0975974],[-16.3957912,16.0962162],[-16.3984198,16.0938507]]}},{"type":"Feature","properties":{"full_id":"w997490267","Type de vo":"non classée","Vitesse ma":null,"Accès":null,"Référenc":null,"Nom":null,"Type de pi":null,"surface":null,"Sens uniqu":null},"geometry":{"type":"LineString","coordinates":[[-16.3795059,16.0992789],[-16.3786411,16.0972366],[-16.3749021,16.0951339],[-16.3731005,16.0934686]]}},{"type":"Feature","properties":{"full_id":"w997490268","Type de vo":"non classée","Vitesse ma":null,"Accès":null,"Référenc":null,"Nom":null,"Type de pi":null,"surface":"Non revêtu","Sens uniqu":null},"geometry":{"type":"LineString","coordinates":[[-16.3719145,16.1039857],[-16.3695365,16.1049611],[-16.3670969,16.1051074],[-16.3666731,16.1048961],[-16.3659704,16.1037364]]}},{"type":"Feature","properties":{"full_id":"w1014501432","Type de vo":"non classée","Vitesse ma":null,"Accès":null,"Référenc":null,"Nom":null,"Type de pi":null,"surface":null,"Sens uniqu":null},"geometry":{"type":"LineString","coordinates":[[-16.435787,16.0505757],[-16.4362133,16.0504524]]}},{"type":"Feature","properties":{"full_id":"w1014504171","Type de vo":"non classée","Vitesse ma":null,"Accès":null,"Référenc":null,"Nom":null,"Type de pi":null,"surface":"Terre","Sens uniqu":null},"geometry":{"type":"LineString","coordinates":[[-16.4318362,16.0681559],[-16.4320822,16.0666767],[-16.4313585,16.0665283]]}},{"type":"Feature","properties":{"full_id":"w1014956057","Type de vo":"non classée","Vitesse ma":null,"Accès":null,"Référenc":null,"Nom":null,"Type de pi":null,"surface":"Terre","Sens uniqu":null},"geometry":{"type":"LineString","coordinates":[[-16.4218176,16.0454803],[-16.4219494,16.046088],[-16.4216659,16.0470632],[-16.4216525,16.0487383],[-16.4212775,16.0508142]]}},{"type":"Feature","properties":{"full_id":"w1014956897","Type de vo":"non classée","Vitesse ma":null,"Accès":null,"Référenc":null,"Nom":null,"Type de pi":null,"surface":"Terre","Sens uniqu":null},"geometry":{"type":"LineString","coordinates":[[-16.4016612,16.0548315],[-16.4024822,16.0529592],[-16.4027619,16.0529772]]}},{"type":"Feature","properties":{"full_id":"w1014959422","Type de vo":"non classée","Vitesse ma":null,"Accès":null,"Référenc":null,"Nom":null,"Type de pi":null,"surface":"Terre","Sens uniqu":null},"geometry":{"type":"LineString","coordinates":[[-16.3910751,16.067023],[-16.3913401,16.0657682],[-16.39078,16.0643559],[-16.3911833,16.0629694],[-16.3911698,16.0619618],[-16.3914969,16.0602696],[-16.3913428,16.0586842]]}},{"type":"Feature","properties":{"full_id":"w1014959432","Type de vo":"non classée","Vitesse ma":null,"Accès":null,"Référenc":null,"Nom":null,"Type de pi":null,"surface":"Terre","Sens uniqu":null},"geometry":{"type":"LineString","coordinates":[[-16.3892534,16.0648326],[-16.3864086,16.0652269]]}},{"type":"Feature","properties":{"full_id":"w1014961874","Type de vo":"non classée","Vitesse ma":null,"Accès":null,"Référenc":null,"Nom":null,"Type de pi":null,"surface":"Terre","Sens uniqu":null},"geometry":{"type":"LineString","coordinates":[[-16.3711113,16.0950291],[-16.3702169,16.0979018],[-16.3694977,16.0989742],[-16.3699041,16.1009455],[-16.3680384,16.1017979],[-16.3660957,16.1030722],[-16.3659346,16.1033414],[-16.3659704,16.1037364]]}},{"type":"Feature","properties":{"full_id":"w1020155415","Type de vo":"non classée","Vitesse ma":null,"Accès":null,"Référenc":null,"Nom":null,"Type de pi":null,"surface":"Terre","Sens uniqu":null},"geometry":{"type":"LineString","coordinates":[[-16.452560481136512,16.01526133960201],[-16.4539194,16.0137686],[-16.4550165,16.0112988],[-16.4564747,16.0098088],[-16.4574161,16.009074]]}},{"type":"Feature","properties":{"full_id":"w1020157393","Type de vo":"non classée","Vitesse ma":null,"Accès":null,"Référenc":null,"Nom":null,"Type de pi":null,"surface":"Terre","Sens uniqu":null},"geometry":{"type":"LineString","coordinates":[[-16.4238742,16.0472259],[-16.4232668,16.0479793],[-16.4247518,16.0492377],[-16.4249678,16.0492575]]}},{"type":"Feature","properties":{"full_id":"w1020157394","Type de vo":"non classée","Vitesse ma":null,"Accès":null,"Référenc":null,"Nom":null,"Type de pi":null,"surface":"Terre","Sens uniqu":null},"geometry":{"type":"LineString","coordinates":[[-16.4235337,16.0476482],[-16.4241264,16.0481451],[-16.4242306,16.048078]]}},{"type":"Feature","properties":{"full_id":"w1020157395","Type de vo":"non classée","Vitesse ma":null,"Accès":null,"Référenc":null,"Nom":null,"Type de pi":null,"surface":"Terre","Sens uniqu":null},"geometry":{"type":"LineString","coordinates":[[-16.4241264,16.0481451],[-16.4238652,16.0484033]]}},{"type":"Feature","properties":{"full_id":"w1020157396","Type de vo":"non classée","Vitesse ma":null,"Accès":null,"Référenc":null,"Nom":null,"Type de pi":null,"surface":"Terre","Sens uniqu":null},"geometry":{"type":"LineString","coordinates":[[-16.4238855,16.0479431],[-16.4232051,16.0487669]]}},{"type":"Feature","properties":{"full_id":"w1020157397","Type de vo":"non classée","Vitesse ma":null,"Accès":null,"Référenc":null,"Nom":null,"Type de pi":null,"surface":"Terre","Sens uniqu":null},"geometry":{"type":"LineString","coordinates":[[-16.4234019,16.0480818],[-16.4233808,16.0482931],[-16.423531,16.0483848]]}},{"type":"Feature","properties":{"full_id":"w1020157398","Type de vo":"non classée","Vitesse ma":null,"Accès":null,"Référenc":null,"Nom":null,"Type de pi":null,"surface":"Terre","Sens uniqu":null},"geometry":{"type":"LineString","coordinates":[[-16.4232791,16.0484974],[-16.4248874,16.0497559]]}},{"type":"Feature","properties":{"full_id":"w1020157399","Type de vo":"non classée","Vitesse ma":null,"Accès":null,"Référenc":null,"Nom":null,"Type de pi":null,"surface":"Terre","Sens uniqu":null},"geometry":{"type":"LineString","coordinates":[[-16.424529,16.048612],[-16.4233469,16.0500934]]}},{"type":"Feature","properties":{"full_id":"w1020157400","Type de vo":"non classée","Vitesse ma":null,"Accès":null,"Référenc":null,"Nom":null,"Type de pi":null,"surface":"Terre","Sens uniqu":null},"geometry":{"type":"LineString","coordinates":[[-16.4247224,16.0491879],[-16.4238707,16.0501911]]}},{"type":"Feature","properties":{"full_id":"w1020157401","Type de vo":"non classée","Vitesse ma":null,"Accès":null,"Référenc":null,"Nom":null,"Type de pi":null,"surface":"Terre","Sens uniqu":null},"geometry":{"type":"LineString","coordinates":[[-16.4240054,16.0485149],[-16.4232051,16.0495131],[-16.4243564,16.0505039]]}},{"type":"Feature","properties":{"full_id":"w1020157402","Type de vo":"non classée","Vitesse ma":null,"Accès":null,"Référenc":null,"Nom":null,"Type de pi":null,"surface":"Terre","Sens uniqu":null},"geometry":{"type":"LineString","coordinates":[[-16.4233099,16.0490452],[-16.4246224,16.0500579]]}},{"type":"Feature","properties":{"full_id":"w1020157403","Type de vo":"non classée","Vitesse ma":null,"Accès":null,"Référenc":null,"Nom":null,"Type de pi":null,"surface":"Terre","Sens uniqu":null},"geometry":{"type":"LineString","coordinates":[[-16.425133,16.04947],[-16.4246224,16.0500579]]}},{"type":"Feature","properties":{"full_id":"w1020157404","Type de vo":"non classée","Vitesse ma":null,"Accès":null,"Référenc":null,"Nom":null,"Type de pi":null,"surface":"Terre","Sens uniqu":null},"geometry":{"type":"LineString","coordinates":[[-16.4246224,16.0500579],[-16.424298,16.0503554]]}},{"type":"Feature","properties":{"full_id":"w1020157405","Type de vo":"non classée","Vitesse ma":null,"Accès":null,"Référenc":null,"Nom":null,"Type de pi":null,"surface":"Terre","Sens uniqu":null},"geometry":{"type":"LineString","coordinates":[[-16.4252957,16.0504285],[-16.4246224,16.0500579]]}},{"type":"Feature","properties":{"full_id":"w1020447070","Type de vo":"non classée","Vitesse ma":null,"Accès":null,"Référenc":null,"Nom":null,"Type de pi":null,"surface":"Terre","Sens uniqu":null},"geometry":{"type":"LineString","coordinates":[[-16.360182,16.0230873],[-16.3606376,16.0230565],[-16.3623541,16.0234868],[-16.3647848,16.0235071],[-16.365079,16.0236687],[-16.3655226,16.0242747],[-16.366975,16.0253384],[-16.3699087,16.0267679]]}},{"type":"Feature","properties":{"full_id":"w1020447071","Type de vo":"non classée","Vitesse ma":null,"Accès":null,"Référenc":null,"Nom":null,"Type de pi":null,"surface":"Terre","Sens uniqu":null},"geometry":{"type":"LineString","coordinates":[[-16.3632695,16.023566],[-16.3610552,16.0240447]]}},{"type":"Feature","properties":{"full_id":"w1024203615","Type de vo":"non classée","Vitesse ma":null,"Accès":null,"Référenc":null,"Nom":null,"Type de pi":null,"surface":null,"Sens uniqu":null},"geometry":{"type":"LineString","coordinates":[[-16.4727011,15.9513538],[-16.47228,15.950889],[-16.4717178,15.9507239],[-16.4716234,15.9504681],[-16.4716449,15.9496717],[-16.4721427,15.9489207],[-16.4721942,15.9484008],[-16.4725187,15.9478413]]}},{"type":"Feature","properties":{"full_id":"w1147595504","Type de vo":"non classée","Vitesse ma":null,"Accès":null,"Référenc":null,"Nom":null,"Type de pi":null,"surface":null,"Sens uniqu":null},"geometry":{"type":"LineString","coordinates":[[-16.3814164,15.9835995],[-16.3813386,15.9839285],[-16.3805741,15.9843957],[-16.3799855,15.9844411],[-16.3794856,15.9848498]]}},{"type":"Feature","properties":{"full_id":"w1154015362","Type de vo":"non classée","Vitesse ma":null,"Accès":null,"Référenc":null,"Nom":null,"Type de pi":null,"surface":null,"Sens uniqu":null},"geometry":{"type":"LineString","coordinates":[[-16.413252,16.0313535],[-16.4124722,16.030875]]}},{"type":"Feature","properties":{"full_id":"w1154018818","Type de vo":"non classée","Vitesse ma":null,"Accès":null,"Référenc":null,"Nom":null,"Type de pi":null,"surface":"Non revêtu","Sens uniqu":null},"geometry":{"type":"LineString","coordinates":[[-16.4614222,15.9006335],[-16.46159778727608,15.90054693073597]]}},{"type":"Feature","properties":{"full_id":"w1154018819","Type de vo":"non classée","Vitesse ma":null,"Accès":null,"Référenc":null,"Nom":null,"Type de pi":null,"surface":"Non revêtu","Sens uniqu":null},"geometry":{"type":"LineString","coordinates":[[-16.4613232,15.9006903],[-16.4614222,15.9006335]]}},{"type":"Feature","properties":{"full_id":"w1154639883","Type de vo":"non classée","Vitesse ma":null,"Accès":null,"Référenc":null,"Nom":null,"Type de pi":null,"surface":"Terre","Sens uniqu":null},"geometry":{"type":"LineString","coordinates":[[-16.4292285,16.036102],[-16.4293285,16.0395154],[-16.4292542,16.0400426],[-16.4289746,16.0403998],[-16.4291964,16.0408114]]}},{"type":"Feature","properties":{"full_id":"w1177235158","Type de vo":"non classée","Vitesse ma":null,"Accès":null,"Référenc":null,"Nom":null,"Type de pi":null,"surface":null,"Sens uniqu":null},"geometry":{"type":"LineString","coordinates":[[-16.4391439,15.9885045],[-16.4388502,15.9890116],[-16.437352,15.9901701],[-16.4369292,15.9903225]]}},{"type":"Feature","properties":{"full_id":"w1177236566","Type de vo":"non classée","Vitesse ma":null,"Accès":null,"Référenc":null,"Nom":null,"Type de pi":null,"surface":null,"Sens uniqu":null},"geometry":{"type":"LineString","coordinates":[[-16.4651445,15.985102],[-16.4647066,15.9851641],[-16.4643418,15.985418],[-16.4628484,15.9871109],[-16.4614348,15.9876838],[-16.4609122,15.9891797]]}},{"type":"Feature","properties":{"full_id":"w1210014208","Type de vo":"non classée","Vitesse ma":null,"Accès":null,"Référenc":null,"Nom":null,"Type de pi":null,"surface":"Non revêtu","Sens uniqu":null},"geometry":{"type":"LineString","coordinates":[[-16.4673047,15.9778544],[-16.465052,15.9771072],[-16.4586861,15.9760826]]}},{"type":"Feature","properties":{"full_id":"w1210686732","Type de vo":"non classée","Vitesse ma":null,"Accès":null,"Référenc":null,"Nom":null,"Type de pi":null,"surface":null,"Sens uniqu":null},"geometry":{"type":"LineString","coordinates":[[-16.4643418,15.985418],[-16.4647079,15.9845989],[-16.4647186,15.983766],[-16.4638361,15.9813873],[-16.4629296,15.9798137]]}},{"type":"Feature","properties":{"full_id":"w1287393508","Type de vo":"non classée","Vitesse ma":null,"Accès":null,"Référenc":null,"Nom":null,"Type de pi":null,"surface":null,"Sens uniqu":null},"geometry":{"type":"LineString","coordinates":[[-16.3605866,16.09048],[-16.3569652,16.0923138]]}},{"type":"Feature","properties":{"full_id":"w1287393509","Type de vo":"non classée","Vitesse ma":null,"Accès":null,"Référenc":null,"Nom":null,"Type de pi":null,"surface":null,"Sens uniqu":null},"geometry":{"type":"LineString","coordinates":[[-16.367422,16.0909946],[-16.3669038,16.0904802],[-16.3644576,16.0899596],[-16.362977,16.0897947],[-16.3614162,16.0899515]]}},{"type":"Feature","properties":{"full_id":"w1287393513","Type de vo":"non classée","Vitesse ma":null,"Accès":null,"Référenc":null,"Nom":null,"Type de pi":null,"surface":null,"Sens uniqu":null},"geometry":{"type":"LineString","coordinates":[[-16.3925699,16.0823429],[-16.3886002,16.0830141],[-16.3854191,16.0829497],[-16.3847324,16.0825708]]}},{"type":"Feature","properties":{"full_id":"w1293424240","Type de vo":"non classée","Vitesse ma":null,"Accès":null,"Référenc":null,"Nom":null,"Type de pi":null,"surface":"Non revêtu","Sens uniqu":null},"geometry":{"type":"LineString","coordinates":[[-16.4874948,15.9609336],[-16.4866015,15.9622764],[-16.4841719,15.9640812],[-16.4840307,15.9651524],[-16.4837935,15.9657126],[-16.4786511,15.9656801]]}},{"type":"Feature","properties":{"full_id":"w1293424241","Type de vo":"non classée","Vitesse ma":null,"Accès":null,"Référenc":null,"Nom":null,"Type de pi":null,"surface":"Non revêtu","Sens uniqu":null},"geometry":{"type":"LineString","coordinates":[[-16.4904435,15.9584738],[-16.4903173,15.9585218]]}},{"type":"Feature","properties":{"full_id":"w1293424244","Type de vo":"non classée","Vitesse ma":null,"Accès":null,"Référenc":null,"Nom":null,"Type de pi":null,"surface":"Non revêtu","Sens uniqu":null},"geometry":{"type":"LineString","coordinates":[[-16.4903173,15.9585218],[-16.4875738,15.9608568]]}},{"type":"Feature","properties":{"full_id":"w1293424245","Type de vo":"non classée","Vitesse ma":null,"Accès":null,"Référenc":null,"Nom":null,"Type de pi":null,"surface":"Non revêtu","Sens uniqu":null},"geometry":{"type":"LineString","coordinates":[[-16.4875738,15.9608568],[-16.4874948,15.9609336]]}},{"type":"Feature","properties":{"full_id":"w1426326781","Type de vo":"non classée","Vitesse ma":null,"Accès":null,"Référenc":null,"Nom":null,"Type de pi":null,"surface":null,"Sens uniqu":null},"geometry":{"type":"LineString","coordinates":[[-16.344934,16.1043851],[-16.3445314,16.1043736]]}}]}