{"type":"FeatureCollection","name":"transport-route-acces.geojson","features":[{"type":"Feature","properties":{"full_id":"w166129693","osm_id":"166129693","osm_type":"way","Type de vo":"service","Niveau":null,"Pont":null,"Tyoe de pi":null,"État de s":null,"Vitesse ":null,"Référenc":null,"Nom":null,"Éclairage":null,"Sans issue":null,"Intersecti":null,"Nombre de ":null,"Accès":null,"surface":"non pavée","Service":"Allée de parking","Sens uniqu":"no"},"geometry":{"type":"LineString","coordinates":[[-16.4212164,16.062199],[-16.4211269,16.0619698]]}},{"type":"Feature","properties":{"full_id":"w166129697","osm_id":"166129697","osm_type":"way","Type de vo":"service","Niveau":null,"Pont":null,"Tyoe de pi":null,"État de s":null,"Vitesse ":null,"Référenc":null,"Nom":null,"Éclairage":null,"Sans issue":null,"Intersecti":null,"Nombre de ":"1","Accès":"Accès toléré","surface":"asphalte","Service":null,"Sens uniqu":"oui"},"geometry":{"type":"LineString","coordinates":[[-16.4214139,16.061516],[-16.4209402,16.0616938]]}},{"type":"Feature","properties":{"full_id":"w166129699","osm_id":"166129699","osm_type":"way","Type de vo":"service","Niveau":null,"Pont":null,"Tyoe de pi":null,"État de s":null,"Vitesse ":null,"Référenc":null,"Nom":null,"Éclairage":null,"Sans issue":null,"Intersecti":"roundabout","Nombre de ":"1","Accès":"Accès toléré","surface":"asphalte","Service":null,"Sens uniqu":"oui"},"geometry":{"type":"LineString","coordinates":[[-16.4209402,16.0616938],[-16.4208906,16.0619494],[-16.4211269,16.0619698],[-16.4211631,16.0617535],[-16.4209402,16.0616938]]}},{"type":"Feature","properties":{"full_id":"w166589813","osm_id":"166589813","osm_type":"way","Type de vo":"service","Niveau":null,"Pont":null,"Tyoe de pi":null,"État de s":null,"Vitesse ":null,"Référenc":null,"Nom":null,"Éclairage":null,"Sans issue":null,"Intersecti":null,"Nombre de ":"2","Accès":"Accès toléré","surface":"asphalte","Service":null,"Sens uniqu":"non"},"geometry":{"type":"LineString","coordinates":[[-16.4214139,16.061516],[-16.4234813,16.0603487]]}},{"type":"Feature","properties":{"full_id":"w183280609","osm_id":"183280609","osm_type":"way","Type de vo":"service","Niveau":null,"Pont":null,"Tyoe de pi":null,"État de s":null,"Vitesse ":null,"Référenc":null,"Nom":null,"Éclairage":null,"Sans issue":null,"Intersecti":null,"Nombre de ":"1","Accès":"Accès toléré","surface":"asphalte","Service":null,"Sens uniqu":"oui"},"geometry":{"type":"LineString","coordinates":[[-16.4211885,16.0618486],[-16.4214139,16.061516]]}},{"type":"Feature","properties":{"full_id":"w183326224","osm_id":"183326224","osm_type":"way","Type de vo":"service","Niveau":null,"Pont":null,"Tyoe de pi":null,"État de s":null,"Vitesse ":null,"Référenc":null,"Nom":null,"Éclairage":null,"Sans issue":null,"Intersecti":null,"Nombre de ":"2","Accès":"Accès toléré","surface":"asphalte","Service":null,"Sens uniqu":"non"},"geometry":{"type":"LineString","coordinates":[[-16.4189695,16.0631336],[-16.4205566,16.0622228]]}},{"type":"Feature","properties":{"full_id":"w183326227","osm_id":"183326227","osm_type":"way","Type de vo":"service","Niveau":null,"Pont":null,"Tyoe de pi":null,"État de s":null,"Vitesse ":null,"Référenc":null,"Nom":null,"Éclairage":null,"Sans issue":null,"Intersecti":null,"Nombre de ":"2","Accès":"Accès toléré","surface":"asphalte","Service":null,"Sens uniqu":"non"},"geometry":{"type":"LineString","coordinates":[[-16.4267426,16.0584302],[-16.427596,16.0579404]]}},{"type":"Feature","properties":{"full_id":"w183326229","osm_id":"183326229","osm_type":"way","Type de vo":"service","Niveau":null,"Pont":null,"Tyoe de pi":null,"État de s":null,"Vitesse ":null,"Référenc":null,"Nom":null,"Éclairage":null,"Sans issue":null,"Intersecti":null,"Nombre de ":"1","Accès":"Accès toléré","surface":"asphalte","Service":null,"Sens uniqu":"oui"},"geometry":{"type":"LineString","coordinates":[[-16.4222201,16.0610584],[-16.421704,16.0602507]]}},{"type":"Feature","properties":{"full_id":"w183326230","osm_id":"183326230","osm_type":"way","Type de vo":"service","Niveau":null,"Pont":null,"Tyoe de pi":null,"État de s":null,"Vitesse ":null,"Référenc":null,"Nom":null,"Éclairage":null,"Sans issue":null,"Intersecti":null,"Nombre de ":null,"Accès":"Accès toléré","surface":"pavée","Service":null,"Sens uniqu":null},"geometry":{"type":"LineString","coordinates":[[-16.4237356,16.0657582],[-16.4235943,16.0653539],[-16.4231452,16.0651303],[-16.422462,16.0651173],[-16.421921,16.0653039]]}},{"type":"Feature","properties":{"full_id":"w183326231","osm_id":"183326231","osm_type":"way","Type de vo":"service","Niveau":null,"Pont":null,"Tyoe de pi":null,"État de s":null,"Vitesse ":null,"Référenc":null,"Nom":null,"Éclairage":null,"Sans issue":null,"Intersecti":null,"Nombre de ":"1","Accès":"Accès toléré","surface":"asphalte","Service":null,"Sens uniqu":"oui"},"geometry":{"type":"LineString","coordinates":[[-16.4208724,16.0617541],[-16.4205566,16.0622228]]}},{"type":"Feature","properties":{"full_id":"w183326233","osm_id":"183326233","osm_type":"way","Type de vo":"service","Niveau":null,"Pont":null,"Tyoe de pi":null,"État de s":null,"Vitesse ":null,"Référenc":null,"Nom":null,"Éclairage":null,"Sans issue":null,"Intersecti":null,"Nombre de ":"1","Accès":"Accès toléré","surface":"asphalte","Service":null,"Sens uniqu":"oui"},"geometry":{"type":"LineString","coordinates":[[-16.4205566,16.0622228],[-16.42104,16.0620028]]}},{"type":"Feature","properties":{"full_id":"w183326237","osm_id":"183326237","osm_type":"way","Type de vo":"service","Niveau":null,"Pont":null,"Tyoe de pi":null,"État de s":null,"Vitesse ":null,"Référenc":null,"Nom":null,"Éclairage":null,"Sans issue":null,"Intersecti":null,"Nombre de ":"2","Accès":"Accès toléré","surface":"asphalte","Service":null,"Sens uniqu":"non"},"geometry":{"type":"LineString","coordinates":[[-16.4243932,16.0600096],[-16.4259479,16.0591227]]}},{"type":"Feature","properties":{"full_id":"w183326238","osm_id":"183326238","osm_type":"way","Type de vo":"service","Niveau":null,"Pont":null,"Tyoe de pi":null,"État de s":null,"Vitesse ":null,"Référenc":null,"Nom":null,"Éclairage":null,"Sans issue":null,"Intersecti":null,"Nombre de ":"1","Accès":"Accès toléré","surface":"asphalte","Service":null,"Sens uniqu":"oui"},"geometry":{"type":"LineString","coordinates":[[-16.4234813,16.0603487],[-16.4239973,16.0603588],[-16.4243932,16.0600096]]}},{"type":"Feature","properties":{"full_id":"w183326239","osm_id":"183326239","osm_type":"way","Type de vo":"service","Niveau":null,"Pont":null,"Tyoe de pi":null,"État de s":null,"Vitesse ":null,"Référenc":null,"Nom":null,"Éclairage":null,"Sans issue":null,"Intersecti":null,"Nombre de ":"1","Accès":"Accès toléré","surface":"asphalte","Service":null,"Sens uniqu":"oui"},"geometry":{"type":"LineString","coordinates":[[-16.4259479,16.0591227],[-16.4264945,16.0588922],[-16.4267426,16.0584302]]}},{"type":"Feature","properties":{"full_id":"w183326240","osm_id":"183326240","osm_type":"way","Type de vo":"service","Niveau":null,"Pont":null,"Tyoe de pi":null,"État de s":null,"Vitesse ":null,"Référenc":null,"Nom":null,"Éclairage":null,"Sans issue":null,"Intersecti":null,"Nombre de ":"1","Accès":"Accès toléré","surface":"asphalte","Service":null,"Sens uniqu":"oui"},"geometry":{"type":"LineString","coordinates":[[-16.4267426,16.0584302],[-16.4262611,16.0586525],[-16.4259479,16.0591227]]}},{"type":"Feature","properties":{"full_id":"w183326241","osm_id":"183326241","osm_type":"way","Type de vo":"service","Niveau":null,"Pont":null,"Tyoe de pi":null,"État de s":null,"Vitesse ":null,"Référenc":null,"Nom":null,"Éclairage":null,"Sans issue":null,"Intersecti":null,"Nombre de ":"1","Accès":"Accès toléré","surface":"asphalte","Service":null,"Sens uniqu":"oui"},"geometry":{"type":"LineString","coordinates":[[-16.4243932,16.0600096],[-16.4238236,16.0600415],[-16.4234813,16.0603487]]}},{"type":"Feature","properties":{"full_id":"w203310350","osm_id":"203310350","osm_type":"way","Type de vo":"service","Niveau":null,"Pont":null,"Tyoe de pi":null,"État de s":null,"Vitesse ":null,"Référenc":null,"Nom":null,"Éclairage":null,"Sans issue":null,"Intersecti":null,"Nombre de ":null,"Accès":null,"surface":null,"Service":"Voie d’accès","Sens uniqu":null},"geometry":{"type":"LineString","coordinates":[[-16.4261308,16.0664873],[-16.4257304,16.0659428]]}},{"type":"Feature","properties":{"full_id":"w203310351","osm_id":"203310351","osm_type":"way","Type de vo":"service","Niveau":null,"Pont":null,"Tyoe de pi":null,"État de s":null,"Vitesse ":null,"Référenc":null,"Nom":null,"Éclairage":null,"Sans issue":"yes","Intersecti":null,"Nombre de ":null,"Accès":null,"surface":"non pavée","Service":"Voie d’accès","Sens uniqu":"no"},"geometry":{"type":"LineString","coordinates":[[-16.4251812,16.0595599],[-16.4255621,16.0600388]]}},{"type":"Feature","properties":{"full_id":"w203310352","osm_id":"203310352","osm_type":"way","Type de vo":"service","Niveau":null,"Pont":null,"Tyoe de pi":null,"État de s":null,"Vitesse ":null,"Référenc":null,"Nom":null,"Éclairage":null,"Sans issue":null,"Intersecti":null,"Nombre de ":null,"Accès":null,"surface":null,"Service":"Voie d’accès","Sens uniqu":null},"geometry":{"type":"LineString","coordinates":[[-16.4261703,16.0669725],[-16.4265225,16.0667582]]}},{"type":"Feature","properties":{"full_id":"w203310354","osm_id":"203310354","osm_type":"way","Type de vo":"service","Niveau":null,"Pont":null,"Tyoe de pi":null,"État de s":null,"Vitesse ":null,"Référenc":null,"Nom":null,"Éclairage":null,"Sans issue":null,"Intersecti":null,"Nombre de ":null,"Accès":null,"surface":null,"Service":"Voie d’accès","Sens uniqu":null},"geometry":{"type":"LineString","coordinates":[[-16.4260287,16.0665524],[-16.4263228,16.0669984],[-16.426231,16.0672203]]}},{"type":"Feature","properties":{"full_id":"w203311969","osm_id":"203311969","osm_type":"way","Type de vo":"service","Niveau":null,"Pont":null,"Tyoe de pi":null,"État de s":null,"Vitesse ":null,"Référenc":null,"Nom":null,"Éclairage":null,"Sans issue":null,"Intersecti":null,"Nombre de ":null,"Accès":null,"surface":null,"Service":"Voie d’accès","Sens uniqu":null},"geometry":{"type":"LineString","coordinates":[[-16.4190964,16.0698697],[-16.4190474,16.0699941]]}},{"type":"Feature","properties":{"full_id":"w203311971","osm_id":"203311971","osm_type":"way","Type de vo":"service","Niveau":null,"Pont":null,"Tyoe de pi":null,"État de s":null,"Vitesse ":null,"Référenc":null,"Nom":null,"Éclairage":null,"Sans issue":null,"Intersecti":null,"Nombre de ":null,"Accès":null,"surface":null,"Service":"Voie d’accès","Sens uniqu":null},"geometry":{"type":"LineString","coordinates":[[-16.4193134,16.0655111],[-16.4195363,16.0657481]]}},{"type":"Feature","properties":{"full_id":"w203311973","osm_id":"203311973","osm_type":"way","Type de vo":"service","Niveau":null,"Pont":null,"Tyoe de pi":null,"État de s":null,"Vitesse ":null,"Référenc":null,"Nom":null,"Éclairage":null,"Sans issue":null,"Intersecti":null,"Nombre de ":null,"Accès":null,"surface":null,"Service":"Voie d’accès","Sens uniqu":null},"geometry":{"type":"LineString","coordinates":[[-16.4186024,16.0670041],[-16.4184558,16.0669661]]}},{"type":"Feature","properties":{"full_id":"w203311974","osm_id":"203311974","osm_type":"way","Type de vo":"service","Niveau":null,"Pont":null,"Tyoe de pi":null,"État de s":null,"Vitesse ":null,"Référenc":null,"Nom":null,"Éclairage":null,"Sans issue":null,"Intersecti":null,"Nombre de ":null,"Accès":null,"surface":null,"Service":"Voie d’accès","Sens uniqu":null},"geometry":{"type":"LineString","coordinates":[[-16.41842,16.0682799],[-16.418254,16.0682898]]}},{"type":"Feature","properties":{"full_id":"w203311975","osm_id":"203311975","osm_type":"way","Type de vo":"service","Niveau":null,"Pont":null,"Tyoe de pi":null,"État de s":null,"Vitesse ":null,"Référenc":null,"Nom":null,"Éclairage":null,"Sans issue":null,"Intersecti":null,"Nombre de ":null,"Accès":null,"surface":null,"Service":"Voie d’accès","Sens uniqu":null},"geometry":{"type":"LineString","coordinates":[[-16.4184412,16.0678025],[-16.418292,16.0677945]]}},{"type":"Feature","properties":{"full_id":"w203311976","osm_id":"203311976","osm_type":"way","Type de vo":"service","Niveau":null,"Pont":null,"Tyoe de pi":null,"État de s":null,"Vitesse ":null,"Référenc":null,"Nom":null,"Éclairage":null,"Sans issue":null,"Intersecti":null,"Nombre de ":null,"Accès":null,"surface":null,"Service":"Voie d’accès","Sens uniqu":null},"geometry":{"type":"LineString","coordinates":[[-16.4186004,16.0692165],[-16.4184584,16.0692841]]}},{"type":"Feature","properties":{"full_id":"w203311980","osm_id":"203311980","osm_type":"way","Type de vo":"service","Niveau":null,"Pont":null,"Tyoe de pi":null,"État de s":null,"Vitesse ":null,"Référenc":null,"Nom":null,"Éclairage":null,"Sans issue":null,"Intersecti":null,"Nombre de ":null,"Accès":null,"surface":null,"Service":"Voie d’accès","Sens uniqu":null},"geometry":{"type":"LineString","coordinates":[[-16.4186991,16.0666791],[-16.4185752,16.0666367]]}},{"type":"Feature","properties":{"full_id":"w203311981","osm_id":"203311981","osm_type":"way","Type de vo":"service","Niveau":null,"Pont":null,"Tyoe de pi":null,"État de s":null,"Vitesse ":null,"Référenc":null,"Nom":null,"Éclairage":null,"Sans issue":null,"Intersecti":null,"Nombre de ":null,"Accès":null,"surface":null,"Service":"Voie d’accès","Sens uniqu":null},"geometry":{"type":"LineString","coordinates":[[-16.4185236,16.0672655],[-16.4183809,16.0672858]]}},{"type":"Feature","properties":{"full_id":"w203311982","osm_id":"203311982","osm_type":"way","Type de vo":"service","Niveau":null,"Pont":null,"Tyoe de pi":null,"État de s":null,"Vitesse ":null,"Référenc":null,"Nom":null,"Éclairage":null,"Sans issue":null,"Intersecti":null,"Nombre de ":null,"Accès":null,"surface":null,"Service":"Voie d’accès","Sens uniqu":null},"geometry":{"type":"LineString","coordinates":[[-16.4184729,16.068774],[-16.4182946,16.0688144]]}},{"type":"Feature","properties":{"full_id":"w203311983","osm_id":"203311983","osm_type":"way","Type de vo":"service","Niveau":null,"Pont":null,"Tyoe de pi":null,"État de s":null,"Vitesse ":null,"Référenc":null,"Nom":null,"Éclairage":null,"Sans issue":null,"Intersecti":null,"Nombre de ":null,"Accès":null,"surface":null,"Service":"Voie d’accès","Sens uniqu":null},"geometry":{"type":"LineString","coordinates":[[-16.4188224,16.0696247],[-16.4186843,16.0697013]]}},{"type":"Feature","properties":{"full_id":"w203311986","osm_id":"203311986","osm_type":"way","Type de vo":"service","Niveau":null,"Pont":null,"Tyoe de pi":null,"État de s":null,"Vitesse ":null,"Référenc":null,"Nom":null,"Éclairage":null,"Sans issue":null,"Intersecti":null,"Nombre de ":null,"Accès":null,"surface":null,"Service":null,"Sens uniqu":null},"geometry":{"type":"LineString","coordinates":[[-16.4185177,16.0673058],[-16.4184325,16.0686282],[-16.4188059,16.0696081],[-16.4192332,16.0699187],[-16.4196318,16.0698842],[-16.4199442,16.0694218],[-16.4197324,16.0683935],[-16.4193421,16.0677954]]}},{"type":"Feature","properties":{"full_id":"w203346236","osm_id":"203346236","osm_type":"way","Type de vo":"service","Niveau":null,"Pont":null,"Tyoe de pi":null,"État de s":null,"Vitesse ":null,"Référenc":null,"Nom":null,"Éclairage":null,"Sans issue":null,"Intersecti":null,"Nombre de ":"1","Accès":"Accès toléré","surface":"asphalte","Service":null,"Sens uniqu":"oui"},"geometry":{"type":"LineString","coordinates":[[-16.4216249,16.0602945],[-16.422117,16.061118]]}},{"type":"Feature","properties":{"full_id":"w217887432","osm_id":"217887432","osm_type":"way","Type de vo":"service","Niveau":null,"Pont":null,"Tyoe de pi":null,"État de s":"bad","Vitesse ":null,"Référenc":null,"Nom":null,"Éclairage":null,"Sans issue":null,"Intersecti":null,"Nombre de ":null,"Accès":null,"surface":"ground","Service":null,"Sens uniqu":null},"geometry":{"type":"LineString","coordinates":[[-16.3806818,16.0783856],[-16.3811109,16.0767077],[-16.3820336,16.0760449]]}},{"type":"Feature","properties":{"full_id":"w217887439","osm_id":"217887439","osm_type":"way","Type de vo":"service","Niveau":null,"Pont":null,"Tyoe de pi":null,"État de s":"bad","Vitesse ":null,"Référenc":null,"Nom":null,"Éclairage":null,"Sans issue":null,"Intersecti":null,"Nombre de ":null,"Accès":"agricultural","surface":"ground","Service":null,"Sens uniqu":null},"geometry":{"type":"LineString","coordinates":[[-16.3817651,16.076197],[-16.3817682,16.0767075]]}},{"type":"Feature","properties":{"full_id":"w218995465","osm_id":"218995465","osm_type":"way","Type de vo":"service","Niveau":null,"Pont":null,"Tyoe de pi":null,"État de s":null,"Vitesse ":null,"Référenc":null,"Nom":null,"Éclairage":null,"Sans issue":null,"Intersecti":null,"Nombre de ":null,"Accès":null,"surface":null,"Service":null,"Sens uniqu":null},"geometry":{"type":"LineString","coordinates":[[-16.432516,16.0492405],[-16.432209,16.0489651]]}},{"type":"Feature","properties":{"full_id":"w265624087","osm_id":"265624087","osm_type":"way","Type de vo":"service","Niveau":null,"Pont":null,"Tyoe de pi":null,"État de s":null,"Vitesse ":null,"Référenc":null,"Nom":null,"Éclairage":null,"Sans issue":null,"Intersecti":null,"Nombre de ":null,"Accès":null,"surface":null,"Service":null,"Sens uniqu":null},"geometry":{"type":"LineString","coordinates":[[-16.4686347,15.9717059],[-16.4690577,15.970788]]}},{"type":"Feature","properties":{"full_id":"w357623306","osm_id":"357623306","osm_type":"way","Type de vo":"service","Niveau":null,"Pont":null,"Tyoe de pi":null,"État de s":null,"Vitesse ":null,"Référenc":null,"Nom":null,"Éclairage":null,"Sans issue":null,"Intersecti":null,"Nombre de ":null,"Accès":"Accès toléré","surface":"asphalte","Service":"Voie d’accès","Sens uniqu":null},"geometry":{"type":"LineString","coordinates":[[-16.5110839,15.9887307],[-16.511019,15.9887488]]}},{"type":"Feature","properties":{"full_id":"w357623309","osm_id":"357623309","osm_type":"way","Type de vo":"service","Niveau":null,"Pont":null,"Tyoe de pi":null,"État de s":null,"Vitesse ":null,"Référenc":null,"Nom":null,"Éclairage":null,"Sans issue":null,"Intersecti":null,"Nombre de ":null,"Accès":"Accès toléré","surface":"asphalte","Service":"Voie d’accès","Sens uniqu":null},"geometry":{"type":"LineString","coordinates":[[-16.5117759,15.9873048],[-16.5117786,15.9876245],[-16.5112099,15.9882382],[-16.5110839,15.9887307]]}},{"type":"Feature","properties":{"full_id":"w357624714","osm_id":"357624714","osm_type":"way","Type de vo":"service","Niveau":null,"Pont":null,"Tyoe de pi":null,"État de s":null,"Vitesse ":null,"Référenc":null,"Nom":null,"Éclairage":null,"Sans issue":null,"Intersecti":null,"Nombre de ":null,"Accès":"Accès toléré","surface":"asphalte","Service":"Voie d’accès","Sens uniqu":null},"geometry":{"type":"LineString","coordinates":[[-16.5121246,15.9853516],[-16.5118718,15.9865972],[-16.511963,15.986855]]}},{"type":"Feature","properties":{"full_id":"w357624723","osm_id":"357624723","osm_type":"way","Type de vo":"service","Niveau":null,"Pont":null,"Tyoe de pi":null,"État de s":null,"Vitesse ":null,"Référenc":null,"Nom":null,"Éclairage":null,"Sans issue":null,"Intersecti":null,"Nombre de ":null,"Accès":"Accès toléré","surface":"asphalte","Service":"Voie d’accès","Sens uniqu":null},"geometry":{"type":"LineString","coordinates":[[-16.5107801,15.9874122],[-16.5117491,15.9873254],[-16.5119918,15.9866872]]}},{"type":"Feature","properties":{"full_id":"w357624883","osm_id":"357624883","osm_type":"way","Type de vo":"service","Niveau":null,"Pont":null,"Tyoe de pi":null,"État de s":null,"Vitesse ":null,"Référenc":null,"Nom":null,"Éclairage":null,"Sans issue":null,"Intersecti":null,"Nombre de ":null,"Accès":"Accès toléré","surface":"asphalte","Service":"Allée de parking","Sens uniqu":null},"geometry":{"type":"LineString","coordinates":[[-16.5110839,15.9887307],[-16.5111563,15.9891355]]}},{"type":"Feature","properties":{"full_id":"w357632300","osm_id":"357632300","osm_type":"way","Type de vo":"service","Niveau":null,"Pont":null,"Tyoe de pi":null,"État de s":null,"Vitesse ":null,"Référenc":null,"Nom":null,"Éclairage":null,"Sans issue":null,"Intersecti":null,"Nombre de ":null,"Accès":null,"surface":"non pavée","Service":null,"Sens uniqu":null},"geometry":{"type":"LineString","coordinates":[[-16.5125477,15.978774],[-16.5125101,15.9780881],[-16.512295,15.9780687]]}},{"type":"Feature","properties":{"full_id":"w358890237","osm_id":"358890237","osm_type":"way","Type de vo":"service","Niveau":null,"Pont":null,"Tyoe de pi":null,"État de s":null,"Vitesse ":null,"Référenc":null,"Nom":null,"Éclairage":null,"Sans issue":null,"Intersecti":null,"Nombre de ":null,"Accès":null,"surface":"non pavée","Service":null,"Sens uniqu":null},"geometry":{"type":"LineString","coordinates":[[-16.3938363,16.0643569],[-16.3958183,16.06097],[-16.3965315,16.0590263],[-16.3955715,16.0565108]]}},{"type":"Feature","properties":{"full_id":"w358890240","osm_id":"358890240","osm_type":"way","Type de vo":"service","Niveau":null,"Pont":null,"Tyoe de pi":null,"État de s":null,"Vitesse ":null,"Référenc":null,"Nom":null,"Éclairage":null,"Sans issue":null,"Intersecti":null,"Nombre de ":null,"Accès":null,"surface":"non pavée","Service":null,"Sens uniqu":null},"geometry":{"type":"LineString","coordinates":[[-16.3915747,16.0632843],[-16.3938598,16.0643668]]}},{"type":"Feature","properties":{"full_id":"w397426191","osm_id":"397426191","osm_type":"way","Type de vo":"service","Niveau":null,"Pont":null,"Tyoe de pi":null,"État de s":null,"Vitesse ":null,"Référenc":null,"Nom":null,"Éclairage":null,"Sans issue":null,"Intersecti":null,"Nombre de ":null,"Accès":"Accès toléré","surface":"non pavée","Service":"Voie d’accès","Sens uniqu":null},"geometry":{"type":"LineString","coordinates":[[-16.4323851,16.0414476],[-16.4325658,16.0418807]]}},{"type":"Feature","properties":{"full_id":"w397426195","osm_id":"397426195","osm_type":"way","Type de vo":"service","Niveau":null,"Pont":null,"Tyoe de pi":null,"État de s":null,"Vitesse ":null,"Référenc":null,"Nom":null,"Éclairage":null,"Sans issue":null,"Intersecti":null,"Nombre de ":null,"Accès":"Accès toléré","surface":"concrete","Service":"Voie d’accès","Sens uniqu":null},"geometry":{"type":"LineString","coordinates":[[-16.4325658,16.0418807],[-16.4327554,16.0423165]]}},{"type":"Feature","properties":{"full_id":"w397427669","osm_id":"397427669","osm_type":"way","Type de vo":"service","Niveau":null,"Pont":null,"Tyoe de pi":null,"État de s":null,"Vitesse ":null,"Référenc":null,"Nom":null,"Éclairage":null,"Sans issue":null,"Intersecti":null,"Nombre de ":null,"Accès":"Accès toléré","surface":"concrete","Service":"Voie d’accès","Sens uniqu":null},"geometry":{"type":"LineString","coordinates":[[-16.4332785,16.0417594],[-16.4334343,16.0416949]]}},{"type":"Feature","properties":{"full_id":"w397427670","osm_id":"397427670","osm_type":"way","Type de vo":"service","Niveau":null,"Pont":null,"Tyoe de pi":null,"État de s":null,"Vitesse ":null,"Référenc":null,"Nom":null,"Éclairage":null,"Sans issue":null,"Intersecti":null,"Nombre de ":null,"Accès":"Accès toléré","surface":"concrete","Service":"Voie d’accès","Sens uniqu":null},"geometry":{"type":"LineString","coordinates":[[-16.4334607,16.0417517],[-16.4333092,16.0418247]]}},{"type":"Feature","properties":{"full_id":"w397427671","osm_id":"397427671","osm_type":"way","Type de vo":"service","Niveau":null,"Pont":null,"Tyoe de pi":null,"État de s":null,"Vitesse ":null,"Référenc":null,"Nom":null,"Éclairage":null,"Sans issue":null,"Intersecti":null,"Nombre de ":null,"Accès":"Accès toléré","surface":"concrete","Service":"Voie d’accès","Sens uniqu":null},"geometry":{"type":"LineString","coordinates":[[-16.4332703,16.0413419],[-16.4335278,16.0418961]]}},{"type":"Feature","properties":{"full_id":"w397431523","osm_id":"397431523","osm_type":"way","Type de vo":"service","Niveau":null,"Pont":null,"Tyoe de pi":null,"État de s":null,"Vitesse ":null,"Référenc":null,"Nom":null,"Éclairage":null,"Sans issue":null,"Intersecti":null,"Nombre de ":null,"Accès":"Accès toléré","surface":"non pavée","Service":null,"Sens uniqu":"no"},"geometry":{"type":"LineString","coordinates":[[-16.4225919,16.0623358],[-16.4233345,16.0615798],[-16.4232839,16.0613596],[-16.4226555,16.0608067]]}},{"type":"Feature","properties":{"full_id":"w397436328","osm_id":"397436328","osm_type":"way","Type de vo":"service","Niveau":null,"Pont":null,"Tyoe de pi":null,"État de s":null,"Vitesse ":null,"Référenc":null,"Nom":null,"Éclairage":null,"Sans issue":null,"Intersecti":null,"Nombre de ":null,"Accès":null,"surface":"non pavée","Service":null,"Sens uniqu":null},"geometry":{"type":"LineString","coordinates":[[-16.4285822,16.0597502],[-16.4282612,16.0598136]]}},{"type":"Feature","properties":{"full_id":"w397440521","osm_id":"397440521","osm_type":"way","Type de vo":"service","Niveau":null,"Pont":null,"Tyoe de pi":null,"État de s":null,"Vitesse ":null,"Référenc":null,"Nom":null,"Éclairage":null,"Sans issue":null,"Intersecti":null,"Nombre de ":null,"Accès":"Accès toléré","surface":"pavée","Service":null,"Sens uniqu":null},"geometry":{"type":"LineString","coordinates":[[-16.4237356,16.0657582],[-16.4234522,16.06599],[-16.4229238,16.0660045],[-16.421921,16.0653039]]}},{"type":"Feature","properties":{"full_id":"w397440529","osm_id":"397440529","osm_type":"way","Type de vo":"service","Niveau":null,"Pont":null,"Tyoe de pi":null,"État de s":null,"Vitesse ":null,"Référenc":null,"Nom":null,"Éclairage":null,"Sans issue":null,"Intersecti":null,"Nombre de ":null,"Accès":"Accès toléré","surface":"pavée","Service":null,"Sens uniqu":"non"},"geometry":{"type":"LineString","coordinates":[[-16.421921,16.0653039],[-16.4212552,16.0657636],[-16.4207719,16.0663348]]}},{"type":"Feature","properties":{"full_id":"w397458115","osm_id":"397458115","osm_type":"way","Type de vo":"service","Niveau":null,"Pont":null,"Tyoe de pi":null,"État de s":null,"Vitesse ":null,"Référenc":null,"Nom":null,"Éclairage":null,"Sans issue":null,"Intersecti":null,"Nombre de ":null,"Accès":null,"surface":"non pavée","Service":null,"Sens uniqu":"non"},"geometry":{"type":"LineString","coordinates":[[-16.4415745,16.0719758],[-16.441502,16.0721902],[-16.4414027,16.0721078]]}},{"type":"Feature","properties":{"full_id":"w397458120","osm_id":"397458120","osm_type":"way","Type de vo":"service","Niveau":null,"Pont":null,"Tyoe de pi":null,"État de s":null,"Vitesse ":null,"Référenc":null,"Nom":null,"Éclairage":null,"Sans issue":null,"Intersecti":null,"Nombre de ":null,"Accès":null,"surface":"non pavée","Service":null,"Sens uniqu":"non"},"geometry":{"type":"LineString","coordinates":[[-16.4431957,16.071801],[-16.4432533,16.071954]]}},{"type":"Feature","properties":{"full_id":"w397458125","osm_id":"397458125","osm_type":"way","Type de vo":"service","Niveau":null,"Pont":null,"Tyoe de pi":null,"État de s":null,"Vitesse ":null,"Référenc":null,"Nom":null,"Éclairage":null,"Sans issue":null,"Intersecti":null,"Nombre de ":null,"Accès":null,"surface":"non pavée","Service":null,"Sens uniqu":"non"},"geometry":{"type":"LineString","coordinates":[[-16.4414027,16.0721078],[-16.4421001,16.071582],[-16.4424649,16.071832],[-16.4434313,16.0717991]]}},{"type":"Feature","properties":{"full_id":"w397461850","osm_id":"397461850","osm_type":"way","Type de vo":"service","Niveau":null,"Pont":null,"Tyoe de pi":null,"État de s":null,"Vitesse ":null,"Référenc":null,"Nom":null,"Éclairage":null,"Sans issue":null,"Intersecti":null,"Nombre de ":null,"Accès":null,"surface":"non pavée","Service":"Voie d’accès","Sens uniqu":null},"geometry":{"type":"LineString","coordinates":[[-16.4611654,15.9683362],[-16.4612158,15.9677864],[-16.460938,15.9673557]]}},{"type":"Feature","properties":{"full_id":"w397461852","osm_id":"397461852","osm_type":"way","Type de vo":"service","Niveau":null,"Pont":null,"Tyoe de pi":null,"État de s":null,"Vitesse ":null,"Référenc":null,"Nom":null,"Éclairage":null,"Sans issue":null,"Intersecti":null,"Nombre de ":null,"Accès":null,"surface":"non pavée","Service":"Voie d’accès","Sens uniqu":null},"geometry":{"type":"LineString","coordinates":[[-16.4612158,15.9677864],[-16.4615616,15.9676213]]}},{"type":"Feature","properties":{"full_id":"w397462829","osm_id":"397462829","osm_type":"way","Type de vo":"service","Niveau":null,"Pont":null,"Tyoe de pi":null,"État de s":null,"Vitesse ":null,"Référenc":null,"Nom":null,"Éclairage":null,"Sans issue":null,"Intersecti":null,"Nombre de ":null,"Accès":"oui","surface":"non pavée","Service":null,"Sens uniqu":"non"},"geometry":{"type":"LineString","coordinates":[[-16.4420961,15.9868006],[-16.4418977,15.9865615]]}},{"type":"Feature","properties":{"full_id":"w397462832","osm_id":"397462832","osm_type":"way","Type de vo":"service","Niveau":null,"Pont":null,"Tyoe de pi":null,"État de s":null,"Vitesse ":null,"Référenc":null,"Nom":null,"Éclairage":null,"Sans issue":null,"Intersecti":null,"Nombre de ":null,"Accès":"oui","surface":"non pavée","Service":null,"Sens uniqu":"non"},"geometry":{"type":"LineString","coordinates":[[-16.4424147,15.9867922],[-16.4420961,15.9868006]]}},{"type":"Feature","properties":{"full_id":"w397773740","osm_id":"397773740","osm_type":"way","Type de vo":"service","Niveau":null,"Pont":null,"Tyoe de pi":null,"État de s":null,"Vitesse ":null,"Référenc":null,"Nom":null,"Éclairage":null,"Sans issue":null,"Intersecti":null,"Nombre de ":null,"Accès":null,"surface":null,"Service":null,"Sens uniqu":null},"geometry":{"type":"LineString","coordinates":[[-16.4067545,15.9177611],[-16.4062835,15.9179322]]}},{"type":"Feature","properties":{"full_id":"w397912466","osm_id":"397912466","osm_type":"way","Type de vo":"service","Niveau":null,"Pont":null,"Tyoe de pi":null,"État de s":null,"Vitesse ":null,"Référenc":null,"Nom":null,"Éclairage":null,"Sans issue":null,"Intersecti":null,"Nombre de ":null,"Accès":"oui","surface":"non pavée","Service":null,"Sens uniqu":"non"},"geometry":{"type":"LineString","coordinates":[[-16.3656888,15.9210261],[-16.3657987,15.9204638]]}},{"type":"Feature","properties":{"full_id":"w397912478","osm_id":"397912478","osm_type":"way","Type de vo":"service","Niveau":null,"Pont":null,"Tyoe de pi":null,"État de s":null,"Vitesse ":null,"Référenc":null,"Nom":null,"Éclairage":null,"Sans issue":null,"Intersecti":null,"Nombre de ":null,"Accès":"oui","surface":"non pavée","Service":null,"Sens uniqu":"non"},"geometry":{"type":"LineString","coordinates":[[-16.3652113,15.9207811],[-16.3657022,15.9209575]]}},{"type":"Feature","properties":{"full_id":"w397912617","osm_id":"397912617","osm_type":"way","Type de vo":"service","Niveau":null,"Pont":null,"Tyoe de pi":null,"État de s":null,"Vitesse ":null,"Référenc":null,"Nom":null,"Éclairage":null,"Sans issue":null,"Intersecti":null,"Nombre de ":null,"Accès":"oui","surface":"non pavée","Service":null,"Sens uniqu":"non"},"geometry":{"type":"LineString","coordinates":[[-16.3644625,15.9217024],[-16.3651566,15.9216208]]}},{"type":"Feature","properties":{"full_id":"w397943515","osm_id":"397943515","osm_type":"way","Type de vo":"service","Niveau":null,"Pont":null,"Tyoe de pi":null,"État de s":null,"Vitesse ":null,"Référenc":null,"Nom":null,"Éclairage":null,"Sans issue":null,"Intersecti":null,"Nombre de ":null,"Accès":"oui","surface":"non pavée","Service":null,"Sens uniqu":"non"},"geometry":{"type":"LineString","coordinates":[[-16.3607642,15.8393379],[-16.3608471,15.8387114]]}},{"type":"Feature","properties":{"full_id":"w397943860","osm_id":"397943860","osm_type":"way","Type de vo":"service","Niveau":null,"Pont":null,"Tyoe de pi":null,"État de s":null,"Vitesse ":null,"Référenc":null,"Nom":null,"Éclairage":null,"Sans issue":null,"Intersecti":null,"Nombre de ":null,"Accès":"oui","surface":"non pavée","Service":null,"Sens uniqu":"non"},"geometry":{"type":"LineString","coordinates":[[-16.3604906,15.8394721],[-16.3605067,15.8387032]]}},{"type":"Feature","properties":{"full_id":"w397943861","osm_id":"397943861","osm_type":"way","Type de vo":"service","Niveau":null,"Pont":null,"Tyoe de pi":null,"État de s":null,"Vitesse ":null,"Référenc":null,"Nom":null,"Éclairage":null,"Sans issue":null,"Intersecti":null,"Nombre de ":null,"Accès":"oui","surface":"non pavée","Service":null,"Sens uniqu":"non"},"geometry":{"type":"LineString","coordinates":[[-16.3605252,15.8392197],[-16.3603107,15.8391836]]}},{"type":"Feature","properties":{"full_id":"w397943862","osm_id":"397943862","osm_type":"way","Type de vo":"service","Niveau":null,"Pont":null,"Tyoe de pi":null,"État de s":null,"Vitesse ":null,"Référenc":null,"Nom":null,"Éclairage":null,"Sans issue":null,"Intersecti":null,"Nombre de ":null,"Accès":"oui","surface":"non pavée","Service":null,"Sens uniqu":"non"},"geometry":{"type":"LineString","coordinates":[[-16.3603107,15.8391836],[-16.3600718,15.8387185]]}},{"type":"Feature","properties":{"full_id":"w398475626","osm_id":"398475626","osm_type":"way","Type de vo":"service","Niveau":null,"Pont":null,"Tyoe de pi":null,"État de s":null,"Vitesse ":null,"Référenc":null,"Nom":null,"Éclairage":null,"Sans issue":null,"Intersecti":null,"Nombre de ":null,"Accès":null,"surface":"non pavée","Service":null,"Sens uniqu":null},"geometry":{"type":"LineString","coordinates":[[-16.4817861,15.9727372],[-16.4822779,15.9731498],[-16.4822424,15.9737143]]}},{"type":"Feature","properties":{"full_id":"w398561892","osm_id":"398561892","osm_type":"way","Type de vo":"service","Niveau":null,"Pont":null,"Tyoe de pi":null,"État de s":null,"Vitesse ":null,"Référenc":null,"Nom":null,"Éclairage":null,"Sans issue":null,"Intersecti":null,"Nombre de ":null,"Accès":"oui","surface":"non pavée","Service":null,"Sens uniqu":"non"},"geometry":{"type":"LineString","coordinates":[[-16.4409925,15.9877605],[-16.4413197,15.9875699]]}},{"type":"Feature","properties":{"full_id":"w398561893","osm_id":"398561893","osm_type":"way","Type de vo":"service","Niveau":null,"Pont":null,"Tyoe de pi":null,"État de s":null,"Vitesse ":null,"Référenc":null,"Nom":null,"Éclairage":null,"Sans issue":null,"Intersecti":null,"Nombre de ":null,"Accès":"oui","surface":"non pavée","Service":null,"Sens uniqu":"non"},"geometry":{"type":"LineString","coordinates":[[-16.4410952,15.9873512],[-16.4409311,15.9876059]]}},{"type":"Feature","properties":{"full_id":"w398561895","osm_id":"398561895","osm_type":"way","Type de vo":"service","Niveau":null,"Pont":null,"Tyoe de pi":null,"État de s":null,"Vitesse ":null,"Référenc":null,"Nom":null,"Éclairage":null,"Sans issue":null,"Intersecti":null,"Nombre de ":null,"Accès":"oui","surface":"non pavée","Service":null,"Sens uniqu":"non"},"geometry":{"type":"LineString","coordinates":[[-16.4409311,15.9876059],[-16.4410381,15.9879644]]}},{"type":"Feature","properties":{"full_id":"w398562715","osm_id":"398562715","osm_type":"way","Type de vo":"service","Niveau":null,"Pont":null,"Tyoe de pi":null,"État de s":null,"Vitesse ":null,"Référenc":null,"Nom":null,"Éclairage":null,"Sans issue":null,"Intersecti":null,"Nombre de ":null,"Accès":"oui","surface":"non pavée","Service":null,"Sens uniqu":"non"},"geometry":{"type":"LineString","coordinates":[[-16.4424293,15.987288],[-16.4430417,15.9875116]]}},{"type":"Feature","properties":{"full_id":"w398562716","osm_id":"398562716","osm_type":"way","Type de vo":"service","Niveau":null,"Pont":null,"Tyoe de pi":null,"État de s":null,"Vitesse ":null,"Référenc":null,"Nom":null,"Éclairage":null,"Sans issue":null,"Intersecti":null,"Nombre de ":null,"Accès":"oui","surface":"non pavée","Service":null,"Sens uniqu":"non"},"geometry":{"type":"LineString","coordinates":[[-16.442446,15.9860069],[-16.4418696,15.9863027]]}},{"type":"Feature","properties":{"full_id":"w398562718","osm_id":"398562718","osm_type":"way","Type de vo":"service","Niveau":null,"Pont":null,"Tyoe de pi":null,"État de s":null,"Vitesse ":null,"Référenc":null,"Nom":null,"Éclairage":null,"Sans issue":null,"Intersecti":null,"Nombre de ":null,"Accès":"oui","surface":"non pavée","Service":null,"Sens uniqu":"non"},"geometry":{"type":"LineString","coordinates":[[-16.4430023,15.9868251],[-16.4431601,15.986467],[-16.4430398,15.986336]]}},{"type":"Feature","properties":{"full_id":"w398562720","osm_id":"398562720","osm_type":"way","Type de vo":"service","Niveau":null,"Pont":null,"Tyoe de pi":null,"État de s":null,"Vitesse ":null,"Référenc":null,"Nom":null,"Éclairage":null,"Sans issue":null,"Intersecti":null,"Nombre de ":null,"Accès":"oui","surface":"non pavée","Service":null,"Sens uniqu":"non"},"geometry":{"type":"LineString","coordinates":[[-16.442457,15.9863894],[-16.4420515,15.9862241]]}},{"type":"Feature","properties":{"full_id":"w398562721","osm_id":"398562721","osm_type":"way","Type de vo":"service","Niveau":null,"Pont":null,"Tyoe de pi":null,"État de s":null,"Vitesse ":null,"Référenc":null,"Nom":null,"Éclairage":null,"Sans issue":null,"Intersecti":null,"Nombre de ":null,"Accès":"oui","surface":"non pavée","Service":null,"Sens uniqu":"non"},"geometry":{"type":"LineString","coordinates":[[-16.4430398,15.986336],[-16.4424491,15.9864381]]}},{"type":"Feature","properties":{"full_id":"w398598922","osm_id":"398598922","osm_type":"way","Type de vo":"service","Niveau":null,"Pont":null,"Tyoe de pi":null,"État de s":null,"Vitesse ":null,"Référenc":null,"Nom":null,"Éclairage":null,"Sans issue":null,"Intersecti":null,"Nombre de ":null,"Accès":"oui","surface":"non pavée","Service":null,"Sens uniqu":"non"},"geometry":{"type":"LineString","coordinates":[[-16.445487073080358,16.019876578232616],[-16.4451723,16.0197695]]}},{"type":"Feature","properties":{"full_id":"w398598926","osm_id":"398598926","osm_type":"way","Type de vo":"service","Niveau":null,"Pont":null,"Tyoe de pi":null,"État de s":null,"Vitesse ":null,"Référenc":null,"Nom":null,"Éclairage":null,"Sans issue":null,"Intersecti":null,"Nombre de ":null,"Accès":"oui","surface":"non pavée","Service":null,"Sens uniqu":"non"},"geometry":{"type":"LineString","coordinates":[[-16.445525,16.0195632],[-16.4454633,16.0194291]]}},{"type":"Feature","properties":{"full_id":"w398598927","osm_id":"398598927","osm_type":"way","Type de vo":"service","Niveau":null,"Pont":null,"Tyoe de pi":null,"État de s":null,"Vitesse ":null,"Référenc":null,"Nom":null,"Éclairage":null,"Sans issue":null,"Intersecti":null,"Nombre de ":null,"Accès":"oui","surface":"non pavée","Service":null,"Sens uniqu":"non"},"geometry":{"type":"LineString","coordinates":[[-16.4451723,16.0197695],[-16.4450547,16.0193869]]}},{"type":"Feature","properties":{"full_id":"w398598931","osm_id":"398598931","osm_type":"way","Type de vo":"service","Niveau":null,"Pont":null,"Tyoe de pi":null,"État de s":null,"Vitesse ":null,"Référenc":null,"Nom":null,"Éclairage":null,"Sans issue":null,"Intersecti":null,"Nombre de ":null,"Accès":"oui","surface":"non pavée","Service":null,"Sens uniqu":"non"},"geometry":{"type":"LineString","coordinates":[[-16.4453302,16.0193312],[-16.4454821,16.0195142],[-16.4454302,16.0198096]]}},{"type":"Feature","properties":{"full_id":"w447690476","osm_id":"447690476","osm_type":"way","Type de vo":"service","Niveau":null,"Pont":null,"Tyoe de pi":null,"État de s":null,"Vitesse ":null,"Référenc":null,"Nom":null,"Éclairage":null,"Sans issue":null,"Intersecti":null,"Nombre de ":null,"Accès":"Accès toléré","surface":"non pavée","Service":null,"Sens uniqu":null},"geometry":{"type":"LineString","coordinates":[[-16.4101655,16.0611751],[-16.4106168,16.0588534]]}},{"type":"Feature","properties":{"full_id":"w447691080","osm_id":"447691080","osm_type":"way","Type de vo":"service","Niveau":null,"Pont":null,"Tyoe de pi":null,"État de s":null,"Vitesse ":null,"Référenc":null,"Nom":null,"Éclairage":null,"Sans issue":null,"Intersecti":null,"Nombre de ":null,"Accès":"Accès toléré","surface":"non pavée","Service":null,"Sens uniqu":null},"geometry":{"type":"LineString","coordinates":[[-16.4101488,16.0598475],[-16.4103049,16.059098]]}},{"type":"Feature","properties":{"full_id":"w447691081","osm_id":"447691081","osm_type":"way","Type de vo":"service","Niveau":null,"Pont":null,"Tyoe de pi":null,"État de s":null,"Vitesse ":null,"Référenc":null,"Nom":null,"Éclairage":null,"Sans issue":null,"Intersecti":null,"Nombre de ":null,"Accès":"Accès toléré","surface":"non pavée","Service":null,"Sens uniqu":null},"geometry":{"type":"LineString","coordinates":[[-16.4095268,16.0597377],[-16.4104176,16.0598949]]}},{"type":"Feature","properties":{"full_id":"w447691082","osm_id":"447691082","osm_type":"way","Type de vo":"service","Niveau":null,"Pont":null,"Tyoe de pi":null,"État de s":null,"Vitesse ":null,"Référenc":null,"Nom":null,"Éclairage":null,"Sans issue":null,"Intersecti":null,"Nombre de ":null,"Accès":"Accès toléré","surface":"non pavée","Service":null,"Sens uniqu":null},"geometry":{"type":"LineString","coordinates":[[-16.4096647,16.0589565],[-16.4105524,16.0591527]]}},{"type":"Feature","properties":{"full_id":"w571484488","osm_id":"571484488","osm_type":"way","Type de vo":"service","Niveau":null,"Pont":null,"Tyoe de pi":null,"État de s":null,"Vitesse ":null,"Référenc":null,"Nom":null,"Éclairage":null,"Sans issue":null,"Intersecti":null,"Nombre de ":null,"Accès":null,"surface":null,"Service":null,"Sens uniqu":null},"geometry":{"type":"LineString","coordinates":[[-16.4242807,16.0601045],[-16.4250253,16.0606703]]}},{"type":"Feature","properties":{"full_id":"w615190573","osm_id":"615190573","osm_type":"way","Type de vo":"service","Niveau":null,"Pont":null,"Tyoe de pi":null,"État de s":null,"Vitesse ":null,"Référenc":null,"Nom":null,"Éclairage":null,"Sans issue":null,"Intersecti":null,"Nombre de ":null,"Accès":"Accès toléré","surface":"non pavée","Service":null,"Sens uniqu":null},"geometry":{"type":"LineString","coordinates":[[-16.4101373,16.061034],[-16.4101276,16.0608486]]}},{"type":"Feature","properties":{"full_id":"w648523075","osm_id":"648523075","osm_type":"way","Type de vo":"service","Niveau":null,"Pont":null,"Tyoe de pi":null,"État de s":null,"Vitesse ":null,"Référenc":null,"Nom":null,"Éclairage":null,"Sans issue":null,"Intersecti":null,"Nombre de ":null,"Accès":null,"surface":null,"Service":"Ruelle","Sens uniqu":null},"geometry":{"type":"LineString","coordinates":[[-16.4485578,16.0672847],[-16.4480772,16.0674192],[-16.4480618,16.0671967]]}},{"type":"Feature","properties":{"full_id":"w692104893","osm_id":"692104893","osm_type":"way","Type de vo":"service","Niveau":null,"Pont":null,"Tyoe de pi":null,"État de s":null,"Vitesse ":null,"Référenc":null,"Nom":null,"Éclairage":null,"Sans issue":null,"Intersecti":null,"Nombre de ":null,"Accès":null,"surface":null,"Service":null,"Sens uniqu":null},"geometry":{"type":"LineString","coordinates":[[-16.4196434,16.0651209],[-16.4190797,16.0658827],[-16.4185177,16.0673058]]}},{"type":"Feature","properties":{"full_id":"w717766946","osm_id":"717766946","osm_type":"way","Type de vo":"service","Niveau":null,"Pont":null,"Tyoe de pi":null,"État de s":null,"Vitesse ":null,"Référenc":null,"Nom":null,"Éclairage":null,"Sans issue":null,"Intersecti":null,"Nombre de ":null,"Accès":null,"surface":null,"Service":null,"Sens uniqu":null},"geometry":{"type":"LineString","coordinates":[[-16.3802888,16.0504502],[-16.3785885,16.0504772],[-16.378264,16.0503226]]}},{"type":"Feature","properties":{"full_id":"w717766947","osm_id":"717766947","osm_type":"way","Type de vo":"service","Niveau":null,"Pont":null,"Tyoe de pi":null,"État de s":null,"Vitesse ":null,"Référenc":null,"Nom":null,"Éclairage":null,"Sans issue":null,"Intersecti":null,"Nombre de ":null,"Accès":null,"surface":null,"Service":null,"Sens uniqu":null},"geometry":{"type":"LineString","coordinates":[[-16.3793704,16.0505117],[-16.3773347,16.0515345],[-16.3770459,16.0519893]]}},{"type":"Feature","properties":{"full_id":"w717766953","osm_id":"717766953","osm_type":"way","Type de vo":"service","Niveau":null,"Pont":null,"Tyoe de pi":null,"État de s":null,"Vitesse ":null,"Référenc":null,"Nom":null,"Éclairage":null,"Sans issue":null,"Intersecti":null,"Nombre de ":null,"Accès":null,"surface":null,"Service":null,"Sens uniqu":null},"geometry":{"type":"LineString","coordinates":[[-16.3783849,16.0494615],[-16.3776944,16.0499489],[-16.3769443,16.0507662]]}},{"type":"Feature","properties":{"full_id":"w717766954","osm_id":"717766954","osm_type":"way","Type de vo":"service","Niveau":null,"Pont":null,"Tyoe de pi":null,"État de s":null,"Vitesse ":null,"Référenc":null,"Nom":null,"Éclairage":null,"Sans issue":null,"Intersecti":null,"Nombre de ":null,"Accès":null,"surface":null,"Service":null,"Sens uniqu":null},"geometry":{"type":"LineString","coordinates":[[-16.378525,16.049548],[-16.378264,16.0503226]]}},{"type":"Feature","properties":{"full_id":"w717766955","osm_id":"717766955","osm_type":"way","Type de vo":"service","Niveau":null,"Pont":null,"Tyoe de pi":null,"État de s":null,"Vitesse ":null,"Référenc":null,"Nom":null,"Éclairage":null,"Sans issue":null,"Intersecti":null,"Nombre de ":null,"Accès":null,"surface":null,"Service":null,"Sens uniqu":null},"geometry":{"type":"LineString","coordinates":[[-16.378264,16.0503226],[-16.3779008,16.0497954],[-16.3777325,16.0490492]]}},{"type":"Feature","properties":{"full_id":"w777159617","osm_id":"777159617","osm_type":"way","Type de vo":"service","Niveau":null,"Pont":null,"Tyoe de pi":null,"État de s":null,"Vitesse ":null,"Référenc":null,"Nom":null,"Éclairage":null,"Sans issue":null,"Intersecti":null,"Nombre de ":null,"Accès":null,"surface":null,"Service":null,"Sens uniqu":null},"geometry":{"type":"LineString","coordinates":[[-16.4434502,15.9855917],[-16.4434894,15.9860621],[-16.4431601,15.986467]]}},{"type":"Feature","properties":{"full_id":"w783791412","osm_id":"783791412","osm_type":"way","Type de vo":"service","Niveau":null,"Pont":null,"Tyoe de pi":null,"État de s":null,"Vitesse ":null,"Référenc":null,"Nom":null,"Éclairage":null,"Sans issue":null,"Intersecti":null,"Nombre de ":null,"Accès":null,"surface":null,"Service":null,"Sens uniqu":null},"geometry":{"type":"LineString","coordinates":[[-16.430562,16.0512988],[-16.430271,16.0513452],[-16.4302334,16.0516222]]}},{"type":"Feature","properties":{"full_id":"w910148017","osm_id":"910148017","osm_type":"way","Type de vo":"service","Niveau":null,"Pont":null,"Tyoe de pi":null,"État de s":null,"Vitesse ":null,"Référenc":null,"Nom":null,"Éclairage":null,"Sans issue":null,"Intersecti":null,"Nombre de ":null,"Accès":null,"surface":null,"Service":null,"Sens uniqu":null},"geometry":{"type":"LineString","coordinates":[[-16.4509183,15.9335303],[-16.4498806,15.9329498]]}},{"type":"Feature","properties":{"full_id":"w910148027","osm_id":"910148027","osm_type":"way","Type de vo":"service","Niveau":null,"Pont":null,"Tyoe de pi":null,"État de s":null,"Vitesse ":null,"Référenc":null,"Nom":null,"Éclairage":null,"Sans issue":null,"Intersecti":null,"Nombre de ":null,"Accès":null,"surface":null,"Service":null,"Sens uniqu":null},"geometry":{"type":"LineString","coordinates":[[-16.4520982,15.9327793],[-16.4510924,15.9331753]]}},{"type":"Feature","properties":{"full_id":"w910148028","osm_id":"910148028","osm_type":"way","Type de vo":"service","Niveau":null,"Pont":null,"Tyoe de pi":null,"État de s":null,"Vitesse ":null,"Référenc":null,"Nom":null,"Éclairage":null,"Sans issue":null,"Intersecti":null,"Nombre de ":null,"Accès":null,"surface":null,"Service":null,"Sens uniqu":null},"geometry":{"type":"LineString","coordinates":[[-16.4518023,15.933334],[-16.4518286,15.9334925]]}},{"type":"Feature","properties":{"full_id":"w910148036","osm_id":"910148036","osm_type":"way","Type de vo":"service","Niveau":null,"Pont":null,"Tyoe de pi":null,"État de s":null,"Vitesse ":null,"Référenc":null,"Nom":null,"Éclairage":null,"Sans issue":null,"Intersecti":null,"Nombre de ":null,"Accès":null,"surface":null,"Service":null,"Sens uniqu":null},"geometry":{"type":"LineString","coordinates":[[-16.4508216,15.9335294],[-16.4502053,15.9337981]]}},{"type":"Feature","properties":{"full_id":"w910148037","osm_id":"910148037","osm_type":"way","Type de vo":"service","Niveau":null,"Pont":null,"Tyoe de pi":null,"État de s":null,"Vitesse ":null,"Référenc":null,"Nom":null,"Éclairage":null,"Sans issue":null,"Intersecti":null,"Nombre de ":null,"Accès":null,"surface":null,"Service":null,"Sens uniqu":null},"geometry":{"type":"LineString","coordinates":[[-16.451444,15.9348054],[-16.4515194,15.9342082]]}},{"type":"Feature","properties":{"full_id":"w910148038","osm_id":"910148038","osm_type":"way","Type de vo":"service","Niveau":null,"Pont":null,"Tyoe de pi":null,"État de s":null,"Vitesse ":null,"Référenc":null,"Nom":null,"Éclairage":null,"Sans issue":null,"Intersecti":null,"Nombre de ":null,"Accès":null,"surface":null,"Service":null,"Sens uniqu":null},"geometry":{"type":"LineString","coordinates":[[-16.4511361,15.9350414],[-16.4511148,15.9344186]]}},{"type":"Feature","properties":{"full_id":"w910148045","osm_id":"910148045","osm_type":"way","Type de vo":"service","Niveau":null,"Pont":null,"Tyoe de pi":null,"État de s":null,"Vitesse ":null,"Référenc":null,"Nom":null,"Éclairage":null,"Sans issue":null,"Intersecti":null,"Nombre de ":null,"Accès":null,"surface":null,"Service":null,"Sens uniqu":null},"geometry":{"type":"LineString","coordinates":[[-16.4525956,15.9407812],[-16.4529809,15.9408574]]}},{"type":"Feature","properties":{"full_id":"w910148046","osm_id":"910148046","osm_type":"way","Type de vo":"service","Niveau":null,"Pont":null,"Tyoe de pi":null,"État de s":null,"Vitesse ":null,"Référenc":null,"Nom":null,"Éclairage":null,"Sans issue":null,"Intersecti":null,"Nombre de ":null,"Accès":null,"surface":null,"Service":null,"Sens uniqu":null},"geometry":{"type":"LineString","coordinates":[[-16.4520494,15.9396715],[-16.4520667,15.9402134]]}},{"type":"Feature","properties":{"full_id":"w910148047","osm_id":"910148047","osm_type":"way","Type de vo":"service","Niveau":null,"Pont":null,"Tyoe de pi":null,"État de s":null,"Vitesse ":null,"Référenc":null,"Nom":null,"Éclairage":null,"Sans issue":null,"Intersecti":null,"Nombre de ":null,"Accès":null,"surface":null,"Service":null,"Sens uniqu":null},"geometry":{"type":"LineString","coordinates":[[-16.4525926,15.9398922],[-16.4525868,15.9402795]]}},{"type":"Feature","properties":{"full_id":"w910148048","osm_id":"910148048","osm_type":"way","Type de vo":"service","Niveau":null,"Pont":null,"Tyoe de pi":null,"État de s":null,"Vitesse ":null,"Référenc":null,"Nom":null,"Éclairage":null,"Sans issue":null,"Intersecti":null,"Nombre de ":null,"Accès":null,"surface":null,"Service":null,"Sens uniqu":null},"geometry":{"type":"LineString","coordinates":[[-16.4522208,15.939902],[-16.4522294,15.9402239]]}},{"type":"Feature","properties":{"full_id":"w910148049","osm_id":"910148049","osm_type":"way","Type de vo":"service","Niveau":null,"Pont":null,"Tyoe de pi":null,"État de s":null,"Vitesse ":null,"Référenc":null,"Nom":null,"Éclairage":null,"Sans issue":null,"Intersecti":null,"Nombre de ":null,"Accès":null,"surface":null,"Service":null,"Sens uniqu":null},"geometry":{"type":"LineString","coordinates":[[-16.4526341,15.940296],[-16.4525447,15.9405667]]}},{"type":"Feature","properties":{"full_id":"w910148050","osm_id":"910148050","osm_type":"way","Type de vo":"service","Niveau":null,"Pont":null,"Tyoe de pi":null,"État de s":null,"Vitesse ":null,"Référenc":null,"Nom":null,"Éclairage":null,"Sans issue":null,"Intersecti":null,"Nombre de ":null,"Accès":null,"surface":null,"Service":null,"Sens uniqu":null},"geometry":{"type":"LineString","coordinates":[[-16.4517154,15.940779],[-16.4520509,15.9408614],[-16.4521096,15.9407322]]}},{"type":"Feature","properties":{"full_id":"w1008839016","osm_id":"1008839016","osm_type":"way","Type de vo":"service","Niveau":null,"Pont":null,"Tyoe de pi":null,"État de s":null,"Vitesse ":null,"Référenc":null,"Nom":null,"Éclairage":null,"Sans issue":null,"Intersecti":null,"Nombre de ":null,"Accès":null,"surface":null,"Service":null,"Sens uniqu":null},"geometry":{"type":"LineString","coordinates":[[-16.4222201,16.0610584],[-16.4224939,16.0615137]]}},{"type":"Feature","properties":{"full_id":"w1008841611","osm_id":"1008841611","osm_type":"way","Type de vo":"service","Niveau":null,"Pont":null,"Tyoe de pi":null,"État de s":null,"Vitesse ":null,"Référenc":null,"Nom":null,"Éclairage":null,"Sans issue":null,"Intersecti":null,"Nombre de ":null,"Accès":null,"surface":null,"Service":null,"Sens uniqu":null},"geometry":{"type":"LineString","coordinates":[[-16.4193421,16.0677954],[-16.4185177,16.0673058]]}},{"type":"Feature","properties":{"full_id":"w1013612149","osm_id":"1013612149","osm_type":"way","Type de vo":"service","Niveau":null,"Pont":null,"Tyoe de pi":null,"État de s":null,"Vitesse ":null,"Référenc":null,"Nom":null,"Éclairage":null,"Sans issue":null,"Intersecti":null,"Nombre de ":null,"Accès":null,"surface":"Terre","Service":"Ruelle","Sens uniqu":null},"geometry":{"type":"LineString","coordinates":[[-16.5102598,15.9903117],[-16.5105464,15.9892565],[-16.5109021,15.9893034]]}},{"type":"Feature","properties":{"full_id":"w1013612151","osm_id":"1013612151","osm_type":"way","Type de vo":"service","Niveau":null,"Pont":null,"Tyoe de pi":null,"État de s":null,"Vitesse ":null,"Référenc":null,"Nom":null,"Éclairage":null,"Sans issue":null,"Intersecti":null,"Nombre de ":null,"Accès":null,"surface":"Terre","Service":"Ruelle","Sens uniqu":null},"geometry":{"type":"LineString","coordinates":[[-16.5107596,15.9892939],[-16.510711,15.9896688],[-16.5104346,15.9896473]]}},{"type":"Feature","properties":{"full_id":"w1013612152","osm_id":"1013612152","osm_type":"way","Type de vo":"service","Niveau":null,"Pont":null,"Tyoe de pi":null,"État de s":null,"Vitesse ":null,"Référenc":null,"Nom":null,"Éclairage":null,"Sans issue":null,"Intersecti":null,"Nombre de ":null,"Accès":null,"surface":"Terre","Service":"Ruelle","Sens uniqu":null},"geometry":{"type":"LineString","coordinates":[[-16.510711,15.9896688],[-16.5108801,15.9897]]}},{"type":"Feature","properties":{"full_id":"w1013612153","osm_id":"1013612153","osm_type":"way","Type de vo":"service","Niveau":null,"Pont":null,"Tyoe de pi":null,"État de s":null,"Vitesse ":null,"Référenc":null,"Nom":null,"Éclairage":null,"Sans issue":null,"Intersecti":null,"Nombre de ":null,"Accès":null,"surface":"Terre","Service":null,"Sens uniqu":null},"geometry":{"type":"LineString","coordinates":[[-16.5121727,15.976617],[-16.5125777,15.9764721],[-16.5127653,15.9758665]]}},{"type":"Feature","properties":{"full_id":"w1013612154","osm_id":"1013612154","osm_type":"way","Type de vo":"service","Niveau":null,"Pont":null,"Tyoe de pi":null,"État de s":null,"Vitesse ":null,"Référenc":null,"Nom":null,"Éclairage":null,"Sans issue":null,"Intersecti":null,"Nombre de ":null,"Accès":null,"surface":"Terre","Service":null,"Sens uniqu":null},"geometry":{"type":"LineString","coordinates":[[-16.5125777,15.9764721],[-16.5125972,15.9766746],[-16.5129352,15.9764483],[-16.5129582,15.9747147]]}},{"type":"Feature","properties":{"full_id":"w1013623389","osm_id":"1013623389","osm_type":"way","Type de vo":"service","Niveau":null,"Pont":null,"Tyoe de pi":null,"État de s":null,"Vitesse ":null,"Référenc":null,"Nom":null,"Éclairage":null,"Sans issue":null,"Intersecti":null,"Nombre de ":null,"Accès":null,"surface":"Terre","Service":"Ruelle","Sens uniqu":null},"geometry":{"type":"LineString","coordinates":[[-16.4937192,15.9495957],[-16.493274,15.9494951]]}},{"type":"Feature","properties":{"full_id":"w1013623390","osm_id":"1013623390","osm_type":"way","Type de vo":"service","Niveau":null,"Pont":null,"Tyoe de pi":null,"État de s":null,"Vitesse ":null,"Référenc":null,"Nom":null,"Éclairage":null,"Sans issue":null,"Intersecti":null,"Nombre de ":null,"Accès":null,"surface":"Terre","Service":"Ruelle","Sens uniqu":null},"geometry":{"type":"LineString","coordinates":[[-16.4934844,15.9501754],[-16.4935509,15.9505774]]}},{"type":"Feature","properties":{"full_id":"w1013927543","osm_id":"1013927543","osm_type":"way","Type de vo":"service","Niveau":null,"Pont":null,"Tyoe de pi":null,"État de s":null,"Vitesse ":null,"Référenc":null,"Nom":null,"Éclairage":null,"Sans issue":null,"Intersecti":null,"Nombre de ":null,"Accès":null,"surface":"Terre","Service":"Ruelle","Sens uniqu":null},"geometry":{"type":"LineString","coordinates":[[-16.4927326,15.9506295],[-16.4925306,15.9505954]]}},{"type":"Feature","properties":{"full_id":"w1013927545","osm_id":"1013927545","osm_type":"way","Type de vo":"service","Niveau":null,"Pont":null,"Tyoe de pi":null,"État de s":null,"Vitesse ":null,"Référenc":null,"Nom":null,"Éclairage":null,"Sans issue":null,"Intersecti":null,"Nombre de ":null,"Accès":null,"surface":"Terre","Service":"Ruelle","Sens uniqu":null},"geometry":{"type":"LineString","coordinates":[[-16.4938024,15.9498046],[-16.4935852,15.9498672]]}},{"type":"Feature","properties":{"full_id":"w1014224102","osm_id":"1014224102","osm_type":"way","Type de vo":"service","Niveau":null,"Pont":null,"Tyoe de pi":null,"État de s":null,"Vitesse ":null,"Référenc":null,"Nom":null,"Éclairage":null,"Sans issue":null,"Intersecti":null,"Nombre de ":null,"Accès":null,"surface":"Terre","Service":"Ruelle","Sens uniqu":null},"geometry":{"type":"LineString","coordinates":[[-16.449949061799824,16.065842046166384],[-16.4499214,16.0659177]]}},{"type":"Feature","properties":{"full_id":"w1014224104","osm_id":"1014224104","osm_type":"way","Type de vo":"service","Niveau":null,"Pont":null,"Tyoe de pi":null,"État de s":null,"Vitesse ":null,"Référenc":null,"Nom":null,"Éclairage":null,"Sans issue":null,"Intersecti":null,"Nombre de ":null,"Accès":null,"surface":"Terre","Service":"Ruelle","Sens uniqu":null},"geometry":{"type":"LineString","coordinates":[[-16.4484462,16.0664131],[-16.4493442,16.0661472],[-16.4494461,16.06632]]}},{"type":"Feature","properties":{"full_id":"w1014224244","osm_id":"1014224244","osm_type":"way","Type de vo":"service","Niveau":null,"Pont":null,"Tyoe de pi":null,"État de s":null,"Vitesse ":null,"Référenc":null,"Nom":null,"Éclairage":null,"Sans issue":null,"Intersecti":null,"Nombre de ":null,"Accès":null,"surface":"Terre","Service":"Ruelle","Sens uniqu":null},"geometry":{"type":"LineString","coordinates":[[-16.44657730488759,16.060546559501677],[-16.4464294,16.0606064]]}},{"type":"Feature","properties":{"full_id":"w1014497107","osm_id":"1014497107","osm_type":"way","Type de vo":"service","Niveau":"-1","Pont":null,"Tyoe de pi":null,"État de s":null,"Vitesse ":null,"Référenc":null,"Nom":null,"Éclairage":null,"Sans issue":null,"Intersecti":null,"Nombre de ":null,"Accès":null,"surface":"Terre","Service":"Ruelle","Sens uniqu":null},"geometry":{"type":"LineString","coordinates":[[-16.4433095,16.0559117],[-16.4428863,16.0559226]]}},{"type":"Feature","properties":{"full_id":"w1014497108","osm_id":"1014497108","osm_type":"way","Type de vo":"service","Niveau":"-1","Pont":null,"Tyoe de pi":null,"État de s":null,"Vitesse ":null,"Référenc":null,"Nom":null,"Éclairage":null,"Sans issue":null,"Intersecti":null,"Nombre de ":null,"Accès":null,"surface":"Terre","Service":"Ruelle","Sens uniqu":null},"geometry":{"type":"LineString","coordinates":[[-16.4428204,16.0555075],[-16.4429358,16.0561221]]}},{"type":"Feature","properties":{"full_id":"w1014497110","osm_id":"1014497110","osm_type":"way","Type de vo":"service","Niveau":"-2","Pont":null,"Tyoe de pi":null,"État de s":null,"Vitesse ":null,"Référenc":null,"Nom":null,"Éclairage":null,"Sans issue":null,"Intersecti":null,"Nombre de ":null,"Accès":null,"surface":"Terre","Service":"Ruelle","Sens uniqu":"yes"},"geometry":{"type":"LineString","coordinates":[[-16.4425334,16.0555538],[-16.4425665,16.0557261],[-16.4423589,16.0558655]]}},{"type":"Feature","properties":{"full_id":"w1014497111","osm_id":"1014497111","osm_type":"way","Type de vo":"service","Niveau":null,"Pont":null,"Tyoe de pi":null,"État de s":null,"Vitesse ":null,"Référenc":null,"Nom":null,"Éclairage":null,"Sans issue":null,"Intersecti":null,"Nombre de ":null,"Accès":null,"surface":"Terre","Service":"Ruelle","Sens uniqu":null},"geometry":{"type":"LineString","coordinates":[[-16.4424493,16.0552359],[-16.4425334,16.0555538]]}},{"type":"Feature","properties":{"full_id":"w1014497112","osm_id":"1014497112","osm_type":"way","Type de vo":"service","Niveau":null,"Pont":null,"Tyoe de pi":null,"État de s":null,"Vitesse ":null,"Référenc":null,"Nom":null,"Éclairage":null,"Sans issue":null,"Intersecti":null,"Nombre de ":null,"Accès":null,"surface":"Terre","Service":"Ruelle","Sens uniqu":null},"geometry":{"type":"LineString","coordinates":[[-16.4431135,16.0547608],[-16.4426885,16.0549151],[-16.4427567,16.0551705]]}},{"type":"Feature","properties":{"full_id":"w1014497114","osm_id":"1014497114","osm_type":"way","Type de vo":"service","Niveau":null,"Pont":null,"Tyoe de pi":null,"État de s":null,"Vitesse ":null,"Référenc":null,"Nom":null,"Éclairage":null,"Sans issue":null,"Intersecti":null,"Nombre de ":null,"Accès":null,"surface":"Terre","Service":"Ruelle","Sens uniqu":null},"geometry":{"type":"LineString","coordinates":[[-16.4425863,16.05463],[-16.4426885,16.0549151]]}},{"type":"Feature","properties":{"full_id":"w1014497115","osm_id":"1014497115","osm_type":"way","Type de vo":"service","Niveau":null,"Pont":null,"Tyoe de pi":null,"État de s":null,"Vitesse ":null,"Référenc":null,"Nom":null,"Éclairage":null,"Sans issue":null,"Intersecti":null,"Nombre de ":null,"Accès":null,"surface":"Terre","Service":"Ruelle","Sens uniqu":null},"geometry":{"type":"LineString","coordinates":[[-16.4426033,16.0546773],[-16.4422665,16.0547789],[-16.4422336,16.0550545]]}},{"type":"Feature","properties":{"full_id":"w1014497118","osm_id":"1014497118","osm_type":"way","Type de vo":"service","Niveau":null,"Pont":null,"Tyoe de pi":null,"État de s":null,"Vitesse ":null,"Référenc":null,"Nom":null,"Éclairage":null,"Sans issue":null,"Intersecti":null,"Nombre de ":null,"Accès":null,"surface":"Terre","Service":"Ruelle","Sens uniqu":null},"geometry":{"type":"LineString","coordinates":[[-16.4431135,16.0547608],[-16.4433484,16.0545827],[-16.4436108,16.0549367]]}},{"type":"Feature","properties":{"full_id":"w1014497124","osm_id":"1014497124","osm_type":"way","Type de vo":"service","Niveau":null,"Pont":null,"Tyoe de pi":null,"État de s":null,"Vitesse ":null,"Référenc":null,"Nom":null,"Éclairage":null,"Sans issue":null,"Intersecti":null,"Nombre de ":null,"Accès":null,"surface":"Terre","Service":"Ruelle","Sens uniqu":null},"geometry":{"type":"LineString","coordinates":[[-16.4420652,16.0532041],[-16.4421927,16.0542905]]}},{"type":"Feature","properties":{"full_id":"w1014497125","osm_id":"1014497125","osm_type":"way","Type de vo":"service","Niveau":null,"Pont":null,"Tyoe de pi":null,"État de s":null,"Vitesse ":null,"Référenc":null,"Nom":null,"Éclairage":null,"Sans issue":null,"Intersecti":null,"Nombre de ":null,"Accès":null,"surface":"Terre","Service":"Ruelle","Sens uniqu":null},"geometry":{"type":"LineString","coordinates":[[-16.4426074,16.0532146],[-16.4426107,16.0542187]]}},{"type":"Feature","properties":{"full_id":"w1014497126","osm_id":"1014497126","osm_type":"way","Type de vo":"service","Niveau":null,"Pont":null,"Tyoe de pi":null,"État de s":null,"Vitesse ":null,"Référenc":null,"Nom":null,"Éclairage":null,"Sans issue":null,"Intersecti":null,"Nombre de ":null,"Accès":null,"surface":"Terre","Service":"Ruelle","Sens uniqu":null},"geometry":{"type":"LineString","coordinates":[[-16.4419905,16.0527416],[-16.4412562,16.0527714]]}},{"type":"Feature","properties":{"full_id":"w1014497130","osm_id":"1014497130","osm_type":"way","Type de vo":"service","Niveau":null,"Pont":null,"Tyoe de pi":null,"État de s":null,"Vitesse ":null,"Référenc":null,"Nom":null,"Éclairage":null,"Sans issue":null,"Intersecti":null,"Nombre de ":null,"Accès":null,"surface":"Terre","Service":"Ruelle","Sens uniqu":null},"geometry":{"type":"LineString","coordinates":[[-16.4423003,16.0513084],[-16.4422574,16.051939]]}},{"type":"Feature","properties":{"full_id":"w1014497131","osm_id":"1014497131","osm_type":"way","Type de vo":"service","Niveau":null,"Pont":null,"Tyoe de pi":null,"État de s":null,"Vitesse ":null,"Référenc":null,"Nom":null,"Éclairage":null,"Sans issue":null,"Intersecti":null,"Nombre de ":null,"Accès":null,"surface":"Terre","Service":"Ruelle","Sens uniqu":null},"geometry":{"type":"LineString","coordinates":[[-16.4422683,16.0517786],[-16.442904886616343,16.05179226147135]]}},{"type":"Feature","properties":{"full_id":"w1014497132","osm_id":"1014497132","osm_type":"way","Type de vo":"service","Niveau":null,"Pont":null,"Tyoe de pi":null,"État de s":null,"Vitesse ":null,"Référenc":null,"Nom":null,"Éclairage":null,"Sans issue":null,"Intersecti":null,"Nombre de ":null,"Accès":null,"surface":"Terre","Service":"Ruelle","Sens uniqu":null},"geometry":{"type":"LineString","coordinates":[[-16.4417672,16.0512446],[-16.4416943,16.052108]]}},{"type":"Feature","properties":{"full_id":"w1014497133","osm_id":"1014497133","osm_type":"way","Type de vo":"service","Niveau":"-1","Pont":null,"Tyoe de pi":null,"État de s":null,"Vitesse ":null,"Référenc":null,"Nom":null,"Éclairage":null,"Sans issue":null,"Intersecti":null,"Nombre de ":null,"Accès":null,"surface":"Terre","Service":"Ruelle","Sens uniqu":null},"geometry":{"type":"LineString","coordinates":[[-16.4416971,16.0520741],[-16.4427137,16.0521293],[-16.4429178,16.0523608]]}},{"type":"Feature","properties":{"full_id":"w1014500221","osm_id":"1014500221","osm_type":"way","Type de vo":"service","Niveau":null,"Pont":null,"Tyoe de pi":null,"État de s":null,"Vitesse ":null,"Référenc":null,"Nom":null,"Éclairage":null,"Sans issue":null,"Intersecti":null,"Nombre de ":null,"Accès":null,"surface":"Terre","Service":"Ruelle","Sens uniqu":null},"geometry":{"type":"LineString","coordinates":[[-16.4394734,16.0431807],[-16.439560674404216,16.043398592458143]]}},{"type":"Feature","properties":{"full_id":"w1014501434","osm_id":"1014501434","osm_type":"way","Type de vo":"service","Niveau":null,"Pont":null,"Tyoe de pi":null,"État de s":null,"Vitesse ":null,"Référenc":null,"Nom":null,"Éclairage":null,"Sans issue":null,"Intersecti":null,"Nombre de ":null,"Accès":null,"surface":"Terre","Service":"Ruelle","Sens uniqu":null},"geometry":{"type":"LineString","coordinates":[[-16.4348312,16.0521359],[-16.4344766,16.0519029],[-16.4342288,16.052238]]}},{"type":"Feature","properties":{"full_id":"w1014501435","osm_id":"1014501435","osm_type":"way","Type de vo":"service","Niveau":null,"Pont":null,"Tyoe de pi":null,"État de s":null,"Vitesse ":null,"Référenc":null,"Nom":null,"Éclairage":null,"Sans issue":null,"Intersecti":null,"Nombre de ":null,"Accès":null,"surface":"Terre","Service":"Ruelle","Sens uniqu":null},"geometry":{"type":"LineString","coordinates":[[-16.4337594,16.0528436],[-16.4338577,16.0532749]]}},{"type":"Feature","properties":{"full_id":"w1014501453","osm_id":"1014501453","osm_type":"way","Type de vo":"service","Niveau":null,"Pont":null,"Tyoe de pi":null,"État de s":null,"Vitesse ":null,"Référenc":null,"Nom":null,"Éclairage":null,"Sans issue":null,"Intersecti":null,"Nombre de ":null,"Accès":null,"surface":"Terre","Service":"Ruelle","Sens uniqu":null},"geometry":{"type":"LineString","coordinates":[[-16.4325038,16.0540421],[-16.4325699,16.054371],[-16.43216,16.0544353]]}},{"type":"Feature","properties":{"full_id":"w1014501455","osm_id":"1014501455","osm_type":"way","Type de vo":"service","Niveau":null,"Pont":null,"Tyoe de pi":null,"État de s":null,"Vitesse ":null,"Référenc":null,"Nom":null,"Éclairage":null,"Sans issue":null,"Intersecti":null,"Nombre de ":null,"Accès":null,"surface":"Terre","Service":"Ruelle","Sens uniqu":null},"geometry":{"type":"LineString","coordinates":[[-16.4329609,16.0553223],[-16.4330729,16.0557785]]}},{"type":"Feature","properties":{"full_id":"w1014501606","osm_id":"1014501606","osm_type":"way","Type de vo":"service","Niveau":null,"Pont":null,"Tyoe de pi":null,"État de s":null,"Vitesse ":null,"Référenc":null,"Nom":null,"Éclairage":null,"Sans issue":null,"Intersecti":null,"Nombre de ":null,"Accès":null,"surface":"Terre","Service":"Ruelle","Sens uniqu":null},"geometry":{"type":"LineString","coordinates":[[-16.4316693,16.047154],[-16.4330247,16.0456588]]}},{"type":"Feature","properties":{"full_id":"w1014501607","osm_id":"1014501607","osm_type":"way","Type de vo":"service","Niveau":null,"Pont":null,"Tyoe de pi":null,"État de s":null,"Vitesse ":null,"Référenc":null,"Nom":null,"Éclairage":null,"Sans issue":null,"Intersecti":null,"Nombre de ":null,"Accès":null,"surface":"Terre","Service":"Ruelle","Sens uniqu":null},"geometry":{"type":"LineString","coordinates":[[-16.4327204,16.0460465],[-16.4334317,16.0463594]]}},{"type":"Feature","properties":{"full_id":"w1014501613","osm_id":"1014501613","osm_type":"way","Type de vo":"service","Niveau":null,"Pont":null,"Tyoe de pi":null,"État de s":null,"Vitesse ":null,"Référenc":null,"Nom":null,"Éclairage":null,"Sans issue":null,"Intersecti":null,"Nombre de ":null,"Accès":null,"surface":"Terre","Service":"Ruelle","Sens uniqu":null},"geometry":{"type":"LineString","coordinates":[[-16.4332194,16.0466247],[-16.4330707,16.0467302],[-16.4327982,16.0465635],[-16.4326429,16.0467716]]}},{"type":"Feature","properties":{"full_id":"w1014504164","osm_id":"1014504164","osm_type":"way","Type de vo":"service","Niveau":null,"Pont":null,"Tyoe de pi":null,"État de s":null,"Vitesse ":null,"Référenc":null,"Nom":null,"Éclairage":null,"Sans issue":null,"Intersecti":null,"Nombre de ":null,"Accès":null,"surface":"Terre","Service":"Ruelle","Sens uniqu":null},"geometry":{"type":"LineString","coordinates":[[-16.4383779,16.0732363],[-16.4386034,16.072606],[-16.4391002,16.0727828]]}},{"type":"Feature","properties":{"full_id":"w1014504165","osm_id":"1014504165","osm_type":"way","Type de vo":"service","Niveau":null,"Pont":null,"Tyoe de pi":null,"État de s":null,"Vitesse ":null,"Référenc":null,"Nom":null,"Éclairage":null,"Sans issue":null,"Intersecti":null,"Nombre de ":null,"Accès":null,"surface":"Terre","Service":"Ruelle","Sens uniqu":null},"geometry":{"type":"LineString","coordinates":[[-16.4388132,16.0726806],[-16.4389083,16.0723794]]}},{"type":"Feature","properties":{"full_id":"w1014504166","osm_id":"1014504166","osm_type":"way","Type de vo":"service","Niveau":null,"Pont":null,"Tyoe de pi":null,"État de s":null,"Vitesse ":null,"Référenc":null,"Nom":null,"Éclairage":null,"Sans issue":null,"Intersecti":null,"Nombre de ":null,"Accès":null,"surface":"Terre","Service":"Ruelle","Sens uniqu":null},"geometry":{"type":"LineString","coordinates":[[-16.4374865,16.0731446],[-16.4375911,16.0726959]]}},{"type":"Feature","properties":{"full_id":"w1014504167","osm_id":"1014504167","osm_type":"way","Type de vo":"service","Niveau":null,"Pont":null,"Tyoe de pi":null,"État de s":null,"Vitesse ":null,"Référenc":null,"Nom":null,"Éclairage":null,"Sans issue":null,"Intersecti":null,"Nombre de ":null,"Accès":null,"surface":"Terre","Service":"Ruelle","Sens uniqu":null},"geometry":{"type":"LineString","coordinates":[[-16.4374865,16.0731446],[-16.4374366,16.073442],[-16.4379163,16.0736764],[-16.4382294,16.0736413],[-16.438147,16.073239]]}},{"type":"Feature","properties":{"full_id":"w1014504175","osm_id":"1014504175","osm_type":"way","Type de vo":"service","Niveau":"-1","Pont":null,"Tyoe de pi":null,"État de s":null,"Vitesse ":null,"Référenc":null,"Nom":null,"Éclairage":null,"Sans issue":null,"Intersecti":null,"Nombre de ":null,"Accès":null,"surface":"Terre","Service":"Ruelle","Sens uniqu":null},"geometry":{"type":"LineString","coordinates":[[-16.4298941,16.0695676],[-16.4295327,16.0699715],[-16.4292618,16.0697471]]}},{"type":"Feature","properties":{"full_id":"w1014504177","osm_id":"1014504177","osm_type":"way","Type de vo":"service","Niveau":"-2","Pont":null,"Tyoe de pi":null,"État de s":null,"Vitesse ":null,"Référenc":null,"Nom":null,"Éclairage":null,"Sans issue":null,"Intersecti":null,"Nombre de ":null,"Accès":null,"surface":"Terre","Service":"Ruelle","Sens uniqu":null},"geometry":{"type":"LineString","coordinates":[[-16.4291836,16.0697616],[-16.4296306,16.0697356]]}},{"type":"Feature","properties":{"full_id":"w1014504178","osm_id":"1014504178","osm_type":"way","Type de vo":"service","Niveau":null,"Pont":null,"Tyoe de pi":null,"État de s":null,"Vitesse ":null,"Référenc":null,"Nom":null,"Éclairage":null,"Sans issue":null,"Intersecti":null,"Nombre de ":null,"Accès":null,"surface":"Terre","Service":"Ruelle","Sens uniqu":null},"geometry":{"type":"LineString","coordinates":[[-16.4298853,16.0696259],[-16.4295149,16.0695186]]}},{"type":"Feature","properties":{"full_id":"w1014504179","osm_id":"1014504179","osm_type":"way","Type de vo":"service","Niveau":null,"Pont":null,"Tyoe de pi":null,"État de s":null,"Vitesse ":null,"Référenc":null,"Nom":null,"Éclairage":null,"Sans issue":null,"Intersecti":null,"Nombre de ":null,"Accès":null,"surface":"Terre","Service":"Ruelle","Sens uniqu":null},"geometry":{"type":"LineString","coordinates":[[-16.4293858,16.0692409],[-16.4292895,16.0697326]]}},{"type":"Feature","properties":{"full_id":"w1014504184","osm_id":"1014504184","osm_type":"way","Type de vo":"service","Niveau":null,"Pont":null,"Tyoe de pi":null,"État de s":null,"Vitesse ":null,"Référenc":null,"Nom":null,"Éclairage":null,"Sans issue":null,"Intersecti":null,"Nombre de ":null,"Accès":null,"surface":"Terre","Service":"Ruelle","Sens uniqu":null},"geometry":{"type":"LineString","coordinates":[[-16.4294019,16.0688877],[-16.4294428,16.0686626]]}},{"type":"Feature","properties":{"full_id":"w1014504188","osm_id":"1014504188","osm_type":"way","Type de vo":"service","Niveau":"-1","Pont":null,"Tyoe de pi":null,"État de s":null,"Vitesse ":null,"Référenc":null,"Nom":null,"Éclairage":null,"Sans issue":null,"Intersecti":null,"Nombre de ":null,"Accès":null,"surface":"Terre","Service":"Ruelle","Sens uniqu":null},"geometry":{"type":"LineString","coordinates":[[-16.4284984,16.0695833],[-16.4283442,16.069154]]}},{"type":"Feature","properties":{"full_id":"w1014504189","osm_id":"1014504189","osm_type":"way","Type de vo":"service","Niveau":null,"Pont":null,"Tyoe de pi":null,"État de s":null,"Vitesse ":null,"Référenc":null,"Nom":null,"Éclairage":null,"Sans issue":null,"Intersecti":null,"Nombre de ":null,"Accès":null,"surface":"Terre","Service":"Ruelle","Sens uniqu":null},"geometry":{"type":"LineString","coordinates":[[-16.4286926,16.0694806],[-16.4287479,16.0699005]]}},{"type":"Feature","properties":{"full_id":"w1014504190","osm_id":"1014504190","osm_type":"way","Type de vo":"service","Niveau":null,"Pont":null,"Tyoe de pi":null,"État de s":null,"Vitesse ":null,"Référenc":null,"Nom":null,"Éclairage":null,"Sans issue":null,"Intersecti":null,"Nombre de ":null,"Accès":null,"surface":"Terre","Service":"Ruelle","Sens uniqu":null},"geometry":{"type":"LineString","coordinates":[[-16.4288337,16.0693854],[-16.4290291,16.0698137]]}},{"type":"Feature","properties":{"full_id":"w1014504191","osm_id":"1014504191","osm_type":"way","Type de vo":"service","Niveau":"-1","Pont":null,"Tyoe de pi":null,"État de s":null,"Vitesse ":null,"Référenc":null,"Nom":null,"Éclairage":null,"Sans issue":null,"Intersecti":null,"Nombre de ":null,"Accès":null,"surface":"Terre","Service":"Ruelle","Sens uniqu":null},"geometry":{"type":"LineString","coordinates":[[-16.4288983,16.0693747],[-16.4292251,16.0694761]]}},{"type":"Feature","properties":{"full_id":"w1014504193","osm_id":"1014504193","osm_type":"way","Type de vo":"service","Niveau":null,"Pont":null,"Tyoe de pi":null,"État de s":null,"Vitesse ":null,"Référenc":null,"Nom":null,"Éclairage":null,"Sans issue":null,"Intersecti":null,"Nombre de ":null,"Accès":null,"surface":"Terre","Service":"Ruelle","Sens uniqu":null},"geometry":{"type":"LineString","coordinates":[[-16.4272816,16.068159],[-16.4270561,16.0680843]]}},{"type":"Feature","properties":{"full_id":"w1014504196","osm_id":"1014504196","osm_type":"way","Type de vo":"service","Niveau":null,"Pont":null,"Tyoe de pi":null,"État de s":null,"Vitesse ":null,"Référenc":null,"Nom":null,"Éclairage":null,"Sans issue":null,"Intersecti":null,"Nombre de ":null,"Accès":null,"surface":"Terre","Service":"Ruelle","Sens uniqu":null},"geometry":{"type":"LineString","coordinates":[[-16.4272319,16.0683449],[-16.4268333,16.0682782],[-16.4267186,16.0684411]]}},{"type":"Feature","properties":{"full_id":"w1014504384","osm_id":"1014504384","osm_type":"way","Type de vo":"service","Niveau":null,"Pont":null,"Tyoe de pi":null,"État de s":null,"Vitesse ":null,"Référenc":null,"Nom":null,"Éclairage":null,"Sans issue":null,"Intersecti":null,"Nombre de ":null,"Accès":null,"surface":"Terre","Service":"Ruelle","Sens uniqu":null},"geometry":{"type":"LineString","coordinates":[[-16.4291974,16.0679967],[-16.4287193,16.0678249]]}},{"type":"Feature","properties":{"full_id":"w1014504387","osm_id":"1014504387","osm_type":"way","Type de vo":"service","Niveau":null,"Pont":null,"Tyoe de pi":null,"État de s":null,"Vitesse ":null,"Référenc":null,"Nom":null,"Éclairage":null,"Sans issue":null,"Intersecti":null,"Nombre de ":null,"Accès":null,"surface":"Terre","Service":"Ruelle","Sens uniqu":null},"geometry":{"type":"LineString","coordinates":[[-16.4292477,16.0664934],[-16.4284288,16.0661256]]}},{"type":"Feature","properties":{"full_id":"w1014504391","osm_id":"1014504391","osm_type":"way","Type de vo":"service","Niveau":null,"Pont":null,"Tyoe de pi":null,"État de s":null,"Vitesse ":null,"Référenc":null,"Nom":null,"Éclairage":null,"Sans issue":null,"Intersecti":null,"Nombre de ":null,"Accès":null,"surface":"Terre","Service":"Ruelle","Sens uniqu":null},"geometry":{"type":"LineString","coordinates":[[-16.4315657,16.0689997],[-16.4311651,16.0689828],[-16.4312152,16.069486]]}},{"type":"Feature","properties":{"full_id":"w1014506854","osm_id":"1014506854","osm_type":"way","Type de vo":"service","Niveau":null,"Pont":null,"Tyoe de pi":null,"État de s":null,"Vitesse ":null,"Référenc":null,"Nom":null,"Éclairage":null,"Sans issue":null,"Intersecti":null,"Nombre de ":null,"Accès":null,"surface":"Terre","Service":"Ruelle","Sens uniqu":null},"geometry":{"type":"LineString","coordinates":[[-16.4103226,16.0568134],[-16.4104456,16.0571379]]}},{"type":"Feature","properties":{"full_id":"w1014506856","osm_id":"1014506856","osm_type":"way","Type de vo":"service","Niveau":"-1","Pont":null,"Tyoe de pi":null,"État de s":null,"Vitesse ":null,"Référenc":null,"Nom":null,"Éclairage":null,"Sans issue":null,"Intersecti":null,"Nombre de ":null,"Accès":null,"surface":"Terre","Service":"Ruelle","Sens uniqu":null},"geometry":{"type":"LineString","coordinates":[[-16.4107828,16.0566269],[-16.4111357,16.0564096],[-16.411336,16.0564658]]}},{"type":"Feature","properties":{"full_id":"w1014506858","osm_id":"1014506858","osm_type":"way","Type de vo":"service","Niveau":null,"Pont":null,"Tyoe de pi":null,"État de s":null,"Vitesse ":null,"Référenc":null,"Nom":null,"Éclairage":null,"Sans issue":null,"Intersecti":null,"Nombre de ":null,"Accès":null,"surface":"Terre","Service":"Ruelle","Sens uniqu":null},"geometry":{"type":"LineString","coordinates":[[-16.4118498,16.0558469],[-16.4116368,16.0557074],[-16.4114797,16.0555416],[-16.4118001,16.0555742],[-16.4117304,16.0557663]]}},{"type":"Feature","properties":{"full_id":"w1014506859","osm_id":"1014506859","osm_type":"way","Type de vo":"service","Niveau":null,"Pont":null,"Tyoe de pi":null,"État de s":null,"Vitesse ":null,"Référenc":null,"Nom":null,"Éclairage":null,"Sans issue":null,"Intersecti":null,"Nombre de ":null,"Accès":null,"surface":"Terre","Service":"Ruelle","Sens uniqu":null},"geometry":{"type":"LineString","coordinates":[[-16.4117416,16.0555327],[-16.4118309,16.0553077],[-16.4116953,16.0549169],[-16.411415,16.055364],[-16.4114797,16.0555416]]}},{"type":"Feature","properties":{"full_id":"w1014506862","osm_id":"1014506862","osm_type":"way","Type de vo":"service","Niveau":null,"Pont":null,"Tyoe de pi":null,"État de s":null,"Vitesse ":null,"Référenc":null,"Nom":null,"Éclairage":null,"Sans issue":null,"Intersecti":null,"Nombre de ":null,"Accès":null,"surface":"Terre","Service":"Ruelle","Sens uniqu":null},"geometry":{"type":"LineString","coordinates":[[-16.4123926,16.055326],[-16.4132469,16.0555475],[-16.4135111,16.0554537],[-16.4138714,16.055872]]}},{"type":"Feature","properties":{"full_id":"w1014506865","osm_id":"1014506865","osm_type":"way","Type de vo":"service","Niveau":null,"Pont":null,"Tyoe de pi":null,"État de s":null,"Vitesse ":null,"Référenc":null,"Nom":null,"Éclairage":null,"Sans issue":null,"Intersecti":null,"Nombre de ":null,"Accès":null,"surface":"Terre","Service":"Ruelle","Sens uniqu":null},"geometry":{"type":"LineString","coordinates":[[-16.4127387,16.0563367],[-16.4122201,16.0568292]]}},{"type":"Feature","properties":{"full_id":"w1014506870","osm_id":"1014506870","osm_type":"way","Type de vo":"service","Niveau":"-2","Pont":null,"Tyoe de pi":null,"État de s":null,"Vitesse ":null,"Référenc":null,"Nom":null,"Éclairage":null,"Sans issue":null,"Intersecti":null,"Nombre de ":null,"Accès":null,"surface":"Terre","Service":"Ruelle","Sens uniqu":null},"geometry":{"type":"LineString","coordinates":[[-16.4125639,16.0565867],[-16.4135091,16.0564773]]}},{"type":"Feature","properties":{"full_id":"w1014506871","osm_id":"1014506871","osm_type":"way","Type de vo":"service","Niveau":"-2","Pont":null,"Tyoe de pi":null,"État de s":null,"Vitesse ":null,"Référenc":null,"Nom":null,"Éclairage":null,"Sans issue":null,"Intersecti":null,"Nombre de ":null,"Accès":null,"surface":"Terre","Service":"Ruelle","Sens uniqu":null},"geometry":{"type":"LineString","coordinates":[[-16.4134766,16.0559214],[-16.4130159,16.056162]]}},{"type":"Feature","properties":{"full_id":"w1014506872","osm_id":"1014506872","osm_type":"way","Type de vo":"service","Niveau":null,"Pont":null,"Tyoe de pi":null,"État de s":null,"Vitesse ":null,"Référenc":null,"Nom":null,"Éclairage":null,"Sans issue":null,"Intersecti":null,"Nombre de ":null,"Accès":null,"surface":"Terre","Service":"Ruelle","Sens uniqu":null},"geometry":{"type":"LineString","coordinates":[[-16.4135525,16.0554761],[-16.4141925,16.0551067],[-16.4140289,16.0549623],[-16.4128817,16.054917]]}},{"type":"Feature","properties":{"full_id":"w1014506873","osm_id":"1014506873","osm_type":"way","Type de vo":"service","Niveau":null,"Pont":null,"Tyoe de pi":null,"État de s":null,"Vitesse ":null,"Référenc":null,"Nom":null,"Éclairage":null,"Sans issue":null,"Intersecti":null,"Nombre de ":null,"Accès":null,"surface":"Terre","Service":"Ruelle","Sens uniqu":null},"geometry":{"type":"LineString","coordinates":[[-16.4134523,16.0549406],[-16.4136111,16.0554428]]}},{"type":"Feature","properties":{"full_id":"w1014506874","osm_id":"1014506874","osm_type":"way","Type de vo":"service","Niveau":"-1","Pont":null,"Tyoe de pi":null,"État de s":null,"Vitesse ":null,"Référenc":null,"Nom":null,"Éclairage":null,"Sans issue":null,"Intersecti":null,"Nombre de ":null,"Accès":null,"surface":"Terre","Service":"Ruelle","Sens uniqu":null},"geometry":{"type":"LineString","coordinates":[[-16.4134523,16.0549406],[-16.4135434,16.0546788],[-16.4140101,16.054684],[-16.4142113,16.054836],[-16.4140699,16.054995]]}},{"type":"Feature","properties":{"full_id":"w1014506876","osm_id":"1014506876","osm_type":"way","Type de vo":"service","Niveau":null,"Pont":null,"Tyoe de pi":null,"État de s":null,"Vitesse ":null,"Référenc":null,"Nom":null,"Éclairage":null,"Sans issue":null,"Intersecti":null,"Nombre de ":null,"Accès":null,"surface":"Terre","Service":"Ruelle","Sens uniqu":null},"geometry":{"type":"LineString","coordinates":[[-16.4141291,16.0520271],[-16.4141729,16.0526458]]}},{"type":"Feature","properties":{"full_id":"w1014506877","osm_id":"1014506877","osm_type":"way","Type de vo":"service","Niveau":null,"Pont":null,"Tyoe de pi":null,"État de s":null,"Vitesse ":null,"Référenc":null,"Nom":null,"Éclairage":null,"Sans issue":null,"Intersecti":null,"Nombre de ":null,"Accès":null,"surface":"Terre","Service":"Ruelle","Sens uniqu":null},"geometry":{"type":"LineString","coordinates":[[-16.4141376,16.0522245],[-16.4148966,16.0521926],[-16.4151242,16.0523294],[-16.4144698,16.0522116]]}},{"type":"Feature","properties":{"full_id":"w1014506878","osm_id":"1014506878","osm_type":"way","Type de vo":"service","Niveau":null,"Pont":null,"Tyoe de pi":null,"État de s":null,"Vitesse ":null,"Référenc":null,"Nom":null,"Éclairage":null,"Sans issue":null,"Intersecti":null,"Nombre de ":null,"Accès":null,"surface":"Terre","Service":"Ruelle","Sens uniqu":null},"geometry":{"type":"LineString","coordinates":[[-16.4146735,16.0523308],[-16.4145957,16.0526615],[-16.4141729,16.0526458]]}},{"type":"Feature","properties":{"full_id":"w1014506879","osm_id":"1014506879","osm_type":"way","Type de vo":"service","Niveau":"-1","Pont":null,"Tyoe de pi":null,"État de s":null,"Vitesse ":null,"Référenc":null,"Nom":null,"Éclairage":null,"Sans issue":null,"Intersecti":null,"Nombre de ":null,"Accès":null,"surface":"Terre","Service":"Ruelle","Sens uniqu":null},"geometry":{"type":"LineString","coordinates":[[-16.4146104,16.0526285],[-16.4149819,16.0526732],[-16.4150388,16.0528138],[-16.414673,16.0528256],[-16.4145957,16.0526615]]}},{"type":"Feature","properties":{"full_id":"w1014506880","osm_id":"1014506880","osm_type":"way","Type de vo":"service","Niveau":null,"Pont":null,"Tyoe de pi":null,"État de s":null,"Vitesse ":null,"Référenc":null,"Nom":null,"Éclairage":null,"Sans issue":null,"Intersecti":null,"Nombre de ":null,"Accès":null,"surface":"Terre","Service":"Ruelle","Sens uniqu":null},"geometry":{"type":"LineString","coordinates":[[-16.4145713,16.0527474],[-16.4144859,16.0532202],[-16.4142176,16.0534624]]}},{"type":"Feature","properties":{"full_id":"w1014506881","osm_id":"1014506881","osm_type":"way","Type de vo":"service","Niveau":"-1","Pont":null,"Tyoe de pi":null,"État de s":null,"Vitesse ":null,"Référenc":null,"Nom":null,"Éclairage":null,"Sans issue":null,"Intersecti":null,"Nombre de ":null,"Accès":null,"surface":"Terre","Service":"Ruelle","Sens uniqu":null},"geometry":{"type":"LineString","coordinates":[[-16.4141526,16.0530704],[-16.4147095,16.0533217],[-16.4142912,16.0536866]]}},{"type":"Feature","properties":{"full_id":"w1014506882","osm_id":"1014506882","osm_type":"way","Type de vo":"service","Niveau":null,"Pont":null,"Tyoe de pi":null,"État de s":null,"Vitesse ":null,"Référenc":null,"Nom":null,"Éclairage":null,"Sans issue":null,"Intersecti":null,"Nombre de ":null,"Accès":null,"surface":"Terre","Service":"Ruelle","Sens uniqu":null},"geometry":{"type":"LineString","coordinates":[[-16.4147095,16.0534311],[-16.4150829,16.0540182]]}},{"type":"Feature","properties":{"full_id":"w1014506883","osm_id":"1014506883","osm_type":"way","Type de vo":"service","Niveau":null,"Pont":null,"Tyoe de pi":null,"État de s":null,"Vitesse ":null,"Référenc":null,"Nom":null,"Éclairage":null,"Sans issue":null,"Intersecti":null,"Nombre de ":null,"Accès":null,"surface":"Terre","Service":"Ruelle","Sens uniqu":null},"geometry":{"type":"LineString","coordinates":[[-16.4145632,16.0529818],[-16.4148356,16.0531381],[-16.4147095,16.0533217]]}},{"type":"Feature","properties":{"full_id":"w1014506885","osm_id":"1014506885","osm_type":"way","Type de vo":"service","Niveau":"-1","Pont":null,"Tyoe de pi":null,"État de s":null,"Vitesse ":null,"Référenc":null,"Nom":null,"Éclairage":null,"Sans issue":null,"Intersecti":null,"Nombre de ":null,"Accès":null,"surface":"Terre","Service":"Ruelle","Sens uniqu":null},"geometry":{"type":"MultiLineString","coordinates":[[[-16.4145009,16.0516583],[-16.4141673,16.0515327],[-16.4141137,16.0514925]],[[-16.4141137,16.0514925],[-16.4139722,16.0513864],[-16.4136456,16.0512739],[-16.4135022,16.0515786],[-16.4140153,16.0516499],[-16.4141137,16.0514925]],[[-16.4141137,16.0514925],[-16.4141817,16.0514604],[-16.4142464,16.0513183],[-16.4139947,16.051157],[-16.4138997,16.0513575]]]}},{"type":"Feature","properties":{"full_id":"w1014506886","osm_id":"1014506886","osm_type":"way","Type de vo":"service","Niveau":null,"Pont":null,"Tyoe de pi":null,"État de s":null,"Vitesse ":null,"Référenc":null,"Nom":null,"Éclairage":null,"Sans issue":null,"Intersecti":null,"Nombre de ":null,"Accès":null,"surface":"Terre","Service":"Ruelle","Sens uniqu":null},"geometry":{"type":"LineString","coordinates":[[-16.4139706,16.051174],[-16.4137003,16.0512909]]}},{"type":"Feature","properties":{"full_id":"w1014506889","osm_id":"1014506889","osm_type":"way","Type de vo":"service","Niveau":null,"Pont":null,"Tyoe de pi":null,"État de s":null,"Vitesse ":null,"Référenc":null,"Nom":null,"Éclairage":null,"Sans issue":null,"Intersecti":null,"Nombre de ":null,"Accès":null,"surface":"Terre","Service":"Ruelle","Sens uniqu":null},"geometry":{"type":"LineString","coordinates":[[-16.4145009,16.0516583],[-16.4151611,16.0520007],[-16.4151179,16.0522785]]}},{"type":"Feature","properties":{"full_id":"w1014513838","osm_id":"1014513838","osm_type":"way","Type de vo":"service","Niveau":null,"Pont":null,"Tyoe de pi":null,"État de s":null,"Vitesse ":null,"Référenc":null,"Nom":null,"Éclairage":null,"Sans issue":null,"Intersecti":null,"Nombre de ":null,"Accès":null,"surface":"Terre","Service":"Ruelle","Sens uniqu":null},"geometry":{"type":"LineString","coordinates":[[-16.4203843,16.0590211],[-16.4200002,16.0590645],[-16.4200108,16.0594318],[-16.4203641,16.0594457]]}},{"type":"Feature","properties":{"full_id":"w1014513839","osm_id":"1014513839","osm_type":"way","Type de vo":"service","Niveau":null,"Pont":null,"Tyoe de pi":null,"État de s":null,"Vitesse ":null,"Référenc":null,"Nom":null,"Éclairage":null,"Sans issue":null,"Intersecti":null,"Nombre de ":null,"Accès":null,"surface":"Terre","Service":"Ruelle","Sens uniqu":null},"geometry":{"type":"LineString","coordinates":[[-16.4200108,16.0594318],[-16.4198256,16.0594658],[-16.4196531,16.0598023]]}},{"type":"Feature","properties":{"full_id":"w1014513840","osm_id":"1014513840","osm_type":"way","Type de vo":"service","Niveau":"-1","Pont":null,"Tyoe de pi":null,"État de s":null,"Vitesse ":null,"Référenc":null,"Nom":null,"Éclairage":null,"Sans issue":null,"Intersecti":null,"Nombre de ":null,"Accès":null,"surface":"Terre","Service":"Ruelle","Sens uniqu":null},"geometry":{"type":"LineString","coordinates":[[-16.4197441,16.0596972],[-16.4200142,16.0596569]]}},{"type":"Feature","properties":{"full_id":"w1014513844","osm_id":"1014513844","osm_type":"way","Type de vo":"service","Niveau":null,"Pont":null,"Tyoe de pi":null,"État de s":null,"Vitesse ":null,"Référenc":null,"Nom":null,"Éclairage":null,"Sans issue":null,"Intersecti":null,"Nombre de ":null,"Accès":null,"surface":"Terre","Service":"Ruelle","Sens uniqu":null},"geometry":{"type":"LineString","coordinates":[[-16.4204072,16.0582006],[-16.4209833,16.0580538]]}},{"type":"Feature","properties":{"full_id":"w1014513845","osm_id":"1014513845","osm_type":"way","Type de vo":"service","Niveau":null,"Pont":null,"Tyoe de pi":null,"État de s":null,"Vitesse ":null,"Référenc":null,"Nom":null,"Éclairage":null,"Sans issue":null,"Intersecti":null,"Nombre de ":null,"Accès":null,"surface":"Terre","Service":"Ruelle","Sens uniqu":null},"geometry":{"type":"LineString","coordinates":[[-16.4215272,16.0579881],[-16.4209833,16.0580538]]}},{"type":"Feature","properties":{"full_id":"w1014513846","osm_id":"1014513846","osm_type":"way","Type de vo":"service","Niveau":null,"Pont":null,"Tyoe de pi":null,"État de s":null,"Vitesse ":null,"Référenc":null,"Nom":null,"Éclairage":null,"Sans issue":null,"Intersecti":null,"Nombre de ":null,"Accès":null,"surface":"Terre","Service":"Ruelle","Sens uniqu":null},"geometry":{"type":"LineString","coordinates":[[-16.4208992,16.058082],[-16.4209459,16.0585597]]}},{"type":"Feature","properties":{"full_id":"w1014513847","osm_id":"1014513847","osm_type":"way","Type de vo":"service","Niveau":null,"Pont":null,"Tyoe de pi":null,"État de s":null,"Vitesse ":null,"Référenc":null,"Nom":null,"Éclairage":null,"Sans issue":null,"Intersecti":null,"Nombre de ":null,"Accès":null,"surface":"Terre","Service":"Ruelle","Sens uniqu":null},"geometry":{"type":"LineString","coordinates":[[-16.4210859,16.0580467],[-16.4210953,16.0582323],[-16.4209237,16.0582607]]}},{"type":"Feature","properties":{"full_id":"w1014513849","osm_id":"1014513849","osm_type":"way","Type de vo":"service","Niveau":null,"Pont":null,"Tyoe de pi":null,"État de s":null,"Vitesse ":null,"Référenc":null,"Nom":null,"Éclairage":null,"Sans issue":null,"Intersecti":null,"Nombre de ":null,"Accès":null,"surface":"Terre","Service":"Ruelle","Sens uniqu":null},"geometry":{"type":"LineString","coordinates":[[-16.4211637,16.0571703],[-16.4212751,16.0577685]]}},{"type":"Feature","properties":{"full_id":"w1014513850","osm_id":"1014513850","osm_type":"way","Type de vo":"service","Niveau":null,"Pont":null,"Tyoe de pi":null,"État de s":null,"Vitesse ":null,"Référenc":null,"Nom":null,"Éclairage":null,"Sans issue":null,"Intersecti":null,"Nombre de ":null,"Accès":null,"surface":"Terre","Service":"Ruelle","Sens uniqu":null},"geometry":{"type":"LineString","coordinates":[[-16.4203825,16.0570375],[-16.4200305,16.0575308]]}},{"type":"Feature","properties":{"full_id":"w1014513854","osm_id":"1014513854","osm_type":"way","Type de vo":"service","Niveau":null,"Pont":null,"Tyoe de pi":null,"État de s":null,"Vitesse ":null,"Référenc":null,"Nom":null,"Éclairage":null,"Sans issue":null,"Intersecti":null,"Nombre de ":null,"Accès":null,"surface":"Terre","Service":"Ruelle","Sens uniqu":null},"geometry":{"type":"LineString","coordinates":[[-16.4198729,16.0563511],[-16.4198193,16.0570926]]}},{"type":"Feature","properties":{"full_id":"w1014514908","osm_id":"1014514908","osm_type":"way","Type de vo":"service","Niveau":null,"Pont":null,"Tyoe de pi":null,"État de s":null,"Vitesse ":null,"Référenc":null,"Nom":null,"Éclairage":null,"Sans issue":null,"Intersecti":null,"Nombre de ":null,"Accès":null,"surface":"Terre","Service":"Ruelle","Sens uniqu":null},"geometry":{"type":"LineString","coordinates":[[-16.4223712,16.0564739],[-16.4218402,16.0571283],[-16.4215592,16.0571835]]}},{"type":"Feature","properties":{"full_id":"w1014514915","osm_id":"1014514915","osm_type":"way","Type de vo":"service","Niveau":null,"Pont":null,"Tyoe de pi":null,"État de s":null,"Vitesse ":null,"Référenc":null,"Nom":null,"Éclairage":null,"Sans issue":null,"Intersecti":null,"Nombre de ":null,"Accès":null,"surface":"Terre","Service":"Ruelle","Sens uniqu":null},"geometry":{"type":"LineString","coordinates":[[-16.4209224,16.0600162],[-16.4202184,16.0600811]]}},{"type":"Feature","properties":{"full_id":"w1014514916","osm_id":"1014514916","osm_type":"way","Type de vo":"service","Niveau":null,"Pont":null,"Tyoe de pi":null,"État de s":null,"Vitesse ":null,"Référenc":null,"Nom":null,"Éclairage":null,"Sans issue":null,"Intersecti":null,"Nombre de ":null,"Accès":null,"surface":"Terre","Service":"Ruelle","Sens uniqu":null},"geometry":{"type":"LineString","coordinates":[[-16.420966,16.0606061],[-16.4208859,16.0603061],[-16.4204917,16.060427]]}},{"type":"Feature","properties":{"full_id":"w1014517078","osm_id":"1014517078","osm_type":"way","Type de vo":"service","Niveau":null,"Pont":null,"Tyoe de pi":null,"État de s":null,"Vitesse ":null,"Référenc":null,"Nom":null,"Éclairage":null,"Sans issue":null,"Intersecti":null,"Nombre de ":null,"Accès":null,"surface":"Terre","Service":"Ruelle","Sens uniqu":null},"geometry":{"type":"LineString","coordinates":[[-16.4248826,16.0554963],[-16.4253525,16.0558272],[-16.424917,16.0562733]]}},{"type":"Feature","properties":{"full_id":"w1014517081","osm_id":"1014517081","osm_type":"way","Type de vo":"service","Niveau":null,"Pont":null,"Tyoe de pi":null,"État de s":null,"Vitesse ":null,"Référenc":null,"Nom":null,"Éclairage":null,"Sans issue":null,"Intersecti":null,"Nombre de ":null,"Accès":null,"surface":"Terre","Service":"Ruelle","Sens uniqu":null},"geometry":{"type":"LineString","coordinates":[[-16.4250226,16.055313],[-16.4261685,16.0558302]]}},{"type":"Feature","properties":{"full_id":"w1014517082","osm_id":"1014517082","osm_type":"way","Type de vo":"service","Niveau":"-1","Pont":null,"Tyoe de pi":null,"État de s":null,"Vitesse ":null,"Référenc":null,"Nom":null,"Éclairage":null,"Sans issue":null,"Intersecti":null,"Nombre de ":null,"Accès":null,"surface":"Terre","Service":"Ruelle","Sens uniqu":null},"geometry":{"type":"LineString","coordinates":[[-16.4251712,16.0551185],[-16.4246699,16.0547954]]}},{"type":"Feature","properties":{"full_id":"w1014517083","osm_id":"1014517083","osm_type":"way","Type de vo":"service","Niveau":null,"Pont":null,"Tyoe de pi":null,"État de s":null,"Vitesse ":null,"Référenc":null,"Nom":null,"Éclairage":null,"Sans issue":null,"Intersecti":null,"Nombre de ":null,"Accès":null,"surface":"Terre","Service":"Ruelle","Sens uniqu":null},"geometry":{"type":"LineString","coordinates":[[-16.4237733,16.0551924],[-16.4237008,16.0556293],[-16.4234594,16.0556035]]}},{"type":"Feature","properties":{"full_id":"w1014517084","osm_id":"1014517084","osm_type":"way","Type de vo":"service","Niveau":null,"Pont":null,"Tyoe de pi":null,"État de s":null,"Vitesse ":null,"Référenc":null,"Nom":null,"Éclairage":null,"Sans issue":null,"Intersecti":null,"Nombre de ":null,"Accès":null,"surface":"Terre","Service":"Ruelle","Sens uniqu":null},"geometry":{"type":"LineString","coordinates":[[-16.4241574,16.0555783],[-16.4237104,16.0555759]]}},{"type":"Feature","properties":{"full_id":"w1014517085","osm_id":"1014517085","osm_type":"way","Type de vo":"service","Niveau":null,"Pont":null,"Tyoe de pi":null,"État de s":null,"Vitesse ":null,"Référenc":null,"Nom":null,"Éclairage":null,"Sans issue":null,"Intersecti":null,"Nombre de ":null,"Accès":null,"surface":"Terre","Service":"Ruelle","Sens uniqu":null},"geometry":{"type":"LineString","coordinates":[[-16.4256851,16.0543907],[-16.4252967,16.0542683],[-16.4250473,16.0547811]]}},{"type":"Feature","properties":{"full_id":"w1014517086","osm_id":"1014517086","osm_type":"way","Type de vo":"service","Niveau":null,"Pont":null,"Tyoe de pi":null,"État de s":null,"Vitesse ":null,"Référenc":null,"Nom":null,"Éclairage":null,"Sans issue":null,"Intersecti":null,"Nombre de ":null,"Accès":null,"surface":"Terre","Service":"Ruelle","Sens uniqu":null},"geometry":{"type":"LineString","coordinates":[[-16.4253368,16.0542474],[-16.4250741,16.0539436],[-16.4249132,16.0540106],[-16.4251814,16.0543637]]}},{"type":"Feature","properties":{"full_id":"w1014517092","osm_id":"1014517092","osm_type":"way","Type de vo":"service","Niveau":"-1","Pont":null,"Tyoe de pi":null,"État de s":null,"Vitesse ":null,"Référenc":null,"Nom":null,"Éclairage":null,"Sans issue":null,"Intersecti":null,"Nombre de ":null,"Accès":null,"surface":"Terre","Service":"Ruelle","Sens uniqu":null},"geometry":{"type":"LineString","coordinates":[[-16.4253109,16.05334],[-16.425676,16.0536474],[-16.4255324,16.0538453]]}},{"type":"Feature","properties":{"full_id":"w1014517094","osm_id":"1014517094","osm_type":"way","Type de vo":"service","Niveau":null,"Pont":null,"Tyoe de pi":null,"État de s":null,"Vitesse ":null,"Référenc":null,"Nom":null,"Éclairage":null,"Sans issue":null,"Intersecti":null,"Nombre de ":null,"Accès":null,"surface":"Terre","Service":"Ruelle","Sens uniqu":null},"geometry":{"type":"LineString","coordinates":[[-16.4221104,16.0551897],[-16.4226757,16.0553162]]}},{"type":"Feature","properties":{"full_id":"w1014517095","osm_id":"1014517095","osm_type":"way","Type de vo":"service","Niveau":null,"Pont":null,"Tyoe de pi":null,"État de s":null,"Vitesse ":null,"Référenc":null,"Nom":null,"Éclairage":null,"Sans issue":null,"Intersecti":null,"Nombre de ":null,"Accès":null,"surface":"Terre","Service":"Ruelle","Sens uniqu":null},"geometry":{"type":"LineString","coordinates":[[-16.4223373,16.054926],[-16.4223185,16.0552275]]}},{"type":"Feature","properties":{"full_id":"w1014517096","osm_id":"1014517096","osm_type":"way","Type de vo":"service","Niveau":null,"Pont":null,"Tyoe de pi":null,"État de s":null,"Vitesse ":null,"Référenc":null,"Nom":null,"Éclairage":null,"Sans issue":null,"Intersecti":null,"Nombre de ":null,"Accès":null,"surface":"Terre","Service":"Ruelle","Sens uniqu":null},"geometry":{"type":"LineString","coordinates":[[-16.4232996,16.0553635],[-16.4227175,16.0552255]]}},{"type":"Feature","properties":{"full_id":"w1014517098","osm_id":"1014517098","osm_type":"way","Type de vo":"service","Niveau":null,"Pont":null,"Tyoe de pi":null,"État de s":null,"Vitesse ":null,"Référenc":null,"Nom":null,"Éclairage":null,"Sans issue":null,"Intersecti":null,"Nombre de ":null,"Accès":null,"surface":"Terre","Service":"Ruelle","Sens uniqu":null},"geometry":{"type":"LineString","coordinates":[[-16.4212281,16.0531285],[-16.4217923,16.0531776],[-16.4218124,16.0534259]]}},{"type":"Feature","properties":{"full_id":"w1014517111","osm_id":"1014517111","osm_type":"way","Type de vo":"service","Niveau":null,"Pont":null,"Tyoe de pi":null,"État de s":null,"Vitesse ":null,"Référenc":null,"Nom":null,"Éclairage":null,"Sans issue":null,"Intersecti":null,"Nombre de ":null,"Accès":null,"surface":"Terre","Service":"Ruelle","Sens uniqu":null},"geometry":{"type":"LineString","coordinates":[[-16.4231214,16.0518156],[-16.4235893,16.0517412],[-16.4235157,16.0513146]]}},{"type":"Feature","properties":{"full_id":"w1014517114","osm_id":"1014517114","osm_type":"way","Type de vo":"service","Niveau":null,"Pont":null,"Tyoe de pi":null,"État de s":null,"Vitesse ":null,"Référenc":null,"Nom":null,"Éclairage":null,"Sans issue":null,"Intersecti":null,"Nombre de ":null,"Accès":null,"surface":"Terre","Service":"Ruelle","Sens uniqu":null},"geometry":{"type":"LineString","coordinates":[[-16.4231212,16.0543353],[-16.4229204,16.0549318]]}},{"type":"Feature","properties":{"full_id":"w1014517115","osm_id":"1014517115","osm_type":"way","Type de vo":"service","Niveau":null,"Pont":null,"Tyoe de pi":null,"État de s":null,"Vitesse ":null,"Référenc":null,"Nom":null,"Éclairage":null,"Sans issue":null,"Intersecti":null,"Nombre de ":null,"Accès":null,"surface":"Terre","Service":"Ruelle","Sens uniqu":null},"geometry":{"type":"LineString","coordinates":[[-16.4241595,16.054028],[-16.4237021,16.0540872],[-16.4236748,16.0538552],[-16.4239199,16.0540587]]}},{"type":"Feature","properties":{"full_id":"w1014940082","osm_id":"1014940082","osm_type":"way","Type de vo":"service","Niveau":null,"Pont":null,"Tyoe de pi":null,"État de s":null,"Vitesse ":null,"Référenc":null,"Nom":null,"Éclairage":null,"Sans issue":null,"Intersecti":null,"Nombre de ":null,"Accès":null,"surface":"Terre","Service":"Ruelle","Sens uniqu":null},"geometry":{"type":"LineString","coordinates":[[-16.4388963,16.0423304],[-16.439123,16.0425636],[-16.4385656,16.0430055]]}},{"type":"Feature","properties":{"full_id":"w1014940083","osm_id":"1014940083","osm_type":"way","Type de vo":"service","Niveau":null,"Pont":null,"Tyoe de pi":null,"État de s":null,"Vitesse ":null,"Référenc":null,"Nom":null,"Éclairage":null,"Sans issue":null,"Intersecti":null,"Nombre de ":null,"Accès":null,"surface":"Terre","Service":"Ruelle","Sens uniqu":null},"geometry":{"type":"LineString","coordinates":[[-16.439123,16.0425636],[-16.439631874381917,16.04307367079504]]}},{"type":"Feature","properties":{"full_id":"w1014940088","osm_id":"1014940088","osm_type":"way","Type de vo":"service","Niveau":null,"Pont":null,"Tyoe de pi":null,"État de s":null,"Vitesse ":null,"Référenc":null,"Nom":null,"Éclairage":null,"Sans issue":null,"Intersecti":null,"Nombre de ":null,"Accès":null,"surface":"Terre","Service":"Ruelle","Sens uniqu":null},"geometry":{"type":"LineString","coordinates":[[-16.4371491,16.0422184],[-16.4373413,16.0421111],[-16.437743,16.0422165]]}},{"type":"Feature","properties":{"full_id":"w1014940090","osm_id":"1014940090","osm_type":"way","Type de vo":"service","Niveau":null,"Pont":null,"Tyoe de pi":null,"État de s":null,"Vitesse ":null,"Référenc":null,"Nom":null,"Éclairage":null,"Sans issue":null,"Intersecti":null,"Nombre de ":null,"Accès":null,"surface":"Terre","Service":"Ruelle","Sens uniqu":null},"geometry":{"type":"LineString","coordinates":[[-16.4386529,16.0414597],[-16.4383675,16.0418968]]}},{"type":"Feature","properties":{"full_id":"w1014940093","osm_id":"1014940093","osm_type":"way","Type de vo":"service","Niveau":null,"Pont":null,"Tyoe de pi":null,"État de s":null,"Vitesse ":null,"Référenc":null,"Nom":null,"Éclairage":null,"Sans issue":null,"Intersecti":null,"Nombre de ":null,"Accès":null,"surface":"Terre","Service":"Ruelle","Sens uniqu":null},"geometry":{"type":"LineString","coordinates":[[-16.439938490047123,16.041674427774343],[-16.4397613,16.0418096],[-16.439438,16.0414788]]}},{"type":"Feature","properties":{"full_id":"w1014940094","osm_id":"1014940094","osm_type":"way","Type de vo":"service","Niveau":null,"Pont":null,"Tyoe de pi":null,"État de s":null,"Vitesse ":null,"Référenc":null,"Nom":null,"Éclairage":null,"Sans issue":null,"Intersecti":null,"Nombre de ":null,"Accès":null,"surface":"Terre","Service":"Ruelle","Sens uniqu":null},"geometry":{"type":"LineString","coordinates":[[-16.4397613,16.0418096],[-16.4398507,16.0419698],[-16.4394892,16.0422572]]}},{"type":"Feature","properties":{"full_id":"w1014940095","osm_id":"1014940095","osm_type":"way","Type de vo":"service","Niveau":null,"Pont":null,"Tyoe de pi":null,"État de s":null,"Vitesse ":null,"Référenc":null,"Nom":null,"Éclairage":null,"Sans issue":null,"Intersecti":null,"Nombre de ":null,"Accès":null,"surface":"Terre","Service":"Ruelle","Sens uniqu":null},"geometry":{"type":"LineString","coordinates":[[-16.4398802,16.0417189],[-16.439919291217134,16.041762041787326]]}},{"type":"Feature","properties":{"full_id":"w1014940098","osm_id":"1014940098","osm_type":"way","Type de vo":"service","Niveau":null,"Pont":null,"Tyoe de pi":null,"État de s":null,"Vitesse ":null,"Référenc":null,"Nom":null,"Éclairage":null,"Sans issue":null,"Intersecti":null,"Nombre de ":null,"Accès":null,"surface":"Terre","Service":"Ruelle","Sens uniqu":null},"geometry":{"type":"LineString","coordinates":[[-16.4389177,16.0411085],[-16.4386178,16.0409126]]}},{"type":"Feature","properties":{"full_id":"w1014940105","osm_id":"1014940105","osm_type":"way","Type de vo":"service","Niveau":null,"Pont":null,"Tyoe de pi":null,"État de s":null,"Vitesse ":null,"Référenc":null,"Nom":null,"Éclairage":null,"Sans issue":null,"Intersecti":null,"Nombre de ":null,"Accès":null,"surface":"Terre","Service":"Ruelle","Sens uniqu":null},"geometry":{"type":"LineString","coordinates":[[-16.4398201,16.0401574],[-16.4392141,16.040067]]}},{"type":"Feature","properties":{"full_id":"w1014940106","osm_id":"1014940106","osm_type":"way","Type de vo":"service","Niveau":"-1","Pont":null,"Tyoe de pi":null,"État de s":null,"Vitesse ":null,"Référenc":null,"Nom":null,"Éclairage":null,"Sans issue":null,"Intersecti":null,"Nombre de ":null,"Accès":null,"surface":"Terre","Service":"Ruelle","Sens uniqu":null},"geometry":{"type":"LineString","coordinates":[[-16.44025568098654,16.040226924405896],[-16.4396487,16.0407052]]}},{"type":"Feature","properties":{"full_id":"w1014943306","osm_id":"1014943306","osm_type":"way","Type de vo":"service","Niveau":null,"Pont":null,"Tyoe de pi":null,"État de s":null,"Vitesse ":null,"Référenc":null,"Nom":null,"Éclairage":null,"Sans issue":null,"Intersecti":null,"Nombre de ":null,"Accès":null,"surface":"Terre","Service":"Ruelle","Sens uniqu":null},"geometry":{"type":"LineString","coordinates":[[-16.4401289,16.0373788],[-16.4400154,16.0378759]]}},{"type":"Feature","properties":{"full_id":"w1014946158","osm_id":"1014946158","osm_type":"way","Type de vo":"service","Niveau":null,"Pont":null,"Tyoe de pi":null,"État de s":null,"Vitesse ":null,"Référenc":null,"Nom":null,"Éclairage":null,"Sans issue":null,"Intersecti":null,"Nombre de ":null,"Accès":null,"surface":"Terre","Service":"Ruelle","Sens uniqu":null},"geometry":{"type":"LineString","coordinates":[[-16.4377131,16.038363],[-16.4379835,16.0389556]]}},{"type":"Feature","properties":{"full_id":"w1014946159","osm_id":"1014946159","osm_type":"way","Type de vo":"service","Niveau":null,"Pont":null,"Tyoe de pi":null,"État de s":null,"Vitesse ":null,"Référenc":null,"Nom":null,"Éclairage":null,"Sans issue":null,"Intersecti":null,"Nombre de ":null,"Accès":null,"surface":"Terre","Service":"Ruelle","Sens uniqu":null},"geometry":{"type":"LineString","coordinates":[[-16.436701,16.0385582],[-16.4372145,16.0383121],[-16.4371233,16.0380257]]}},{"type":"Feature","properties":{"full_id":"w1014946160","osm_id":"1014946160","osm_type":"way","Type de vo":"service","Niveau":null,"Pont":null,"Tyoe de pi":null,"État de s":null,"Vitesse ":null,"Référenc":null,"Nom":null,"Éclairage":null,"Sans issue":null,"Intersecti":null,"Nombre de ":null,"Accès":null,"surface":"Terre","Service":"Ruelle","Sens uniqu":null},"geometry":{"type":"LineString","coordinates":[[-16.4372145,16.0383121],[-16.4373053,16.038565]]}},{"type":"Feature","properties":{"full_id":"w1014946162","osm_id":"1014946162","osm_type":"way","Type de vo":"service","Niveau":null,"Pont":null,"Tyoe de pi":null,"État de s":null,"Vitesse ":null,"Référenc":null,"Nom":null,"Éclairage":null,"Sans issue":null,"Intersecti":null,"Nombre de ":null,"Accès":null,"surface":"Terre","Service":"Ruelle","Sens uniqu":null},"geometry":{"type":"LineString","coordinates":[[-16.4364592,16.0372421],[-16.4355153,16.0373512],[-16.4355249,16.0377032],[-16.4358695,16.0377935],[-16.4359182,16.0379832]]}},{"type":"Feature","properties":{"full_id":"w1014946164","osm_id":"1014946164","osm_type":"way","Type de vo":"service","Niveau":null,"Pont":null,"Tyoe de pi":null,"État de s":null,"Vitesse ":null,"Référenc":null,"Nom":null,"Éclairage":null,"Sans issue":null,"Intersecti":null,"Nombre de ":null,"Accès":null,"surface":"Terre","Service":"Ruelle","Sens uniqu":null},"geometry":{"type":"LineString","coordinates":[[-16.4345399,16.0374116],[-16.4344042,16.0378244],[-16.4338454,16.0377963],[-16.4337185,16.0374252]]}},{"type":"Feature","properties":{"full_id":"w1014946165","osm_id":"1014946165","osm_type":"way","Type de vo":"service","Niveau":"-1","Pont":null,"Tyoe de pi":null,"État de s":null,"Vitesse ":null,"Référenc":null,"Nom":null,"Éclairage":null,"Sans issue":null,"Intersecti":null,"Nombre de ":null,"Accès":null,"surface":"Terre","Service":"Ruelle","Sens uniqu":null},"geometry":{"type":"LineString","coordinates":[[-16.4355249,16.0377032],[-16.4355616,16.0386085]]}},{"type":"Feature","properties":{"full_id":"w1014946166","osm_id":"1014946166","osm_type":"way","Type de vo":"service","Niveau":null,"Pont":null,"Tyoe de pi":null,"État de s":null,"Vitesse ":null,"Référenc":null,"Nom":null,"Éclairage":null,"Sans issue":null,"Intersecti":null,"Nombre de ":null,"Accès":null,"surface":"Terre","Service":"Ruelle","Sens uniqu":null},"geometry":{"type":"LineString","coordinates":[[-16.4355033,16.0380913],[-16.434963,16.0381754],[-16.4350288,16.038558]]}},{"type":"Feature","properties":{"full_id":"w1014946167","osm_id":"1014946167","osm_type":"way","Type de vo":"service","Niveau":"-1","Pont":null,"Tyoe de pi":null,"État de s":null,"Vitesse ":null,"Référenc":null,"Nom":null,"Éclairage":null,"Sans issue":null,"Intersecti":null,"Nombre de ":null,"Accès":null,"surface":"Terre","Service":"Ruelle","Sens uniqu":null},"geometry":{"type":"LineString","coordinates":[[-16.4359182,16.0370616],[-16.4354269,16.0370487],[-16.4353909,16.0376079]]}},{"type":"Feature","properties":{"full_id":"w1014946171","osm_id":"1014946171","osm_type":"way","Type de vo":"service","Niveau":null,"Pont":null,"Tyoe de pi":null,"État de s":null,"Vitesse ":null,"Référenc":null,"Nom":null,"Éclairage":null,"Sans issue":null,"Intersecti":null,"Nombre de ":null,"Accès":null,"surface":"Terre","Service":"Ruelle","Sens uniqu":null},"geometry":{"type":"LineString","coordinates":[[-16.435418,16.037087],[-16.4348632,16.0370852]]}},{"type":"Feature","properties":{"full_id":"w1014946172","osm_id":"1014946172","osm_type":"way","Type de vo":"service","Niveau":null,"Pont":null,"Tyoe de pi":null,"État de s":null,"Vitesse ":null,"Référenc":null,"Nom":null,"Éclairage":null,"Sans issue":null,"Intersecti":null,"Nombre de ":null,"Accès":null,"surface":"Terre","Service":"Ruelle","Sens uniqu":null},"geometry":{"type":"LineString","coordinates":[[-16.4357337,16.0366554],[-16.4357128,16.0369963]]}},{"type":"Feature","properties":{"full_id":"w1014946175","osm_id":"1014946175","osm_type":"way","Type de vo":"service","Niveau":null,"Pont":null,"Tyoe de pi":null,"État de s":null,"Vitesse ":null,"Référenc":null,"Nom":null,"Éclairage":null,"Sans issue":null,"Intersecti":null,"Nombre de ":null,"Accès":null,"surface":"Terre","Service":"Ruelle","Sens uniqu":null},"geometry":{"type":"LineString","coordinates":[[-16.4353589,16.0357581],[-16.4353418,16.0366949]]}},{"type":"Feature","properties":{"full_id":"w1014946176","osm_id":"1014946176","osm_type":"way","Type de vo":"service","Niveau":null,"Pont":null,"Tyoe de pi":null,"État de s":null,"Vitesse ":null,"Référenc":null,"Nom":null,"Éclairage":null,"Sans issue":null,"Intersecti":null,"Nombre de ":null,"Accès":null,"surface":"Terre","Service":"Ruelle","Sens uniqu":null},"geometry":{"type":"LineString","coordinates":[[-16.4358312,16.0357315],[-16.4359547,16.0366543]]}},{"type":"Feature","properties":{"full_id":"w1014946187","osm_id":"1014946187","osm_type":"way","Type de vo":"service","Niveau":"-1","Pont":null,"Tyoe de pi":null,"État de s":null,"Vitesse ":null,"Référenc":null,"Nom":null,"Éclairage":null,"Sans issue":null,"Intersecti":null,"Nombre de ":null,"Accès":null,"surface":"Terre","Service":"Ruelle","Sens uniqu":null},"geometry":{"type":"LineString","coordinates":[[-16.4359127,16.0363629],[-16.4366858,16.0364254]]}},{"type":"Feature","properties":{"full_id":"w1014946188","osm_id":"1014946188","osm_type":"way","Type de vo":"service","Niveau":"-1","Pont":null,"Tyoe de pi":null,"État de s":null,"Vitesse ":null,"Référenc":null,"Nom":null,"Éclairage":null,"Sans issue":null,"Intersecti":null,"Nombre de ":null,"Accès":null,"surface":"Terre","Service":"Ruelle","Sens uniqu":null},"geometry":{"type":"LineString","coordinates":[[-16.4361151,16.0356213],[-16.4362215,16.0362319],[-16.4360103,16.0363733]]}},{"type":"Feature","properties":{"full_id":"w1014946189","osm_id":"1014946189","osm_type":"way","Type de vo":"service","Niveau":null,"Pont":null,"Tyoe de pi":null,"État de s":null,"Vitesse ":null,"Référenc":null,"Nom":null,"Éclairage":null,"Sans issue":null,"Intersecti":null,"Nombre de ":null,"Accès":null,"surface":"Terre","Service":"Ruelle","Sens uniqu":null},"geometry":{"type":"LineString","coordinates":[[-16.4356684,16.0353007],[-16.4351261,16.0354885]]}},{"type":"Feature","properties":{"full_id":"w1014946191","osm_id":"1014946191","osm_type":"way","Type de vo":"service","Niveau":null,"Pont":null,"Tyoe de pi":null,"État de s":null,"Vitesse ":null,"Référenc":null,"Nom":null,"Éclairage":null,"Sans issue":null,"Intersecti":null,"Nombre de ":null,"Accès":null,"surface":"Terre","Service":"Ruelle","Sens uniqu":null},"geometry":{"type":"LineString","coordinates":[[-16.4367333,16.0343369],[-16.4367291,16.0344901],[-16.4362802,16.0346998]]}},{"type":"Feature","properties":{"full_id":"w1014948181","osm_id":"1014948181","osm_type":"way","Type de vo":"service","Niveau":null,"Pont":null,"Tyoe de pi":null,"État de s":null,"Vitesse ":null,"Référenc":null,"Nom":null,"Éclairage":null,"Sans issue":null,"Intersecti":null,"Nombre de ":null,"Accès":null,"surface":"Terre","Service":"Ruelle","Sens uniqu":null},"geometry":{"type":"LineString","coordinates":[[-16.4348604,16.0346375],[-16.4346005,16.0340578]]}},{"type":"Feature","properties":{"full_id":"w1014948182","osm_id":"1014948182","osm_type":"way","Type de vo":"service","Niveau":null,"Pont":null,"Tyoe de pi":null,"État de s":null,"Vitesse ":null,"Référenc":null,"Nom":null,"Éclairage":null,"Sans issue":null,"Intersecti":null,"Nombre de ":null,"Accès":null,"surface":"Terre","Service":"Ruelle","Sens uniqu":null},"geometry":{"type":"LineString","coordinates":[[-16.4353649,16.0330549],[-16.4351848,16.0334891],[-16.4347283,16.0336646]]}},{"type":"Feature","properties":{"full_id":"w1014948194","osm_id":"1014948194","osm_type":"way","Type de vo":"service","Niveau":null,"Pont":null,"Tyoe de pi":null,"État de s":null,"Vitesse ":null,"Référenc":null,"Nom":null,"Éclairage":null,"Sans issue":null,"Intersecti":null,"Nombre de ":null,"Accès":null,"surface":"Terre","Service":"Ruelle","Sens uniqu":null},"geometry":{"type":"LineString","coordinates":[[-16.4358103,16.031942],[-16.4359481,16.0325424]]}},{"type":"Feature","properties":{"full_id":"w1014948196","osm_id":"1014948196","osm_type":"way","Type de vo":"service","Niveau":null,"Pont":null,"Tyoe de pi":null,"État de s":null,"Vitesse ":null,"Référenc":null,"Nom":null,"Éclairage":null,"Sans issue":null,"Intersecti":null,"Nombre de ":null,"Accès":null,"surface":"Terre","Service":"Ruelle","Sens uniqu":null},"geometry":{"type":"LineString","coordinates":[[-16.4367485,16.0331301],[-16.4367861,16.0329301],[-16.4365009,16.0327728]]}},{"type":"Feature","properties":{"full_id":"w1014948197","osm_id":"1014948197","osm_type":"way","Type de vo":"service","Niveau":null,"Pont":null,"Tyoe de pi":null,"État de s":null,"Vitesse ":null,"Référenc":null,"Nom":null,"Éclairage":null,"Sans issue":null,"Intersecti":null,"Nombre de ":null,"Accès":null,"surface":"Terre","Service":"Ruelle","Sens uniqu":null},"geometry":{"type":"LineString","coordinates":[[-16.4358886,16.0322831],[-16.4354562,16.032289],[-16.435387,16.032054]]}},{"type":"Feature","properties":{"full_id":"w1014948200","osm_id":"1014948200","osm_type":"way","Type de vo":"service","Niveau":null,"Pont":null,"Tyoe de pi":null,"État de s":null,"Vitesse ":null,"Référenc":null,"Nom":null,"Éclairage":null,"Sans issue":null,"Intersecti":null,"Nombre de ":null,"Accès":null,"surface":"Terre","Service":"Ruelle","Sens uniqu":null},"geometry":{"type":"LineString","coordinates":[[-16.436201,16.0309911],[-16.4370672,16.0310431]]}},{"type":"Feature","properties":{"full_id":"w1014948201","osm_id":"1014948201","osm_type":"way","Type de vo":"service","Niveau":null,"Pont":null,"Tyoe de pi":null,"État de s":null,"Vitesse ":null,"Référenc":null,"Nom":null,"Éclairage":null,"Sans issue":null,"Intersecti":null,"Nombre de ":null,"Accès":null,"surface":"Terre","Service":"Ruelle","Sens uniqu":null},"geometry":{"type":"LineString","coordinates":[[-16.4371374,16.0306752],[-16.4370358,16.0312704]]}},{"type":"Feature","properties":{"full_id":"w1014948202","osm_id":"1014948202","osm_type":"way","Type de vo":"service","Niveau":null,"Pont":null,"Tyoe de pi":null,"État de s":null,"Vitesse ":null,"Référenc":null,"Nom":null,"Éclairage":null,"Sans issue":null,"Intersecti":null,"Nombre de ":null,"Accès":null,"surface":"Terre","Service":"Ruelle","Sens uniqu":null},"geometry":{"type":"LineString","coordinates":[[-16.436201,16.0309911],[-16.4355821,16.0311035],[-16.4357205,16.031539],[-16.4350753,16.0316852]]}},{"type":"Feature","properties":{"full_id":"w1014948207","osm_id":"1014948207","osm_type":"way","Type de vo":"service","Niveau":null,"Pont":null,"Tyoe de pi":null,"État de s":null,"Vitesse ":null,"Référenc":null,"Nom":null,"Éclairage":null,"Sans issue":null,"Intersecti":null,"Nombre de ":null,"Accès":null,"surface":"Terre","Service":"Ruelle","Sens uniqu":null},"geometry":{"type":"LineString","coordinates":[[-16.4369042,16.0265715],[-16.4368488,16.0268138],[-16.4365006,16.0268259],[-16.4364142,16.0264886]]}},{"type":"Feature","properties":{"full_id":"w1014948209","osm_id":"1014948209","osm_type":"way","Type de vo":"service","Niveau":null,"Pont":null,"Tyoe de pi":null,"État de s":null,"Vitesse ":null,"Référenc":null,"Nom":null,"Éclairage":null,"Sans issue":null,"Intersecti":null,"Nombre de ":null,"Accès":null,"surface":"Terre","Service":"Ruelle","Sens uniqu":null},"geometry":{"type":"LineString","coordinates":[[-16.4382597,16.0251452],[-16.4377431,16.0250354]]}},{"type":"Feature","properties":{"full_id":"w1014951243","osm_id":"1014951243","osm_type":"way","Type de vo":"service","Niveau":null,"Pont":null,"Tyoe de pi":null,"État de s":null,"Vitesse ":null,"Référenc":null,"Nom":null,"Éclairage":null,"Sans issue":null,"Intersecti":null,"Nombre de ":null,"Accès":null,"surface":"Terre","Service":"Ruelle","Sens uniqu":null},"geometry":{"type":"LineString","coordinates":[[-16.4347475,16.040277],[-16.4349709,16.0407438]]}},{"type":"Feature","properties":{"full_id":"w1014951250","osm_id":"1014951250","osm_type":"way","Type de vo":"service","Niveau":null,"Pont":null,"Tyoe de pi":null,"État de s":null,"Vitesse ":null,"Référenc":null,"Nom":null,"Éclairage":null,"Sans issue":null,"Intersecti":null,"Nombre de ":null,"Accès":null,"surface":"Terre","Service":"Ruelle","Sens uniqu":null},"geometry":{"type":"LineString","coordinates":[[-16.4319337,16.0419877],[-16.4315151,16.0425553]]}},{"type":"Feature","properties":{"full_id":"w1014951251","osm_id":"1014951251","osm_type":"way","Type de vo":"service","Niveau":null,"Pont":null,"Tyoe de pi":null,"État de s":null,"Vitesse ":null,"Référenc":null,"Nom":null,"Éclairage":null,"Sans issue":null,"Intersecti":null,"Nombre de ":null,"Accès":null,"surface":"Terre","Service":"Ruelle","Sens uniqu":null},"geometry":{"type":"LineString","coordinates":[[-16.4315689,16.0427641],[-16.4317448,16.0444756]]}},{"type":"Feature","properties":{"full_id":"w1014951252","osm_id":"1014951252","osm_type":"way","Type de vo":"service","Niveau":null,"Pont":null,"Tyoe de pi":null,"État de s":null,"Vitesse ":null,"Référenc":null,"Nom":null,"Éclairage":null,"Sans issue":null,"Intersecti":null,"Nombre de ":null,"Accès":null,"surface":"Terre","Service":"Ruelle","Sens uniqu":null},"geometry":{"type":"LineString","coordinates":[[-16.4317512,16.044444],[-16.4314233,16.0444752]]}},{"type":"Feature","properties":{"full_id":"w1014951253","osm_id":"1014951253","osm_type":"way","Type de vo":"service","Niveau":null,"Pont":null,"Tyoe de pi":null,"État de s":null,"Vitesse ":null,"Référenc":null,"Nom":null,"Éclairage":null,"Sans issue":null,"Intersecti":null,"Nombre de ":null,"Accès":null,"surface":"Terre","Service":"Ruelle","Sens uniqu":null},"geometry":{"type":"LineString","coordinates":[[-16.4327697,16.0436895],[-16.4328137,16.0438176],[-16.4322012,16.0439785]]}},{"type":"Feature","properties":{"full_id":"w1014951264","osm_id":"1014951264","osm_type":"way","Type de vo":"service","Niveau":null,"Pont":null,"Tyoe de pi":null,"État de s":null,"Vitesse ":null,"Référenc":null,"Nom":null,"Éclairage":null,"Sans issue":null,"Intersecti":null,"Nombre de ":null,"Accès":null,"surface":"Terre","Service":"Ruelle","Sens uniqu":null},"geometry":{"type":"LineString","coordinates":[[-16.429775,16.0431883],[-16.4294913,16.0434835],[-16.429333,16.0433852]]}},{"type":"Feature","properties":{"full_id":"w1014951265","osm_id":"1014951265","osm_type":"way","Type de vo":"service","Niveau":null,"Pont":null,"Tyoe de pi":null,"État de s":null,"Vitesse ":null,"Référenc":null,"Nom":null,"Éclairage":null,"Sans issue":null,"Intersecti":null,"Nombre de ":null,"Accès":null,"surface":"Terre","Service":"Ruelle","Sens uniqu":null},"geometry":{"type":"LineString","coordinates":[[-16.430646,16.0425248],[-16.4301917,16.0428258]]}},{"type":"Feature","properties":{"full_id":"w1014951269","osm_id":"1014951269","osm_type":"way","Type de vo":"service","Niveau":null,"Pont":null,"Tyoe de pi":null,"État de s":null,"Vitesse ":null,"Référenc":null,"Nom":null,"Éclairage":null,"Sans issue":null,"Intersecti":null,"Nombre de ":null,"Accès":null,"surface":"Terre","Service":"Ruelle","Sens uniqu":null},"geometry":{"type":"LineString","coordinates":[[-16.4300537,16.0419043],[-16.4296908,16.0415993]]}},{"type":"Feature","properties":{"full_id":"w1014951274","osm_id":"1014951274","osm_type":"way","Type de vo":"service","Niveau":null,"Pont":null,"Tyoe de pi":null,"État de s":null,"Vitesse ":null,"Référenc":null,"Nom":null,"Éclairage":null,"Sans issue":null,"Intersecti":null,"Nombre de ":null,"Accès":null,"surface":"Terre","Service":"Ruelle","Sens uniqu":null},"geometry":{"type":"LineString","coordinates":[[-16.4327557,16.0455631],[-16.4321974,16.0454182]]}},{"type":"Feature","properties":{"full_id":"w1014951275","osm_id":"1014951275","osm_type":"way","Type de vo":"service","Niveau":"-1","Pont":null,"Tyoe de pi":null,"État de s":null,"Vitesse ":null,"Référenc":null,"Nom":null,"Éclairage":null,"Sans issue":null,"Intersecti":null,"Nombre de ":null,"Accès":null,"surface":"Terre","Service":"Ruelle","Sens uniqu":null},"geometry":{"type":"LineString","coordinates":[[-16.4324059,16.0454906],[-16.4324386,16.0453365],[-16.4319422,16.0453064]]}},{"type":"Feature","properties":{"full_id":"w1014951276","osm_id":"1014951276","osm_type":"way","Type de vo":"service","Niveau":null,"Pont":null,"Tyoe de pi":null,"État de s":null,"Vitesse ":null,"Référenc":null,"Nom":null,"Éclairage":null,"Sans issue":null,"Intersecti":null,"Nombre de ":null,"Accès":null,"surface":"Terre","Service":"Ruelle","Sens uniqu":null},"geometry":{"type":"LineString","coordinates":[[-16.431826,16.0462492],[-16.4319494,16.0458645],[-16.431829,16.0458275]]}},{"type":"Feature","properties":{"full_id":"w1014951277","osm_id":"1014951277","osm_type":"way","Type de vo":"service","Niveau":null,"Pont":null,"Tyoe de pi":null,"État de s":null,"Vitesse ":null,"Référenc":null,"Nom":null,"Éclairage":null,"Sans issue":null,"Intersecti":null,"Nombre de ":null,"Accès":null,"surface":"Terre","Service":"Ruelle","Sens uniqu":null},"geometry":{"type":"LineString","coordinates":[[-16.4317676,16.0454113],[-16.4319754,16.0454353],[-16.4321007,16.0457294],[-16.432466,16.0459036]]}},{"type":"Feature","properties":{"full_id":"w1014953011","osm_id":"1014953011","osm_type":"way","Type de vo":"service","Niveau":null,"Pont":null,"Tyoe de pi":null,"État de s":null,"Vitesse ":null,"Référenc":null,"Nom":null,"Éclairage":null,"Sans issue":null,"Intersecti":null,"Nombre de ":null,"Accès":null,"surface":"Terre","Service":"Ruelle","Sens uniqu":null},"geometry":{"type":"LineString","coordinates":[[-16.4296315,16.0457056],[-16.4297634,16.0459089],[-16.4304997,16.0458902]]}},{"type":"Feature","properties":{"full_id":"w1014953016","osm_id":"1014953016","osm_type":"way","Type de vo":"service","Niveau":null,"Pont":null,"Tyoe de pi":null,"État de s":null,"Vitesse ":null,"Référenc":null,"Nom":null,"Éclairage":null,"Sans issue":null,"Intersecti":null,"Nombre de ":null,"Accès":null,"surface":"Terre","Service":"Ruelle","Sens uniqu":null},"geometry":{"type":"LineString","coordinates":[[-16.4299625,16.0437819],[-16.4297425,16.0440121],[-16.4301136,16.0442515]]}},{"type":"Feature","properties":{"full_id":"w1014953025","osm_id":"1014953025","osm_type":"way","Type de vo":"service","Niveau":"-1","Pont":null,"Tyoe de pi":null,"État de s":null,"Vitesse ":null,"Référenc":null,"Nom":null,"Éclairage":null,"Sans issue":null,"Intersecti":null,"Nombre de ":null,"Accès":null,"surface":"Terre","Service":"Ruelle","Sens uniqu":null},"geometry":{"type":"LineString","coordinates":[[-16.4269703,16.0438738],[-16.4264993,16.044047],[-16.4263228,16.0442836]]}},{"type":"Feature","properties":{"full_id":"w1014953034","osm_id":"1014953034","osm_type":"way","Type de vo":"service","Niveau":null,"Pont":null,"Tyoe de pi":null,"État de s":null,"Vitesse ":null,"Référenc":null,"Nom":null,"Éclairage":null,"Sans issue":null,"Intersecti":null,"Nombre de ":null,"Accès":null,"surface":"Terre","Service":"Ruelle","Sens uniqu":null},"geometry":{"type":"LineString","coordinates":[[-16.425538,16.0452001],[-16.425279,16.0461224]]}},{"type":"Feature","properties":{"full_id":"w1014953035","osm_id":"1014953035","osm_type":"way","Type de vo":"service","Niveau":null,"Pont":null,"Tyoe de pi":null,"État de s":null,"Vitesse ":null,"Référenc":null,"Nom":null,"Éclairage":null,"Sans issue":null,"Intersecti":null,"Nombre de ":null,"Accès":null,"surface":"Terre","Service":"Ruelle","Sens uniqu":null},"geometry":{"type":"LineString","coordinates":[[-16.4257201,16.0456093],[-16.425033,16.0453872],[-16.4247385,16.0457827]]}},{"type":"Feature","properties":{"full_id":"w1014953036","osm_id":"1014953036","osm_type":"way","Type de vo":"service","Niveau":null,"Pont":null,"Tyoe de pi":null,"État de s":null,"Vitesse ":null,"Référenc":null,"Nom":null,"Éclairage":null,"Sans issue":null,"Intersecti":null,"Nombre de ":null,"Accès":null,"surface":"Terre","Service":"Ruelle","Sens uniqu":null},"geometry":{"type":"LineString","coordinates":[[-16.4255679,16.0459367],[-16.4247385,16.0457827]]}},{"type":"Feature","properties":{"full_id":"w1014953037","osm_id":"1014953037","osm_type":"way","Type de vo":"service","Niveau":null,"Pont":null,"Tyoe de pi":null,"État de s":null,"Vitesse ":null,"Référenc":null,"Nom":null,"Éclairage":null,"Sans issue":null,"Intersecti":null,"Nombre de ":null,"Accès":null,"surface":"Terre","Service":"Ruelle","Sens uniqu":null},"geometry":{"type":"LineString","coordinates":[[-16.4251306,16.044977],[-16.425033,16.0453872]]}},{"type":"Feature","properties":{"full_id":"w1014953919","osm_id":"1014953919","osm_type":"way","Type de vo":"service","Niveau":null,"Pont":null,"Tyoe de pi":null,"État de s":null,"Vitesse ":null,"Référenc":null,"Nom":null,"Éclairage":null,"Sans issue":null,"Intersecti":null,"Nombre de ":null,"Accès":null,"surface":"Terre","Service":"Ruelle","Sens uniqu":null},"geometry":{"type":"LineString","coordinates":[[-16.4294163,16.0472994],[-16.4287643,16.0480226],[-16.428897,16.0481425],[-16.4283225,16.0488368]]}},{"type":"Feature","properties":{"full_id":"w1014953922","osm_id":"1014953922","osm_type":"way","Type de vo":"service","Niveau":null,"Pont":null,"Tyoe de pi":null,"État de s":null,"Vitesse ":null,"Référenc":null,"Nom":null,"Éclairage":null,"Sans issue":null,"Intersecti":null,"Nombre de ":null,"Accès":null,"surface":"Terre","Service":"Ruelle","Sens uniqu":null},"geometry":{"type":"LineString","coordinates":[[-16.4255909,16.0499542],[-16.4260247,16.049537],[-16.425904,16.0491974]]}},{"type":"Feature","properties":{"full_id":"w1014953933","osm_id":"1014953933","osm_type":"way","Type de vo":"service","Niveau":null,"Pont":null,"Tyoe de pi":null,"État de s":null,"Vitesse ":null,"Référenc":null,"Nom":null,"Éclairage":null,"Sans issue":null,"Intersecti":null,"Nombre de ":null,"Accès":null,"surface":"Terre","Service":"Ruelle","Sens uniqu":null},"geometry":{"type":"LineString","coordinates":[[-16.4304426,16.0490773],[-16.4312153,16.0497711]]}},{"type":"Feature","properties":{"full_id":"w1014953934","osm_id":"1014953934","osm_type":"way","Type de vo":"service","Niveau":null,"Pont":null,"Tyoe de pi":null,"État de s":null,"Vitesse ":null,"Référenc":null,"Nom":null,"Éclairage":null,"Sans issue":null,"Intersecti":null,"Nombre de ":null,"Accès":null,"surface":"Terre","Service":"Ruelle","Sens uniqu":null},"geometry":{"type":"LineString","coordinates":[[-16.4300183,16.0495811],[-16.4307479,16.0502345]]}},{"type":"Feature","properties":{"full_id":"w1014956061","osm_id":"1014956061","osm_type":"way","Type de vo":"service","Niveau":null,"Pont":null,"Tyoe de pi":null,"État de s":null,"Vitesse ":null,"Référenc":null,"Nom":null,"Éclairage":null,"Sans issue":null,"Intersecti":null,"Nombre de ":null,"Accès":null,"surface":"Terre","Service":"Ruelle","Sens uniqu":null},"geometry":{"type":"LineString","coordinates":[[-16.4234273,16.0538541],[-16.4230921,16.0539278],[-16.4231212,16.0543353]]}},{"type":"Feature","properties":{"full_id":"w1014956893","osm_id":"1014956893","osm_type":"way","Type de vo":"service","Niveau":"-1","Pont":null,"Tyoe de pi":null,"État de s":null,"Vitesse ":null,"Référenc":null,"Nom":null,"Éclairage":null,"Sans issue":null,"Intersecti":null,"Nombre de ":null,"Accès":null,"surface":"Terre","Service":"Ruelle","Sens uniqu":null},"geometry":{"type":"LineString","coordinates":[[-16.4015919,16.0552574],[-16.4013204,16.055195],[-16.4009946,16.0547242]]}},{"type":"Feature","properties":{"full_id":"w1014956894","osm_id":"1014956894","osm_type":"way","Type de vo":"service","Niveau":null,"Pont":null,"Tyoe de pi":null,"État de s":null,"Vitesse ":null,"Référenc":null,"Nom":null,"Éclairage":null,"Sans issue":null,"Intersecti":null,"Nombre de ":null,"Accès":null,"surface":"Terre","Service":"Ruelle","Sens uniqu":null},"geometry":{"type":"LineString","coordinates":[[-16.401245,16.0550898],[-16.4008858,16.0551013],[-16.4008681,16.0552689],[-16.4012731,16.0553541]]}},{"type":"Feature","properties":{"full_id":"w1014956895","osm_id":"1014956895","osm_type":"way","Type de vo":"service","Niveau":"-1","Pont":null,"Tyoe de pi":null,"État de s":null,"Vitesse ":null,"Référenc":null,"Nom":null,"Éclairage":null,"Sans issue":null,"Intersecti":null,"Nombre de ":null,"Accès":null,"surface":"Terre","Service":"Ruelle","Sens uniqu":null},"geometry":{"type":"LineString","coordinates":[[-16.4013204,16.055195],[-16.4012908,16.0555104],[-16.4010277,16.0556098],[-16.4014885,16.0557762]]}},{"type":"Feature","properties":{"full_id":"w1014956896","osm_id":"1014956896","osm_type":"way","Type de vo":"service","Niveau":null,"Pont":null,"Tyoe de pi":null,"État de s":null,"Vitesse ":null,"Référenc":null,"Nom":null,"Éclairage":null,"Sans issue":null,"Intersecti":null,"Nombre de ":null,"Accès":null,"surface":"Terre","Service":"Ruelle","Sens uniqu":null},"geometry":{"type":"LineString","coordinates":[[-16.4015766,16.0553128],[-16.4018466,16.0553683],[-16.4017461,16.055749],[-16.4014877,16.0558814]]}},{"type":"Feature","properties":{"full_id":"w1014956898","osm_id":"1014956898","osm_type":"way","Type de vo":"service","Niveau":null,"Pont":null,"Tyoe de pi":null,"État de s":null,"Vitesse ":null,"Référenc":null,"Nom":null,"Éclairage":null,"Sans issue":null,"Intersecti":null,"Nombre de ":null,"Accès":null,"surface":"Terre","Service":"Ruelle","Sens uniqu":null},"geometry":{"type":"LineString","coordinates":[[-16.401794,16.0545208],[-16.4008888,16.054516],[-16.4009946,16.0547242]]}},{"type":"Feature","properties":{"full_id":"w1014956901","osm_id":"1014956901","osm_type":"way","Type de vo":"service","Niveau":"-1","Pont":null,"Tyoe de pi":null,"État de s":null,"Vitesse ":null,"Référenc":null,"Nom":null,"Éclairage":null,"Sans issue":null,"Intersecti":null,"Nombre de ":null,"Accès":null,"surface":"Terre","Service":"Ruelle","Sens uniqu":null},"geometry":{"type":"LineString","coordinates":[[-16.4022279,16.0535308],[-16.4014025,16.0534387]]}},{"type":"Feature","properties":{"full_id":"w1014956902","osm_id":"1014956902","osm_type":"way","Type de vo":"service","Niveau":null,"Pont":null,"Tyoe de pi":null,"État de s":null,"Vitesse ":null,"Référenc":null,"Nom":null,"Éclairage":null,"Sans issue":null,"Intersecti":null,"Nombre de ":null,"Accès":null,"surface":"Terre","Service":"Ruelle","Sens uniqu":null},"geometry":{"type":"LineString","coordinates":[[-16.4023132,16.0532869],[-16.4020433,16.053268],[-16.4018849,16.0534324]]}},{"type":"Feature","properties":{"full_id":"w1014956903","osm_id":"1014956903","osm_type":"way","Type de vo":"service","Niveau":null,"Pont":null,"Tyoe de pi":null,"État de s":null,"Vitesse ":null,"Référenc":null,"Nom":null,"Éclairage":null,"Sans issue":null,"Intersecti":null,"Nombre de ":null,"Accès":null,"surface":"Terre","Service":"Ruelle","Sens uniqu":null},"geometry":{"type":"LineString","coordinates":[[-16.4020433,16.053268],[-16.4016109,16.0530627]]}},{"type":"Feature","properties":{"full_id":"w1014956904","osm_id":"1014956904","osm_type":"way","Type de vo":"service","Niveau":null,"Pont":null,"Tyoe de pi":null,"État de s":null,"Vitesse ":null,"Référenc":null,"Nom":null,"Éclairage":null,"Sans issue":null,"Intersecti":null,"Nombre de ":null,"Accès":null,"surface":"Terre","Service":"Ruelle","Sens uniqu":null},"geometry":{"type":"LineString","coordinates":[[-16.4018812,16.0531246],[-16.4015312,16.0534263]]}},{"type":"Feature","properties":{"full_id":"w1014959421","osm_id":"1014959421","osm_type":"way","Type de vo":"service","Niveau":null,"Pont":null,"Tyoe de pi":null,"État de s":null,"Vitesse ":null,"Référenc":null,"Nom":null,"Éclairage":null,"Sans issue":null,"Intersecti":null,"Nombre de ":null,"Accès":null,"surface":"Terre","Service":"Ruelle","Sens uniqu":null},"geometry":{"type":"LineString","coordinates":[[-16.3918044,16.0671904],[-16.392113,16.0663899]]}},{"type":"Feature","properties":{"full_id":"w1014959423","osm_id":"1014959423","osm_type":"way","Type de vo":"service","Niveau":null,"Pont":null,"Tyoe de pi":null,"État de s":null,"Vitesse ":null,"Référenc":null,"Nom":null,"Éclairage":null,"Sans issue":null,"Intersecti":null,"Nombre de ":null,"Accès":null,"surface":"Terre","Service":null,"Sens uniqu":null},"geometry":{"type":"LineString","coordinates":[[-16.3924131,16.0637274],[-16.392785,16.0631508],[-16.3929034,16.0626067],[-16.391874,16.0599605],[-16.3914177,16.0594083]]}},{"type":"Feature","properties":{"full_id":"w1014959424","osm_id":"1014959424","osm_type":"way","Type de vo":"service","Niveau":"-1","Pont":null,"Tyoe de pi":null,"État de s":null,"Vitesse ":null,"Référenc":null,"Nom":null,"Éclairage":null,"Sans issue":null,"Intersecti":null,"Nombre de ":null,"Accès":null,"surface":"Terre","Service":"Ruelle","Sens uniqu":null},"geometry":{"type":"LineString","coordinates":[[-16.3912513,16.066399],[-16.3908891,16.0670004]]}},{"type":"Feature","properties":{"full_id":"w1014959427","osm_id":"1014959427","osm_type":"way","Type de vo":"service","Niveau":null,"Pont":null,"Tyoe de pi":null,"État de s":null,"Vitesse ":null,"Référenc":null,"Nom":null,"Éclairage":null,"Sans issue":null,"Intersecti":null,"Nombre de ":null,"Accès":null,"surface":"Terre","Service":"Ruelle","Sens uniqu":null},"geometry":{"type":"LineString","coordinates":[[-16.3913216,16.0670358],[-16.3914252,16.0663719]]}},{"type":"Feature","properties":{"full_id":"w1014959428","osm_id":"1014959428","osm_type":"way","Type de vo":"service","Niveau":null,"Pont":null,"Tyoe de pi":null,"État de s":null,"Vitesse ":null,"Référenc":null,"Nom":null,"Éclairage":null,"Sans issue":null,"Intersecti":null,"Nombre de ":null,"Accès":null,"surface":"Terre","Service":"Ruelle","Sens uniqu":null},"geometry":{"type":"LineString","coordinates":[[-16.3911325,16.066169],[-16.3906706,16.0668475]]}},{"type":"Feature","properties":{"full_id":"w1014959431","osm_id":"1014959431","osm_type":"way","Type de vo":"service","Niveau":null,"Pont":null,"Tyoe de pi":null,"État de s":null,"Vitesse ":null,"Référenc":null,"Nom":null,"Éclairage":null,"Sans issue":null,"Intersecti":null,"Nombre de ":null,"Accès":null,"surface":"Terre","Service":"Ruelle","Sens uniqu":null},"geometry":{"type":"LineString","coordinates":[[-16.3894404,16.0651527],[-16.3895318,16.0655206]]}},{"type":"Feature","properties":{"full_id":"w1014959437","osm_id":"1014959437","osm_type":"way","Type de vo":"service","Niveau":null,"Pont":null,"Tyoe de pi":null,"État de s":null,"Vitesse ":null,"Référenc":null,"Nom":null,"Éclairage":null,"Sans issue":null,"Intersecti":null,"Nombre de ":null,"Accès":null,"surface":"Terre","Service":"Ruelle","Sens uniqu":null},"geometry":{"type":"LineString","coordinates":[[-16.3908782,16.067476],[-16.3903444,16.0673677]]}},{"type":"Feature","properties":{"full_id":"w1014959438","osm_id":"1014959438","osm_type":"way","Type de vo":"service","Niveau":null,"Pont":null,"Tyoe de pi":null,"État de s":null,"Vitesse ":null,"Référenc":null,"Nom":null,"Éclairage":null,"Sans issue":null,"Intersecti":null,"Nombre de ":null,"Accès":null,"surface":"Terre","Service":"Ruelle","Sens uniqu":null},"geometry":{"type":"LineString","coordinates":[[-16.3909354,16.0670273],[-16.3908388,16.0677729]]}},{"type":"Feature","properties":{"full_id":"w1014959440","osm_id":"1014959440","osm_type":"way","Type de vo":"service","Niveau":null,"Pont":null,"Tyoe de pi":null,"État de s":null,"Vitesse ":null,"Référenc":null,"Nom":null,"Éclairage":null,"Sans issue":null,"Intersecti":null,"Nombre de ":null,"Accès":null,"surface":"Terre","Service":"Ruelle","Sens uniqu":null},"geometry":{"type":"LineString","coordinates":[[-16.391636,16.0676735],[-16.3904161,16.0678534]]}},{"type":"Feature","properties":{"full_id":"w1014959441","osm_id":"1014959441","osm_type":"way","Type de vo":"service","Niveau":null,"Pont":null,"Tyoe de pi":null,"État de s":null,"Vitesse ":null,"Référenc":null,"Nom":null,"Éclairage":null,"Sans issue":null,"Intersecti":null,"Nombre de ":null,"Accès":null,"surface":"Terre","Service":"Ruelle","Sens uniqu":null},"geometry":{"type":"LineString","coordinates":[[-16.3903203,16.0677466],[-16.3904586,16.0682037],[-16.3909364,16.068316],[-16.3907699,16.0687927]]}},{"type":"Feature","properties":{"full_id":"w1014959442","osm_id":"1014959442","osm_type":"way","Type de vo":"service","Niveau":null,"Pont":null,"Tyoe de pi":null,"État de s":null,"Vitesse ":null,"Référenc":null,"Nom":null,"Éclairage":null,"Sans issue":null,"Intersecti":null,"Nombre de ":null,"Accès":null,"surface":"Terre","Service":"Ruelle","Sens uniqu":null},"geometry":{"type":"LineString","coordinates":[[-16.3916183,16.068103],[-16.3912478,16.0679827]]}},{"type":"Feature","properties":{"full_id":"w1014959443","osm_id":"1014959443","osm_type":"way","Type de vo":"service","Niveau":null,"Pont":null,"Tyoe de pi":null,"État de s":null,"Vitesse ":null,"Référenc":null,"Nom":null,"Éclairage":null,"Sans issue":null,"Intersecti":null,"Nombre de ":null,"Accès":null,"surface":"Terre","Service":"Ruelle","Sens uniqu":null},"geometry":{"type":"LineString","coordinates":[[-16.3914655,16.0683573],[-16.3908267,16.0680507]]}},{"type":"Feature","properties":{"full_id":"w1014959444","osm_id":"1014959444","osm_type":"way","Type de vo":"service","Niveau":null,"Pont":null,"Tyoe de pi":null,"État de s":null,"Vitesse ":null,"Référenc":null,"Nom":null,"Éclairage":null,"Sans issue":null,"Intersecti":null,"Nombre de ":null,"Accès":null,"surface":"Terre","Service":"Ruelle","Sens uniqu":null},"geometry":{"type":"LineString","coordinates":[[-16.3910249,16.0681153],[-16.3909364,16.068316]]}},{"type":"Feature","properties":{"full_id":"w1014959445","osm_id":"1014959445","osm_type":"way","Type de vo":"service","Niveau":null,"Pont":null,"Tyoe de pi":null,"État de s":null,"Vitesse ":null,"Référenc":null,"Nom":null,"Éclairage":null,"Sans issue":null,"Intersecti":null,"Nombre de ":null,"Accès":null,"surface":"Terre","Service":"Ruelle","Sens uniqu":null},"geometry":{"type":"LineString","coordinates":[[-16.3904267,16.0679079],[-16.390087,16.0680099],[-16.3900622,16.0683908],[-16.3906886,16.0684418]]}},{"type":"Feature","properties":{"full_id":"w1014959446","osm_id":"1014959446","osm_type":"way","Type de vo":"service","Niveau":null,"Pont":null,"Tyoe de pi":null,"État de s":null,"Vitesse ":null,"Référenc":null,"Nom":null,"Éclairage":null,"Sans issue":null,"Intersecti":null,"Nombre de ":null,"Accès":null,"surface":"Terre","Service":"Ruelle","Sens uniqu":null},"geometry":{"type":"LineString","coordinates":[[-16.3902215,16.0684248],[-16.3901033,16.0687257]]}},{"type":"Feature","properties":{"full_id":"w1014959447","osm_id":"1014959447","osm_type":"way","Type de vo":"service","Niveau":null,"Pont":null,"Tyoe de pi":null,"État de s":null,"Vitesse ":null,"Référenc":null,"Nom":null,"Éclairage":null,"Sans issue":null,"Intersecti":null,"Nombre de ":null,"Accès":null,"surface":"Terre","Service":"Ruelle","Sens uniqu":null},"geometry":{"type":"LineString","coordinates":[[-16.3904694,16.0669981],[-16.3901156,16.0668781],[-16.3900252,16.0673419]]}},{"type":"Feature","properties":{"full_id":"w1014959453","osm_id":"1014959453","osm_type":"way","Type de vo":"service","Niveau":null,"Pont":null,"Tyoe de pi":null,"État de s":null,"Vitesse ":null,"Référenc":null,"Nom":null,"Éclairage":null,"Sans issue":null,"Intersecti":null,"Nombre de ":null,"Accès":null,"surface":"Terre","Service":"Ruelle","Sens uniqu":null},"geometry":{"type":"LineString","coordinates":[[-16.3901893,16.0665986],[-16.3901156,16.0668781]]}},{"type":"Feature","properties":{"full_id":"w1014959459","osm_id":"1014959459","osm_type":"way","Type de vo":"service","Niveau":null,"Pont":null,"Tyoe de pi":null,"État de s":null,"Vitesse ":null,"Référenc":null,"Nom":null,"Éclairage":null,"Sans issue":null,"Intersecti":null,"Nombre de ":null,"Accès":null,"surface":"Terre","Service":"Ruelle","Sens uniqu":null},"geometry":{"type":"LineString","coordinates":[[-16.3893086,16.0701378],[-16.3886922,16.0707666],[-16.3890191,16.0710763]]}},{"type":"Feature","properties":{"full_id":"w1014961260","osm_id":"1014961260","osm_type":"way","Type de vo":"service","Niveau":null,"Pont":null,"Tyoe de pi":null,"État de s":null,"Vitesse ":null,"Référenc":null,"Nom":null,"Éclairage":null,"Sans issue":null,"Intersecti":null,"Nombre de ":null,"Accès":null,"surface":"Terre","Service":"Ruelle","Sens uniqu":null},"geometry":{"type":"LineString","coordinates":[[-16.3702327,16.0894629],[-16.3704151,16.0894835],[-16.3704312,16.0896279]]}},{"type":"Feature","properties":{"full_id":"w1014961263","osm_id":"1014961263","osm_type":"way","Type de vo":"service","Niveau":null,"Pont":null,"Tyoe de pi":null,"État de s":null,"Vitesse ":null,"Référenc":null,"Nom":null,"Éclairage":null,"Sans issue":null,"Intersecti":null,"Nombre de ":null,"Accès":null,"surface":"Terre","Service":"Ruelle","Sens uniqu":null},"geometry":{"type":"LineString","coordinates":[[-16.3702261,16.0890498],[-16.3704848,16.0891253]]}},{"type":"Feature","properties":{"full_id":"w1014961264","osm_id":"1014961264","osm_type":"way","Type de vo":"service","Niveau":null,"Pont":null,"Tyoe de pi":null,"État de s":null,"Vitesse ":null,"Référenc":null,"Nom":null,"Éclairage":null,"Sans issue":null,"Intersecti":null,"Nombre de ":null,"Accès":null,"surface":"Terre","Service":"Ruelle","Sens uniqu":null},"geometry":{"type":"LineString","coordinates":[[-16.3690721,16.0893375],[-16.3687594,16.08988]]}},{"type":"Feature","properties":{"full_id":"w1014961265","osm_id":"1014961265","osm_type":"way","Type de vo":"service","Niveau":"-1","Pont":null,"Tyoe de pi":null,"État de s":null,"Vitesse ":null,"Référenc":null,"Nom":null,"Éclairage":null,"Sans issue":null,"Intersecti":null,"Nombre de ":null,"Accès":null,"surface":"Terre","Service":"Ruelle","Sens uniqu":null},"geometry":{"type":"LineString","coordinates":[[-16.3689791,16.0895],[-16.3685435,16.0894351]]}},{"type":"Feature","properties":{"full_id":"w1014961872","osm_id":"1014961872","osm_type":"way","Type de vo":"service","Niveau":"-1","Pont":null,"Tyoe de pi":null,"État de s":null,"Vitesse ":null,"Référenc":null,"Nom":null,"Éclairage":null,"Sans issue":null,"Intersecti":null,"Nombre de ":null,"Accès":null,"surface":"Terre","Service":"Ruelle","Sens uniqu":null},"geometry":{"type":"LineString","coordinates":[[-16.3712519,16.0939177],[-16.3712037,16.0949107]]}},{"type":"Feature","properties":{"full_id":"w1014961873","osm_id":"1014961873","osm_type":"way","Type de vo":"service","Niveau":"-1","Pont":null,"Tyoe de pi":null,"État de s":null,"Vitesse ":null,"Référenc":null,"Nom":null,"Éclairage":null,"Sans issue":null,"Intersecti":null,"Nombre de ":null,"Accès":null,"surface":"Terre","Service":"Ruelle","Sens uniqu":null},"geometry":{"type":"LineString","coordinates":[[-16.3716289,16.0941529],[-16.3709757,16.0942032],[-16.3709561,16.0939455]]}},{"type":"Feature","properties":{"full_id":"w1014961875","osm_id":"1014961875","osm_type":"way","Type de vo":"service","Niveau":null,"Pont":null,"Tyoe de pi":null,"État de s":null,"Vitesse ":null,"Référenc":null,"Nom":null,"Éclairage":null,"Sans issue":null,"Intersecti":null,"Nombre de ":null,"Accès":null,"surface":"Terre","Service":"Ruelle","Sens uniqu":null},"geometry":{"type":"LineString","coordinates":[[-16.3723902,16.0924868],[-16.3715324,16.0925923]]}},{"type":"Feature","properties":{"full_id":"w1014961876","osm_id":"1014961876","osm_type":"way","Type de vo":"service","Niveau":null,"Pont":null,"Tyoe de pi":null,"État de s":null,"Vitesse ":null,"Référenc":null,"Nom":null,"Éclairage":null,"Sans issue":null,"Intersecti":null,"Nombre de ":null,"Accès":null,"surface":"Terre","Service":"Ruelle","Sens uniqu":null},"geometry":{"type":"LineString","coordinates":[[-16.3726732,16.0932349],[-16.3725433,16.0935611],[-16.3728124,16.0937816]]}},{"type":"Feature","properties":{"full_id":"w1014962260","osm_id":"1014962260","osm_type":"way","Type de vo":"service","Niveau":null,"Pont":null,"Tyoe de pi":null,"État de s":null,"Vitesse ":null,"Référenc":null,"Nom":null,"Éclairage":null,"Sans issue":null,"Intersecti":null,"Nombre de ":null,"Accès":null,"surface":"Terre","Service":"Ruelle","Sens uniqu":null},"geometry":{"type":"LineString","coordinates":[[-16.3617988,16.0881358],[-16.3618338,16.0886193]]}},{"type":"Feature","properties":{"full_id":"w1014962268","osm_id":"1014962268","osm_type":"way","Type de vo":"service","Niveau":null,"Pont":null,"Tyoe de pi":null,"État de s":null,"Vitesse ":null,"Référenc":null,"Nom":null,"Éclairage":null,"Sans issue":null,"Intersecti":null,"Nombre de ":null,"Accès":null,"surface":"Terre","Service":"Ruelle","Sens uniqu":null},"geometry":{"type":"LineString","coordinates":[[-16.361161,16.0886333],[-16.3611901,16.0890342]]}},{"type":"Feature","properties":{"full_id":"w1014962269","osm_id":"1014962269","osm_type":"way","Type de vo":"service","Niveau":null,"Pont":null,"Tyoe de pi":null,"État de s":null,"Vitesse ":null,"Référenc":null,"Nom":null,"Éclairage":null,"Sans issue":null,"Intersecti":null,"Nombre de ":null,"Accès":null,"surface":"Terre","Service":"Ruelle","Sens uniqu":null},"geometry":{"type":"LineString","coordinates":[[-16.3611819,16.0890557],[-16.360828,16.0889337]]}},{"type":"Feature","properties":{"full_id":"w1014962270","osm_id":"1014962270","osm_type":"way","Type de vo":"service","Niveau":null,"Pont":null,"Tyoe de pi":null,"État de s":null,"Vitesse ":null,"Référenc":null,"Nom":null,"Éclairage":null,"Sans issue":null,"Intersecti":null,"Nombre de ":null,"Accès":null,"surface":"Terre","Service":"Ruelle","Sens uniqu":null},"geometry":{"type":"LineString","coordinates":[[-16.3608929,16.0886714],[-16.3607716,16.0890677]]}},{"type":"Feature","properties":{"full_id":"w1014962275","osm_id":"1014962275","osm_type":"way","Type de vo":"service","Niveau":null,"Pont":null,"Tyoe de pi":null,"État de s":null,"Vitesse ":null,"Référenc":null,"Nom":null,"Éclairage":null,"Sans issue":null,"Intersecti":null,"Nombre de ":null,"Accès":null,"surface":"Terre","Service":"Ruelle","Sens uniqu":null},"geometry":{"type":"LineString","coordinates":[[-16.3607495,16.089955],[-16.3607824,16.0895677],[-16.3614263,16.0895702]]}},{"type":"Feature","properties":{"full_id":"w1014962276","osm_id":"1014962276","osm_type":"way","Type de vo":"service","Niveau":null,"Pont":null,"Tyoe de pi":null,"État de s":null,"Vitesse ":null,"Référenc":null,"Nom":null,"Éclairage":null,"Sans issue":null,"Intersecti":null,"Nombre de ":null,"Accès":null,"surface":"Terre","Service":"Ruelle","Sens uniqu":null},"geometry":{"type":"LineString","coordinates":[[-16.3607824,16.0895677],[-16.360219,16.0895055]]}},{"type":"Feature","properties":{"full_id":"w1014962277","osm_id":"1014962277","osm_type":"way","Type de vo":"service","Niveau":null,"Pont":null,"Tyoe de pi":null,"État de s":null,"Vitesse ":null,"Référenc":null,"Nom":null,"Éclairage":null,"Sans issue":null,"Intersecti":null,"Nombre de ":null,"Accès":null,"surface":"Terre","Service":"Ruelle","Sens uniqu":null},"geometry":{"type":"LineString","coordinates":[[-16.3605705,16.089529],[-16.3605577,16.0894448]]}},{"type":"Feature","properties":{"full_id":"w1020156474","osm_id":"1020156474","osm_type":"way","Type de vo":"service","Niveau":null,"Pont":null,"Tyoe de pi":null,"État de s":null,"Vitesse ":null,"Référenc":null,"Nom":null,"Éclairage":null,"Sans issue":null,"Intersecti":null,"Nombre de ":null,"Accès":null,"surface":"gravel","Service":"Ruelle","Sens uniqu":null},"geometry":{"type":"LineString","coordinates":[[-16.445119773096554,16.021340751961958],[-16.445004,16.0212996]]}},{"type":"Feature","properties":{"full_id":"w1020156484","osm_id":"1020156484","osm_type":"way","Type de vo":"service","Niveau":null,"Pont":null,"Tyoe de pi":null,"État de s":null,"Vitesse ":null,"Référenc":null,"Nom":null,"Éclairage":null,"Sans issue":null,"Intersecti":null,"Nombre de ":null,"Accès":null,"surface":"Terre","Service":"Ruelle","Sens uniqu":null},"geometry":{"type":"LineString","coordinates":[[-16.4437807,16.0218978],[-16.4441075,16.0220118],[-16.4441722,16.0218404],[-16.4446999,16.0219041]]}},{"type":"Feature","properties":{"full_id":"w1020157916","osm_id":"1020157916","osm_type":"way","Type de vo":"service","Niveau":null,"Pont":null,"Tyoe de pi":null,"État de s":null,"Vitesse ":null,"Référenc":null,"Nom":null,"Éclairage":null,"Sans issue":null,"Intersecti":null,"Nombre de ":null,"Accès":null,"surface":"Terre","Service":"Ruelle","Sens uniqu":null},"geometry":{"type":"LineString","coordinates":[[-16.3901896,16.0583542],[-16.3907324,16.0587088]]}},{"type":"Feature","properties":{"full_id":"w1020159107","osm_id":"1020159107","osm_type":"way","Type de vo":"service","Niveau":null,"Pont":null,"Tyoe de pi":null,"État de s":null,"Vitesse ":null,"Référenc":null,"Nom":null,"Éclairage":null,"Sans issue":null,"Intersecti":null,"Nombre de ":null,"Accès":null,"surface":"Terre","Service":"Ruelle","Sens uniqu":null},"geometry":{"type":"LineString","coordinates":[[-16.3822261,16.0750855],[-16.3821059,16.0753089],[-16.3817662,16.0753701]]}},{"type":"Feature","properties":{"full_id":"w1020159109","osm_id":"1020159109","osm_type":"way","Type de vo":"service","Niveau":null,"Pont":null,"Tyoe de pi":null,"État de s":null,"Vitesse ":null,"Référenc":null,"Nom":null,"Éclairage":null,"Sans issue":null,"Intersecti":null,"Nombre de ":null,"Accès":null,"surface":"Terre","Service":"Ruelle","Sens uniqu":null},"geometry":{"type":"MultiLineString","coordinates":[[[-16.3830863,16.0736799],[-16.3833942,16.0734896]],[[-16.3833942,16.0734896],[-16.3837092,16.0734657],[-16.3837693,16.0735949],[-16.3833942,16.0734896]]]}},{"type":"Feature","properties":{"full_id":"w1020159113","osm_id":"1020159113","osm_type":"way","Type de vo":"service","Niveau":null,"Pont":null,"Tyoe de pi":null,"État de s":null,"Vitesse ":null,"Référenc":null,"Nom":null,"Éclairage":null,"Sans issue":null,"Intersecti":null,"Nombre de ":null,"Accès":null,"surface":"Terre","Service":"Ruelle","Sens uniqu":null},"geometry":{"type":"MultiLineString","coordinates":[[[-16.3846165,16.0710631],[-16.384443,16.0710404]],[[-16.384443,16.0710404],[-16.3844206,16.0710374],[-16.384233,16.0710034],[-16.3839251,16.0709721],[-16.383964,16.0703743],[-16.3844736,16.0705375],[-16.384443,16.0710404]]]}},{"type":"Feature","properties":{"full_id":"w1020159114","osm_id":"1020159114","osm_type":"way","Type de vo":"service","Niveau":null,"Pont":null,"Tyoe de pi":null,"État de s":null,"Vitesse ":null,"Référenc":null,"Nom":null,"Éclairage":null,"Sans issue":null,"Intersecti":null,"Nombre de ":null,"Accès":null,"surface":"Terre","Service":"Ruelle","Sens uniqu":null},"geometry":{"type":"LineString","coordinates":[[-16.3839382,16.0708571],[-16.383603,16.0708164]]}},{"type":"Feature","properties":{"full_id":"w1020159120","osm_id":"1020159120","osm_type":"way","Type de vo":"service","Niveau":null,"Pont":null,"Tyoe de pi":null,"État de s":null,"Vitesse ":null,"Référenc":null,"Nom":null,"Éclairage":null,"Sans issue":null,"Intersecti":null,"Nombre de ":null,"Accès":null,"surface":"Terre","Service":null,"Sens uniqu":null},"geometry":{"type":"LineString","coordinates":[[-16.3816412,16.0779854],[-16.3829562,16.0782042],[-16.3846921,16.0795636],[-16.385867,16.0799152],[-16.3865256,16.0793683],[-16.386794,16.07888],[-16.3839034,16.0762275],[-16.3829169,16.0781952]]}},{"type":"Feature","properties":{"full_id":"w1020159122","osm_id":"1020159122","osm_type":"way","Type de vo":"service","Niveau":null,"Pont":null,"Tyoe de pi":null,"État de s":null,"Vitesse ":null,"Référenc":null,"Nom":null,"Éclairage":null,"Sans issue":null,"Intersecti":null,"Nombre de ":null,"Accès":null,"surface":"Terre","Service":null,"Sens uniqu":null},"geometry":{"type":"LineString","coordinates":[[-16.3854121,16.0776261],[-16.3840285,16.0790568]]}},{"type":"Feature","properties":{"full_id":"w1020159133","osm_id":"1020159133","osm_type":"way","Type de vo":"service","Niveau":null,"Pont":null,"Tyoe de pi":null,"État de s":null,"Vitesse ":null,"Référenc":null,"Nom":null,"Éclairage":null,"Sans issue":null,"Intersecti":null,"Nombre de ":null,"Accès":null,"surface":"Terre","Service":"Ruelle","Sens uniqu":null},"geometry":{"type":"LineString","coordinates":[[-16.3694315,16.0807068],[-16.3693642,16.0811276]]}},{"type":"Feature","properties":{"full_id":"w1020159134","osm_id":"1020159134","osm_type":"way","Type de vo":"service","Niveau":null,"Pont":null,"Tyoe de pi":null,"État de s":null,"Vitesse ":null,"Référenc":null,"Nom":null,"Éclairage":null,"Sans issue":null,"Intersecti":null,"Nombre de ":null,"Accès":null,"surface":"Terre","Service":"Ruelle","Sens uniqu":null},"geometry":{"type":"LineString","coordinates":[[-16.3693856,16.081018],[-16.3691952,16.0810898]]}},{"type":"Feature","properties":{"full_id":"w1020159136","osm_id":"1020159136","osm_type":"way","Type de vo":"service","Niveau":"-1","Pont":null,"Tyoe de pi":null,"État de s":null,"Vitesse ":null,"Référenc":null,"Nom":null,"Éclairage":null,"Sans issue":null,"Intersecti":null,"Nombre de ":null,"Accès":null,"surface":"Terre","Service":"Ruelle","Sens uniqu":null},"geometry":{"type":"LineString","coordinates":[[-16.3696271,16.0799242],[-16.3696832,16.0802824]]}},{"type":"Feature","properties":{"full_id":"w1020159146","osm_id":"1020159146","osm_type":"way","Type de vo":"service","Niveau":null,"Pont":null,"Tyoe de pi":null,"État de s":null,"Vitesse ":null,"Référenc":null,"Nom":null,"Éclairage":null,"Sans issue":null,"Intersecti":null,"Nombre de ":null,"Accès":null,"surface":"Terre","Service":"Ruelle","Sens uniqu":null},"geometry":{"type":"LineString","coordinates":[[-16.3654771,16.080054],[-16.3653242,16.0801877],[-16.3653289,16.080596]]}},{"type":"Feature","properties":{"full_id":"w1020159147","osm_id":"1020159147","osm_type":"way","Type de vo":"service","Niveau":null,"Pont":null,"Tyoe de pi":null,"État de s":null,"Vitesse ":null,"Référenc":null,"Nom":null,"Éclairage":null,"Sans issue":null,"Intersecti":null,"Nombre de ":null,"Accès":null,"surface":"Terre","Service":"Ruelle","Sens uniqu":null},"geometry":{"type":"LineString","coordinates":[[-16.3660934,16.0798642],[-16.3658286,16.0800374],[-16.3656535,16.0797906]]}},{"type":"Feature","properties":{"full_id":"w1020160506","osm_id":"1020160506","osm_type":"way","Type de vo":"service","Niveau":null,"Pont":null,"Tyoe de pi":null,"État de s":null,"Vitesse ":null,"Référenc":null,"Nom":null,"Éclairage":null,"Sans issue":null,"Intersecti":null,"Nombre de ":null,"Accès":null,"surface":"Terre","Service":"Ruelle","Sens uniqu":null},"geometry":{"type":"LineString","coordinates":[[-16.3704043,16.0761036],[-16.3710045,16.076266]]}},{"type":"Feature","properties":{"full_id":"w1020160507","osm_id":"1020160507","osm_type":"way","Type de vo":"service","Niveau":null,"Pont":null,"Tyoe de pi":null,"État de s":null,"Vitesse ":null,"Référenc":null,"Nom":null,"Éclairage":null,"Sans issue":null,"Intersecti":null,"Nombre de ":null,"Accès":null,"surface":"Terre","Service":"Ruelle","Sens uniqu":null},"geometry":{"type":"LineString","coordinates":[[-16.3707634,16.0761843],[-16.3706954,16.0765448]]}},{"type":"Feature","properties":{"full_id":"w1020160508","osm_id":"1020160508","osm_type":"way","Type de vo":"service","Niveau":null,"Pont":null,"Tyoe de pi":null,"État de s":null,"Vitesse ":null,"Référenc":null,"Nom":null,"Éclairage":null,"Sans issue":null,"Intersecti":null,"Nombre de ":null,"Accès":null,"surface":"Terre","Service":"Ruelle","Sens uniqu":null},"geometry":{"type":"LineString","coordinates":[[-16.3701874,16.0762956],[-16.3707303,16.0763432]]}},{"type":"Feature","properties":{"full_id":"w1020447078","osm_id":"1020447078","osm_type":"way","Type de vo":"service","Niveau":"-2","Pont":null,"Tyoe de pi":null,"État de s":null,"Vitesse ":null,"Référenc":null,"Nom":null,"Éclairage":null,"Sans issue":null,"Intersecti":null,"Nombre de ":null,"Accès":null,"surface":"Terre","Service":"Ruelle","Sens uniqu":null},"geometry":{"type":"LineString","coordinates":[[-16.3592082,16.0244557],[-16.3590788,16.0248045],[-16.3582781,16.0248702]]}},{"type":"Feature","properties":{"full_id":"w1020447079","osm_id":"1020447079","osm_type":"way","Type de vo":"service","Niveau":"-2","Pont":null,"Tyoe de pi":null,"État de s":null,"Vitesse ":null,"Référenc":null,"Nom":null,"Éclairage":null,"Sans issue":null,"Intersecti":null,"Nombre de ":null,"Accès":null,"surface":"Terre","Service":"Ruelle","Sens uniqu":null},"geometry":{"type":"LineString","coordinates":[[-16.3590642,16.0248082],[-16.3591668,16.0253981]]}},{"type":"Feature","properties":{"full_id":"w1020447080","osm_id":"1020447080","osm_type":"way","Type de vo":"service","Niveau":"-1","Pont":null,"Tyoe de pi":null,"État de s":null,"Vitesse ":null,"Référenc":null,"Nom":null,"Éclairage":null,"Sans issue":null,"Intersecti":null,"Nombre de ":null,"Accès":null,"surface":"Terre","Service":"Ruelle","Sens uniqu":null},"geometry":{"type":"LineString","coordinates":[[-16.3591404,16.024914],[-16.3594623,16.0248555]]}},{"type":"Feature","properties":{"full_id":"w1020447082","osm_id":"1020447082","osm_type":"way","Type de vo":"service","Niveau":null,"Pont":null,"Tyoe de pi":null,"État de s":null,"Vitesse ":null,"Référenc":null,"Nom":null,"Éclairage":null,"Sans issue":null,"Intersecti":null,"Nombre de ":null,"Accès":null,"surface":"Terre","Service":"Ruelle","Sens uniqu":null},"geometry":{"type":"LineString","coordinates":[[-16.3582476,16.025017],[-16.3589863,16.0250528],[-16.3590447,16.0249559],[-16.3588699,16.0250181]]}},{"type":"Feature","properties":{"full_id":"w1020451631","osm_id":"1020451631","osm_type":"way","Type de vo":"service","Niveau":null,"Pont":null,"Tyoe de pi":null,"État de s":null,"Vitesse ":null,"Référenc":null,"Nom":null,"Éclairage":null,"Sans issue":null,"Intersecti":null,"Nombre de ":null,"Accès":null,"surface":"Terre","Service":"Ruelle","Sens uniqu":null},"geometry":{"type":"LineString","coordinates":[[-16.3588064,16.0181184],[-16.358545,16.0179517],[-16.3584692,16.0181187]]}},{"type":"Feature","properties":{"full_id":"w1020451632","osm_id":"1020451632","osm_type":"way","Type de vo":"service","Niveau":null,"Pont":null,"Tyoe de pi":null,"État de s":null,"Vitesse ":null,"Référenc":null,"Nom":null,"Éclairage":null,"Sans issue":null,"Intersecti":null,"Nombre de ":null,"Accès":null,"surface":"Terre","Service":"Ruelle","Sens uniqu":null},"geometry":{"type":"LineString","coordinates":[[-16.358545,16.0179517],[-16.3582821,16.0177066]]}},{"type":"Feature","properties":{"full_id":"w1020451637","osm_id":"1020451637","osm_type":"way","Type de vo":"service","Niveau":null,"Pont":null,"Tyoe de pi":null,"État de s":null,"Vitesse ":null,"Référenc":null,"Nom":null,"Éclairage":null,"Sans issue":null,"Intersecti":null,"Nombre de ":null,"Accès":null,"surface":"Terre","Service":"Ruelle","Sens uniqu":null},"geometry":{"type":"LineString","coordinates":[[-16.3595476,16.0171312],[-16.3597398,16.0176237]]}},{"type":"Feature","properties":{"full_id":"w1020451643","osm_id":"1020451643","osm_type":"way","Type de vo":"service","Niveau":null,"Pont":null,"Tyoe de pi":null,"État de s":null,"Vitesse ":null,"Référenc":null,"Nom":null,"Éclairage":null,"Sans issue":null,"Intersecti":null,"Nombre de ":null,"Accès":null,"surface":"Terre","Service":"Ruelle","Sens uniqu":null},"geometry":{"type":"LineString","coordinates":[[-16.3593973,16.0190401],[-16.3591179,16.0189549]]}},{"type":"Feature","properties":{"full_id":"w1020675611","osm_id":"1020675611","osm_type":"way","Type de vo":"service","Niveau":null,"Pont":null,"Tyoe de pi":null,"État de s":null,"Vitesse ":null,"Référenc":null,"Nom":null,"Éclairage":null,"Sans issue":null,"Intersecti":null,"Nombre de ":null,"Accès":null,"surface":"Terre","Service":"Ruelle","Sens uniqu":null},"geometry":{"type":"LineString","coordinates":[[-16.4191051,16.047972],[-16.4191406,16.0482169],[-16.4188681,16.048233]]}},{"type":"Feature","properties":{"full_id":"w1020675612","osm_id":"1020675612","osm_type":"way","Type de vo":"service","Niveau":"-1","Pont":null,"Tyoe de pi":null,"État de s":null,"Vitesse ":null,"Référenc":null,"Nom":null,"Éclairage":null,"Sans issue":null,"Intersecti":null,"Nombre de ":null,"Accès":null,"surface":"Terre","Service":"Ruelle","Sens uniqu":null},"geometry":{"type":"LineString","coordinates":[[-16.4191051,16.047972],[-16.4189742,16.0478598],[-16.4190663,16.0476319],[-16.4193813,16.0474958],[-16.4195865,16.0475367],[-16.4195592,16.0478589]]}},{"type":"Feature","properties":{"full_id":"w1020679794","osm_id":"1020679794","osm_type":"way","Type de vo":"service","Niveau":null,"Pont":null,"Tyoe de pi":null,"État de s":null,"Vitesse ":null,"Référenc":null,"Nom":null,"Éclairage":null,"Sans issue":null,"Intersecti":null,"Nombre de ":null,"Accès":null,"surface":"Terre","Service":"Ruelle","Sens uniqu":null},"geometry":{"type":"LineString","coordinates":[[-16.3874651,16.0592701],[-16.3868377,16.0591756]]}},{"type":"Feature","properties":{"full_id":"w1020679796","osm_id":"1020679796","osm_type":"way","Type de vo":"service","Niveau":null,"Pont":null,"Tyoe de pi":null,"État de s":null,"Vitesse ":null,"Référenc":null,"Nom":null,"Éclairage":null,"Sans issue":null,"Intersecti":null,"Nombre de ":null,"Accès":null,"surface":"Terre","Service":"Ruelle","Sens uniqu":null},"geometry":{"type":"LineString","coordinates":[[-16.3876793,16.0579744],[-16.3874601,16.0579646],[-16.387534,16.0584087]]}},{"type":"Feature","properties":{"full_id":"w1020679797","osm_id":"1020679797","osm_type":"way","Type de vo":"service","Niveau":null,"Pont":null,"Tyoe de pi":null,"État de s":null,"Vitesse ":null,"Référenc":null,"Nom":null,"Éclairage":null,"Sans issue":null,"Intersecti":null,"Nombre de ":null,"Accès":null,"surface":"Terre","Service":"Ruelle","Sens uniqu":null},"geometry":{"type":"LineString","coordinates":[[-16.3875833,16.0579528],[-16.3872598,16.0571178]]}},{"type":"Feature","properties":{"full_id":"w1020679802","osm_id":"1020679802","osm_type":"way","Type de vo":"service","Niveau":null,"Pont":null,"Tyoe de pi":null,"État de s":null,"Vitesse ":null,"Référenc":null,"Nom":null,"Éclairage":null,"Sans issue":null,"Intersecti":null,"Nombre de ":null,"Accès":null,"surface":"Terre","Service":"Ruelle","Sens uniqu":null},"geometry":{"type":"LineString","coordinates":[[-16.3798517,16.0652379],[-16.3798495,16.0650568],[-16.3803048,16.0647677],[-16.3799104,16.0646856],[-16.3799104,16.0649942]]}},{"type":"Feature","properties":{"full_id":"w1020679805","osm_id":"1020679805","osm_type":"way","Type de vo":"service","Niveau":null,"Pont":null,"Tyoe de pi":null,"État de s":null,"Vitesse ":null,"Référenc":null,"Nom":null,"Éclairage":null,"Sans issue":null,"Intersecti":null,"Nombre de ":null,"Accès":null,"surface":null,"Service":"Ruelle","Sens uniqu":null},"geometry":{"type":"LineString","coordinates":[[-16.3803048,16.0647677],[-16.3806218,16.0647467]]}},{"type":"Feature","properties":{"full_id":"w1020679806","osm_id":"1020679806","osm_type":"way","Type de vo":"service","Niveau":"-1","Pont":null,"Tyoe de pi":null,"État de s":null,"Vitesse ":null,"Référenc":null,"Nom":null,"Éclairage":null,"Sans issue":null,"Intersecti":null,"Nombre de ":null,"Accès":null,"surface":"Terre","Service":"Ruelle","Sens uniqu":null},"geometry":{"type":"LineString","coordinates":[[-16.3812741,16.0639333],[-16.3811098,16.0645489],[-16.3806942,16.0643306]]}},{"type":"Feature","properties":{"full_id":"w1020679812","osm_id":"1020679812","osm_type":"way","Type de vo":"service","Niveau":"-1","Pont":null,"Tyoe de pi":null,"État de s":null,"Vitesse ":null,"Référenc":null,"Nom":null,"Éclairage":null,"Sans issue":null,"Intersecti":null,"Nombre de ":null,"Accès":null,"surface":"Terre","Service":"Ruelle","Sens uniqu":null},"geometry":{"type":"LineString","coordinates":[[-16.3772087,16.0635623],[-16.3781234,16.0638893]]}},{"type":"Feature","properties":{"full_id":"w1020679813","osm_id":"1020679813","osm_type":"way","Type de vo":"service","Niveau":null,"Pont":null,"Tyoe de pi":null,"État de s":null,"Vitesse ":null,"Référenc":null,"Nom":null,"Éclairage":null,"Sans issue":null,"Intersecti":null,"Nombre de ":null,"Accès":null,"surface":"Terre","Service":"Ruelle","Sens uniqu":null},"geometry":{"type":"LineString","coordinates":[[-16.377168,16.06369],[-16.3776396,16.0642917],[-16.3772168,16.0643268],[-16.3772224,16.0637698]]}},{"type":"Feature","properties":{"full_id":"w1020679814","osm_id":"1020679814","osm_type":"way","Type de vo":"service","Niveau":null,"Pont":null,"Tyoe de pi":null,"État de s":null,"Vitesse ":null,"Référenc":null,"Nom":null,"Éclairage":null,"Sans issue":null,"Intersecti":null,"Nombre de ":null,"Accès":null,"surface":"Terre","Service":"Ruelle","Sens uniqu":null},"geometry":{"type":"LineString","coordinates":[[-16.3772168,16.0643268],[-16.3772371,16.0646276]]}},{"type":"Feature","properties":{"full_id":"w1020679816","osm_id":"1020679816","osm_type":"way","Type de vo":"service","Niveau":null,"Pont":null,"Tyoe de pi":null,"État de s":null,"Vitesse ":null,"Référenc":null,"Nom":null,"Éclairage":null,"Sans issue":null,"Intersecti":null,"Nombre de ":null,"Accès":null,"surface":"Terre","Service":"Ruelle","Sens uniqu":null},"geometry":{"type":"LineString","coordinates":[[-16.3777112,16.0637171],[-16.3775685,16.0641234]]}},{"type":"Feature","properties":{"full_id":"w1020679817","osm_id":"1020679817","osm_type":"way","Type de vo":"service","Niveau":null,"Pont":null,"Tyoe de pi":null,"État de s":null,"Vitesse ":null,"Référenc":null,"Nom":null,"Éclairage":null,"Sans issue":null,"Intersecti":null,"Nombre de ":null,"Accès":null,"surface":"Terre","Service":"Ruelle","Sens uniqu":null},"geometry":{"type":"LineString","coordinates":[[-16.3776477,16.064069],[-16.3781234,16.0638893]]}},{"type":"Feature","properties":{"full_id":"w1020679818","osm_id":"1020679818","osm_type":"way","Type de vo":"service","Niveau":null,"Pont":null,"Tyoe de pi":null,"État de s":null,"Vitesse ":null,"Référenc":null,"Nom":null,"Éclairage":null,"Sans issue":null,"Intersecti":null,"Nombre de ":null,"Accès":null,"surface":"Terre","Service":"Ruelle","Sens uniqu":null},"geometry":{"type":"LineString","coordinates":[[-16.3795893,16.0661584],[-16.3795829,16.0664599],[-16.3789974,16.0666279],[-16.3790462,16.0667724],[-16.3794853,16.0668076],[-16.3793516,16.0665677]]}},{"type":"Feature","properties":{"full_id":"w1020679819","osm_id":"1020679819","osm_type":"way","Type de vo":"service","Niveau":null,"Pont":null,"Tyoe de pi":null,"État de s":null,"Vitesse ":null,"Référenc":null,"Nom":null,"Éclairage":null,"Sans issue":null,"Intersecti":null,"Nombre de ":null,"Accès":null,"surface":"Terre","Service":"Ruelle","Sens uniqu":null},"geometry":{"type":"LineString","coordinates":[[-16.379095,16.0665849],[-16.3791479,16.0664325],[-16.3789446,16.0663036]]}},{"type":"Feature","properties":{"full_id":"w1020679825","osm_id":"1020679825","osm_type":"way","Type de vo":"service","Niveau":null,"Pont":null,"Tyoe de pi":null,"État de s":null,"Vitesse ":null,"Référenc":null,"Nom":null,"Éclairage":null,"Sans issue":null,"Intersecti":null,"Nombre de ":null,"Accès":null,"surface":"Terre","Service":"Ruelle","Sens uniqu":null},"geometry":{"type":"LineString","coordinates":[[-16.3856913,16.0631515],[-16.385547,16.0635197]]}},{"type":"Feature","properties":{"full_id":"w1020679827","osm_id":"1020679827","osm_type":"way","Type de vo":"service","Niveau":null,"Pont":null,"Tyoe de pi":null,"État de s":null,"Vitesse ":null,"Référenc":null,"Nom":null,"Éclairage":null,"Sans issue":null,"Intersecti":null,"Nombre de ":null,"Accès":null,"surface":"Terre","Service":"Ruelle","Sens uniqu":null},"geometry":{"type":"LineString","coordinates":[[-16.3848,16.0630074],[-16.3846347,16.0633867],[-16.384875,16.0636042]]}},{"type":"Feature","properties":{"full_id":"w1020679832","osm_id":"1020679832","osm_type":"way","Type de vo":"service","Niveau":null,"Pont":null,"Tyoe de pi":null,"État de s":null,"Vitesse ":null,"Référenc":null,"Nom":null,"Éclairage":null,"Sans issue":null,"Intersecti":null,"Nombre de ":null,"Accès":null,"surface":"Terre","Service":"Ruelle","Sens uniqu":null},"geometry":{"type":"LineString","coordinates":[[-16.37764,16.0573144],[-16.3773641,16.0571398],[-16.3772791,16.0570106],[-16.3773322,16.0564324],[-16.3776153,16.0565922],[-16.3774596,16.0571942]]}},{"type":"Feature","properties":{"full_id":"w1020679833","osm_id":"1020679833","osm_type":"way","Type de vo":"service","Niveau":null,"Pont":null,"Tyoe de pi":null,"État de s":null,"Vitesse ":null,"Référenc":null,"Nom":null,"Éclairage":null,"Sans issue":null,"Intersecti":null,"Nombre de ":null,"Accès":null,"surface":"Terre","Service":"Ruelle","Sens uniqu":null},"geometry":{"type":"LineString","coordinates":[[-16.37764,16.0573144],[-16.3773428,16.0573065],[-16.3773286,16.0571033]]}},{"type":"Feature","properties":{"full_id":"w1020681239","osm_id":"1020681239","osm_type":"way","Type de vo":"service","Niveau":null,"Pont":null,"Tyoe de pi":null,"État de s":null,"Vitesse ":null,"Référenc":null,"Nom":null,"Éclairage":null,"Sans issue":null,"Intersecti":null,"Nombre de ":null,"Accès":null,"surface":"Terre","Service":"Ruelle","Sens uniqu":null},"geometry":{"type":"LineString","coordinates":[[-16.3736758,16.07806],[-16.3737404,16.0777314],[-16.3732987,16.0776327]]}},{"type":"Feature","properties":{"full_id":"w1020681240","osm_id":"1020681240","osm_type":"way","Type de vo":"service","Niveau":null,"Pont":null,"Tyoe de pi":null,"État de s":null,"Vitesse ":null,"Référenc":null,"Nom":null,"Éclairage":null,"Sans issue":null,"Intersecti":null,"Nombre de ":null,"Accès":null,"surface":"Terre","Service":"Ruelle","Sens uniqu":null},"geometry":{"type":"LineString","coordinates":[[-16.3737466,16.0781044],[-16.3737065,16.0782347],[-16.373118,16.0781547]]}},{"type":"Feature","properties":{"full_id":"w1020681241","osm_id":"1020681241","osm_type":"way","Type de vo":"service","Niveau":null,"Pont":null,"Tyoe de pi":null,"État de s":null,"Vitesse ":null,"Référenc":null,"Nom":null,"Éclairage":null,"Sans issue":null,"Intersecti":null,"Nombre de ":null,"Accès":null,"surface":"Terre","Service":"Ruelle","Sens uniqu":null},"geometry":{"type":"LineString","coordinates":[[-16.3735586,16.0781636],[-16.3732536,16.0779682],[-16.3731739,16.0781774]]}},{"type":"Feature","properties":{"full_id":"w1020681242","osm_id":"1020681242","osm_type":"way","Type de vo":"service","Niveau":null,"Pont":null,"Tyoe de pi":null,"État de s":null,"Vitesse ":null,"Référenc":null,"Nom":null,"Éclairage":null,"Sans issue":null,"Intersecti":null,"Nombre de ":null,"Accès":null,"surface":"Terre","Service":"Ruelle","Sens uniqu":null},"geometry":{"type":"LineString","coordinates":[[-16.3742691,16.0777745],[-16.3742118,16.078433],[-16.3740547,16.0784597],[-16.3738729,16.0781251]]}},{"type":"Feature","properties":{"full_id":"w1020686665","osm_id":"1020686665","osm_type":"way","Type de vo":"service","Niveau":null,"Pont":null,"Tyoe de pi":null,"État de s":null,"Vitesse ":null,"Référenc":null,"Nom":null,"Éclairage":null,"Sans issue":null,"Intersecti":null,"Nombre de ":null,"Accès":null,"surface":"Terre","Service":"Ruelle","Sens uniqu":null},"geometry":{"type":"LineString","coordinates":[[-16.3584095,16.0790025],[-16.3582557,16.0795138],[-16.3588649,16.0795196]]}},{"type":"Feature","properties":{"full_id":"w1020686666","osm_id":"1020686666","osm_type":"way","Type de vo":"service","Niveau":null,"Pont":null,"Tyoe de pi":null,"État de s":null,"Vitesse ":null,"Référenc":null,"Nom":null,"Éclairage":null,"Sans issue":null,"Intersecti":null,"Nombre de ":null,"Accès":null,"surface":"Terre","Service":"Ruelle","Sens uniqu":null},"geometry":{"type":"LineString","coordinates":[[-16.3581544,16.0789486],[-16.3580497,16.0793135],[-16.3582557,16.0795138]]}},{"type":"Feature","properties":{"full_id":"w1020686667","osm_id":"1020686667","osm_type":"way","Type de vo":"service","Niveau":null,"Pont":null,"Tyoe de pi":null,"État de s":null,"Vitesse ":null,"Référenc":null,"Nom":null,"Éclairage":null,"Sans issue":null,"Intersecti":null,"Nombre de ":null,"Accès":null,"surface":"Terre","Service":"Ruelle","Sens uniqu":null},"geometry":{"type":"LineString","coordinates":[[-16.3578551,16.076348],[-16.357395,16.0763786]]}},{"type":"Feature","properties":{"full_id":"w1020686668","osm_id":"1020686668","osm_type":"way","Type de vo":"service","Niveau":null,"Pont":null,"Tyoe de pi":null,"État de s":null,"Vitesse ":null,"Référenc":null,"Nom":null,"Éclairage":null,"Sans issue":null,"Intersecti":null,"Nombre de ":null,"Accès":null,"surface":"Terre","Service":"Ruelle","Sens uniqu":null},"geometry":{"type":"LineString","coordinates":[[-16.3587267,16.0772666],[-16.3584107,16.0764909],[-16.3579046,16.0764603]]}},{"type":"Feature","properties":{"full_id":"w1020686669","osm_id":"1020686669","osm_type":"way","Type de vo":"service","Niveau":null,"Pont":null,"Tyoe de pi":null,"État de s":null,"Vitesse ":null,"Référenc":null,"Nom":null,"Éclairage":null,"Sans issue":null,"Intersecti":null,"Nombre de ":null,"Accès":null,"surface":"Terre","Service":"Ruelle","Sens uniqu":null},"geometry":{"type":"LineString","coordinates":[[-16.3578609,16.0771369],[-16.3575613,16.077052],[-16.3573702,16.0767153]]}},{"type":"Feature","properties":{"full_id":"w1020686679","osm_id":"1020686679","osm_type":"way","Type de vo":"service","Niveau":"-1","Pont":null,"Tyoe de pi":null,"État de s":null,"Vitesse ":null,"Référenc":null,"Nom":null,"Éclairage":null,"Sans issue":null,"Intersecti":null,"Nombre de ":null,"Accès":null,"surface":"Terre","Service":"Ruelle","Sens uniqu":null},"geometry":{"type":"LineString","coordinates":[[-16.3610962,16.0862399],[-16.3606608,16.0858542]]}},{"type":"Feature","properties":{"full_id":"w1020709153","osm_id":"1020709153","osm_type":"way","Type de vo":"service","Niveau":null,"Pont":null,"Tyoe de pi":null,"État de s":null,"Vitesse ":null,"Référenc":null,"Nom":null,"Éclairage":null,"Sans issue":null,"Intersecti":null,"Nombre de ":null,"Accès":null,"surface":"Terre","Service":"Ruelle","Sens uniqu":null},"geometry":{"type":"LineString","coordinates":[[-16.3498001,16.0933319],[-16.3496338,16.0937494]]}},{"type":"Feature","properties":{"full_id":"w1020709154","osm_id":"1020709154","osm_type":"way","Type de vo":"service","Niveau":null,"Pont":null,"Tyoe de pi":null,"État de s":null,"Vitesse ":null,"Référenc":null,"Nom":null,"Éclairage":null,"Sans issue":null,"Intersecti":null,"Nombre de ":null,"Accès":null,"surface":"Terre","Service":"Ruelle","Sens uniqu":null},"geometry":{"type":"LineString","coordinates":[[-16.3496741,16.0935742],[-16.3494327,16.0935329]]}},{"type":"Feature","properties":{"full_id":"w1020709155","osm_id":"1020709155","osm_type":"way","Type de vo":"service","Niveau":null,"Pont":null,"Tyoe de pi":null,"État de s":null,"Vitesse ":null,"Référenc":null,"Nom":null,"Éclairage":null,"Sans issue":null,"Intersecti":null,"Nombre de ":null,"Accès":null,"surface":"Terre","Service":"Ruelle","Sens uniqu":null},"geometry":{"type":"LineString","coordinates":[[-16.350419,16.0931194],[-16.3498802,16.092957]]}},{"type":"Feature","properties":{"full_id":"w1020709157","osm_id":"1020709157","osm_type":"way","Type de vo":"service","Niveau":null,"Pont":null,"Tyoe de pi":null,"État de s":null,"Vitesse ":null,"Référenc":null,"Nom":null,"Éclairage":null,"Sans issue":null,"Intersecti":null,"Nombre de ":null,"Accès":null,"surface":"Terre","Service":"Ruelle","Sens uniqu":null},"geometry":{"type":"LineString","coordinates":[[-16.3503028,16.0926438],[-16.3502356,16.0930507]]}},{"type":"Feature","properties":{"full_id":"w1020709158","osm_id":"1020709158","osm_type":"way","Type de vo":"service","Niveau":null,"Pont":null,"Tyoe de pi":null,"État de s":null,"Vitesse ":null,"Référenc":null,"Nom":null,"Éclairage":null,"Sans issue":null,"Intersecti":null,"Nombre de ":null,"Accès":null,"surface":"Terre","Service":"Ruelle","Sens uniqu":null},"geometry":{"type":"LineString","coordinates":[[-16.350433,16.0930117],[-16.3507174,16.0931618],[-16.3506244,16.0933309]]}},{"type":"Feature","properties":{"full_id":"w1020709159","osm_id":"1020709159","osm_type":"way","Type de vo":"service","Niveau":null,"Pont":null,"Tyoe de pi":null,"État de s":null,"Vitesse ":null,"Référenc":null,"Nom":null,"Éclairage":null,"Sans issue":null,"Intersecti":null,"Nombre de ":null,"Accès":null,"surface":"Terre","Service":"Ruelle","Sens uniqu":null},"geometry":{"type":"LineString","coordinates":[[-16.3507174,16.0931618],[-16.3511734,16.0934866],[-16.3509263,16.0936152]]}},{"type":"Feature","properties":{"full_id":"w1020709160","osm_id":"1020709160","osm_type":"way","Type de vo":"service","Niveau":null,"Pont":null,"Tyoe de pi":null,"État de s":null,"Vitesse ":null,"Référenc":null,"Nom":null,"Éclairage":null,"Sans issue":null,"Intersecti":null,"Nombre de ":null,"Accès":null,"surface":"Terre","Service":"Ruelle","Sens uniqu":null},"geometry":{"type":"LineString","coordinates":[[-16.3504511,16.092799],[-16.350822,16.0929686],[-16.3508308,16.0931537]]}},{"type":"Feature","properties":{"full_id":"w1020709161","osm_id":"1020709161","osm_type":"way","Type de vo":"service","Niveau":null,"Pont":null,"Tyoe de pi":null,"État de s":null,"Vitesse ":null,"Référenc":null,"Nom":null,"Éclairage":null,"Sans issue":null,"Intersecti":null,"Nombre de ":null,"Accès":null,"surface":"Terre","Service":"Ruelle","Sens uniqu":null},"geometry":{"type":"LineString","coordinates":[[-16.3506209,16.0937623],[-16.3503276,16.0942517]]}},{"type":"Feature","properties":{"full_id":"w1020709173","osm_id":"1020709173","osm_type":"way","Type de vo":"service","Niveau":null,"Pont":null,"Tyoe de pi":null,"État de s":null,"Vitesse ":null,"Référenc":null,"Nom":null,"Éclairage":null,"Sans issue":null,"Intersecti":null,"Nombre de ":null,"Accès":null,"surface":"Terre","Service":"Ruelle","Sens uniqu":null},"geometry":{"type":"LineString","coordinates":[[-16.3474505,16.1074721],[-16.3467742,16.1074534]]}},{"type":"Feature","properties":{"full_id":"w1020709175","osm_id":"1020709175","osm_type":"way","Type de vo":"service","Niveau":null,"Pont":null,"Tyoe de pi":null,"État de s":null,"Vitesse ":null,"Référenc":null,"Nom":null,"Éclairage":null,"Sans issue":null,"Intersecti":null,"Nombre de ":null,"Accès":null,"surface":"Terre","Service":"Ruelle","Sens uniqu":null},"geometry":{"type":"LineString","coordinates":[[-16.3475787,16.107602],[-16.3472922,16.1080003]]}},{"type":"Feature","properties":{"full_id":"w1020709176","osm_id":"1020709176","osm_type":"way","Type de vo":"service","Niveau":null,"Pont":null,"Tyoe de pi":null,"État de s":null,"Vitesse ":null,"Référenc":null,"Nom":null,"Éclairage":null,"Sans issue":null,"Intersecti":null,"Nombre de ":null,"Accès":null,"surface":"Terre","Service":"Ruelle","Sens uniqu":null},"geometry":{"type":"LineString","coordinates":[[-16.3482314,16.107571],[-16.3483619,16.1082225]]}},{"type":"Feature","properties":{"full_id":"w1020709177","osm_id":"1020709177","osm_type":"way","Type de vo":"service","Niveau":null,"Pont":null,"Tyoe de pi":null,"État de s":null,"Vitesse ":null,"Référenc":null,"Nom":null,"Éclairage":null,"Sans issue":null,"Intersecti":null,"Nombre de ":null,"Accès":null,"surface":"Terre","Service":"Ruelle","Sens uniqu":null},"geometry":{"type":"LineString","coordinates":[[-16.3482951,16.1079343],[-16.347693,16.1078858]]}},{"type":"Feature","properties":{"full_id":"w1020709178","osm_id":"1020709178","osm_type":"way","Type de vo":"service","Niveau":null,"Pont":null,"Tyoe de pi":null,"État de s":null,"Vitesse ":null,"Référenc":null,"Nom":null,"Éclairage":null,"Sans issue":null,"Intersecti":null,"Nombre de ":null,"Accès":null,"surface":"Terre","Service":"Ruelle","Sens uniqu":null},"geometry":{"type":"LineString","coordinates":[[-16.3482982,16.1080882],[-16.3478268,16.1080261],[-16.34786,16.1079128]]}},{"type":"Feature","properties":{"full_id":"w1020709184","osm_id":"1020709184","osm_type":"way","Type de vo":"service","Niveau":null,"Pont":null,"Tyoe de pi":null,"État de s":null,"Vitesse ":null,"Référenc":null,"Nom":null,"Éclairage":null,"Sans issue":null,"Intersecti":null,"Nombre de ":null,"Accès":null,"surface":"Terre","Service":"Ruelle","Sens uniqu":null},"geometry":{"type":"LineString","coordinates":[[-16.3477305,16.1087429],[-16.347288,16.1087929]]}},{"type":"Feature","properties":{"full_id":"w1020709209","osm_id":"1020709209","osm_type":"way","Type de vo":"service","Niveau":"-1","Pont":null,"Tyoe de pi":null,"État de s":null,"Vitesse ":null,"Référenc":null,"Nom":null,"Éclairage":null,"Sans issue":null,"Intersecti":null,"Nombre de ":null,"Accès":null,"surface":"Terre","Service":"Ruelle","Sens uniqu":null},"geometry":{"type":"LineString","coordinates":[[-16.3465333,16.1128469],[-16.346565,16.112602],[-16.3461511,16.1126777]]}},{"type":"Feature","properties":{"full_id":"w1020709216","osm_id":"1020709216","osm_type":"way","Type de vo":"service","Niveau":"-1","Pont":null,"Tyoe de pi":null,"État de s":null,"Vitesse ":null,"Référenc":null,"Nom":null,"Éclairage":null,"Sans issue":null,"Intersecti":null,"Nombre de ":null,"Accès":null,"surface":"Terre","Service":"Ruelle","Sens uniqu":null},"geometry":{"type":"LineString","coordinates":[[-16.3420318,16.1109507],[-16.3421874,16.1109713],[-16.3422271,16.1108215]]}},{"type":"Feature","properties":{"full_id":"w1021786807","osm_id":"1021786807","osm_type":"way","Type de vo":"service","Niveau":null,"Pont":null,"Tyoe de pi":null,"État de s":null,"Vitesse ":null,"Référenc":null,"Nom":null,"Éclairage":null,"Sans issue":null,"Intersecti":null,"Nombre de ":null,"Accès":null,"surface":"Terre","Service":"Ruelle","Sens uniqu":null},"geometry":{"type":"LineString","coordinates":[[-16.4472891,16.0007178],[-16.445559,16.0000648],[-16.4454173,15.9998012],[-16.4455221,15.9992355],[-16.4453927,15.9991111]]}},{"type":"Feature","properties":{"full_id":"w1021786808","osm_id":"1021786808","osm_type":"way","Type de vo":"service","Niveau":null,"Pont":null,"Tyoe de pi":null,"État de s":null,"Vitesse ":null,"Référenc":null,"Nom":null,"Éclairage":null,"Sans issue":null,"Intersecti":null,"Nombre de ":null,"Accès":null,"surface":"Terre","Service":"Ruelle","Sens uniqu":null},"geometry":{"type":"LineString","coordinates":[[-16.4455067,15.9995346],[-16.4462492,15.9992918],[-16.4466088,15.9999715]]}},{"type":"Feature","properties":{"full_id":"w1021786810","osm_id":"1021786810","osm_type":"way","Type de vo":"service","Niveau":null,"Pont":null,"Tyoe de pi":null,"État de s":null,"Vitesse ":null,"Référenc":null,"Nom":null,"Éclairage":null,"Sans issue":null,"Intersecti":null,"Nombre de ":null,"Accès":null,"surface":"Terre","Service":"Ruelle","Sens uniqu":null},"geometry":{"type":"LineString","coordinates":[[-16.4441664,15.9991141],[-16.4440154,15.999043],[-16.4441602,15.9984892],[-16.4436272,15.9983085],[-16.4434362,15.9979649],[-16.4435779,15.9974733],[-16.4434917,15.9972215],[-16.4433138,15.997112],[-16.442897,15.9972097]]}},{"type":"Feature","properties":{"full_id":"w1021786811","osm_id":"1021786811","osm_type":"way","Type de vo":"service","Niveau":null,"Pont":null,"Tyoe de pi":null,"État de s":null,"Vitesse ":null,"Référenc":null,"Nom":null,"Éclairage":null,"Sans issue":null,"Intersecti":null,"Nombre de ":null,"Accès":null,"surface":"Terre","Service":"Ruelle","Sens uniqu":null},"geometry":{"type":"LineString","coordinates":[[-16.4434475,15.9978996],[-16.4442681,15.9981249]]}},{"type":"Feature","properties":{"full_id":"w1021786812","osm_id":"1021786812","osm_type":"way","Type de vo":"service","Niveau":null,"Pont":null,"Tyoe de pi":null,"État de s":null,"Vitesse ":null,"Référenc":null,"Nom":null,"Éclairage":null,"Sans issue":null,"Intersecti":null,"Nombre de ":null,"Accès":null,"surface":"Terre","Service":"Ruelle","Sens uniqu":null},"geometry":{"type":"LineString","coordinates":[[-16.4440376,15.9980289],[-16.4439292,15.99835]]}},{"type":"Feature","properties":{"full_id":"w1021786813","osm_id":"1021786813","osm_type":"way","Type de vo":"service","Niveau":null,"Pont":null,"Tyoe de pi":null,"État de s":null,"Vitesse ":null,"Référenc":null,"Nom":null,"Éclairage":null,"Sans issue":null,"Intersecti":null,"Nombre de ":null,"Accès":null,"surface":"Terre","Service":"Ruelle","Sens uniqu":null},"geometry":{"type":"LineString","coordinates":[[-16.4441367,15.9984549],[-16.4436611,15.9985514]]}},{"type":"Feature","properties":{"full_id":"w1021786814","osm_id":"1021786814","osm_type":"way","Type de vo":"service","Niveau":null,"Pont":null,"Tyoe de pi":null,"État de s":null,"Vitesse ":null,"Référenc":null,"Nom":null,"Éclairage":null,"Sans issue":null,"Intersecti":null,"Nombre de ":null,"Accès":null,"surface":"Terre","Service":"Ruelle","Sens uniqu":null},"geometry":{"type":"LineString","coordinates":[[-16.4440937,15.9986455],[-16.4437813,15.9987646],[-16.443846,15.998886],[-16.4441017,15.9988327]]}},{"type":"Feature","properties":{"full_id":"w1021786816","osm_id":"1021786816","osm_type":"way","Type de vo":"service","Niveau":null,"Pont":null,"Tyoe de pi":null,"État de s":null,"Vitesse ":null,"Référenc":null,"Nom":null,"Éclairage":null,"Sans issue":null,"Intersecti":null,"Nombre de ":null,"Accès":null,"surface":"Terre","Service":"Ruelle","Sens uniqu":null},"geometry":{"type":"LineString","coordinates":[[-16.4409747,15.999532],[-16.439509,15.999658],[-16.4389781,15.9995322]]}},{"type":"Feature","properties":{"full_id":"w1021786817","osm_id":"1021786817","osm_type":"way","Type de vo":"service","Niveau":"-2","Pont":null,"Tyoe de pi":null,"État de s":null,"Vitesse ":null,"Référenc":null,"Nom":null,"Éclairage":null,"Sans issue":null,"Intersecti":null,"Nombre de ":null,"Accès":null,"surface":"Terre","Service":"Ruelle","Sens uniqu":null},"geometry":{"type":"LineString","coordinates":[[-16.4396151,15.9995968],[-16.4394417,15.9994607],[-16.4396187,15.9992668],[-16.440369,15.9992498],[-16.4401848,15.9993497]]}},{"type":"Feature","properties":{"full_id":"w1021786818","osm_id":"1021786818","osm_type":"way","Type de vo":"service","Niveau":null,"Pont":null,"Tyoe de pi":null,"État de s":null,"Vitesse ":null,"Référenc":null,"Nom":null,"Éclairage":null,"Sans issue":null,"Intersecti":null,"Nombre de ":null,"Accès":null,"surface":"Terre","Service":"Ruelle","Sens uniqu":null},"geometry":{"type":"LineString","coordinates":[[-16.4403371,15.9992158],[-16.4400929,15.9989878]]}},{"type":"Feature","properties":{"full_id":"w1021786828","osm_id":"1021786828","osm_type":"way","Type de vo":"service","Niveau":null,"Pont":null,"Tyoe de pi":null,"État de s":null,"Vitesse ":null,"Référenc":null,"Nom":null,"Éclairage":null,"Sans issue":null,"Intersecti":null,"Nombre de ":null,"Accès":null,"surface":"Terre","Service":"Ruelle","Sens uniqu":null},"geometry":{"type":"LineString","coordinates":[[-16.4431598,15.9884708],[-16.4429288,15.9889596]]}},{"type":"Feature","properties":{"full_id":"w1105414376","osm_id":"1105414376","osm_type":"way","Type de vo":"service","Niveau":null,"Pont":null,"Tyoe de pi":null,"État de s":null,"Vitesse ":null,"Référenc":null,"Nom":null,"Éclairage":null,"Sans issue":null,"Intersecti":null,"Nombre de ":null,"Accès":null,"surface":null,"Service":null,"Sens uniqu":null},"geometry":{"type":"LineString","coordinates":[[-16.3825443,16.0454737],[-16.3826188,16.0453211]]}},{"type":"Feature","properties":{"full_id":"w1146789520","osm_id":"1146789520","osm_type":"way","Type de vo":"service","Niveau":null,"Pont":null,"Tyoe de pi":null,"État de s":null,"Vitesse ":null,"Référenc":null,"Nom":null,"Éclairage":null,"Sans issue":null,"Intersecti":null,"Nombre de ":null,"Accès":null,"surface":null,"Service":null,"Sens uniqu":null},"geometry":{"type":"LineString","coordinates":[[-16.3969318,15.9167763],[-16.3972903,15.9171076]]}},{"type":"Feature","properties":{"full_id":"w1146789528","osm_id":"1146789528","osm_type":"way","Type de vo":"service","Niveau":null,"Pont":null,"Tyoe de pi":null,"État de s":null,"Vitesse ":null,"Référenc":null,"Nom":null,"Éclairage":null,"Sans issue":null,"Intersecti":null,"Nombre de ":null,"Accès":null,"surface":null,"Service":null,"Sens uniqu":null},"geometry":{"type":"LineString","coordinates":[[-16.3941085,15.9161837],[-16.3935537,15.9167731],[-16.3927346,15.9171265]]}},{"type":"Feature","properties":{"full_id":"w1146789529","osm_id":"1146789529","osm_type":"way","Type de vo":"service","Niveau":null,"Pont":null,"Tyoe de pi":null,"État de s":null,"Vitesse ":null,"Référenc":null,"Nom":null,"Éclairage":null,"Sans issue":null,"Intersecti":null,"Nombre de ":null,"Accès":null,"surface":null,"Service":null,"Sens uniqu":null},"geometry":{"type":"LineString","coordinates":[[-16.3927171,15.9161809],[-16.3920635,15.9164644]]}},{"type":"Feature","properties":{"full_id":"w1150873968","osm_id":"1150873968","osm_type":"way","Type de vo":"service","Niveau":null,"Pont":null,"Tyoe de pi":null,"État de s":null,"Vitesse ":null,"Référenc":null,"Nom":null,"Éclairage":null,"Sans issue":null,"Intersecti":null,"Nombre de ":null,"Accès":null,"surface":null,"Service":null,"Sens uniqu":null},"geometry":{"type":"LineString","coordinates":[[-16.4193283,16.0628843],[-16.4201751,16.0642896]]}},{"type":"Feature","properties":{"full_id":"w1150873969","osm_id":"1150873969","osm_type":"way","Type de vo":"service","Niveau":null,"Pont":null,"Tyoe de pi":null,"État de s":null,"Vitesse ":null,"Référenc":null,"Nom":null,"Éclairage":null,"Sans issue":null,"Intersecti":null,"Nombre de ":null,"Accès":null,"surface":null,"Service":null,"Sens uniqu":null},"geometry":{"type":"LineString","coordinates":[[-16.4204836,16.0640963],[-16.41963,16.0627093]]}},{"type":"Feature","properties":{"full_id":"w1150873970","osm_id":"1150873970","osm_type":"way","Type de vo":"service","Niveau":null,"Pont":null,"Tyoe de pi":null,"État de s":null,"Vitesse ":null,"Référenc":null,"Nom":null,"Éclairage":null,"Sans issue":null,"Intersecti":null,"Nombre de ":null,"Accès":null,"surface":null,"Service":null,"Sens uniqu":null},"geometry":{"type":"LineString","coordinates":[[-16.4203414,16.0659907],[-16.4200008,16.0663207]]}},{"type":"Feature","properties":{"full_id":"w1154639888","osm_id":"1154639888","osm_type":"way","Type de vo":"service","Niveau":null,"Pont":null,"Tyoe de pi":null,"État de s":null,"Vitesse ":null,"Référenc":null,"Nom":null,"Éclairage":null,"Sans issue":null,"Intersecti":null,"Nombre de ":null,"Accès":null,"surface":"Terre","Service":"Ruelle","Sens uniqu":null},"geometry":{"type":"LineString","coordinates":[[-16.4231029,16.0423066],[-16.4231213,16.0428234]]}},{"type":"Feature","properties":{"full_id":"w1154639892","osm_id":"1154639892","osm_type":"way","Type de vo":"service","Niveau":null,"Pont":null,"Tyoe de pi":null,"État de s":null,"Vitesse ":null,"Référenc":null,"Nom":null,"Éclairage":null,"Sans issue":null,"Intersecti":null,"Nombre de ":null,"Accès":null,"surface":"Terre","Service":"Ruelle","Sens uniqu":null},"geometry":{"type":"LineString","coordinates":[[-16.4214813,16.04341],[-16.4211792,16.0433366]]}},{"type":"Feature","properties":{"full_id":"w1154640134","osm_id":"1154640134","osm_type":"way","Type de vo":"service","Niveau":null,"Pont":null,"Tyoe de pi":null,"État de s":null,"Vitesse ":null,"Référenc":null,"Nom":null,"Éclairage":null,"Sans issue":null,"Intersecti":null,"Nombre de ":null,"Accès":null,"surface":"Terre","Service":"Ruelle","Sens uniqu":null},"geometry":{"type":"LineString","coordinates":[[-16.3736548,16.0488348],[-16.3732951,16.0489234],[-16.3731924,16.0487125]]}},{"type":"Feature","properties":{"full_id":"w1163601939","osm_id":"1163601939","osm_type":"way","Type de vo":"service","Niveau":null,"Pont":null,"Tyoe de pi":null,"État de s":null,"Vitesse ":null,"Référenc":null,"Nom":null,"Éclairage":null,"Sans issue":null,"Intersecti":null,"Nombre de ":null,"Accès":null,"surface":"ground","Service":null,"Sens uniqu":null},"geometry":{"type":"LineString","coordinates":[[-16.4812367,15.9742576],[-16.4819654,15.9760162]]}},{"type":"Feature","properties":{"full_id":"w1163601940","osm_id":"1163601940","osm_type":"way","Type de vo":"service","Niveau":null,"Pont":null,"Tyoe de pi":null,"État de s":null,"Vitesse ":null,"Référenc":null,"Nom":null,"Éclairage":null,"Sans issue":null,"Intersecti":null,"Nombre de ":null,"Accès":null,"surface":"ground","Service":null,"Sens uniqu":null},"geometry":{"type":"LineString","coordinates":[[-16.483312,15.9759804],[-16.4819654,15.9760162],[-16.4813646,15.9762893],[-16.4815649,15.9765579]]}},{"type":"Feature","properties":{"full_id":"w1418956574","osm_id":"1418956574","osm_type":"way","Type de vo":"service","Niveau":null,"Pont":null,"Tyoe de pi":null,"État de s":null,"Vitesse ":null,"Référenc":null,"Nom":null,"Éclairage":null,"Sans issue":null,"Intersecti":null,"Nombre de ":null,"Accès":null,"surface":null,"Service":null,"Sens uniqu":null},"geometry":{"type":"LineString","coordinates":[[-16.4285571,16.0666942],[-16.4287332,16.0663254]]}},{"type":"Feature","properties":{"full_id":"w1424095199","osm_id":"1424095199","osm_type":"way","Type de vo":"service","Niveau":null,"Pont":null,"Tyoe de pi":null,"État de s":null,"Vitesse ":null,"Référenc":null,"Nom":null,"Éclairage":null,"Sans issue":null,"Intersecti":null,"Nombre de ":null,"Accès":null,"surface":null,"Service":null,"Sens uniqu":null},"geometry":{"type":"LineString","coordinates":[[-16.4203467,16.0595],[-16.4206143,16.059453]]}},{"type":"Feature","properties":{"full_id":"w1424095200","osm_id":"1424095200","osm_type":"way","Type de vo":"service","Niveau":null,"Pont":null,"Tyoe de pi":null,"État de s":null,"Vitesse ":null,"Référenc":null,"Nom":null,"Éclairage":null,"Sans issue":null,"Intersecti":null,"Nombre de ":null,"Accès":null,"surface":null,"Service":null,"Sens uniqu":null},"geometry":{"type":"LineString","coordinates":[[-16.4180134,16.0595767],[-16.4175586,16.0593376]]}}]}