{"type":"FeatureCollection","name":"urbanisation-empreinte-2024.geojson","features":[{"type":"Feature","properties":{"fid":118.0,"DN":7,"Nature":"Empreinte urbaine"},"geometry":{"type":"Polygon","coordinates":[[[-16.342417859657893,16.10964073679146],[-16.342417251748724,16.109550358547345],[-16.34251074236318,16.10954977085735],[-16.342417859657893,16.10964073679146]]]}},{"type":"Feature","properties":{"fid":138.0,"DN":7,"Nature":"Empreinte urbaine"},"geometry":{"type":"Polygon","coordinates":[[[-16.348824125636853,16.103002493630353],[-16.348823515092484,16.10291211556892],[-16.34901048960694,16.10291093501315],[-16.348824125636853,16.103002493630353]]]}},{"type":"Feature","properties":{"fid":139.0,"DN":7,"Nature":"Empreinte urbaine"},"geometry":{"type":"Polygon","coordinates":[[[-16.348636540562477,16.102913295961162],[-16.348635930106568,16.102822917891967],[-16.34872941733123,16.102822327719768],[-16.348636540562477,16.102913295961162]]]}},{"type":"Feature","properties":{"fid":160.0,"DN":7,"Nature":"Empreinte urbaine"},"geometry":{"type":"Polygon","coordinates":[[[-16.34450362384303,16.100047119713064],[-16.34450301537172,16.099956741465544],[-16.344596501414202,16.099956153203344],[-16.34450362384303,16.100047119713064]]]}},{"type":"Feature","properties":{"fid":162.0,"DN":7,"Nature":"Empreinte urbaine"},"geometry":{"type":"Polygon","coordinates":[[[-16.344409529325368,16.09995732968687],[-16.344408920900214,16.099866951435086],[-16.344502406904294,16.099866363217238],[-16.344409529325368,16.09995732968687]]]}},{"type":"Feature","properties":{"fid":167.0,"DN":7,"Nature":"Empreinte urbaine"},"geometry":{"type":"Polygon","coordinates":[[[-16.345437266731853,16.099860478790728],[-16.345341954246052,16.099589932761557],[-16.345808774355866,16.099496611069355],[-16.34581121055429,16.099858123875677],[-16.345437266731853,16.099860478790728]]]}},{"type":"Feature","properties":{"fid":298.0,"DN":7,"Nature":"Empreinte urbaine"},"geometry":{"type":"Polygon","coordinates":[[[-16.369326794856033,16.09347240920246],[-16.369326175419545,16.093382031832263],[-16.369419657420625,16.09338143294937],[-16.369326794856033,16.09347240920246]]]}},{"type":"Feature","properties":{"fid":300.0,"DN":7,"Nature":"Empreinte urbaine"},"geometry":{"type":"Polygon","coordinates":[[[-16.35801543855903,16.093544572911792],[-16.358014824235557,16.093454195115026],[-16.358108306712268,16.09345360117555],[-16.35801543855903,16.093544572911792]]]}},{"type":"Feature","properties":{"fid":305.0,"DN":7,"Nature":"Empreinte urbaine"},"geometry":{"type":"Polygon","coordinates":[[[-16.358294657207622,16.093362035387013],[-16.358294042765213,16.093271657599207],[-16.358387525145666,16.09327106354418],[-16.358294657207622,16.093362035387013]]]}},{"type":"Feature","properties":{"fid":306.0,"DN":7,"Nature":"Empreinte urbaine"},"geometry":{"type":"Polygon","coordinates":[[[-16.369325555987,16.093291654461282],[-16.369230835255497,16.09311149854837],[-16.369417799008072,16.093110300844685],[-16.369325555987,16.093291654461282]]]}},{"type":"Feature","properties":{"fid":308.0,"DN":7,"Nature":"Empreinte urbaine"},"geometry":{"type":"Polygon","coordinates":[[[-16.347030621706065,16.114311550465715],[-16.347028180992893,16.113950038329516],[-16.346748313521836,16.114042185723843],[-16.34599671478471,16.11350463376175],[-16.345529253082116,16.113507580134545],[-16.344685385431372,16.113151368515794],[-16.344402472994517,16.112791622135507],[-16.343747419854903,16.112705363540222],[-16.343276917521948,16.112256413909],[-16.34336797561586,16.111894312995613],[-16.34261882589297,16.11171826060158],[-16.342429410667535,16.111357923280234],[-16.34177618571945,16.111542792955433],[-16.34159102541532,16.111815102564563],[-16.341310550271068,16.111816864545006],[-16.341027645645685,16.11145711304346],[-16.34111263403942,16.11019122994519],[-16.3415727984604,16.109103754528416],[-16.341851446877317,16.108830857680722],[-16.341849624027386,16.108559722862346],[-16.342128271336936,16.10828682572611],[-16.34240205527743,16.107290902189128],[-16.342866462961776,16.106836072520235],[-16.34295752013918,16.10647397173459],[-16.343422532932795,16.106109519300563],[-16.34379162173459,16.105384141220217],[-16.34406721975495,16.10465935089625],[-16.344062352203167,16.103936325075644],[-16.344619627655426,16.103390525924677],[-16.344992969387306,16.10329779373762],[-16.34536326582377,16.10275316997199],[-16.34535900312813,16.10212052260691],[-16.34554475912161,16.10193858875577],[-16.345633982712382,16.101305352625896],[-16.345538060139003,16.100944428592086],[-16.34525577418778,16.100675059959148],[-16.345720769728445,16.100310603673382],[-16.345718333621534,16.09994909086885],[-16.345998791586094,16.099947324365576],[-16.346090450019755,16.09967560087951],[-16.346556051083557,16.099401521213007],[-16.347023479562154,16.099398575101684],[-16.347208012269093,16.099035883757875],[-16.34758073463106,16.098852769578446],[-16.34767178062861,16.09849066744688],[-16.348511316938275,16.09821422527441],[-16.348882815705466,16.097850352812078],[-16.349523776196794,16.095857903328056],[-16.349520723359152,16.09540601284216],[-16.349239661748886,16.09531740537168],[-16.34933009313926,16.094864924658506],[-16.349797510467816,16.09486197328869],[-16.34989282604989,16.095132517158312],[-16.350266760334275,16.09513015512167],[-16.350265538573595,16.094949398972933],[-16.35063825037441,16.094766280186516],[-16.35063519523454,16.094314389862898],[-16.351006683154996,16.093950514427295],[-16.351380003716166,16.09385777256873],[-16.352403421366077,16.093128244682738],[-16.35249873936396,16.09339878722609],[-16.352685704689947,16.0933976041342],[-16.352595893299327,16.09394046369341],[-16.352315444532163,16.093942238210328],[-16.351943959196376,16.09430611573828],[-16.351852922383216,16.094668219091577],[-16.351573695428918,16.09485074876745],[-16.3513928426488,16.095755711291652],[-16.350926645960406,16.09593942239487],[-16.35064986079359,16.09648346323713],[-16.350370019217785,16.096575613531247],[-16.349812778214904,16.097121425377914],[-16.349628862600465,16.0975744966167],[-16.349163880852643,16.097938960471886],[-16.348979352687866,16.098301653193527],[-16.34898240487977,16.09875354365836],[-16.348517419266773,16.099118006366638],[-16.34833532973124,16.09984221109376],[-16.348149578273798,16.1000241470645],[-16.34834021144629,16.10056523591646],[-16.34871476654106,16.100653253906962],[-16.348437969626264,16.101197292608266],[-16.349000109510005,16.10137450796704],[-16.349001330639545,16.101555264101897],[-16.349471817635315,16.10200420249486],[-16.349193189220173,16.10227710793944],[-16.34881924139079,16.102279469116848],[-16.348821683482715,16.102640981379885],[-16.34872697537734,16.102460815449064],[-16.34779149459126,16.102376337087463],[-16.347699837591687,16.102648061155012],[-16.347232401638603,16.1026510093239],[-16.347419985929918,16.10274020829506],[-16.347332597468196,16.103644579043806],[-16.347613060435496,16.103642810027512],[-16.347611230381602,16.103371675721412],[-16.348547326295858,16.103546532582744],[-16.34939543354986,16.104535378019968],[-16.349862873496036,16.104532424783475],[-16.34995391702512,16.10417032198396],[-16.350420744694905,16.104076989598816],[-16.350801422169674,16.105068783076337],[-16.350523403188358,16.10543206834465],[-16.350528294613614,16.1061550921356],[-16.349978364312204,16.107785441713666],[-16.349892820971267,16.10896094629597],[-16.34933982410608,16.110139404908956],[-16.349342879480083,16.110591294806653],[-16.348790486399185,16.1118601304],[-16.348702492687448,16.112674122807885],[-16.34796066345186,16.113582625832045],[-16.34796188461596,16.113763381838336],[-16.347030621706065,16.114311550465715]],[[-16.342610921118276,16.110543343692083],[-16.342797903258596,16.110542168031213],[-16.342515606083367,16.110272796760466],[-16.34241846757093,16.109731115034783],[-16.34316517655599,16.109545655882165],[-16.343160918931112,16.108913008345787],[-16.342973330212768,16.1088238059793],[-16.342600585092377,16.109006913686923],[-16.342509526471844,16.109369014373712],[-16.342321329701644,16.10918943319826],[-16.34213738766438,16.109642499626474],[-16.342326800503415,16.1100028374265],[-16.342237564658312,16.110636072765406],[-16.342425762829322,16.11081565389339],[-16.342610921118276,16.110543343692083]],[[-16.344755124915103,16.10962603218486],[-16.344474044372213,16.109537419919636],[-16.344475262055884,16.109718176254233],[-16.344662852211965,16.10980737717905],[-16.344755124915103,16.10962603218486]],[[-16.344100690887178,16.109630152051366],[-16.343817784951007,16.109270404322135],[-16.343633846356838,16.109723471784356],[-16.344008417564616,16.109811496807918],[-16.344100690887178,16.109630152051366]],[[-16.349799342469062,16.095133107565324],[-16.34970585888435,16.095133697931473],[-16.349706469516953,16.095224076025602],[-16.349799342469062,16.095133107565324]]]}},{"type":"Feature","properties":{"fid":400.0,"DN":7,"Nature":"Empreinte urbaine"},"geometry":{"type":"Polygon","coordinates":[[[-16.364999450642948,16.08952330162867],[-16.36499883332335,16.089432924061306],[-16.365092313646706,16.08943232721299],[-16.364999450642948,16.08952330162867]]]}},{"type":"Feature","properties":{"fid":408.0,"DN":7,"Nature":"Empreinte urbaine"},"geometry":{"type":"Polygon","coordinates":[[[-16.36415195795851,16.08862489543083],[-16.36415134105843,16.088534517823867],[-16.364338300927145,16.08853332489211],[-16.36415195795851,16.08862489543083]]]}},{"type":"Feature","properties":{"fid":416.0,"DN":7,"Nature":"Empreinte urbaine"},"geometry":{"type":"Polygon","coordinates":[[[-16.366204191855164,16.087979121396994],[-16.366202338461477,16.087707988790147],[-16.366483394779124,16.087796574256892],[-16.366204191855164,16.087979121396994]]]}},{"type":"Feature","properties":{"fid":502.0,"DN":7,"Nature":"Empreinte urbaine"},"geometry":{"type":"Polygon","coordinates":[[[-16.365531311098085,16.085271974384778],[-16.365526372103577,16.084548953697855],[-16.365618615328795,16.08436760162257],[-16.366271725390824,16.08418266708327],[-16.36654968763676,16.083819365095472],[-16.367392222586435,16.08399474276072],[-16.367393458953355,16.084175497805294],[-16.36758041449195,16.084174302354015],[-16.368051514238434,16.084713577977677],[-16.36805275125963,16.084894332960175],[-16.367491882687773,16.084897920218673],[-16.36702634627058,16.0851720410624],[-16.366278520116293,16.085176820238672],[-16.36618627720064,16.085358172567975],[-16.365531311098085,16.085271974384778]]]}},{"type":"Feature","properties":{"fid":512.0,"DN":7,"Nature":"Empreinte urbaine"},"geometry":{"type":"Polygon","coordinates":[[[-16.37046221887321,16.09545352087937],[-16.37027339318409,16.09518358771123],[-16.369992944740098,16.095185385552927],[-16.36980411993451,16.094915451894746],[-16.36961715452321,16.0949166500669],[-16.369331131021973,16.094105050771827],[-16.369602904114313,16.092837970887057],[-16.369043252193194,16.093022318704683],[-16.369233312808745,16.093473008048033],[-16.369046348702337,16.093474205616623],[-16.368954105189985,16.093655559105994],[-16.36848545628841,16.093477797341894],[-16.36847926590406,16.092574023286048],[-16.367824894199508,16.092578211525723],[-16.367630507442502,16.091494878445218],[-16.367255345827623,16.09131651539838],[-16.36696810153178,16.090324156566105],[-16.367149498055838,16.089509563702634],[-16.367797055658997,16.088511226187567],[-16.368162931811206,16.087333926801552],[-16.368998054393778,16.08642476755248],[-16.36899186455187,16.085520993095876],[-16.368616094792806,16.085252254102446],[-16.36861485723329,16.085071499168663],[-16.36889405385127,16.08488894931631],[-16.368983818347232,16.08434608618482],[-16.36972978281103,16.08407016549234],[-16.369914880114866,16.083797835722848],[-16.370382267554668,16.083794841347267],[-16.37075183968948,16.083159803311997],[-16.371031031598044,16.08297725099541],[-16.3713127026186,16.083156207882936],[-16.371507097204866,16.084239537515955],[-16.37179001084848,16.08459924828862],[-16.371791871441953,16.084870380338586],[-16.371606155829422,16.08505233423149],[-16.371706455948292,16.086045885464582],[-16.371243403615296,16.08668152464115],[-16.371339362725468,16.087042434559653],[-16.370693687388506,16.088311913288596],[-16.370698646291775,16.089034932155325],[-16.370887466022968,16.089304865504058],[-16.3708955260325,16.090479770932394],[-16.371273169579965,16.0910196367453],[-16.37333347365999,16.091548698456467],[-16.373615780521348,16.091818028294224],[-16.373524784522978,16.092180137846547],[-16.37371361119177,16.09245006809433],[-16.373717339548623,16.092992331351027],[-16.37334962547865,16.093898506271408],[-16.373069179200964,16.093900308009033],[-16.372790595970606,16.0941732410796],[-16.37223094404452,16.094357597285963],[-16.37195297966686,16.094720906650622],[-16.37102125552758,16.095178791668907],[-16.370836150552094,16.09545112281569],[-16.37046221887321,16.09545352087937]]]}},{"type":"Feature","properties":{"fid":529.0,"DN":7,"Nature":"Empreinte urbaine"},"geometry":{"type":"Polygon","coordinates":[[[-16.38440071545215,16.083252651056487],[-16.384026808734088,16.083255071063807],[-16.38401742416231,16.081899417542083],[-16.38439257990917,16.08207775153394],[-16.384578906278964,16.081986164493685],[-16.38495468865797,16.08225487431577],[-16.38495781893973,16.082706758647998],[-16.38458579104106,16.082980310182094],[-16.38449544388798,16.083432799706344],[-16.38440071545215,16.083252651056487]]]}},{"type":"Feature","properties":{"fid":537.0,"DN":7,"Nature":"Empreinte urbaine"},"geometry":{"type":"Polygon","coordinates":[[[-16.38420187352397,16.08153670012036],[-16.384201247849273,16.08144632321664],[-16.38429472368236,16.08144571826596],[-16.38420187352397,16.08153670012036]]]}},{"type":"Feature","properties":{"fid":539.0,"DN":7,"Nature":"Empreinte urbaine"},"geometry":{"type":"Polygon","coordinates":[[[-16.38392207142615,16.081628891651874],[-16.383826718975214,16.081358365692303],[-16.384013670584867,16.081357156083854],[-16.38410902328114,16.08162768194031],[-16.38392207142615,16.081628891651874]]]}},{"type":"Feature","properties":{"fid":540.0,"DN":7,"Nature":"Empreinte urbaine"},"geometry":{"type":"Polygon","coordinates":[[[-16.38429472368236,16.08144571826596],[-16.384294097969434,16.081355341365025],[-16.38438757375631,16.08135473637711],[-16.38429472368236,16.08144571826596]]]}},{"type":"Feature","properties":{"fid":581.0,"DN":7,"Nature":"Empreinte urbaine"},"geometry":{"type":"Polygon","coordinates":[[[-16.38381983871827,16.080364219533358],[-16.383909561143366,16.07982135322903],[-16.384283461460036,16.07981893392886],[-16.384378813603174,16.080089459731575],[-16.38381983871827,16.080364219533358]]]}},{"type":"Feature","properties":{"fid":584.0,"DN":7,"Nature":"Empreinte urbaine"},"geometry":{"type":"Polygon","coordinates":[[[-16.358860552109338,16.08034347012702],[-16.358951571580214,16.079981364792385],[-16.359231999989614,16.079979583073726],[-16.35914098103709,16.08034168848866],[-16.358860552109338,16.08034347012702]]]}},{"type":"Feature","properties":{"fid":651.0,"DN":7,"Nature":"Empreinte urbaine"},"geometry":{"type":"Polygon","coordinates":[[[-16.403441961139322,16.079151813334594],[-16.4029720549024,16.078793374283627],[-16.402875411089216,16.078342106258642],[-16.40306109023225,16.07816012782133],[-16.403434350159333,16.078067299108742],[-16.403810781682928,16.07842635064399],[-16.403908062102104,16.078967994236482],[-16.403722383104654,16.079149973394266],[-16.403441961139322,16.079151813334594]]]}},{"type":"Feature","properties":{"fid":656.0,"DN":7,"Nature":"Empreinte urbaine"},"geometry":{"type":"Polygon","coordinates":[[[-16.35735082108468,16.078274273347283],[-16.357350207675893,16.07818389539672],[-16.357443683038536,16.07818330229542],[-16.35735082108468,16.078274273347283]]]}},{"type":"Feature","properties":{"fid":661.0,"DN":7,"Nature":"Empreinte urbaine"},"geometry":{"type":"Polygon","coordinates":[[[-16.411752198590168,16.07783181017004],[-16.411751560619823,16.077741434301696],[-16.411845033618178,16.0777408174514],[-16.411752198590168,16.07783181017004]]]}},{"type":"Feature","properties":{"fid":663.0,"DN":7,"Nature":"Empreinte urbaine"},"geometry":{"type":"Polygon","coordinates":[[[-16.35904320500335,16.079709637307282],[-16.359228928391627,16.079527693738758],[-16.359227085479834,16.079256560128353],[-16.35885318227703,16.07925893555917],[-16.358945429748616,16.079077585997425],[-16.358757864223207,16.078988395644668],[-16.358756636080567,16.078807639860635],[-16.35913053845476,16.078805264663345],[-16.359128695763612,16.078534131023556],[-16.359690162927315,16.078620944926033],[-16.359779951330204,16.07807808363834],[-16.360340802583252,16.078074518072416],[-16.3600622208731,16.078347434585165],[-16.360064679459622,16.078708945969012],[-16.359877728443134,16.07871013445858],[-16.359882030529445,16.079342779399287],[-16.35960160308884,16.07934456190133],[-16.35960344651896,16.079615695467208],[-16.35941649461901,16.079616883618904],[-16.35923138566218,16.079889205208307],[-16.35904320500335,16.079709637307282]],[[-16.359414037057736,16.079255372168042],[-16.359412808300604,16.07907461643791],[-16.35922585689156,16.079075804384164],[-16.359227085479834,16.079256560128353],[-16.359414037057736,16.079255372168042]]]}},{"type":"Feature","properties":{"fid":666.0,"DN":7,"Nature":"Empreinte urbaine"},"geometry":{"type":"Polygon","coordinates":[[[-16.3576312472875,16.078272493910426],[-16.35753654490797,16.078092331208975],[-16.35790983248069,16.077999580315357],[-16.357818198069822,16.07827130741511],[-16.3576312472875,16.078272493910426]]]}},{"type":"Feature","properties":{"fid":672.0,"DN":7,"Nature":"Empreinte urbaine"},"geometry":{"type":"Polygon","coordinates":[[[-16.357442456148277,16.078002546398952],[-16.35744184270902,16.077912168449537],[-16.357535317941114,16.077911575317955],[-16.357442456148277,16.078002546398952]]]}},{"type":"Feature","properties":{"fid":718.0,"DN":7,"Nature":"Empreinte urbaine"},"geometry":{"type":"Polygon","coordinates":[[[-16.35678015855435,16.076831783478962],[-16.35677954546139,16.07674140549479],[-16.35687302017215,16.076740812694503],[-16.35678015855435,16.076831783478962]]]}},{"type":"Feature","properties":{"fid":721.0,"DN":7,"Nature":"Empreinte urbaine"},"geometry":{"type":"Polygon","coordinates":[[[-16.40931170862803,16.076401818543616],[-16.409311071820024,16.07631144256788],[-16.409498016673506,16.07631021106517],[-16.40931170862803,16.076401818543616]]]}},{"type":"Feature","properties":{"fid":746.0,"DN":7,"Nature":"Empreinte urbaine"},"geometry":{"type":"Polygon","coordinates":[[[-16.413515410993543,16.076012566837885],[-16.413514772302737,16.07592219102318],[-16.413608244379688,16.075921573470588],[-16.413515410993543,16.076012566837885]]]}},{"type":"Feature","properties":{"fid":779.0,"DN":7,"Nature":"Empreinte urbaine"},"geometry":{"type":"Polygon","coordinates":[[[-16.413514133616008,16.075831815207696],[-16.41369788388688,16.075378701016312],[-16.414071771124853,16.075376230322387],[-16.414259992731385,16.075555746310176],[-16.41426190977994,16.075826873673645],[-16.414076243647344,16.07600886088832],[-16.413514133616008,16.075831815207696]]]}},{"type":"Feature","properties":{"fid":789.0,"DN":7,"Nature":"Empreinte urbaine"},"geometry":{"type":"Polygon","coordinates":[[[-16.35772823503021,16.092552198572125],[-16.35716795645668,16.092646138241296],[-16.357076929807384,16.09300824309167],[-16.35679648287023,16.093010023386697],[-16.356795255372816,16.092829267691705],[-16.355767563847063,16.092926170103695],[-16.35567285505064,16.092746007220054],[-16.355300152203224,16.092929134180494],[-16.354458810998224,16.092934466944946],[-16.354270621035234,16.092754895668516],[-16.353055962897376,16.092852969543966],[-16.353054738795993,16.092672213565614],[-16.353427443562765,16.092489090396334],[-16.353426219154553,16.092308334439682],[-16.353053514710208,16.092491457584117],[-16.35295758453157,16.09213053729252],[-16.353144548635417,16.09212935389002],[-16.353143324511933,16.091948597906097],[-16.353329676290773,16.091857036368044],[-16.3535141912493,16.09149434073528],[-16.353418260881515,16.091133420644866],[-16.35369625650487,16.09077013306095],[-16.353786676428125,16.09031765120365],[-16.354065282724903,16.090044741226425],[-16.355560978821323,16.090035262876402],[-16.35667845526389,16.08939550209949],[-16.356767640816564,16.088762263723634],[-16.356482905802512,16.088131397878133],[-16.35647431837955,16.08686610720602],[-16.356566571038197,16.086684758360363],[-16.356847009127137,16.086682979047016],[-16.356845782092726,16.086502223249056],[-16.357687095388105,16.086496883166955],[-16.357775663263567,16.085773266677784],[-16.35833285169094,16.0852274375954],[-16.358329166955816,16.084685170453625],[-16.358982286612562,16.08450025758928],[-16.359167399680317,16.084227935974965],[-16.359354355910444,16.08422674770977],[-16.35944476107884,16.083774264400663],[-16.35963233152796,16.083863453743234],[-16.35981805788653,16.083681509475944],[-16.35972212127322,16.08332059254469],[-16.3599078470798,16.08313864823553],[-16.359904158577926,16.08259638134374],[-16.360181516265822,16.082142709049286],[-16.360461947562225,16.082140925485497],[-16.360554194631984,16.081959575287083],[-16.36074237882334,16.082139141554293],[-16.360745454367184,16.082591030494136],[-16.361121209384965,16.08285978458954],[-16.361495118966623,16.08285740467725],[-16.36196065883529,16.082583295651048],[-16.36214822906388,16.082672482795616],[-16.362056598944843,16.08294421131799],[-16.362523985926998,16.082941234266613],[-16.362431740334895,16.083122585195994],[-16.363085466367856,16.083028038152136],[-16.362988908251765,16.082576745394803],[-16.36326872357167,16.08248458041261],[-16.36355100414799,16.082753925804816],[-16.363925529716397,16.082841919324967],[-16.364672114074594,16.082656393775835],[-16.364670263404545,16.082385260860498],[-16.364857217482456,16.082384067918472],[-16.3648559835532,16.082203312651767],[-16.365135180220367,16.082020767705032],[-16.36504046929739,16.08184060904595],[-16.365783344550564,16.081112814320043],[-16.365780875239285,16.080751303880685],[-16.365593922760013,16.080752497512112],[-16.36559268829686,16.080571742273598],[-16.365871264711387,16.080298818954514],[-16.36633926232111,16.080386211639507],[-16.3663374096663,16.080115078855876],[-16.3667088424743,16.07975117988972],[-16.3667069893956,16.07948004713199],[-16.36689394059832,16.07947885261979],[-16.36689146954415,16.079117342293415],[-16.367078420393405,16.079116147646218],[-16.367262899560345,16.078753442553353],[-16.36744428826131,16.07793884949017],[-16.3684663274177,16.077028499349993],[-16.368463853918872,16.076666989179202],[-16.36883527666392,16.076303087201396],[-16.368834039632073,16.07612233213331],[-16.369670972902362,16.07548430573215],[-16.37116593081103,16.075384349206512],[-16.37126126307646,16.075654882514677],[-16.37219971941179,16.07619115426313],[-16.37239038789909,16.07673221957226],[-16.373045326930832,16.076818398751076],[-16.373795602859936,16.077175107698324],[-16.373891560493604,16.077536016778954],[-16.374173225690082,16.077714970383283],[-16.37417943577696,16.07861874353006],[-16.373525111313793,16.078622945670755],[-16.373055875030456,16.078354813911776],[-16.37305897763031,16.078806700680534],[-16.37287202753965,16.078807900530887],[-16.372316138836595,16.07953451811864],[-16.37212918800724,16.0795357173727],[-16.372043154037215,16.080620845496323],[-16.37223258683546,16.080981155704517],[-16.371764586303534,16.0808937762302],[-16.371673590215863,16.081255885227375],[-16.37139316147651,16.081257683392174],[-16.371303404300452,16.081800547072486],[-16.37018292461124,16.081988490692996],[-16.370184163338095,16.082169245559836],[-16.367845389038596,16.081913071029714],[-16.36765410822261,16.08128162381617],[-16.3672777305053,16.08092250405925],[-16.36699730171618,16.08092429642576],[-16.366346055691913,16.081380365119003],[-16.36616219029992,16.08183344723885],[-16.365602564442835,16.08201778409375],[-16.365417462401847,16.082290110500807],[-16.36513764856982,16.08238227819925],[-16.365138882768154,16.082563033441634],[-16.364766825126328,16.082836552580552],[-16.3647680590262,16.083017307843317],[-16.364581104349284,16.083018500753084],[-16.36458295497524,16.083289633662503],[-16.363654344874053,16.084199372533817],[-16.363377609364555,16.08474342653045],[-16.362355508475293,16.08565375654703],[-16.36226942122634,16.086738884442216],[-16.36274113043547,16.087368549955283],[-16.36274729276613,16.088272326620466],[-16.363123061499433,16.088541076028328],[-16.363126143715814,16.0889929642492],[-16.363406584276337,16.088991176085216],[-16.363591078004557,16.088628473267043],[-16.363872134776507,16.088717062149488],[-16.363968082126526,16.089077976264587],[-16.36415504251788,16.089076783453887],[-16.364153808682335,16.088896028247024],[-16.364434248986417,16.08889423874581],[-16.364437334238414,16.089346126704175],[-16.36471839232968,16.089434714361197],[-16.364438568366737,16.089526881882023],[-16.364441036670584,16.089888392228286],[-16.365094165744033,16.08970345990213],[-16.365282979018616,16.08997339872268],[-16.365563420701875,16.08997160762406],[-16.36565010748671,16.088976857540295],[-16.365461294795917,16.088706918985267],[-16.365645784427535,16.088344214692206],[-16.366017232650723,16.087980315920024],[-16.366204191855164,16.087979121396994],[-16.366114418895155,16.088521983892583],[-16.36620666310187,16.088340631528443],[-16.366394240534486,16.088429814337626],[-16.36648401270374,16.087886951781908],[-16.367040562734605,16.087250723975515],[-16.367044889898214,16.087883366518728],[-16.366399183924283,16.08915283450001],[-16.366027734448103,16.08951673401193],[-16.365747293457567,16.08951852567026],[-16.365752234859684,16.090241545954964],[-16.364818662467375,16.0904282709108],[-16.36266860307588,16.09044198616229],[-16.362110181911753,16.090807071167575],[-16.361736257556938,16.090809453298984],[-16.36136541183314,16.091263723234043],[-16.360898005166607,16.09126669925025],[-16.36080575481952,16.09144804975055],[-16.36052531050726,16.091449834768643],[-16.360340808810832,16.091812535476585],[-16.35996688229887,16.091814914658272],[-16.359968727731534,16.092086047867312],[-16.359504393612774,16.092540909731913],[-16.358851863568216,16.09281620381082],[-16.358760225332688,16.09308793137271],[-16.35857326076822,16.093089119754683],[-16.358481007522204,16.093270469448306],[-16.35772823503021,16.092552198572125]],[[-16.35389240489479,16.092124618645965],[-16.353519089032925,16.0922173645716],[-16.353613795675074,16.09239752858639],[-16.353894242123356,16.09239575253198],[-16.35389240489479,16.092124618645965]],[[-16.35996503690149,16.09154378144216],[-16.35987155539045,16.091544376124908],[-16.35987217047674,16.091634753867915],[-16.35996503690149,16.09154378144216]],[[-16.371855582112758,16.080531667208017],[-16.371482298390983,16.08062444228932],[-16.37167049024825,16.080803998298606],[-16.371950918318742,16.080802199819605],[-16.371855582112758,16.080531667208017]],[[-16.365967827702818,16.080750110085962],[-16.36587435147302,16.080750707003734],[-16.365874968837154,16.080841084611222],[-16.365967827702818,16.080750110085962]],[[-16.372038813121847,16.079988203851347],[-16.371851861846615,16.07998940289597],[-16.371853101919516,16.080170157669794],[-16.372038813121847,16.079988203851347]]]}},{"type":"Feature","properties":{"fid":810.0,"DN":7,"Nature":"Empreinte urbaine"},"geometry":{"type":"Polygon","coordinates":[[[-16.41565631381436,16.074733092420555],[-16.415655034609816,16.074552340936535],[-16.41574850596004,16.074551722500328],[-16.41565631381436,16.074733092420555]]]}},{"type":"Feature","properties":{"fid":864.0,"DN":7,"Nature":"Empreinte urbaine"},"geometry":{"type":"Polygon","coordinates":[[[-16.35638909910511,16.074303570039667],[-16.356388486290417,16.07421319201948],[-16.35648195983512,16.074212599480614],[-16.35638909910511,16.074303570039667]]]}},{"type":"Feature","properties":{"fid":866.0,"DN":7,"Nature":"Empreinte urbaine"},"geometry":{"type":"Polygon","coordinates":[[[-16.362932856506816,16.074352371305398],[-16.36302448242911,16.074080642591355],[-16.363212660660405,16.074260207213708],[-16.363215124280682,16.07462171826018],[-16.362932856506816,16.074352371305398]]]}},{"type":"Feature","properties":{"fid":875.0,"DN":7,"Nature":"Empreinte urbaine"},"geometry":{"type":"Polygon","coordinates":[[[-16.362183838660624,16.074176377449906],[-16.36218322323349,16.07408599964679],[-16.362836920250082,16.07399145555449],[-16.362746525477444,16.07444393976695],[-16.362183838660624,16.074176377449906]]]}},{"type":"Feature","properties":{"fid":881.0,"DN":7,"Nature":"Empreinte urbaine"},"geometry":{"type":"Polygon","coordinates":[[[-16.362089749969904,16.074086594671158],[-16.36208913458889,16.073996216863733],[-16.36218260781028,16.073995621842894],[-16.362089749969904,16.074086594671158]]]}},{"type":"Feature","properties":{"fid":896.0,"DN":7,"Nature":"Empreinte urbaine"},"geometry":{"type":"Polygon","coordinates":[[[-16.362367707742013,16.073723298283507],[-16.362367092250107,16.073632920483508],[-16.362460565290927,16.07363232535435],[-16.362367707742013,16.073723298283507]]]}},{"type":"Feature","properties":{"fid":912.0,"DN":7,"Nature":"Empreinte urbaine"},"geometry":{"type":"Polygon","coordinates":[[[-16.434244737271424,16.072892093044715],[-16.434244089348653,16.072801718021125],[-16.434430380888887,16.07271008998602],[-16.434431676899056,16.07289084001916],[-16.434244737271424,16.072892093044715]]]}},{"type":"Feature","properties":{"fid":967.0,"DN":7,"Nature":"Empreinte urbaine"},"geometry":{"type":"Polygon","coordinates":[[[-16.44367082067577,16.070840368864246],[-16.44366886441106,16.07056924486614],[-16.443855801091864,16.07056798378665],[-16.44367082067577,16.070840368864246]]]}},{"type":"Feature","properties":{"fid":979.0,"DN":7,"Nature":"Empreinte urbaine"},"geometry":{"type":"Polygon","coordinates":[[[-16.438927973979084,16.074216340926167],[-16.437803732426623,16.0738623813113],[-16.436490607494132,16.073238545698455],[-16.434714678885722,16.07325046018718],[-16.434525794760148,16.072980588456865],[-16.434988606183033,16.072344829988058],[-16.435171655381126,16.07180132639511],[-16.435357945534136,16.071709697654164],[-16.435539696404184,16.070985443868747],[-16.436097266217566,16.07052980650586],[-16.436564609357852,16.07052667003916],[-16.43666002473458,16.070797167461503],[-16.437875767483334,16.070879382096823],[-16.438058807625765,16.07033587670872],[-16.438245094930757,16.070244245660152],[-16.439273247262836,16.070237333890617],[-16.43955560300403,16.070506572505458],[-16.43965232285893,16.070957817915886],[-16.43983991060561,16.071046935130898],[-16.43984251213181,16.071408434388893],[-16.440030750869294,16.071587926196443],[-16.440683081247048,16.071312398215923],[-16.44077524845317,16.07113101941747],[-16.441336060737278,16.071127243142087],[-16.441524300413846,16.071306733552245],[-16.44217858175545,16.07130232541846],[-16.442364216203163,16.071120316156705],[-16.443489099939192,16.071564627156306],[-16.44339823915826,16.07192675626702],[-16.443025666872252,16.072110027032366],[-16.443026970595366,16.072290776390673],[-16.442285080983073,16.073109189701647],[-16.44135364066443,16.07356736125909],[-16.440326122868708,16.07366465919004],[-16.440141134882502,16.073937041765408],[-16.43948879536765,16.074212568786688],[-16.438927973979084,16.074216340926167]],[[-16.43741361806716,16.071605520782505],[-16.437133859965364,16.071697778938713],[-16.437132561615854,16.071517029100356],[-16.436852154426525,16.071518911959515],[-16.437040390822023,16.071698406606647],[-16.436854101577325,16.07179003674929],[-16.43732209677444,16.071877273300803],[-16.43741361806716,16.071605520782505]]]}},{"type":"Feature","properties":{"fid":1002.0,"DN":7,"Nature":"Empreinte urbaine"},"geometry":{"type":"Polygon","coordinates":[[[-16.384777989214687,16.070235348657718],[-16.384777363743243,16.070144971680804],[-16.38496367924718,16.070053385091583],[-16.38496493035482,16.07023413903187],[-16.384777989214687,16.070235348657718]]]}},{"type":"Feature","properties":{"fid":1068.0,"DN":7,"Nature":"Empreinte urbaine"},"geometry":{"type":"Polygon","coordinates":[[[-16.360339573083763,16.077893762392172],[-16.36043058907368,16.077531656639522],[-16.36024363918603,16.07753284536417],[-16.360058533110898,16.077805167485845],[-16.359684632750707,16.077807544161097],[-16.35968340386567,16.07762678842692],[-16.3594964538309,16.077627976505607],[-16.35959115765086,16.077808138227876],[-16.359217257212304,16.077810514086863],[-16.35902662213422,16.077269434411928],[-16.358839672382288,16.077270621891138],[-16.358842128585827,16.077632133495413],[-16.358093714351725,16.07754650396415],[-16.358281892030462,16.077726072958008],[-16.357907991541488,16.07772844651741],[-16.357909218830375,16.077909202383488],[-16.35725489223309,16.07791335459026],[-16.357346527305324,16.077641627676837],[-16.356876085887087,16.07719270258999],[-16.35687485958938,16.077011946634155],[-16.357061196025008,16.07692038291801],[-16.3570587431545,16.07655887102183],[-16.357154057542747,16.07682941201891],[-16.357621431190257,16.076826446775595],[-16.357619590783514,16.07655531291544],[-16.357431414840047,16.076375743189413],[-16.357058129946648,16.07646849304582],[-16.35705445078166,16.075926225173298],[-16.357333033817913,16.075653312462133],[-16.357424054671966,16.075291207575084],[-16.357796110220477,16.075017701331838],[-16.35742037479914,16.074748939725534],[-16.35741853491553,16.074477805790156],[-16.35760486879709,16.07438624177987],[-16.357509555251635,16.074115700881137],[-16.35648073413305,16.07403184344491],[-16.35685217590278,16.07366796088474],[-16.356836852117485,16.071408510445757],[-16.35748686526574,16.070771715111047],[-16.357654800028893,16.067968810862958],[-16.35793275874432,16.06760552007012],[-16.358306640314364,16.067603147920305],[-16.35840195108094,16.067873688779358],[-16.358588892087734,16.06787250235709],[-16.359059927181203,16.068411803415895],[-16.359340953276988,16.068500400759646],[-16.359343408973807,16.068861912584158],[-16.359157080951277,16.068953477697498],[-16.359158308662284,16.06913423361753],[-16.358414221206733,16.069681248588715],[-16.35832259038114,16.069952975763755],[-16.35832872572664,16.07085675556229],[-16.358803450657028,16.07193832426915],[-16.359459599631254,16.072205302598295],[-16.360213524182495,16.07310432989093],[-16.361616232069476,16.073185790895387],[-16.3618972659027,16.073274384239056],[-16.362086057742708,16.07354432781485],[-16.36236647676213,16.073542542682727],[-16.36189972698713,16.073635895517317],[-16.36171216566187,16.073546707419798],[-16.361620538094822,16.07381843570352],[-16.361995046028692,16.073906434032054],[-16.362090980743698,16.074267350283645],[-16.361624844312406,16.07445108047318],[-16.36153260115527,16.074632430915255],[-16.360785427509104,16.074727565702812],[-16.360694413032387,16.075089671550746],[-16.360508080158034,16.075181238188172],[-16.36042567102028,16.076808633890124],[-16.360613849875573,16.076988200736483],[-16.36052406401162,16.077531062215968],[-16.360805103745083,16.077619656526522],[-16.360527138133452,16.077982951391235],[-16.360339573083763,16.077893762392172]],[[-16.35781144846676,16.07727715010872],[-16.357623885120674,16.077187958578147],[-16.35744061584223,16.07773141254836],[-16.35772104127352,16.077729633052225],[-16.35781144846676,16.07727715010872]],[[-16.35874619750045,16.07727121556952],[-16.358652722614696,16.077271809207094],[-16.35865333657529,16.077362187116368],[-16.35874619750045,16.07727121556952]],[[-16.359492767776327,16.077085709242056],[-16.35939929300632,16.077086303199092],[-16.35940052159109,16.077267058963777],[-16.359492767776327,16.077085709242056]],[[-16.359305818232393,16.077086897115322],[-16.35921234345455,16.077087490990742],[-16.35921357187049,16.07726824676948],[-16.359305818232393,16.077086897115322]],[[-16.35753041023017,16.077188551722468],[-16.357436935335745,16.077189144825983],[-16.357437548743714,16.077279522781666],[-16.35753041023017,16.077188551722468]],[[-16.358463317365885,16.076911484686782],[-16.35836984263722,16.076912078187878],[-16.358277595460756,16.077093427500284],[-16.358465158959184,16.077182618442734],[-16.358463317365885,16.076911484686782]],[[-16.359487853256272,16.07636268618002],[-16.35920804412214,16.076454845740415],[-16.35930274705005,16.0766350076723],[-16.359583170726967,16.076633225853893],[-16.359487853256272,16.07636268618002]],[[-16.35799226186871,16.076372184145704],[-16.35799164824662,16.076281806203216],[-16.357711224876514,16.07628358589819],[-16.357805926416393,16.07646374860557],[-16.35799226186871,16.076372184145704]],[[-16.357890197611432,16.075107486106308],[-16.357796723703377,16.07510807929233],[-16.35779795068092,16.07528883521097],[-16.357890197611432,16.075107486106308]],[[-16.357981830825395,16.0748357590167],[-16.35788835704786,16.074836352232996],[-16.357889584086326,16.075017108149325],[-16.357981830825395,16.0748357590167]]]}},{"type":"Feature","properties":{"fid":1124.0,"DN":7,"Nature":"Empreinte urbaine"},"geometry":{"type":"Polygon","coordinates":[[[-16.38081801644549,16.07884713997281],[-16.380535720450386,16.078577818658314],[-16.380529481660858,16.07767404793265],[-16.380712062580955,16.07704020196959],[-16.380521371829197,16.07649914587181],[-16.380334424483678,16.076500352074092],[-16.380332553332764,16.076229220789013],[-16.380610478646588,16.075865903108205],[-16.380698961230024,16.075142283224295],[-16.38041667103023,16.074872961241024],[-16.38031820903163,16.07415054736847],[-16.3812479424231,16.073421498998925],[-16.38218203981592,16.073325086439194],[-16.38236773503215,16.073143124767547],[-16.3823602412702,16.072058600178604],[-16.38301329232766,16.071873618638847],[-16.383197735857916,16.0715109023353],[-16.383478149537392,16.071509089765524],[-16.38347689966808,16.071328335732737],[-16.3838501590833,16.07123554142725],[-16.383942379892023,16.071054183001554],[-16.384782367626503,16.070867987474102],[-16.384780491140358,16.070596856557504],[-16.38505902652089,16.07032391112315],[-16.38524221366314,16.069780439484255],[-16.38552199888575,16.06968824747395],[-16.385799906112688,16.069324924285816],[-16.386173160449694,16.069232126288405],[-16.38672270764899,16.067601708980522],[-16.387001236339806,16.06732876147909],[-16.38746795536508,16.067235355889185],[-16.387648627196924,16.066330375181234],[-16.387835564461966,16.06632916333483],[-16.387733949700372,16.065154869568783],[-16.3883857186457,16.06478911990454],[-16.389320397321793,16.064783056389143],[-16.389508587786406,16.064962596876757],[-16.390070022905682,16.06504933309509],[-16.3906345979747,16.065587951764392],[-16.392135117139468,16.066301245845796],[-16.39278750938298,16.066025859859206],[-16.39306476906769,16.065572151856557],[-16.393438641302854,16.0655697186548],[-16.393624318851842,16.06538774845677],[-16.393622431065186,16.065116618422156],[-16.394090399643456,16.065203952345723],[-16.39418575605319,16.065474473639703],[-16.394466789618328,16.065563023985767],[-16.394376469728137,16.066015516019256],[-16.393446821137136,16.066744615462966],[-16.393448708887547,16.06701574547676],[-16.39326240060226,16.067107338951345],[-16.393455630948175,16.06800988880017],[-16.393080495902947,16.067831569037605],[-16.393077979440744,16.06747006232164],[-16.3927963146113,16.067291133637315],[-16.392335257981777,16.068197941022323],[-16.391778213344526,16.06874384860419],[-16.39159127413823,16.06874506407041],[-16.39159253112389,16.068925817523127],[-16.390479686798948,16.07019838166574],[-16.390295885992543,16.070651479919647],[-16.38964535824526,16.071197990000293],[-16.389647241396652,16.071469120340996],[-16.389184906788003,16.072195168899825],[-16.387875681043,16.07211328281683],[-16.387868784840038,16.07111913750991],[-16.38758649191074,16.07084982520164],[-16.38749051429196,16.07048892372749],[-16.387114752318578,16.07022021660717],[-16.38682745070291,16.069227887876984],[-16.386641136925736,16.069319475968747],[-16.38683434087791,16.070222033799343],[-16.38664802621664,16.070313621961326],[-16.386557060826046,16.0706757351569],[-16.386562071313403,16.07139875036805],[-16.385910278047334,16.071764496211944],[-16.38591215620795,16.072035626968976],[-16.385631742080207,16.072037442785224],[-16.385633619897035,16.072308573567426],[-16.385914660478004,16.07239713463402],[-16.386006879787303,16.07221577544223],[-16.386101603547402,16.072395923857215],[-16.38610911775357,16.07348044669093],[-16.385921547550105,16.073391280648064],[-16.386016898053764,16.07366180594451],[-16.385644261537788,16.073844981199645],[-16.38546107272057,16.074388453189094],[-16.385087808526425,16.074481250681554],[-16.38481051922785,16.074934950374402],[-16.384905869181242,16.07520547618843],[-16.384722051695206,16.07565857080103],[-16.384725805790858,16.076200832384604],[-16.384260315395178,16.076474987547254],[-16.383139257985775,16.076572618886697],[-16.38277536125378,16.078021067615595],[-16.381655542640384,16.078299445950453],[-16.381098440690355,16.078845329717616],[-16.38081801644549,16.07884713997281]],[[-16.385731473411205,16.07294060676462],[-16.385638001609376,16.072941212031722],[-16.38554640761357,16.0732129480274],[-16.385733351474393,16.0732117375125],[-16.385731473411205,16.07294060676462]],[[-16.385441044288832,16.071496391496805],[-16.385254102007355,16.071497601630824],[-16.384976191041833,16.07186092435306],[-16.3849780679487,16.07213205521518],[-16.38507279077432,16.072312204162873],[-16.38544730273464,16.07240016086208],[-16.385441044288832,16.071496391496805]]]}},{"type":"Feature","properties":{"fid":1141.0,"DN":7,"Nature":"Empreinte urbaine"},"geometry":{"type":"Polygon","coordinates":[[[-16.354829879583786,16.064913721035406],[-16.355013759053698,16.064460647182006],[-16.35557518531082,16.06454747516746],[-16.35529783780336,16.065001141140847],[-16.354829879583786,16.064913721035406]]]}},{"type":"Feature","properties":{"fid":1186.0,"DN":7,"Nature":"Empreinte urbaine"},"geometry":{"type":"Polygon","coordinates":[[[-16.395188077373998,16.061762333547783],[-16.3951868177333,16.061581580251847],[-16.395373749963618,16.061580362174105],[-16.395375009772952,16.061761115455614],[-16.395188077373998,16.061762333547783]]]}},{"type":"Feature","properties":{"fid":1197.0,"DN":7,"Nature":"Empreinte urbaine"},"geometry":{"type":"Polygon","coordinates":[[[-16.408549888203815,16.061132572170674],[-16.408548616554377,16.06095181990163],[-16.4086420818411,16.060951205075316],[-16.408549888203815,16.061132572170674]]]}},{"type":"Feature","properties":{"fid":1202.0,"DN":7,"Nature":"Empreinte urbaine"},"geometry":{"type":"Polygon","coordinates":[[[-16.406590289243184,16.061597355300282],[-16.406402723019674,16.061508206955512],[-16.406400183550595,16.06114670209217],[-16.406585844596275,16.06096472183757],[-16.406959706059464,16.06096226571198],[-16.40723819644113,16.060689294627444],[-16.407705522485777,16.060686222996328],[-16.40789563049295,16.06113687486443],[-16.40743148010009,16.061591827871357],[-16.406590289243184,16.061597355300282]]]}},{"type":"Feature","properties":{"fid":1210.0,"DN":7,"Nature":"Empreinte urbaine"},"geometry":{"type":"Polygon","coordinates":[[[-16.396394943177867,16.06057951716376],[-16.396394312859723,16.06048914055287],[-16.39667470952467,16.060487311915125],[-16.396394943177867,16.06057951716376]]]}},{"type":"Feature","properties":{"fid":1253.0,"DN":7,"Nature":"Empreinte urbaine"},"geometry":{"type":"Polygon","coordinates":[[[-16.41128013285994,16.0639163819374],[-16.41127885851337,16.06373562992847],[-16.410718059572545,16.063739325801755],[-16.410714875042174,16.063287445656254],[-16.410527305641466,16.063198301212616],[-16.410616950871926,16.062655429211954],[-16.409963325301515,16.062750114682704],[-16.409588188261804,16.062571824157118],[-16.409211143324086,16.06212240462253],[-16.409021667394804,16.061762130384462],[-16.40901021882881,16.060135360276664],[-16.408635723415806,16.060047443719352],[-16.40853907970091,16.059596177783604],[-16.408533358027025,16.058782792427888],[-16.408811207473533,16.058419443509525],[-16.410026876766008,16.0585018234226],[-16.41021253199778,16.058319840438056],[-16.41096024381384,16.05831491566184],[-16.411429474613893,16.058582964483918],[-16.41143393386607,16.05921559676402],[-16.411247005134086,16.059216828683155],[-16.4111554515517,16.05948857272267],[-16.410875694843256,16.05958079626262],[-16.41050501986684,16.060035139361066],[-16.410511386723115,16.06093889998835],[-16.41108045867982,16.062110093696116],[-16.411267390126,16.06210886170658],[-16.411550336187393,16.062468517444064],[-16.412390891285693,16.06237259426816],[-16.412579098276066,16.06255211304556],[-16.41239918061362,16.063547481854027],[-16.411842844469707,16.06418381249436],[-16.41128013285994,16.0639163819374]]]}},{"type":"Feature","properties":{"fid":1278.0,"DN":7,"Nature":"Empreinte urbaine"},"geometry":{"type":"Polygon","coordinates":[[[-16.391160863100772,16.060613584593515],[-16.391155839553846,16.059890570070472],[-16.390968280723275,16.059801407516378],[-16.390965141578253,16.059349523374067],[-16.39068474582265,16.05935134441166],[-16.390682235084583,16.05898983704054],[-16.39040183979875,16.05899165766814],[-16.390118307408958,16.058541593589503],[-16.390209262558646,16.058179479423362],[-16.39048777408001,16.057906528557996],[-16.390768167836416,16.057904707937514],[-16.390863515570096,16.05817523151872],[-16.39114453751097,16.05826378720984],[-16.39114642109462,16.05853491770428],[-16.391521536576157,16.058713242517133],[-16.391524676845485,16.059165126579042],[-16.391807585033423,16.059524811654704],[-16.39190544816348,16.060156841717582],[-16.391441260566772,16.060611762793457],[-16.391160863100772,16.060613584593515]],[[-16.391336490611305,16.05898558748283],[-16.3910554675665,16.05889703213605],[-16.39105860682211,16.059348916280012],[-16.391336490611305,16.05898558748283]]]}},{"type":"Feature","properties":{"fid":1378.0,"DN":7,"Nature":"Empreinte urbaine"},"geometry":{"type":"Polygon","coordinates":[[[-16.395554382529184,16.06067537755075],[-16.39415365548713,16.060865263232156],[-16.394152396854263,16.060684509841202],[-16.393871370426876,16.060595958491167],[-16.393776017311925,16.06032543672059],[-16.393122386923615,16.06042007081358],[-16.39302514856735,16.059878418382393],[-16.393117356358783,16.05969705688249],[-16.393397752307457,16.05969523262227],[-16.39339649445346,16.05951447915325],[-16.39405012172034,16.05941984445934],[-16.394141699123463,16.05914810589123],[-16.39451492978126,16.059055295060087],[-16.394513041573124,16.058784164968593],[-16.394792806555408,16.058691962294283],[-16.39497595857175,16.058148484672678],[-16.395163517280054,16.05823764371027],[-16.39516225795283,16.05805689035306],[-16.395442651360263,16.058055063597262],[-16.395441391796226,16.05787431025855],[-16.395067534248795,16.057876745822583],[-16.39487808738267,16.057516456586658],[-16.395625801128805,16.057511585574005],[-16.39580957992285,16.057058484109188],[-16.39627626967055,16.0569650614392],[-16.396275009444366,16.056784308146575],[-16.395899264261317,16.05651561501655],[-16.395987688349933,16.05579199256663],[-16.396641301717555,16.055697350987973],[-16.396923582730157,16.055966652447616],[-16.397109879130813,16.055875056646407],[-16.397205233996964,16.056145576852327],[-16.397392160992183,16.05614435741422],[-16.39748688574936,16.056324500843775],[-16.397490669642764,16.056866760454156],[-16.397304372559987,16.056958356637757],[-16.397306894915033,16.057319863054715],[-16.39805397621818,16.057224607048337],[-16.398149964107926,16.057585503217002],[-16.397780523368915,16.05822057952205],[-16.39769273633403,16.059034578699045],[-16.39750643742514,16.059126175192986],[-16.39750959128353,16.059578058081833],[-16.397697783197994,16.059757591260258],[-16.396855335546633,16.059582326647895],[-16.396393682545607,16.060398763941205],[-16.395741943915276,16.060764535853593],[-16.395650368188548,16.061036274953285],[-16.395554382529184,16.06067537755075]]]}},{"type":"Feature","properties":{"fid":1383.0,"DN":7,"Nature":"Empreinte urbaine"},"geometry":{"type":"Polygon","coordinates":[[[-16.414585545425872,16.055489216096273],[-16.414584907111585,16.055398840150566],[-16.414678369562992,16.05539822289759],[-16.414585545425872,16.055489216096273]]]}},{"type":"Feature","properties":{"fid":1403.0,"DN":7,"Nature":"Empreinte urbaine"},"geometry":{"type":"Polygon","coordinates":[[[-16.409928322061475,16.057779429921705],[-16.409552558610212,16.057510762383277],[-16.40964156914437,16.056877514377454],[-16.409920050363493,16.05660454044896],[-16.409915596656553,16.055971907600917],[-16.409727398546497,16.055792385689415],[-16.409816408221868,16.05515913761781],[-16.4100033332827,16.055157907249463],[-16.41028117542941,16.054794556919454],[-16.41027799375322,16.054342676311954],[-16.410557743690262,16.054250454072573],[-16.410555834366253,16.053979325729095],[-16.411021870802738,16.05379549591319],[-16.41111405929859,16.053614128082057],[-16.411770839427408,16.053971321799732],[-16.411587737082133,16.054514810060862],[-16.411307987375665,16.054607033635246],[-16.41112424656758,16.055060145532448],[-16.411779120550037,16.055146210620656],[-16.411967319688603,16.055325730640742],[-16.41206396811477,16.055776994750182],[-16.411784854037503,16.05595959511118],[-16.41215934256163,16.056047506693133],[-16.412344356292216,16.05577514612593],[-16.413280258771227,16.055949733382977],[-16.413372445962914,16.05576836469921],[-16.41355937130467,16.05576713118277],[-16.413743106934636,16.055314017614233],[-16.414491444656104,16.055399457362793],[-16.414493359484766,16.055670585208535],[-16.414680284644493,16.05566935072139],[-16.414403088150667,16.056123082136438],[-16.414122699736186,16.056124933494104],[-16.41309843466623,16.056673974643218],[-16.413010072908715,16.05739759920719],[-16.41273159523623,16.057670576886533],[-16.412449292136618,16.057401298194822],[-16.41151274617604,16.05713633176224],[-16.410302177039213,16.057776968436222],[-16.409928322061475,16.057779429921705]],[[-16.41188596253191,16.05704349157001],[-16.411792499199827,16.05704410766618],[-16.41179313632312,16.057134483707323],[-16.41188596253191,16.05704349157001]],[[-16.412072251938213,16.056951883224432],[-16.41197878865641,16.056952499398463],[-16.411979425859926,16.05704287543309],[-16.412072251938213,16.056951883224432]],[[-16.41234945495978,16.056498154345903],[-16.4122559919009,16.056498770623936],[-16.412256629210507,16.056589146651547],[-16.41234945495978,16.056498154345903]]]}},{"type":"Feature","properties":{"fid":1544.0,"DN":7,"Nature":"Empreinte urbaine"},"geometry":{"type":"Polygon","coordinates":[[[-16.418656288835763,16.049587590620927],[-16.41865564893294,16.04949721478524],[-16.418749108466336,16.049496595977626],[-16.418656288835763,16.049587590620927]]]}},{"type":"Feature","properties":{"fid":2227.0,"DN":7,"Nature":"Empreinte urbaine"},"geometry":{"type":"Polygon","coordinates":[[[-16.42350951716428,16.035456127991683],[-16.423414781465965,16.03527599681183],[-16.423601686883618,16.035274756074877],[-16.42350951716428,16.035456127991683]]]}},{"type":"Feature","properties":{"fid":2281.0,"DN":7,"Nature":"Empreinte urbaine"},"geometry":{"type":"Polygon","coordinates":[[[-16.431075955447056,16.034953866714822],[-16.431073375937547,16.03459236483514],[-16.43126092504749,16.034681492939672],[-16.43126285993826,16.03495261932607],[-16.431075955447056,16.034953866714822]]]}},{"type":"Feature","properties":{"fid":2897.0,"DN":7,"Nature":"Empreinte urbaine"},"geometry":{"type":"Polygon","coordinates":[[[-16.425224761671547,16.02694901486849],[-16.42531564264847,16.02658689098544],[-16.425689436969584,16.026584407345027],[-16.425692005424267,16.026945910345972],[-16.425224761671547,16.02694901486849]]]}},{"type":"Feature","properties":{"fid":3059.0,"DN":7,"Nature":"Empreinte urbaine"},"geometry":{"type":"MultiPolygon","coordinates":[[[[-16.415645441095815,16.07319670470608],[-16.414617262936275,16.073203504207935],[-16.41414863134862,16.073025841630905],[-16.41386630306643,16.072756567069366],[-16.41357758998539,16.071583533615073],[-16.412922023066283,16.071407102647765],[-16.412642251174276,16.071499329665354],[-16.412451482992285,16.070958308178728],[-16.412077603747157,16.070960775382524],[-16.411889388613098,16.070781256897213],[-16.411882373724982,16.06978712170745],[-16.412254975090303,16.069603903186067],[-16.41197329208701,16.069425001382342],[-16.411970103534664,16.068973121721683],[-16.41252645126026,16.06833678999321],[-16.412518796454556,16.06725227892417],[-16.41270254283461,16.06679916568634],[-16.413075137995364,16.06661594619248],[-16.41363594442233,16.06661224350197],[-16.41428191631096,16.065433035552438],[-16.415495071488014,16.065153877445884],[-16.415393296695203,16.063979609538443],[-16.41567305679159,16.06388737980497],[-16.415669221910413,16.063345124799042],[-16.415573838531426,16.063074615256944],[-16.415198057800406,16.062805959159633],[-16.415098842363427,16.061993194114294],[-16.41481780712322,16.061904671159102],[-16.414816529751473,16.06172391939316],[-16.41463023755142,16.061815530342468],[-16.41462896035646,16.061634778560325],[-16.414256375734748,16.06181799998515],[-16.41425509887705,16.06163724817376],[-16.414534856443506,16.061545020128925],[-16.41453294082032,16.061273892436486],[-16.41415907999913,16.061276361828362],[-16.414249991609214,16.060914240896746],[-16.41536454417285,16.059912695845373],[-16.41573776323303,16.05981984868994],[-16.416667931751025,16.059181036834012],[-16.416948324134133,16.059179181801948],[-16.41778374197992,16.05836023237522],[-16.418436707476925,16.058175148661878],[-16.418714537096836,16.057811788378736],[-16.418803518374713,16.057178538893808],[-16.419359172763013,16.05645181734826],[-16.41963443603377,16.055726953164136],[-16.41972021097264,16.054641824741417],[-16.41953072516183,16.054281560509473],[-16.419527522730142,16.053829681692562],[-16.419805985484977,16.053556696252798],[-16.41980278258484,16.05310481745948],[-16.419519196886107,16.05265479667662],[-16.419512152480827,16.05166066309783],[-16.419324591161654,16.0515715257082],[-16.419133829043282,16.051030509128037],[-16.419223448007944,16.050487635235935],[-16.418942427996672,16.05039911645177],[-16.41875294819731,16.050038850958],[-16.418751028313434,16.04976772347135],[-16.41903140726821,16.049765866771118],[-16.419126147167106,16.049945999418785],[-16.419312426396147,16.049854385511935],[-16.41921512577319,16.049312749698842],[-16.41884256799565,16.04949597712929],[-16.418745268882464,16.04895434096896],[-16.41855835031703,16.04895557849945],[-16.418555791013123,16.048594075115286],[-16.4183688727683,16.04859531245351],[-16.41836311533162,16.047781929727194],[-16.418546833964196,16.047328813171703],[-16.418918748277434,16.047055210676447],[-16.419009646858374,16.046693088468828],[-16.420130504679687,16.046595283696618],[-16.42049921236863,16.045869799756737],[-16.420214355970632,16.045239027283326],[-16.420399989926047,16.045057036979305],[-16.420305251620963,16.044876904721548],[-16.420580499062048,16.044152040120572],[-16.421139959192754,16.0439675712632],[-16.4209492013208,16.043426555739906],[-16.421307648560237,16.041255058174503],[-16.422142337576503,16.040345722097467],[-16.422416932179058,16.03953048010656],[-16.422217201658246,16.037724204387022],[-16.42249692221176,16.037631968725485],[-16.422763818191246,16.03573221707049],[-16.423135064632103,16.035368233391157],[-16.423415422915554,16.0353663725799],[-16.423417347288918,16.03563749987938],[-16.42369898910275,16.03581639017573],[-16.423608102405552,16.036178513646593],[-16.423796291970316,16.036358024163466],[-16.424543275451413,16.03626268286807],[-16.424918372265097,16.036440950516262],[-16.425572544525107,16.036436602331662],[-16.426131978010833,16.036252122424564],[-16.42660052909872,16.036429765441017],[-16.42744096370826,16.036333792358334],[-16.428376781379146,16.036508320229824],[-16.42809964020386,16.036962065511897],[-16.428381931393044,16.037231324701867],[-16.428568838227065,16.037230079488783],[-16.428657140614014,16.036506452437752],[-16.428843402806386,16.036414831495463],[-16.429497573858246,16.036410471345604],[-16.42959424829183,16.03686172586906],[-16.429875252298338,16.036950231944925],[-16.429872674614533,16.03658872994215],[-16.430246486824405,16.03658623685185],[-16.430245197670548,16.03640548587531],[-16.430709883319494,16.03604086674513],[-16.43079946730981,16.035497990355267],[-16.4311726323847,16.03540512035422],[-16.43117069755835,16.035133993968522],[-16.431357602209626,16.035132746483583],[-16.43154321664416,16.03495074793773],[-16.43144847431337,16.034770620865864],[-16.4316353786033,16.034769373166352],[-16.431538701073112,16.03431811976951],[-16.43116553820272,16.034410990238744],[-16.431161023982874,16.033778361933944],[-16.432095540763,16.033772123436464],[-16.432283734835835,16.03395162610803],[-16.43293660551259,16.033766505309675],[-16.43321437718888,16.033403130288285],[-16.433116405660094,16.032771126973397],[-16.433396113252794,16.032678878015062],[-16.433300079019745,16.032318000970218],[-16.433486335014884,16.032226376447724],[-16.433483751624664,16.03186487485873],[-16.433575910580156,16.03168349946082],[-16.434043163647427,16.031680375857057],[-16.434131445376472,16.030956747993475],[-16.434505246393336,16.030954248334012],[-16.434690854195495,16.03077224754162],[-16.434693439575007,16.031133748975606],[-16.4348816330932,16.031313249421657],[-16.43496926526776,16.03049924609763],[-16.43534306529463,16.030496745047756],[-16.435435221977816,16.030315369016503],[-16.436181527157423,16.030129614087098],[-16.437117319691584,16.030304105638443],[-16.437395079070175,16.029940726095536],[-16.43795577692629,16.02993696806405],[-16.438143324036353,16.030026090290843],[-16.4379616070385,16.03075034516722],[-16.43805959210327,16.03138234521859],[-16.43787333929454,16.031473973486726],[-16.437597522044914,16.032108479404812],[-16.437605942529753,16.033283357370344],[-16.437239261404198,16.03427999035531],[-16.437816817865745,16.036625986856695],[-16.438568978162973,16.037253598398607],[-16.438575461964774,16.038157349871923],[-16.438949924239605,16.038245216502368],[-16.43922833851974,16.03797220933728],[-16.439319196954646,16.037610081529255],[-16.43978386698599,16.03724544388358],[-16.439966879026887,16.03670193814536],[-16.43995000731625,16.034352185274905],[-16.439752724246894,16.032907438038418],[-16.440214787683058,16.03218129974679],[-16.440488000542093,16.031185290637524],[-16.440384817050077,16.02983029119712],[-16.440661271623952,16.029286157675358],[-16.440848170047005,16.029284902365443],[-16.441125920992977,16.02892151862427],[-16.441401723180284,16.028287009256243],[-16.441120727877106,16.02819851764412],[-16.441118780527113,16.027927392263603],[-16.44139782773573,16.02774475855989],[-16.441958518466098,16.02774099056948],[-16.442332961854262,16.027828852843154],[-16.44270935501144,16.028187839625915],[-16.44271130454367,16.02845896480932],[-16.44233880889955,16.028642228534647],[-16.44234010828862,16.028822978679663],[-16.44187351307378,16.02891649490041],[-16.441972158474897,16.029638867413517],[-16.442252506433693,16.029636982634422],[-16.442441354405176,16.029906851090864],[-16.442939779734576,16.02982925677897],[-16.442337045240926,16.032575804900485],[-16.44067220781705,16.038326100910346],[-16.439522948601546,16.043570754457928],[-16.440735624855524,16.04714954472884],[-16.442064649441686,16.049993961575538],[-16.441558313729207,16.050067388830207],[-16.44155961424452,16.050248138677066],[-16.441372696341073,16.05024939620362],[-16.441280537662312,16.050430774771854],[-16.44137659748119,16.050791645770026],[-16.441658926093574,16.051060884091093],[-16.44221968195402,16.051057110088177],[-16.442215778464494,16.050514860737156],[-16.442028860366445,16.050516118856347],[-16.442027559404988,16.050335369051467],[-16.442215127897448,16.050424485842566],[-16.44221433489931,16.050314322719952],[-16.443208268486405,16.05244156812163],[-16.446288017394053,16.05976682602754],[-16.44749865230352,16.063029920993465],[-16.447872550182318,16.063762488902274],[-16.4476402760953,16.063944754626412],[-16.447363801680275,16.064488897819395],[-16.447084058969878,16.06458116785675],[-16.44680366272997,16.06458306295701],[-16.44642784181984,16.064314465361562],[-16.446417393394192,16.062868471508615],[-16.446131776668963,16.06214736844779],[-16.4463063005956,16.060428987708132],[-16.445829194088574,16.059076523438648],[-16.44545338532484,16.058807923044373],[-16.445357313207516,16.058447055052113],[-16.444701770744523,16.05827072000929],[-16.444511585978212,16.057820107194118],[-16.444136433024585,16.057641878876293],[-16.444041015656875,16.057371384778783],[-16.443665863925954,16.05719315552604],[-16.443480894008758,16.05746553977838],[-16.443478939716933,16.057194415419463],[-16.443101835021945,16.056745060695405],[-16.442821449259476,16.05674694968492],[-16.442162660074807,16.056118731976138],[-16.441975736744187,16.056119990476027],[-16.441786210966292,16.055759749350432],[-16.440941806166517,16.055313535201737],[-16.440658171827295,16.05486354661167],[-16.439817021420357,16.054869202240518],[-16.4393464682339,16.054420467961233],[-16.438040609476953,16.05479075603851],[-16.43794390418448,16.054339508308075],[-16.43775698216606,16.054340762991814],[-16.437385083755963,16.054614397030793],[-16.43729356818486,16.05488614932421],[-16.436454360922305,16.055162917008836],[-16.435239361716018,16.055171061498996],[-16.43468182950698,16.055626693938088],[-16.43432675363178,16.058250077132357],[-16.433306423430643,16.0593414623012],[-16.433216194368455,16.05979396371171],[-16.43293709668011,16.05997659047829],[-16.432938390260418,16.06015734084458],[-16.432751462401136,16.06015859160183],[-16.432853334459285,16.06133284359589],[-16.432386012019492,16.061335970220195],[-16.43228737522837,16.060613593813198],[-16.431908347856865,16.059893092319005],[-16.43172077392786,16.05980396692407],[-16.43162343306356,16.059262340340215],[-16.431435859855238,16.059173214632306],[-16.431428753285317,16.05817908683205],[-16.431614387186933,16.05799708687436],[-16.431610510630083,16.057454835341783],[-16.431325600878036,16.056824082470058],[-16.431413249773563,16.056010080392003],[-16.43112705152972,16.055198576367964],[-16.431300412932654,16.053299446170428],[-16.43232331171393,16.052569572667263],[-16.432320726967685,16.052208071578345],[-16.43250635492638,16.052026071264425],[-16.43240901757604,16.051484444522973],[-16.433056772163503,16.050576316959773],[-16.433054832858932,16.050305191181227],[-16.432773162271225,16.05012631574425],[-16.43277186969139,16.049945565195916],[-16.432398032985756,16.049948064710662],[-16.431841153065214,16.050494064618423],[-16.431003245341476,16.05095156083672],[-16.43072738412533,16.051586060748793],[-16.430169849902573,16.052041681611023],[-16.43007897031693,16.052403806945595],[-16.428314176466294,16.053952035503137],[-16.428315465364395,16.054132786337213],[-16.427573572013504,16.054951149411348],[-16.42739502181542,16.056127275826356],[-16.42720874130329,16.05621889688458],[-16.427210673448073,16.05649002320838],[-16.42805247975616,16.056574791929158],[-16.428334156236044,16.056753673077775],[-16.42814980916179,16.057116421156863],[-16.42777724699869,16.057299664514353],[-16.427686361434738,16.05766178920534],[-16.427971261560423,16.058292547704788],[-16.428442445984178,16.058831683531814],[-16.42890911847016,16.05873819063145],[-16.428910408310134,16.058918941337836],[-16.429190153781047,16.058826694967873],[-16.429378370958798,16.059006198087193],[-16.429467963478377,16.058463322253477],[-16.430118979112176,16.058007077816423],[-16.43105360928255,16.058000834700298],[-16.431148364074065,16.05818096070609],[-16.431246348863493,16.058812962966947],[-16.431060713907275,16.058994962680625],[-16.431342396325316,16.05917383933844],[-16.431443613045975,16.060257717578548],[-16.43116515893749,16.060530717459997],[-16.430605665350445,16.060715215226487],[-16.430607602664587,16.06098634103341],[-16.430139635008345,16.06089908740537],[-16.429674894465137,16.061263709242322],[-16.429487965305572,16.061264957234965],[-16.429486674745696,16.061084206613817],[-16.42930039093185,16.061175829746983],[-16.42930619785925,16.061989207576804],[-16.429681993766348,16.06225783752111],[-16.42968393002589,16.062528963398798],[-16.429966262181022,16.062798216786234],[-16.430340769003603,16.062886094833992],[-16.43043617166511,16.06315659619708],[-16.430810679307147,16.063244473348668],[-16.43118195658777,16.06288047368202],[-16.431178726053968,16.062428597526793],[-16.431364363807987,16.06224659751764],[-16.43164540498615,16.062335098115263],[-16.43183168858253,16.062243472950357],[-16.431830395824147,16.06206272253141],[-16.432204901778036,16.062150597368454],[-16.432203608690635,16.061969846977544],[-16.43239053828563,16.061968596561343],[-16.43267287291684,16.062237846160937],[-16.43285786220091,16.061965469807433],[-16.432956502118362,16.062687845642127],[-16.433331009589413,16.062775718368716],[-16.433337480622125,16.063679469776563],[-16.433528942279015,16.06431084412798],[-16.43306420116561,16.06467547335383],[-16.432972676154815,16.06494722440428],[-16.432599458328426,16.065040101695917],[-16.432600752033718,16.065220852003687],[-16.431951660436674,16.065948230657572],[-16.43195683332552,16.066671232014127],[-16.432238527843133,16.066850106427186],[-16.432334582170796,16.06721098163342],[-16.433082967143978,16.067296352062705],[-16.432991441269422,16.067568103152094],[-16.432711039102156,16.06756998013789],[-16.432433871347982,16.068023732447024],[-16.43271750937108,16.06847373138785],[-16.43272074466033,16.068925606983314],[-16.432443575317738,16.06937935940004],[-16.432172226650135,16.070646487692407],[-16.431893113611338,16.070829114224075],[-16.43189440716998,16.071009864490318],[-16.431240770312474,16.07110461626944],[-16.431244649340368,16.07164686719998],[-16.43096553403275,16.07182949268672],[-16.430874003662648,16.072101243160397],[-16.43031253995373,16.072014617060347],[-16.429845837958077,16.072108115363132],[-16.42975366005735,16.07228949027841],[-16.429192841659212,16.072293236471754],[-16.429098080768913,16.07211311022847],[-16.428068624005295,16.07193922335495],[-16.426666579152283,16.07194857484899],[-16.426103184148637,16.07159081145644],[-16.423112799495392,16.07170109780435],[-16.421808718946938,16.072342424384775],[-16.418632656775742,16.0726346424302],[-16.418540468087215,16.072816013344173],[-16.41779526656142,16.073182471614153],[-16.416301015704175,16.07337312663652],[-16.415645441095815,16.07319670470608]],[[-16.41300145201086,16.06941821613289],[-16.412721044807736,16.069420067144918],[-16.41272232093206,16.06960081894526],[-16.413002728388268,16.069598967911325],[-16.41300145201086,16.06941821613289]],[[-16.429578203307827,16.060812456718725],[-16.42939191978495,16.06090407990991],[-16.429392565012442,16.06099445522615],[-16.429673603736635,16.061082958635954],[-16.429578203307827,16.060812456718725]],[[-16.42900451678903,16.05900869305084],[-16.428911053236295,16.059009316689853],[-16.42891234310097,16.059190067391523],[-16.42900451678903,16.05900869305084]],[[-16.430966604591724,16.058905211945618],[-16.43077967773943,16.058906460887343],[-16.430682985733963,16.05845520887628],[-16.43012285177139,16.058549329675714],[-16.430125433626586,16.058910830899503],[-16.430592750870648,16.058907709666038],[-16.430407115190594,16.059089708866694],[-16.430874432794337,16.059086586984876],[-16.430966604591724,16.058905211945618]],[[-16.439199770429116,16.047010344972406],[-16.439106312891987,16.04701097260379],[-16.43910696191149,16.047101347651147],[-16.439199770429116,16.047010344972406]],[[-16.43901220637747,16.046921225142576],[-16.43891874887417,16.046921852688783],[-16.438919397805304,16.047012227744375],[-16.43901220637747,16.046921225142576]],[[-16.438731185012365,16.046832732595227],[-16.438637727538747,16.04683336001554],[-16.438638376339398,16.046923735083066],[-16.438731185012365,16.046832732595227]],[[-16.438916153191077,16.046560352458595],[-16.438914206472262,16.046289227277686],[-16.439193929061087,16.046196969544276],[-16.439095280194532,16.04547459667838],[-16.43928024675796,16.045202216336776],[-16.43927700171598,16.044750341046743],[-16.438806475387548,16.044301603132432],[-16.438153578219843,16.04448674399127],[-16.437039877101665,16.045578768017563],[-16.437419538800885,16.04638963718264],[-16.437605805117972,16.04629800828416],[-16.43835476043719,16.046473741709555],[-16.43835605775682,16.04665449187242],[-16.438637727538747,16.04683336001554],[-16.438916153191077,16.046560352458595]],[[-16.436374667492633,16.044046775638027],[-16.436370133976368,16.04341414934853],[-16.436181279397264,16.04314427624334],[-16.436173509285922,16.04205977382575],[-16.435985303781894,16.04188027560427],[-16.435981419504337,16.041338024299048],[-16.435700407177187,16.04124952698418],[-16.435891848504014,16.04188090163943],[-16.43581457720912,16.04414090795321],[-16.43618905010414,16.044228778547716],[-16.436374667492633,16.044046775638027]],[[-16.431465246894227,16.037120382433525],[-16.430623522766755,16.037035620464028],[-16.430533293217444,16.03748812133143],[-16.430723424329386,16.037938751519835],[-16.43100507524281,16.038117631388563],[-16.431100464075516,16.038388133944785],[-16.431567733268285,16.038385014464854],[-16.431465246894227,16.037120382433525]],[[-16.426792579589144,16.037151526821017],[-16.42669912613817,16.037152148670916],[-16.42669976914679,16.03724252429358],[-16.426792579589144,16.037151526821017]],[[-16.426698483133666,16.03706177304747],[-16.42660502972067,16.037062394852978],[-16.426605672683092,16.037152770480116],[-16.426698483133666,16.03706177304747]],[[-16.431730121094155,16.03494950014204],[-16.431636668871217,16.034950124060234],[-16.43163731401136,16.035040499505993],[-16.431730121094155,16.03494950014204]],[[-16.433582369517662,16.03258725338841],[-16.433488918471138,16.03258787802416],[-16.433489564345518,16.0326782534163],[-16.433582369517662,16.03258725338841]]],[[[-16.442896252242473,16.028186582615653],[-16.44336029412351,16.02791305152247],[-16.44315338390081,16.028855902627672],[-16.442896252242473,16.028186582615653]]],[[[-16.443450442300662,16.027279060244588],[-16.443512856675476,16.02721785256683],[-16.443363478219823,16.027898542192347],[-16.443450442300662,16.027279060244588]]],[[[-16.443348543304822,16.026104813337543],[-16.443983711293033,16.025637385568043],[-16.443629896049583,16.026684526074852],[-16.443581029783278,16.026907200491763],[-16.443348543304822,16.026104813337543]]],[[[-16.44426805991534,16.02401989907204],[-16.444170061163838,16.02338790274529],[-16.444606966398336,16.023384961406208],[-16.44444799091497,16.024018687887608],[-16.44426805991534,16.02401989907204]]],[[[-16.450836428972924,16.066453727670154],[-16.450278906640907,16.06690939993713],[-16.449905695904626,16.067002307038496],[-16.449351442438452,16.06790984947728],[-16.448140950814842,16.068550695005626],[-16.446840904243384,16.069734413432368],[-16.446094467813943,16.0699202160968],[-16.44609577412142,16.070100965246485],[-16.445724513976465,16.070464989432928],[-16.444792442029545,16.070832799805643],[-16.444416611034434,16.070564199569276],[-16.444136206081872,16.070566091861508],[-16.444041433262896,16.07038597323785],[-16.44422706509647,16.070203962552622],[-16.443759724290096,16.070207115686543],[-16.443474104041446,16.069486009629586],[-16.44328651647842,16.069396895601233],[-16.443277390856945,16.068131649830697],[-16.443463673410097,16.06804001458264],[-16.443466280968128,16.06840151336328],[-16.443748639062928,16.06867074623989],[-16.443940791066463,16.06939248259087],[-16.444506817087458,16.07011169554565],[-16.444498988097127,16.069027199838185],[-16.44431074830394,16.06884771205123],[-16.444492464396298,16.068123453328656],[-16.444209454014977,16.06776384677019],[-16.4440225199825,16.067765107944545],[-16.443927096739984,16.067494614425694],[-16.44410881344925,16.066770355927392],[-16.44457288456584,16.066315329362368],[-16.445131724750055,16.06604042030329],[-16.445506242113055,16.06612827074942],[-16.445791863596472,16.0668493741052],[-16.446352662638986,16.066845585668023],[-16.446725221986082,16.06666231007362],[-16.4470030074962,16.06629891656495],[-16.447282752585565,16.066206646447927],[-16.447652041415758,16.065571496651494],[-16.448118716717715,16.065477961375084],[-16.448302378539964,16.065024824167104],[-16.44829929450563,16.06459859740743],[-16.44846195875634,16.064917301034104],[-16.45095433241199,16.066467167007403],[-16.450836428972924,16.066453727670154]],[[-16.444600937666678,16.07020143931131],[-16.444507469530368,16.070202070182823],[-16.444509426884075,16.0704731940896],[-16.444600937666678,16.07020143931131]]]]}},{"type":"Feature","properties":{"fid":3204.0,"DN":7,"Nature":"Empreinte urbaine"},"geometry":{"type":"Polygon","coordinates":[[[-16.359212815650686,16.022044843255717],[-16.35921159168147,16.021864086547144],[-16.359398489724313,16.021862902722948],[-16.359399713861706,16.02204365941747],[-16.359212815650686,16.022044843255717]]]}},{"type":"Feature","properties":{"fid":3507.0,"DN":7,"Nature":"Empreinte urbaine"},"geometry":{"type":"Polygon","coordinates":[[[-16.357987582949466,16.02051610134096],[-16.35798391476688,16.019973830852166],[-16.35779579584432,16.019794256459154],[-16.35742200334482,16.019796620856958],[-16.357050654509422,16.02016049841314],[-16.356673807404533,16.01971096923275],[-16.356206566746202,16.019713922171324],[-16.356298793726204,16.01953257469811],[-16.3561118976115,16.019533755656227],[-16.356110676635794,16.01935299867226],[-16.35629696201628,16.019261439242015],[-16.356016618216696,16.019263210586665],[-16.355827891286534,16.01899325576411],[-16.356011124432683,16.0184498040815],[-16.356568145866625,16.017903990303093],[-16.356657929177963,16.017361128784582],[-16.357960686211683,16.016539450435605],[-16.35852136571772,16.01653590288944],[-16.358711316602623,16.016986612133067],[-16.359085103671056,16.01698424589387],[-16.359086938870842,16.017255381092866],[-16.358620315926014,16.017348717258578],[-16.358529926480283,16.017801200774258],[-16.359280562925562,16.01824835996708],[-16.359375846005886,16.01851890330969],[-16.35919017475359,16.018700843640417],[-16.35919445775574,16.019333492298458],[-16.35947480128279,16.019331716796263],[-16.359758205440347,16.019781832697884],[-16.35976187836838,16.02032410279572],[-16.35947969738603,16.020054743702755],[-16.359199352850087,16.020056519289263],[-16.359198129053027,16.019875762546256],[-16.358730888501928,16.0198787210088],[-16.35873517038876,16.020511369718548],[-16.358456048307552,16.02069390117014],[-16.357987582949466,16.02051610134096]],[[-16.356389799337467,16.019170470229064],[-16.356296351454116,16.019171060755085],[-16.35629696201628,16.019261439242015],[-16.356389799337467,16.019170470229064]],[[-16.358617869825736,16.016987203591246],[-16.358618481344937,16.017077582009257],[-16.358711316602623,16.016986612133067],[-16.358617869825736,16.016987203591246]],[[-16.358166531188687,16.019339999342577],[-16.35797963539839,16.019341181912964],[-16.357980246725017,16.019431560335196],[-16.358166531188687,16.019339999342577]],[[-16.35891166724463,16.018973753878406],[-16.358818219550862,16.018974345495142],[-16.358726606806737,16.019246072260707],[-16.3589135024504,16.01924488904683],[-16.35891166724463,16.018973753878406]],[[-16.35638552521737,16.018537820823184],[-16.35629207762826,16.01853841132467],[-16.3562926881631,16.018628789817072],[-16.35638552521737,16.018537820823184]]]}},{"type":"Feature","properties":{"fid":3723.0,"DN":7,"Nature":"Empreinte urbaine"},"geometry":{"type":"Polygon","coordinates":[[[-16.404077331390337,16.00973534627487],[-16.404076068051907,16.009554592792817],[-16.40426295109057,16.00955337081709],[-16.404357656194286,16.009733513228564],[-16.404077331390337,16.00973534627487]]]}},{"type":"Feature","properties":{"fid":4315.0,"DN":7,"Nature":"Empreinte urbaine"},"geometry":{"type":"Polygon","coordinates":[[[-16.46902947238284,15.985260090201383],[-16.469028812561145,15.9851697158394],[-16.469122240080754,15.985169077562077],[-16.46902947238284,15.985260090201383]]]}},{"type":"Feature","properties":{"fid":4317.0,"DN":7,"Nature":"Empreinte urbaine"},"geometry":{"type":"Polygon","coordinates":[[[-16.44319720646022,15.99203273479387],[-16.442447807531085,15.99176662574672],[-16.441233195174465,15.991774772826096],[-16.440671309892426,15.991597779803186],[-16.44057528896575,15.991236904141454],[-16.4403884259094,15.991238156316854],[-16.44029370003309,15.991058031404057],[-16.439919974189664,15.991060535075865],[-16.439828483608345,15.991332287356457],[-16.439455403982507,15.991425165762717],[-16.439546248279957,15.99106303809845],[-16.439265307100854,15.990974539427427],[-16.439356798343965,15.990702787328805],[-16.439169289038436,15.99061366288582],[-16.43925884029521,15.990070784265175],[-16.439071331639543,15.989981659679774],[-16.439070038504152,15.989800908621469],[-16.438415375700504,15.989714910007974],[-16.43812539132876,15.98836115161434],[-16.43858672630366,15.987544646254024],[-16.438960445836184,15.987542145434436],[-16.439332225563508,15.987268517347122],[-16.439327699650825,15.986635888542809],[-16.43988374873903,15.985999506659516],[-16.44100295609558,15.985720869739882],[-16.441187224643915,15.985358115525916],[-16.441747797183595,15.985354357774247],[-16.44183993069682,15.985172980425386],[-16.442495227004247,15.98534934516728],[-16.442400502559163,15.985169221014873],[-16.44305450287644,15.985164833190455],[-16.443149876087144,15.985435332410857],[-16.443618316501645,15.985612947543599],[-16.44408481174927,15.985519435491163],[-16.444461770669577,15.985968802170026],[-16.444648628495862,15.985967546856873],[-16.444651224151286,15.986329048207926],[-16.44446501482993,15.986420678894206],[-16.444466312523158,15.98660142957839],[-16.444654468814065,15.9867809248791],[-16.44475244109434,15.987412924408673],[-16.444385211428134,15.988319188614486],[-16.44504051977952,15.988495544519623],[-16.445229327743576,15.988765414392024],[-16.445602398994733,15.988672526564304],[-16.445604347362266,15.988943652396182],[-16.445139143829785,15.989217918899998],[-16.445234522164686,15.989488416707921],[-16.445048959596367,15.989670423385137],[-16.445425929119402,15.99011978738744],[-16.445340940737953,15.991295294096965],[-16.445527803438168,15.991294037612995],[-16.445622533930774,15.991474159820031],[-16.444692114495187,15.992022692832137],[-16.44319720646022,15.99203273479387]],[[-16.439825248812564,15.990880409912402],[-16.439731817421098,15.990881035680895],[-16.439733111243093,15.991061786668311],[-16.439825248812564,15.990880409912402]],[[-16.4419560297192,15.988335494386858],[-16.441860008608785,15.987974619254723],[-16.44139285877653,15.987977751558763],[-16.441208588629014,15.988340506030243],[-16.4419560297192,15.988335494386858]],[[-16.44018085669678,15.988347392800454],[-16.440180209698276,15.98825701730222],[-16.43999270246648,15.988167893400961],[-16.439713705652753,15.988350521527794],[-16.44018085669678,15.988347392800454]],[[-16.4431693242476,15.988146594169876],[-16.442889682493888,15.98823885079122],[-16.44289033070859,15.988329226181435],[-16.443264050988137,15.988326717763343],[-16.4431693242476,15.988146594169876]]]}},{"type":"Feature","properties":{"fid":4322.0,"DN":7,"Nature":"Empreinte urbaine"},"geometry":{"type":"Polygon","coordinates":[[[-16.37671916504533,15.985599761062039],[-16.376624496885366,15.985419603214742],[-16.376904791073162,15.98541780865249],[-16.376906646470815,15.985688942621197],[-16.37671916504533,15.985599761062039]]]}},{"type":"Feature","properties":{"fid":4341.0,"DN":7,"Nature":"Empreinte urbaine"},"geometry":{"type":"Polygon","coordinates":[[[-16.37643701582541,15.985330421377833],[-16.376339257121916,15.98469837329023],[-16.376897988253425,15.984423650707052],[-16.37727233052275,15.984511635530751],[-16.376810741265164,15.985328028885782],[-16.37643701582541,15.985330421377833]]]}},{"type":"Feature","properties":{"fid":4383.0,"DN":7,"Nature":"Empreinte urbaine"},"geometry":{"type":"Polygon","coordinates":[[[-16.509708715621887,15.990129851411606],[-16.509791968939734,15.988773605593085],[-16.510255035276664,15.98822808874703],[-16.510529888187722,15.987503138684614],[-16.510516317855277,15.985695685916353],[-16.51134832695754,15.984514933568812],[-16.51134629059516,15.98424381570118],[-16.51153178343859,15.984061757183003],[-16.51152431628469,15.983067658343085],[-16.51170845020811,15.982704854518058],[-16.51208146935911,15.982611854796838],[-16.512076037194152,15.981888873918637],[-16.512354951410956,15.981706158058156],[-16.512353593179128,15.98152541285104],[-16.512540441132764,15.98152409890856],[-16.51254383716409,15.98197596188138],[-16.51282750645941,15.982425853499485],[-16.512646092079297,15.98315014841631],[-16.51283497973369,15.983419951798277],[-16.512841094622456,15.98423330488106],[-16.51265832046522,15.984776854701353],[-16.512487774197325,15.986947110510933],[-16.511944195599167,15.989210367186747],[-16.511667987833686,15.989754573582575],[-16.511456427955203,15.991586919398818],[-16.509491391530595,15.991538932481603],[-16.508773768347652,15.990964073179669],[-16.509708715621887,15.990129851411606]]]}},{"type":"Feature","properties":{"fid":4426.0,"DN":7,"Nature":"Empreinte urbaine"},"geometry":{"type":"MultiPolygon","coordinates":[[[[-16.487339857279938,15.984953464808433],[-16.48747374934882,15.98508114228904],[-16.487328263757455,15.985200135359186],[-16.487339857279938,15.984953464808433]]],[[[-16.487619469043544,15.984861152414984],[-16.48771525562562,15.984883613632993],[-16.48757268633164,15.98500022145539],[-16.487619469043544,15.984861152414984]]],[[[-16.489476627763445,15.983311867826016],[-16.489875642727586,15.983066769379223],[-16.489786146560576,15.983189826172808],[-16.4890184260627,15.983817746905029],[-16.489476627763445,15.983311867826016]]],[[[-16.49049560964044,15.982129892106837],[-16.490710054428014,15.981919457356646],[-16.490428704032666,15.98230631277942],[-16.49049560964044,15.982129892106837]]]]}},{"type":"Feature","properties":{"fid":4448.0,"DN":7,"Nature":"Empreinte urbaine"},"geometry":{"type":"Polygon","coordinates":[[[-16.512889682738155,15.978268057115352],[-16.512887645138566,15.977996939284221],[-16.512981067457076,15.977996282242426],[-16.512889682738155,15.978268057115352]]]}},{"type":"Feature","properties":{"fid":4459.0,"DN":7,"Nature":"Empreinte urbaine"},"geometry":{"type":"Polygon","coordinates":[[[-16.512324395403237,15.97763939013741],[-16.51232303756288,15.97745864485954],[-16.512416459656087,15.977457988084408],[-16.512324395403237,15.97763939013741]]]}},{"type":"Feature","properties":{"fid":4462.0,"DN":7,"Nature":"Empreinte urbaine"},"geometry":{"type":"Polygon","coordinates":[[[-16.512229615465323,15.977459301594138],[-16.51222893659357,15.977368928950114],[-16.51232235864923,15.977368272219428],[-16.512229615465323,15.977459301594138]]]}},{"type":"Feature","properties":{"fid":4575.0,"DN":7,"Nature":"Empreinte urbaine"},"geometry":{"type":"Polygon","coordinates":[[[-16.45792512681724,15.974309390220611],[-16.457923818096067,15.974128640412097],[-16.458110663814523,15.97412737431553],[-16.45811197270328,15.974308124108973],[-16.45792512681724,15.974309390220611]]]}},{"type":"Feature","properties":{"fid":4579.0,"DN":7,"Nature":"Empreinte urbaine"},"geometry":{"type":"Polygon","coordinates":[[[-16.45633628245853,15.974229770655995],[-16.456427744381035,15.973958013416222],[-16.456615243829614,15.974047123590587],[-16.456523782137523,15.974318880890259],[-16.45633628245853,15.974229770655995]]]}},{"type":"Feature","properties":{"fid":4628.0,"DN":7,"Nature":"Empreinte urbaine"},"geometry":{"type":"Polygon","coordinates":[[[-16.481937345582022,15.974506862527836],[-16.482122859173984,15.974324827718705],[-16.482119533108094,15.973872958117793],[-16.481649099509955,15.97342430539923],[-16.481834612475712,15.973242270883336],[-16.481922713344833,15.972518636003121],[-16.482855593260236,15.972331452545122],[-16.48331936978892,15.97187636380062],[-16.483137852973705,15.972600642759453],[-16.48276483400498,15.972693591913226],[-16.482861582619392,15.97314481765694],[-16.482397136989917,15.973509531783955],[-16.48240312496288,15.974322896976329],[-16.482216946375736,15.974414558092445],[-16.482218276924243,15.974595305918085],[-16.481937345582022,15.974506862527836]]]}},{"type":"Feature","properties":{"fid":4645.0,"DN":7,"Nature":"Empreinte urbaine"},"geometry":{"type":"Polygon","coordinates":[[[-16.504430324400413,15.971458678702817],[-16.50452036836451,15.971006160504103],[-16.50461378780163,15.971005507373269],[-16.5046171636978,15.971457372442798],[-16.504430324400413,15.971458678702817]]]}},{"type":"Feature","properties":{"fid":4675.0,"DN":7,"Nature":"Empreinte urbaine"},"geometry":{"type":"Polygon","coordinates":[[[-16.462846338655332,15.97011854629566],[-16.462845682265748,15.970028171555711],[-16.462939103019504,15.970027536549706],[-16.462846338655332,15.97011854629566]]]}},{"type":"Feature","properties":{"fid":4714.0,"DN":7,"Nature":"Empreinte urbaine"},"geometry":{"type":"Polygon","coordinates":[[[-16.512228257726164,15.97727855630531],[-16.511945955459783,15.977009408268152],[-16.511464597990763,15.975114864199213],[-16.51099749271045,15.975118145135202],[-16.510713839091643,15.974668249567912],[-16.510706380597327,15.973674149485166],[-16.510892543305392,15.973582464868729],[-16.510797088787886,15.97331200261592],[-16.510983251127644,15.973220317950426],[-16.510888474780746,15.97304022846201],[-16.511166022319067,15.972676769506267],[-16.511162631459964,15.972224905855231],[-16.511439499215037,15.971771073934772],[-16.511429325730845,15.970415482980567],[-16.511140932534342,15.96933297802343],[-16.511226892471182,15.968338221751063],[-16.51150850248141,15.968516999323963],[-16.51151664059776,15.969601472252606],[-16.511608702601496,15.969420070669074],[-16.511796896035754,15.969599503797784],[-16.512263988345453,15.969596222229475],[-16.512823141404844,15.969411537639683],[-16.512918596229152,15.969681999012604],[-16.513104754228923,15.969590312854145],[-16.513391120981183,15.970401696252013],[-16.513114259456238,15.970855530198008],[-16.513121728447416,15.971849629431581],[-16.513312642076286,15.972390551454533],[-16.513329621761514,15.974649867227473],[-16.51305275513076,15.975103701438002],[-16.513062263487676,15.97636891816546],[-16.512695367751448,15.977275272266056],[-16.512228257726164,15.97727855630531]],[[-16.5112696161016,15.974031704201158],[-16.511082096786726,15.973942643720573],[-16.51126758125187,15.973760586059969],[-16.51117144791961,15.973399751307062],[-16.51098528552215,15.973491436140893],[-16.51108345319869,15.974123389161296],[-16.5112696161016,15.974031704201158]]]}},{"type":"Feature","properties":{"fid":4786.0,"DN":7,"Nature":"Empreinte urbaine"},"geometry":{"type":"Polygon","coordinates":[[[-16.445634139502353,15.967071557897823],[-16.445633490964735,15.966981182439135],[-16.44572691102225,15.966980555019397],[-16.445634139502353,15.967071557897823]]]}},{"type":"Feature","properties":{"fid":4819.0,"DN":7,"Nature":"Empreinte urbaine"},"geometry":{"type":"Polygon","coordinates":[[[-16.457585993415332,15.966177543580324],[-16.45758533955559,15.96608716859462],[-16.457772177844095,15.966085903411598],[-16.457585993415332,15.966177543580324]]]}},{"type":"Feature","properties":{"fid":4981.0,"DN":7,"Nature":"Empreinte urbaine"},"geometry":{"type":"Polygon","coordinates":[[[-16.490168981380606,15.963243104989383],[-16.490071555177156,15.962701509428657],[-16.49044054096245,15.962066307323282],[-16.490907620400257,15.962063073578616],[-16.491099133210465,15.962694395339325],[-16.490912300879348,15.96269568917458],[-16.49091430686326,15.962966810132516],[-16.49110247695701,15.963146263560098],[-16.49063606360347,15.96323987160187],[-16.490543984202354,15.963421265687835],[-16.490168981380606,15.963243104989383]]]}},{"type":"Feature","properties":{"fid":5042.0,"DN":7,"Nature":"Empreinte urbaine"},"geometry":{"type":"Polygon","coordinates":[[[-16.446340629329,15.961372883831492],[-16.44643210081267,15.961101129893786],[-16.446712352696697,15.961099247148004],[-16.446621530342554,15.961461376639715],[-16.446340629329,15.961372883831492]]]}},{"type":"Feature","properties":{"fid":5043.0,"DN":7,"Nature":"Empreinte urbaine"},"geometry":{"type":"Polygon","coordinates":[[[-16.44624591476295,15.961192760338601],[-16.446245266202528,15.961102384855167],[-16.44633868350968,15.961101757394724],[-16.44624591476295,15.961192760338601]]]}},{"type":"Feature","properties":{"fid":5083.0,"DN":7,"Nature":"Empreinte urbaine"},"geometry":{"type":"Polygon","coordinates":[[[-16.487432553568404,15.959556512561905],[-16.487712131059496,15.959464202834486],[-16.487808881517296,15.959915426487747],[-16.487529303474528,15.960007736386515],[-16.487432553568404,15.959556512561905]],[[-16.487620717375453,15.959735969622747],[-16.487527302434774,15.95973661493541],[-16.48752796944375,15.95982698875323],[-16.487620717375453,15.959735969622747]]]}},{"type":"Feature","properties":{"fid":5095.0,"DN":7,"Nature":"Empreinte urbaine"},"geometry":{"type":"Polygon","coordinates":[[[-16.487245056962472,15.95946742913772],[-16.487243723234105,15.959286681471964],[-16.487523300470745,15.959194372012023],[-16.487525301433514,15.959465493477246],[-16.487245056962472,15.95946742913772]]]}},{"type":"Feature","properties":{"fid":5098.0,"DN":7,"Nature":"Empreinte urbaine"},"geometry":{"type":"Polygon","coordinates":[[[-16.48761738218549,15.959284100541096],[-16.48761671516033,15.959193726722413],[-16.487896959203415,15.959191790610667],[-16.48761738218549,15.959284100541096]]]}},{"type":"Feature","properties":{"fid":5111.0,"DN":7,"Nature":"Empreinte urbaine"},"geometry":{"type":"Polygon","coordinates":[[[-16.487616048139444,15.959103352902941],[-16.487615381122836,15.95901297908269],[-16.487708795724448,15.959012333760286],[-16.487616048139444,15.959103352902941]]]}},{"type":"Feature","properties":{"fid":5115.0,"DN":7,"Nature":"Empreinte urbaine"},"geometry":{"type":"Polygon","coordinates":[[[-16.487521966516947,15.959013624364616],[-16.48752129954647,15.958923250539735],[-16.487614714110506,15.958922605261657],[-16.487521966516947,15.959013624364616]]]}},{"type":"Feature","properties":{"fid":5127.0,"DN":7,"Nature":"Empreinte urbaine"},"geometry":{"type":"Polygon","coordinates":[[[-16.488177203208,15.959189854134532],[-16.48761271309918,15.958651483793842],[-16.487798207809796,15.958469445505528],[-16.4882652794769,15.958466218199069],[-16.488549526946432,15.959006524036688],[-16.488457447174078,15.959187917294006],[-16.488177203208,15.959189854134532]]]}},{"type":"Feature","properties":{"fid":5162.0,"DN":7,"Nature":"Empreinte urbaine"},"geometry":{"type":"Polygon","coordinates":[[[-16.47732186533974,15.956643612552643],[-16.477320540755205,15.956462864024887],[-16.477413954612185,15.95646222326682],[-16.47732186533974,15.956643612552643]]]}},{"type":"Feature","properties":{"fid":5167.0,"DN":7,"Nature":"Empreinte urbaine"},"geometry":{"type":"Polygon","coordinates":[[[-16.45558105905492,15.9731503279025],[-16.45455406402531,15.973247651983836],[-16.45455275842097,15.973066901885622],[-16.454179720974125,15.973159802640259],[-16.453804073278008,15.972891202455934],[-16.45343103568899,15.972984101915268],[-16.453243538435878,15.972894988757556],[-16.45324158184526,15.97262386344189],[-16.45286854439474,15.97271676190841],[-16.45296327095839,15.972896881361253],[-16.452311268736164,15.973172421439335],[-16.45119019659132,15.973179984937492],[-16.450628358216445,15.97300301408304],[-16.449414513970396,15.973101573285],[-16.44800992310882,15.972659131272659],[-16.448004074674937,15.9718457533944],[-16.4474409431066,15.971488022961298],[-16.447437695462302,15.971036146206965],[-16.447156780457362,15.970947655672619],[-16.447058163978703,15.970225280890942],[-16.44668577622619,15.970408543911764],[-16.446684477926027,15.970227793133757],[-16.44640291531061,15.970048926086843],[-16.44611356694062,15.96878555358679],[-16.445553041607734,15.96878931891808],[-16.445825520162952,15.967702931146984],[-16.44601171219297,15.967611300606912],[-16.44610253746417,15.967249171253016],[-16.446004576390962,15.96661717073427],[-16.446188172334814,15.966164038351273],[-16.44617390085532,15.964175778399943],[-16.446638399051185,15.963811138484688],[-16.446631261946674,15.962817008537957],[-16.447003636328898,15.96263374664153],[-16.44747137538999,15.96272098241827],[-16.44754791510259,15.960370593246816],[-16.447731503004825,15.959917460050185],[-16.448103871091345,15.959734196728208],[-16.448101923111007,15.959463070462267],[-16.44782232287142,15.959555330262337],[-16.447633542481558,15.95928545998467],[-16.44818949548872,15.958649063452842],[-16.448563809317072,15.958736925781691],[-16.448934225484503,15.958282535048182],[-16.44912105725838,15.958281277970164],[-16.449119108096912,15.95801015179014],[-16.44949017159932,15.957646135668766],[-16.44967700273733,15.95764487815731],[-16.449765868468724,15.95701162172165],[-16.450046114253226,15.957009735108027],[-16.450417824496938,15.956736093000826],[-16.454154425679622,15.956710897308598],[-16.45424653671733,15.956529516186407],[-16.454526781272985,15.956527623799385],[-16.454901745114007,15.956705850397304],[-16.454812243524756,15.957248732448766],[-16.455000378494663,15.95742822067929],[-16.455098360409654,15.958060215657287],[-16.45501342584142,15.959235723780203],[-16.455203520509905,15.959686337044754],[-16.455019297693386,15.96004910007341],[-16.455119891776604,15.961042595300835],[-16.455306725594188,15.961041332645337],[-16.45577903282037,15.961761176084604],[-16.456153354691732,15.96184902443716],[-16.456354558747233,15.96383601221415],[-16.456076916625385,15.964199408080203],[-16.45608018217667,15.964651283384244],[-16.45626701925944,15.964650019617883],[-16.456362397552354,15.964920512813109],[-16.457584685700038,15.965996793608136],[-16.457305735825525,15.966179441062332],[-16.457311619621276,15.966992816000037],[-16.457690529572304,15.967713285578299],[-16.457695107499777,15.968345910336645],[-16.457883910156664,15.968615769746384],[-16.457891759666218,15.969700269124173],[-16.458081872505637,15.970150878066539],[-16.457904189291042,15.971417392908196],[-16.457538351889244,15.972504423430026],[-16.4561429010606,15.973327285422974],[-16.45558105905492,15.9731503279025]],[[-16.44695175787254,15.968418401284325],[-16.44666695250256,15.967787657324013],[-16.44610902524595,15.968152925594417],[-16.44620763668692,15.96887530131038],[-16.44658261840149,15.969053540911164],[-16.44695175787254,15.968418401284325]]]}},{"type":"Feature","properties":{"fid":5192.0,"DN":7,"Nature":"Empreinte urbaine"},"geometry":{"type":"Polygon","coordinates":[[[-16.477690221501817,15.955918055239245],[-16.477689559074047,15.95582768098476],[-16.47778297262116,15.955827040091487],[-16.477690221501817,15.955918055239245]]]}},{"type":"Feature","properties":{"fid":5210.0,"DN":7,"Nature":"Empreinte urbaine"},"geometry":{"type":"Polygon","coordinates":[[[-16.476753437366604,15.955562964808403],[-16.476752775374205,15.95547259051262],[-16.476846188796436,15.955471950039405],[-16.476753437366604,15.955562964808403]]]}},{"type":"Feature","properties":{"fid":5214.0,"DN":7,"Nature":"Empreinte urbaine"},"geometry":{"type":"Polygon","coordinates":[[[-16.47703301562817,15.955470668971547],[-16.4770323535145,15.955380294686417],[-16.477125766882157,15.955379654095584],[-16.47703301562817,15.955470668971547]]]}},{"type":"Feature","properties":{"fid":5215.0,"DN":7,"Nature":"Empreinte urbaine"},"geometry":{"type":"Polygon","coordinates":[[[-16.476846188796436,15.955471950039405],[-16.476845526766446,15.955381575746644],[-16.476938940142595,15.955380935236775],[-16.476846188796436,15.955471950039405]]]}},{"type":"Feature","properties":{"fid":5228.0,"DN":7,"Nature":"Empreinte urbaine"},"geometry":{"type":"Polygon","coordinates":[[[-16.465229874305503,15.989533826238834],[-16.465212101663607,15.98709371498937],[-16.464927209578995,15.98646300321982],[-16.464457436791474,15.986104687185437],[-16.4640778055812,15.985293861060955],[-16.463608037057938,15.984935542778436],[-16.463602778191095,15.984212546077552],[-16.463694890735706,15.984031161018732],[-16.463881745161526,15.984029889145553],[-16.463880430252214,15.98384913998204],[-16.4640672844935,15.983847867961769],[-16.46415676622635,15.983304984449514],[-16.464342962306617,15.983213337662585],[-16.464341647053892,15.983032588522777],[-16.46415479359247,15.98303386071828],[-16.464153478524274,15.982853111560209],[-16.464339674206393,15.98276146480718],[-16.46433638621147,15.982309591932166],[-16.46404887518417,15.98131737955489],[-16.463860708633693,15.981137902152755],[-16.463950847721303,15.980685393255088],[-16.46348437653869,15.980778946761731],[-16.463481748013855,15.98041744825809],[-16.46319950037626,15.98014823114665],[-16.46319752944192,15.979877107219595],[-16.463850191986626,15.979691908355111],[-16.463848220235302,15.9794207844957],[-16.46299951232599,15.978342008995348],[-16.462994914713974,15.977709386325172],[-16.463267961847684,15.976713358808377],[-16.463734423916407,15.976619806515124],[-16.463825219269623,15.97625767228093],[-16.464104832843116,15.976165390505406],[-16.464192998444215,15.975441757617647],[-16.464659457009382,15.975348203589288],[-16.464750907752666,15.975076443731307],[-16.464374586509077,15.974717488889178],[-16.464278534735207,15.974356626122004],[-16.463623918786016,15.974270700881915],[-16.463607497092326,15.97201133380565],[-16.463512761908486,15.971831219783637],[-16.463325918771876,15.97183249039258],[-16.463323948747654,15.971561366271764],[-16.463135792684636,15.971381887263005],[-16.46285487210273,15.97129341784369],[-16.46285290278254,15.971022293652055],[-16.463223961243674,15.970658254345947],[-16.463125944514395,15.97002626641615],[-16.4622805648046,15.969399357380526],[-16.460691105121274,15.969229392034052],[-16.460127306568943,15.96878132112958],[-16.46012337595984,15.96823907195056],[-16.46039904966242,15.967604546563866],[-16.460678653538103,15.967512270041642],[-16.46067537705771,15.967060395786083],[-16.461142474358077,15.967057225633301],[-16.461141163376592,15.966876475963332],[-16.461514840806274,15.966873939142113],[-16.461513529506615,15.966693189499212],[-16.4625417972786,15.966776584762169],[-16.46254048506616,15.966595835200803],[-16.462820742578696,15.96659393085671],[-16.46273060439343,15.967046439538333],[-16.462916786852787,15.966954795053457],[-16.463011518843324,15.967134909652753],[-16.462922037278037,15.967677793134094],[-16.463577288049258,15.967854097105006],[-16.463941772250184,15.966586309834502],[-16.464128610469846,15.966585039097007],[-16.4641272968506,15.966404289661044],[-16.464406896968356,15.966312008565867],[-16.46468452567551,15.96594860303161],[-16.46458782197022,15.965497365108545],[-16.464214147608033,15.965499907050084],[-16.46393717524268,15.965953686741965],[-16.46291350547373,15.966502921227582],[-16.462627999116567,15.965781827429009],[-16.462622750402875,15.965058829125995],[-16.462806962725956,15.964696060511153],[-16.462711576165198,15.964425570879039],[-16.462897756318135,15.964333926590635],[-16.462993143067187,15.964604416125196],[-16.46392732520689,15.96459806570007],[-16.464112191439625,15.964325670922147],[-16.46439178876534,15.96423339006997],[-16.464388504668136,15.963781516429044],[-16.464574026473045,15.96359949607431],[-16.464663502693206,15.963056612230842],[-16.464552351586786,15.960617129750794],[-16.463980693789292,15.95908456994519],[-16.463873495084634,15.957187334221091],[-16.46414586263683,15.956100931638826],[-16.46451886305494,15.956008016481507],[-16.464708317911807,15.95636824518563],[-16.465083288868783,15.956546453327613],[-16.465362875159183,15.95645417208971],[-16.465547732851704,15.956181776667234],[-16.4663871459609,15.955995305003013],[-16.46610427469901,15.955635713848338],[-16.465917446793693,15.955636985451662],[-16.46591481826239,15.955275486500119],[-16.467968604530274,15.9550807409778],[-16.46937046691736,15.95516156158963],[-16.470023044041202,15.954976350769957],[-16.471145324394328,15.955149446724262],[-16.47189197255335,15.9550539668589],[-16.471893292148902,15.955234715853644],[-16.47208011917894,15.955233439099358],[-16.472174852551113,15.955413549630284],[-16.473108327889488,15.95531678850333],[-16.47311096932388,15.955678286282465],[-16.472929424371234,15.956402559546861],[-16.472554447979643,15.956224365627465],[-16.472557748739753,15.956676237924384],[-16.472279486373832,15.956949277187837],[-16.472482819619476,15.959207361192211],[-16.471836171837005,15.960205950506161],[-16.471840131870614,15.960748197235763],[-16.471565822829362,15.96156348278208],[-16.471572422349077,15.96246722731221],[-16.471949390607048,15.962916545232321],[-16.472230302106613,15.963005003488577],[-16.47242043823848,15.963455597878227],[-16.472796749719574,15.96381453957124],[-16.472986227316966,15.964174758880231],[-16.473090877839663,15.965710483934787],[-16.47365469298948,15.96615851929862],[-16.473672543363335,15.968598626010522],[-16.473581107163266,15.968870388563104],[-16.47311400827152,15.9688735860548],[-16.472557453691927,15.969419667826106],[-16.4725587751359,15.969600416525916],[-16.472279175271392,15.96969270825693],[-16.472104885519155,15.97141109914738],[-16.472670037565564,15.97203988435887],[-16.472950301374524,15.972037966193573],[-16.472951623399215,15.972218714817455],[-16.473232548565743,15.972307170563964],[-16.473233870867176,15.972487919160303],[-16.473421375019612,15.972577014188996],[-16.473424681287423,15.973028885624116],[-16.474176024446912,15.973566012291139],[-16.47417867097968,15.97392750928444],[-16.473901050794787,15.974290926296508],[-16.47362144538053,15.974383220229136],[-16.473530668567957,15.974745357112418],[-16.47250500366705,15.975023515453646],[-16.47222737893208,15.975386930650505],[-16.471571437307897,15.97512028149203],[-16.471198406627725,15.975213211408233],[-16.47092143940491,15.975666999497617],[-16.470641830421677,15.975759289820381],[-16.47046290515067,15.976845059465344],[-16.469809599671255,15.97693990276729],[-16.469624071789074,15.977121928052036],[-16.46971881511466,15.977302038630878],[-16.469253674607298,15.977576352634077],[-16.469256313002568,15.977937850295417],[-16.46888525413803,15.978301899980702],[-16.46888657305957,15.978482648830742],[-16.468232601987253,15.978487113386947],[-16.468233920339,15.978667862286986],[-16.46804773035395,15.9787595119812],[-16.468143791543113,15.979120372181466],[-16.468424725065034,15.979208833522762],[-16.468710274842532,15.979929915429787],[-16.469086613720634,15.980288861054463],[-16.468908997311434,15.981555378801406],[-16.4684524189388,15.983004559182053],[-16.46846033284266,15.984089051973331],[-16.468652463866764,15.984810771026593],[-16.46884129777564,15.985080617902003],[-16.469028152743682,15.985079341476629],[-16.46903145187327,15.985531213282636],[-16.469408462670977,15.985980531579713],[-16.46932097480845,15.98679453907643],[-16.469042669704088,15.987067577276276],[-16.468956500085657,15.988062333391854],[-16.468771621847754,15.988334733029008],[-16.467560341000258,15.988794899055808],[-16.4670931946146,15.988798087347602],[-16.46644182478864,15.989164046994642],[-16.46569504727173,15.989259518465298],[-16.465229874305503,15.989533826238834]],[[-16.464434416116323,15.982941577796897],[-16.464340989433847,15.982942213951693],[-16.464341647053892,15.983032588522777],[-16.464434416116323,15.982941577796897]],[[-16.46385492022671,15.967490692388731],[-16.463761500687625,15.967491327694024],[-16.46376281407292,15.967672077141426],[-16.46385492022671,15.967490692388731]],[[-16.4666687032455,15.956174146288847],[-16.466389118081807,15.956266429142227],[-16.466483847160415,15.956446542546539],[-16.466764090065872,15.956444634249898],[-16.4666687032455,15.956174146288847]]]}},{"type":"Feature","properties":{"fid":5245.0,"DN":7,"Nature":"Empreinte urbaine"},"geometry":{"type":"Polygon","coordinates":[[[-16.482919736056388,15.96835435636073],[-16.482822990586595,15.967903130265707],[-16.482169722950147,15.967998008248468],[-16.48198155518315,15.967818546796865],[-16.48085919904373,15.967645514275073],[-16.48067103269899,15.967466051545104],[-16.47945725145042,15.967564776283897],[-16.47870326624751,15.966666170588926],[-16.478603214805233,15.96576307100147],[-16.478035413091852,15.964772804441063],[-16.477841286211273,15.963779971149695],[-16.477366248739862,15.96269868642047],[-16.47726488182586,15.961614836772332],[-16.4764122180949,15.959993866592793],[-16.47640625995037,15.959180498110847],[-16.4767746233651,15.958454941859767],[-16.47658646966142,15.958275474379084],[-16.476768002273538,15.957551199117443],[-16.47648643517805,15.95737237197666],[-16.47629563539316,15.95683140691211],[-16.476108807238315,15.956832687446719],[-16.47563776754215,15.956293642079572],[-16.475822610426174,15.956021239010216],[-16.47572588898167,15.955570007384095],[-16.475912054383084,15.955478352949987],[-16.475910731164095,15.955297604287404],[-16.4757232428784,15.955208510028445],[-16.475905438457872,15.954574609605737],[-16.47656263903706,15.955021999808757],[-16.47674946547589,15.955020719021912],[-16.47684155467566,15.954839329973645],[-16.47702904300986,15.95492842324903],[-16.477031029299905,15.955199546113816],[-16.476751451402144,15.955291841918685],[-16.47675012744706,15.955111093321625],[-16.47637647438507,15.955113654748661],[-16.476377798005455,15.95529440337623],[-16.476004806190065,15.955387338514],[-16.476006129501215,15.955568087167386],[-16.476192956493026,15.955566806820512],[-16.47619494174261,15.955837929771832],[-16.47684883695886,15.955833447202599],[-16.476947547407573,15.956555800931875],[-16.477134375234954,15.95655451969148],[-16.477138348562924,15.957096765306444],[-16.477791585057478,15.957001905289095],[-16.477690883933835,15.956008429492957],[-16.47797178737526,15.956096880910271],[-16.47854287485408,15.95753902153638],[-16.478546189322017,15.95799089255469],[-16.478829085001497,15.958350465140152],[-16.479203406863057,15.958438273124672],[-16.479761904565216,15.958163300158958],[-16.479751289802444,15.95671731365129],[-16.480963014110078,15.956347470347717],[-16.481523495941957,15.956343615742488],[-16.482184036026364,15.957242857488607],[-16.482187358590004,15.957694727772916],[-16.482472253888673,15.958325417186082],[-16.482382162620528,15.958777930409516],[-16.482575639678796,15.959680384544335],[-16.482953289942067,15.960220055677773],[-16.482955284893794,15.96049117768116],[-16.483236861575456,15.96066999545704],[-16.482961935010035,15.961394917641464],[-16.483338924652653,15.961844213682037],[-16.48390141759927,15.96211147344799],[-16.48427508235552,15.962108897872007],[-16.484932991267787,15.962646632472786],[-16.48530732298203,15.962734428907789],[-16.48521923550208,15.963458064416345],[-16.484291059257867,15.964277872018293],[-16.48420496517852,15.965272629106623],[-16.483929371758734,15.965907178551609],[-16.483941354416924,15.96753390888668],[-16.483200658884225,15.968442799206395],[-16.482919736056388,15.96835435636073]],[[-16.477050232074003,15.957820400109687],[-16.476956817572393,15.957821040763074],[-16.47695747975887,15.95791141503085],[-16.477050232074003,15.957820400109687]],[[-16.477420578123198,15.957365965836095],[-16.47723374956814,15.957367247388081],[-16.47723507415394,15.957547995907788],[-16.477421902876372,15.957546714340543],[-16.477420578123198,15.957365965836095]],[[-16.47685016106555,15.95601419577949],[-16.476756747392283,15.95601483627559],[-16.47675740941016,15.956105210566678],[-16.47685016106555,15.95601419577949]]]}},{"type":"Feature","properties":{"fid":5274.0,"DN":7,"Nature":"Empreinte urbaine"},"geometry":{"type":"Polygon","coordinates":[[[-16.51158958681854,15.954417530008701],[-16.51121323148137,15.954058660225447],[-16.511211199386988,15.953787541575243],[-16.511396666843446,15.953605485086056],[-16.512519633289507,15.95386873586659],[-16.512520989194694,15.954049481523253],[-16.512708489698397,15.954138542451862],[-16.512617790475556,15.9545006897065],[-16.512521667153816,15.954139854350407],[-16.511962554845017,15.954324534773523],[-16.5122441446823,15.954503313242316],[-16.512245500397366,15.95468405891143],[-16.51158958681854,15.954417530008701]]]}},{"type":"Feature","properties":{"fid":5302.0,"DN":7,"Nature":"Empreinte urbaine"},"geometry":{"type":"Polygon","coordinates":[[[-16.50309990785111,15.95592298574899],[-16.50300380026793,15.9555621447807],[-16.502817649244527,15.955653821596995],[-16.502720868709115,15.955202607212945],[-16.50308845356255,15.954386641146154],[-16.503176475202515,15.953663003554267],[-16.50363881482051,15.9530271314271],[-16.503737617884862,15.953749464993866],[-16.503924440826275,15.953748160743086],[-16.503919722293954,15.953115548399898],[-16.50410721877919,15.953204617228085],[-16.504115308877257,15.954289095404498],[-16.503843837075678,15.955465903414504],[-16.50309990785111,15.95592298574899]]]}},{"type":"Feature","properties":{"fid":5312.0,"DN":7,"Nature":"Empreinte urbaine"},"geometry":{"type":"Polygon","coordinates":[[[-16.504011111176595,15.952843776665224],[-16.504010437088986,15.95275340347173],[-16.504103848088764,15.952752751287903],[-16.504011111176595,15.952843776665224]]]}},{"type":"Feature","properties":{"fid":5394.0,"DN":7,"Nature":"Empreinte urbaine"},"geometry":{"type":"Polygon","coordinates":[[[-16.50371335641545,15.95049602939674],[-16.50380137537118,15.94977239163618],[-16.503709987209994,15.950044163261166],[-16.503615229879347,15.949864068699094],[-16.503428410508935,15.94986537237301],[-16.503425042082046,15.94941350615171],[-16.50370324912328,15.949140430931175],[-16.50389006779867,15.949139127076647],[-16.50390219817148,15.950765845074292],[-16.50371335641545,15.95049602939674]]]}},{"type":"Feature","properties":{"fid":5449.0,"DN":7,"Nature":"Empreinte urbaine"},"geometry":{"type":"Polygon","coordinates":[[[-16.514806713110616,15.947435859887294],[-16.514805355749672,15.947255114311547],[-16.514898763736976,15.947254457668114],[-16.514806713110616,15.947435859887294]]]}},{"type":"Feature","properties":{"fid":5536.0,"DN":7,"Nature":"Empreinte urbaine"},"geometry":{"type":"Polygon","coordinates":[[[-16.470220274168778,15.943587236815556],[-16.470218957086107,15.943406487489508],[-16.470405773303117,15.943405213106677],[-16.470407090552992,15.943585962417528],[-16.470220274168778,15.943587236815556]]]}},{"type":"Feature","properties":{"fid":5545.0,"DN":7,"Nature":"Empreinte urbaine"},"geometry":{"type":"Polygon","coordinates":[[[-16.470124231989107,15.94322637528348],[-16.470122915023854,15.94304562594358],[-16.47040379746,15.94313408913452],[-16.47031170661993,15.943315475657911],[-16.470124231989107,15.94322637528348]]]}},{"type":"Feature","properties":{"fid":5600.0,"DN":7,"Nature":"Empreinte urbaine"},"geometry":{"type":"Polygon","coordinates":[[[-16.473498138920668,15.944739780304715],[-16.47349615874858,15.944468656744247],[-16.47368297567272,15.944467379438775],[-16.473680995287918,15.944196255894095],[-16.473866491541717,15.944014229431202],[-16.473771762997245,15.943834119136799],[-16.472463388769274,15.943752682501609],[-16.4721818453596,15.943573847567023],[-16.471902939622442,15.943756510595005],[-16.471714145556756,15.943486662499401],[-16.470965562983288,15.943311014353641],[-16.47086688447538,15.942588654675127],[-16.47021237192633,15.942502740812296],[-16.470211054945086,15.942321991467459],[-16.470584026704277,15.942229068063925],[-16.47076688947896,15.941685545535039],[-16.471046452508574,15.94159325874377],[-16.470951727702285,15.94141314686283],[-16.471135247754816,15.940959998775057],[-16.470947116356285,15.940780524289154],[-16.471133271250956,15.940688874830663],[-16.471316790369038,15.940235726648623],[-16.47215547180796,15.93995886364339],[-16.47215415330809,15.939778114414324],[-16.47243635047749,15.940047324495849],[-16.472903382748257,15.94004413408559],[-16.472900084837498,15.939592261163119],[-16.473553928376063,15.939587793023566],[-16.473832827001445,15.93940512840172],[-16.473834146971924,15.939585877500067],[-16.47400148262874,15.93964931577889],[-16.474065204875185,15.940633449165299],[-16.47402888052972,15.940669094715163],[-16.474070056267752,15.940708374605975],[-16.474234426656505,15.943246928977992],[-16.474234540146703,15.943247407105956],[-16.474238143395453,15.943740550599545],[-16.473867811944288,15.944194978449676],[-16.47396254076924,15.944375088674517],[-16.473684956095642,15.944738502976408],[-16.473498138920668,15.944739780304715]],[[-16.473087556955527,15.939681359332448],[-16.47299415068547,15.93968199756103],[-16.47299481030518,15.939772372142505],[-16.473087556955527,15.939681359332448]]]}},{"type":"Feature","properties":{"fid":5628.0,"DN":7,"Nature":"Empreinte urbaine"},"geometry":{"type":"Polygon","coordinates":[[[-16.493993340399353,15.94984062380845],[-16.493806520225093,15.949841919139427],[-16.493715118178812,15.95011368767777],[-16.493431541399236,15.949663761999725],[-16.493056563190972,15.949485604147771],[-16.492777002205624,15.9495779195104],[-16.49240135590494,15.94930938675053],[-16.492398681013505,15.94894789192668],[-16.492211861529682,15.948949185804828],[-16.49220918704142,15.948587690937588],[-16.491942290523735,15.9480177159201],[-16.49388535234974,15.94787307159891],[-16.493891228135396,15.94866641413424],[-16.493988654227763,15.949208008350434],[-16.494270892288597,15.949477186012096],[-16.494272901037107,15.949748306885581],[-16.494459721084777,15.949747011157708],[-16.494651229516425,15.950378330503908],[-16.493993340399353,15.94984062380845]],[[-16.492585500480164,15.948946597886685],[-16.49249209074898,15.948947244926911],[-16.49249275950722,15.949037618630191],[-16.492585500480164,15.948946597886685]]]}},{"type":"Feature","properties":{"fid":5675.0,"DN":7,"Nature":"Empreinte urbaine"},"geometry":{"type":"Polygon","coordinates":[[[-16.40140670269892,15.934826731814088],[-16.401124600066552,15.934557420233947],[-16.40130890455976,15.934194696464255],[-16.4016831587214,15.934282645798724],[-16.40168692359312,15.934824910578724],[-16.40140670269892,15.934826731814088]]]}},{"type":"Feature","properties":{"fid":5708.0,"DN":7,"Nature":"Empreinte urbaine"},"geometry":{"type":"Polygon","coordinates":[[[-16.449315508675966,15.933335129417154],[-16.449032052635946,15.93288513432776],[-16.449307724044942,15.932250622243277],[-16.449587935501125,15.932248739072081],[-16.449683285914304,15.9325192380266],[-16.449595721635955,15.933333246111165],[-16.449315508675966,15.933335129417154]]]}},{"type":"Feature","properties":{"fid":5711.0,"DN":7,"Nature":"Empreinte urbaine"},"geometry":{"type":"Polygon","coordinates":[[[-16.39270425129626,15.932623564204706],[-16.392703004545194,15.932442808549169],[-16.39288981696948,15.932441602146776],[-16.392891063887646,15.932622357787931],[-16.39270425129626,15.932623564204706]]]}},{"type":"Feature","properties":{"fid":5732.0,"DN":7,"Nature":"Empreinte urbaine"},"geometry":{"type":"Polygon","coordinates":[[[-16.39326281814983,15.932348811049584],[-16.393072264705413,15.931807750864506],[-16.39325907651283,15.93180654418912],[-16.393447759355354,15.932076470764194],[-16.393820135685772,15.931893300983283],[-16.39354366032837,15.932437378465108],[-16.39326281814983,15.932348811049584]]]}},{"type":"Feature","properties":{"fid":5797.0,"DN":7,"Nature":"Empreinte urbaine"},"geometry":{"type":"Polygon","coordinates":[[[-16.39323974701789,15.92900483162948],[-16.393239123549854,15.928914453792505],[-16.393332528110943,15.928913850509351],[-16.39323974701789,15.92900483162948]]]}},{"type":"Feature","properties":{"fid":5800.0,"DN":7,"Nature":"Empreinte urbaine"},"geometry":{"type":"Polygon","coordinates":[[[-16.393145095562506,15.928824679193873],[-16.393144472144243,15.928734301351737],[-16.3932378766258,15.928733698116197],[-16.393145095562506,15.928824679193873]]]}},{"type":"Feature","properties":{"fid":5896.0,"DN":7,"Nature":"Empreinte urbaine"},"geometry":{"type":"Polygon","coordinates":[[[-16.41638368481883,15.925961916372689],[-16.416284579814096,15.925149136805434],[-16.416564785482844,15.925147297328138],[-16.416566052979384,15.92532805124918],[-16.417126464708005,15.925324371159835],[-16.41731453676584,15.925503897999523],[-16.417316439067683,15.9257750287827],[-16.417130902827758,15.92595700970517],[-16.41638368481883,15.925961916372689]]]}},{"type":"Feature","properties":{"fid":5902.0,"DN":7,"Nature":"Empreinte urbaine"},"geometry":{"type":"Polygon","coordinates":[[[-16.422542497677544,15.925107968524676],[-16.422541224853077,15.92492721506988],[-16.422728664416436,15.925016360113414],[-16.422542497677544,15.925107968524676]]]}},{"type":"Feature","properties":{"fid":5951.0,"DN":7,"Nature":"Empreinte urbaine"},"geometry":{"type":"Polygon","coordinates":[[[-16.38199406534619,15.923654235226513],[-16.382083758423878,15.923111367130101],[-16.38264417229281,15.923107777073206],[-16.383016544156717,15.922924626334641],[-16.383484173965996,15.923012010999548],[-16.38358190859598,15.923644059943806],[-16.383115514717517,15.923737432156262],[-16.38264726478386,15.923559668529341],[-16.382368912407582,15.923832598689613],[-16.38199406534619,15.923654235226513]]]}},{"type":"Feature","properties":{"fid":5953.0,"DN":7,"Nature":"Empreinte urbaine"},"geometry":{"type":"Polygon","coordinates":[[[-16.387874074007357,15.92298382165047],[-16.38777943041752,15.92280366615715],[-16.388152417269815,15.922710885048517],[-16.38806087806923,15.922982620124193],[-16.387874074007357,15.92298382165047]]]}},{"type":"Feature","properties":{"fid":5954.0,"DN":7,"Nature":"Empreinte urbaine"},"geometry":{"type":"Polygon","coordinates":[[[-16.384514694814133,15.923457312593788],[-16.384513456143768,15.92327655615508],[-16.384047063700702,15.923369930283396],[-16.384045206339295,15.923098795568185],[-16.38441819598776,15.923006020739372],[-16.384512836814555,15.923186177934552],[-16.384601903589036,15.922552931098338],[-16.384976750443776,15.92273129002688],[-16.385349738863567,15.92263851367203],[-16.385446239490975,15.923089804973483],[-16.385354076714645,15.923271161006689],[-16.385167272171195,15.92327236021135],[-16.38516851142605,15.923453116599978],[-16.384514694814133,15.923457312593788]]]}},{"type":"Feature","properties":{"fid":5965.0,"DN":7,"Nature":"Empreinte urbaine"},"geometry":{"type":"Polygon","coordinates":[[[-16.404485752202714,15.920887948900651],[-16.404485124040345,15.920797571431493],[-16.40457852439907,15.920796963581283],[-16.404485752202714,15.920887948900651]]]}},{"type":"Feature","properties":{"fid":5979.0,"DN":7,"Nature":"Empreinte urbaine"},"geometry":{"type":"Polygon","coordinates":[[[-16.390929588087374,15.919077722152352],[-16.39092834403933,15.918896966133518],[-16.391021744062144,15.91889636421914],[-16.390929588087374,15.919077722152352]]]}},{"type":"Feature","properties":{"fid":5988.0,"DN":7,"Nature":"Empreinte urbaine"},"geometry":{"type":"Polygon","coordinates":[[[-16.41025890991446,15.918319622462676],[-16.410257648644915,15.918138867930715],[-16.410351047542587,15.918138257681912],[-16.41025890991446,15.918319622462676]]]}},{"type":"Feature","properties":{"fid":5991.0,"DN":7,"Nature":"Empreinte urbaine"},"geometry":{"type":"Polygon","coordinates":[[[-16.409510457317722,15.918143748467319],[-16.40950982702288,15.918053371171034],[-16.409696624795522,15.91805215128646],[-16.409510457317722,15.918143748467319]]]}},{"type":"Feature","properties":{"fid":6068.0,"DN":7,"Nature":"Empreinte urbaine"},"geometry":{"type":"Polygon","coordinates":[[[-16.408926124808843,15.914713068536644],[-16.408925494918208,15.914622691188884],[-16.40901889224524,15.914622081647392],[-16.408926124808843,15.914713068536644]]]}},{"type":"Feature","properties":{"fid":6083.0,"DN":7,"Nature":"Empreinte urbaine"},"geometry":{"type":"Polygon","coordinates":[[[-16.42180920262978,15.913815178033987],[-16.42180856701841,15.913724801183717],[-16.421901963408814,15.913724186103702],[-16.42180920262978,15.913815178033987]]]}},{"type":"Feature","properties":{"fid":6087.0,"DN":7,"Nature":"Empreinte urbaine"},"geometry":{"type":"Polygon","coordinates":[[[-16.39391042219841,15.931440808396898],[-16.393908550604795,15.931169675022376],[-16.393534928255708,15.931172089242448],[-16.393720491896303,15.930990126611938],[-16.3937186206134,15.93071899320411],[-16.393905431362224,15.930717786049243],[-16.394000708389466,15.9309883157866],[-16.394280300830978,15.930896126817276],[-16.394275932833978,15.930263482333888],[-16.393528067892124,15.93017793331741],[-16.393250970127145,15.9306316325618],[-16.392689914625585,15.930544873977697],[-16.39278144999276,15.930273137344773],[-16.393155694285486,15.930361102390945],[-16.393151953427612,15.929818835405946],[-16.39287111511834,15.929730267155277],[-16.39315008305272,15.929547701902917],[-16.393430921192653,15.929636269802216],[-16.39333502217416,15.929275361838195],[-16.393614612687465,15.929183173882828],[-16.393704275308686,15.92864030351099],[-16.392957039838386,15.928645129851459],[-16.39257968310916,15.92810527484837],[-16.391926476351838,15.928199872386365],[-16.391550991151032,15.927931149008062],[-16.3909015185666,15.928568011021532],[-16.390060877940428,15.928573429528898],[-16.390062744048517,15.928844563413547],[-16.389875934725946,15.928845767103297],[-16.389968095396704,15.928664409349132],[-16.3897812862332,15.928665612943696],[-16.38968601606251,15.92839508074795],[-16.389218372046184,15.92830771077426],[-16.3892202369907,15.928578844762841],[-16.38894064479978,15.928671027118794],[-16.388941887873482,15.928851783127248],[-16.38931737180405,15.929120511166413],[-16.389318615251792,15.929301267138374],[-16.38847859236147,15.929397057738008],[-16.38847983508136,15.929577813769866],[-16.38838518738372,15.92939765893758],[-16.38810497242652,15.929399462293809],[-16.388009082876234,15.929038551186915],[-16.387821652165343,15.928949375067493],[-16.387819789052344,15.92867824092686],[-16.38809751844707,15.928314925865019],[-16.388092549446544,15.927591901516799],[-16.38874637844383,15.927587693621916],[-16.388931943730913,15.927405734972256],[-16.389119373359428,15.927494910213948],[-16.38911564404432,15.926952642152111],[-16.388928836395902,15.926953844882894],[-16.388927593489836,15.926773088841685],[-16.389113779440653,15.926681508110669],[-16.388925107725598,15.926411576749935],[-16.389105699906562,15.925506593850011],[-16.38881679190364,15.924243105134636],[-16.388904602607173,15.923429101517083],[-16.388717798199625,15.923430303806398],[-16.388715934563955,15.923159169630711],[-16.388342947242872,15.923251951755198],[-16.388341705165047,15.923071195607035],[-16.388808094157152,15.922977812403161],[-16.38861880556632,15.922617502310057],[-16.38870910154041,15.922165010926504],[-16.388146829012104,15.921897482250621],[-16.387963130090395,15.922350574258566],[-16.387589523103667,15.922352976887561],[-16.38758766111448,15.922081842554725],[-16.38777384362677,15.921990263237202],[-16.387582695985415,15.921358817632889],[-16.38861073108065,15.921442587360266],[-16.38879629132366,15.92126062916613],[-16.389076494911322,15.921258825808682],[-16.38926205454599,15.921076867257717],[-16.389259569119595,15.920715355026966],[-16.389446370974543,15.920714152468197],[-16.389445128118332,15.920533396362503],[-16.389724709073032,15.920441214199696],[-16.389816245114044,15.920169478625668],[-16.39037416171439,15.919804357050216],[-16.390372296303692,15.919533222974842],[-16.390650631558152,15.919260283712003],[-16.391584633395752,15.919254263818656],[-16.391862966526954,15.918981323146161],[-16.391859231950676,15.918439055291282],[-16.391671187730527,15.918259503798424],[-16.391297588895778,15.918261912243821],[-16.391113899881965,15.918715006256795],[-16.390833078095643,15.918626433962633],[-16.390828724429443,15.917993787830655],[-16.391481899383326,15.917899196119299],[-16.39138476680317,15.917357530177245],[-16.391197346129168,15.917268356153473],[-16.391475677318624,15.91699541610827],[-16.391379167518394,15.916544128096401],[-16.39165687529198,15.916180809893605],[-16.391468833509194,15.916001258006148],[-16.391371702309037,15.915459591890448],[-16.39464064452631,15.915438498574959],[-16.394824946625864,15.915075780187658],[-16.3951051409201,15.91507396968865],[-16.395103893468587,15.914893213925078],[-16.39557088346158,15.914890195655238],[-16.395662409549928,15.914618458293834],[-16.3960366250844,15.914706420681412],[-16.396221548221373,15.914434079175427],[-16.396408343717134,15.914432871055663],[-16.396499868494438,15.914161133434582],[-16.39687345892111,15.914158716592354],[-16.39705838043095,15.913886374486294],[-16.397245175353827,15.91388516568309],[-16.397246424636307,15.914065921297908],[-16.39762063958181,15.914153880969948],[-16.39771528687011,15.914334031909512],[-16.398555865521057,15.914328588317337],[-16.39874391139035,15.91450813367754],[-16.399116251107564,15.914324957439053],[-16.399211525309678,15.914595485333189],[-16.3998646833235,15.91450086941177],[-16.400052730431412,15.914680413522705],[-16.400149884014674,15.91522207393782],[-16.40033730600035,15.915311240038365],[-16.402763143820824,15.91493396441935],[-16.403419437556288,15.915291225592162],[-16.40369963111652,15.91528940391672],[-16.40453832772978,15.915012804166146],[-16.404625445759912,15.914108421346961],[-16.40481161225449,15.914016828468494],[-16.405371995470897,15.914013181425215],[-16.405749983392646,15.914643391576869],[-16.406216970674752,15.914640350329314],[-16.40668144233903,15.91427579832448],[-16.40724119670226,15.914181768953922],[-16.407332077289343,15.913819650495595],[-16.407518871325937,15.9138184328104],[-16.407703777435067,15.913546082752848],[-16.407891200572152,15.913635242163625],[-16.408450322724285,15.913450832462434],[-16.408365110871053,15.914626347589984],[-16.40817894571315,15.914717943444217],[-16.408273602323572,15.914898088966192],[-16.408645932678308,15.914714896929794],[-16.40902015211399,15.914802836334852],[-16.408835876741303,15.915165564786685],[-16.409022671900072,15.915164345700406],[-16.4090239318174,15.915345100378506],[-16.408743738822835,15.915346928969202],[-16.408839026147746,15.91561745151248],[-16.408654119997635,15.915889802521606],[-16.408656009476147,15.91616093456254],[-16.40893683356887,15.916249483329235],[-16.408752556945046,15.916612211781421],[-16.409592510809134,15.916516347154648],[-16.409312946402693,15.916608553930924],[-16.409314836854612,15.916879685876715],[-16.408849104928358,15.91706348890404],[-16.40885036484879,15.917244243563953],[-16.409037161926964,15.917243024310261],[-16.4089456534261,15.917514765930386],[-16.40932050842903,15.917693081671999],[-16.409232781222265,15.918507087223256],[-16.409512978537578,15.918505257644668],[-16.409517390828242,15.91913789867501],[-16.40989287990379,15.919406590384305],[-16.409988171106882,15.919677112042853],[-16.410173078386077,15.91940475984838],[-16.41035987735401,15.91940353928916],[-16.41045453838184,15.919583683444527],[-16.4107341061394,15.919491474923316],[-16.41073536794786,15.919672229395452],[-16.410082201344345,15.919766879113688],[-16.410083462592805,15.919947633632152],[-16.409804524361352,15.920130218649662],[-16.409430294634287,15.920042281471007],[-16.40905417469108,15.91968321171722],[-16.407840608361806,15.919781512603661],[-16.40756166806975,15.919964094869162],[-16.406998751914834,15.919606239403054],[-16.406996864228685,15.919335107254636],[-16.406527350235173,15.918976641447117],[-16.40587355407612,15.918980900979365],[-16.405408442207616,15.919255074633842],[-16.40494081580458,15.919167737525038],[-16.404942072405444,15.919348492454347],[-16.40419675882416,15.919624487428422],[-16.40411215056051,15.92089037991211],[-16.404485752202714,15.920887948900651],[-16.40448763671404,15.921159081303417],[-16.404020006059312,15.921071742536228],[-16.404025657896486,15.921885139872682],[-16.404399889560526,15.921973086326604],[-16.40458857614913,15.922243002936046],[-16.405055581221585,15.9222399627888],[-16.405057466665912,15.922511095091165],[-16.40449705981545,15.922514743211993],[-16.40440554326359,15.922786483462295],[-16.404033194187686,15.922969669556357],[-16.403566187223483,15.922972707626927],[-16.40338315101963,15.923516187524402],[-16.403104201335513,15.923698764704362],[-16.40292053576251,15.92415186682521],[-16.402640957299422,15.924244065988583],[-16.402550065049706,15.924606183186183],[-16.402738124520358,15.924785723847235],[-16.4025513199639,15.924786938210467],[-16.40236702493405,15.92514966248029],[-16.401805982976345,15.925062926664827],[-16.40134273238231,15.925608225626684],[-16.400875092036138,15.925520880794561],[-16.400502734406395,15.92570406141103],[-16.398645941944068,15.92734297677409],[-16.397804683754952,15.927258047372577],[-16.397521971664712,15.926898351976705],[-16.396307726347093,15.926906214115176],[-16.39612279335045,15.927178556293835],[-16.395749803256397,15.927271351514038],[-16.3957510523074,15.92745210702077],[-16.39547146533553,15.927544297491192],[-16.39556736700608,15.927905204322027],[-16.395754799556656,15.927994373522255],[-16.39566576719835,15.928627622061585],[-16.395853825112393,15.928807168851137],[-16.395855699024757,15.92907830205948],[-16.395482080855043,15.929080719343087],[-16.395491448452344,15.930436385495831],[-16.395308384880728,15.930979860458516],[-16.394936636054283,15.931253410335248],[-16.394937884706355,15.931434165838233],[-16.39391042219841,15.931440808396898]],[[-16.39426782136043,15.929088571049082],[-16.39408163599923,15.929180156200667],[-16.39408288371511,15.92936091180437],[-16.39436309790469,15.929359100688494],[-16.39426782136043,15.929088571049082]],[[-16.395666391740242,15.928717999807247],[-16.395386178596084,15.92871981254483],[-16.395387427441317,15.92890056805546],[-16.395574860887315,15.928989737336652],[-16.395666391740242,15.928717999807247]],[[-16.388848483166278,15.928852384507367],[-16.388755078455084,15.928852985847074],[-16.388755699914388,15.92894336385731],[-16.388848483166278,15.928852384507367]],[[-16.388561434150546,15.927860030162279],[-16.388374004374658,15.927770854445956],[-16.388375246867383,15.92795161051305],[-16.388561434150546,15.927860030162279]],[[-16.391078368231245,15.927120759593192],[-16.390889693575637,15.926850830203403],[-16.390609482449957,15.926852636531462],[-16.390608238048554,15.926671880617944],[-16.39014184183333,15.926765268295737],[-16.390238355742376,15.927216556278315],[-16.39098683157856,15.927392495648855],[-16.391078368231245,15.927120759593192]],[[-16.389578932671327,15.926407366635777],[-16.38948552911963,15.926407968201882],[-16.389486772494866,15.926588724206256],[-16.389578932671327,15.926407366635777]],[[-16.38967047093558,15.926135631038402],[-16.389577067513148,15.92613623263414],[-16.38957768922855,15.926226610635466],[-16.38967047093558,15.926135631038402]],[[-16.390504880447807,15.925226435161417],[-16.390318074505952,15.925227638967964],[-16.39031869651546,15.925318016948358],[-16.390504880447807,15.925226435161417]],[[-16.388053427488103,15.921898083031332],[-16.38796002596012,15.921898683771644],[-16.387960646778197,15.92198906187059],[-16.388053427488103,15.921898083031332]],[[-16.387958784335922,15.921717927571422],[-16.387865382887437,15.921718528264169],[-16.387866624428142,15.92189928447156],[-16.387958784335922,15.921717927571422]],[[-16.40932681056304,15.918596854703777],[-16.409140012257218,15.918598074308965],[-16.409140642409422,15.918688451615132],[-16.40932681056304,15.918596854703777]],[[-16.40669464952373,15.916173724361885],[-16.406132374539716,15.91590624298421],[-16.406136146773516,15.916448507647996],[-16.406324200945633,15.916628045668967],[-16.406697794354205,15.916625611462976],[-16.40669464952373,15.916173724361885]],[[-16.408751297164734,15.916431457103316],[-16.40847110263163,15.916433285461611],[-16.408471732394585,15.91652366281197],[-16.408751297164734,15.916431457103316]],[[-16.393805045274377,15.916166950696109],[-16.393710400327613,15.915986797861176],[-16.393524226243283,15.916078381695641],[-16.393619494197118,15.916348912548692],[-16.393805045274377,15.916166950696109]],[[-16.405293048709748,15.916092471553599],[-16.405106252393093,15.916093687482405],[-16.405106880637717,15.916184064966693],[-16.405293048709748,15.916092471553599]],[[-16.405571986260057,15.915909892422935],[-16.405477331404516,15.915729745576398],[-16.405291163749737,15.915821339117825],[-16.40538644686202,15.91609186352863],[-16.405571986260057,15.915909892422935]],[[-16.39743384444072,15.914155090117793],[-16.39724704928357,15.91415629910414],[-16.39724767393485,15.914246676909604],[-16.39743384444072,15.914155090117793]]]}},{"type":"Feature","properties":{"fid":6104.0,"DN":7,"Nature":"Empreinte urbaine"},"geometry":{"type":"Polygon","coordinates":[[[-16.417878308943603,15.912666073976945],[-16.417877675137348,15.912575696962508],[-16.41797107115676,15.912575083625695],[-16.417878308943603,15.912666073976945]]]}},{"type":"Feature","properties":{"fid":6105.0,"DN":7,"Nature":"Empreinte urbaine"},"geometry":{"type":"Polygon","coordinates":[[[-16.398547112535248,15.913063299688632],[-16.39863738347487,15.912610805878849],[-16.398824802385313,15.91269997356144],[-16.398827303594366,15.913061484582913],[-16.398547112535248,15.913063299688632]]]}},{"type":"Feature","properties":{"fid":6109.0,"DN":7,"Nature":"Empreinte urbaine"},"geometry":{"type":"Polygon","coordinates":[[[-16.40462042232746,15.913385401162216],[-16.404524513942054,15.913024498629728],[-16.404337092628285,15.912935336125184],[-16.404332698354008,15.91230269331915],[-16.404987101385235,15.912388817710289],[-16.404988357464088,15.912569572749273],[-16.405175150534586,15.912568357184316],[-16.405269803409073,15.912748504355374],[-16.404805332210262,15.913113053294534],[-16.404807216181155,15.913384185854904],[-16.40462042232746,15.913385401162216]]]}},{"type":"Feature","properties":{"fid":6113.0,"DN":7,"Nature":"Empreinte urbaine"},"geometry":{"type":"Polygon","coordinates":[[[-16.41804081885594,15.922516550134421],[-16.417945515507636,15.922246033083573],[-16.418030670672348,15.92107051922891],[-16.41858599453336,15.920343820942287],[-16.418489422976005,15.919892550197858],[-16.418675587255372,15.919800945483122],[-16.418670511673856,15.919077930073245],[-16.41838650891275,15.918537509945615],[-16.418014182098563,15.918720718581435],[-16.41801988937012,15.919534111172934],[-16.417834993148333,15.919806469241982],[-16.417646292416702,15.919536565405952],[-16.41717929613329,15.919539632288512],[-16.416716101273277,15.9200849601615],[-16.415782105693435,15.920091089097758],[-16.41568743983994,15.919910947691863],[-16.41522107522034,15.920004387464289],[-16.415126409893155,15.919824245766966],[-16.414752811934292,15.919826695035859],[-16.414754077364556,15.920007449187919],[-16.41447324601035,15.919918908650837],[-16.414470715683176,15.919557400296622],[-16.41465561649159,15.919285044755274],[-16.41446628776708,15.918924760646716],[-16.41455842169196,15.918743394362375],[-16.414745219694147,15.918742170057957],[-16.4147426890775,15.918380661707024],[-16.414929486729562,15.918379437270305],[-16.414928221278704,15.918198683104775],[-16.415208417475917,15.918196846168742],[-16.41548544882859,15.91774312355146],[-16.415951174993005,15.917559306573402],[-16.415949908697264,15.917378552474272],[-16.416324135250253,15.917466478535598],[-16.41622883710371,15.917195960224046],[-16.416509031752994,15.91719412171264],[-16.416787325850308,15.916921151777366],[-16.416877556268396,15.916468653651261],[-16.416782257988476,15.916198135581858],[-16.416221238266456,15.916111435676696],[-16.41556049224075,15.915121575934094],[-16.415373697649976,15.915122800672945],[-16.415278402116652,15.914852281691976],[-16.41546393083078,15.914670302873315],[-16.415089077166726,15.914491997740042],[-16.414528694975964,15.91449567010734],[-16.414531856965848,15.914947555748281],[-16.41425166518978,15.914949391441686],[-16.414252929763848,15.91513014571452],[-16.41397400204086,15.915312735358102],[-16.413693809690994,15.915314570368585],[-16.4137001303829,15.91621834188952],[-16.413888190475383,15.916397872796749],[-16.414541976016203,15.916393589668253],[-16.414639801638117,15.917025617382867],[-16.414175972270538,15.917480562896838],[-16.414177869353843,15.917751694250372],[-16.413898938140616,15.917934284052668],[-16.413900202649003,15.918115038303252],[-16.413434472998183,15.918298851100259],[-16.41352913604842,15.918478993744673],[-16.413342338191004,15.918480216977176],[-16.413344866319925,15.918841725544144],[-16.412877870770664,15.918844782991679],[-16.41269296778545,15.919117137181678],[-16.41222597146811,15.919120193270457],[-16.412042961795287,15.919663678542792],[-16.41148319577363,15.919757721368972],[-16.41129197852915,15.919126302419063],[-16.410727797340297,15.918587702515845],[-16.411006101650056,15.918314739283218],[-16.411001053998323,15.917591721369838],[-16.410812995050968,15.917412187847974],[-16.4108054251586,15.91632766077814],[-16.411081833784383,15.91578356589093],[-16.411640326945605,15.915508770479745],[-16.412009498385828,15.914873686682299],[-16.41256861918807,15.914689266359035],[-16.412473327557368,15.914418745808183],[-16.41275162405899,15.914145780877428],[-16.412841862958928,15.91369328369418],[-16.413122053165505,15.913691449970928],[-16.41321734521274,15.913961970210442],[-16.413871123066986,15.913957689750584],[-16.414522371300976,15.91359189876698],[-16.41470789969333,15.913409920616314],[-16.414702840443482,15.912686903533869],[-16.415351552428643,15.911959601982844],[-16.41693864775295,15.911858811673966],[-16.417500922883082,15.91212626474898],[-16.417596219704674,15.912396782677567],[-16.417783011597006,15.912395556220423],[-16.417784912878403,15.912666687277051],[-16.417598120735786,15.912667913756167],[-16.417599388110222,15.912848667804662],[-16.41741322939435,15.912940271167354],[-16.417328703565687,15.914206162671611],[-16.417423367706466,15.914386303547742],[-16.418358604461147,15.914560923609221],[-16.418547935066837,15.91492120421219],[-16.41874424395673,15.916275631078364],[-16.41846785625532,15.916819734138402],[-16.4183808005422,15.917724117408758],[-16.41866163003391,15.917812652985809],[-16.418944363272505,15.91817231895865],[-16.419410721316364,15.918078871606056],[-16.41960894544109,15.919704427249622],[-16.42017378682774,15.920333378562542],[-16.420175057148406,15.920514132280514],[-16.420455891208313,15.920602665120759],[-16.420647138190514,15.921234073428225],[-16.42092924451058,15.921503359192057],[-16.4209336934132,15.922135996914824],[-16.41981034909787,15.921781866534358],[-16.41925439157592,15.922418190964233],[-16.418693988425204,15.922421875925343],[-16.418695257597765,15.922602629724754],[-16.41841569018407,15.922694848591492],[-16.41804081885594,15.922516550134421]],[[-16.419894858343444,15.920515975923585],[-16.41980145873363,15.920516590390498],[-16.419802093733132,15.920606967262994],[-16.419894858343444,15.920515975923585]],[[-16.417453788897646,15.918724399490884],[-16.417266991131424,15.918725626137622],[-16.417268258717744,15.918906380110897],[-16.417456324420435,15.919085907405021],[-16.417453788897646,15.918724399490884]],[[-16.417822946204627,15.91808930693555],[-16.417264456007654,15.918364118181714],[-16.417453155027133,15.9186340225104],[-16.417920149162747,15.918630955205128],[-16.417822946204627,15.91808930693555]],[[-16.418197808818462,15.918267606524813],[-16.418104410178636,15.918268220173136],[-16.41810567847541,15.918448974088292],[-16.418197808818462,15.918267606524813]],[[-16.413522183110818,15.917484845201503],[-16.41342878464318,15.917485456797786],[-16.413429416666386,15.917575833945627],[-16.413522183110818,15.917484845201503]],[[-16.412935891342574,15.913783049692306],[-16.41284249456127,15.913783660896668],[-16.412843126167672,15.913874038098385],[-16.412935891342574,15.913783049692306]]]}},{"type":"Feature","properties":{"fid":6154.0,"DN":7,"Nature":"Empreinte urbaine"},"geometry":{"type":"Polygon","coordinates":[[[-16.418062565527485,15.912303339222504],[-16.418060030058374,15.911941831176915],[-16.41880592732091,15.911756168942512],[-16.418804024785203,15.911485037983379],[-16.41861659972977,15.911395888260051],[-16.418426004892588,15.910854853331264],[-16.41842156715282,15.910222214258523],[-16.418887273358383,15.910038392444921],[-16.418977497262734,15.909585893793462],[-16.419349806948524,15.909402684784776],[-16.419445104573178,15.909673201866353],[-16.419819317562034,15.90976112296363],[-16.419916519849192,15.910302770628958],[-16.42010457903394,15.910482296213308],[-16.42001689626134,15.911296302898817],[-16.419830105565755,15.911297531205582],[-16.41964585304528,15.911660267169111],[-16.419365666446303,15.911662109128336],[-16.41918077842064,15.911934467809793],[-16.41843678309185,15.912391262348846],[-16.418062565527485,15.912303339222504]]]}},{"type":"Feature","properties":{"fid":6162.0,"DN":7,"Nature":"Empreinte urbaine"},"geometry":{"type":"Polygon","coordinates":[[[-16.408543089862096,15.913359845796878],[-16.40854057123419,15.912998336296182],[-16.408260381433095,15.91300016399747],[-16.40807232933963,15.912820627471744],[-16.408070441061202,15.912549495278789],[-16.407883018906606,15.912460335940134],[-16.407973897812003,15.912098217310852],[-16.40844024920384,15.912004794339044],[-16.408340558055176,15.911101629567959],[-16.408526719937992,15.911010033819364],[-16.40852546082636,15.910829279030034],[-16.408712252004612,15.9108280605353],[-16.40880312891244,15.910465941683048],[-16.410297455021333,15.910456187499936],[-16.41066725349012,15.909911483436677],[-16.411506547388736,15.90972523633663],[-16.411783577495562,15.909271518393984],[-16.411970366972163,15.909270297197757],[-16.41206186851925,15.90899855472479],[-16.41243355325802,15.908724979952789],[-16.412626023984853,15.909537153481278],[-16.41225749406537,15.910262614946296],[-16.412447440865925,15.910713279491993],[-16.41291757531278,15.911162110609295],[-16.412920101458766,15.911523619487316],[-16.413108787825813,15.911793528768401],[-16.412549044024267,15.911887572621545],[-16.412461330437665,15.912701578653877],[-16.41199624245108,15.912975764773172],[-16.41171542203443,15.912887219702231],[-16.41087674621808,15.913163845892441],[-16.409476427191155,15.913263373352],[-16.409381140418944,15.912992851012321],[-16.409194347295113,15.912994070246878],[-16.40910221053359,15.913175434511844],[-16.40872862388742,15.913177872364155],[-16.408823280127383,15.913358017688592],[-16.408543089862096,15.913359845796878]]]}},{"type":"Feature","properties":{"fid":6174.0,"DN":7,"Nature":"Empreinte urbaine"},"geometry":{"type":"Polygon","coordinates":[[[-16.419718943531034,15.9087675903242],[-16.419530252013487,15.908497687235078],[-16.419344098153143,15.908589291901778],[-16.41934219529474,15.908318160926747],[-16.419062013288546,15.908320002115783],[-16.419058842564937,15.907868117086814],[-16.419619839676365,15.907954811440876],[-16.419710695801804,15.907592689592642],[-16.4203644512241,15.907588391147812],[-16.420178933234542,15.907770373407283],[-16.42027359629482,15.907950513175836],[-16.419994049469043,15.908042732501467],[-16.419999126077137,15.908765748232657],[-16.419718943531034,15.9087675903242]],[[-16.419623011671405,15.908406696355957],[-16.419529617643946,15.908407310250729],[-16.419530252013487,15.908497687235078],[-16.419623011671405,15.908406696355957]],[[-16.41971577124592,15.908315705443037],[-16.41962237726424,15.908316319374503],[-16.419623011671405,15.908406696355957],[-16.41971577124592,15.908315705443037]],[[-16.419995953166485,15.908313863406512],[-16.41990255919704,15.908314477459038],[-16.419903193729315,15.908404854429499],[-16.419995953166485,15.908313863406512]]]}},{"type":"Feature","properties":{"fid":6254.0,"DN":7,"Nature":"Empreinte urbaine"},"geometry":{"type":"Polygon","coordinates":[[[-16.411763389406172,15.906379444996126],[-16.41156903411997,15.905296137980082],[-16.41119230990503,15.90484669222708],[-16.41118978796219,15.904485182855739],[-16.411280658472087,15.90412306334393],[-16.4120240124826,15.903575916965258],[-16.413144086119406,15.90347821139575],[-16.41342489357542,15.903566755690592],[-16.413707595967516,15.903926431354865],[-16.413807936234647,15.904919969813765],[-16.41353217914254,15.905554444169336],[-16.412418405379942,15.906555925479733],[-16.411763389406172,15.906379444996126]]]}},{"type":"Feature","properties":{"fid":6595.0,"DN":7,"Nature":"Empreinte urbaine"},"geometry":{"type":"Polygon","coordinates":[[[-16.424476806400804,15.894727198548406],[-16.42438023913522,15.894275929477848],[-16.424192828651364,15.894186783356917],[-16.424189013612548,15.893644521823962],[-16.42400033233543,15.893374621610631],[-16.423901860031357,15.892652221304102],[-16.423714451288177,15.892563074615184],[-16.423711909040165,15.892201566800004],[-16.424081004589734,15.891566467582848],[-16.424078461855192,15.891204959792226],[-16.42426459790382,15.89111335238224],[-16.424168033530876,15.89066208289128],[-16.424354169054414,15.89057047544381],[-16.42434145443687,15.88876293641535],[-16.425642478290943,15.887850550337312],[-16.426388915967244,15.887755246220387],[-16.426669705302583,15.88784377473036],[-16.42714044797125,15.888382954422152],[-16.42733486129351,15.889466243600236],[-16.427902819010654,15.890547065368487],[-16.427904731092415,15.89081819577599],[-16.427533737603888,15.891182170037784],[-16.42753501204516,15.891362923662152],[-16.42688385884023,15.891728746864139],[-16.42651349863798,15.89218309647602],[-16.426610706038755,15.89272474120716],[-16.426798115994295,15.892813885266165],[-16.427077001433386,15.892631282161755],[-16.427079549761583,15.892992789431219],[-16.426706003293482,15.892995255337569],[-16.426524961763537,15.893809879558564],[-16.42522454272674,15.894812650146159],[-16.424476806400804,15.894727198548406]]]}},{"type":"Feature","properties":{"fid":6998.0,"DN":7,"Nature":"Empreinte urbaine"},"geometry":{"type":"Polygon","coordinates":[[[-16.36097405578918,15.839731383402968],[-16.360973450349665,15.839641003590808],[-16.361160179714066,15.839639831347064],[-16.36097405578918,15.839731383402968]]]}},{"type":"Feature","properties":{"fid":7000.0,"DN":7,"Nature":"Empreinte urbaine"},"geometry":{"type":"Polygon","coordinates":[[[-16.360972844914052,15.839550623777868],[-16.36097223948235,15.839460243964147],[-16.3610656040835,15.8394596578694],[-16.360972844914052,15.839550623777868]]]}},{"type":"Feature","properties":{"fid":7014.0,"DN":7,"Nature":"Empreinte urbaine"},"geometry":{"type":"Polygon","coordinates":[[[-16.360608465758283,15.840908665092726],[-16.360233189132945,15.840639869159038],[-16.360042828454873,15.840098761627592],[-16.359855493624668,15.84000955309097],[-16.359758499312193,15.839467859539832],[-16.359477800569355,15.839379236145446],[-16.359194078926006,15.838838712946046],[-16.35919045131271,15.838296433614593],[-16.359468729580875,15.838023537992191],[-16.360494523050015,15.837836336739713],[-16.3605897025217,15.8381068904319],[-16.360963763848467,15.838194926490822],[-16.3609655799913,15.83846606596217],[-16.36068730333843,15.838738963385419],[-16.360877058730114,15.839189690562401],[-16.36059817577692,15.83937220811285],[-16.360506626870336,15.839643933497053],[-16.360695172230507,15.839913901120878],[-16.360880691059617,15.839731969468087],[-16.36144209068418,15.83990921206156],[-16.36144633037743,15.840541870591144],[-16.360888561589075,15.8409069070014],[-16.360608465758283,15.840908665092726]]]}}]}