{"type":"FeatureCollection","name":"risques-vulnerabilite.geojson","features":[{"type":"Feature","properties":{"hauteur":"Extrême/ Superieure à 2m","Hauteur_Vu":"Extrême/ Superieure à 2m","indice":4},"geometry":{"type":"Polygon","coordinates":[[[-16.44991175935385,16.050368706153407],[-16.451320417553767,16.051451195224317],[-16.45017102684947,16.052085551009966],[-16.44991175935385,16.050368706153407]]]}},{"type":"Feature","properties":{"hauteur":"Extrême/ Superieure à 2m","Hauteur_Vu":"Extrême/ Superieure à 2m","indice":4},"geometry":{"type":"Polygon","coordinates":[[[-16.492202613844377,16.029822447222802],[-16.492562379303365,16.029661811385743],[-16.492839294941746,16.029976149821767],[-16.492531885044396,16.03012448729658],[-16.492202613844377,16.029822447222802]]]}},{"type":"Feature","properties":{"hauteur":"Extrême/ Superieure à 2m","Hauteur_Vu":"Extrême/ Superieure à 2m","indice":4},"geometry":{"type":"MultiPolygon","coordinates":[[[[-16.49568824782962,15.975862905256445],[-16.494782263406965,15.975970645786154],[-16.49465251668512,15.975891105365283],[-16.495087662780684,15.975594277385868],[-16.49519964629363,15.975690266233773],[-16.495253875659056,15.97551683777901],[-16.495371937027414,15.975632379498709],[-16.495438569248467,15.975467815747502],[-16.4956766460408,15.975546719299134],[-16.495666085997758,15.975370757515865],[-16.49577296513155,15.97543416291394],[-16.495933808519368,15.975080974277052],[-16.496046678473697,15.975120468716618],[-16.49568824782962,15.975862905256445]]],[[[-16.493950106512933,15.976883455181373],[-16.493794924517136,15.976753252192367],[-16.493846339585552,15.97644102623544],[-16.494159451250155,15.976227442099713],[-16.493950106512933,15.976883455181373]]]]}},{"type":"Feature","properties":{"hauteur":"Extrême/ Superieure à 2m","Hauteur_Vu":"Extrême/ Superieure à 2m","indice":4},"geometry":{"type":"Polygon","coordinates":[[[-16.49159847164167,15.980859077939945],[-16.492456036410484,15.980041576350725],[-16.49321826413522,15.979678248332863],[-16.493407802361318,15.979450175159357],[-16.493355843289216,15.979098465304327],[-16.493764860883626,15.979352219130972],[-16.494173663772806,15.979161410019778],[-16.494178324487304,15.979477644343367],[-16.494683668856325,15.979307795091634],[-16.494459970953155,15.979712141817503],[-16.494758050560915,15.979771235391066],[-16.49469498600299,15.9802087779617],[-16.495308627762896,15.980811684910778],[-16.49516950211483,15.981182624255396],[-16.494861283295247,15.980796892569407],[-16.494503736808703,15.979790904399316],[-16.49416395691958,15.979515785658215],[-16.493587433055673,15.979549626092936],[-16.493135043707543,15.980101758299835],[-16.492808051124854,15.980095077007894],[-16.492265032615855,15.980488211334075],[-16.49208895703402,15.980868356421931],[-16.49171453934307,15.981121580147963],[-16.4917315028872,15.981329572113884],[-16.49159847164167,15.980859077939945]]]}},{"type":"Feature","properties":{"hauteur":"Extrême/ Superieure à 2m","Hauteur_Vu":"Extrême/ Superieure à 2m","indice":4},"geometry":{"type":"Polygon","coordinates":[[[-16.495586188088982,15.98122224415368],[-16.49550663988285,15.981516686418686],[-16.49454113459315,15.983373258799064],[-16.494833592470336,15.982467181281908],[-16.494832554801395,15.981912230227667],[-16.495033007872085,15.981907853266472],[-16.49534493960635,15.98154764717721],[-16.495299033929577,15.981180977845531],[-16.495586188088982,15.98122224415368]]]}},{"type":"Feature","properties":{"hauteur":"Extrême/ Superieure à 2m","Hauteur_Vu":"Extrême/ Superieure à 2m","indice":4},"geometry":{"type":"Polygon","coordinates":[[[-16.489088983839913,15.983939186374068],[-16.488957803364823,15.983867330378372],[-16.489786146560576,15.983189826172808],[-16.49031435494467,15.982463542218277],[-16.490523176815987,15.98226437316964],[-16.490511635263495,15.982192282741098],[-16.490776785734145,15.981827702135847],[-16.490911980590003,15.981870819928933],[-16.49102527960412,15.98175963940719],[-16.490983404344178,15.981543602553762],[-16.491188917683356,15.981261022713719],[-16.49159356383052,15.981445399321483],[-16.489088983839913,15.983939186374068]]]}},{"type":"Feature","properties":{"hauteur":"Extrême/ Superieure à 2m","Hauteur_Vu":"Extrême/ Superieure à 2m","indice":4},"geometry":{"type":"Polygon","coordinates":[[[-16.49722962626874,15.985710144436931],[-16.497632138372037,15.985916196341188],[-16.496698085971538,15.985988340090117],[-16.495860999868444,15.985827081014474],[-16.4958969466593,15.98568361600854],[-16.49722962626874,15.985710144436931]]]}},{"type":"Feature","properties":{"hauteur":"Extrême/ Superieure à 2m","Hauteur_Vu":"Extrême/ Superieure à 2m","indice":4},"geometry":{"type":"Polygon","coordinates":[[[-16.498089443062142,15.98809554456145],[-16.498312303274886,15.988199910830165],[-16.498481718959084,15.988168893698086],[-16.49851673070489,15.987900121998814],[-16.498643387895864,15.987926091948532],[-16.49864285955231,15.988269214305229],[-16.498363319144758,15.988423328363162],[-16.49809416040407,15.988314809323452],[-16.497758495275505,15.987559302989784],[-16.498089443062142,15.98809554456145]]]}},{"type":"Feature","properties":{"hauteur":"Extrême/ Superieure à 2m","Hauteur_Vu":"Extrême/ Superieure à 2m","indice":4},"geometry":{"type":"Polygon","coordinates":[[[-16.497606052388246,16.009123125402787],[-16.49756609226322,16.009556031354247],[-16.49790409171503,16.00937763941447],[-16.49802009264575,16.009627455648282],[-16.497536691384646,16.009750172752533],[-16.497441787683698,16.009019843615242],[-16.497606052388246,16.009123125402787]]]}},{"type":"Feature","properties":{"hauteur":"Extrême/ Superieure à 2m","Hauteur_Vu":"Extrême/ Superieure à 2m","indice":4},"geometry":{"type":"Polygon","coordinates":[[[-16.48095990837655,16.02871585544811],[-16.481535609144085,16.02813305203645],[-16.48172654601644,16.02850468951138],[-16.48095990837655,16.02871585544811]]]}},{"type":"Feature","properties":{"hauteur":"Extrême/ Superieure à 2m","Hauteur_Vu":"Extrême/ Superieure à 2m","indice":4},"geometry":{"type":"Polygon","coordinates":[[[-16.480981831797816,16.029178169918314],[-16.481255315601768,16.029030082724898],[-16.481241564792935,16.029256935089457],[-16.48119081619743,16.029487026581563],[-16.480981831797816,16.029178169918314]]]}},{"type":"Feature","properties":{"hauteur":"Extrême/ Superieure à 2m","Hauteur_Vu":"Extrême/ Superieure à 2m","indice":4},"geometry":{"type":"Polygon","coordinates":[[[-16.480942494523678,16.0301182913668],[-16.481584107358664,16.029687198641145],[-16.481633202529288,16.03006876666641],[-16.48121809430291,16.030256619915114],[-16.480942494523678,16.0301182913668]]]}},{"type":"Feature","properties":{"hauteur":"Extrême/ Superieure à 2m","Hauteur_Vu":"Extrême/ Superieure à 2m","indice":4},"geometry":{"type":"Polygon","coordinates":[[[-16.508260690472675,15.999737408905288],[-16.507920949069582,15.999680121020447],[-16.508095063792044,15.999452143351267],[-16.508231586966495,15.999558595616026],[-16.50825188002935,15.999385402829116],[-16.508780726177363,15.999568166490604],[-16.508443503673753,15.99984651968252],[-16.508260690472675,15.999737408905288]]]}},{"type":"Feature","properties":{"hauteur":"Extrême/ Superieure à 2m","Hauteur_Vu":"Extrême/ Superieure à 2m","indice":4},"geometry":{"type":"Polygon","coordinates":[[[-16.50873056828648,15.999461108168527],[-16.509179933225454,15.998917916095515],[-16.509217562888324,15.998999701491291],[-16.5088269710642,15.999564858120596],[-16.50873056828648,15.999461108168527]]]}},{"type":"Feature","properties":{"hauteur":"Extrême/ Superieure à 2m","Hauteur_Vu":"Extrême/ Superieure à 2m","indice":4},"geometry":{"type":"Polygon","coordinates":[[[-16.509421459643956,15.998835661651423],[-16.50939168672499,15.998773214668022],[-16.509449328421248,15.998644513857316],[-16.50963087894748,15.99879092784452],[-16.509421459643956,15.998835661651423]]]}},{"type":"Feature","properties":{"hauteur":"Haute/Entre 1 et 2m","Hauteur_Vu":"Haute/Entre 1 et 2m","indice":3},"geometry":{"type":"Polygon","coordinates":[[[-16.49414421605023,15.976237834548721],[-16.49465251668512,15.975891105365283],[-16.494782263406965,15.975970645786154],[-16.49568824782962,15.975862905256445],[-16.495951089774927,15.97553884394817],[-16.496050383583196,15.974937572721696],[-16.49616545652104,15.974859077549674],[-16.496257048881226,15.974998914047744],[-16.496140530963395,15.976543761500592],[-16.49634011191396,15.976837754430472],[-16.496368425453745,15.97649742182565],[-16.49656044112087,15.976603497451574],[-16.496660818523942,15.97724428302282],[-16.496500216585233,15.978459744110143],[-16.49657869455263,15.979473637577694],[-16.496277992147107,15.980928764839456],[-16.496756378495057,15.982214370748547],[-16.49672613568535,15.983539319252092],[-16.497061544830764,15.984262009995252],[-16.496711169962953,15.984430041129128],[-16.496594933063918,15.984768001879482],[-16.49618891785687,15.984920009444936],[-16.49451244752293,15.984701926759474],[-16.49412994791294,15.985113344373776],[-16.493909368808453,15.98490005433882],[-16.494095073083137,15.984570562981594],[-16.49366072748895,15.984230460911084],[-16.49400292655859,15.984207198259764],[-16.493681060987008,15.983645524771529],[-16.494032046677574,15.983559544531104],[-16.493905730450006,15.983163596948001],[-16.494246100003483,15.982894195877508],[-16.49454113459315,15.983373258799064],[-16.49568073970558,15.981182799262651],[-16.49537401774704,15.980791090687292],[-16.4949204681742,15.97890261122811],[-16.49436777822189,15.978822909349438],[-16.49408847401069,15.978592124922745],[-16.49434925650297,15.978405327288057],[-16.493928855681656,15.97827995040621],[-16.493923851780337,15.977605680540595],[-16.493702861227874,15.977335703017635],[-16.494104871946536,15.97706139931454],[-16.493954079622167,15.976795409945549],[-16.49414421605023,15.976237834548721]],[[-16.496183471332362,15.980142485883734],[-16.49648084345783,15.979484015205465],[-16.496472158655568,15.978730705140944],[-16.496130471283045,15.978199009261129],[-16.496389919780437,15.978040563245404],[-16.496224784376412,15.977816446601702],[-16.49645538739075,15.97771936591023],[-16.496284893291595,15.977604189650473],[-16.496412221638593,15.977306431212531],[-16.496046371523125,15.97725825373565],[-16.496209275775406,15.977597256475034],[-16.495781775068085,15.977553982831969],[-16.496152882909037,15.977894521482751],[-16.496069042759064,15.97823374841615],[-16.496171396206485,15.97851797475128],[-16.495651322331724,15.978676740998695],[-16.496131388696316,15.97894491438561],[-16.495912720678376,15.979195569618392],[-16.496217844129678,15.979372466216855],[-16.496027331797958,15.979883994745194],[-16.496126623420622,15.98037858930952],[-16.496339411663524,15.98037412544963],[-16.496183471332362,15.980142485883734]],[[-16.49546258810227,15.977974658421296],[-16.49512696715985,15.978051582499877],[-16.495112388325683,15.97816506242394],[-16.495454731912844,15.978162682792483],[-16.49546258810227,15.977974658421296]],[[-16.495937304484176,15.978353264514977],[-16.495770758841694,15.978354422628481],[-16.495768384074733,15.978449915828575],[-16.495937304484176,15.978353264514977]],[[-16.495181894138724,15.976933824785828],[-16.495035352327434,15.976928875913813],[-16.495031612335907,15.977048247812592],[-16.495181894138724,15.976933824785828]],[[-16.49633908191324,15.981366935679246],[-16.49624040892208,15.981370605785354],[-16.49624147358936,15.98151381334607],[-16.49638372510798,15.981563545653591],[-16.49633908191324,15.981366935679246]],[[-16.49660836306395,15.981908085410172],[-16.4964634041572,15.981909094075384],[-16.49648317409261,15.982079024265852],[-16.496612778508783,15.982087073359347],[-16.49660836306395,15.981908085410172]],[[-16.49667253274357,15.982241807050755],[-16.496409729242796,15.9821571100546],[-16.496556108262105,15.982347044782742],[-16.496576455218097,15.982594545689771],[-16.49667253274357,15.982241807050755]],[[-16.496225362696524,15.982250885754151],[-16.49610816165893,15.982251701086602],[-16.496096844973813,15.982389027484293],[-16.496225362696524,15.982250885754151]],[[-16.496654715076403,15.982852832232181],[-16.496494328712824,15.982853202422634],[-16.496497490531805,15.98296730482242],[-16.496654715076403,15.982852832232181]],[[-16.49661514126111,15.983234268190674],[-16.496417760199822,15.983237133530308],[-16.496412678800652,15.983383367466969],[-16.496608584445056,15.983389463321188],[-16.49661514126111,15.983234268190674]],[[-16.496890229087445,15.984140873175209],[-16.496886811910816,15.984096142305795],[-16.49642821041609,15.984227630736996],[-16.496713449877884,15.984425549794993],[-16.496890229087445,15.984140873175209]]]}},{"type":"Feature","properties":{"hauteur":"Haute/Entre 1 et 2m","Hauteur_Vu":"Haute/Entre 1 et 2m","indice":3},"geometry":{"type":"Polygon","coordinates":[[[-16.493672943448406,15.985356702904687],[-16.494084687331977,15.985144987145144],[-16.49397380306892,15.985581369984402],[-16.494445522404167,15.98555422289021],[-16.494228908535725,15.985874978405409],[-16.493672943448406,15.985356702904687]]]}},{"type":"Feature","properties":{"hauteur":"Haute/Entre 1 et 2m","Hauteur_Vu":"Haute/Entre 1 et 2m","indice":3},"geometry":{"type":"Polygon","coordinates":[[[-16.494445522404167,15.98555422289021],[-16.49461799156329,15.98510398543656],[-16.494842900446514,15.985069601962396],[-16.495442803431107,15.985274285976647],[-16.49570661036163,15.98507851425515],[-16.496149348647197,15.985302191229495],[-16.496444197357825,15.985133055466815],[-16.496704697345333,15.985322195653502],[-16.49633391740625,15.985649993305305],[-16.496869085986628,15.985652235795614],[-16.4958969466593,15.98568361600854],[-16.495870705756918,15.98601759378141],[-16.495380105153963,15.985579426761364],[-16.495112924751176,15.985736434216486],[-16.49483396410304,15.985553387657712],[-16.494675366771077,15.985768939681078],[-16.494445522404167,15.98555422289021]]]}},{"type":"Feature","properties":{"hauteur":"Haute/Entre 1 et 2m","Hauteur_Vu":"Haute/Entre 1 et 2m","indice":3},"geometry":{"type":"Polygon","coordinates":[[[-16.497404700116846,15.98602519145004],[-16.497196120888518,15.986103845638159],[-16.497458598001867,15.986351152002248],[-16.497033675104518,15.98644958744927],[-16.49720690752108,15.98672436822207],[-16.496641748742295,15.987459295428287],[-16.49613698571617,15.987606023355859],[-16.496140358688947,15.987230060774909],[-16.496418856495016,15.986935725602091],[-16.496018806420093,15.986646112341093],[-16.495860999868444,15.985827081014474],[-16.497404700116846,15.98602519145004]]]}},{"type":"Feature","properties":{"hauteur":"Extrême/ Superieure à 2m","Hauteur_Vu":"Extrême/ Superieure à 2m","indice":4},"geometry":{"type":"Polygon","coordinates":[[[-16.49582635412116,15.986404843705227],[-16.495898341940087,15.986208354758682],[-16.496018806420093,15.986646112341093],[-16.496418856495016,15.986935725602091],[-16.496216423678856,15.98708930020813],[-16.49582635412116,15.986404843705227]]]}},{"type":"Feature","properties":{"hauteur":"Haute/Entre 1 et 2m","Hauteur_Vu":"Haute/Entre 1 et 2m","indice":3},"geometry":{"type":"Polygon","coordinates":[[[-16.497821734877952,15.987560354263545],[-16.497758495275505,15.987559302989784],[-16.49756335360682,15.987293812803562],[-16.49776480816862,15.987008963564948],[-16.4975599335181,15.986834355730993],[-16.497760280138532,15.986815058378705],[-16.49754275758773,15.986598767620043],[-16.49772408733649,15.986510978998377],[-16.497458598001867,15.986351152002248],[-16.49809591035993,15.986323402919583],[-16.497821734877952,15.987560354263545]]]}},{"type":"Feature","properties":{"hauteur":"Haute/Entre 1 et 2m","Hauteur_Vu":"Haute/Entre 1 et 2m","indice":3},"geometry":{"type":"Polygon","coordinates":[[[-16.49699441550151,15.988971598265477],[-16.497604648214455,15.988904691774964],[-16.497608198999902,15.988967323514464],[-16.49705967714419,15.989451510221645],[-16.49699441550151,15.988971598265477]]]}},{"type":"Feature","properties":{"hauteur":"Haute/Entre 1 et 2m","Hauteur_Vu":"Haute/Entre 1 et 2m","indice":3},"geometry":{"type":"Polygon","coordinates":[[[-16.49777244472458,15.988863243683193],[-16.497621267787427,15.98885832955751],[-16.497650178702134,15.988598551338882],[-16.497868233300835,15.988471719304583],[-16.4977759159807,15.987827709391462],[-16.498001030711226,15.988234899917114],[-16.498363319144758,15.988423328363162],[-16.49777244472458,15.988863243683193]]]}},{"type":"Feature","properties":{"hauteur":"Haute/Entre 1 et 2m","Hauteur_Vu":"Haute/Entre 1 et 2m","indice":3},"geometry":{"type":"Polygon","coordinates":[[[-16.496869994000676,15.990437805915972],[-16.498056522015865,15.991751293428287],[-16.49806681083036,15.992097324001067],[-16.49763922551582,15.992875304242082],[-16.49749371087844,15.994252522304658],[-16.497362198613875,15.993264361699268],[-16.497671045798526,15.992281338043423],[-16.49741944590482,15.992253254533724],[-16.497672168545893,15.991914342409656],[-16.497262976283626,15.99096802213672],[-16.497029885434973,15.991147172216747],[-16.497029384079628,15.990768999112603],[-16.49675718310898,15.990770148644216],[-16.496918917112392,15.990535552482957],[-16.496711454022684,15.990324412522703],[-16.49683301897398,15.990080399268217],[-16.49661845574483,15.989847677194017],[-16.49695204787699,15.989702885634722],[-16.496869994000676,15.990437805915972]]]}},{"type":"Feature","properties":{"hauteur":"Haute/Entre 1 et 2m","Hauteur_Vu":"Haute/Entre 1 et 2m","indice":3},"geometry":{"type":"Polygon","coordinates":[[[-16.496192037495405,15.987620744958974],[-16.496275868890148,15.987694752655644],[-16.496674480824396,15.988619891163673],[-16.496649008135773,15.988927383698243],[-16.49621611320319,15.988784198357342],[-16.496339154309936,15.989153313765279],[-16.496058212774745,15.989119465266242],[-16.49614073554793,15.98818799424241],[-16.495941119913383,15.987891018872498],[-16.496192037495405,15.987620744958974]]]}},{"type":"Feature","properties":{"hauteur":"Haute/Entre 1 et 2m","Hauteur_Vu":"Haute/Entre 1 et 2m","indice":3},"geometry":{"type":"Polygon","coordinates":[[[-16.495930600419094,15.98979465668384],[-16.49607172618534,15.989277504325225],[-16.496218443581622,15.989512191077432],[-16.49616066267141,15.99045244076915],[-16.49592223473007,15.990328787046925],[-16.495930600419094,15.98979465668384]]]}},{"type":"Feature","properties":{"hauteur":"Haute/Entre 1 et 2m","Hauteur_Vu":"Haute/Entre 1 et 2m","indice":3},"geometry":{"type":"Polygon","coordinates":[[[-16.496587309594428,15.99224263990182],[-16.496426589618757,15.99261373048166],[-16.496768426752666,15.992954469146731],[-16.496413987002114,15.992992740756328],[-16.496230297148383,15.992349552801798],[-16.496587309594428,15.99224263990182]]]}},{"type":"Feature","properties":{"hauteur":"Haute/Entre 1 et 2m","Hauteur_Vu":"Haute/Entre 1 et 2m","indice":3},"geometry":{"type":"Polygon","coordinates":[[[-16.496672590241086,15.99334002626853],[-16.49666677873151,15.993802531172806],[-16.496859233837622,15.993965291189486],[-16.496478719994144,15.994230501393924],[-16.496355893942614,15.993061768960503],[-16.496672590241086,15.99334002626853]]]}},{"type":"Feature","properties":{"hauteur":"Haute/Entre 1 et 2m","Hauteur_Vu":"Haute/Entre 1 et 2m","indice":3},"geometry":{"type":"Polygon","coordinates":[[[-16.49670159771717,15.994336360510472],[-16.49688981409734,15.994344000633724],[-16.496580530105902,15.99464750228201],[-16.496479519297683,15.994337906924704],[-16.49670159771717,15.994336360510472]]]}},{"type":"Feature","properties":{"hauteur":"Haute/Entre 1 et 2m","Hauteur_Vu":"Haute/Entre 1 et 2m","indice":3},"geometry":{"type":"Polygon","coordinates":[[[-16.49659280331772,15.99505319203229],[-16.496308903816956,15.995451993144705],[-16.49648587153761,15.995605910279508],[-16.4961466286589,15.996028965746184],[-16.49628010541662,15.996556140950169],[-16.495897566124338,15.996549853224536],[-16.495880325671788,15.99713476698747],[-16.4955661544252,15.997611352801199],[-16.49552457024734,15.998241190622554],[-16.495153123004638,15.998067740662352],[-16.4954717572002,15.998605562473594],[-16.49503478027954,15.99874585084682],[-16.4944401401655,15.99842477036788],[-16.494302307900988,15.997518701426673],[-16.4938634242153,15.997609770445749],[-16.49347534911654,15.997273824352023],[-16.4937972773946,15.997217881116418],[-16.49376567901556,15.997116656874942],[-16.493217851226763,15.996244764564471],[-16.493218188200828,15.995874790257183],[-16.492895339834956,15.996014280935064],[-16.492862590264345,15.995757914938435],[-16.49329681528226,15.995247678486784],[-16.494866699646888,15.997713188162875],[-16.496163236511293,15.995566385684075],[-16.49639053893001,15.994815909117674],[-16.49659280331772,15.99505319203229]]]}},{"type":"Feature","properties":{"hauteur":"Haute/Entre 1 et 2m","Hauteur_Vu":"Haute/Entre 1 et 2m","indice":3},"geometry":{"type":"Polygon","coordinates":[[[-16.4976577337711,15.996292189122334],[-16.49777574300874,15.99639877769475],[-16.49739871009095,15.997752993982711],[-16.49754111644866,15.99865007701644],[-16.497393616624976,15.998725695945819],[-16.497207236313105,15.99855095997909],[-16.497278595422117,15.997985063040721],[-16.497075851191305,15.997890999187607],[-16.497212032764693,15.997745343835778],[-16.497049631335628,15.997683818880482],[-16.497325556273154,15.99745663158761],[-16.497236482417332,15.997300611142395],[-16.49751677120529,15.996416992510639],[-16.497261431757142,15.99568032074094],[-16.49766344918622,15.995403024636186],[-16.4976577337711,15.996292189122334]]]}},{"type":"Feature","properties":{"hauteur":"Haute/Entre 1 et 2m","Hauteur_Vu":"Haute/Entre 1 et 2m","indice":3},"geometry":{"type":"Polygon","coordinates":[[[-16.497697268628094,16.00263363788338],[-16.497415793372763,16.00397972905697],[-16.497165160339208,16.003462322995198],[-16.497420343955216,16.00324497646311],[-16.49725340854945,16.002989547153717],[-16.49751409506561,16.002786334483154],[-16.49758589833757,16.002280107268216],[-16.49733296328975,16.002074507475175],[-16.49761962542097,16.00204565655214],[-16.497500367838647,16.001771993149287],[-16.497694257198305,16.001505097752368],[-16.49760060706949,16.001149205801262],[-16.49774663293106,16.0010825478029],[-16.497612723068336,16.000705305112575],[-16.497696044074324,16.000295965818356],[-16.497508953191343,16.00023312168178],[-16.497782518782145,16.00010291831564],[-16.49749343677834,15.999806569466779],[-16.497680435690235,15.999650116843547],[-16.497447053302825,15.999377248715227],[-16.497801792839166,15.999377759768736],[-16.497586006337404,15.998982439913085],[-16.49766562522671,15.998904310356279],[-16.49808882901521,15.999399627763633],[-16.497697268628094,16.00263363788338]]]}},{"type":"Feature","properties":{"hauteur":"Haute/Entre 1 et 2m","Hauteur_Vu":"Haute/Entre 1 et 2m","indice":3},"geometry":{"type":"Polygon","coordinates":[[[-16.497669248627197,16.00466867418164],[-16.497434165134788,16.005410255294525],[-16.49729242955439,16.00543212883621],[-16.49711811418604,16.005221505613886],[-16.497341532861178,16.004984240873153],[-16.497090325603484,16.00480398996892],[-16.49746974566959,16.00438960315562],[-16.497669248627197,16.00466867418164]]]}},{"type":"Feature","properties":{"hauteur":"Haute/Entre 1 et 2m","Hauteur_Vu":"Haute/Entre 1 et 2m","indice":3},"geometry":{"type":"Polygon","coordinates":[[[-16.49680024720522,16.009964721314756],[-16.496516107493285,16.01033368910278],[-16.49663791956184,16.00950040531322],[-16.497095129582984,16.009795581996254],[-16.49680024720522,16.009964721314756]]]}},{"type":"Feature","properties":{"hauteur":"Haute/Entre 1 et 2m","Hauteur_Vu":"Haute/Entre 1 et 2m","indice":3},"geometry":{"type":"Polygon","coordinates":[[[-16.497536691384646,16.009750172752533],[-16.49802009264575,16.009627455648282],[-16.497833347316934,16.009922459964958],[-16.49795128743796,16.010018605438006],[-16.498806786251283,16.009739633354688],[-16.498705798581867,16.010055111678955],[-16.499032078797075,16.010269893621803],[-16.498669610872692,16.01037312135893],[-16.499061919986897,16.010444973821663],[-16.49888849835931,16.010768416963984],[-16.498999990814884,16.01124054470458],[-16.499221770593294,16.010989862867415],[-16.49958710967862,16.01116782155533],[-16.499349862269906,16.011412644487404],[-16.499630623872093,16.01141814286764],[-16.499614738448344,16.01156296003697],[-16.499310852655427,16.01155911494015],[-16.499456233736318,16.012025038387815],[-16.499662619258146,16.012604659541513],[-16.50025045671289,16.01304063859601],[-16.500056072605013,16.013655133278817],[-16.499886056817555,16.01360858299482],[-16.50000347332775,16.014253719077633],[-16.499802292920684,16.014371486302394],[-16.499879372786733,16.014572342985627],[-16.499522576772183,16.015745911273733],[-16.499270991279296,16.015310566331088],[-16.499352909287396,16.01512650078102],[-16.499079197287582,16.015032936038317],[-16.499227114190997,16.01480514697117],[-16.499098223673755,16.014482322845417],[-16.498647185384797,16.014395962905443],[-16.49819257062028,16.013623391012988],[-16.49865330645753,16.01376935705249],[-16.498638429580065,16.01342932661746],[-16.499406066008614,16.012949569196355],[-16.499090385344044,16.012605672075974],[-16.499057517878178,16.0121285201351],[-16.49887735892305,16.011962694375296],[-16.49857471261056,16.01233179394323],[-16.49826282447339,16.012289216051588],[-16.498254184738887,16.011958092867875],[-16.49792583610353,16.01219012374077],[-16.49767847453913,16.011699549448956],[-16.497308756834467,16.011761800702704],[-16.497567054962378,16.0120643301541],[-16.49724691406138,16.012156071919307],[-16.496706931173406,16.01172422576885],[-16.4971031041285,16.011072522892114],[-16.49710953412444,16.010693556219692],[-16.49759531084047,16.01047534696856],[-16.49742216233687,16.010008123586587],[-16.497095129582984,16.009795581996254],[-16.497155179471466,16.008953777736792],[-16.497441787683698,16.009019843615242],[-16.497536691384646,16.009750172752533]]]}},{"type":"Feature","properties":{"hauteur":"Haute/Entre 1 et 2m","Hauteur_Vu":"Haute/Entre 1 et 2m","indice":3},"geometry":{"type":"Polygon","coordinates":[[[-16.496118407710494,16.01305828369234],[-16.495933476486716,16.012665732159828],[-16.496422060134346,16.012823443821134],[-16.496631781309972,16.013230740216667],[-16.496118407710494,16.01305828369234]]]}},{"type":"Feature","properties":{"hauteur":"Haute/Entre 1 et 2m","Hauteur_Vu":"Haute/Entre 1 et 2m","indice":3},"geometry":{"type":"Polygon","coordinates":[[[-16.49710272055662,16.01453876474981],[-16.496931711602418,16.014152084570323],[-16.497357959884226,16.01422370294746],[-16.497357003286826,16.014716009448275],[-16.49710272055662,16.01453876474981]]]}},{"type":"Feature","properties":{"hauteur":"Haute/Entre 1 et 2m","Hauteur_Vu":"Haute/Entre 1 et 2m","indice":3},"geometry":{"type":"Polygon","coordinates":[[[-16.490915713020133,16.016374990535077],[-16.49124518499808,16.016292143607103],[-16.49137501578333,16.015912319121078],[-16.491713209118302,16.015757803556824],[-16.49175887814314,16.01609165404099],[-16.491499616378704,16.016905006087047],[-16.490915713020133,16.016374990535077]]]}},{"type":"Feature","properties":{"hauteur":"Haute/Entre 1 et 2m","Hauteur_Vu":"Haute/Entre 1 et 2m","indice":3},"geometry":{"type":"Polygon","coordinates":[[[-16.49339250267263,16.017149929983294],[-16.49365795983216,16.016963097331203],[-16.49369946016958,16.017150777798086],[-16.493685800786963,16.017388072139564],[-16.49339250267263,16.017149929983294]]]}},{"type":"Feature","properties":{"hauteur":"Haute/Entre 1 et 2m","Hauteur_Vu":"Haute/Entre 1 et 2m","indice":3},"geometry":{"type":"Polygon","coordinates":[[[-16.495417078188655,16.019128904066314],[-16.495710707701257,16.01878970711492],[-16.495733345997785,16.018929780248207],[-16.4957315948727,16.01910881061391],[-16.495417078188655,16.019128904066314]]]}},{"type":"Feature","properties":{"hauteur":"Haute/Entre 1 et 2m","Hauteur_Vu":"Haute/Entre 1 et 2m","indice":3},"geometry":{"type":"Polygon","coordinates":[[[-16.496633367112025,16.01841032094168],[-16.49646044085434,16.018387657591063],[-16.496850051763314,16.01809552823804],[-16.49690507347217,16.018441246164738],[-16.496633367112025,16.01841032094168]]]}},{"type":"Feature","properties":{"hauteur":"Haute/Entre 1 et 2m","Hauteur_Vu":"Haute/Entre 1 et 2m","indice":3},"geometry":{"type":"Polygon","coordinates":[[[-16.496445915884063,16.019129192226295],[-16.496612855538004,16.018762532911293],[-16.49666214557095,16.018753238302818],[-16.496843866583454,16.019127909030903],[-16.496445915884063,16.019129192226295]]]}},{"type":"Feature","properties":{"hauteur":"Haute/Entre 1 et 2m","Hauteur_Vu":"Haute/Entre 1 et 2m","indice":3},"geometry":{"type":"Polygon","coordinates":[[[-16.497215643460496,16.01809894562776],[-16.497712249483556,16.018089513701018],[-16.497571884877914,16.018296363849263],[-16.497430985936614,16.01843161043145],[-16.497215643460496,16.01809894562776]]]}},{"type":"Feature","properties":{"hauteur":"Haute/Entre 1 et 2m","Hauteur_Vu":"Haute/Entre 1 et 2m","indice":3},"geometry":{"type":"Polygon","coordinates":[[[-16.497521830010577,16.017789495273117],[-16.497583116639348,16.01732063709848],[-16.497964925482623,16.017637221727107],[-16.497721236766477,16.01805364738143],[-16.497521830010577,16.017789495273117]]]}},{"type":"Feature","properties":{"hauteur":"Haute/Entre 1 et 2m","Hauteur_Vu":"Haute/Entre 1 et 2m","indice":3},"geometry":{"type":"Polygon","coordinates":[[[-16.498234070601818,16.017325045353],[-16.499452176790705,16.01726581781269],[-16.499167119808448,16.017512466785163],[-16.499446687954077,16.017770089982008],[-16.499177633436954,16.018094201661633],[-16.499431610620785,16.018229674636913],[-16.49895136416316,16.018364308881797],[-16.499293052498547,16.018678187352016],[-16.498774996664256,16.019120399550335],[-16.498663643057377,16.01949413119385],[-16.498214297770705,16.01922277417437],[-16.4980150768331,16.019397215497637],[-16.497985519983633,16.0195704725264],[-16.49847009040791,16.02001463473204],[-16.49820766876223,16.020401355466795],[-16.49794004631736,16.020504667107797],[-16.498026522791758,16.02010425667186],[-16.497403189581053,16.02008175397664],[-16.49665042054383,16.01966332871458],[-16.497091177488212,16.019403662095186],[-16.496843866583454,16.019127909030903],[-16.497430985936614,16.01843161043145],[-16.49773031975123,16.01885767332738],[-16.49795049492266,16.018390689949534],[-16.49834913159462,16.01837821066359],[-16.497964925482623,16.017637221727107],[-16.498234070601818,16.017325045353]]]}},{"type":"Feature","properties":{"hauteur":"Haute/Entre 1 et 2m","Hauteur_Vu":"Haute/Entre 1 et 2m","indice":3},"geometry":{"type":"Polygon","coordinates":[[[-16.500135737847877,16.019466690910004],[-16.49972799570303,16.018983208593962],[-16.49993759228649,16.01854613376266],[-16.500107411738124,16.018565832350166],[-16.50006880303008,16.018766005472813],[-16.49989578716879,16.018731411049046],[-16.500085453073066,16.01892998880997],[-16.499979023328002,16.01913660319011],[-16.500332786194296,16.01941459179835],[-16.500137922685962,16.01975907145355],[-16.500135737847877,16.019466690910004]]]}},{"type":"Feature","properties":{"hauteur":"Haute/Entre 1 et 2m","Hauteur_Vu":"Haute/Entre 1 et 2m","indice":3},"geometry":{"type":"Polygon","coordinates":[[[-16.499717823807686,16.018034484841568],[-16.499716954667914,16.017918129278996],[-16.500323168619744,16.01854045523168],[-16.499717823807686,16.018034484841568]]]}},{"type":"Feature","properties":{"hauteur":"Haute/Entre 1 et 2m","Hauteur_Vu":"Haute/Entre 1 et 2m","indice":3},"geometry":{"type":"Polygon","coordinates":[[[-16.49955842759596,16.01775812074364],[-16.499691973908348,16.01746479179035],[-16.499362546016048,16.015900686167008],[-16.499532184951843,16.01589651759564],[-16.499762401779925,16.0178074173592],[-16.49955842759596,16.01775812074364]]]}},{"type":"Feature","properties":{"hauteur":"Haute/Entre 1 et 2m","Hauteur_Vu":"Haute/Entre 1 et 2m","indice":3},"geometry":{"type":"Polygon","coordinates":[[[-16.498666953565756,16.021073941380607],[-16.498984134045987,16.020997135341794],[-16.498877813604178,16.021218666708343],[-16.498718471570694,16.02136299390547],[-16.498666953565756,16.021073941380607]]]}},{"type":"Feature","properties":{"hauteur":"Haute/Entre 1 et 2m","Hauteur_Vu":"Haute/Entre 1 et 2m","indice":3},"geometry":{"type":"Polygon","coordinates":[[[-16.4923494458402,16.01201786253913],[-16.49271439382161,16.012143622242505],[-16.49275152370583,16.011743556166724],[-16.493027636131423,16.01195347490025],[-16.49308697727711,16.012051522406843],[-16.49232509732612,16.012477512599077],[-16.4923494458402,16.01201786253913]]]}},{"type":"Feature","properties":{"hauteur":"Haute/Entre 1 et 2m","Hauteur_Vu":"Haute/Entre 1 et 2m","indice":3},"geometry":{"type":"Polygon","coordinates":[[[-16.49165074771678,16.012228589025707],[-16.492015058677236,16.012223167334344],[-16.49200127930232,16.012029326347495],[-16.491739070344476,16.012003922503737],[-16.492327346615216,16.011534666157527],[-16.492203682580982,16.010252559452656],[-16.492481100175848,16.010638504929087],[-16.49291151130545,16.01085630236682],[-16.492912928060694,16.011461971708126],[-16.49181410529006,16.012579617098034],[-16.49131742274637,16.012577100289224],[-16.49165074771678,16.012228589025707]]]}},{"type":"Feature","properties":{"hauteur":"Haute/Entre 1 et 2m","Hauteur_Vu":"Haute/Entre 1 et 2m","indice":3},"geometry":{"type":"Polygon","coordinates":[[[-16.491323813370048,16.012236827375602],[-16.491490569839787,16.011844811855024],[-16.49157436627606,16.01191285353631],[-16.49165074771678,16.012228589025707],[-16.491323813370048,16.012236827375602]]]}},{"type":"Feature","properties":{"hauteur":"Haute/Entre 1 et 2m","Hauteur_Vu":"Haute/Entre 1 et 2m","indice":3},"geometry":{"type":"MultiPolygon","coordinates":[[[[-16.49075532564413,16.01108013781575],[-16.491208043757116,16.010978534026997],[-16.49100374905366,16.010677112878593],[-16.49164742817246,16.010535394829706],[-16.49210991719725,16.010711200133724],[-16.491963955558642,16.01120302354014],[-16.491654024467376,16.011008256406463],[-16.491375555415217,16.0113115386631],[-16.491490569839787,16.011844811855024],[-16.491077574593213,16.011895418585084],[-16.491070757130434,16.011894705697625],[-16.49107190657653,16.011755226711657],[-16.49102844707902,16.011510869749998],[-16.49075532564413,16.01108013781575]]],[[[-16.490363097444977,16.012058512223614],[-16.490857890047927,16.012222161213124],[-16.490620109040584,16.011773281929944],[-16.490675500758883,16.011754995512728],[-16.49099730595759,16.011887025066034],[-16.491070757130434,16.011894705697625],[-16.491070283662484,16.011952158439062],[-16.490653473365757,16.012527912156465],[-16.490363097444977,16.012058512223614]]]]}},{"type":"Feature","properties":{"hauteur":"Haute/Entre 1 et 2m","Hauteur_Vu":"Haute/Entre 1 et 2m","indice":3},"geometry":{"type":"MultiPolygon","coordinates":[[[[-16.489217008090066,16.009553488852916],[-16.489284830859233,16.00892346918325],[-16.489656974406728,16.00898056095744],[-16.48928602007076,16.00929194122498],[-16.489651226980072,16.009453508655675],[-16.489596025326787,16.009913372993562],[-16.489927970462844,16.009957316587087],[-16.489743792748325,16.01028828720936],[-16.490022183961734,16.010598146531297],[-16.490131908702605,16.010211003118492],[-16.49052273439842,16.010291086778587],[-16.490560916683076,16.009616518112527],[-16.49069477496653,16.009779689366987],[-16.49100374905366,16.010677112878593],[-16.49075532564413,16.01108013781575],[-16.49065451793258,16.010665003938414],[-16.49026993038527,16.01083138925973],[-16.49027132088212,16.010856934182662],[-16.49025158828774,16.01085389389293],[-16.48986129378252,16.011053522846332],[-16.48954993223869,16.00993756189321],[-16.489217008090066,16.009553488852916]]],[[[-16.49027132088212,16.010856934182662],[-16.490288648776332,16.010859603969408],[-16.490719245826845,16.011021472992297],[-16.49075532564413,16.01108013781575],[-16.490297610814046,16.011339908513943],[-16.49027132088212,16.010856934182662]]]]}},{"type":"Feature","properties":{"hauteur":"Haute/Entre 1 et 2m","Hauteur_Vu":"Haute/Entre 1 et 2m","indice":3},"geometry":{"type":"Polygon","coordinates":[[[-16.49263448707938,16.0103937125079],[-16.492962861990286,16.01016467290957],[-16.49321172130029,16.010236041751543],[-16.49321442797212,16.010392664093196],[-16.49292296814195,16.01081538411937],[-16.49263448707938,16.0103937125079]]]}},{"type":"Feature","properties":{"hauteur":"Haute/Entre 1 et 2m","Hauteur_Vu":"Haute/Entre 1 et 2m","indice":3},"geometry":{"type":"Polygon","coordinates":[[[-16.492537555963462,16.010010988272033],[-16.49263448707938,16.0103937125079],[-16.492587917685555,16.010353757049153],[-16.492203682580982,16.010252559452656],[-16.492537555963462,16.010010988272033]]]}},{"type":"Feature","properties":{"hauteur":"Haute/Entre 1 et 2m","Hauteur_Vu":"Haute/Entre 1 et 2m","indice":3},"geometry":{"type":"Polygon","coordinates":[[[-16.492537555963462,16.010010988272033],[-16.492541673117188,16.009942335887704],[-16.492932472431843,16.009811322662774],[-16.492887365166947,16.010175640542695],[-16.492537555963462,16.010010988272033]]]}},{"type":"Feature","properties":{"hauteur":"Haute/Entre 1 et 2m","Hauteur_Vu":"Haute/Entre 1 et 2m","indice":3},"geometry":{"type":"Polygon","coordinates":[[[-16.492716708919083,16.009523409346816],[-16.492380658159313,16.009549614187176],[-16.492133003162643,16.009017263116814],[-16.49178749972705,16.00901667986036],[-16.491376718162478,16.008325835869517],[-16.49108054076737,16.00842486091033],[-16.491033790793125,16.007944818769186],[-16.49048626023392,16.007739764301366],[-16.49022625695619,16.008036949487817],[-16.48990130754377,16.007895989090034],[-16.489399173272865,16.007156544109552],[-16.48974760231137,16.006720007016362],[-16.489748253632545,16.006391801417728],[-16.490269022774143,16.00631658114081],[-16.491249805015087,16.006500726913092],[-16.49133437223626,16.007504136014333],[-16.49181123013474,16.00712339326621],[-16.492292884014482,16.008426882725296],[-16.492711081170917,16.00907739397974],[-16.493101834366616,16.008940413613484],[-16.492938364599734,16.009773986177564],[-16.492716708919083,16.009523409346816]],[[-16.490853339323458,16.007322489798657],[-16.4901961581652,16.007306165223696],[-16.4905548465249,16.007005311610456],[-16.490083173377343,16.006629661579925],[-16.48971568576323,16.007407958822114],[-16.490106659624256,16.007300818910572],[-16.49015991269244,16.007618207666933],[-16.491003682057958,16.00762876149671],[-16.490853339323458,16.007322489798657]]]}},{"type":"Feature","properties":{"hauteur":"Haute/Entre 1 et 2m","Hauteur_Vu":"Haute/Entre 1 et 2m","indice":3},"geometry":{"type":"Polygon","coordinates":[[[-16.490923564149497,16.009303142174023],[-16.4906355838388,16.00915595914278],[-16.490365506199435,16.00934281966259],[-16.490318536180684,16.008832942365075],[-16.490078163204863,16.008449720127523],[-16.490640661445113,16.008177288464324],[-16.49063802649976,16.009069416496818],[-16.491126693160464,16.008824348765298],[-16.491339683144787,16.00925848173507],[-16.490923564149497,16.009303142174023]]]}},{"type":"Feature","properties":{"hauteur":"Haute/Entre 1 et 2m","Hauteur_Vu":"Haute/Entre 1 et 2m","indice":3},"geometry":{"type":"Polygon","coordinates":[[[-16.48933224148184,16.008114758752882],[-16.489509137964593,16.00784202012355],[-16.489665117557045,16.00807664627802],[-16.489719082963045,16.00828214350347],[-16.48933224148184,16.008114758752882]]]}},{"type":"Feature","properties":{"hauteur":"Haute/Entre 1 et 2m","Hauteur_Vu":"Haute/Entre 1 et 2m","indice":3},"geometry":{"type":"Polygon","coordinates":[[[-16.487222082871153,16.00955258249368],[-16.48785802394452,16.00919909048071],[-16.48798159641606,16.009639814106414],[-16.4874888445557,16.009750639249376],[-16.487222082871153,16.00955258249368]]]}},{"type":"Feature","properties":{"hauteur":"Haute/Entre 1 et 2m","Hauteur_Vu":"Haute/Entre 1 et 2m","indice":3},"geometry":{"type":"Polygon","coordinates":[[[-16.486821224631186,16.012492760182127],[-16.486814591396847,16.012430149507487],[-16.48700676368754,16.01213642116561],[-16.48736412332899,16.012487508150517],[-16.486821224631186,16.012492760182127]]]}},{"type":"Feature","properties":{"hauteur":"Haute/Entre 1 et 2m","Hauteur_Vu":"Haute/Entre 1 et 2m","indice":3},"geometry":{"type":"Polygon","coordinates":[[[-16.48598372437947,16.015625421884838],[-16.4859991199478,16.01520462091301],[-16.485232793521355,16.014616177950195],[-16.484818664941326,16.014514614882344],[-16.484671302825486,16.014611110839397],[-16.484904688693558,16.014883992453946],[-16.484540775878536,16.014898443892783],[-16.4843778104582,16.014553467338686],[-16.48462159391501,16.014563716205263],[-16.48457300684269,16.014250768937696],[-16.484753220113376,16.014007847018572],[-16.485110741162952,16.01396360306345],[-16.485430658864047,16.014674481944542],[-16.48582735545295,16.01450465240498],[-16.485995874561166,16.014766047071774],[-16.486326819452444,16.014465391231912],[-16.48628729851282,16.0149609504266],[-16.486082496719387,16.015215978345534],[-16.486680240393802,16.015534073549926],[-16.48642661239948,16.0158610474758],[-16.48598372437947,16.015625421884838]]]}},{"type":"Feature","properties":{"hauteur":"Haute/Entre 1 et 2m","Hauteur_Vu":"Haute/Entre 1 et 2m","indice":3},"geometry":{"type":"Polygon","coordinates":[[[-16.485001580210465,16.01338553009043],[-16.484710446499562,16.01322941013431],[-16.484694383244328,16.013142995357896],[-16.48518952410673,16.01293668258209],[-16.485001580210465,16.01338553009043]]]}},{"type":"Feature","properties":{"hauteur":"Haute/Entre 1 et 2m","Hauteur_Vu":"Haute/Entre 1 et 2m","indice":3},"geometry":{"type":"Polygon","coordinates":[[[-16.485405591683826,16.013370800658254],[-16.48574907822752,16.013514622723704],[-16.485749475517693,16.013568325656315],[-16.485402357073273,16.01376764840647],[-16.485405591683826,16.013370800658254]]]}},{"type":"Feature","properties":{"hauteur":"Haute/Entre 1 et 2m","Hauteur_Vu":"Haute/Entre 1 et 2m","indice":3},"geometry":{"type":"Polygon","coordinates":[[[-16.485019655097442,16.01165787165968],[-16.485321153956743,16.010712952792886],[-16.485749489221035,16.011068027435147],[-16.486049846891166,16.010803387801186],[-16.48638942769132,16.010836841197623],[-16.486269616365405,16.011321021672426],[-16.48586838750263,16.011502817521183],[-16.486197639567827,16.01180785466123],[-16.48548100157923,16.012305116042487],[-16.485019655097442,16.01165787165968]]]}},{"type":"Feature","properties":{"hauteur":"Haute/Entre 1 et 2m","Hauteur_Vu":"Haute/Entre 1 et 2m","indice":3},"geometry":{"type":"Polygon","coordinates":[[[-16.484876339611407,16.010423631438705],[-16.485218517324412,16.010182572956158],[-16.484993143527223,16.009532203941074],[-16.485287419074737,16.009279542101485],[-16.485054963240767,16.008714256075464],[-16.48529635730994,16.008402286963037],[-16.48501549799081,16.008174488122005],[-16.48536073280724,16.007721569321028],[-16.48505734338595,16.007158265490993],[-16.48529690522816,16.006598666093545],[-16.485142330727964,16.006344632796672],[-16.48545239981371,16.006142583902534],[-16.485182714772094,16.00596542980038],[-16.485313169951137,16.005669146196976],[-16.485154619847822,16.005503158053813],[-16.485530653830097,16.00525291459591],[-16.485191301807586,16.00504043838919],[-16.485437528163025,16.0047567806561],[-16.484919456119712,16.004153189500443],[-16.484741845782594,16.002868462879235],[-16.48498109668661,16.00247595065902],[-16.48473309731235,16.002310580232507],[-16.48465770056587,16.001708403350417],[-16.48478562079833,16.001486728961623],[-16.48456128583104,16.001392802350953],[-16.48444533959486,16.000938596329448],[-16.484565559334154,16.00071846710854],[-16.48437512218825,16.000619830511127],[-16.484585354988454,16.000266306784553],[-16.484283621881588,16.00013412704364],[-16.484376135822064,15.999712792679414],[-16.484154887584104,15.999618844136181],[-16.48412362499965,15.998935803186072],[-16.483928023470128,15.998764102154228],[-16.48418649475596,15.998468426977633],[-16.483850989298205,15.998357365232767],[-16.48374367294399,15.997818064681052],[-16.483928523087425,15.99757809581232],[-16.483647262026125,15.99750246288209],[-16.48370351141456,15.997182823366401],[-16.483471174076726,15.996944243110102],[-16.483751587598427,15.996696155558038],[-16.483419533049066,15.99663429937195],[-16.483456023216874,15.995831443983429],[-16.483749927922286,15.995948761250267],[-16.483923504828912,15.996271289401115],[-16.4837908596313,15.996688425261095],[-16.48400175942658,15.997052466736315],[-16.484556855937722,15.99703371435158],[-16.484663512854905,15.997274653510779],[-16.48494201991009,15.997395058948774],[-16.48504964557731,15.996931848816878],[-16.485372415114387,15.997198146860256],[-16.485000988752745,15.997443881738276],[-16.485169975407356,15.997770915786093],[-16.48504556084488,15.998049255453726],[-16.48534907582843,15.99821424222197],[-16.485088326082167,15.998409981996634],[-16.48544811227363,15.998676023859952],[-16.485424055392002,15.999177443897997],[-16.485719686028133,15.999527470942805],[-16.486207811760043,15.999628522934325],[-16.48589259843437,15.999967855779275],[-16.485983858186778,16.00021188411182],[-16.48633961569977,16.000349654936702],[-16.486404196469973,16.000740066519274],[-16.486845880810986,16.00081756888332],[-16.486619324263923,16.001048877797878],[-16.486934664576967,16.001977594586656],[-16.486733759770317,16.0027577178766],[-16.487115633869113,16.003089243505443],[-16.48684833575144,16.00323430896915],[-16.48705110682034,16.0035402213652],[-16.487004226098424,16.003874714703457],[-16.48672065418984,16.00390502220144],[-16.487081070974753,16.00425459810058],[-16.48681729743023,16.00445931223526],[-16.486767872458028,16.004866922580113],[-16.487117100944094,16.00537172546939],[-16.486670230473628,16.00542852462798],[-16.486671025125062,16.005535930528584],[-16.487075645293416,16.00602244807567],[-16.486839586997725,16.006221003194817],[-16.486481859500916,16.006235413890295],[-16.486203674883672,16.00657747513687],[-16.486549439801284,16.006613869702168],[-16.486879788066666,16.007068081348606],[-16.486034665058334,16.007082881493783],[-16.48695760173069,16.00799545751295],[-16.486695110344627,16.008790925489215],[-16.48680757788265,16.009398811241187],[-16.48650397792805,16.00922487774119],[-16.485936625071304,16.009676351777994],[-16.485321153956743,16.010712952792886],[-16.484876339611407,16.010423631438705]]]}},{"type":"Feature","properties":{"hauteur":"Haute/Entre 1 et 2m","Hauteur_Vu":"Haute/Entre 1 et 2m","indice":3},"geometry":{"type":"Polygon","coordinates":[[[-16.486357264335844,16.00721938886087],[-16.486454714486804,16.007048646373704],[-16.486632999920435,16.00738008930153],[-16.486311371347394,16.00737485626616],[-16.486357264335844,16.00721938886087]]]}},{"type":"Feature","properties":{"hauteur":"Haute/Entre 1 et 2m","Hauteur_Vu":"Haute/Entre 1 et 2m","indice":3},"geometry":{"type":"Polygon","coordinates":[[[-16.49010443574502,16.001904910037798],[-16.490579973944467,16.001555508136857],[-16.49047320052019,16.00213209271207],[-16.49039115659996,16.00229974611769],[-16.49010443574502,16.001904910037798]]]}},{"type":"Feature","properties":{"hauteur":"Haute/Entre 1 et 2m","Hauteur_Vu":"Haute/Entre 1 et 2m","indice":3},"geometry":{"type":"Polygon","coordinates":[[[-16.488865272684063,16.001400313893146],[-16.488524567772195,16.001629432072853],[-16.4883967095,16.001442348028966],[-16.488481410988435,16.000800276654857],[-16.488142678770657,16.000462487113957],[-16.48838361714755,16.000090845615762],[-16.48804121305472,16.000090233660284],[-16.48828781222682,15.999649929130953],[-16.48798940190643,15.999341696339977],[-16.488330545643763,15.999172249173936],[-16.48810385261763,15.998967947457446],[-16.48834349420815,15.998837990707878],[-16.48840015589281,15.998575037040407],[-16.488057599796424,15.998553540411523],[-16.488163238285942,15.99823952554581],[-16.488969449370718,15.998806801138102],[-16.488726971564756,15.998137160152611],[-16.488823907720846,15.997897796577062],[-16.489078537311492,15.99812577318757],[-16.489177051690632,15.998515948489652],[-16.489668338270448,15.998211194589379],[-16.489610184681887,15.999521419359754],[-16.48918598569683,15.999930136073063],[-16.489782828927567,15.999924506660788],[-16.48965744148597,16.00027893832458],[-16.4899897412505,16.000580966146337],[-16.490500290508944,16.000377520508398],[-16.49064459026727,16.00070173689201],[-16.490307305100785,16.0009755886433],[-16.49067513894812,16.001077464407746],[-16.490408222437374,16.001273253270256],[-16.49055500997833,16.001516893934827],[-16.490129188421292,16.001498962356614],[-16.4899534919552,16.001932809771304],[-16.489257091325708,16.002033115203545],[-16.48880274358967,16.0023286619015],[-16.488865272684063,16.001400313893146]]]}},{"type":"Feature","properties":{"hauteur":"Haute/Entre 1 et 2m","Hauteur_Vu":"Haute/Entre 1 et 2m","indice":3},"geometry":{"type":"Polygon","coordinates":[[[-16.49228230522934,16.001706298929815],[-16.492310425996504,16.00133911531958],[-16.492663746974408,16.00156341775931],[-16.492679174405776,16.001148584034862],[-16.492439007063076,16.000792215193766],[-16.492819782260426,16.00055982918364],[-16.49303549127281,16.001360930470284],[-16.49332290719209,16.001433523952812],[-16.49302008676549,16.001778747640913],[-16.492967822831588,16.00221770646517],[-16.49228230522934,16.001706298929815]]]}},{"type":"Feature","properties":{"hauteur":"Haute/Entre 1 et 2m","Hauteur_Vu":"Haute/Entre 1 et 2m","indice":3},"geometry":{"type":"Polygon","coordinates":[[[-16.492411312819964,15.999139468345719],[-16.493003359861103,15.99911148614845],[-16.49263929492065,15.999516807590355],[-16.492411312819964,15.999139468345719]]]}},{"type":"Feature","properties":{"hauteur":"Haute/Entre 1 et 2m","Hauteur_Vu":"Haute/Entre 1 et 2m","indice":3},"geometry":{"type":"Polygon","coordinates":[[[-16.491927003333643,15.999033182730065],[-16.491131046979138,15.99901782243815],[-16.491597951468187,15.997090129891708],[-16.491176582372617,15.996839444287845],[-16.491743327594257,15.996728099546923],[-16.491389374712124,15.996417273380318],[-16.49116078385949,15.996788831915067],[-16.490795056430933,15.996137950581081],[-16.491222092275738,15.99590524693592],[-16.491256251276642,15.995520119409342],[-16.49159708981459,15.995726609342757],[-16.49183699074924,15.995632451092975],[-16.492020596539355,15.995434255807066],[-16.491890658879147,15.994966725339518],[-16.49198523603481,15.994825837398142],[-16.492707110724606,15.994421016299988],[-16.49329681528226,15.995247678486784],[-16.49263521656179,15.995435955206528],[-16.492821029503535,15.996054516921534],[-16.492569464845666,15.996343440154574],[-16.492836810589072,15.99662204580776],[-16.49286051689418,15.996075874047602],[-16.493181964828604,15.996163150158306],[-16.4931440280344,15.996869791666972],[-16.493334392353294,15.997581559896194],[-16.49388335972882,15.997983519701254],[-16.49320776936593,15.997976280889596],[-16.4933544022206,15.998199035198093],[-16.494342703589098,15.997947505693764],[-16.494064920415852,15.998340294584814],[-16.49352025163349,15.99851713241503],[-16.493798631727035,15.998619624823151],[-16.49265275101524,15.998836443110864],[-16.492089721019216,15.999449017281936],[-16.491927003333643,15.999033182730065]]]}},{"type":"Feature","properties":{"hauteur":"Haute/Entre 1 et 2m","Hauteur_Vu":"Haute/Entre 1 et 2m","indice":3},"geometry":{"type":"Polygon","coordinates":[[[-16.49052067909478,15.998655068766665],[-16.490825579671395,15.998590296933221],[-16.4906782412115,15.99827206889172],[-16.49093528071271,15.99799280638888],[-16.491353611874548,15.998249480654078],[-16.490692892781393,15.998999977151088],[-16.49052067909478,15.998655068766665]]]}},{"type":"Feature","properties":{"hauteur":"Haute/Entre 1 et 2m","Hauteur_Vu":"Haute/Entre 1 et 2m","indice":3},"geometry":{"type":"Polygon","coordinates":[[[-16.490708856937985,15.997616945913474],[-16.490827076735325,15.997128299423247],[-16.4904187812366,15.996768618415771],[-16.490793692670422,15.996578048065048],[-16.490846893516316,15.997096833643711],[-16.49145299539517,15.997508846536794],[-16.490708856937985,15.997616945913474]]]}},{"type":"Feature","properties":{"hauteur":"Haute/Entre 1 et 2m","Hauteur_Vu":"Haute/Entre 1 et 2m","indice":3},"geometry":{"type":"Polygon","coordinates":[[[-16.491328470268275,15.9954838145032],[-16.491254332891153,15.995469410716805],[-16.491378272557384,15.99512841488524],[-16.491647035507437,15.995390602411712],[-16.491328470268275,15.9954838145032]]]}},{"type":"Feature","properties":{"hauteur":"Haute/Entre 1 et 2m","Hauteur_Vu":"Haute/Entre 1 et 2m","indice":3},"geometry":{"type":"Polygon","coordinates":[[[-16.492280474179807,15.994291206740863],[-16.492476571094073,15.994113809966574],[-16.49236005610866,15.99379238521674],[-16.49250605556917,15.993099165463198],[-16.492442418966434,15.992837046439186],[-16.492121662920926,15.992842257009785],[-16.49233239806217,15.991727893696615],[-16.49290480977352,15.991550867454304],[-16.492868227869607,15.992440248127048],[-16.49254978437284,15.993588179814694],[-16.492707110724606,15.994421016299988],[-16.492280474179807,15.994291206740863]]]}},{"type":"Feature","properties":{"hauteur":"Haute/Entre 1 et 2m","Hauteur_Vu":"Haute/Entre 1 et 2m","indice":3},"geometry":{"type":"Polygon","coordinates":[[[-16.492817514068594,15.990178996238551],[-16.493011813035274,15.98975993636321],[-16.492747716396426,15.989502193038344],[-16.493084515009414,15.989165685738163],[-16.493305940057937,15.989492348934961],[-16.493129582646464,15.990666146964172],[-16.492817514068594,15.990178996238551]]]}},{"type":"Feature","properties":{"hauteur":"Haute/Entre 1 et 2m","Hauteur_Vu":"Haute/Entre 1 et 2m","indice":3},"geometry":{"type":"Polygon","coordinates":[[[-16.49266738234968,15.988652411343043],[-16.492937763653078,15.988510302525986],[-16.492762782509352,15.988207185507491],[-16.49291544932881,15.987997270150403],[-16.493131184973453,15.988804340343655],[-16.49266738234968,15.988652411343043]]]}},{"type":"Feature","properties":{"hauteur":"Haute/Entre 1 et 2m","Hauteur_Vu":"Haute/Entre 1 et 2m","indice":3},"geometry":{"type":"Polygon","coordinates":[[[-16.49284440512192,15.986320953494564],[-16.493143272689757,15.986277107237255],[-16.493062799780937,15.985824151599001],[-16.49390332848275,15.985618409288927],[-16.49372934006307,15.985864277049746],[-16.493338630836377,15.986001254990708],[-16.492951662513782,15.98664244274689],[-16.49284440512192,15.986320953494564]]]}},{"type":"Feature","properties":{"hauteur":"Haute/Entre 1 et 2m","Hauteur_Vu":"Haute/Entre 1 et 2m","indice":3},"geometry":{"type":"Polygon","coordinates":[[[-16.488129723087116,15.985685296661954],[-16.488046795173467,15.985315897514216],[-16.488523719075552,15.985575158087855],[-16.48878544937957,15.985931384439967],[-16.48973066018718,15.986115791621621],[-16.489103184014656,15.986352862892312],[-16.48921744344605,15.986787684753814],[-16.48965061743114,15.986969670485058],[-16.489912749362485,15.98737959805827],[-16.490156799314615,15.987013901365218],[-16.490455546326857,15.987369868710783],[-16.49044115165339,15.987924927446898],[-16.49004014414556,15.987921739660875],[-16.48996293822306,15.987492628997598],[-16.48978572638762,15.987720614458791],[-16.489708140777502,15.98807322287067],[-16.489883780302662,15.98846584770884],[-16.489442816022365,15.988898548852642],[-16.48967446038853,15.98935642611721],[-16.489211586074212,15.989329796477614],[-16.489584801890707,15.98974492196509],[-16.490067378036457,15.989516312072471],[-16.489826458521055,15.990096809967131],[-16.48957562613334,15.989755428321104],[-16.489131477936482,15.98975850533994],[-16.488754751522464,15.989494077719236],[-16.488754965342512,15.989106201504862],[-16.488964981091804,15.988725823309853],[-16.488718888906305,15.988399325807192],[-16.489006601371294,15.988306331990984],[-16.4880384140539,15.987310527808232],[-16.488399826231614,15.98696490615895],[-16.48828257235877,15.986542039078131],[-16.487935209452537,15.986284865279945],[-16.487896860562564,15.985895763852435],[-16.488129723087116,15.985685296661954]]]}},{"type":"Feature","properties":{"hauteur":"Haute/Entre 1 et 2m","Hauteur_Vu":"Haute/Entre 1 et 2m","indice":3},"geometry":{"type":"Polygon","coordinates":[[[-16.48900861644109,15.991286985759805],[-16.48893222792566,15.99096826421171],[-16.489103053682342,15.990710486947451],[-16.489365521518046,15.99116516719514],[-16.48900861644109,15.991286985759805]]]}},{"type":"Feature","properties":{"hauteur":"Haute/Entre 1 et 2m","Hauteur_Vu":"Haute/Entre 1 et 2m","indice":3},"geometry":{"type":"Polygon","coordinates":[[[-16.489143062233392,15.990698275196012],[-16.4888523945692,15.99018411684968],[-16.488786386173157,15.990017489509707],[-16.489131477936482,15.98975850533994],[-16.489031928514283,15.99026939925463],[-16.48937349834682,15.990159621631232],[-16.48949763301667,15.990677916783806],[-16.489143062233392,15.990698275196012]]]}},{"type":"Feature","properties":{"hauteur":"Haute/Entre 1 et 2m","Hauteur_Vu":"Haute/Entre 1 et 2m","indice":3},"geometry":{"type":"Polygon","coordinates":[[[-16.48812506298522,15.990684439201615],[-16.488032244690178,15.99064629424139],[-16.488613867196104,15.990463248304405],[-16.488415458176053,15.990745085418094],[-16.48812506298522,15.990684439201615]]]}},{"type":"Feature","properties":{"hauteur":"Haute/Entre 1 et 2m","Hauteur_Vu":"Haute/Entre 1 et 2m","indice":3},"geometry":{"type":"Polygon","coordinates":[[[-16.486821775596077,15.99004898811492],[-16.48734510370425,15.989908119965259],[-16.488645542106987,15.991408846487436],[-16.488187579661293,15.991629824093156],[-16.48845872601782,15.992006870458674],[-16.48842484865216,15.992430783546075],[-16.48826261158355,15.992598991401238],[-16.487972892038904,15.992213122457638],[-16.48761814163224,15.992209610596618],[-16.48766537345482,15.991922853085498],[-16.48732258603331,15.991868535803698],[-16.48691779839682,15.991355164234708],[-16.486876289733974,15.991164497532601],[-16.487201844969462,15.990974275297383],[-16.48710175117,15.990369286129166],[-16.486717505352686,15.990547979447783],[-16.486821775596077,15.99004898811492]]]}},{"type":"Feature","properties":{"hauteur":"Haute/Entre 1 et 2m","Hauteur_Vu":"Haute/Entre 1 et 2m","indice":3},"geometry":{"type":"Polygon","coordinates":[[[-16.485826932148452,15.98941139689583],[-16.485648920545945,15.989531973338824],[-16.485732419544405,15.989978944571263],[-16.48534801889025,15.990554462728126],[-16.485084393151308,15.989941651016352],[-16.483897259080884,15.990415299115517],[-16.484068482489104,15.991046652380305],[-16.483560001761987,15.990692123348209],[-16.483575698617763,15.989474682730163],[-16.484424165377874,15.9890869177904],[-16.485776612727445,15.989280463835957],[-16.485826932148452,15.98941139689583]]]}},{"type":"Feature","properties":{"hauteur":"Haute/Entre 1 et 2m","Hauteur_Vu":"Haute/Entre 1 et 2m","indice":3},"geometry":{"type":"Polygon","coordinates":[[[-16.485166469743678,15.991449321901461],[-16.484399797039803,15.992054332429516],[-16.485451491295922,15.992452844186626],[-16.48591164309041,15.992944950278734],[-16.485548629618847,15.993075756674193],[-16.48530136984774,15.99342655307112],[-16.485080216530353,15.993135683039345],[-16.484924309895067,15.993535078158633],[-16.484563079091526,15.993698690908245],[-16.484516503345436,15.994074953201647],[-16.48381565391599,15.993987299527143],[-16.483909175558953,15.994538630234558],[-16.484143154500455,15.994059629686802],[-16.484326214049556,15.994622276433278],[-16.483641841555823,15.994677724044553],[-16.48350899320826,15.994231092608103],[-16.483164331888972,15.993923171005065],[-16.483480399980106,15.993700199080726],[-16.483189715263308,15.99360076087733],[-16.483295843801304,15.993352384956996],[-16.483603427981844,15.993233899454712],[-16.483452140480484,15.99279634608972],[-16.483601252051045,15.992520820494414],[-16.484060763478457,15.992508697391788],[-16.483941882737426,15.992282760254092],[-16.48361610186959,15.99244314291791],[-16.483472502370066,15.992211408774363],[-16.48403168512886,15.991912166857595],[-16.484123955208688,15.991458014015759],[-16.484440038928778,15.991655736434062],[-16.48449033766226,15.991365974430062],[-16.484935394047223,15.99106751853976],[-16.485750311657252,15.991148413651974],[-16.48558005400331,15.991483759704213],[-16.485166469743678,15.991449321901461]]]}},{"type":"Feature","properties":{"hauteur":"Haute/Entre 1 et 2m","Hauteur_Vu":"Haute/Entre 1 et 2m","indice":3},"geometry":{"type":"Polygon","coordinates":[[[-16.48588652863014,15.99330316239114],[-16.486301845051635,15.99315409182043],[-16.486165692017575,15.993513071727627],[-16.485809706318403,15.993760192539087],[-16.48557390003256,15.993156140687724],[-16.48588652863014,15.99330316239114]]]}},{"type":"Feature","properties":{"hauteur":"Haute/Entre 1 et 2m","Hauteur_Vu":"Haute/Entre 1 et 2m","indice":3},"geometry":{"type":"Polygon","coordinates":[[[-16.49162615260222,15.981264662455255],[-16.4917315028872,15.981329572113884],[-16.49171453934307,15.981121580147963],[-16.49208895703402,15.980868356421931],[-16.492265032615855,15.980488211334075],[-16.492808051124854,15.980095077007894],[-16.493135043707543,15.980101758299835],[-16.493587433055673,15.979549626092936],[-16.49416395691958,15.979515785658215],[-16.494503736808703,15.979790904399316],[-16.494861283295247,15.980796892569407],[-16.495280423305314,15.981166934910293],[-16.494722849399984,15.98165043177134],[-16.49491239031288,15.981863936981881],[-16.494833592470336,15.982467181281908],[-16.49452566002487,15.98250960060426],[-16.49464580399823,15.982930951674517],[-16.49450647656102,15.983275039314362],[-16.49377837907459,15.982082722790064],[-16.493676135879937,15.981189830298632],[-16.49335810647201,15.981144300305921],[-16.493640563158912,15.980760431983724],[-16.49324646933809,15.980855661468537],[-16.4934930146638,15.980412369682657],[-16.493387620122814,15.980341493899223],[-16.493010992066278,15.980296370122701],[-16.492664503018407,15.980987997951178],[-16.492615788474293,15.981489589121665],[-16.492809157405166,15.981777661037667],[-16.49240774216604,15.981717790205115],[-16.492291381889398,15.98183197628504],[-16.492682385588882,15.982151497053774],[-16.492465882548792,15.982487168296123],[-16.492324967553042,15.982201715791822],[-16.491951154871362,15.98212076708355],[-16.491745162285675,15.981793994437789],[-16.49153598279338,15.9818694770237],[-16.49162615260222,15.981264662455255]]]}},{"type":"Feature","properties":{"hauteur":"Haute/Entre 1 et 2m","Hauteur_Vu":"Haute/Entre 1 et 2m","indice":3},"geometry":{"type":"Polygon","coordinates":[[[-16.483322035129767,16.020717341516008],[-16.483661828969495,16.02035993836976],[-16.4838465471163,16.020725650167975],[-16.483322035129767,16.020717341516008]]]}},{"type":"Feature","properties":{"hauteur":"Haute/Entre 1 et 2m","Hauteur_Vu":"Haute/Entre 1 et 2m","indice":3},"geometry":{"type":"Polygon","coordinates":[[[-16.483208294030028,16.0211895443389],[-16.483322035129767,16.020717341516008],[-16.48360474064308,16.02098391579726],[-16.483717757903285,16.021248679252725],[-16.483208294030028,16.0211895443389]]]}},{"type":"Feature","properties":{"hauteur":"Haute/Entre 1 et 2m","Hauteur_Vu":"Haute/Entre 1 et 2m","indice":3},"geometry":{"type":"Polygon","coordinates":[[[-16.483515151951497,16.02180205509592],[-16.48333189936411,16.021634745652186],[-16.4837483775011,16.021634850131317],[-16.483753062633046,16.02205998774143],[-16.483515151951497,16.02180205509592]]]}},{"type":"Feature","properties":{"hauteur":"Haute/Entre 1 et 2m","Hauteur_Vu":"Haute/Entre 1 et 2m","indice":3},"geometry":{"type":"Polygon","coordinates":[[[-16.483451462353543,16.02215904148866],[-16.48322732607737,16.02251266146491],[-16.48283786004618,16.022202069849854],[-16.48333189936411,16.021634745652186],[-16.483451462353543,16.02215904148866]]]}},{"type":"Feature","properties":{"hauteur":"Haute/Entre 1 et 2m","Hauteur_Vu":"Haute/Entre 1 et 2m","indice":3},"geometry":{"type":"Polygon","coordinates":[[[-16.4831492255979,16.023006995292477],[-16.48356387875867,16.02317718051907],[-16.483293798093065,16.023367017550417],[-16.483555665907968,16.02415289049322],[-16.48346543455079,16.02446679747839],[-16.48389679155935,16.024392207135115],[-16.484154956527288,16.024676851753714],[-16.484293419908777,16.02421044486831],[-16.485016616449187,16.024802170236867],[-16.4847690346691,16.02511418297323],[-16.483452967914616,16.025284403417313],[-16.483010814378886,16.02598563394232],[-16.48177801063994,16.026152285431465],[-16.48138440720678,16.025908852365173],[-16.481102378446753,16.025943619674866],[-16.480570092841717,16.026347102937272],[-16.480398812827854,16.02633933393413],[-16.480300681764646,16.026001366543714],[-16.480012315520582,16.02622265444129],[-16.479986793245033,16.025690248548177],[-16.47941217453073,16.02621038355461],[-16.47890302372006,16.02577678861665],[-16.479517295793574,16.02519521662333],[-16.479861792399426,16.025264448450347],[-16.479890793485396,16.02501362158702],[-16.480475353918273,16.02479625770416],[-16.480662772575926,16.024900884064966],[-16.480738277431964,16.024681064583188],[-16.48294202242232,16.02356487801892],[-16.48290923365954,16.02330254344818],[-16.482546252377528,16.023027572177664],[-16.482556894993504,16.022797757577983],[-16.483181295481643,16.022545799770135],[-16.4831492255979,16.023006995292477]]]}},{"type":"Feature","properties":{"hauteur":"Haute/Entre 1 et 2m","Hauteur_Vu":"Haute/Entre 1 et 2m","indice":3},"geometry":{"type":"Polygon","coordinates":[[[-16.48281631199666,16.02659265908393],[-16.483204531356467,16.02694204601212],[-16.482680179342974,16.026957605135802],[-16.4822938568213,16.02728250887283],[-16.48269952827733,16.027488560927434],[-16.482459465898565,16.02819286933658],[-16.482771157300785,16.028205633371815],[-16.483151707672963,16.02793447429878],[-16.483291694040695,16.027256218282844],[-16.48339629548808,16.027216707601873],[-16.483633553024482,16.02759399020263],[-16.483905403825325,16.027642831953514],[-16.483846720651567,16.028468216381253],[-16.48363852049686,16.028682987240867],[-16.483302644951273,16.028737523835293],[-16.483420338696614,16.029008221920314],[-16.483634422539247,16.028754623123707],[-16.483971794343965,16.02952803770982],[-16.484447477343235,16.029605304768786],[-16.48423276471683,16.029773874774374],[-16.484268973105706,16.030080939812933],[-16.484669911198075,16.03006324680162],[-16.48443219620972,16.030458733347057],[-16.48491241732528,16.03031517800215],[-16.48470231299843,16.030689588153056],[-16.485180443369604,16.03068031069018],[-16.484955090914852,16.031078695814816],[-16.484944027798818,16.03166804235741],[-16.485200871480597,16.03135596485607],[-16.485382673884082,16.031742579684035],[-16.485673239577764,16.031818141892092],[-16.48566038643394,16.032582043858913],[-16.485326231595874,16.032453078009066],[-16.48532950138868,16.032894634754015],[-16.48571005621926,16.032623470796036],[-16.48586921406,16.033284737103987],[-16.485433834643228,16.033651757775885],[-16.486082710225066,16.033784509889866],[-16.48607297857542,16.034136647240896],[-16.485694631742888,16.034706161057176],[-16.485379071948696,16.03458900133473],[-16.485380955364533,16.034010161343335],[-16.485043367391444,16.034251190935795],[-16.48423798609435,16.03381518717116],[-16.483992683496197,16.034019772701136],[-16.4838601977633,16.03362684820185],[-16.483493426249446,16.033259413512116],[-16.48338492443942,16.033606267036813],[-16.48306182963788,16.033304169659846],[-16.483126920813717,16.032927780002797],[-16.482744597105476,16.032960260118003],[-16.482901754453874,16.032517593706622],[-16.48245200181344,16.03261021241803],[-16.48042916033963,16.030243232251994],[-16.480444411838533,16.029801546662984],[-16.48001268930737,16.02982839512063],[-16.478248462790894,16.02779974163848],[-16.478510398747044,16.027759149024536],[-16.47848026708421,16.02701941055587],[-16.479596886585405,16.02699381042406],[-16.479859419648555,16.02661605942755],[-16.480104006358147,16.02715142952276],[-16.480896576286057,16.026692444961036],[-16.481501356863006,16.02670617135847],[-16.481634935364184,16.026412851143867],[-16.482160476272306,16.026558403555235],[-16.482862386764214,16.02635663235634],[-16.48281631199666,16.02659265908393]]]}},{"type":"Feature","properties":{"hauteur":"Haute/Entre 1 et 2m","Hauteur_Vu":"Haute/Entre 1 et 2m","indice":3},"geometry":{"type":"Polygon","coordinates":[[[-16.48398068725231,16.027602031953492],[-16.484181601644977,16.027236637076363],[-16.484353922145058,16.027593482486598],[-16.484710120616235,16.027367244078906],[-16.485368495084,16.027535738049068],[-16.484721825969253,16.027698347836445],[-16.484847542321734,16.02801076058389],[-16.48422407212384,16.027973304086782],[-16.48398068725231,16.027602031953492]]]}},{"type":"Feature","properties":{"hauteur":"Haute/Entre 1 et 2m","Hauteur_Vu":"Haute/Entre 1 et 2m","indice":3},"geometry":{"type":"Polygon","coordinates":[[[-16.490493438313333,16.026784118461823],[-16.49045926032129,16.02675153587072],[-16.490594669075954,16.026291114525645],[-16.490945570614368,16.026598974760322],[-16.490493438313333,16.026784118461823]]]}},{"type":"Feature","properties":{"hauteur":"Haute/Entre 1 et 2m","Hauteur_Vu":"Haute/Entre 1 et 2m","indice":3},"geometry":{"type":"Polygon","coordinates":[[[-16.490867797256197,16.027342441502512],[-16.491103741091248,16.02712597965169],[-16.491294072915693,16.027414069648657],[-16.491042748628512,16.02763660589385],[-16.490867797256197,16.027342441502512]]]}},{"type":"Feature","properties":{"hauteur":"Haute/Entre 1 et 2m","Hauteur_Vu":"Haute/Entre 1 et 2m","indice":3},"geometry":{"type":"Polygon","coordinates":[[[-16.49172338428071,16.02872388572128],[-16.49192477292179,16.028424121365987],[-16.491982720358703,16.028748934873917],[-16.491931496301,16.028913391228627],[-16.49172338428071,16.02872388572128]]]}},{"type":"Feature","properties":{"hauteur":"Haute/Entre 1 et 2m","Hauteur_Vu":"Haute/Entre 1 et 2m","indice":3},"geometry":{"type":"Polygon","coordinates":[[[-16.492179035022964,16.030255798093332],[-16.492202613844377,16.029822447222802],[-16.492531885044396,16.03012448729658],[-16.49270451387253,16.030390880927367],[-16.492179035022964,16.030255798093332]]]}},{"type":"Feature","properties":{"hauteur":"Haute/Entre 1 et 2m","Hauteur_Vu":"Haute/Entre 1 et 2m","indice":3},"geometry":{"type":"Polygon","coordinates":[[[-16.492179290612647,16.02987538256001],[-16.491701907055322,16.029984622142265],[-16.49232982201618,16.029374576082738],[-16.492562379303365,16.029661811385743],[-16.492179290612647,16.02987538256001]]]}},{"type":"Feature","properties":{"hauteur":"Haute/Entre 1 et 2m","Hauteur_Vu":"Haute/Entre 1 et 2m","indice":3},"geometry":{"type":"Polygon","coordinates":[[[-16.49080210378128,16.030308448927116],[-16.4905857152914,16.029835554170543],[-16.490964945579883,16.029803082117148],[-16.49136974057446,16.030304502902542],[-16.49080210378128,16.030308448927116]]]}},{"type":"Feature","properties":{"hauteur":"Haute/Entre 1 et 2m","Hauteur_Vu":"Haute/Entre 1 et 2m","indice":3},"geometry":{"type":"Polygon","coordinates":[[[-16.491458208818383,16.029754898347363],[-16.491701907055322,16.029984622142265],[-16.491481622443743,16.029999393875066],[-16.491172969457633,16.029980654370842],[-16.491458208818383,16.029754898347363]]]}},{"type":"Feature","properties":{"hauteur":"Haute/Entre 1 et 2m","Hauteur_Vu":"Haute/Entre 1 et 2m","indice":3},"geometry":{"type":"Polygon","coordinates":[[[-16.49111324964847,16.031077556647155],[-16.4914741726171,16.030864700701482],[-16.491524607558482,16.03121641924671],[-16.49111324964847,16.031077556647155]]]}},{"type":"Feature","properties":{"hauteur":"Haute/Entre 1 et 2m","Hauteur_Vu":"Haute/Entre 1 et 2m","indice":3},"geometry":{"type":"Polygon","coordinates":[[[-16.48860282639799,16.033068673125047],[-16.488869252846914,16.032801279658003],[-16.488903365283758,16.032824911959622],[-16.48893451904832,16.033281192635307],[-16.48860282639799,16.033068673125047]]]}},{"type":"Feature","properties":{"hauteur":"Haute/Entre 1 et 2m","Hauteur_Vu":"Haute/Entre 1 et 2m","indice":3},"geometry":{"type":"Polygon","coordinates":[[[-16.486320797153574,16.034453993092555],[-16.48668435781782,16.03397110647514],[-16.487000315359143,16.03414196709953],[-16.487076435915817,16.034421901616174],[-16.486320797153574,16.034453993092555]]]}},{"type":"Feature","properties":{"hauteur":"Haute/Entre 1 et 2m","Hauteur_Vu":"Haute/Entre 1 et 2m","indice":3},"geometry":{"type":"Polygon","coordinates":[[[-16.487869498517764,16.03527568923],[-16.48744857080931,16.035511333488675],[-16.487418415354735,16.0351893093921],[-16.487798794035438,16.03489427375218],[-16.48798116660896,16.03494074660776],[-16.48811319638235,16.03527101453181],[-16.487869498517764,16.03527568923]]]}},{"type":"Feature","properties":{"hauteur":"Haute/Entre 1 et 2m","Hauteur_Vu":"Haute/Entre 1 et 2m","indice":3},"geometry":{"type":"Polygon","coordinates":[[[-16.48789753801558,16.03489657227375],[-16.48808262732754,16.034477578221527],[-16.488225425225277,16.034595932888543],[-16.48838488849742,16.034881255641647],[-16.48789753801558,16.03489657227375]]]}},{"type":"Feature","properties":{"hauteur":"Haute/Entre 1 et 2m","Hauteur_Vu":"Haute/Entre 1 et 2m","indice":3},"geometry":{"type":"Polygon","coordinates":[[[-16.486783279905143,16.03566214585307],[-16.486832552560674,16.03564986963901],[-16.487113957701634,16.03573742747155],[-16.486894111006993,16.03604626716364],[-16.486783279905143,16.03566214585307]]]}},{"type":"Feature","properties":{"hauteur":"Haute/Entre 1 et 2m","Hauteur_Vu":"Haute/Entre 1 et 2m","indice":3},"geometry":{"type":"Polygon","coordinates":[[[-16.485853712183445,16.036267555500363],[-16.485854343496662,16.035936366748558],[-16.485354251665076,16.03589806051103],[-16.485156393869453,16.035635378511515],[-16.485184683618186,16.035393507412117],[-16.48480610546117,16.035307365728844],[-16.48458492327946,16.03501948360834],[-16.48443383041779,16.03419704355947],[-16.485379071948696,16.03458900133473],[-16.485034624605742,16.03491940134147],[-16.485364796775926,16.035134920574137],[-16.485694631742888,16.034706161057176],[-16.486136124099836,16.034929672239663],[-16.486373131602253,16.03527114846996],[-16.486234269862216,16.035683853660686],[-16.48652557143226,16.03585786931641],[-16.48652205518203,16.036215930767018],[-16.48634475694917,16.0364379493814],[-16.485853712183445,16.036267555500363]]]}},{"type":"Feature","properties":{"hauteur":"Haute/Entre 1 et 2m","Hauteur_Vu":"Haute/Entre 1 et 2m","indice":3},"geometry":{"type":"Polygon","coordinates":[[[-16.483398514169554,16.03364477396259],[-16.483822431870966,16.03360454568706],[-16.483675577069175,16.033980009325397],[-16.483398514169554,16.03364477396259]]]}},{"type":"Feature","properties":{"hauteur":"Haute/Entre 1 et 2m","Hauteur_Vu":"Haute/Entre 1 et 2m","indice":3},"geometry":{"type":"Polygon","coordinates":[[[-16.508410158829264,15.991906948754528],[-16.509026920495856,15.991887701645194],[-16.509131964540146,15.992526952242638],[-16.509825940149646,15.993342575934228],[-16.50935942243694,15.993859036318426],[-16.50930795640702,15.994399434159813],[-16.509127118410216,15.994552869000257],[-16.509300696204754,15.994665027907248],[-16.50915072731985,15.99502709985893],[-16.50955434424265,15.995376333114637],[-16.509176438481312,15.995575906584556],[-16.50895924427324,15.992939905431067],[-16.508265471555433,15.991739389032341],[-16.508447937846366,15.991392007760533],[-16.508410158829264,15.991906948754528]]]}},{"type":"Feature","properties":{"hauteur":"Haute/Entre 1 et 2m","Hauteur_Vu":"Haute/Entre 1 et 2m","indice":3},"geometry":{"type":"Polygon","coordinates":[[[-16.509176438481312,15.995575906584556],[-16.509274938483372,15.99554836221459],[-16.50944153410943,15.995757537806242],[-16.509412884764846,15.99605013438354],[-16.50969379194028,15.996077997440748],[-16.50955499929627,15.996490712780073],[-16.509324965514573,15.996665378851084],[-16.509176438481312,15.995575906584556]]]}},{"type":"Feature","properties":{"hauteur":"Haute/Entre 1 et 2m","Hauteur_Vu":"Haute/Entre 1 et 2m","indice":3},"geometry":{"type":"Polygon","coordinates":[[[-16.509368722798833,15.998385131724302],[-16.509132325441193,15.998945103106761],[-16.509389377718904,15.997849425854673],[-16.50973660699605,15.998082692909055],[-16.509368722798833,15.998385131724302]]]}},{"type":"Feature","properties":{"hauteur":"Haute/Entre 1 et 2m","Hauteur_Vu":"Haute/Entre 1 et 2m","indice":3},"geometry":{"type":"Polygon","coordinates":[[[-16.508260690472675,15.999737408905288],[-16.508452006901063,15.999952005759006],[-16.507919445803488,16.00050771503324],[-16.508325149718527,16.0007226719144],[-16.507912721452232,16.000844912031774],[-16.50810722908716,16.00127915620093],[-16.507803451387225,16.001493125897614],[-16.5080183904754,16.00156695383086],[-16.507822542512496,16.00177643641992],[-16.507989120103762,16.00198262923871],[-16.507732336576222,16.002293236891845],[-16.50797565848766,16.00244966121727],[-16.507803808884564,16.002568720690867],[-16.507782624380482,16.00303431506424],[-16.50763827563485,16.002912999502882],[-16.507681172933214,16.00164092766919],[-16.507920949069582,15.999680121020447],[-16.508260690472675,15.999737408905288]]]}},{"type":"Feature","properties":{"hauteur":"Haute/Entre 1 et 2m","Hauteur_Vu":"Haute/Entre 1 et 2m","indice":3},"geometry":{"type":"Polygon","coordinates":[[[-16.507952578659776,16.003279271245447],[-16.50796400868446,16.003980343062366],[-16.50823565649075,16.004417028816757],[-16.50804936723402,16.005489458259774],[-16.50779111835277,16.00601638936294],[-16.507607093551226,16.003896323185536],[-16.507720342569687,16.003161556316147],[-16.507952578659776,16.003279271245447]]]}},{"type":"Feature","properties":{"hauteur":"Haute/Entre 1 et 2m","Hauteur_Vu":"Haute/Entre 1 et 2m","indice":3},"geometry":{"type":"Polygon","coordinates":[[[-16.508296892578326,16.006205281985896],[-16.50787897824187,16.006420053774598],[-16.50817125887186,16.006728298550563],[-16.507859079137116,16.00685132730609],[-16.50813201594428,16.007253692062232],[-16.507698900169885,16.007498406664755],[-16.50779111835277,16.00601638936294],[-16.508296892578326,16.006205281985896]]]}},{"type":"Feature","properties":{"hauteur":"Haute/Entre 1 et 2m","Hauteur_Vu":"Haute/Entre 1 et 2m","indice":3},"geometry":{"type":"Polygon","coordinates":[[[-16.508037427620813,16.00770040814487],[-16.50812244412764,16.008444225446055],[-16.50870549371999,16.008447589203538],[-16.508266544669617,16.008120982026636],[-16.508823960376525,16.007791851529017],[-16.508824296645415,16.00906884003001],[-16.508252743832514,16.008953510090176],[-16.50803472963142,16.009703930852137],[-16.50781675849804,16.009638329930528],[-16.507773604319027,16.009437238287607],[-16.50793944400764,16.00913323593747],[-16.507698900169885,16.007498406664755],[-16.508037427620813,16.00770040814487]]]}},{"type":"Feature","properties":{"hauteur":"Haute/Entre 1 et 2m","Hauteur_Vu":"Haute/Entre 1 et 2m","indice":3},"geometry":{"type":"Polygon","coordinates":[[[-16.508244286940986,16.007724316309282],[-16.508177393005127,16.00662084498575],[-16.508371537056767,16.00618387240884],[-16.509187944183243,16.006043874285577],[-16.508754122480408,16.00660485985269],[-16.509295024408704,16.006747256991925],[-16.508881875269303,16.007185769026233],[-16.509288319723193,16.007907933553987],[-16.508244286940986,16.007724316309282]]]}},{"type":"Feature","properties":{"hauteur":"Haute/Entre 1 et 2m","Hauteur_Vu":"Haute/Entre 1 et 2m","indice":3},"geometry":{"type":"Polygon","coordinates":[[[-16.50858249437168,16.009732157339783],[-16.508224820598713,16.009343069139724],[-16.508824296645415,16.00906884003001],[-16.50911633902905,16.009755258903446],[-16.508965042822474,16.010147176724722],[-16.508815799891146,16.010401833387125],[-16.508277211114297,16.01015797638028],[-16.50858249437168,16.009732157339783]]]}},{"type":"Feature","properties":{"hauteur":"Haute/Entre 1 et 2m","Hauteur_Vu":"Haute/Entre 1 et 2m","indice":3},"geometry":{"type":"Polygon","coordinates":[[[-16.508277211114297,16.01015797638028],[-16.50825753629755,16.011235202691104],[-16.507949354699548,16.010864414247013],[-16.507815700674254,16.010319349603165],[-16.50803472963142,16.009703930852137],[-16.508277211114297,16.01015797638028]]]}},{"type":"Feature","properties":{"hauteur":"Haute/Entre 1 et 2m","Hauteur_Vu":"Haute/Entre 1 et 2m","indice":3},"geometry":{"type":"Polygon","coordinates":[[[-16.50870459252227,16.011408095720828],[-16.508474867084797,16.01285825870204],[-16.508822381353102,16.014768318586654],[-16.508816498479717,16.015627643004432],[-16.50865028586577,16.0158824190412],[-16.508105711088923,16.011557008638782],[-16.50825753629755,16.011235202691104],[-16.50870459252227,16.011408095720828]]]}},{"type":"Feature","properties":{"hauteur":"Haute/Entre 1 et 2m","Hauteur_Vu":"Haute/Entre 1 et 2m","indice":3},"geometry":{"type":"Polygon","coordinates":[[[-16.51013304466269,16.008559138089417],[-16.510321722437176,16.00862643452616],[-16.51015033955589,16.00921839689818],[-16.51013304466269,16.008559138089417]]]}},{"type":"Feature","properties":{"hauteur":"Haute/Entre 1 et 2m","Hauteur_Vu":"Haute/Entre 1 et 2m","indice":3},"geometry":{"type":"Polygon","coordinates":[[[-16.51013304466269,16.008559138089417],[-16.510470833444572,16.008149498148132],[-16.51036892847042,16.008545544741057],[-16.51013304466269,16.008559138089417]]]}},{"type":"Feature","properties":{"hauteur":"Haute/Entre 1 et 2m","Hauteur_Vu":"Haute/Entre 1 et 2m","indice":3},"geometry":{"type":"Polygon","coordinates":[[[-16.510228546304255,16.007721560546777],[-16.510341612250045,16.007168795357337],[-16.510546810838928,16.007382172986894],[-16.510470833444572,16.008149498148132],[-16.510228546304255,16.007721560546777]]]}},{"type":"Feature","properties":{"hauteur":"Haute/Entre 1 et 2m","Hauteur_Vu":"Haute/Entre 1 et 2m","indice":3},"geometry":{"type":"Polygon","coordinates":[[[-16.51036446640061,16.00713133936077],[-16.510594706771787,16.006777652695757],[-16.510593932560937,16.007084971189265],[-16.51036446640061,16.00713133936077]]]}},{"type":"Feature","properties":{"hauteur":"Haute/Entre 1 et 2m","Hauteur_Vu":"Haute/Entre 1 et 2m","indice":3},"geometry":{"type":"Polygon","coordinates":[[[-16.510304862491356,16.006383615248158],[-16.510639733991347,16.006099307917985],[-16.510646250646893,16.00635063223283],[-16.510627041980946,16.006462653158472],[-16.510304862491356,16.006383615248158]]]}},{"type":"Feature","properties":{"hauteur":"Haute/Entre 1 et 2m","Hauteur_Vu":"Haute/Entre 1 et 2m","indice":3},"geometry":{"type":"Polygon","coordinates":[[[-16.5104830774282,16.005572308550274],[-16.510361500750566,16.00540309701658],[-16.510692912846373,16.005376897355628],[-16.51064629611376,16.005741227120822],[-16.5104830774282,16.005572308550274]]]}},{"type":"Feature","properties":{"hauteur":"Haute/Entre 1 et 2m","Hauteur_Vu":"Haute/Entre 1 et 2m","indice":3},"geometry":{"type":"Polygon","coordinates":[[[-16.51055634019134,16.00485423215473],[-16.51084326643015,16.004655295094015],[-16.51075850790846,16.005075090163267],[-16.51055634019134,16.00485423215473]]]}},{"type":"Feature","properties":{"hauteur":"Haute/Entre 1 et 2m","Hauteur_Vu":"Haute/Entre 1 et 2m","indice":3},"geometry":{"type":"Polygon","coordinates":[[[-16.510651358343242,16.00354226184475],[-16.510591877405396,16.003426318846316],[-16.51109418659687,16.00336012989924],[-16.51099960880068,16.003909781663957],[-16.510651358343242,16.00354226184475]]]}},{"type":"Feature","properties":{"hauteur":"Haute/Entre 1 et 2m","Hauteur_Vu":"Haute/Entre 1 et 2m","indice":3},"geometry":{"type":"Polygon","coordinates":[[[-16.5110797790689,16.002879868066753],[-16.51085307709926,16.00288295441867],[-16.511161732286116,16.00249738792953],[-16.511276028039056,16.002518961063142],[-16.51121064737399,16.00284911125543],[-16.5110797790689,16.002879868066753]]]}},{"type":"Feature","properties":{"hauteur":"Haute/Entre 1 et 2m","Hauteur_Vu":"Haute/Entre 1 et 2m","indice":3},"geometry":{"type":"Polygon","coordinates":[[[-16.508683507146426,16.016095514514582],[-16.508889686051518,16.016540862656303],[-16.508650667428615,16.016754379795476],[-16.508975911380777,16.01693111090938],[-16.508560904462477,16.017124979738483],[-16.50865784772127,16.017504710127824],[-16.50841495850566,16.017613827545176],[-16.508429776517204,16.018046348535087],[-16.50827808900324,16.018181677480584],[-16.508400042610827,16.018400116641555],[-16.5081442424841,16.01904936009144],[-16.508369812873198,16.01909849649009],[-16.508015809954664,16.019611183395828],[-16.508070702585233,16.020347752177383],[-16.507523757451143,16.0218702583378],[-16.507502529545395,16.022329885179246],[-16.50724651742818,16.022746406961613],[-16.507329949828062,16.023175462405845],[-16.507146740745686,16.023427373524523],[-16.507336044541415,16.023986964597487],[-16.507289188823517,16.025141955135677],[-16.507067615165962,16.025215118536686],[-16.507219364406048,16.025703366405242],[-16.5071181081612,16.026187424318547],[-16.506972245832102,16.024839852115495],[-16.50714397158181,16.02223692789266],[-16.507638008079674,16.020652138084],[-16.508601789573348,16.01609981835268],[-16.508651510959982,16.015942828772392],[-16.508980988282442,16.016067316868494],[-16.508683507146426,16.016095514514582]]]}},{"type":"Feature","properties":{"hauteur":"Haute/Entre 1 et 2m","Hauteur_Vu":"Haute/Entre 1 et 2m","indice":3},"geometry":{"type":"Polygon","coordinates":[[[-16.505584038614533,16.03825074749034],[-16.50589060333077,16.037124301440585],[-16.506194736429812,16.037566724428174],[-16.506037091305487,16.037937800604762],[-16.506348737092605,16.038353317878695],[-16.505584038614533,16.03825074749034]]]}},{"type":"Feature","properties":{"hauteur":"Extrême/ Superieure à 2m","Hauteur_Vu":"Extrême/ Superieure à 2m","indice":4},"geometry":{"type":"Polygon","coordinates":[[[-16.50602878463783,16.038474910389912],[-16.505632638859936,16.038310610082583],[-16.506052165565045,16.038301696245004],[-16.506237987816,16.038395866638627],[-16.50602878463783,16.038474910389912]]]}},{"type":"Feature","properties":{"hauteur":"Haute/Entre 1 et 2m","Hauteur_Vu":"Haute/Entre 1 et 2m","indice":3},"geometry":{"type":"Polygon","coordinates":[[[-16.50589060333077,16.037124301440585],[-16.506004250748557,16.036646124106838],[-16.50590213241277,16.03537283567778],[-16.506088489510166,16.035538609560696],[-16.50594208780851,16.035763409280225],[-16.50618517117067,16.036498655946584],[-16.505970504899373,16.03728783931371],[-16.50589060333077,16.037124301440585]]]}},{"type":"Feature","properties":{"hauteur":"Haute/Entre 1 et 2m","Hauteur_Vu":"Haute/Entre 1 et 2m","indice":3},"geometry":{"type":"Polygon","coordinates":[[[-16.474185370263143,16.025412988821476],[-16.473500137464008,16.027046774177336],[-16.47332380297885,16.028241449083634],[-16.4740689641347,16.028045375844663],[-16.474579811101684,16.02871020437267],[-16.474519646359784,16.028919473996567],[-16.47428632755857,16.02907622789723],[-16.47372391744971,16.028951795188366],[-16.47396509994822,16.02944542539371],[-16.47321028423223,16.02958785909716],[-16.47337436323787,16.03008500318637],[-16.47222757563865,16.030626952545013],[-16.472208960637943,16.031453554134547],[-16.471717695847396,16.030934785053294],[-16.471570293384126,16.031028289898533],[-16.47158184874264,16.0321828872582],[-16.47144698247961,16.03230315901169],[-16.46971239916311,16.03262833724477],[-16.469773172340044,16.034185392415964],[-16.46969074990938,16.034305303783956],[-16.468459979772774,16.03433760452533],[-16.46852335169098,16.035618653902112],[-16.468365714431513,16.035789802217263],[-16.46767833778207,16.035876558883366],[-16.467657442284334,16.036604715880824],[-16.46741507202649,16.036791361886195],[-16.467397856200783,16.036546819256095],[-16.467109172755837,16.03630711786697],[-16.46729761156393,16.035917952105976],[-16.46635748992851,16.034772688258002],[-16.467301606635505,16.03330125085457],[-16.466763021128003,16.032849926097764],[-16.473327093148033,16.02679882705269],[-16.473279661562522,16.025801118511662],[-16.47384291235731,16.025621214076445],[-16.47377693231816,16.02524870985532],[-16.474185370263143,16.025412988821476]]]}},{"type":"Feature","properties":{"hauteur":"Haute/Entre 1 et 2m","Hauteur_Vu":"Haute/Entre 1 et 2m","indice":3},"geometry":{"type":"Polygon","coordinates":[[[-16.473943721755816,16.030104960787153],[-16.474502545884118,16.030160793174005],[-16.474673515017432,16.03033565360444],[-16.474602519611267,16.030540522228762],[-16.47283854936634,16.03295299579999],[-16.472125728709788,16.03482566071988],[-16.471698590559562,16.035479030356562],[-16.471917972837485,16.033842479227907],[-16.472527116084557,16.033396715908896],[-16.473107347254217,16.032375303541706],[-16.472812643675415,16.03173584084682],[-16.47342918940096,16.031668949322317],[-16.474310997177092,16.03054401804079],[-16.473943721755816,16.030104960787153]]]}},{"type":"Feature","properties":{"hauteur":"Haute/Entre 1 et 2m","Hauteur_Vu":"Haute/Entre 1 et 2m","indice":3},"geometry":{"type":"Polygon","coordinates":[[[-16.471507043909163,16.03607409315274],[-16.470387501781033,16.036970904023264],[-16.470462266287395,16.037489548207205],[-16.470190709916675,16.03748245944637],[-16.469596132100957,16.03802359463474],[-16.4684403831731,16.03861332763306],[-16.467624682576208,16.038451827844675],[-16.467156272055636,16.03810594509061],[-16.467343430761417,16.037120055209275],[-16.467922794412004,16.037450259822666],[-16.468394700320957,16.038273503002912],[-16.469025517004305,16.037624710736278],[-16.469159541641957,16.03654669046621],[-16.470071748377983,16.036826869739073],[-16.470660807734102,16.036375281205636],[-16.470275543197165,16.035587253136228],[-16.471640760136594,16.035166143000172],[-16.471698590559562,16.035479030356562],[-16.471507043909163,16.03607409315274]]]}},{"type":"Feature","properties":{"hauteur":"Haute/Entre 1 et 2m","Hauteur_Vu":"Haute/Entre 1 et 2m","indice":3},"geometry":{"type":"Polygon","coordinates":[[[-16.46048113398674,16.037456323865865],[-16.461275620252405,16.037248021030294],[-16.460652204709532,16.036375069400723],[-16.461778226011834,16.035937747404656],[-16.46074610237696,16.03486469179192],[-16.46212230828907,16.034043754415183],[-16.460864680207827,16.033354145934492],[-16.460348953583836,16.032015005499282],[-16.45922009773619,16.030363765709858],[-16.458842319486514,16.03187010771376],[-16.45827852092221,16.033252399909564],[-16.459154719227385,16.03409977098547],[-16.458239519421603,16.03552622546078],[-16.45960782465033,16.037008752497776],[-16.45889502656553,16.03741938320713],[-16.45714414240608,16.037634179387148],[-16.45740250207624,16.038372374788583],[-16.4571142197291,16.039460391963853],[-16.456598772204693,16.03985773984151],[-16.45726936652339,16.041279378898647],[-16.455990550387146,16.040225879978454],[-16.45596961256389,16.03989185045859],[-16.45681700273959,16.039319195431993],[-16.457021027022293,16.038524151336237],[-16.455244495865564,16.038607825346798],[-16.455081880531903,16.037457229495267],[-16.456018117233267,16.037224114303285],[-16.455843731490045,16.035727492498186],[-16.456420236235275,16.035666887777477],[-16.45627462505333,16.034733985814956],[-16.458036036324657,16.03342411811481],[-16.458045416255455,16.03216792689957],[-16.457262375120447,16.032250824387038],[-16.45709834214499,16.030055952498778],[-16.455895441446618,16.030099924637543],[-16.455877677552625,16.028077110812138],[-16.458825956765004,16.02792281631271],[-16.45884178927885,16.028403080472703],[-16.460237509333904,16.028996286451918],[-16.46109909678728,16.030804492789326],[-16.462861524629442,16.032393219120745],[-16.462633485706924,16.034968189969643],[-16.462310609963165,16.03553878114297],[-16.46246743477173,16.036101625228646],[-16.46236930301973,16.036606534701995],[-16.46197602365696,16.036936674353907],[-16.46177322135543,16.03779064081621],[-16.461656334062262,16.03783917642125],[-16.46131942088193,16.03733126529449],[-16.460806248231055,16.03803890862091],[-16.46048113398674,16.037456323865865]]]}},{"type":"Feature","properties":{"hauteur":"Haute/Entre 1 et 2m","Hauteur_Vu":"Haute/Entre 1 et 2m","indice":3},"geometry":{"type":"Polygon","coordinates":[[[-16.460603266332143,16.012165118249893],[-16.461769670712147,16.0117842208788],[-16.46180884675802,16.01164703170413],[-16.46190068828877,16.011613901787758],[-16.463129412740546,16.01253579676365],[-16.461605772714456,16.01300118495579],[-16.46052766181664,16.014070710907095],[-16.460179828539207,16.015448552443782],[-16.461212057388764,16.016551456484365],[-16.460712835767158,16.017050144507188],[-16.45748704005072,16.01328099654636],[-16.459304606391093,16.012550384177153],[-16.460625105609566,16.01207404163017],[-16.460603266332143,16.012165118249893]]]}},{"type":"Feature","properties":{"hauteur":"Haute/Entre 1 et 2m","Hauteur_Vu":"Haute/Entre 1 et 2m","indice":3},"geometry":{"type":"Polygon","coordinates":[[[-16.461710941710276,16.015159158816896],[-16.463129412740546,16.01253579676365],[-16.463189975909025,16.011956551068153],[-16.463850464021387,16.012847151403463],[-16.46162669465874,16.015875814687416],[-16.461710941710276,16.015159158816896]]]}},{"type":"Feature","properties":{"hauteur":"Haute/Entre 1 et 2m","Hauteur_Vu":"Haute/Entre 1 et 2m","indice":3},"geometry":{"type":"Polygon","coordinates":[[[-16.445819850992248,16.021944276914116],[-16.446027928769457,16.020850843588132],[-16.44604687161494,16.01919775032285],[-16.44643243852406,16.018332865152782],[-16.446625576513537,16.01764701028224],[-16.447558602750306,16.01727195904244],[-16.448156000095278,16.01777224424529],[-16.44695729387203,16.022240946961347],[-16.445819850992248,16.021944276914116]]]}},{"type":"Feature","properties":{"hauteur":"Haute/Entre 1 et 2m","Hauteur_Vu":"Haute/Entre 1 et 2m","indice":3},"geometry":{"type":"Polygon","coordinates":[[[-16.44569670445863,16.02540618918646],[-16.446572166873548,16.024451474809364],[-16.447171604601575,16.026291352959475],[-16.44569670445863,16.02540618918646]]]}},{"type":"Feature","properties":{"hauteur":"Haute/Entre 1 et 2m","Hauteur_Vu":"Haute/Entre 1 et 2m","indice":3},"geometry":{"type":"Polygon","coordinates":[[[-16.448475372420727,16.025691784381138],[-16.450087934049694,16.024278558885854],[-16.44987710807337,16.02669676984792],[-16.448475372420727,16.025691784381138]]]}},{"type":"Feature","properties":{"hauteur":"Haute/Entre 1 et 2m","Hauteur_Vu":"Haute/Entre 1 et 2m","indice":3},"geometry":{"type":"Polygon","coordinates":[[[-16.445649244591955,16.02781136408264],[-16.447258305054252,16.02761850986072],[-16.446276772128723,16.028839491135273],[-16.445649244591955,16.02781136408264]]]}},{"type":"Feature","properties":{"hauteur":"Haute/Entre 1 et 2m","Hauteur_Vu":"Haute/Entre 1 et 2m","indice":3},"geometry":{"type":"Polygon","coordinates":[[[-16.448349880500718,16.03309516012672],[-16.449051056815325,16.033209771090803],[-16.44863543641266,16.035468245409422],[-16.44794351722656,16.034500236849073],[-16.44828505063246,16.0330896305652],[-16.447443767113796,16.031943606740327],[-16.448413456693476,16.031217991853314],[-16.448414736827974,16.030540686261723],[-16.447977053561857,16.030170680420987],[-16.448726657699304,16.029730000584788],[-16.448882903286542,16.028723442780194],[-16.44872237906338,16.028282941223267],[-16.449291449766218,16.027622686264223],[-16.448349880500718,16.03309516012672]],[[-16.44901969040309,16.029107694165262],[-16.449016551510116,16.02910025615157],[-16.449013563454102,16.029113702926367],[-16.44901969040309,16.029107694165262]]]}},{"type":"Feature","properties":{"hauteur":"Haute/Entre 1 et 2m","Hauteur_Vu":"Haute/Entre 1 et 2m","indice":3},"geometry":{"type":"Polygon","coordinates":[[[-16.444644831504007,16.032711384143006],[-16.44603653589555,16.03232009293678],[-16.44579578461461,16.033589784011685],[-16.444644831504007,16.032711384143006]]]}},{"type":"Feature","properties":{"hauteur":"Haute/Entre 1 et 2m","Hauteur_Vu":"Haute/Entre 1 et 2m","indice":3},"geometry":{"type":"Polygon","coordinates":[[[-16.442650841253307,16.045017614777297],[-16.443601155466087,16.04330454578031],[-16.443794995847007,16.044514617811146],[-16.442650841253307,16.045017614777297]]]}},{"type":"Feature","properties":{"hauteur":"Haute/Entre 1 et 2m","Hauteur_Vu":"Haute/Entre 1 et 2m","indice":3},"geometry":{"type":"Polygon","coordinates":[[[-16.44838911049253,16.044959051995267],[-16.44943905049613,16.045083235910802],[-16.44830644037286,16.043766137224267],[-16.44863978205967,16.042501786367055],[-16.447575838726582,16.04171829762428],[-16.448128856923688,16.0405389906179],[-16.448612260745648,16.04082812565807],[-16.448710172360897,16.039860750315828],[-16.44952401481425,16.03976573863516],[-16.449485912896243,16.04047014553203],[-16.450360468188958,16.040237470616635],[-16.4507338958524,16.04238319468631],[-16.451449927037935,16.042414151552915],[-16.450982022478257,16.044267201528843],[-16.449460863489925,16.045539591744408],[-16.448728099245212,16.04575638784057],[-16.44838911049253,16.044959051995267]]]}},{"type":"Feature","properties":{"hauteur":"Haute/Entre 1 et 2m","Hauteur_Vu":"Haute/Entre 1 et 2m","indice":3},"geometry":{"type":"Polygon","coordinates":[[[-16.456658562654514,16.046731999307568],[-16.45654496291347,16.042988260329608],[-16.458047612376124,16.043846292829073],[-16.456616938392735,16.0448257146276],[-16.457564471796623,16.045717358283387],[-16.456658562654514,16.046731999307568]]]}},{"type":"Feature","properties":{"hauteur":"Haute/Entre 1 et 2m","Hauteur_Vu":"Haute/Entre 1 et 2m","indice":3},"geometry":{"type":"Polygon","coordinates":[[[-16.45505192699902,16.044090426342972],[-16.455380258059602,16.04554124709677],[-16.454163298823026,16.04536153623937],[-16.454466100152793,16.04159408122309],[-16.456083224845983,16.04164874358658],[-16.45654496291347,16.042988260329608],[-16.45505192699902,16.044090426342972]]]}},{"type":"Feature","properties":{"hauteur":"Haute/Entre 1 et 2m","Hauteur_Vu":"Haute/Entre 1 et 2m","indice":3},"geometry":{"type":"Polygon","coordinates":[[[-16.454347066970847,16.045387142357374],[-16.454287716026716,16.045924606882025],[-16.455445172227503,16.048106766702116],[-16.454947526691463,16.050109208392442],[-16.453850900409456,16.04950798243212],[-16.454163298823026,16.04536153623937],[-16.454347066970847,16.045387142357374]]]}},{"type":"Feature","properties":{"hauteur":"Haute/Entre 1 et 2m","Hauteur_Vu":"Haute/Entre 1 et 2m","indice":3},"geometry":{"type":"Polygon","coordinates":[[[-16.452149055442298,16.053098444241567],[-16.450855286052533,16.053183294145075],[-16.45017102684947,16.052085551009966],[-16.451320417553767,16.051451195224317],[-16.44991175935385,16.050368706153407],[-16.45024807149932,16.04922209548255],[-16.45215747928049,16.04915247362311],[-16.453850900409456,16.04950798243212],[-16.454947526691463,16.050109208392442],[-16.452149055442298,16.053098444241567]]]}},{"type":"Feature","properties":{"hauteur":"Haute/Entre 1 et 2m","Hauteur_Vu":"Haute/Entre 1 et 2m","indice":3},"geometry":{"type":"Polygon","coordinates":[[[-16.44991175935385,16.050368706153407],[-16.449994313726418,16.051996397562792],[-16.448928456592228,16.05138300316832],[-16.447584918392927,16.05162481249648],[-16.448276046025317,16.049913475494456],[-16.446797967532003,16.05032327489917],[-16.446771733501087,16.05010862681198],[-16.448338747490148,16.049196967930644],[-16.44907801884744,16.049024883468288],[-16.45024807149932,16.04922209548255],[-16.44991175935385,16.050368706153407]]]}},{"type":"Feature","properties":{"hauteur":"Haute/Entre 1 et 2m","Hauteur_Vu":"Haute/Entre 1 et 2m","indice":3},"geometry":{"type":"Polygon","coordinates":[[[-16.452128008550186,16.054345017924387],[-16.453883181332625,16.05384975706394],[-16.453286193307445,16.054921963800705],[-16.452128008550186,16.054345017924387]]]}},{"type":"Feature","properties":{"hauteur":"Haute/Entre 1 et 2m","Hauteur_Vu":"Haute/Entre 1 et 2m","indice":3},"geometry":{"type":"Polygon","coordinates":[[[-16.445517005513,16.052395139035333],[-16.444526432633598,16.054090586562193],[-16.445550475555663,16.05489524062465],[-16.44736410896555,16.055227608885936],[-16.446347247188484,16.056059465825165],[-16.448406551482044,16.056014221488418],[-16.448060064021313,16.057169756839524],[-16.449481248061662,16.056779724308395],[-16.449051728303782,16.057973118758316],[-16.450447881424534,16.05902585701022],[-16.44940275721541,16.060855960471876],[-16.448765066074913,16.059720510531026],[-16.446950533762195,16.060123640983488],[-16.44688326124678,16.06137122154277],[-16.446502010146265,16.060343613188582],[-16.446501257372663,16.060293762441155],[-16.44645640054932,16.060220678978578],[-16.446288017394053,16.05976682602754],[-16.44595177742959,16.05896707106964],[-16.445929862025174,16.05872223716943],[-16.44584939053631,16.058723541346293],[-16.445312922179966,16.057447538273827],[-16.44614292414763,16.05746168453054],[-16.446304234258907,16.05715327596983],[-16.445889387809704,16.0565354708961],[-16.444814570936742,16.056262197684777],[-16.4433841465395,16.052859898361383],[-16.445063079096382,16.051063002200333],[-16.445517005513,16.052395139035333]]]}},{"type":"Feature","properties":{"hauteur":"Moyen /Entre 0.5 et 1m","Hauteur_Vu":"Moyen /Entre 0.5 et 1m","indice":2},"geometry":{"type":"Polygon","coordinates":[[[-16.439903431344135,16.043671330888603],[-16.439785893018694,16.044346743035913],[-16.439593934573814,16.04378024475354],[-16.439903431344135,16.043671330888603]]]}},{"type":"Feature","properties":{"hauteur":"Moyen /Entre 0.5 et 1m","Hauteur_Vu":"Moyen /Entre 0.5 et 1m","indice":2},"geometry":{"type":"Polygon","coordinates":[[[-16.447610812014126,16.021233553280496],[-16.44826819952405,16.022553876009596],[-16.44689784808869,16.022473609474467],[-16.447610812014126,16.021233553280496]]]}},{"type":"Feature","properties":{"hauteur":"Moyen /Entre 0.5 et 1m","Hauteur_Vu":"Moyen /Entre 0.5 et 1m","indice":2},"geometry":{"type":"Polygon","coordinates":[[[-16.446572166873548,16.024451474809364],[-16.44689784808869,16.022473609474467],[-16.448296397131983,16.02389634580151],[-16.446572166873548,16.024451474809364]]]}},{"type":"Feature","properties":{"hauteur":"Moyen /Entre 0.5 et 1m","Hauteur_Vu":"Moyen /Entre 0.5 et 1m","indice":2},"geometry":{"type":"Polygon","coordinates":[[[-16.449651278849498,16.022687754097845],[-16.450112498842753,16.024182448692283],[-16.448296397131983,16.02389634580151],[-16.449651278849498,16.022687754097845]]]}},{"type":"Feature","properties":{"hauteur":"Moyen /Entre 0.5 et 1m","Hauteur_Vu":"Moyen /Entre 0.5 et 1m","indice":2},"geometry":{"type":"Polygon","coordinates":[[[-16.447171604601575,16.026291352959475],[-16.446572166873548,16.024451474809364],[-16.448475372420727,16.025691784381138],[-16.447171604601575,16.026291352959475]]]}},{"type":"Feature","properties":{"hauteur":"Moyen /Entre 0.5 et 1m","Hauteur_Vu":"Moyen /Entre 0.5 et 1m","indice":2},"geometry":{"type":"Polygon","coordinates":[[[-16.44569670445863,16.02540618918646],[-16.44539351862294,16.023495219070377],[-16.446572166873548,16.024451474809364],[-16.44569670445863,16.02540618918646]]]}},{"type":"Feature","properties":{"hauteur":"Moyen /Entre 0.5 et 1m","Hauteur_Vu":"Moyen /Entre 0.5 et 1m","indice":2},"geometry":{"type":"Polygon","coordinates":[[[-16.447171604601575,16.026291352959475],[-16.448466891967083,16.02700121451331],[-16.447258305054252,16.02761850986072],[-16.445649244591955,16.02781136408264],[-16.445910711976317,16.026767827676455],[-16.44569670445863,16.02540618918646],[-16.447171604601575,16.026291352959475]]]}},{"type":"Feature","properties":{"hauteur":"Moyen /Entre 0.5 et 1m","Hauteur_Vu":"Moyen /Entre 0.5 et 1m","indice":2},"geometry":{"type":"Polygon","coordinates":[[[-16.449291449766218,16.027622686264223],[-16.44872237906338,16.028282941223267],[-16.448466891967083,16.02700121451331],[-16.44987710807337,16.02669676984792],[-16.449291449766218,16.027622686264223]]]}},{"type":"Feature","properties":{"hauteur":"Moyen /Entre 0.5 et 1m","Hauteur_Vu":"Moyen /Entre 0.5 et 1m","indice":2},"geometry":{"type":"Polygon","coordinates":[[[-16.447977053561857,16.030170680420987],[-16.447574240097325,16.02899437618774],[-16.44872237906338,16.028282941223267],[-16.448882903286542,16.028723442780194],[-16.44918263221954,16.029562351546282],[-16.447977053561857,16.030170680420987]],[[-16.449016551510116,16.02910025615157],[-16.44888114843885,16.028720750666572],[-16.448714417625926,16.029770642747003],[-16.44890969234986,16.02968279688845],[-16.449016551510116,16.02910025615157]]]}},{"type":"Feature","properties":{"hauteur":"Moyen /Entre 0.5 et 1m","Hauteur_Vu":"Moyen /Entre 0.5 et 1m","indice":2},"geometry":{"type":"Polygon","coordinates":[[[-16.447977053561857,16.030170680420987],[-16.448414736827974,16.030540686261723],[-16.448413456693476,16.031217991853314],[-16.447443767113796,16.031943606740327],[-16.447977053561857,16.030170680420987]]]}},{"type":"Feature","properties":{"hauteur":"Moyen /Entre 0.5 et 1m","Hauteur_Vu":"Moyen /Entre 0.5 et 1m","indice":2},"geometry":{"type":"Polygon","coordinates":[[[-16.4471231063622,16.0332812506501],[-16.447443767113796,16.031943606740327],[-16.44828505063246,16.0330896305652],[-16.44794351722656,16.034500236849073],[-16.4471231063622,16.0332812506501]]]}},{"type":"Feature","properties":{"hauteur":"Moyen /Entre 0.5 et 1m","Hauteur_Vu":"Moyen /Entre 0.5 et 1m","indice":2},"geometry":{"type":"Polygon","coordinates":[[[-16.447574240097325,16.02899437618774],[-16.446276772128723,16.028839491135273],[-16.447258305054252,16.02761850986072],[-16.447574240097325,16.02899437618774]]]}},{"type":"Feature","properties":{"hauteur":"Moyen /Entre 0.5 et 1m","Hauteur_Vu":"Moyen /Entre 0.5 et 1m","indice":2},"geometry":{"type":"Polygon","coordinates":[[[-16.446276772128723,16.028839491135273],[-16.447977053561857,16.030170680420987],[-16.446470495216936,16.0309166043546],[-16.444924720246885,16.03133280514507],[-16.44521686824379,16.02991656745176],[-16.444639424362244,16.028559893857263],[-16.445649244591955,16.02781136408264],[-16.446276772128723,16.028839491135273]]]}},{"type":"Feature","properties":{"hauteur":"Moyen /Entre 0.5 et 1m","Hauteur_Vu":"Moyen /Entre 0.5 et 1m","indice":2},"geometry":{"type":"Polygon","coordinates":[[[-16.444644831504007,16.032711384143006],[-16.444924720246885,16.03133280514507],[-16.44603653589555,16.03232009293678],[-16.444644831504007,16.032711384143006]]]}},{"type":"Feature","properties":{"hauteur":"Moyen /Entre 0.5 et 1m","Hauteur_Vu":"Moyen /Entre 0.5 et 1m","indice":2},"geometry":{"type":"Polygon","coordinates":[[[-16.446192880361288,16.03520305364081],[-16.445537032229904,16.036669483319116],[-16.44453876375353,16.034289258818582],[-16.444644831504007,16.032711384143006],[-16.44579578461461,16.033589784011685],[-16.446192880361288,16.03520305364081]]]}},{"type":"Feature","properties":{"hauteur":"Moyen /Entre 0.5 et 1m","Hauteur_Vu":"Moyen /Entre 0.5 et 1m","indice":2},"geometry":{"type":"Polygon","coordinates":[[[-16.44422436909597,16.037758424559133],[-16.445537032229904,16.036669483319116],[-16.44560478205154,16.038363761586997],[-16.445032425041212,16.039429813152445],[-16.44422436909597,16.037758424559133]]]}},{"type":"Feature","properties":{"hauteur":"Moyen /Entre 0.5 et 1m","Hauteur_Vu":"Moyen /Entre 0.5 et 1m","indice":2},"geometry":{"type":"Polygon","coordinates":[[[-16.44836080329386,16.038906094020316],[-16.44712199589898,16.038258048343703],[-16.449137842635643,16.037134502107016],[-16.44836080329386,16.038906094020316]]]}},{"type":"Feature","properties":{"hauteur":"Moyen /Entre 0.5 et 1m","Hauteur_Vu":"Moyen /Entre 0.5 et 1m","indice":2},"geometry":{"type":"Polygon","coordinates":[[[-16.448710172360897,16.039860750315828],[-16.447932326257323,16.039386377883645],[-16.44836080329386,16.038906094020316],[-16.448710172360897,16.039860750315828]]]}},{"type":"Feature","properties":{"hauteur":"Moyen /Entre 0.5 et 1m","Hauteur_Vu":"Moyen /Entre 0.5 et 1m","indice":2},"geometry":{"type":"Polygon","coordinates":[[[-16.448612260745648,16.04082812565807],[-16.448128856923688,16.0405389906179],[-16.448710172360897,16.039860750315828],[-16.448612260745648,16.04082812565807]]]}},{"type":"Feature","properties":{"hauteur":"Moyen /Entre 0.5 et 1m","Hauteur_Vu":"Moyen /Entre 0.5 et 1m","indice":2},"geometry":{"type":"Polygon","coordinates":[[[-16.44830644037286,16.043766137224267],[-16.44943905049613,16.045083235910802],[-16.44838911049253,16.044959051995267],[-16.44830644037286,16.043766137224267]]]}},{"type":"Feature","properties":{"hauteur":"Moyen /Entre 0.5 et 1m","Hauteur_Vu":"Moyen /Entre 0.5 et 1m","indice":2},"geometry":{"type":"Polygon","coordinates":[[[-16.448081689432733,16.045861455858176],[-16.447487849948814,16.045662577048024],[-16.44838911049253,16.044959051995267],[-16.448616177003178,16.04574595558529],[-16.448081689432733,16.045861455858176]]]}},{"type":"Feature","properties":{"hauteur":"Moyen /Entre 0.5 et 1m","Hauteur_Vu":"Moyen /Entre 0.5 et 1m","indice":2},"geometry":{"type":"Polygon","coordinates":[[[-16.444009059644124,16.046309635668575],[-16.44414178102672,16.046744359744604],[-16.44249075080769,16.046272121761884],[-16.442650841253307,16.045017614777297],[-16.443794995847007,16.044514617811146],[-16.444938427439734,16.045115864048448],[-16.444009059644124,16.046309635668575]]]}},{"type":"Feature","properties":{"hauteur":"Moyen /Entre 0.5 et 1m","Hauteur_Vu":"Moyen /Entre 0.5 et 1m","indice":2},"geometry":{"type":"Polygon","coordinates":[[[-16.445039344258877,16.043706883259414],[-16.443794995847007,16.044514617811146],[-16.443687671352674,16.043321865207286],[-16.445039344258877,16.043706883259414]]]}},{"type":"Feature","properties":{"hauteur":"Moyen /Entre 0.5 et 1m","Hauteur_Vu":"Moyen /Entre 0.5 et 1m","indice":2},"geometry":{"type":"Polygon","coordinates":[[[-16.443557261491506,16.041413462013136],[-16.445288437640983,16.042308838068415],[-16.443601155466087,16.04330454578031],[-16.443557261491506,16.041413462013136]]]}},{"type":"Feature","properties":{"hauteur":"Moyen /Entre 0.5 et 1m","Hauteur_Vu":"Moyen /Entre 0.5 et 1m","indice":2},"geometry":{"type":"Polygon","coordinates":[[[-16.443007994251555,16.050830699224754],[-16.445063079096382,16.051063002200333],[-16.443789118766347,16.052183014339565],[-16.443007994251555,16.050830699224754]]]}},{"type":"Feature","properties":{"hauteur":"Moyen /Entre 0.5 et 1m","Hauteur_Vu":"Moyen /Entre 0.5 et 1m","indice":2},"geometry":{"type":"Polygon","coordinates":[[[-16.445063079096382,16.051063002200333],[-16.448053944392758,16.049920944010417],[-16.448276046025317,16.049913475494456],[-16.447584918392927,16.05162481249648],[-16.448928456592228,16.05138300316832],[-16.45017102684947,16.052085551009966],[-16.44900128305124,16.05281318558311],[-16.448304479777395,16.05416652143442],[-16.446745701075894,16.054087544332216],[-16.447574084956088,16.0530078224686],[-16.445517005513,16.052395139035333],[-16.445063079096382,16.051063002200333]]]}},{"type":"Feature","properties":{"hauteur":"Moyen /Entre 0.5 et 1m","Hauteur_Vu":"Moyen /Entre 0.5 et 1m","indice":2},"geometry":{"type":"Polygon","coordinates":[[[-16.44562497104128,16.05356699847798],[-16.44451642331802,16.053986225072194],[-16.445517005513,16.052395139035333],[-16.44562497104128,16.05356699847798]]]}},{"type":"Feature","properties":{"hauteur":"Moyen /Entre 0.5 et 1m","Hauteur_Vu":"Moyen /Entre 0.5 et 1m","indice":2},"geometry":{"type":"Polygon","coordinates":[[[-16.448304479777395,16.05416652143442],[-16.449801670706666,16.05447564723962],[-16.450552843741633,16.055944498890046],[-16.448406551482044,16.056014221488418],[-16.448304479777395,16.05416652143442]]]}},{"type":"Feature","properties":{"hauteur":"Moyen /Entre 0.5 et 1m","Hauteur_Vu":"Moyen /Entre 0.5 et 1m","indice":2},"geometry":{"type":"Polygon","coordinates":[[[-16.449481248061662,16.056779724308395],[-16.450552843741633,16.055944498890046],[-16.45182531134138,16.056962262339614],[-16.450515362068796,16.05758577556586],[-16.449481248061662,16.056779724308395]]]}},{"type":"Feature","properties":{"hauteur":"Moyen /Entre 0.5 et 1m","Hauteur_Vu":"Moyen /Entre 0.5 et 1m","indice":2},"geometry":{"type":"Polygon","coordinates":[[[-16.449051728303782,16.057973118758316],[-16.450515362068796,16.05758577556586],[-16.450447881424534,16.05902585701022],[-16.449051728303782,16.057973118758316]]]}},{"type":"Feature","properties":{"hauteur":"Moyen /Entre 0.5 et 1m","Hauteur_Vu":"Moyen /Entre 0.5 et 1m","indice":2},"geometry":{"type":"Polygon","coordinates":[[[-16.450750886266142,16.06113326403996],[-16.44940275721541,16.060855960471876],[-16.450447881424534,16.05902585701022],[-16.450750886266142,16.06113326403996]]]}},{"type":"Feature","properties":{"hauteur":"Moyen /Entre 0.5 et 1m","Hauteur_Vu":"Moyen /Entre 0.5 et 1m","indice":2},"geometry":{"type":"Polygon","coordinates":[[[-16.44896732543603,16.056383015664153],[-16.449481248061662,16.056779724308395],[-16.448060064021313,16.057169756839524],[-16.448406551482044,16.056014221488418],[-16.44896732543603,16.056383015664153]]]}},{"type":"Feature","properties":{"hauteur":"Moyen /Entre 0.5 et 1m","Hauteur_Vu":"Moyen /Entre 0.5 et 1m","indice":2},"geometry":{"type":"Polygon","coordinates":[[[-16.44832338491208,16.056034177790444],[-16.446347247188484,16.056059465825165],[-16.44736410896555,16.055227608885936],[-16.44832338491208,16.056034177790444]]]}},{"type":"Feature","properties":{"hauteur":"Moyen /Entre 0.5 et 1m","Hauteur_Vu":"Moyen /Entre 0.5 et 1m","indice":2},"geometry":{"type":"Polygon","coordinates":[[[-16.452149055442298,16.053098444241567],[-16.45401138411444,16.051107635432714],[-16.45421434960259,16.05271445871447],[-16.453883181332625,16.05384975706394],[-16.452128008550186,16.054345017924387],[-16.452149055442298,16.053098444241567]]]}},{"type":"Feature","properties":{"hauteur":"Moyen /Entre 0.5 et 1m","Hauteur_Vu":"Moyen /Entre 0.5 et 1m","indice":2},"geometry":{"type":"Polygon","coordinates":[[[-16.455445172227503,16.048106766702116],[-16.454287716026716,16.045924606882025],[-16.454347066970847,16.045387142357374],[-16.455380258059602,16.04554124709677],[-16.45505192699902,16.044090426342972],[-16.45654496291347,16.042988260329608],[-16.456658562654514,16.046731999307568],[-16.458586978924455,16.047900416418603],[-16.456638275807897,16.04786742495389],[-16.45739811989077,16.04882896829678],[-16.45642186348863,16.049930614179107],[-16.454947526691463,16.050109208392442],[-16.455445172227503,16.048106766702116]]]}},{"type":"Feature","properties":{"hauteur":"Moyen /Entre 0.5 et 1m","Hauteur_Vu":"Moyen /Entre 0.5 et 1m","indice":2},"geometry":{"type":"Polygon","coordinates":[[[-16.458685528716465,16.046391499807825],[-16.456658562654514,16.046731999307568],[-16.457564471796623,16.045717358283387],[-16.458685528716465,16.046391499807825]]]}},{"type":"Feature","properties":{"hauteur":"Moyen /Entre 0.5 et 1m","Hauteur_Vu":"Moyen /Entre 0.5 et 1m","indice":2},"geometry":{"type":"Polygon","coordinates":[[[-16.456616938392735,16.0448257146276],[-16.458047612376124,16.043846292829073],[-16.457564471796623,16.045717358283387],[-16.456616938392735,16.0448257146276]]]}},{"type":"Feature","properties":{"hauteur":"Moyen /Entre 0.5 et 1m","Hauteur_Vu":"Moyen /Entre 0.5 et 1m","indice":2},"geometry":{"type":"Polygon","coordinates":[[[-16.456083224845983,16.04164874358658],[-16.45592848257924,16.040202711828083],[-16.45726936652339,16.041279378898647],[-16.45654496291347,16.042988260329608],[-16.456083224845983,16.04164874358658]]]}},{"type":"Feature","properties":{"hauteur":"Moyen /Entre 0.5 et 1m","Hauteur_Vu":"Moyen /Entre 0.5 et 1m","indice":2},"geometry":{"type":"Polygon","coordinates":[[[-16.456598772204693,16.03985773984151],[-16.4571142197291,16.039460391963853],[-16.45740250207624,16.038372374788583],[-16.45714414240608,16.037634179387148],[-16.45889502656553,16.03741938320713],[-16.458163658550873,16.038485334233087],[-16.45758451703022,16.038608619300486],[-16.45726936652339,16.041279378898647],[-16.456598772204693,16.03985773984151]]]}},{"type":"Feature","properties":{"hauteur":"Moyen /Entre 0.5 et 1m","Hauteur_Vu":"Moyen /Entre 0.5 et 1m","indice":2},"geometry":{"type":"Polygon","coordinates":[[[-16.4565950586502,16.038497208990478],[-16.457021027022293,16.038524151336237],[-16.456860365381196,16.039156570183696],[-16.4565950586502,16.038497208990478]]]}},{"type":"Feature","properties":{"hauteur":"Moyen /Entre 0.5 et 1m","Hauteur_Vu":"Moyen /Entre 0.5 et 1m","indice":2},"geometry":{"type":"Polygon","coordinates":[[[-16.460009253450057,16.0385652678422],[-16.460664435985695,16.038715956045248],[-16.460163315963495,16.039384728344107],[-16.460009253450057,16.0385652678422]]]}},{"type":"Feature","properties":{"hauteur":"Moyen /Entre 0.5 et 1m","Hauteur_Vu":"Moyen /Entre 0.5 et 1m","indice":2},"geometry":{"type":"Polygon","coordinates":[[[-16.45983131504871,16.03785636551633],[-16.45969531029703,16.036974124414755],[-16.46048113398674,16.037456323865865],[-16.460395461933743,16.038216531574736],[-16.45983131504871,16.03785636551633]]]}},{"type":"Feature","properties":{"hauteur":"Moyen /Entre 0.5 et 1m","Hauteur_Vu":"Moyen /Entre 0.5 et 1m","indice":2},"geometry":{"type":"Polygon","coordinates":[[[-16.46048113398674,16.037456323865865],[-16.460652204709532,16.036375069400723],[-16.461275620252405,16.037248021030294],[-16.46048113398674,16.037456323865865]]]}},{"type":"Feature","properties":{"hauteur":"Moyen /Entre 0.5 et 1m","Hauteur_Vu":"Moyen /Entre 0.5 et 1m","indice":2},"geometry":{"type":"Polygon","coordinates":[[[-16.459610121129536,16.035549254586947],[-16.460652204709532,16.036375069400723],[-16.45969531029703,16.036974124414755],[-16.459610121129536,16.035549254586947]]]}},{"type":"Feature","properties":{"hauteur":"Moyen /Entre 0.5 et 1m","Hauteur_Vu":"Moyen /Entre 0.5 et 1m","indice":2},"geometry":{"type":"Polygon","coordinates":[[[-16.46074610237696,16.03486469179192],[-16.461778226011834,16.035937747404656],[-16.460652204709532,16.036375069400723],[-16.46074610237696,16.03486469179192]]]}},{"type":"Feature","properties":{"hauteur":"Moyen /Entre 0.5 et 1m","Hauteur_Vu":"Moyen /Entre 0.5 et 1m","indice":2},"geometry":{"type":"Polygon","coordinates":[[[-16.459610121129536,16.035549254586947],[-16.459154719227385,16.03409977098547],[-16.459225784551936,16.034034672243614],[-16.46074610237696,16.03486469179192],[-16.459610121129536,16.035549254586947]]]}},{"type":"Feature","properties":{"hauteur":"Moyen /Entre 0.5 et 1m","Hauteur_Vu":"Moyen /Entre 0.5 et 1m","indice":2},"geometry":{"type":"Polygon","coordinates":[[[-16.460864680207827,16.033354145934492],[-16.46212230828907,16.034043754415183],[-16.461686357705993,16.034339126054764],[-16.46074610237696,16.03486469179192],[-16.460864680207827,16.033354145934492]]]}},{"type":"Feature","properties":{"hauteur":"Moyen /Entre 0.5 et 1m","Hauteur_Vu":"Moyen /Entre 0.5 et 1m","indice":2},"geometry":{"type":"Polygon","coordinates":[[[-16.459225784551936,16.034034672243614],[-16.459154719227385,16.03409977098547],[-16.46020570502657,16.031752951363767],[-16.460864680207827,16.033354145934492],[-16.459225784551936,16.034034672243614]]]}},{"type":"Feature","properties":{"hauteur":"Moyen /Entre 0.5 et 1m","Hauteur_Vu":"Moyen /Entre 0.5 et 1m","indice":2},"geometry":{"type":"Polygon","coordinates":[[[-16.458983268037056,16.031445000922442],[-16.46020570502657,16.031752951363767],[-16.45827852092221,16.033252399909564],[-16.458983268037056,16.031445000922442]]]}},{"type":"Feature","properties":{"hauteur":"Moyen /Entre 0.5 et 1m","Hauteur_Vu":"Moyen /Entre 0.5 et 1m","indice":2},"geometry":{"type":"Polygon","coordinates":[[[-16.448319280532328,16.063678392574797],[-16.449740744555584,16.063107840739754],[-16.449240942885517,16.064823855255277],[-16.448319280532328,16.063678392574797]]]}},{"type":"Feature","properties":{"hauteur":"Moyen /Entre 0.5 et 1m","Hauteur_Vu":"Moyen /Entre 0.5 et 1m","indice":2},"geometry":{"type":"Polygon","coordinates":[[[-16.448015775816575,16.064043106978286],[-16.44777059610438,16.063562733060092],[-16.448319280532328,16.063678392574797],[-16.448015775816575,16.064043106978286]]]}},{"type":"Feature","properties":{"hauteur":"Moyen /Entre 0.5 et 1m","Hauteur_Vu":"Moyen /Entre 0.5 et 1m","indice":2},"geometry":{"type":"Polygon","coordinates":[[[-16.467922794412004,16.037450259822666],[-16.467343430761417,16.037120055209275],[-16.46741507202649,16.036791361886195],[-16.467898462384525,16.03636539856678],[-16.46767833778207,16.035876558883366],[-16.468365714431513,16.035789802217263],[-16.46852335169098,16.035618653902112],[-16.46857964415713,16.036696396287297],[-16.469025517004305,16.037624710736278],[-16.468394700320957,16.038273503002912],[-16.467922794412004,16.037450259822666]]]}},{"type":"Feature","properties":{"hauteur":"Moyen /Entre 0.5 et 1m","Hauteur_Vu":"Moyen /Entre 0.5 et 1m","indice":2},"geometry":{"type":"Polygon","coordinates":[[[-16.470275543197165,16.035587253136228],[-16.470660807734102,16.036375281205636],[-16.470071748377983,16.036826869739073],[-16.469159541641957,16.03654669046621],[-16.470275543197165,16.035587253136228]]]}},{"type":"Feature","properties":{"hauteur":"Moyen /Entre 0.5 et 1m","Hauteur_Vu":"Moyen /Entre 0.5 et 1m","indice":2},"geometry":{"type":"Polygon","coordinates":[[[-16.470387501781033,16.036970904023264],[-16.47083202029013,16.036582963049575],[-16.471147715767053,16.037271048293523],[-16.470387501781033,16.036970904023264]]]}},{"type":"Feature","properties":{"hauteur":"Moyen /Entre 0.5 et 1m","Hauteur_Vu":"Moyen /Entre 0.5 et 1m","indice":2},"geometry":{"type":"Polygon","coordinates":[[[-16.46971239916311,16.03262833724477],[-16.47144698247961,16.03230315901169],[-16.47158184874264,16.0321828872582],[-16.471570293384126,16.031028289898533],[-16.471717695847396,16.030934785053294],[-16.472147566640505,16.031495746777427],[-16.472812643675415,16.03173584084682],[-16.473107347254217,16.032375303541706],[-16.472527116084557,16.033396715908896],[-16.471997330528637,16.033725571810656],[-16.470532924744727,16.033635199562276],[-16.469773172340044,16.034185392415964],[-16.46971239916311,16.03262833724477]]]}},{"type":"Feature","properties":{"hauteur":"Moyen /Entre 0.5 et 1m","Hauteur_Vu":"Moyen /Entre 0.5 et 1m","indice":2},"geometry":{"type":"Polygon","coordinates":[[[-16.472539706260566,16.031303126277244],[-16.47376669609678,16.029919232318644],[-16.47435769989962,16.030601878348104],[-16.47342918940096,16.031668949322317],[-16.472812643675415,16.03173584084682],[-16.472539706260566,16.031303126277244]]]}},{"type":"Feature","properties":{"hauteur":"Moyen /Entre 0.5 et 1m","Hauteur_Vu":"Moyen /Entre 0.5 et 1m","indice":2},"geometry":{"type":"Polygon","coordinates":[[[-16.47390685769263,16.029496547790604],[-16.47428632755857,16.02907622789723],[-16.4746105347772,16.02898141279672],[-16.474609233025944,16.029643793755962],[-16.47412101448648,16.029539737796316],[-16.473823917936755,16.0298341778458],[-16.473152151266603,16.029653898852068],[-16.47390685769263,16.029496547790604]]]}},{"type":"Feature","properties":{"hauteur":"Moyen /Entre 0.5 et 1m","Hauteur_Vu":"Moyen /Entre 0.5 et 1m","indice":2},"geometry":{"type":"Polygon","coordinates":[[[-16.47381784778771,16.029139120346983],[-16.47372391744971,16.028951795188366],[-16.47428632755857,16.02907622789723],[-16.473964530041048,16.029367854190944],[-16.47381784778771,16.029139120346983]]]}},{"type":"Feature","properties":{"hauteur":"Moyen /Entre 0.5 et 1m","Hauteur_Vu":"Moyen /Entre 0.5 et 1m","indice":2},"geometry":{"type":"Polygon","coordinates":[[[-16.4740689641347,16.028045375844663],[-16.47332380297885,16.028241449083634],[-16.473500137464008,16.027046774177336],[-16.474185370263143,16.025412988821476],[-16.472010666977962,16.024584196513146],[-16.47414881805966,16.024190592288726],[-16.475647062075595,16.024460757458275],[-16.476194508911522,16.024230233791574],[-16.47523130236864,16.027077300741244],[-16.475498043046592,16.027690099718033],[-16.474539050953798,16.02733567083916],[-16.475192244672648,16.028059192631762],[-16.474579811101684,16.02871020437267],[-16.4740689641347,16.028045375844663]]]}},{"type":"Feature","properties":{"hauteur":"Moyen /Entre 0.5 et 1m","Hauteur_Vu":"Moyen /Entre 0.5 et 1m","indice":2},"geometry":{"type":"Polygon","coordinates":[[[-16.475192244672648,16.028059192631762],[-16.475993963685497,16.028002955809896],[-16.47556317395702,16.028575797845306],[-16.475192244672648,16.028059192631762]]]}},{"type":"Feature","properties":{"hauteur":"Moyen /Entre 0.5 et 1m","Hauteur_Vu":"Moyen /Entre 0.5 et 1m","indice":2},"geometry":{"type":"Polygon","coordinates":[[[-16.47537249768966,16.028657668086947],[-16.47483593054299,16.02869119436607],[-16.475078042743498,16.028471722658143],[-16.47556317395702,16.028575797845306],[-16.47537249768966,16.028657668086947]]]}},{"type":"Feature","properties":{"hauteur":"Moyen /Entre 0.5 et 1m","Hauteur_Vu":"Moyen /Entre 0.5 et 1m","indice":2},"geometry":{"type":"Polygon","coordinates":[[[-16.475575386560294,16.027719404308385],[-16.47589109695068,16.027439752442085],[-16.476017875254183,16.027898363311863],[-16.475993963685497,16.028002955809896],[-16.475575386560294,16.027719404308385]]]}},{"type":"Feature","properties":{"hauteur":"Moyen /Entre 0.5 et 1m","Hauteur_Vu":"Moyen /Entre 0.5 et 1m","indice":2},"geometry":{"type":"Polygon","coordinates":[[[-16.475961985186043,16.027430313770587],[-16.476234922250203,16.027207645211615],[-16.476283523394038,16.027523578338347],[-16.476185682649582,16.027643597867268],[-16.475961985186043,16.027430313770587]]]}},{"type":"Feature","properties":{"hauteur":"Moyen /Entre 0.5 et 1m","Hauteur_Vu":"Moyen /Entre 0.5 et 1m","indice":2},"geometry":{"type":"Polygon","coordinates":[[[-16.47647891913963,16.027244753607132],[-16.47637376720702,16.02720967340088],[-16.476699586802916,16.027046313489986],[-16.476744774282057,16.02731751512436],[-16.47647891913963,16.027244753607132]]]}},{"type":"Feature","properties":{"hauteur":"Moyen /Entre 0.5 et 1m","Hauteur_Vu":"Moyen /Entre 0.5 et 1m","indice":2},"geometry":{"type":"Polygon","coordinates":[[[-16.476454823074,16.026066375212388],[-16.475776097178084,16.025226669975552],[-16.47640211755486,16.025192526528738],[-16.476414467296337,16.02561313713511],[-16.476793979643173,16.02561947617595],[-16.47680978851653,16.026090785020607],[-16.476454823074,16.026066375212388]]]}},{"type":"Feature","properties":{"hauteur":"Moyen /Entre 0.5 et 1m","Hauteur_Vu":"Moyen /Entre 0.5 et 1m","indice":2},"geometry":{"type":"Polygon","coordinates":[[[-16.477758380077432,16.027337388329247],[-16.477774538705837,16.027018025976126],[-16.47752086972919,16.026924296220564],[-16.477835169730366,16.026453697587048],[-16.47793565934091,16.027112393008075],[-16.47848026708421,16.02701941055587],[-16.478510398747044,16.027759149024536],[-16.478248462790894,16.02779974163848],[-16.477758380077432,16.027337388329247]]]}},{"type":"Feature","properties":{"hauteur":"Moyen /Entre 0.5 et 1m","Hauteur_Vu":"Moyen /Entre 0.5 et 1m","indice":2},"geometry":{"type":"Polygon","coordinates":[[[-16.47879674120143,16.026739469808494],[-16.479134320309445,16.027020869382792],[-16.47866580377967,16.02707780490128],[-16.47848026708421,16.02701941055587],[-16.47879674120143,16.026739469808494]]]}},{"type":"Feature","properties":{"hauteur":"Moyen /Entre 0.5 et 1m","Hauteur_Vu":"Moyen /Entre 0.5 et 1m","indice":2},"geometry":{"type":"Polygon","coordinates":[[[-16.47957972310407,16.026653512676706],[-16.479859419648555,16.02661605942755],[-16.479596886585405,16.02699381042406],[-16.479134320309445,16.027020869382792],[-16.47957972310407,16.026653512676706]]]}},{"type":"Feature","properties":{"hauteur":"Moyen /Entre 0.5 et 1m","Hauteur_Vu":"Moyen /Entre 0.5 et 1m","indice":2},"geometry":{"type":"Polygon","coordinates":[[[-16.480662772575926,16.024900884064966],[-16.480475353918273,16.02479625770416],[-16.480462158890067,16.024732666424413],[-16.480738277431964,16.024681064583188],[-16.480662772575926,16.024900884064966]]]}},{"type":"Feature","properties":{"hauteur":"Moyen /Entre 0.5 et 1m","Hauteur_Vu":"Moyen /Entre 0.5 et 1m","indice":2},"geometry":{"type":"Polygon","coordinates":[[[-16.479861792399426,16.025264448450347],[-16.47959891279862,16.025124258233134],[-16.47974086982805,16.025025564602622],[-16.479890793485396,16.02501362158702],[-16.479861792399426,16.025264448450347]]]}},{"type":"Feature","properties":{"hauteur":"Moyen /Entre 0.5 et 1m","Hauteur_Vu":"Moyen /Entre 0.5 et 1m","indice":2},"geometry":{"type":"Polygon","coordinates":[[[-16.479133381873837,16.025637952550184],[-16.478942160330604,16.025645238078436],[-16.47896806214422,16.025549302894547],[-16.479133428965383,16.025435063787413],[-16.479133381873837,16.025637952550184]]]}},{"type":"Feature","properties":{"hauteur":"Moyen /Entre 0.5 et 1m","Hauteur_Vu":"Moyen /Entre 0.5 et 1m","indice":2},"geometry":{"type":"Polygon","coordinates":[[[-16.47890302372006,16.02577678861665],[-16.479212393410858,16.026102857738504],[-16.478774893809867,16.02602503534141],[-16.47890302372006,16.02577678861665]]]}},{"type":"Feature","properties":{"hauteur":"Moyen /Entre 0.5 et 1m","Hauteur_Vu":"Moyen /Entre 0.5 et 1m","indice":2},"geometry":{"type":"Polygon","coordinates":[[[-16.479355103214004,16.026210777090807],[-16.47925439714031,16.026517202682946],[-16.478898023739387,16.02630185288396],[-16.479094173462556,16.026021342608185],[-16.479355103214004,16.026210777090807]]]}},{"type":"Feature","properties":{"hauteur":"Moyen /Entre 0.5 et 1m","Hauteur_Vu":"Moyen /Entre 0.5 et 1m","indice":2},"geometry":{"type":"Polygon","coordinates":[[[-16.479986793245033,16.025690248548177],[-16.480012315520582,16.02622265444129],[-16.480300681764646,16.026001366543714],[-16.48062655440522,16.02689122968295],[-16.480391966521402,16.026874946670052],[-16.480060729037312,16.027139793490804],[-16.479859419648555,16.02661605942755],[-16.479355103214004,16.026210777090807],[-16.479986793245033,16.025690248548177]]]}},{"type":"Feature","properties":{"hauteur":"Moyen /Entre 0.5 et 1m","Hauteur_Vu":"Moyen /Entre 0.5 et 1m","indice":2},"geometry":{"type":"Polygon","coordinates":[[[-16.480452865252218,16.02634791190473],[-16.48074564800712,16.026307103872657],[-16.480974507998315,16.025965387940218],[-16.48138440720678,16.025908852365173],[-16.48177801063994,16.026152285431465],[-16.481501356863006,16.02670617135847],[-16.480896576286057,16.026692444961036],[-16.48062655440522,16.02689122968295],[-16.480452865252218,16.02634791190473]]]}},{"type":"Feature","properties":{"hauteur":"Moyen /Entre 0.5 et 1m","Hauteur_Vu":"Moyen /Entre 0.5 et 1m","indice":2},"geometry":{"type":"Polygon","coordinates":[[[-16.48177801063994,16.026152285431465],[-16.483010814378886,16.02598563394232],[-16.482862386764214,16.02635663235634],[-16.482394755183165,16.02653291569233],[-16.481634935364184,16.026412851143867],[-16.48177801063994,16.026152285431465]]]}},{"type":"Feature","properties":{"hauteur":"Moyen /Entre 0.5 et 1m","Hauteur_Vu":"Moyen /Entre 0.5 et 1m","indice":2},"geometry":{"type":"Polygon","coordinates":[[[-16.48382826003078,16.026441235242526],[-16.48428500666617,16.02646194492413],[-16.484181601644977,16.027236637076363],[-16.483905403825325,16.027642831953514],[-16.483633553024482,16.02759399020263],[-16.48339629548808,16.027216707601873],[-16.483291694040695,16.027256218282844],[-16.483151707672963,16.02793447429878],[-16.482771157300785,16.028205633371815],[-16.482459465898565,16.02819286933658],[-16.48269952827733,16.027488560927434],[-16.4822938568213,16.02728250887283],[-16.482680179342974,16.026957605135802],[-16.483204531356467,16.02694204601212],[-16.48281631199666,16.02659265908393],[-16.483010814378886,16.02598563394232],[-16.48382826003078,16.026441235242526]]]}},{"type":"Feature","properties":{"hauteur":"Moyen /Entre 0.5 et 1m","Hauteur_Vu":"Moyen /Entre 0.5 et 1m","indice":2},"geometry":{"type":"Polygon","coordinates":[[[-16.484995895165152,16.026379450676462],[-16.485072791369184,16.025931371429163],[-16.48541345804399,16.026108031854427],[-16.485861427141728,16.02577672880757],[-16.48584680567933,16.026301951703534],[-16.48546604141665,16.02654328010041],[-16.486271305940736,16.026967347808117],[-16.48603315547078,16.027303165822094],[-16.48609054059303,16.02755339449174],[-16.48554851754331,16.027682461683295],[-16.484710120616235,16.027367244078906],[-16.484353922145058,16.027593482486598],[-16.484181601644977,16.027236637076363],[-16.48428500666617,16.02646194492413],[-16.484995895165152,16.026379450676462]]]}},{"type":"Feature","properties":{"hauteur":"Moyen /Entre 0.5 et 1m","Hauteur_Vu":"Moyen /Entre 0.5 et 1m","indice":2},"geometry":{"type":"Polygon","coordinates":[[[-16.485861427141728,16.02577672880757],[-16.48613346564343,16.02595535516188],[-16.486629452946126,16.025859425949058],[-16.4869827035216,16.026068816674883],[-16.486984606554024,16.025492960114633],[-16.487261352971526,16.02578642266248],[-16.487044490421294,16.02608032300437],[-16.487338332088367,16.026182713667513],[-16.487671116255857,16.025711974309175],[-16.48777586043153,16.026108072570914],[-16.48763189813777,16.02666402853678],[-16.488070875031926,16.02636858714363],[-16.488056227868917,16.027305552606784],[-16.48760455532676,16.027553343851977],[-16.486861473036317,16.026362054031456],[-16.48665753622937,16.026318712637856],[-16.486595847184326,16.02673685035448],[-16.486271305940736,16.026967347808117],[-16.486224307104013,16.026557422215937],[-16.48584680567933,16.026301951703534],[-16.485861427141728,16.02577672880757]]]}},{"type":"Feature","properties":{"hauteur":"Moyen /Entre 0.5 et 1m","Hauteur_Vu":"Moyen /Entre 0.5 et 1m","indice":2},"geometry":{"type":"Polygon","coordinates":[[[-16.487354099912146,16.02498019580992],[-16.48771277791565,16.024673377410192],[-16.487769444671894,16.024410423832492],[-16.488080677481985,16.024778237329336],[-16.487799454382607,16.02512927388386],[-16.487354099912146,16.02498019580992]]]}},{"type":"Feature","properties":{"hauteur":"Moyen /Entre 0.5 et 1m","Hauteur_Vu":"Moyen /Entre 0.5 et 1m","indice":2},"geometry":{"type":"Polygon","coordinates":[[[-16.486216573215746,16.025513199963402],[-16.48555939771189,16.02550581669994],[-16.48633735365777,16.02474258277676],[-16.486917381792367,16.024747514853857],[-16.48686803312115,16.025165567104217],[-16.486216573215746,16.025513199963402]]]}},{"type":"Feature","properties":{"hauteur":"Moyen /Entre 0.5 et 1m","Hauteur_Vu":"Moyen /Entre 0.5 et 1m","indice":2},"geometry":{"type":"Polygon","coordinates":[[[-16.483452967914616,16.025284403417313],[-16.4847690346691,16.02511418297323],[-16.485016616449187,16.024802170236867],[-16.485204868783814,16.025123380772044],[-16.48554149251019,16.02475406182335],[-16.485864818766103,16.02508897496453],[-16.485615471139937,16.02516230913616],[-16.485378454486828,16.026067994978614],[-16.485257031703934,16.025501942789287],[-16.485072791369184,16.025931371429163],[-16.484878359553967,16.025608991504285],[-16.48456363156742,16.025602218534985],[-16.484226408809796,16.02589098183067],[-16.483731409047753,16.025703452174522],[-16.48348054071709,16.02598863353227],[-16.483010814378886,16.02598563394232],[-16.483452967914616,16.025284403417313]]]}},{"type":"Feature","properties":{"hauteur":"Moyen /Entre 0.5 et 1m","Hauteur_Vu":"Moyen /Entre 0.5 et 1m","indice":2},"geometry":{"type":"Polygon","coordinates":[[[-16.484293419908777,16.02421044486831],[-16.484154956527288,16.024676851753714],[-16.48389679155935,16.024392207135115],[-16.48346543455079,16.02446679747839],[-16.483555665907968,16.02415289049322],[-16.483293798093065,16.023367017550417],[-16.48356387875867,16.02317718051907],[-16.4831492255979,16.023006995292477],[-16.483181295481643,16.022545799770135],[-16.48412961859831,16.022606281894515],[-16.484354024202553,16.0229150291448],[-16.484295062559788,16.02328540937624],[-16.485106216162606,16.02367363828301],[-16.485017852487278,16.02340572159673],[-16.484633428751334,16.023151788029338],[-16.484965757136578,16.023036109849972],[-16.484692301466513,16.022769473775927],[-16.485104129496726,16.022557768648372],[-16.485567125212288,16.022590367618108],[-16.485415177946003,16.02290171877659],[-16.486372859378314,16.023080073259486],[-16.485680844688613,16.023783038945822],[-16.48615360720487,16.024509266438624],[-16.48547659441869,16.024791060814994],[-16.485016616449187,16.024802170236867],[-16.484293419908777,16.02421044486831]]]}},{"type":"Feature","properties":{"hauteur":"Moyen /Entre 0.5 et 1m","Hauteur_Vu":"Moyen /Entre 0.5 et 1m","indice":2},"geometry":{"type":"Polygon","coordinates":[[[-16.482441213138554,16.02358185823855],[-16.482624520477465,16.023182181212334],[-16.48290923365954,16.02330254344818],[-16.48294202242232,16.02356487801892],[-16.482441213138554,16.02358185823855]]]}},{"type":"Feature","properties":{"hauteur":"Moyen /Entre 0.5 et 1m","Hauteur_Vu":"Moyen /Entre 0.5 et 1m","indice":2},"geometry":{"type":"Polygon","coordinates":[[[-16.48283786004618,16.022202069849854],[-16.48322732607737,16.02251266146491],[-16.482858044899405,16.022637543274342],[-16.48268529182136,16.022638736987798],[-16.48283786004618,16.022202069849854]]]}},{"type":"Feature","properties":{"hauteur":"Moyen /Entre 0.5 et 1m","Hauteur_Vu":"Moyen /Entre 0.5 et 1m","indice":2},"geometry":{"type":"Polygon","coordinates":[[[-16.483451462353543,16.02215904148866],[-16.48333189936411,16.021634745652186],[-16.48412961859831,16.022606281894515],[-16.483181295481643,16.022545799770135],[-16.483451462353543,16.02215904148866]]]}},{"type":"Feature","properties":{"hauteur":"Moyen /Entre 0.5 et 1m","Hauteur_Vu":"Moyen /Entre 0.5 et 1m","indice":2},"geometry":{"type":"Polygon","coordinates":[[[-16.483753062633046,16.02205998774143],[-16.483717757903285,16.021248679252725],[-16.485196060705345,16.02109290738561],[-16.485215480539647,16.02163281320069],[-16.48563552244065,16.021280818993546],[-16.48558991856671,16.02178835470317],[-16.485201049643646,16.021767177214038],[-16.48549367603297,16.022123189421777],[-16.485104129496726,16.022557768648372],[-16.4849910196143,16.022150537619442],[-16.484652606582284,16.021860481693494],[-16.484448259682395,16.02217816207204],[-16.48464769934978,16.022448294307384],[-16.48412961859831,16.022606281894515],[-16.483753062633046,16.02205998774143]]]}},{"type":"Feature","properties":{"hauteur":"Moyen /Entre 0.5 et 1m","Hauteur_Vu":"Moyen /Entre 0.5 et 1m","indice":2},"geometry":{"type":"Polygon","coordinates":[[[-16.48295216118487,16.02063104084234],[-16.483322035129767,16.020717341516008],[-16.483208294030028,16.0211895443389],[-16.483717757903285,16.021248679252725],[-16.4837483775011,16.021634850131317],[-16.483296588824093,16.021657367094534],[-16.48270997110984,16.022377590312725],[-16.48295216118487,16.02063104084234]]]}},{"type":"Feature","properties":{"hauteur":"Moyen /Entre 0.5 et 1m","Hauteur_Vu":"Moyen /Entre 0.5 et 1m","indice":2},"geometry":{"type":"Polygon","coordinates":[[[-16.482991646187898,16.020129514728996],[-16.48321197021737,16.020304027538252],[-16.48344436766073,16.02002494184736],[-16.4830089870708,16.019971261427873],[-16.483070175943226,16.019484503574045],[-16.483574147387085,16.019218459280193],[-16.48386614949813,16.019490936425584],[-16.483962267053304,16.019973623075337],[-16.483322035129767,16.020717341516008],[-16.48295216118487,16.02063104084234],[-16.482991646187898,16.020129514728996]]]}},{"type":"Feature","properties":{"hauteur":"Moyen /Entre 0.5 et 1m","Hauteur_Vu":"Moyen /Entre 0.5 et 1m","indice":2},"geometry":{"type":"Polygon","coordinates":[[[-16.48401598146716,16.019936701957832],[-16.484348955908175,16.0199090382647],[-16.484417596241766,16.02022184664925],[-16.48484991708934,16.020487384332135],[-16.484078199527215,16.02042409837471],[-16.484491748643272,16.020862818204545],[-16.484856373660968,16.020526127087233],[-16.485196060705345,16.02109290738561],[-16.483717757903285,16.021248679252725],[-16.483322035129767,16.020717341516008],[-16.4838465471163,16.020725650167975],[-16.483661828969495,16.02035993836976],[-16.48401598146716,16.019936701957832]]]}},{"type":"Feature","properties":{"hauteur":"Moyen /Entre 0.5 et 1m","Hauteur_Vu":"Moyen /Entre 0.5 et 1m","indice":2},"geometry":{"type":"Polygon","coordinates":[[[-16.48498771290364,16.020244009497137],[-16.484741715917437,16.019935412054853],[-16.485163984716277,16.01988475198025],[-16.4850524944691,16.020243561241085],[-16.48522723194502,16.020510880352454],[-16.48484991708934,16.020487384332135],[-16.48498771290364,16.020244009497137]]]}},{"type":"Feature","properties":{"hauteur":"Moyen /Entre 0.5 et 1m","Hauteur_Vu":"Moyen /Entre 0.5 et 1m","indice":2},"geometry":{"type":"Polygon","coordinates":[[[-16.48315413453109,16.017590797028028],[-16.483363614258487,16.017550562007802],[-16.48310960302287,16.017409102014447],[-16.483142588119325,16.017280577107574],[-16.483508047289728,16.017057261469777],[-16.483732401847504,16.017568898647482],[-16.483578967430102,16.017887717972222],[-16.483470250537582,16.01799588079968],[-16.48311396633563,16.017790979192],[-16.48315413453109,16.017590797028028]]]}},{"type":"Feature","properties":{"hauteur":"Moyen /Entre 0.5 et 1m","Hauteur_Vu":"Moyen /Entre 0.5 et 1m","indice":2},"geometry":{"type":"Polygon","coordinates":[[[-16.48399922369746,16.015060787834326],[-16.48425230616976,16.015076940092698],[-16.484587974508486,16.0154147551311],[-16.484659059830793,16.015849876378237],[-16.484146811626285,16.015829549337],[-16.48410472738119,16.015979022806025],[-16.484515975809877,16.016525170757493],[-16.484378266567926,16.01709301652074],[-16.484234072643076,16.016783714029675],[-16.483764215300585,16.016655681725016],[-16.4836746227893,16.01622068800005],[-16.483405851438192,16.016586550909736],[-16.483156865081558,16.01628990627868],[-16.48399922369746,16.015060787834326]]]}},{"type":"Feature","properties":{"hauteur":"Moyen /Entre 0.5 et 1m","Hauteur_Vu":"Moyen /Entre 0.5 et 1m","indice":2},"geometry":{"type":"Polygon","coordinates":[[[-16.48413653842911,16.01485695033542],[-16.4843778104582,16.014553467338686],[-16.484581098256488,16.014928001551365],[-16.484904688693558,16.014883992453946],[-16.484671302825486,16.014611110839397],[-16.484963493696704,16.014492727599162],[-16.4859991199478,16.01520462091301],[-16.48598372437947,16.015625421884838],[-16.48642661239948,16.0158610474758],[-16.48596789739222,16.01606608573967],[-16.485333243730285,16.015554306810824],[-16.485652668557364,16.015364126561686],[-16.485373252529076,16.01512438452886],[-16.484587974508486,16.0154147551311],[-16.48413653842911,16.01485695033542]]]}},{"type":"Feature","properties":{"hauteur":"Moyen /Entre 0.5 et 1m","Hauteur_Vu":"Moyen /Entre 0.5 et 1m","indice":2},"geometry":{"type":"Polygon","coordinates":[[[-16.486680240393802,16.015534073549926],[-16.486082496719387,16.015215978345534],[-16.486356525399767,16.014727746591124],[-16.48622586240389,16.014032435543015],[-16.486545041050817,16.01380943576919],[-16.486544650578384,16.01417344352468],[-16.486712507636117,16.014345332739186],[-16.486585421980962,16.014680381335854],[-16.48705788282412,16.015160460025694],[-16.48707930777138,16.015554153016623],[-16.486671339350224,16.016284988690302],[-16.48642661239948,16.0158610474758],[-16.486680240393802,16.015534073549926]]]}},{"type":"Feature","properties":{"hauteur":"Moyen /Entre 0.5 et 1m","Hauteur_Vu":"Moyen /Entre 0.5 et 1m","indice":2},"geometry":{"type":"Polygon","coordinates":[[[-16.48457300684269,16.014250768937696],[-16.48462159391501,16.014563716205263],[-16.48439909496482,16.01451154906571],[-16.48457300684269,16.014250768937696]]]}},{"type":"Feature","properties":{"hauteur":"Moyen /Entre 0.5 et 1m","Hauteur_Vu":"Moyen /Entre 0.5 et 1m","indice":2},"geometry":{"type":"Polygon","coordinates":[[[-16.48472584425992,16.013721326218285],[-16.485402357073273,16.01376764840647],[-16.48574907822752,16.013514622723704],[-16.486203407386384,16.013499263837108],[-16.486246792701987,16.014489814456617],[-16.485995874561166,16.014766047071774],[-16.48582735545295,16.01450465240498],[-16.485430658864047,16.014674481944542],[-16.485110741162952,16.01396360306345],[-16.48469516145147,16.014082839787942],[-16.48472584425992,16.013721326218285]]]}},{"type":"Feature","properties":{"hauteur":"Moyen /Entre 0.5 et 1m","Hauteur_Vu":"Moyen /Entre 0.5 et 1m","indice":2},"geometry":{"type":"Polygon","coordinates":[[[-16.484710446499562,16.01322941013431],[-16.485362736444362,16.013415851896482],[-16.485402357073273,16.01376764840647],[-16.48472584425992,16.013721326218285],[-16.484710446499562,16.01322941013431]]]}},{"type":"Feature","properties":{"hauteur":"Moyen /Entre 0.5 et 1m","Hauteur_Vu":"Moyen /Entre 0.5 et 1m","indice":2},"geometry":{"type":"Polygon","coordinates":[[[-16.485001580210465,16.01338553009043],[-16.48518952410673,16.01293668258209],[-16.484694383244328,16.013142995357896],[-16.484870957643455,16.012173300010396],[-16.485182927631964,16.012044616885703],[-16.48548100157923,16.012305116042487],[-16.485749016030738,16.012046667749534],[-16.485814592594622,16.012127984606032],[-16.485841653970812,16.01245003145303],[-16.485598932414423,16.012582991602795],[-16.485897029784546,16.01284647355233],[-16.485590058255305,16.013051485956183],[-16.48574907822752,16.013514622723704],[-16.485001580210465,16.01338553009043]]]}},{"type":"Feature","properties":{"hauteur":"Moyen /Entre 0.5 et 1m","Hauteur_Vu":"Moyen /Entre 0.5 et 1m","indice":2},"geometry":{"type":"Polygon","coordinates":[[[-16.48639208427703,16.01262878358546],[-16.486253045069745,16.012182198796115],[-16.486814591396847,16.012430149507487],[-16.48657682088315,16.012997476963324],[-16.485897029784546,16.01284647355233],[-16.48639208427703,16.01262878358546]]]}},{"type":"Feature","properties":{"hauteur":"Moyen /Entre 0.5 et 1m","Hauteur_Vu":"Moyen /Entre 0.5 et 1m","indice":2},"geometry":{"type":"Polygon","coordinates":[[[-16.486821224631186,16.012492760182127],[-16.48736412332899,16.012487508150517],[-16.48710300508051,16.01281779783152],[-16.487520016687032,16.0128924838867],[-16.48736618698012,16.013364965876324],[-16.486821224631186,16.012492760182127]]]}},{"type":"Feature","properties":{"hauteur":"Moyen /Entre 0.5 et 1m","Hauteur_Vu":"Moyen /Entre 0.5 et 1m","indice":2},"geometry":{"type":"Polygon","coordinates":[[[-16.486253045069745,16.012182198796115],[-16.485749016030738,16.012046667749534],[-16.486229521218853,16.01173901005778],[-16.486698629549473,16.011897532129282],[-16.48700676368754,16.01213642116561],[-16.486814591396847,16.012430149507487],[-16.486253045069745,16.012182198796115]]]}},{"type":"Feature","properties":{"hauteur":"Moyen /Entre 0.5 et 1m","Hauteur_Vu":"Moyen /Entre 0.5 et 1m","indice":2},"geometry":{"type":"Polygon","coordinates":[[[-16.48587488796381,16.011547527277994],[-16.486269616365405,16.011321021672426],[-16.48638942769132,16.010836841197623],[-16.486719499425572,16.010809847764364],[-16.487129240613697,16.011153113591458],[-16.487781304234115,16.01130971347633],[-16.488050171430363,16.0109587636532],[-16.488327206812038,16.01129399568016],[-16.48828240562933,16.011908937408197],[-16.488666047679352,16.01164371699948],[-16.48868745265367,16.012034426226492],[-16.48822684693533,16.012321065723746],[-16.48700676368754,16.01213642116561],[-16.48587488796381,16.011547527277994]]]}},{"type":"Feature","properties":{"hauteur":"Moyen /Entre 0.5 et 1m","Hauteur_Vu":"Moyen /Entre 0.5 et 1m","indice":2},"geometry":{"type":"Polygon","coordinates":[[[-16.48483373022336,16.011779902078153],[-16.484822445541635,16.011296628720732],[-16.485132555275687,16.01109905495205],[-16.485019655097442,16.01165787165968],[-16.485182927631964,16.012044616885703],[-16.48483373022336,16.011779902078153]]]}},{"type":"Feature","properties":{"hauteur":"Moyen /Entre 0.5 et 1m","Hauteur_Vu":"Moyen /Entre 0.5 et 1m","indice":2},"geometry":{"type":"Polygon","coordinates":[[[-16.484835101187112,16.01092209304434],[-16.484876339611407,16.010423631438705],[-16.485321153956743,16.010712952792886],[-16.485132555275687,16.01109905495205],[-16.484835101187112,16.01092209304434]]]}},{"type":"Feature","properties":{"hauteur":"Moyen /Entre 0.5 et 1m","Hauteur_Vu":"Moyen /Entre 0.5 et 1m","indice":2},"geometry":{"type":"Polygon","coordinates":[[[-16.485153903969206,16.010231410930384],[-16.484961501268405,16.01007684579851],[-16.484993143527223,16.009532203941074],[-16.485218517324412,16.010182572956158],[-16.485195845442988,16.01024538642652],[-16.4849469234735,16.010373913099418],[-16.485153903969206,16.010231410930384]]]}},{"type":"Feature","properties":{"hauteur":"Moyen /Entre 0.5 et 1m","Hauteur_Vu":"Moyen /Entre 0.5 et 1m","indice":2},"geometry":{"type":"Polygon","coordinates":[[[-16.485054963240767,16.008714256075464],[-16.485287419074737,16.009279542101485],[-16.484956110414707,16.009556235999803],[-16.485054963240767,16.008714256075464]]]}},{"type":"Feature","properties":{"hauteur":"Moyen /Entre 0.5 et 1m","Hauteur_Vu":"Moyen /Entre 0.5 et 1m","indice":2},"geometry":{"type":"Polygon","coordinates":[[[-16.48503293771758,16.008238516029543],[-16.48529635730994,16.008402286963037],[-16.485054963240767,16.008714256075464],[-16.48503293771758,16.008238516029543]]]}},{"type":"Feature","properties":{"hauteur":"Moyen /Entre 0.5 et 1m","Hauteur_Vu":"Moyen /Entre 0.5 et 1m","indice":2},"geometry":{"type":"Polygon","coordinates":[[[-16.485111711835675,16.007418959039768],[-16.48536073280724,16.007721569321028],[-16.485032011481387,16.008113209083408],[-16.485111711835675,16.007418959039768]]]}},{"type":"Feature","properties":{"hauteur":"Moyen /Entre 0.5 et 1m","Hauteur_Vu":"Moyen /Entre 0.5 et 1m","indice":2},"geometry":{"type":"Polygon","coordinates":[[[-16.485144567687218,16.006438602352436],[-16.48529690522816,16.006598666093545],[-16.485119297971245,16.006775929706574],[-16.485144567687218,16.006438602352436]]]}},{"type":"Feature","properties":{"hauteur":"Moyen /Entre 0.5 et 1m","Hauteur_Vu":"Moyen /Entre 0.5 et 1m","indice":2},"geometry":{"type":"Polygon","coordinates":[[[-16.48515606551701,16.00590743286454],[-16.48545239981371,16.006142583902534],[-16.485142330727964,16.006344632796672],[-16.48515606551701,16.00590743286454]]]}},{"type":"Feature","properties":{"hauteur":"Moyen /Entre 0.5 et 1m","Hauteur_Vu":"Moyen /Entre 0.5 et 1m","indice":2},"geometry":{"type":"Polygon","coordinates":[[[-16.485154619847822,16.005503158053813],[-16.485313169951137,16.005669146196976],[-16.48515606551701,16.00590743286454],[-16.485154619847822,16.005503158053813]]]}},{"type":"Feature","properties":{"hauteur":"Moyen /Entre 0.5 et 1m","Hauteur_Vu":"Moyen /Entre 0.5 et 1m","indice":2},"geometry":{"type":"Polygon","coordinates":[[[-16.485530653830097,16.00525291459591],[-16.485154619847822,16.005503158053813],[-16.48518934053753,16.00498376256509],[-16.485530653830097,16.00525291459591]]]}},{"type":"Feature","properties":{"hauteur":"Moyen /Entre 0.5 et 1m","Hauteur_Vu":"Moyen /Entre 0.5 et 1m","indice":2},"geometry":{"type":"Polygon","coordinates":[[[-16.48518462295302,16.004554149307918],[-16.485437528163025,16.0047567806561],[-16.48518934053753,16.00498376256509],[-16.48518462295302,16.004554149307918]]]}},{"type":"Feature","properties":{"hauteur":"Moyen /Entre 0.5 et 1m","Hauteur_Vu":"Moyen /Entre 0.5 et 1m","indice":2},"geometry":{"type":"Polygon","coordinates":[[[-16.48473309731235,16.002310580232507],[-16.48498109668661,16.00247595065902],[-16.484741845782594,16.002868462879235],[-16.48473309731235,16.002310580232507]]]}},{"type":"Feature","properties":{"hauteur":"Moyen /Entre 0.5 et 1m","Hauteur_Vu":"Moyen /Entre 0.5 et 1m","indice":2},"geometry":{"type":"Polygon","coordinates":[[[-16.48456128583104,16.001392802350953],[-16.48478562079833,16.001486728961623],[-16.484661380155135,16.001788936561177],[-16.48456128583104,16.001392802350953]]]}},{"type":"Feature","properties":{"hauteur":"Moyen /Entre 0.5 et 1m","Hauteur_Vu":"Moyen /Entre 0.5 et 1m","indice":2},"geometry":{"type":"Polygon","coordinates":[[[-16.484401017873004,16.000810885163766],[-16.484365460981696,16.00056469966156],[-16.484565559334154,16.00071846710854],[-16.48444533959486,16.000938596329448],[-16.484401017873004,16.000810885163766]]]}},{"type":"Feature","properties":{"hauteur":"Moyen /Entre 0.5 et 1m","Hauteur_Vu":"Moyen /Entre 0.5 et 1m","indice":2},"geometry":{"type":"Polygon","coordinates":[[[-16.484278206631803,16.000314582290457],[-16.48426158957838,16.000074606164855],[-16.484585354988454,16.000266306784553],[-16.484358774155627,16.00049462999159],[-16.484278206631803,16.000314582290457]]]}},{"type":"Feature","properties":{"hauteur":"Moyen /Entre 0.5 et 1m","Hauteur_Vu":"Moyen /Entre 0.5 et 1m","indice":2},"geometry":{"type":"Polygon","coordinates":[[[-16.484108894464228,15.999630257295129],[-16.48413381392342,15.999480249768535],[-16.484183022753427,15.999669371914914],[-16.484376135822064,15.999712792679414],[-16.484248524483924,15.999976235831204],[-16.484108894464228,15.999630257295129]]]}},{"type":"Feature","properties":{"hauteur":"Moyen /Entre 0.5 et 1m","Hauteur_Vu":"Moyen /Entre 0.5 et 1m","indice":2},"geometry":{"type":"Polygon","coordinates":[[[-16.483955964534054,15.998971179961748],[-16.483928023470128,15.998764102154228],[-16.48412362499965,15.998935803186072],[-16.484037159096342,15.999131829782632],[-16.483955964534054,15.998971179961748]]]}},{"type":"Feature","properties":{"hauteur":"Moyen /Entre 0.5 et 1m","Hauteur_Vu":"Moyen /Entre 0.5 et 1m","indice":2},"geometry":{"type":"Polygon","coordinates":[[[-16.483850989298205,15.998357365232767],[-16.484142871190556,15.998409055195738],[-16.484182176372887,15.9985102279714],[-16.483928023470128,15.998764102154228],[-16.483850989298205,15.998357365232767]]]}},{"type":"Feature","properties":{"hauteur":"Moyen /Entre 0.5 et 1m","Hauteur_Vu":"Moyen /Entre 0.5 et 1m","indice":2},"geometry":{"type":"Polygon","coordinates":[[[-16.483628158758055,15.997656905713688],[-16.483591615176852,15.997381263111912],[-16.483928523087425,15.99757809581232],[-16.48374466380771,15.997952322330363],[-16.483628158758055,15.997656905713688]]]}},{"type":"Feature","properties":{"hauteur":"Moyen /Entre 0.5 et 1m","Hauteur_Vu":"Moyen /Entre 0.5 et 1m","indice":2},"geometry":{"type":"Polygon","coordinates":[[[-16.483471174076726,15.996944243110102],[-16.48370351141456,15.997182823366401],[-16.483591615176852,15.997381263111912],[-16.483471174076726,15.996944243110102]]]}},{"type":"Feature","properties":{"hauteur":"Moyen /Entre 0.5 et 1m","Hauteur_Vu":"Moyen /Entre 0.5 et 1m","indice":2},"geometry":{"type":"Polygon","coordinates":[[[-16.483428295871498,15.99680290868753],[-16.48339430693524,15.996559882102558],[-16.483751587598427,15.996696155558038],[-16.483471174076726,15.996944243110102],[-16.483428295871498,15.99680290868753]]]}},{"type":"Feature","properties":{"hauteur":"Moyen /Entre 0.5 et 1m","Hauteur_Vu":"Moyen /Entre 0.5 et 1m","indice":2},"geometry":{"type":"Polygon","coordinates":[[[-16.483169206199996,15.99596927324607],[-16.48305601627784,15.99484223213158],[-16.483164331888972,15.993923171005065],[-16.48350899320826,15.994231092608103],[-16.483641841555823,15.994677724044553],[-16.48341602423678,15.99584514653808],[-16.483510273860926,15.996286077050318],[-16.483379656384134,15.99645555526714],[-16.483169206199996,15.99596927324607]]]}},{"type":"Feature","properties":{"hauteur":"Moyen /Entre 0.5 et 1m","Hauteur_Vu":"Moyen /Entre 0.5 et 1m","indice":2},"geometry":{"type":"Polygon","coordinates":[[[-16.483941882737426,15.992282760254092],[-16.484060763478457,15.992508697391788],[-16.483761399389262,15.992486894840873],[-16.483601252051045,15.992520820494414],[-16.483941882737426,15.992282760254092]]]}},{"type":"Feature","properties":{"hauteur":"Moyen /Entre 0.5 et 1m","Hauteur_Vu":"Moyen /Entre 0.5 et 1m","indice":2},"geometry":{"type":"Polygon","coordinates":[[[-16.483640201428624,15.991816128894968],[-16.48403168512886,15.991912166857595],[-16.483865765719628,15.991999838342737],[-16.483567238696853,15.99209140865013],[-16.483640201428624,15.991816128894968]]]}},{"type":"Feature","properties":{"hauteur":"Moyen /Entre 0.5 et 1m","Hauteur_Vu":"Moyen /Entre 0.5 et 1m","indice":2},"geometry":{"type":"Polygon","coordinates":[[[-16.483827713015565,15.991519452556405],[-16.484138345478577,15.991396469984346],[-16.484185511027434,15.991439687072404],[-16.48403168512886,15.991912166857595],[-16.483827713015565,15.991519452556405]]]}},{"type":"Feature","properties":{"hauteur":"Moyen /Entre 0.5 et 1m","Hauteur_Vu":"Moyen /Entre 0.5 et 1m","indice":2},"geometry":{"type":"Polygon","coordinates":[[[-16.483897259080884,15.990415299115517],[-16.484469412396518,15.99020249295662],[-16.48444416307662,15.990725646346824],[-16.48466963082807,15.99097471638871],[-16.484899131725633,15.990725487764088],[-16.484935394047223,15.99106751853976],[-16.48449033766226,15.991365974430062],[-16.484440038928778,15.991655736434062],[-16.484185511027434,15.991439687072404],[-16.483897259080884,15.990415299115517]]]}},{"type":"Feature","properties":{"hauteur":"Moyen /Entre 0.5 et 1m","Hauteur_Vu":"Moyen /Entre 0.5 et 1m","indice":2},"geometry":{"type":"Polygon","coordinates":[[[-16.485084393151308,15.989941651016352],[-16.48534801889025,15.990554462728126],[-16.484830306192922,15.99059468230623],[-16.484469412396518,15.99020249295662],[-16.485084393151308,15.989941651016352]]]}},{"type":"Feature","properties":{"hauteur":"Moyen /Entre 0.5 et 1m","Hauteur_Vu":"Moyen /Entre 0.5 et 1m","indice":2},"geometry":{"type":"Polygon","coordinates":[[[-16.485659584596885,15.990140565311172],[-16.485732419544405,15.989978944571263],[-16.48588466854775,15.99052026481408],[-16.48534801889025,15.990554462728126],[-16.485659584596885,15.990140565311172]]]}},{"type":"Feature","properties":{"hauteur":"Moyen /Entre 0.5 et 1m","Hauteur_Vu":"Moyen /Entre 0.5 et 1m","indice":2},"geometry":{"type":"Polygon","coordinates":[[[-16.485648920545945,15.989531973338824],[-16.485826932148452,15.98941139689583],[-16.485776612727445,15.989280463835957],[-16.486887864728377,15.989366113438086],[-16.486337529924892,15.99002632299283],[-16.485732419544405,15.989978944571263],[-16.485648920545945,15.989531973338824]]]}},{"type":"Feature","properties":{"hauteur":"Moyen /Entre 0.5 et 1m","Hauteur_Vu":"Moyen /Entre 0.5 et 1m","indice":2},"geometry":{"type":"Polygon","coordinates":[[[-16.485228720127143,15.99066353775159],[-16.48534801889025,15.990554462728126],[-16.485402795283434,15.991106153704298],[-16.484935394047223,15.99106751853976],[-16.485228720127143,15.99066353775159]]]}},{"type":"Feature","properties":{"hauteur":"Moyen /Entre 0.5 et 1m","Hauteur_Vu":"Moyen /Entre 0.5 et 1m","indice":2},"geometry":{"type":"Polygon","coordinates":[[[-16.485597617956433,15.990807933708643],[-16.485957576837425,15.990890479947158],[-16.485964727247733,15.991232058967089],[-16.485402795283434,15.991106153704298],[-16.485597617956433,15.990807933708643]]]}},{"type":"Feature","properties":{"hauteur":"Moyen /Entre 0.5 et 1m","Hauteur_Vu":"Moyen /Entre 0.5 et 1m","indice":2},"geometry":{"type":"Polygon","coordinates":[[[-16.48589655877912,15.991816580557904],[-16.486283674029202,15.99202574366198],[-16.48603888388516,15.9922929813473],[-16.485043335825253,15.992318416333367],[-16.484399797039803,15.992054332429516],[-16.485166469743678,15.991449321901461],[-16.48558005400331,15.991483759704213],[-16.485750311657252,15.991148413651974],[-16.485964727247733,15.991232058967089],[-16.48589655877912,15.991816580557904]]]}},{"type":"Feature","properties":{"hauteur":"Moyen /Entre 0.5 et 1m","Hauteur_Vu":"Moyen /Entre 0.5 et 1m","indice":2},"geometry":{"type":"Polygon","coordinates":[[[-16.48603888388516,15.9922929813473],[-16.486319905721267,15.992650195654381],[-16.486301845051635,15.99315409182043],[-16.48588652863014,15.99330316239114],[-16.485548629618847,15.993075756674193],[-16.48591164309041,15.992944950278734],[-16.485240936215508,15.992343903948766],[-16.48603888388516,15.9922929813473]]]}},{"type":"Feature","properties":{"hauteur":"Moyen /Entre 0.5 et 1m","Hauteur_Vu":"Moyen /Entre 0.5 et 1m","indice":2},"geometry":{"type":"Polygon","coordinates":[[[-16.48659744799867,15.994101315421487],[-16.486140687277928,15.99406867039825],[-16.485973534756173,15.994406979001697],[-16.484516503345436,15.994074953201647],[-16.484563079091526,15.993698690908245],[-16.484924309895067,15.993535078158633],[-16.485080216530353,15.993135683039345],[-16.48530136984774,15.99342655307112],[-16.485604347513366,15.993102224463758],[-16.485578813748848,15.993403750044019],[-16.485809706318403,15.993760192539087],[-16.486165692017575,15.993513071727627],[-16.48632341169943,15.993124572345678],[-16.48659744799867,15.994101315421487]]]}},{"type":"Feature","properties":{"hauteur":"Moyen /Entre 0.5 et 1m","Hauteur_Vu":"Moyen /Entre 0.5 et 1m","indice":2},"geometry":{"type":"Polygon","coordinates":[[[-16.485923766158425,15.99461170337461],[-16.486275039655084,15.994561535992178],[-16.486225958843907,15.995433102149534],[-16.483456023216874,15.995831443983429],[-16.483641841555823,15.994677724044553],[-16.484326214049556,15.994622276433278],[-16.484143154500455,15.994059629686802],[-16.483909175558953,15.994538630234558],[-16.48381565391599,15.993987299527143],[-16.485973534756173,15.994406979001697],[-16.485923766158425,15.99461170337461]]]}},{"type":"Feature","properties":{"hauteur":"Moyen /Entre 0.5 et 1m","Hauteur_Vu":"Moyen /Entre 0.5 et 1m","indice":2},"geometry":{"type":"Polygon","coordinates":[[[-16.48612953310608,15.995741831157885],[-16.485952839394265,15.996041418293478],[-16.4861912281889,15.996576827349982],[-16.485580458651164,15.996575083151004],[-16.486059216170954,15.997078993979635],[-16.485776855139463,15.99727190023999],[-16.485372415114387,15.997198146860256],[-16.48504964557731,15.996931848816878],[-16.48494201991009,15.997395058948774],[-16.484663512854905,15.997274653510779],[-16.484556855937722,15.99703371435158],[-16.48408228629912,15.997096665445111],[-16.48381018117564,15.99679868710727],[-16.483923504828912,15.996271289401115],[-16.483749927922286,15.995948761250267],[-16.483456023216874,15.995831443983429],[-16.485929939439252,15.995447083695524],[-16.48612953310608,15.995741831157885]]]}},{"type":"Feature","properties":{"hauteur":"Moyen /Entre 0.5 et 1m","Hauteur_Vu":"Moyen /Entre 0.5 et 1m","indice":2},"geometry":{"type":"Polygon","coordinates":[[[-16.486256476435173,15.997370773625727],[-16.48639977438565,15.997560736220812],[-16.485736501791692,15.997968116338924],[-16.48589050865102,15.998354926308272],[-16.48544811227363,15.998676023859952],[-16.485088326082167,15.998409981996634],[-16.48534907582843,15.99821424222197],[-16.48504556084488,15.998049255453726],[-16.485169975407356,15.997770915786093],[-16.485000988752745,15.997443881738276],[-16.485372415114387,15.997198146860256],[-16.486256476435173,15.997370773625727]]]}},{"type":"Feature","properties":{"hauteur":"Moyen /Entre 0.5 et 1m","Hauteur_Vu":"Moyen /Entre 0.5 et 1m","indice":2},"geometry":{"type":"Polygon","coordinates":[[[-16.486520890687157,15.997775280798043],[-16.4868596990606,15.99770729637465],[-16.486840887852054,15.998083366660753],[-16.48708029179979,15.998338304010835],[-16.48651521101545,15.998258671734169],[-16.48606441440319,15.998616844517557],[-16.48589050865102,15.998354926308272],[-16.486135772151357,15.998046473368749],[-16.486157268849013,15.997720547127695],[-16.48639977438565,15.997560736220812],[-16.486520890687157,15.997775280798043]]]}},{"type":"Feature","properties":{"hauteur":"Moyen /Entre 0.5 et 1m","Hauteur_Vu":"Moyen /Entre 0.5 et 1m","indice":2},"geometry":{"type":"Polygon","coordinates":[[[-16.486658176773958,15.999237812260603],[-16.486710662254833,15.999661127623716],[-16.48692204258495,15.999880455076623],[-16.486789280700535,16.000281183086496],[-16.486030456947415,16.0002563165992],[-16.48589259843437,15.999967855779275],[-16.486207811760043,15.999628522934325],[-16.48578805260518,15.999595622201925],[-16.485424055392002,15.999177443897997],[-16.48544811227363,15.998676023859952],[-16.48589050865102,15.998354926308272],[-16.486658176773958,15.999237812260603]]]}},{"type":"Feature","properties":{"hauteur":"Moyen /Entre 0.5 et 1m","Hauteur_Vu":"Moyen /Entre 0.5 et 1m","indice":2},"geometry":{"type":"Polygon","coordinates":[[[-16.487149211020284,16.000409599731245],[-16.486899049406286,16.000785779349027],[-16.486404196469973,16.000740066519274],[-16.48633961569977,16.000349654936702],[-16.486789280700535,16.000281183086496],[-16.487149211020284,16.000409599731245]]]}},{"type":"Feature","properties":{"hauteur":"Moyen /Entre 0.5 et 1m","Hauteur_Vu":"Moyen /Entre 0.5 et 1m","indice":2},"geometry":{"type":"Polygon","coordinates":[[[-16.487312256413805,16.000818723056494],[-16.487341496385255,16.00101842521406],[-16.48677315910883,16.00141181869787],[-16.486619324263923,16.001048877797878],[-16.486899049406286,16.000785779349027],[-16.487312256413805,16.000818723056494]]]}},{"type":"Feature","properties":{"hauteur":"Moyen /Entre 0.5 et 1m","Hauteur_Vu":"Moyen /Entre 0.5 et 1m","indice":2},"geometry":{"type":"Polygon","coordinates":[[[-16.48733162220918,16.00150781222909],[-16.487139769346467,16.0026772394631],[-16.487425803156047,16.00308401920127],[-16.487115633869113,16.003089243505443],[-16.486733759770317,16.0027577178766],[-16.486934664576967,16.001977594586656],[-16.48677315910883,16.00141181869787],[-16.48733162220918,16.00150781222909]]]}},{"type":"Feature","properties":{"hauteur":"Moyen /Entre 0.5 et 1m","Hauteur_Vu":"Moyen /Entre 0.5 et 1m","indice":2},"geometry":{"type":"Polygon","coordinates":[[[-16.487425803156047,16.00308401920127],[-16.487081070974753,16.00425459810058],[-16.48672065418984,16.00390502220144],[-16.487004226098424,16.003874714703457],[-16.48705110682034,16.0035402213652],[-16.48684833575144,16.00323430896915],[-16.487425803156047,16.00308401920127]]]}},{"type":"Feature","properties":{"hauteur":"Moyen /Entre 0.5 et 1m","Hauteur_Vu":"Moyen /Entre 0.5 et 1m","indice":2},"geometry":{"type":"Polygon","coordinates":[[[-16.487356131687623,16.00492373510948],[-16.487603183174492,16.005377030743183],[-16.487117100944094,16.00537172546939],[-16.486784266726772,16.00499808970452],[-16.48681729743023,16.00445931223526],[-16.48759528723696,16.00399789360452],[-16.487356131687623,16.00492373510948]]]}},{"type":"Feature","properties":{"hauteur":"Moyen /Entre 0.5 et 1m","Hauteur_Vu":"Moyen /Entre 0.5 et 1m","indice":2},"geometry":{"type":"Polygon","coordinates":[[[-16.48693134647836,16.00569822928437],[-16.486670230473628,16.00542852462798],[-16.487172891836916,16.005381502248493],[-16.487275681016044,16.005723910202597],[-16.487075645293416,16.00602244807567],[-16.48693134647836,16.00569822928437]]]}},{"type":"Feature","properties":{"hauteur":"Moyen /Entre 0.5 et 1m","Hauteur_Vu":"Moyen /Entre 0.5 et 1m","indice":2},"geometry":{"type":"Polygon","coordinates":[[[-16.4874367433931,16.00643737881199],[-16.486879788066666,16.007068081348606],[-16.486549439801284,16.006613869702168],[-16.486203674883672,16.00657747513687],[-16.486481859500916,16.006235413890295],[-16.486839586997725,16.006221003194817],[-16.487075645293416,16.00602244807567],[-16.4874367433931,16.00643737881199]]]}},{"type":"Feature","properties":{"hauteur":"Moyen /Entre 0.5 et 1m","Hauteur_Vu":"Moyen /Entre 0.5 et 1m","indice":2},"geometry":{"type":"Polygon","coordinates":[[[-16.486274521231902,16.007397488661102],[-16.486034665058334,16.007082881493783],[-16.486469200940924,16.0070261687372],[-16.486274521231902,16.007397488661102]]]}},{"type":"Feature","properties":{"hauteur":"Moyen /Entre 0.5 et 1m","Hauteur_Vu":"Moyen /Entre 0.5 et 1m","indice":2},"geometry":{"type":"Polygon","coordinates":[[[-16.486632999920435,16.00738008930153],[-16.486454714486804,16.007048646373704],[-16.486469200940924,16.0070261687372],[-16.486843037430717,16.00710413956606],[-16.486632999920435,16.00738008930153]]]}},{"type":"Feature","properties":{"hauteur":"Moyen /Entre 0.5 et 1m","Hauteur_Vu":"Moyen /Entre 0.5 et 1m","indice":2},"geometry":{"type":"Polygon","coordinates":[[[-16.486632999920435,16.00738008930153],[-16.486622583479292,16.007744166648205],[-16.486274521231902,16.007397488661102],[-16.486632999920435,16.00738008930153]]]}},{"type":"Feature","properties":{"hauteur":"Moyen /Entre 0.5 et 1m","Hauteur_Vu":"Moyen /Entre 0.5 et 1m","indice":2},"geometry":{"type":"Polygon","coordinates":[[[-16.486622583479292,16.007744166648205],[-16.486632999920435,16.00738008930153],[-16.487171428764515,16.006850959648762],[-16.48758211722505,16.006880562681012],[-16.48746630358133,16.006445752083284],[-16.48758177033809,16.006000388710586],[-16.487729556722055,16.006587143872206],[-16.48801277626579,16.006925317752934],[-16.488004260344443,16.007441547864996],[-16.488417014444916,16.007775839878462],[-16.488444653447537,16.008175457066177],[-16.488794235472504,16.008310281653795],[-16.488306251854898,16.0086478325408],[-16.488630825802776,16.00873807594306],[-16.48864429191863,16.008890148588026],[-16.487222082871153,16.00955258249368],[-16.48680757788265,16.009398811241187],[-16.486695110344627,16.008790925489215],[-16.486967407711532,16.008069980843526],[-16.486622583479292,16.007744166648205]]]}},{"type":"Feature","properties":{"hauteur":"Moyen /Entre 0.5 et 1m","Hauteur_Vu":"Moyen /Entre 0.5 et 1m","indice":2},"geometry":{"type":"Polygon","coordinates":[[[-16.488745880574744,16.009486173684255],[-16.488392006052973,16.009604988934672],[-16.48869948863975,16.009886303944445],[-16.48836100267065,16.010416755776777],[-16.488090093728687,16.01007551392848],[-16.48793145850853,16.010315304981177],[-16.488528315562014,16.010931766870076],[-16.4881147904369,16.01091076395821],[-16.487781304234115,16.01130971347633],[-16.487590967756972,16.010991968414704],[-16.48778644332687,16.010728053122097],[-16.487679707914438,16.01047816624266],[-16.4871957142058,16.01010557919734],[-16.486869180011535,16.010167513407758],[-16.48687015168594,16.010298787216414],[-16.48721344261239,16.01083346655218],[-16.486049846891166,16.010803387801186],[-16.485749489221035,16.011068027435147],[-16.485321153956743,16.010712952792886],[-16.485672649514044,16.01027192459839],[-16.485807995621514,16.00980255511259],[-16.48650397792805,16.00922487774119],[-16.4874888445557,16.009750639249376],[-16.48798159641606,16.009639814106414],[-16.48785802394452,16.00919909048071],[-16.488549397066198,16.008989266728456],[-16.488745880574744,16.009486173684255]]]}},{"type":"Feature","properties":{"hauteur":"Moyen /Entre 0.5 et 1m","Hauteur_Vu":"Moyen /Entre 0.5 et 1m","indice":2},"geometry":{"type":"Polygon","coordinates":[[[-16.488327206812038,16.01129399568016],[-16.48854116979452,16.010949206683772],[-16.488683900136145,16.011268959154673],[-16.488327206812038,16.01129399568016]]]}},{"type":"Feature","properties":{"hauteur":"Moyen /Entre 0.5 et 1m","Hauteur_Vu":"Moyen /Entre 0.5 et 1m","indice":2},"geometry":{"type":"Polygon","coordinates":[[[-16.488140959240624,16.029162655233797],[-16.4883591152345,16.028627069746413],[-16.48854982126292,16.028965881652695],[-16.488565060967492,16.029356632962624],[-16.488140959240624,16.029162655233797]]]}},{"type":"Feature","properties":{"hauteur":"Moyen /Entre 0.5 et 1m","Hauteur_Vu":"Moyen /Entre 0.5 et 1m","indice":2},"geometry":{"type":"Polygon","coordinates":[[[-16.487916800664255,16.02862901933756],[-16.487530151170798,16.028076743264947],[-16.487547180410857,16.02870915751297],[-16.48726009064645,16.02826956893762],[-16.486916300097924,16.028504676393208],[-16.487203920310716,16.029015869214692],[-16.48672293051935,16.029055007136165],[-16.48667332614108,16.029854967472623],[-16.48443219620972,16.030458733347057],[-16.484669911198075,16.03006324680162],[-16.484268973105706,16.030080939812933],[-16.48423276471683,16.029773874774374],[-16.484447477343235,16.029605304768786],[-16.483971794343965,16.02952803770982],[-16.483634422539247,16.028754623123707],[-16.483420338696614,16.029008221920314],[-16.483302644951273,16.028737523835293],[-16.48363852049686,16.028682987240867],[-16.483846720651567,16.028468216381253],[-16.48398068725231,16.027602031953492],[-16.48422407212384,16.027973304086782],[-16.484462121440735,16.028040280821873],[-16.48489048882714,16.02797764320851],[-16.484721825969253,16.027698347836445],[-16.485368495084,16.027535738049068],[-16.48554851754331,16.027682461683295],[-16.48609054059303,16.02755339449174],[-16.486122301017897,16.027780304444228],[-16.48642879414149,16.02792437956133],[-16.48668543212906,16.027585449356188],[-16.48696615068508,16.02799823026902],[-16.487277642313014,16.027151699778344],[-16.487362052738042,16.027718006843585],[-16.487706535483238,16.027576505804454],[-16.488458559083305,16.027892403803865],[-16.488133944290446,16.028216889282007],[-16.4883591152345,16.028627069746413],[-16.487916800664255,16.02862901933756]]]}},{"type":"Feature","properties":{"hauteur":"Moyen /Entre 0.5 et 1m","Hauteur_Vu":"Moyen /Entre 0.5 et 1m","indice":2},"geometry":{"type":"Polygon","coordinates":[[[-16.48738371722668,16.029547948788778],[-16.487154245979116,16.02980613316044],[-16.487426808133847,16.029950441774687],[-16.487426906891933,16.029547649302508],[-16.487709906081612,16.02943529193463],[-16.488243265906874,16.029801563710567],[-16.48772198185715,16.029815622608176],[-16.48748916638345,16.030246881793733],[-16.487910229251654,16.030446849029968],[-16.48743686633475,16.030682856311664],[-16.487779357630227,16.031104158118413],[-16.487279587651315,16.031107624219082],[-16.487258269878467,16.031561285723576],[-16.486817898994154,16.0312540400498],[-16.486493718551507,16.03163819343451],[-16.486487890456864,16.03210069855504],[-16.48616908236755,16.032377403168645],[-16.486552907420414,16.032547794399527],[-16.48571005621926,16.032623470796036],[-16.48532950138868,16.032894634754015],[-16.485326231595874,16.032453078009066],[-16.48566038643394,16.032582043858913],[-16.485673239577764,16.031818141892092],[-16.485382673884082,16.031742579684035],[-16.485200871480597,16.03135596485607],[-16.484944027798818,16.03166804235741],[-16.484955090914852,16.031078695814816],[-16.485180443369604,16.03068031069018],[-16.484723378029756,16.03061783484093],[-16.48491241732528,16.03031517800215],[-16.48679370676203,16.029863084021617],[-16.487241183208585,16.02904843094126],[-16.48738371722668,16.029547948788778]],[[-16.486539326048415,16.030923294717443],[-16.486467874701905,16.030440439628762],[-16.486161453204037,16.030723025513655],[-16.486182703991183,16.03109285012528],[-16.486539326048415,16.030923294717443]]]}},{"type":"Feature","properties":{"hauteur":"Moyen /Entre 0.5 et 1m","Hauteur_Vu":"Moyen /Entre 0.5 et 1m","indice":2},"geometry":{"type":"Polygon","coordinates":[[[-16.486922569843525,16.034058964195186],[-16.48668435781782,16.03397110647514],[-16.486476056262607,16.034172454506727],[-16.486136124099836,16.034929672239663],[-16.485694631742888,16.034706161057176],[-16.48607297857542,16.034136647240896],[-16.486082710225066,16.033784509889866],[-16.485433834643228,16.033651757775885],[-16.48586921406,16.033284737103987],[-16.48571005621926,16.032623470796036],[-16.486023145358224,16.032667827840505],[-16.486230189706298,16.03292149465279],[-16.486616272016416,16.03256376522219],[-16.486922569843525,16.034058964195186]]]}},{"type":"Feature","properties":{"hauteur":"Moyen /Entre 0.5 et 1m","Hauteur_Vu":"Moyen /Entre 0.5 et 1m","indice":2},"geometry":{"type":"Polygon","coordinates":[[[-16.48789753801558,16.03489657227375],[-16.487418415354735,16.0351893093921],[-16.48744857080931,16.035511333488675],[-16.487113957701634,16.03573742747155],[-16.486832552560674,16.03564986963901],[-16.48652557143226,16.03585786931641],[-16.486234269862216,16.035683853660686],[-16.486373131602253,16.03527114846996],[-16.486136124099836,16.034929672239663],[-16.486320797153574,16.034453993092555],[-16.487076435915817,16.034421901616174],[-16.486922569843525,16.034058964195186],[-16.48723544168343,16.033891668671068],[-16.487562004467836,16.034244457028123],[-16.48808262732754,16.034477578221527],[-16.48789753801558,16.03489657227375]]]}},{"type":"Feature","properties":{"hauteur":"Moyen /Entre 0.5 et 1m","Hauteur_Vu":"Moyen /Entre 0.5 et 1m","indice":2},"geometry":{"type":"Polygon","coordinates":[[[-16.48798116660896,16.03494074660776],[-16.48838488849742,16.034881255641647],[-16.48811319638235,16.03527101453181],[-16.48798116660896,16.03494074660776]]]}},{"type":"Feature","properties":{"hauteur":"Moyen /Entre 0.5 et 1m","Hauteur_Vu":"Moyen /Entre 0.5 et 1m","indice":2},"geometry":{"type":"Polygon","coordinates":[[[-16.48722708738048,16.036301390248635],[-16.48634475694917,16.0364379493814],[-16.48652205518203,16.036215930767018],[-16.48652557143226,16.03585786931641],[-16.486783279905143,16.03566214585307],[-16.486894111006993,16.03604626716364],[-16.48770339199295,16.03534248181484],[-16.48811319638235,16.03527101453181],[-16.48722708738048,16.036301390248635]]]}},{"type":"Feature","properties":{"hauteur":"Moyen /Entre 0.5 et 1m","Hauteur_Vu":"Moyen /Entre 0.5 et 1m","indice":2},"geometry":{"type":"Polygon","coordinates":[[[-16.485680439325677,16.036174118703524],[-16.485552492205592,16.036004098352027],[-16.485854343496662,16.035936366748558],[-16.485853712183445,16.036267555500363],[-16.485680439325677,16.036174118703524]]]}},{"type":"Feature","properties":{"hauteur":"Moyen /Entre 0.5 et 1m","Hauteur_Vu":"Moyen /Entre 0.5 et 1m","indice":2},"geometry":{"type":"Polygon","coordinates":[[[-16.48504487852415,16.035548972494816],[-16.484927107946202,16.03539902080953],[-16.485184683618186,16.035393507412117],[-16.485156393869453,16.035635378511515],[-16.48504487852415,16.035548972494816]]]}},{"type":"Feature","properties":{"hauteur":"Moyen /Entre 0.5 et 1m","Hauteur_Vu":"Moyen /Entre 0.5 et 1m","indice":2},"geometry":{"type":"Polygon","coordinates":[[[-16.485466681259986,16.035144657564665],[-16.485034624605742,16.03491940134147],[-16.485339124505227,16.034584616091347],[-16.485694631742888,16.034706161057176],[-16.485466681259986,16.035144657564665]]]}},{"type":"Feature","properties":{"hauteur":"Moyen /Entre 0.5 et 1m","Hauteur_Vu":"Moyen /Entre 0.5 et 1m","indice":2},"geometry":{"type":"Polygon","coordinates":[[[-16.48443383041779,16.03419704355947],[-16.48458492327946,16.03501948360834],[-16.4838266756958,16.03415210859452],[-16.48423798609435,16.03381518717116],[-16.485043367391444,16.034251190935795],[-16.485380955364533,16.034010161343335],[-16.485379071948696,16.03458900133473],[-16.48443383041779,16.03419704355947]]]}},{"type":"Feature","properties":{"hauteur":"Moyen /Entre 0.5 et 1m","Hauteur_Vu":"Moyen /Entre 0.5 et 1m","indice":2},"geometry":{"type":"Polygon","coordinates":[[[-16.483675577069175,16.033980009325397],[-16.48383037852191,16.033597031588965],[-16.483992683496197,16.034019772701136],[-16.4838266756958,16.03415210859452],[-16.483675577069175,16.033980009325397]]]}},{"type":"Feature","properties":{"hauteur":"Moyen /Entre 0.5 et 1m","Hauteur_Vu":"Moyen /Entre 0.5 et 1m","indice":2},"geometry":{"type":"Polygon","coordinates":[[[-16.483493426249446,16.033259413512116],[-16.48383037852191,16.033597031588965],[-16.48355091492297,16.03360194868848],[-16.483398514169554,16.03364477396259],[-16.483493426249446,16.033259413512116]]]}},{"type":"Feature","properties":{"hauteur":"Moyen /Entre 0.5 et 1m","Hauteur_Vu":"Moyen /Entre 0.5 et 1m","indice":2},"geometry":{"type":"Polygon","coordinates":[[[-16.482744597105476,16.032960260118003],[-16.483126920813717,16.032927780002797],[-16.48306182963788,16.033304169659846],[-16.482744597105476,16.032960260118003]]]}},{"type":"Feature","properties":{"hauteur":"Moyen /Entre 0.5 et 1m","Hauteur_Vu":"Moyen /Entre 0.5 et 1m","indice":2},"geometry":{"type":"Polygon","coordinates":[[[-16.48245200181344,16.03261021241803],[-16.482901754453874,16.032517593706622],[-16.48287200700026,16.0326669817578],[-16.482744597105476,16.032960260118003],[-16.48245200181344,16.03261021241803]]]}},{"type":"Feature","properties":{"hauteur":"Moyen /Entre 0.5 et 1m","Hauteur_Vu":"Moyen /Entre 0.5 et 1m","indice":2},"geometry":{"type":"Polygon","coordinates":[[[-16.48001268930737,16.02982839512063],[-16.480444411838533,16.029801546662984],[-16.48042916033963,16.030243232251994],[-16.48001268930737,16.02982839512063]]]}},{"type":"Feature","properties":{"hauteur":"Moyen /Entre 0.5 et 1m","Hauteur_Vu":"Moyen /Entre 0.5 et 1m","indice":2},"geometry":{"type":"Polygon","coordinates":[[[-16.48808262732754,16.034477578221527],[-16.487562004467836,16.034244457028123],[-16.487627668880535,16.033926989609217],[-16.487969953697128,16.033903729439015],[-16.48799149941476,16.033065176751023],[-16.488540819085955,16.03267050775918],[-16.48859093960997,16.032356877596058],[-16.488896261032508,16.032757549656036],[-16.489238565686087,16.032737271125168],[-16.489354949008124,16.033037810551374],[-16.48961617920372,16.032901732461223],[-16.489795952701314,16.033013862005134],[-16.48945972372542,16.033436890610673],[-16.48921931265945,16.0334683966005],[-16.489291664101696,16.033655863469285],[-16.48838488849742,16.034881255641647],[-16.48808262732754,16.034477578221527]],[[-16.488903365283758,16.032824911959622],[-16.488869252846914,16.032801279658003],[-16.48860282639799,16.033068673125047],[-16.48893451904832,16.033281192635307],[-16.488903365283758,16.032824911959622]]]}},{"type":"Feature","properties":{"hauteur":"Moyen /Entre 0.5 et 1m","Hauteur_Vu":"Moyen /Entre 0.5 et 1m","indice":2},"geometry":{"type":"Polygon","coordinates":[[[-16.489238565686087,16.032737271125168],[-16.489167061030077,16.03235213215353],[-16.489482463812905,16.03244840203234],[-16.489640685996044,16.032566648701636],[-16.489238565686087,16.032737271125168]]]}},{"type":"Feature","properties":{"hauteur":"Moyen /Entre 0.5 et 1m","Hauteur_Vu":"Moyen /Entre 0.5 et 1m","indice":2},"geometry":{"type":"Polygon","coordinates":[[[-16.48895542629032,16.031688249702274],[-16.489170307316027,16.03195826910202],[-16.489368196912036,16.03160184181686],[-16.489637118751535,16.03208630749531],[-16.488787965250047,16.0319877762721],[-16.48895542629032,16.031688249702274]]]}},{"type":"Feature","properties":{"hauteur":"Moyen /Entre 0.5 et 1m","Hauteur_Vu":"Moyen /Entre 0.5 et 1m","indice":2},"geometry":{"type":"Polygon","coordinates":[[[-16.489815323149486,16.03157188367784],[-16.48950460739385,16.0312756777536],[-16.48982056755618,16.031031808462554],[-16.48983400091118,16.030555824602157],[-16.489452924347255,16.0307553914538],[-16.489477942441415,16.030385246325167],[-16.48913089588119,16.030181784793147],[-16.489765189246214,16.0295985540849],[-16.48933608994985,16.0295627465231],[-16.489374827742658,16.02896276576445],[-16.489893112488005,16.028129714585976],[-16.489779528865906,16.02779036839418],[-16.490230374073366,16.027846909781108],[-16.489967206423387,16.02730571520355],[-16.489986701847528,16.026607407892286],[-16.489675152573014,16.026197828934055],[-16.49014341806783,16.02610805144108],[-16.489599725708423,16.02559565709314],[-16.490164297669125,16.024765268046536],[-16.49065872806368,16.02446048585715],[-16.490527771487393,16.023858700198726],[-16.491366530559937,16.023393391512638],[-16.491901988229923,16.023628360395907],[-16.49246658752541,16.023633384971156],[-16.492230759978387,16.02386476533937],[-16.492326123887608,16.024243024220908],[-16.491580736721435,16.023988630535413],[-16.491819117856267,16.02368562571671],[-16.491285721779512,16.02372812082453],[-16.491115096401963,16.024015736065326],[-16.491299476804247,16.024333704120682],[-16.491936405803106,16.024523212829664],[-16.492354781117616,16.024259234917164],[-16.49251925589468,16.024700415276467],[-16.49317767093566,16.02528957806242],[-16.492756015739815,16.025423792215893],[-16.492454760770862,16.025154376929457],[-16.492108896851057,16.025109044282605],[-16.49172148554527,16.025284789224724],[-16.49218677123142,16.026039397892884],[-16.492219708059288,16.025490179350978],[-16.492712938029356,16.025439010117132],[-16.492555030448134,16.025777259776874],[-16.492854178239288,16.02617796953852],[-16.492565483162053,16.026353029171183],[-16.49258849764101,16.027373273133996],[-16.492920960286792,16.027275483364296],[-16.49263110970466,16.026880676461417],[-16.492924954204607,16.026568333542954],[-16.49289762232895,16.02621197906712],[-16.494081910889975,16.026575197572466],[-16.49476847023149,16.02638542975429],[-16.495008231650218,16.026682122617455],[-16.49531816344874,16.026459173657496],[-16.495459430579075,16.02678638877309],[-16.49502110482269,16.02675364014648],[-16.494190019573956,16.02700707184801],[-16.49470371763228,16.027218315122443],[-16.49451062454499,16.027595598428043],[-16.49461862134137,16.0288405136222],[-16.494383413148448,16.029155434002323],[-16.494769655538022,16.0292362846228],[-16.494455549314434,16.029727789331655],[-16.494616350187002,16.030192115927452],[-16.493964668119208,16.030509937610823],[-16.493772221826827,16.030353145273242],[-16.49378931290827,16.03057679889615],[-16.492977852615223,16.030982255932873],[-16.492838361976624,16.030893717758868],[-16.492768850315336,16.031088137918164],[-16.492291364495184,16.031183953347604],[-16.492267949617627,16.031354183560747],[-16.491812834406176,16.031554269649074],[-16.49146536776643,16.031294871973266],[-16.491364159951043,16.031790859614937],[-16.49016454282905,16.032275088289733],[-16.48992853047857,16.032067873250906],[-16.49000787197006,16.03236568597955],[-16.489640685996044,16.032566648701636],[-16.489815323149486,16.03157188367784]],[[-16.491524607558482,16.03121641924671],[-16.4914741726171,16.030864700701482],[-16.49111324964847,16.031077556647155],[-16.491524607558482,16.03121641924671]],[[-16.490964945579883,16.029803082117148],[-16.4905857152914,16.029835554170543],[-16.49080210378128,16.030308448927116],[-16.49136974057446,16.030304502902542],[-16.490964945579883,16.029803082117148]],[[-16.491462222933823,16.029730721615156],[-16.491174009513845,16.02997141650937],[-16.491451857074605,16.029996337489745],[-16.49168001227864,16.02997684911897],[-16.491462222933823,16.029730721615156]],[[-16.492179290612647,16.02987538256001],[-16.492179035022964,16.030255798093332],[-16.492578129513163,16.03040518679635],[-16.49270451387253,16.030390880927367],[-16.492531885044396,16.03012448729658],[-16.492839294941746,16.029976149821767],[-16.49232982201618,16.029374576082738],[-16.491701907055322,16.029984622142265],[-16.492179290612647,16.02987538256001]],[[-16.4919562880149,16.02851341131978],[-16.491887775676595,16.02842736231134],[-16.49172338428071,16.02872388572128],[-16.49195447499332,16.028924326812604],[-16.4919562880149,16.02851341131978]],[[-16.491294072915693,16.027414069648657],[-16.491103741091248,16.02712597965169],[-16.490867797256197,16.027342441502512],[-16.491042748628512,16.02763660589385],[-16.491294072915693,16.027414069648657]],[[-16.490945570614368,16.026598974760322],[-16.490650131173787,16.0262817782573],[-16.49047100168961,16.02667089601494],[-16.490493438313333,16.026784118461823],[-16.490945570614368,16.026598974760322]],[[-16.49265420572748,16.028637505208952],[-16.4930097303418,16.028736474700764],[-16.49333182974968,16.028489574455644],[-16.49295697435886,16.028280345447627],[-16.492623045439537,16.028595951110365],[-16.492448335021855,16.028334606614422],[-16.49224994347995,16.028622415996708],[-16.492536245130427,16.028954591530866],[-16.49265420572748,16.028637505208952]],[[-16.492684100496298,16.0280942752273],[-16.49248539881216,16.02834031602348],[-16.492910855523522,16.028301551870303],[-16.492684100496298,16.0280942752273]],[[-16.493041206094155,16.030271336576334],[-16.493294528737618,16.030109948579533],[-16.492858592355283,16.029984686710684],[-16.492770671419464,16.030400024090564],[-16.493041206094155,16.030271336576334]]]}},{"type":"Feature","properties":{"hauteur":"Moyen /Entre 0.5 et 1m","Hauteur_Vu":"Moyen /Entre 0.5 et 1m","indice":2},"geometry":{"type":"Polygon","coordinates":[[[-16.495737773742277,16.02946487024742],[-16.496184870838093,16.029431915826315],[-16.496610876246688,16.02905300628759],[-16.496315469089094,16.028741785682108],[-16.496633575120367,16.028787304631127],[-16.496562523825148,16.028361140879184],[-16.496866241718408,16.028132265730907],[-16.496611273666996,16.027865517750005],[-16.496464218607205,16.026762599403114],[-16.49677709168837,16.02610700115951],[-16.497039990115418,16.025782934530493],[-16.497105583463533,16.02630461254024],[-16.496756565493104,16.026250358745102],[-16.49697010099045,16.026753102819097],[-16.496946009223656,16.027245570296795],[-16.497370170645183,16.027033755914854],[-16.49744740759864,16.026221668884123],[-16.498114015507124,16.026252818664997],[-16.496439402434728,16.02943312392068],[-16.495865947871806,16.02969073256492],[-16.495737773742277,16.02946487024742]]]}},{"type":"Feature","properties":{"hauteur":"Moyen /Entre 0.5 et 1m","Hauteur_Vu":"Moyen /Entre 0.5 et 1m","indice":2},"geometry":{"type":"Polygon","coordinates":[[[-16.49848607022008,16.026293482979245],[-16.498688458754923,16.025716228531458],[-16.498841513062562,16.025968767945663],[-16.498639157087446,16.026137264868314],[-16.49873299673831,16.026309659931446],[-16.498157566287542,16.02650761502845],[-16.49848607022008,16.026293482979245]]]}},{"type":"Feature","properties":{"hauteur":"Moyen /Entre 0.5 et 1m","Hauteur_Vu":"Moyen /Entre 0.5 et 1m","indice":2},"geometry":{"type":"Polygon","coordinates":[[[-16.4986106557711,16.025212538354598],[-16.498628608132613,16.025137822183385],[-16.498986277344585,16.02511145457673],[-16.498939459542093,16.0254519155631],[-16.4986106557711,16.025212538354598]]]}},{"type":"Feature","properties":{"hauteur":"Moyen /Entre 0.5 et 1m","Hauteur_Vu":"Moyen /Entre 0.5 et 1m","indice":2},"geometry":{"type":"Polygon","coordinates":[[[-16.49381808453759,16.026257412706254],[-16.493509637277818,16.0262655274286],[-16.493643795052783,16.025638029759715],[-16.49353815323697,16.02553732153614],[-16.493299129075716,16.02575380718683],[-16.49317767093566,16.02528957806242],[-16.493655468480515,16.025548439389087],[-16.494431360687187,16.026169599883666],[-16.494081910889975,16.026575197572466],[-16.49381808453759,16.026257412706254]]]}},{"type":"Feature","properties":{"hauteur":"Moyen /Entre 0.5 et 1m","Hauteur_Vu":"Moyen /Entre 0.5 et 1m","indice":2},"geometry":{"type":"Polygon","coordinates":[[[-16.493236610468767,16.02605857331074],[-16.492959877792533,16.02576810273566],[-16.493153960729952,16.025730948444526],[-16.493299129075716,16.02575380718683],[-16.493236610468767,16.02605857331074]]]}},{"type":"Feature","properties":{"hauteur":"Moyen /Entre 0.5 et 1m","Hauteur_Vu":"Moyen /Entre 0.5 et 1m","indice":2},"geometry":{"type":"Polygon","coordinates":[[[-16.4932036505886,16.024945906001296],[-16.492973326204666,16.024673014141946],[-16.49301702491085,16.02432660808821],[-16.49270019124934,16.02445114166211],[-16.49268139388052,16.023997759422894],[-16.493284034615346,16.024554490057447],[-16.493240402959785,16.024909846572296],[-16.493596009820994,16.025020749590844],[-16.49317767093566,16.02528957806242],[-16.4932036505886,16.024945906001296]]]}},{"type":"Feature","properties":{"hauteur":"Moyen /Entre 0.5 et 1m","Hauteur_Vu":"Moyen /Entre 0.5 et 1m","indice":2},"geometry":{"type":"Polygon","coordinates":[[[-16.494262572796863,16.025460670174247],[-16.494666980149997,16.02508191516145],[-16.49471603135316,16.02545452789799],[-16.494262572796863,16.025460670174247]]]}},{"type":"Feature","properties":{"hauteur":"Moyen /Entre 0.5 et 1m","Hauteur_Vu":"Moyen /Entre 0.5 et 1m","indice":2},"geometry":{"type":"Polygon","coordinates":[[[-16.495779960612687,16.024984649833158],[-16.49494603890312,16.02485619830389],[-16.49464154176481,16.024565923379132],[-16.494551721040267,16.024104085469332],[-16.4953919700481,16.02466810542116],[-16.495612992620597,16.024520366773576],[-16.495779960612687,16.024984649833158]]]}},{"type":"Feature","properties":{"hauteur":"Moyen /Entre 0.5 et 1m","Hauteur_Vu":"Moyen /Entre 0.5 et 1m","indice":2},"geometry":{"type":"Polygon","coordinates":[[[-16.49047753859461,16.02259883375767],[-16.490966103954726,16.02233586296085],[-16.490940467743947,16.022622470586928],[-16.49084572336426,16.022742474481788],[-16.49047753859461,16.02259883375767]]]}},{"type":"Feature","properties":{"hauteur":"Moyen /Entre 0.5 et 1m","Hauteur_Vu":"Moyen /Entre 0.5 et 1m","indice":2},"geometry":{"type":"Polygon","coordinates":[[[-16.492807763404432,16.023567236374696],[-16.492756630161413,16.02332890104005],[-16.492798753235544,16.0231853933554],[-16.49319326150643,16.02313491023103],[-16.493239556278343,16.02272284604131],[-16.492924678314694,16.022695200592636],[-16.492730621053187,16.02232061215396],[-16.492166382286943,16.02194859783777],[-16.492225014888596,16.022365899630035],[-16.492524045428834,16.022751693039694],[-16.492185331375165,16.02283759057875],[-16.492219377507336,16.022437546173386],[-16.491921077471634,16.02256493317904],[-16.491545620659743,16.02144271091663],[-16.491790279718472,16.02115458086128],[-16.491612740023044,16.020511348626048],[-16.49114633644121,16.02001930537065],[-16.491485755760447,16.020028881389244],[-16.491133297049977,16.01909446718763],[-16.491647414892647,16.01936538965688],[-16.49199806366366,16.01922570488898],[-16.492118972573,16.01889069663636],[-16.492423279596906,16.019157108445732],[-16.49252474390606,16.019526374199728],[-16.492721329060505,16.019411628718377],[-16.493018891124,16.019600511844292],[-16.493578240951805,16.019316157965253],[-16.493746950181738,16.018771961668893],[-16.49665042054383,16.01966332871458],[-16.497403189581053,16.02008175397664],[-16.498026522791758,16.02010425667186],[-16.49794004631736,16.020504667107797],[-16.49820766876223,16.020401355466795],[-16.498674043013732,16.02058373705289],[-16.49843823736282,16.021229848220536],[-16.497966836783604,16.021310713681014],[-16.498049135477988,16.021590600673697],[-16.498373756196127,16.021683810561868],[-16.49802136840786,16.023243726912128],[-16.497766227638486,16.02295311197145],[-16.49732558225834,16.02302182714098],[-16.49746132542061,16.023435604868617],[-16.49735598157556,16.023788408699584],[-16.49711963946693,16.02353644903125],[-16.496917684709697,16.023758646888027],[-16.49681479358255,16.02361316662059],[-16.4967761731201,16.02339861440159],[-16.49695340429826,16.023170621899947],[-16.4966913389173,16.02277861030308],[-16.49713839861806,16.02274267167625],[-16.497289249877056,16.02187338182635],[-16.496350033589152,16.021688980377043],[-16.49601763261407,16.02220746675704],[-16.496183887424518,16.022576278337727],[-16.495650162705864,16.022574031771505],[-16.495618419623412,16.022040182295143],[-16.495426074639912,16.022310049979023],[-16.49521328201818,16.021905758311004],[-16.494947762899884,16.021877771832344],[-16.49487206375585,16.022069251891857],[-16.495064835624248,16.02227079617813],[-16.49466131963754,16.02235416532343],[-16.494827105578928,16.022660325043702],[-16.494719094558466,16.023069835599756],[-16.494350021251073,16.023221588005626],[-16.494298331024865,16.02290866612922],[-16.4940309471906,16.02304479163079],[-16.493809701129113,16.022747968236533],[-16.493649467211608,16.023187678338623],[-16.493166807668718,16.023725854612493],[-16.492807763404432,16.023567236374696]],[[-16.494577695308152,16.022309993224827],[-16.494337185102857,16.021911860870507],[-16.493522074437244,16.02182205899974],[-16.493549770618966,16.021398189658196],[-16.493195990266216,16.02153193166251],[-16.493672522748273,16.022140261094563],[-16.493752952388988,16.02258426322593],[-16.494250456361716,16.022279452141554],[-16.494281418502876,16.02270888024222],[-16.494577695308152,16.022309993224827]],[[-16.49554420038813,16.02160210513803],[-16.495838983505923,16.021003323501755],[-16.49584557012891,16.02064524133878],[-16.49482055970412,16.02012427963482],[-16.49430883691753,16.020590307033693],[-16.49395121733129,16.020207907548848],[-16.493642357599114,16.020159335487644],[-16.493390467452585,16.020304303055035],[-16.493520230492827,16.020744978509445],[-16.493873433337814,16.020948391170116],[-16.494281428798708,16.02063823606981],[-16.494486715642772,16.02086356300952],[-16.494132161686906,16.021307610113556],[-16.49461424082513,16.02141763134472],[-16.49487132335029,16.02114134613965],[-16.495408484879892,16.021191309168334],[-16.495132849603863,16.02146175695148],[-16.49554420038813,16.02160210513803]],[[-16.4945167368686,16.01992350825981],[-16.494376674160275,16.019342674258507],[-16.494117485182525,16.019750253511802],[-16.494154926691788,16.020221407594622],[-16.4945167368686,16.01992350825981]],[[-16.495368697823405,16.019577439279615],[-16.49506203498259,16.019409508437374],[-16.49505606893302,16.01985112822285],[-16.49544888514039,16.01998862235202],[-16.495368697823405,16.019577439279615]],[[-16.49764475443706,16.02155761958234],[-16.497338251288195,16.021825301786787],[-16.497378599073794,16.02185784022213],[-16.4978569724477,16.021884338052814],[-16.49764475443706,16.02155761958234]],[[-16.49260818480088,16.020894538470003],[-16.492379461657947,16.02125118223383],[-16.492832933318386,16.021248028223365],[-16.49260818480088,16.020894538470003]]]}},{"type":"Feature","properties":{"hauteur":"Moyen /Entre 0.5 et 1m","Hauteur_Vu":"Moyen /Entre 0.5 et 1m","indice":2},"geometry":{"type":"Polygon","coordinates":[[[-16.49733487715414,16.023854195897872],[-16.496921830724034,16.024107703070104],[-16.496917684709697,16.023758646888027],[-16.497855174364577,16.023710333751367],[-16.497691040346577,16.024039679031556],[-16.49733487715414,16.023854195897872]]]}},{"type":"Feature","properties":{"hauteur":"Moyen /Entre 0.5 et 1m","Hauteur_Vu":"Moyen /Entre 0.5 et 1m","indice":2},"geometry":{"type":"Polygon","coordinates":[[[-16.49882529045846,16.02451958260091],[-16.4989213946623,16.02437569695704],[-16.49907817282255,16.02450737322974],[-16.49882529045846,16.02451958260091]]]}},{"type":"Feature","properties":{"hauteur":"Moyen /Entre 0.5 et 1m","Hauteur_Vu":"Moyen /Entre 0.5 et 1m","indice":2},"geometry":{"type":"Polygon","coordinates":[[[-16.49878924003086,16.024236389474297],[-16.498754459712295,16.02412325443508],[-16.498969532014637,16.024005390431892],[-16.499045485483833,16.024261452062603],[-16.49878924003086,16.024236389474297]]]}},{"type":"Feature","properties":{"hauteur":"Moyen /Entre 0.5 et 1m","Hauteur_Vu":"Moyen /Entre 0.5 et 1m","indice":2},"geometry":{"type":"Polygon","coordinates":[[[-16.498555617538102,16.022902846124104],[-16.498520915609696,16.022800153169484],[-16.49863781714937,16.022756074104283],[-16.49870210374268,16.022895855805068],[-16.498555617538102,16.022902846124104]]]}},{"type":"Feature","properties":{"hauteur":"Moyen /Entre 0.5 et 1m","Hauteur_Vu":"Moyen /Entre 0.5 et 1m","indice":2},"geometry":{"type":"Polygon","coordinates":[[[-16.49851995222358,16.022671117820224],[-16.49847588443469,16.022553572096765],[-16.498596769997814,16.022526621125444],[-16.49851995222358,16.022671117820224]]]}},{"type":"Feature","properties":{"hauteur":"Moyen /Entre 0.5 et 1m","Hauteur_Vu":"Moyen /Entre 0.5 et 1m","indice":2},"geometry":{"type":"Polygon","coordinates":[[[-16.49846181047196,16.02221801177699],[-16.49844440395749,16.021952590068366],[-16.498610985514485,16.02195142680723],[-16.498619115429584,16.022213929638113],[-16.49846181047196,16.02221801177699]]]}},{"type":"Feature","properties":{"hauteur":"Moyen /Entre 0.5 et 1m","Hauteur_Vu":"Moyen /Entre 0.5 et 1m","indice":2},"geometry":{"type":"Polygon","coordinates":[[[-16.498442482903375,16.02190188173625],[-16.498445072252647,16.021628861311438],[-16.49862865356514,16.021632054802033],[-16.498615200691418,16.021896200179576],[-16.498442482903375,16.02190188173625]]]}},{"type":"Feature","properties":{"hauteur":"Moyen /Entre 0.5 et 1m","Hauteur_Vu":"Moyen /Entre 0.5 et 1m","indice":2},"geometry":{"type":"Polygon","coordinates":[[[-16.49849611133064,16.021440536091678],[-16.49858121713047,16.021269874768105],[-16.498718471570694,16.02136299390547],[-16.498620640760624,16.021591831726976],[-16.49849611133064,16.021440536091678]]]}},{"type":"Feature","properties":{"hauteur":"Moyen /Entre 0.5 et 1m","Hauteur_Vu":"Moyen /Entre 0.5 et 1m","indice":2},"geometry":{"type":"Polygon","coordinates":[[[-16.498854753071985,16.02071897619085],[-16.499166253451836,16.02070784949593],[-16.498984134045987,16.020997135341794],[-16.498666953565756,16.021073941380607],[-16.498854753071985,16.02071897619085]]]}},{"type":"Feature","properties":{"hauteur":"Moyen /Entre 0.5 et 1m","Hauteur_Vu":"Moyen /Entre 0.5 et 1m","indice":2},"geometry":{"type":"Polygon","coordinates":[[[-16.49933872633683,16.020256489197756],[-16.499582649691497,16.020284621261037],[-16.499475737969277,16.02001385781263],[-16.499748405069596,16.020173068648422],[-16.499306977097223,16.020549106893228],[-16.49933872633683,16.020256489197756]]]}},{"type":"Feature","properties":{"hauteur":"Moyen /Entre 0.5 et 1m","Hauteur_Vu":"Moyen /Entre 0.5 et 1m","indice":2},"geometry":{"type":"Polygon","coordinates":[[[-16.500058994537795,16.01983374770841],[-16.49979468612041,16.019761004137507],[-16.499832555235532,16.01966824693384],[-16.500135737847877,16.019466690910004],[-16.500058994537795,16.01983374770841]]]}},{"type":"Feature","properties":{"hauteur":"Moyen /Entre 0.5 et 1m","Hauteur_Vu":"Moyen /Entre 0.5 et 1m","indice":2},"geometry":{"type":"Polygon","coordinates":[[[-16.499781530026876,16.020064680538844],[-16.49979468612041,16.019761004137507],[-16.499853960612775,16.019849352931676],[-16.499962575411455,16.019935119145927],[-16.499781530026876,16.020064680538844]]]}},{"type":"Feature","properties":{"hauteur":"Moyen /Entre 0.5 et 1m","Hauteur_Vu":"Moyen /Entre 0.5 et 1m","indice":2},"geometry":{"type":"Polygon","coordinates":[[[-16.499457407372233,16.020037854935612],[-16.499216618178345,16.01960318097971],[-16.499305854748474,16.019572721287915],[-16.499745045008655,16.019723309735483],[-16.499457407372233,16.020037854935612]]]}},{"type":"Feature","properties":{"hauteur":"Moyen /Entre 0.5 et 1m","Hauteur_Vu":"Moyen /Entre 0.5 et 1m","indice":2},"geometry":{"type":"Polygon","coordinates":[[[-16.499807891253656,16.019257424096473],[-16.49972799570303,16.018983208593962],[-16.499895711481233,16.019134201792834],[-16.500135737847877,16.019466690910004],[-16.499807891253656,16.019257424096473]]]}},{"type":"Feature","properties":{"hauteur":"Moyen /Entre 0.5 et 1m","Hauteur_Vu":"Moyen /Entre 0.5 et 1m","indice":2},"geometry":{"type":"Polygon","coordinates":[[[-16.49968225315267,16.018493000549565],[-16.499878901099034,16.018122868252796],[-16.49993759228649,16.01854613376266],[-16.49972799570303,16.018983208593962],[-16.49968225315267,16.018493000549565]]]}},{"type":"Feature","properties":{"hauteur":"Moyen /Entre 0.5 et 1m","Hauteur_Vu":"Moyen /Entre 0.5 et 1m","indice":2},"geometry":{"type":"Polygon","coordinates":[[[-16.499717823807686,16.018034484841568],[-16.499177633436954,16.018094201661633],[-16.499446687954077,16.017770089982008],[-16.499167119808448,16.017512466785163],[-16.499570776450263,16.017346293260474],[-16.499692776153672,16.01757219693084],[-16.49955842759596,16.01775812074364],[-16.499762401779925,16.0178074173592],[-16.499717823807686,16.018034484841568]]]}},{"type":"Feature","properties":{"hauteur":"Moyen /Entre 0.5 et 1m","Hauteur_Vu":"Moyen /Entre 0.5 et 1m","indice":2},"geometry":{"type":"Polygon","coordinates":[[[-16.499217288688367,16.017207785873936],[-16.498234070601818,16.017325045353],[-16.497964925482623,16.017637221727107],[-16.49834913159462,16.01837821066359],[-16.49795049492266,16.018390689949534],[-16.49773031975123,16.01885767332738],[-16.497430985936614,16.01843161043145],[-16.496843866583454,16.019127909030903],[-16.497091177488212,16.019403662095186],[-16.49665042054383,16.01966332871458],[-16.493746950181738,16.018771961668893],[-16.494081336464237,16.01841644605447],[-16.494219377294304,16.01561683236945],[-16.494892328124095,16.013189432957844],[-16.494989617646453,16.01299780267038],[-16.495186017444652,16.012859187657575],[-16.49556546221704,16.013274254147596],[-16.495389792121358,16.013711088913343],[-16.49557532337271,16.014184194918876],[-16.495924275467758,16.01423248554203],[-16.495911785377345,16.014626412658558],[-16.496079227894505,16.014741607671816],[-16.49629089650745,16.01458199973114],[-16.496331637461115,16.014253515750905],[-16.496781607514343,16.014196673582326],[-16.497093002483478,16.013758891496376],[-16.49764825197606,16.013755018879532],[-16.49860598162205,16.014771722207037],[-16.498300869565846,16.015224380635303],[-16.498904988708777,16.015154523427373],[-16.49863611450388,16.0155025021047],[-16.49913320376163,16.01555870394473],[-16.4987625327383,16.0159073936643],[-16.499326201339294,16.01599744188881],[-16.499116104351906,16.01636738787197],[-16.49941916800048,16.016466714654136],[-16.499235881611916,16.016915539744726],[-16.499570776450263,16.017346293260474],[-16.499217288688367,16.017207785873936]],[[-16.497583116639348,16.01732063709848],[-16.497521830010577,16.017789495273117],[-16.497721236766477,16.01805364738143],[-16.497964925482623,16.017637221727107],[-16.497583116639348,16.01732063709848]],[[-16.497571884877914,16.018296363849263],[-16.497712249483556,16.018089513701018],[-16.497215643460496,16.01809894562776],[-16.497430985936614,16.01843161043145],[-16.497571884877914,16.018296363849263]],[[-16.49666214557095,16.018753238302818],[-16.496612855538004,16.018762532911293],[-16.496445915884063,16.019129192226295],[-16.496843866583454,16.019127909030903],[-16.49666214557095,16.018753238302818]],[[-16.4957315948727,16.01910881061391],[-16.495710707701257,16.01878970711492],[-16.495554183045286,16.01889820874883],[-16.495417078188655,16.019128904066314],[-16.4957315948727,16.01910881061391]],[[-16.496850051763314,16.01809552823804],[-16.49646044085434,16.018387657591063],[-16.49690507347217,16.018441246164738],[-16.496850051763314,16.01809552823804]],[[-16.495109412243,16.018729095701882],[-16.494857855217575,16.018504091463203],[-16.494396423818195,16.018680355678182],[-16.49467632135101,16.018982737685942],[-16.495109412243,16.018729095701882]],[[-16.495491629876753,16.01785819463185],[-16.49504633545781,16.018129824048113],[-16.494877357715296,16.017808768153976],[-16.494498086708962,16.018247020362054],[-16.495526055713395,16.018338320249654],[-16.495491629876753,16.01785819463185]],[[-16.494500969475126,16.0178054219068],[-16.494267168077503,16.017478849490274],[-16.494127710378347,16.01780802049239],[-16.494500969475126,16.0178054219068]],[[-16.497601442541093,16.015544594021417],[-16.49690771476594,16.016008912438423],[-16.4977921798364,16.016301106440775],[-16.497863026799603,16.016700419078553],[-16.49840022093381,16.01675634254072],[-16.498283985577274,16.01523550062632],[-16.497601442541093,16.015544594021417]],[[-16.49649208966841,16.015707479433324],[-16.49643092826041,16.01577951305977],[-16.49638934251979,16.015994624746288],[-16.49685201126023,16.015985431782674],[-16.49649208966841,16.015707479433324]],[[-16.49594464874226,16.015932084174246],[-16.495707496176717,16.015569732997733],[-16.495457479615112,16.01596531495402],[-16.495070266429124,16.01616493220298],[-16.494853844607782,16.01610079938995],[-16.494803160796863,16.01675158536964],[-16.49518034681064,16.0168623366245],[-16.49468496706771,16.017450579641604],[-16.49509220240987,16.017453710758303],[-16.495008138957104,16.01776459454799],[-16.49548368457741,16.01782692180508],[-16.49550445169884,16.017301657057306],[-16.495802857342554,16.017603908697108],[-16.4960340995315,16.0171726535061],[-16.496559311555686,16.017276403198533],[-16.49683605158222,16.017155128141244],[-16.496870533272467,16.01681475326696],[-16.49647962902036,16.01651911526921],[-16.496743495320175,16.01632632289586],[-16.496340075366955,16.016006902718974],[-16.496249834038785,16.015488379025392],[-16.49594464874226,16.015932084174246]],[[-16.49753702086309,16.016833973616848],[-16.497208745294024,16.01666321276365],[-16.497279991773595,16.0171162283009],[-16.497595484014994,16.017227405478426],[-16.49753702086309,16.016833973616848]],[[-16.495174031309702,16.01518557636356],[-16.494789171094435,16.015286716577986],[-16.494981358251255,16.015410691060346],[-16.495219927959738,16.015549260478586],[-16.495174031309702,16.01518557636356]],[[-16.49585486640116,16.014646762340323],[-16.495704976984115,16.01440314843983],[-16.495016968151884,16.01397829683525],[-16.494958471779476,16.014408348074955],[-16.495372581276808,16.01450690767682],[-16.4956033846037,16.01484543453785],[-16.49585486640116,16.014646762340323]],[[-16.49516010401709,16.013314932380634],[-16.49475041595154,16.013810085456964],[-16.49501066544048,16.013960438896085],[-16.495328900042765,16.013612120599376],[-16.49516010401709,16.013314932380634]],[[-16.497357959884226,16.01422370294746],[-16.496931711602418,16.014152084570323],[-16.49710272055662,16.01453876474981],[-16.497357003286826,16.014716009448275],[-16.497357959884226,16.01422370294746]],[[-16.496255284321844,16.014770776474165],[-16.496184029231618,16.015144227662738],[-16.496547628582082,16.01508798777684],[-16.496255284321844,16.014770776474165]]]}},{"type":"Feature","properties":{"hauteur":"Moyen /Entre 0.5 et 1m","Hauteur_Vu":"Moyen /Entre 0.5 et 1m","indice":2},"geometry":{"type":"Polygon","coordinates":[[[-16.49820766876223,16.020401355466795],[-16.49847009040791,16.02001463473204],[-16.49797246836889,16.019475087356323],[-16.498214297770705,16.01922277417437],[-16.498663643057377,16.01949413119385],[-16.498774996664256,16.019120399550335],[-16.499293052498547,16.018678187352016],[-16.49897555241341,16.018298500042825],[-16.499431610620785,16.018229674636913],[-16.499078458997996,16.019640509051573],[-16.498674043013732,16.02058373705289],[-16.49820766876223,16.020401355466795]]]}},{"type":"Feature","properties":{"hauteur":"Moyen /Entre 0.5 et 1m","Hauteur_Vu":"Moyen /Entre 0.5 et 1m","indice":2},"geometry":{"type":"Polygon","coordinates":[[[-16.49134506210611,16.01889477017698],[-16.491895247101386,16.01862241888235],[-16.4915467936533,16.01905746860742],[-16.491133297049977,16.01909446718763],[-16.49134506210611,16.01889477017698]]]}},{"type":"Feature","properties":{"hauteur":"Moyen /Entre 0.5 et 1m","Hauteur_Vu":"Moyen /Entre 0.5 et 1m","indice":2},"geometry":{"type":"Polygon","coordinates":[[[-16.4916408746789,16.018433233836586],[-16.491338360593836,16.01882320935403],[-16.491243959425923,16.018158513244455],[-16.490982997628162,16.017912683902992],[-16.49126271651086,16.017776476814564],[-16.490927592798137,16.017098534495258],[-16.49088368318921,16.016378289877277],[-16.490924156280524,16.01601251258786],[-16.49131552232028,16.015956088488355],[-16.49111389398191,16.015806815212468],[-16.493433989469835,16.014179521390535],[-16.493806664944074,16.01409935397014],[-16.493754768380366,16.01375808832471],[-16.494720819856177,16.013822971977564],[-16.494219377294304,16.01561683236945],[-16.494081336464237,16.01841644605447],[-16.493716812492806,16.018867647842974],[-16.493103178808546,16.019267436208754],[-16.492513449442306,16.018785204747577],[-16.4916408746789,16.018433233836586]],[[-16.49369946016958,16.017150777798086],[-16.49365795983216,16.016963097331203],[-16.49339250267263,16.017149929983294],[-16.493685800786963,16.017388072139564],[-16.49369946016958,16.017150777798086]],[[-16.491499616378704,16.016905006087047],[-16.49175887814314,16.01609165404099],[-16.491713209118302,16.015757803556824],[-16.49137501578333,16.015912319121078],[-16.49124518499808,16.016292143607103],[-16.490915713020133,16.016374990535077],[-16.491499616378704,16.016905006087047]],[[-16.493265500601964,16.01636061527271],[-16.493601895380735,16.01596443452125],[-16.49295152285781,16.01562285647734],[-16.492911840960222,16.016094547588207],[-16.492352542943124,16.016384866103348],[-16.49266203981993,16.016519961652172],[-16.49272608625358,16.01683578213758],[-16.493265500601964,16.01636061527271]],[[-16.492623363509832,16.015467005522193],[-16.492628710302537,16.01577129967775],[-16.49269333495299,16.01574996483477],[-16.49293601036045,16.015611029800652],[-16.492623363509832,16.015467005522193]],[[-16.492333920876362,16.016784803407692],[-16.492318028794397,16.017136983474977],[-16.492502228407798,16.01701635717052],[-16.49268019170504,16.016886823170314],[-16.492333920876362,16.016784803407692]],[[-16.493155490913377,16.01691633749242],[-16.493665327413286,16.016923233131994],[-16.493536959854143,16.016566089640623],[-16.493036915686684,16.0169425232224],[-16.49297692837562,16.017172680721135],[-16.493363724041373,16.017123743644714],[-16.493155490913377,16.01691633749242]],[[-16.4929747835701,16.01480965274612],[-16.492730911537027,16.01478747948497],[-16.492820101008604,16.0151657816407],[-16.4929747835701,16.01480965274612]],[[-16.494238903896044,16.013887864203106],[-16.49410619468892,16.01429456275018],[-16.494325010867485,16.01426618702673],[-16.49455243725854,16.014151225623113],[-16.494238903896044,16.013887864203106]],[[-16.493497057367332,16.017837397525383],[-16.49357679599862,16.018188912060424],[-16.493804049547734,16.018050083204177],[-16.49404628268397,16.0178514770967],[-16.493497057367332,16.017837397525383]],[[-16.493212879168617,16.018203378657343],[-16.49299942848256,16.018539031116244],[-16.492519974152387,16.018781056870772],[-16.493051159343246,16.018857920665635],[-16.493039486495068,16.018532785188945],[-16.493468539817304,16.01856560383595],[-16.493212879168617,16.018203378657343]]]}},{"type":"Feature","properties":{"hauteur":"Moyen /Entre 0.5 et 1m","Hauteur_Vu":"Moyen /Entre 0.5 et 1m","indice":2},"geometry":{"type":"Polygon","coordinates":[[[-16.490750089397764,16.015991717114765],[-16.490453487074515,16.015931120182472],[-16.49080886084152,16.015597468144765],[-16.490885508847477,16.01594900564861],[-16.490750089397764,16.015991717114765]]]}},{"type":"Feature","properties":{"hauteur":"Moyen /Entre 0.5 et 1m","Hauteur_Vu":"Moyen /Entre 0.5 et 1m","indice":2},"geometry":{"type":"Polygon","coordinates":[[[-16.497986728841045,16.014095320906847],[-16.498137791592196,16.013513763399907],[-16.497694756138305,16.012845536523898],[-16.496611827222324,16.01220563882744],[-16.496706931173406,16.01172422576885],[-16.49724691406138,16.012156071919307],[-16.497567054962378,16.0120643301541],[-16.497308756834467,16.011761800702704],[-16.49767847453913,16.011699549448956],[-16.49792583610353,16.01219012374077],[-16.498254184738887,16.011958092867875],[-16.49826282447339,16.012289216051588],[-16.49857471261056,16.01233179394323],[-16.49887735892305,16.011962694375296],[-16.499057517878178,16.0121285201351],[-16.499090385344044,16.012605672075974],[-16.499406066008614,16.012949569196355],[-16.498638429580065,16.01342932661746],[-16.49865330645753,16.01376935705249],[-16.49819257062028,16.013623391012988],[-16.498647185384797,16.014395962905443],[-16.499043750981148,16.014417063280934],[-16.499227114190997,16.01480514697117],[-16.49860598162205,16.014771722207037],[-16.497986728841045,16.014095320906847]]]}},{"type":"Feature","properties":{"hauteur":"Moyen /Entre 0.5 et 1m","Hauteur_Vu":"Moyen /Entre 0.5 et 1m","indice":2},"geometry":{"type":"Polygon","coordinates":[[[-16.49588088925645,16.014205935118703],[-16.49556546221704,16.013274254147596],[-16.49577340113998,16.012966714647824],[-16.495512752639144,16.01276265936245],[-16.4956017870135,16.012705350055825],[-16.495933476486716,16.012665732159828],[-16.496118407710494,16.01305828369234],[-16.496631781309972,16.013230740216667],[-16.496599088913516,16.012983326275382],[-16.496260855234304,16.01271715638826],[-16.496862000101128,16.01271148601934],[-16.497126468373512,16.013013972915854],[-16.49712591903699,16.013354111242105],[-16.49742839890263,16.013375870843817],[-16.497185366141508,16.01373437831504],[-16.496613795500576,16.013763456353484],[-16.496510465732396,16.013558305723613],[-16.496824417580147,16.013463624381068],[-16.496677701708347,16.013231923578772],[-16.49609012638194,16.01386556624706],[-16.496552612435714,16.013832506491628],[-16.496331637461115,16.014253515750905],[-16.49588088925645,16.014205935118703]]]}},{"type":"Feature","properties":{"hauteur":"Moyen /Entre 0.5 et 1m","Hauteur_Vu":"Moyen /Entre 0.5 et 1m","indice":2},"geometry":{"type":"Polygon","coordinates":[[[-16.49567074676682,16.01243783409707],[-16.496168810375977,16.01200472017969],[-16.496260855234304,16.01271715638826],[-16.49567074676682,16.01243783409707]]]}},{"type":"Feature","properties":{"hauteur":"Moyen /Entre 0.5 et 1m","Hauteur_Vu":"Moyen /Entre 0.5 et 1m","indice":2},"geometry":{"type":"Polygon","coordinates":[[[-16.494346579112253,16.01337198248286],[-16.49457178431294,16.012958672698804],[-16.494778617198097,16.01339284403748],[-16.494562199948348,16.013743436437196],[-16.494346579112253,16.01337198248286]]]}},{"type":"Feature","properties":{"hauteur":"Moyen /Entre 0.5 et 1m","Hauteur_Vu":"Moyen /Entre 0.5 et 1m","indice":2},"geometry":{"type":"Polygon","coordinates":[[[-16.49613225637801,16.011652905677913],[-16.496382667013886,16.011311026035244],[-16.496152933736088,16.011115706843878],[-16.49587262771828,16.01117136527421],[-16.495839114760606,16.010813562183404],[-16.49616440577151,16.010999265042003],[-16.496634920232502,16.010132957338932],[-16.497095129582984,16.009795581996254],[-16.49742216233687,16.010008123586587],[-16.49759531084047,16.01047534696856],[-16.49671723988372,16.01098273180238],[-16.4971031041285,16.011072522892114],[-16.496706931173406,16.01172422576885],[-16.49613225637801,16.011652905677913]]]}},{"type":"Feature","properties":{"hauteur":"Moyen /Entre 0.5 et 1m","Hauteur_Vu":"Moyen /Entre 0.5 et 1m","indice":2},"geometry":{"type":"Polygon","coordinates":[[[-16.496166874479492,16.00988112959369],[-16.49620349043029,16.009827168989766],[-16.496498857785195,16.009826602607617],[-16.49645637853659,16.010439290235144],[-16.496166874479492,16.00988112959369]]]}},{"type":"Feature","properties":{"hauteur":"Moyen /Entre 0.5 et 1m","Hauteur_Vu":"Moyen /Entre 0.5 et 1m","indice":2},"geometry":{"type":"Polygon","coordinates":[[[-16.49530072344888,16.01007662376874],[-16.495691587402632,16.009954556104038],[-16.495657792455596,16.010387419061153],[-16.49550786528204,16.010552563408787],[-16.49530072344888,16.01007662376874]]]}},{"type":"Feature","properties":{"hauteur":"Moyen /Entre 0.5 et 1m","Hauteur_Vu":"Moyen /Entre 0.5 et 1m","indice":2},"geometry":{"type":"Polygon","coordinates":[[[-16.49623113259553,16.009500268041396],[-16.49618126305863,16.00901726614384],[-16.49663791956184,16.00950040531322],[-16.496498857785195,16.009826602607617],[-16.49623113259553,16.009500268041396]]]}},{"type":"Feature","properties":{"hauteur":"Moyen /Entre 0.5 et 1m","Hauteur_Vu":"Moyen /Entre 0.5 et 1m","indice":2},"geometry":{"type":"Polygon","coordinates":[[[-16.49650337542177,16.008983693494848],[-16.496148085461115,16.008911578140783],[-16.496149192599997,16.008646026627613],[-16.49640639142124,16.00838764173616],[-16.496118475787735,16.00824941672895],[-16.496400129031166,16.00796102512902],[-16.49610442294095,16.007605048718887],[-16.49662286241269,16.007631272887323],[-16.496382920115426,16.006893002532895],[-16.496009078706166,16.006400322806954],[-16.49670235540714,16.00587932335768],[-16.497124678729595,16.00584057638051],[-16.497057466736653,16.00799821486274],[-16.497203977930223,16.008878846600446],[-16.497095129582984,16.009795581996254],[-16.49663791956184,16.00950040531322],[-16.49650337542177,16.008983693494848]]]}},{"type":"Feature","properties":{"hauteur":"Moyen /Entre 0.5 et 1m","Hauteur_Vu":"Moyen /Entre 0.5 et 1m","indice":2},"geometry":{"type":"Polygon","coordinates":[[[-16.497120171464925,16.00564965497481],[-16.497124678729595,16.00584057638051],[-16.496597167922676,16.005838285379916],[-16.4964159282213,16.005526266095917],[-16.49606661683749,16.005841981536335],[-16.496070542472513,16.005540606644715],[-16.496378091031726,16.00541613506554],[-16.496146499066985,16.004970202500004],[-16.496492476231413,16.004206964424625],[-16.496320933158387,16.003539824257842],[-16.496768635223898,16.003181652210156],[-16.496391563829352,16.003082835437148],[-16.49676778687456,16.00265355401892],[-16.496842074657526,16.00185938841596],[-16.497306083911127,16.001620447491234],[-16.49685991136446,16.001355029109195],[-16.49698295514193,16.000894691346453],[-16.49760060706949,16.001149205801262],[-16.497694257198305,16.001505097752368],[-16.497500367838647,16.001771993149287],[-16.49761962542097,16.00204565655214],[-16.49733296328975,16.002074507475175],[-16.49758589833757,16.002280107268216],[-16.49751409506561,16.002786334483154],[-16.49725340854945,16.002989547153717],[-16.497420343955216,16.00324497646311],[-16.497165160339208,16.003462322995198],[-16.497340076930936,16.003960863212647],[-16.49748828074879,16.003979223738025],[-16.49746974566959,16.00438960315562],[-16.497090325603484,16.00480398996892],[-16.49736048500264,16.00504378151213],[-16.497140173110246,16.005284008257938],[-16.497381927177226,16.005437472209213],[-16.497120171464925,16.00564965497481]]]}},{"type":"Feature","properties":{"hauteur":"Moyen /Entre 0.5 et 1m","Hauteur_Vu":"Moyen /Entre 0.5 et 1m","indice":2},"geometry":{"type":"Polygon","coordinates":[[[-16.50503619579133,16.02019601560521],[-16.504500378349398,16.020325084783348],[-16.50509381708016,16.018829111255773],[-16.505283642179588,16.01863682801908],[-16.506439634177845,16.01893304715776],[-16.506397700811622,16.019100424399788],[-16.506095033388192,16.019054810537693],[-16.50611515365249,16.019269490268734],[-16.505831173773075,16.01924761390404],[-16.505814365768913,16.019474487270408],[-16.505530564587215,16.01947647827049],[-16.50541803536151,16.019280348384466],[-16.505259549954385,16.019538051713013],[-16.50558899109146,16.019524012368365],[-16.50558877594621,16.019834104848453],[-16.505051841545622,16.01981400189268],[-16.505319326892863,16.020104521141842],[-16.50506869913824,16.0204165759015],[-16.50503619579133,16.02019601560521]]]}},{"type":"Feature","properties":{"hauteur":"Moyen /Entre 0.5 et 1m","Hauteur_Vu":"Moyen /Entre 0.5 et 1m","indice":2},"geometry":{"type":"Polygon","coordinates":[[[-16.507152118089735,16.019197455807394],[-16.506647073799936,16.02146795692899],[-16.506125345548394,16.0215163271803],[-16.506232857605116,16.020624043734557],[-16.50653630799287,16.020477270428106],[-16.506424080592428,16.020741046077656],[-16.50663037476535,16.020692260092474],[-16.50655804080138,16.020474487986565],[-16.506697774349206,16.020252597233647],[-16.506441905954436,16.0202175751196],[-16.506533288436415,16.020074920213293],[-16.50635359349658,16.02004462300172],[-16.506121490357913,16.02027768132693],[-16.505769899323493,16.01980677018075],[-16.506112698148353,16.019830663600807],[-16.506439634177845,16.01893304715776],[-16.507152118089735,16.019197455807394]]]}},{"type":"Feature","properties":{"hauteur":"Moyen /Entre 0.5 et 1m","Hauteur_Vu":"Moyen /Entre 0.5 et 1m","indice":2},"geometry":{"type":"Polygon","coordinates":[[[-16.505812710260162,16.020438955780534],[-16.505836432263106,16.020338853924056],[-16.506155381919726,16.020445755725465],[-16.505959464510898,16.020790329817352],[-16.505812710260162,16.020438955780534]]]}},{"type":"Feature","properties":{"hauteur":"Moyen /Entre 0.5 et 1m","Hauteur_Vu":"Moyen /Entre 0.5 et 1m","indice":2},"geometry":{"type":"Polygon","coordinates":[[[-16.505769899323493,16.01980677018075],[-16.50551684455951,16.02050940838714],[-16.505851115860754,16.020846317568736],[-16.505620862438697,16.020963647786882],[-16.505499704436478,16.02076199705816],[-16.505248920886963,16.021042523448404],[-16.50519010471616,16.020814136446003],[-16.50449938003932,16.02044553687045],[-16.50506869913824,16.0204165759015],[-16.505115171448328,16.0206121612462],[-16.5052836552892,16.020597830150166],[-16.50534959857935,16.019963566593148],[-16.50558877594621,16.019834104848453],[-16.50558899109146,16.019524012368365],[-16.505769899323493,16.01980677018075]]]}},{"type":"Feature","properties":{"hauteur":"Moyen /Entre 0.5 et 1m","Hauteur_Vu":"Moyen /Entre 0.5 et 1m","indice":2},"geometry":{"type":"Polygon","coordinates":[[[-16.504823091808177,16.021550446806174],[-16.504474536457383,16.02148451381798],[-16.504377792545107,16.021637725101538],[-16.504482458155113,16.021815823199994],[-16.504054773200068,16.022076549511883],[-16.50449938003932,16.02044553687045],[-16.504823091808177,16.021550446806174]]]}},{"type":"Feature","properties":{"hauteur":"Moyen /Entre 0.5 et 1m","Hauteur_Vu":"Moyen /Entre 0.5 et 1m","indice":2},"geometry":{"type":"Polygon","coordinates":[[[-16.506647073799936,16.02146795692899],[-16.506381526850255,16.023585558089184],[-16.506195324797652,16.023413293262905],[-16.506419940200125,16.022906779898396],[-16.505977748842767,16.02268371420779],[-16.505981726914577,16.022489075276333],[-16.50615011352777,16.022461594673047],[-16.505958119447715,16.02224203236375],[-16.506345650438988,16.02152267051816],[-16.506647073799936,16.02146795692899]]]}},{"type":"Feature","properties":{"hauteur":"Moyen /Entre 0.5 et 1m","Hauteur_Vu":"Moyen /Entre 0.5 et 1m","indice":2},"geometry":{"type":"Polygon","coordinates":[[[-16.506289731035398,16.025756509131657],[-16.505958035408042,16.02576409740239],[-16.50575527987409,16.02556039001088],[-16.505716616182248,16.025118841821513],[-16.505947110894926,16.025033068015375],[-16.50614230263025,16.02386666195337],[-16.506381526850255,16.023585558089184],[-16.506289731035398,16.025756509131657]]]}},{"type":"Feature","properties":{"hauteur":"Moyen /Entre 0.5 et 1m","Hauteur_Vu":"Moyen /Entre 0.5 et 1m","indice":2},"geometry":{"type":"Polygon","coordinates":[[[-16.50430807805825,16.022404166475464],[-16.504058827598016,16.022526888146466],[-16.504245283308308,16.022733341716336],[-16.5040202481652,16.022821705173246],[-16.504105643962003,16.022968379913298],[-16.503962831965218,16.023142953025832],[-16.504221659592368,16.023209515649054],[-16.50422577806317,16.023396208271613],[-16.503917828860722,16.02330632103781],[-16.503867860711715,16.02407722622703],[-16.50365685298818,16.024223348478934],[-16.504054773200068,16.022076549511883],[-16.50430807805825,16.022404166475464]]]}},{"type":"Feature","properties":{"hauteur":"Moyen /Entre 0.5 et 1m","Hauteur_Vu":"Moyen /Entre 0.5 et 1m","indice":2},"geometry":{"type":"Polygon","coordinates":[[[-16.503947060505464,16.024485617492306],[-16.50404095020381,16.025039864053337],[-16.503694083429046,16.025200088143254],[-16.503559742410875,16.025053756322567],[-16.503589909295904,16.02436188633803],[-16.503947060505464,16.024485617492306]]]}},{"type":"Feature","properties":{"hauteur":"Moyen /Entre 0.5 et 1m","Hauteur_Vu":"Moyen /Entre 0.5 et 1m","indice":2},"geometry":{"type":"Polygon","coordinates":[[[-16.506476455111923,16.027084601004695],[-16.506228729388518,16.030670862604563],[-16.505963920028016,16.030533338582952],[-16.505659432853292,16.030906288879926],[-16.505518542685238,16.030612731623467],[-16.505630519076366,16.030314769505406],[-16.50532397928598,16.030414226513063],[-16.50528186915805,16.03023832025006],[-16.505434298245643,16.029895366406716],[-16.50567626729687,16.029888408271432],[-16.505655693473358,16.029683422264515],[-16.505420228656128,16.029832348093482],[-16.50547212610353,16.029500619292737],[-16.505572163878803,16.029423650713653],[-16.5056824512057,16.029625377140523],[-16.505761776923592,16.029325014298244],[-16.505924715995064,16.02965786482987],[-16.506096982172153,16.029059673289623],[-16.50597542329278,16.028805428664707],[-16.505852255514686,16.02906139142502],[-16.505641181010592,16.02883670361606],[-16.505906654213394,16.028700716360465],[-16.505510695723327,16.02847995609035],[-16.50546533405604,16.028233065934476],[-16.5057175462719,16.02814187994154],[-16.505409036649688,16.02797836286385],[-16.505605977196662,16.02776922038856],[-16.505768835577136,16.028091552259383],[-16.50597093782355,16.02784555495733],[-16.506152682845233,16.027423498649252],[-16.505769261136177,16.027423560364134],[-16.50570504299809,16.027200471494258],[-16.50601161725852,16.0271062738272],[-16.50581173722784,16.02692358545957],[-16.506287387045468,16.026531024490083],[-16.506067604927274,16.026232761443723],[-16.50627279931388,16.026036709958756],[-16.506476455111923,16.027084601004695]]]}},{"type":"Feature","properties":{"hauteur":"Moyen /Entre 0.5 et 1m","Hauteur_Vu":"Moyen /Entre 0.5 et 1m","indice":2},"geometry":{"type":"Polygon","coordinates":[[[-16.50381823874202,16.02616438395252],[-16.50394769513753,16.02674730980342],[-16.503916090173185,16.026884285105574],[-16.503703207541065,16.02678058214841],[-16.503651504489184,16.027138608209835],[-16.503338525229605,16.026741059865184],[-16.50349209851762,16.02618770880816],[-16.50381823874202,16.02616438395252]]]}},{"type":"Feature","properties":{"hauteur":"Moyen /Entre 0.5 et 1m","Hauteur_Vu":"Moyen /Entre 0.5 et 1m","indice":2},"geometry":{"type":"Polygon","coordinates":[[[-16.50383426064782,16.02757651709121],[-16.503546068267337,16.0275837969058],[-16.503628432048593,16.028051338225502],[-16.503511251665277,16.028380894521383],[-16.503731938757934,16.028437204989277],[-16.50353217778872,16.028633216305025],[-16.50326758953046,16.02852461570099],[-16.50334542133752,16.02729854615456],[-16.50383426064782,16.02757651709121]]]}},{"type":"Feature","properties":{"hauteur":"Moyen /Entre 0.5 et 1m","Hauteur_Vu":"Moyen /Entre 0.5 et 1m","indice":2},"geometry":{"type":"Polygon","coordinates":[[[-16.503485932333692,16.02899383395653],[-16.50353954913615,16.02997966295883],[-16.503864237927854,16.030124659989816],[-16.503750111361075,16.030498902954193],[-16.503219826325555,16.03013443688171],[-16.503272968729856,16.028879611796945],[-16.503485932333692,16.02899383395653]]]}},{"type":"Feature","properties":{"hauteur":"Moyen /Entre 0.5 et 1m","Hauteur_Vu":"Moyen /Entre 0.5 et 1m","indice":2},"geometry":{"type":"Polygon","coordinates":[[[-16.50342360936957,16.030474892957468],[-16.503750111361075,16.030498902954193],[-16.503860494887448,16.030350855826107],[-16.504319056658083,16.03057906953899],[-16.504532574899724,16.030766923152544],[-16.50450723674776,16.031014309435836],[-16.503973521643832,16.03091811715194],[-16.50406498902438,16.030785981829162],[-16.503933954304255,16.030718523807955],[-16.50317892019655,16.03084479105701],[-16.503219826325555,16.03013443688171],[-16.50342360936957,16.030474892957468]]]}},{"type":"Feature","properties":{"hauteur":"Moyen /Entre 0.5 et 1m","Hauteur_Vu":"Moyen /Entre 0.5 et 1m","indice":2},"geometry":{"type":"Polygon","coordinates":[[[-16.503819828997365,16.0314556900714],[-16.504493248784854,16.031324733173577],[-16.504321822049004,16.03167307952202],[-16.504033860484842,16.03171191737306],[-16.5039172904152,16.032122995855772],[-16.50366641163449,16.03203007929312],[-16.503801505579872,16.031913417442897],[-16.50366357295393,16.03165139664411],[-16.50328126565719,16.03143842650587],[-16.5031404179365,16.031513050285294],[-16.50317892019655,16.03084479105701],[-16.503819828997365,16.0314556900714]]]}},{"type":"Feature","properties":{"hauteur":"Moyen /Entre 0.5 et 1m","Hauteur_Vu":"Moyen /Entre 0.5 et 1m","indice":2},"geometry":{"type":"Polygon","coordinates":[[[-16.503652575665235,16.030909847876007],[-16.503815137028777,16.03082981180763],[-16.503930309969604,16.030957868330194],[-16.503684083699323,16.0311226471844],[-16.503652575665235,16.030909847876007]]]}},{"type":"Feature","properties":{"hauteur":"Moyen /Entre 0.5 et 1m","Hauteur_Vu":"Moyen /Entre 0.5 et 1m","indice":2},"geometry":{"type":"Polygon","coordinates":[[[-16.504127852168274,16.031916388736843],[-16.504333014485184,16.031715079069386],[-16.504386868924833,16.03200661779374],[-16.504181134507736,16.03213166507089],[-16.504127852168274,16.031916388736843]]]}},{"type":"Feature","properties":{"hauteur":"Moyen /Entre 0.5 et 1m","Hauteur_Vu":"Moyen /Entre 0.5 et 1m","indice":2},"geometry":{"type":"Polygon","coordinates":[[[-16.503365443840185,16.031784980537243],[-16.503138250687474,16.031949625453148],[-16.503299276374364,16.03202739321461],[-16.503234763779318,16.032127780803794],[-16.503112398421784,16.03212863843359],[-16.503106230670724,16.031668452767445],[-16.503365443840185,16.031784980537243]]]}},{"type":"Feature","properties":{"hauteur":"Moyen /Entre 0.5 et 1m","Hauteur_Vu":"Moyen /Entre 0.5 et 1m","indice":2},"geometry":{"type":"Polygon","coordinates":[[[-16.503617583802097,16.032046200893625],[-16.503779398322575,16.032229157887798],[-16.503768522857566,16.032592157387505],[-16.503685310840055,16.032737384154586],[-16.503352952790625,16.032658187940818],[-16.502965027980153,16.03278451119704],[-16.503104831915145,16.032207587842937],[-16.503399021339604,16.03227390267667],[-16.50336201572565,16.03205325223678],[-16.503617583802097,16.032046200893625]]]}},{"type":"Feature","properties":{"hauteur":"Moyen /Entre 0.5 et 1m","Hauteur_Vu":"Moyen /Entre 0.5 et 1m","indice":2},"geometry":{"type":"Polygon","coordinates":[[[-16.50343332842832,16.032860125179862],[-16.503962337867318,16.032690733700292],[-16.504001984678492,16.03290084592784],[-16.503791421843175,16.03310745300422],[-16.50343332842832,16.032860125179862]]]}},{"type":"Feature","properties":{"hauteur":"Moyen /Entre 0.5 et 1m","Hauteur_Vu":"Moyen /Entre 0.5 et 1m","indice":2},"geometry":{"type":"Polygon","coordinates":[[[-16.503093837274935,16.032917732295164],[-16.50309730575808,16.033380566709013],[-16.503822003883887,16.03319665442435],[-16.503909847844607,16.033306493313102],[-16.503849357655543,16.03394334803297],[-16.503541846695125,16.034276868953924],[-16.504006546311796,16.03459708527266],[-16.503749123368554,16.034719864975322],[-16.50372894667218,16.034930396708972],[-16.50403283406191,16.034838849655767],[-16.504058611563185,16.03537516390115],[-16.50441266940087,16.03544631675376],[-16.503997845706998,16.035975202208775],[-16.503664594773017,16.035777668687594],[-16.503876304107557,16.035723586421785],[-16.503818605613237,16.035282171603328],[-16.503153959886554,16.035134298777994],[-16.50297283251436,16.034914658556065],[-16.50317929977951,16.034886912559223],[-16.502975945527595,16.034604311030776],[-16.50239906626837,16.035281602621325],[-16.502938347911492,16.032853075033607],[-16.503093837274935,16.032917732295164]],[[-16.50303159123772,16.03404638668463],[-16.50325642305214,16.034292019353742],[-16.50324794911235,16.033887077429682],[-16.502830050979,16.034005721088192],[-16.50287592376035,16.034320985104564],[-16.50303159123772,16.03404638668463]]]}},{"type":"Feature","properties":{"hauteur":"Moyen /Entre 0.5 et 1m","Hauteur_Vu":"Moyen /Entre 0.5 et 1m","indice":2},"geometry":{"type":"Polygon","coordinates":[[[-16.5033602227844,16.035804786716618],[-16.50342881455968,16.035522908837013],[-16.503248573564626,16.03542160722243],[-16.50335639829862,16.035294617140703],[-16.503749629929167,16.035512769637563],[-16.503632229614155,16.035813398997533],[-16.5033602227844,16.035804786716618]]]}},{"type":"Feature","properties":{"hauteur":"Moyen /Entre 0.5 et 1m","Hauteur_Vu":"Moyen /Entre 0.5 et 1m","indice":2},"geometry":{"type":"Polygon","coordinates":[[[-16.50606351571464,16.031846262597842],[-16.505671158032413,16.031743822356283],[-16.50587951152466,16.031605605976228],[-16.505673635622372,16.031349323439002],[-16.506016434558635,16.03137058556374],[-16.505840391143735,16.03110357419458],[-16.506188667566793,16.03113005737211],[-16.50606351571464,16.031846262597842]]]}},{"type":"Feature","properties":{"hauteur":"Moyen /Entre 0.5 et 1m","Hauteur_Vu":"Moyen /Entre 0.5 et 1m","indice":2},"geometry":{"type":"Polygon","coordinates":[[[-16.505795241430786,16.033420812406977],[-16.505393400541223,16.033142236746524],[-16.505223864521895,16.033380115660858],[-16.5050144037485,16.03337106621692],[-16.50493707732176,16.032850893176064],[-16.50521755348574,16.0329015223551],[-16.5052184374014,16.032656937588964],[-16.505544666592456,16.032644128191706],[-16.505379223113508,16.032340223823333],[-16.505710589187544,16.031925007029418],[-16.506009763062668,16.031930796094287],[-16.505795241430786,16.033420812406977]]]}},{"type":"Feature","properties":{"hauteur":"Moyen /Entre 0.5 et 1m","Hauteur_Vu":"Moyen /Entre 0.5 et 1m","indice":2},"geometry":{"type":"Polygon","coordinates":[[[-16.50584206631745,16.033862302818513],[-16.50559776807637,16.03392187539457],[-16.505152438123165,16.03364623454608],[-16.505245875043666,16.033414149570895],[-16.505401957590042,16.033557697197807],[-16.505697546047656,16.033447797116356],[-16.505889749159294,16.0336936559195],[-16.50584206631745,16.033862302818513]],[[-16.505426884794204,16.033618009376596],[-16.50543348786888,16.033773125742297],[-16.505601785224986,16.033732496091655],[-16.505426884794204,16.033618009376596]]]}},{"type":"Feature","properties":{"hauteur":"Moyen /Entre 0.5 et 1m","Hauteur_Vu":"Moyen /Entre 0.5 et 1m","indice":2},"geometry":{"type":"Polygon","coordinates":[[[-16.506004250748557,16.036646124106838],[-16.505584038614533,16.03825074749034],[-16.505343791628995,16.03812620043479],[-16.505492371883104,16.03835658621007],[-16.50529347248676,16.038668308116286],[-16.50509752378751,16.0386486448167],[-16.505089676830103,16.03832785505134],[-16.50458455571169,16.038420816265898],[-16.504554007968753,16.03797395164315],[-16.504390375969614,16.037911982825282],[-16.50428854172004,16.03811256797627],[-16.503928330411256,16.037946782887232],[-16.50358148158308,16.03811226800179],[-16.50329772686016,16.037988023652346],[-16.503214336590528,16.03847250585874],[-16.502473224232077,16.03828308982057],[-16.502535807710174,16.03792498774911],[-16.50219979540774,16.03808513501175],[-16.501980950293042,16.037913096223743],[-16.50199774070896,16.037250249032837],[-16.50229611512665,16.037148223228176],[-16.502081567095114,16.036823621348294],[-16.50221690143445,16.036738517086988],[-16.502546566522327,16.03718328656508],[-16.50288103972088,16.036818019153092],[-16.502847069098273,16.037365271979706],[-16.503114585714613,16.03750015037538],[-16.503178074739182,16.03726301624525],[-16.503397156611033,16.037466610668623],[-16.50362963620725,16.037280888989503],[-16.503848521289225,16.037458185519974],[-16.504245420912397,16.037439622040324],[-16.504356008058135,16.037680794817113],[-16.504501153561478,16.03745360696954],[-16.50444948335305,16.037091046539253],[-16.504062120357876,16.036930711792138],[-16.50423266352971,16.03646402714822],[-16.50404901167758,16.03627070453257],[-16.50440537610998,16.036286613670473],[-16.504218709113275,16.0360538641927],[-16.50449134420646,16.035783703978918],[-16.50449735158957,16.03549700522473],[-16.50492047699604,16.035712315816365],[-16.504908060618277,16.035507272576357],[-16.505273074920147,16.035588866574386],[-16.505323788885626,16.0350993535653],[-16.50508183324935,16.03510894157614],[-16.505058066093376,16.034840860971233],[-16.50482803359919,16.03498974846499],[-16.50477721229548,16.0347402667882],[-16.504905783382686,16.03447900671752],[-16.505084785086424,16.03477755639876],[-16.50541939267076,16.034793616757486],[-16.505229947654115,16.03455299798656],[-16.50542728426321,16.034033527068924],[-16.505865103720353,16.034033082996526],[-16.506004250748557,16.036646124106838]],[[-16.50576823149473,16.036523926939797],[-16.50531373552432,16.036477150549164],[-16.505410549140205,16.036694750556332],[-16.50590335264804,16.036772816163115],[-16.50576823149473,16.036523926939797]]]}},{"type":"Feature","properties":{"hauteur":"Moyen /Entre 0.5 et 1m","Hauteur_Vu":"Moyen /Entre 0.5 et 1m","indice":2},"geometry":{"type":"Polygon","coordinates":[[[-16.510205849385695,15.99281064149524],[-16.509825940149646,15.993342575934228],[-16.509131964540146,15.992526952242638],[-16.509026920495856,15.991887701645194],[-16.508410158829264,15.991906948754528],[-16.508447937846366,15.991392007760533],[-16.50872619967849,15.990925967816578],[-16.509491391530595,15.991538932481603],[-16.510487214619047,15.991563250850215],[-16.510205849385695,15.99281064149524]]]}},{"type":"Feature","properties":{"hauteur":"Moyen /Entre 0.5 et 1m","Hauteur_Vu":"Moyen /Entre 0.5 et 1m","indice":2},"geometry":{"type":"Polygon","coordinates":[[[-16.51009048238993,15.995007402548755],[-16.509547637843685,15.995304773196084],[-16.50915072731985,15.99502709985893],[-16.509300696204754,15.994665027907248],[-16.509127118410216,15.994552869000257],[-16.50930795640702,15.994399434159813],[-16.50935942243694,15.993859036318426],[-16.509825940149646,15.993342575934228],[-16.51009048238993,15.995007402548755]]]}},{"type":"Feature","properties":{"hauteur":"Moyen /Entre 0.5 et 1m","Hauteur_Vu":"Moyen /Entre 0.5 et 1m","indice":2},"geometry":{"type":"Polygon","coordinates":[[[-16.509562239608623,15.995717894117098],[-16.510075915565576,15.9966879984844],[-16.50994690396601,15.997249069520446],[-16.510040283887047,15.998097864599416],[-16.50963087894748,15.99879092784452],[-16.509368722798833,15.998385131724302],[-16.50973660699605,15.998082692909055],[-16.509389377718904,15.997849425854673],[-16.509324965514573,15.996665378851084],[-16.50955499929627,15.996490712780073],[-16.50969379194028,15.996077997440748],[-16.509412884764846,15.99605013438354],[-16.509562239608623,15.995717894117098]]]}},{"type":"Feature","properties":{"hauteur":"Moyen /Entre 0.5 et 1m","Hauteur_Vu":"Moyen /Entre 0.5 et 1m","indice":2},"geometry":{"type":"Polygon","coordinates":[[[-16.50963087894748,15.99879092784452],[-16.509935486272365,15.99925837807575],[-16.509514470411236,16.000400074395976],[-16.508962304357752,16.000732688215418],[-16.50793536071328,16.00057324311846],[-16.508406545500197,16.000059735471243],[-16.50848260573334,15.999713473791514],[-16.5088269710642,15.999564858120596],[-16.50939670545353,15.998825392856135],[-16.50963087894748,15.99879092784452]]]}},{"type":"Feature","properties":{"hauteur":"Moyen /Entre 0.5 et 1m","Hauteur_Vu":"Moyen /Entre 0.5 et 1m","indice":2},"geometry":{"type":"Polygon","coordinates":[[[-16.50935796690664,16.001147566744947],[-16.509298692733896,16.001581913359143],[-16.509616563285043,16.001911044789523],[-16.508990142321945,16.00249401934046],[-16.50936948717355,16.0030436290876],[-16.507844113720875,16.003007030834937],[-16.50777971457349,16.00264646408465],[-16.50797565848766,16.00244966121727],[-16.507732336576222,16.002293236891845],[-16.507989120103762,16.00198262923871],[-16.507822542512496,16.00177643641992],[-16.5080183904754,16.00156695383086],[-16.507803451387225,16.001493125897614],[-16.50810722908716,16.00127915620093],[-16.507912721452232,16.000844912031774],[-16.508962304357752,16.000732688215418],[-16.50935796690664,16.001147566744947]]]}},{"type":"Feature","properties":{"hauteur":"Moyen /Entre 0.5 et 1m","Hauteur_Vu":"Moyen /Entre 0.5 et 1m","indice":2},"geometry":{"type":"Polygon","coordinates":[[[-16.50771766997943,16.003010901951615],[-16.50936948717355,16.0030436290876],[-16.509404497039945,16.004084815318656],[-16.508734003201617,16.003868615809857],[-16.50885178808624,16.00434642662288],[-16.508702968047373,16.004805071030994],[-16.508106356578214,16.004862496834974],[-16.50823565649075,16.004417028816757],[-16.50796400868446,16.003980343062366],[-16.508044134880063,16.00355908934063],[-16.507952578659776,16.003279271245447],[-16.50771766997943,16.003010901951615]]]}},{"type":"Feature","properties":{"hauteur":"Moyen /Entre 0.5 et 1m","Hauteur_Vu":"Moyen /Entre 0.5 et 1m","indice":2},"geometry":{"type":"Polygon","coordinates":[[[-16.508296892578326,16.006205281985896],[-16.50779111835277,16.00601638936294],[-16.50804936723402,16.005489458259774],[-16.508106356578214,16.004862496834974],[-16.50936577890224,16.004767212297292],[-16.509243306524926,16.00601858037917],[-16.508296892578326,16.006205281985896]]]}},{"type":"Feature","properties":{"hauteur":"Moyen /Entre 0.5 et 1m","Hauteur_Vu":"Moyen /Entre 0.5 et 1m","indice":2},"geometry":{"type":"Polygon","coordinates":[[[-16.509295024408704,16.006747256991925],[-16.508754122480408,16.00660485985269],[-16.509213024221253,16.00609740328273],[-16.509295024408704,16.006747256991925]]]}},{"type":"Feature","properties":{"hauteur":"Moyen /Entre 0.5 et 1m","Hauteur_Vu":"Moyen /Entre 0.5 et 1m","indice":2},"geometry":{"type":"Polygon","coordinates":[[[-16.50965452930611,16.00755285428696],[-16.509288319723193,16.007907933553987],[-16.508881875269303,16.007185769026233],[-16.509295024408704,16.006747256991925],[-16.50965452930611,16.00755285428696]]]}},{"type":"Feature","properties":{"hauteur":"Moyen /Entre 0.5 et 1m","Hauteur_Vu":"Moyen /Entre 0.5 et 1m","indice":2},"geometry":{"type":"Polygon","coordinates":[[[-16.509227187847138,16.00832953519288],[-16.509463898031544,16.008711833751065],[-16.508824296645415,16.00906884003001],[-16.508823960376525,16.007791851529017],[-16.509339056673436,16.00790616040313],[-16.509227187847138,16.00832953519288]]]}},{"type":"Feature","properties":{"hauteur":"Moyen /Entre 0.5 et 1m","Hauteur_Vu":"Moyen /Entre 0.5 et 1m","indice":2},"geometry":{"type":"Polygon","coordinates":[[[-16.508266544669617,16.008120982026636],[-16.50870549371999,16.008447589203538],[-16.50812244412764,16.008444225446055],[-16.508072030184568,16.00778967390383],[-16.507769790192953,16.00749044992612],[-16.50813201594428,16.007253692062232],[-16.507859079137116,16.00685132730609],[-16.50817125887186,16.006728298550563],[-16.507913535683755,16.00650335265857],[-16.507946436226376,16.006365874913946],[-16.508371537056767,16.00618387240884],[-16.508177393005127,16.00662084498575],[-16.508244286940986,16.007724316309282],[-16.508944986560696,16.00778503396763],[-16.508266544669617,16.008120982026636]]]}},{"type":"Feature","properties":{"hauteur":"Moyen /Entre 0.5 et 1m","Hauteur_Vu":"Moyen /Entre 0.5 et 1m","indice":2},"geometry":{"type":"Polygon","coordinates":[[[-16.508298766887073,16.00892036698375],[-16.508824296645415,16.00906884003001],[-16.508633850485403,16.009176842579738],[-16.508224820598713,16.009343069139724],[-16.508298766887073,16.00892036698375]]]}},{"type":"Feature","properties":{"hauteur":"Moyen /Entre 0.5 et 1m","Hauteur_Vu":"Moyen /Entre 0.5 et 1m","indice":2},"geometry":{"type":"Polygon","coordinates":[[[-16.50858249437168,16.009732157339783],[-16.508277211114297,16.01015797638028],[-16.50803472963142,16.009703930852137],[-16.508224820598713,16.009343069139724],[-16.50858249437168,16.009732157339783]]]}},{"type":"Feature","properties":{"hauteur":"Moyen /Entre 0.5 et 1m","Hauteur_Vu":"Moyen /Entre 0.5 et 1m","indice":2},"geometry":{"type":"Polygon","coordinates":[[[-16.509358571746958,16.00925958871456],[-16.50911633902905,16.009755258903446],[-16.50896578865654,16.009425134718295],[-16.508824296645415,16.00906884003001],[-16.509358571746958,16.00925958871456]]]}},{"type":"Feature","properties":{"hauteur":"Moyen /Entre 0.5 et 1m","Hauteur_Vu":"Moyen /Entre 0.5 et 1m","indice":2},"geometry":{"type":"Polygon","coordinates":[[[-16.50944112931058,16.010385911105438],[-16.508770785574296,16.010916597905876],[-16.50916186554553,16.011216285558664],[-16.50870459252227,16.011408095720828],[-16.50825753629755,16.011235202691104],[-16.508277211114297,16.01015797638028],[-16.508815799891146,16.010401833387125],[-16.50911633902905,16.009755258903446],[-16.50944112931058,16.010385911105438]]]}},{"type":"Feature","properties":{"hauteur":"Moyen /Entre 0.5 et 1m","Hauteur_Vu":"Moyen /Entre 0.5 et 1m","indice":2},"geometry":{"type":"Polygon","coordinates":[[[-16.50941733463904,16.01174243775639],[-16.508873609386498,16.01284061734924],[-16.509487806771954,16.013159774901077],[-16.509045611212667,16.01365730039418],[-16.509315272235416,16.014081444889072],[-16.50914418241343,16.01447186946384],[-16.50937069684705,16.01494365484927],[-16.509035913507148,16.01526159368203],[-16.5091046871991,16.01572922832239],[-16.508932768169288,16.016552273400368],[-16.50867736785685,16.01620222213807],[-16.508980988282442,16.016067316868494],[-16.508651510959982,16.015942828772392],[-16.508816498479717,16.015627643004432],[-16.508822381353102,16.014768318586654],[-16.508474867084797,16.01285825870204],[-16.50870459252227,16.011408095720828],[-16.50941733463904,16.01174243775639]]]}},{"type":"Feature","properties":{"hauteur":"Moyen /Entre 0.5 et 1m","Hauteur_Vu":"Moyen /Entre 0.5 et 1m","indice":2},"geometry":{"type":"Polygon","coordinates":[[[-16.508827290672475,16.0173291572523],[-16.50917333787163,16.017424029918274],[-16.50867371723259,16.017879880991522],[-16.508785541591593,16.018286725853077],[-16.50849995951503,16.019001429795306],[-16.509021313374433,16.019266012215056],[-16.508544835655787,16.019545498849244],[-16.50900387019866,16.019839447852792],[-16.508447708461624,16.02000903981394],[-16.50855269271245,16.02022921151661],[-16.50816554613147,16.020455472025727],[-16.508685350614737,16.020875228548984],[-16.508100572496048,16.02085566989141],[-16.50825105362179,16.022064355532905],[-16.507766147311955,16.021946788818582],[-16.50801086024594,16.02266828532038],[-16.50748324365551,16.02301913632019],[-16.50773078774278,16.02339346946009],[-16.507624336231395,16.024788051979286],[-16.507931276995006,16.025467032867994],[-16.507197907307564,16.025940304025923],[-16.507062252000296,16.02532256657282],[-16.507289188823517,16.025141955135677],[-16.507336044541415,16.023986964597487],[-16.507146740745686,16.023427373524523],[-16.507329949828062,16.023175462405845],[-16.50724651742818,16.022746406961613],[-16.507502529545395,16.022329885179246],[-16.507523757451143,16.0218702583378],[-16.508070702585233,16.020347752177383],[-16.508015809954664,16.019611183395828],[-16.508369812873198,16.01909849649009],[-16.5081442424841,16.01904936009144],[-16.508400042610827,16.018400116641555],[-16.50827808900324,16.018181677480584],[-16.508429776517204,16.018046348535087],[-16.50841495850566,16.017613827545176],[-16.50865784772127,16.017504710127824],[-16.508560904462477,16.017124979738483],[-16.508975911380777,16.01693111090938],[-16.508827290672475,16.0173291572523]]]}},{"type":"Feature","properties":{"hauteur":"Moyen /Entre 0.5 et 1m","Hauteur_Vu":"Moyen /Entre 0.5 et 1m","indice":2},"geometry":{"type":"Polygon","coordinates":[[[-16.50783271867182,16.028590209758242],[-16.507441670953412,16.028661334887712],[-16.507645617165007,16.02902282440295],[-16.508398246720578,16.029301559747054],[-16.507658011856424,16.029948453376274],[-16.507459226272413,16.02955010945383],[-16.50765743609293,16.03041460278362],[-16.50729424861563,16.03057494784799],[-16.50721112643649,16.02837892827247],[-16.50783271867182,16.028590209758242]]]}},{"type":"Feature","properties":{"hauteur":"Moyen /Entre 0.5 et 1m","Hauteur_Vu":"Moyen /Entre 0.5 et 1m","indice":2},"geometry":{"type":"Polygon","coordinates":[[[-16.508028214161428,16.031264075618974],[-16.50756719311051,16.03143299871524],[-16.50817705787803,16.031891568980054],[-16.507366275434403,16.031836781753366],[-16.50706102612871,16.032470096953706],[-16.507459930980144,16.032719761441808],[-16.507679547744598,16.032271138972924],[-16.508054948584657,16.032649831391105],[-16.507568799116417,16.032732145554213],[-16.507367327010993,16.033062296054972],[-16.507177743014456,16.034612624729395],[-16.507246613849148,16.034730485017874],[-16.508047272879445,16.03452235559304],[-16.50746438066375,16.035120805529704],[-16.507690563204708,16.03554525492814],[-16.507562193035852,16.03583281374147],[-16.508234724059815,16.03594379875423],[-16.50767680713294,16.036247527946095],[-16.508190444726388,16.03656476027053],[-16.507642375109608,16.0367316668037],[-16.5081621151387,16.037136956925487],[-16.50758073563505,16.037033220739758],[-16.50735434142038,16.0373043745184],[-16.507376456405296,16.03590512611706],[-16.50667696004349,16.0332906867312],[-16.50727977475606,16.031001089366665],[-16.508028214161428,16.031264075618974]]]}},{"type":"Feature","properties":{"hauteur":"Haute/Entre 1 et 2m","Hauteur_Vu":"Haute/Entre 1 et 2m","indice":3},"geometry":{"type":"Polygon","coordinates":[[[-16.505127657636223,16.040636290441395],[-16.506045438303982,16.03972516773403],[-16.50591783393278,16.04011528558382],[-16.505497093290256,16.040581098742045],[-16.50538293200937,16.041313005700562],[-16.505127786781774,16.041377914349926],[-16.505127657636223,16.040636290441395]]]}},{"type":"Feature","properties":{"hauteur":"Haute/Entre 1 et 2m","Hauteur_Vu":"Haute/Entre 1 et 2m","indice":3},"geometry":{"type":"Polygon","coordinates":[[[-16.505054340833137,16.042461938578214],[-16.50512944534124,16.041598812214446],[-16.50546632948275,16.041554368492783],[-16.505293526706676,16.04244447973547],[-16.505054340833137,16.042461938578214]]]}},{"type":"Feature","properties":{"hauteur":"Moyen /Entre 0.5 et 1m","Hauteur_Vu":"Moyen /Entre 0.5 et 1m","indice":2},"geometry":{"type":"Polygon","coordinates":[[[-16.505293526706676,16.04244447973547],[-16.505505585446446,16.041711885271038],[-16.50538293200937,16.041313005700562],[-16.505497093290256,16.040581098742045],[-16.506014544720877,16.039956813726683],[-16.5060451033396,16.04076660037381],[-16.505743776176548,16.041200016581232],[-16.506565375428767,16.041241581576212],[-16.506983737873146,16.041906628645627],[-16.50639735240949,16.042405166593564],[-16.505293526706676,16.04244447973547]]]}},{"type":"Feature","properties":{"hauteur":"Haute/Entre 1 et 2m","Hauteur_Vu":"Haute/Entre 1 et 2m","indice":3},"geometry":{"type":"Polygon","coordinates":[[[-16.505367631732106,16.045431496530266],[-16.505515783581686,16.045604027502716],[-16.505377864052548,16.045707561419277],[-16.505399566722573,16.04606244193938],[-16.505870376797617,16.046829687030232],[-16.505703155522962,16.047014953173907],[-16.50572724262949,16.047325108966124],[-16.50597920918044,16.047560026906506],[-16.505729890526606,16.047677493359938],[-16.506047124137012,16.047911952546176],[-16.505634164317552,16.047967452031152],[-16.50554376903435,16.04679516365406],[-16.50528537747932,16.046428796510174],[-16.50514627343686,16.045288408197592],[-16.50522387964025,16.044396335773463],[-16.505026441759416,16.042730381719053],[-16.505293526706676,16.04244447973547],[-16.505367631732106,16.045431496530266]]]}},{"type":"Feature","properties":{"hauteur":"Moyen /Entre 0.5 et 1m","Hauteur_Vu":"Moyen /Entre 0.5 et 1m","indice":2},"geometry":{"type":"Polygon","coordinates":[[[-16.505723842170433,16.04325277352526],[-16.50561763503168,16.043595403247686],[-16.50533058522145,16.04375784181757],[-16.505293526706676,16.04244447973547],[-16.505723842170433,16.04325277352526]]]}},{"type":"Feature","properties":{"hauteur":"Moyen /Entre 0.5 et 1m","Hauteur_Vu":"Moyen /Entre 0.5 et 1m","indice":2},"geometry":{"type":"Polygon","coordinates":[[[-16.50564632403842,16.04451828749065],[-16.505913417508207,16.04459530716397],[-16.50534915585667,16.04478204741257],[-16.50533859784133,16.04446259185615],[-16.50564632403842,16.04451828749065]]]}},{"type":"Feature","properties":{"hauteur":"Moyen /Entre 0.5 et 1m","Hauteur_Vu":"Moyen /Entre 0.5 et 1m","indice":2},"geometry":{"type":"Polygon","coordinates":[[[-16.505524218092823,16.04509771753761],[-16.505515783581686,16.045604027502716],[-16.505367631732106,16.045431496530266],[-16.505354736115827,16.044981878650276],[-16.505524218092823,16.04509771753761]]]}},{"type":"Feature","properties":{"hauteur":"Moyen /Entre 0.5 et 1m","Hauteur_Vu":"Moyen /Entre 0.5 et 1m","indice":2},"geometry":{"type":"Polygon","coordinates":[[[-16.505519541325512,16.046194736487486],[-16.505850329793812,16.046423841225067],[-16.506215618383546,16.047262833381055],[-16.50597920918044,16.047560026906506],[-16.50572724262949,16.047325108966124],[-16.505703155522962,16.047014953173907],[-16.505870376797617,16.046829687030232],[-16.505458590716056,16.04631712506172],[-16.505377864052548,16.045707561419277],[-16.505515783581686,16.045604027502716],[-16.505519541325512,16.046194736487486]]]}},{"type":"Feature","properties":{"hauteur":"Moyen /Entre 0.5 et 1m","Hauteur_Vu":"Moyen /Entre 0.5 et 1m","indice":2},"geometry":{"type":"Polygon","coordinates":[[[-16.50613586318035,16.047913629978552],[-16.506872228032062,16.048189849274333],[-16.50638617910555,16.048290572038052],[-16.505997160032745,16.048274897406273],[-16.50613586318035,16.047913629978552]]]}},{"type":"Feature","properties":{"hauteur":"Haute/Entre 1 et 2m","Hauteur_Vu":"Haute/Entre 1 et 2m","indice":3},"geometry":{"type":"Polygon","coordinates":[[[-16.505777169352754,16.04867618411635],[-16.506148374423017,16.048673575198027],[-16.505872911536873,16.04911207014147],[-16.506401415403477,16.049231959156014],[-16.505729203129118,16.04953122983666],[-16.505605401750746,16.04825661143643],[-16.505997160032745,16.048274897406273],[-16.505777169352754,16.04867618411635]]]}},{"type":"Feature","properties":{"hauteur":"Moyen /Entre 0.5 et 1m","Hauteur_Vu":"Moyen /Entre 0.5 et 1m","indice":2},"geometry":{"type":"Polygon","coordinates":[[[-16.506186506037928,16.048681196780638],[-16.50674146180374,16.048702278900933],[-16.50686606194627,16.049358870593913],[-16.50633629032648,16.049793894690648],[-16.505729203129118,16.04953122983666],[-16.506401415403477,16.049231959156014],[-16.505872911536873,16.04911207014147],[-16.506148374423017,16.048673575198027],[-16.505777169352754,16.04867618411635],[-16.505997160032745,16.048274897406273],[-16.506186506037928,16.048681196780638]]]}},{"type":"Feature","properties":{"hauteur":"Moyen /Entre 0.5 et 1m","Hauteur_Vu":"Moyen /Entre 0.5 et 1m","indice":2},"geometry":{"type":"Polygon","coordinates":[[[-16.506921365844153,16.049299309541194],[-16.507171862109885,16.048976703369195],[-16.50732857233991,16.049201769928214],[-16.507349092336476,16.049398865901733],[-16.506921365844153,16.049299309541194]]]}},{"type":"Feature","properties":{"hauteur":"Moyen /Entre 0.5 et 1m","Hauteur_Vu":"Moyen /Entre 0.5 et 1m","indice":2},"geometry":{"type":"Polygon","coordinates":[[[-16.507221426785826,16.04978109530265],[-16.50785759129392,16.05119674916787],[-16.50772514006765,16.051665798220558],[-16.5072590498581,16.051889987016892],[-16.507042121015953,16.050529239976637],[-16.50657783269977,16.05026951812008],[-16.50633629032648,16.049793894690648],[-16.507221426785826,16.04978109530265]]]}},{"type":"Feature","properties":{"hauteur":"Moyen /Entre 0.5 et 1m","Hauteur_Vu":"Moyen /Entre 0.5 et 1m","indice":2},"geometry":{"type":"Polygon","coordinates":[[[-16.50663212915282,16.046639912975373],[-16.50666956837773,16.046555493837175],[-16.507418822986512,16.046376653206867],[-16.50734135477789,16.04692421142163],[-16.50663212915282,16.046639912975373]]]}},{"type":"Feature","properties":{"hauteur":"Moyen /Entre 0.5 et 1m","Hauteur_Vu":"Moyen /Entre 0.5 et 1m","indice":2},"geometry":{"type":"Polygon","coordinates":[[[-16.496284893291595,15.977604189650473],[-16.4964542223382,15.977770095994252],[-16.496208009928168,15.977841924263508],[-16.496389919780437,15.978040563245404],[-16.496130471283045,15.978199009261129],[-16.49646098695629,15.97868006088414],[-16.49648084345783,15.979484015205465],[-16.496183471332362,15.980142485883734],[-16.496339411663524,15.98037412544963],[-16.496126623420622,15.98037858930952],[-16.496027331797958,15.979883994745194],[-16.496217844129678,15.979372466216855],[-16.495912720678376,15.979195569618392],[-16.496131388696316,15.97894491438561],[-16.495651322331724,15.978676740998695],[-16.496171396206485,15.97851797475128],[-16.496069042759064,15.97823374841615],[-16.496152882909037,15.977894521482751],[-16.495781775068085,15.977553982831969],[-16.496209275775406,15.977597256475034],[-16.496046371523125,15.97725825373565],[-16.496412221638593,15.977306431212531],[-16.496284893291595,15.977604189650473]]]}},{"type":"Feature","properties":{"hauteur":"Moyen /Entre 0.5 et 1m","Hauteur_Vu":"Moyen /Entre 0.5 et 1m","indice":2},"geometry":{"type":"Polygon","coordinates":[[[-16.496556108262105,15.982347044782742],[-16.496409729242796,15.9821571100546],[-16.49667253274357,15.982241807050755],[-16.496576455218097,15.982594545689771],[-16.496556108262105,15.982347044782742]]]}},{"type":"Feature","properties":{"hauteur":"Moyen /Entre 0.5 et 1m","Hauteur_Vu":"Moyen /Entre 0.5 et 1m","indice":2},"geometry":{"type":"Polygon","coordinates":[[[-16.49624147358936,15.98151381334607],[-16.49624040892208,15.981370605785354],[-16.49633908191324,15.981366935679246],[-16.49638372510798,15.981563545653591],[-16.49624147358936,15.98151381334607]]]}},{"type":"Feature","properties":{"hauteur":"Moyen /Entre 0.5 et 1m","Hauteur_Vu":"Moyen /Entre 0.5 et 1m","indice":2},"geometry":{"type":"Polygon","coordinates":[[[-16.496149348647197,15.985302191229495],[-16.49570661036163,15.98507851425515],[-16.495442803431107,15.985274285976647],[-16.495139058090942,15.985076493914786],[-16.49461799156329,15.98510398543656],[-16.494445522404167,15.98555422289021],[-16.49397380306892,15.985581369984402],[-16.494084687331977,15.985144987145144],[-16.49451244752293,15.984701926759474],[-16.49618891785687,15.984920009444936],[-16.496594933063918,15.984768001879482],[-16.496444197357825,15.985133055466815],[-16.496149348647197,15.985302191229495]]]}},{"type":"Feature","properties":{"hauteur":"Moyen /Entre 0.5 et 1m","Hauteur_Vu":"Moyen /Entre 0.5 et 1m","indice":2},"geometry":{"type":"Polygon","coordinates":[[[-16.492291381889398,15.98183197628504],[-16.492330813274712,15.98174219319838],[-16.492809157405166,15.981777661037667],[-16.492682385588882,15.982151497053774],[-16.492291381889398,15.98183197628504]]]}},{"type":"Feature","properties":{"hauteur":"Moyen /Entre 0.5 et 1m","Hauteur_Vu":"Moyen /Entre 0.5 et 1m","indice":2},"geometry":{"type":"Polygon","coordinates":[[[-16.492615788474293,15.981489589121665],[-16.492622253197094,15.981113604434313],[-16.492916333059124,15.98042532407423],[-16.49318672576105,15.980286199290404],[-16.4934930146638,15.980412369682657],[-16.49324646933809,15.980855661468537],[-16.493653276434458,15.980811065719193],[-16.49335810647201,15.981144300305921],[-16.492805470927465,15.98111383454479],[-16.493135865974523,15.98149024690561],[-16.492615788474293,15.981489589121665]]]}},{"type":"Feature","properties":{"hauteur":"Moyen /Entre 0.5 et 1m","Hauteur_Vu":"Moyen /Entre 0.5 et 1m","indice":2},"geometry":{"type":"Polygon","coordinates":[[[-16.49377837907459,15.982082722790064],[-16.494246100003483,15.982894195877508],[-16.493905730450006,15.983163596948001],[-16.493719278266173,15.982256756704762],[-16.493389804710784,15.98218803743296],[-16.49357179829139,15.98180017826005],[-16.49321866491181,15.981473892668161],[-16.493676135879937,15.981189830298632],[-16.49377837907459,15.982082722790064]]]}},{"type":"Feature","properties":{"hauteur":"Moyen /Entre 0.5 et 1m","Hauteur_Vu":"Moyen /Entre 0.5 et 1m","indice":2},"geometry":{"type":"Polygon","coordinates":[[[-16.49241967021426,15.982981112191252],[-16.491894964973575,15.982982122868602],[-16.49191834904678,15.98246912975086],[-16.491648118813163,15.982323729639976],[-16.49187223958122,15.982117042714913],[-16.49153598279338,15.9818694770237],[-16.491819559938914,15.981844200459328],[-16.491951154871362,15.98212076708355],[-16.492324967553042,15.982201715791822],[-16.49241967021426,15.982981112191252]]]}},{"type":"Feature","properties":{"hauteur":"Moyen /Entre 0.5 et 1m","Hauteur_Vu":"Moyen /Entre 0.5 et 1m","indice":2},"geometry":{"type":"Polygon","coordinates":[[[-16.494032046677574,15.983559544531104],[-16.493681060987008,15.983645524771529],[-16.49400292655859,15.984207198259764],[-16.49366072748895,15.984230460911084],[-16.494095073083137,15.984570562981594],[-16.493909368808453,15.98490005433882],[-16.49412994791294,15.985113344373776],[-16.493672943448406,15.985356702904687],[-16.49390332848275,15.985618409288927],[-16.493062799780937,15.985824151599001],[-16.493164176415483,15.98618446900456],[-16.49284440512192,15.986320953494564],[-16.492951662513782,15.98664244274689],[-16.492821283549315,15.986910026221748],[-16.492402828884547,15.98694186002851],[-16.493462555513382,15.98503045444361],[-16.4931469533693,15.98499977237832],[-16.493608843622358,15.984227318929253],[-16.493646092047307,15.983568270261534],[-16.49347616665338,15.983201264366404],[-16.493905730450006,15.983163596948001],[-16.494032046677574,15.983559544531104]]]}},{"type":"Feature","properties":{"hauteur":"Moyen /Entre 0.5 et 1m","Hauteur_Vu":"Moyen /Entre 0.5 et 1m","indice":2},"geometry":{"type":"Polygon","coordinates":[[[-16.49080886084152,16.015597468144765],[-16.49031091526443,16.015552088567873],[-16.49056380949787,16.015187407092217],[-16.49008000013891,16.01521443489113],[-16.49045240038581,16.0144649591572],[-16.490920523778176,16.01415664073845],[-16.49080570966483,16.014807022350254],[-16.49114494161706,16.014717879778527],[-16.491023362274248,16.015189475539007],[-16.491345577563177,16.015005774568984],[-16.49119936085868,16.014722761571296],[-16.49170562396194,16.01479025154972],[-16.49098816691712,16.01411146274061],[-16.491251504658784,16.01368885041239],[-16.49162328025415,16.013954517049957],[-16.491319767882338,16.014093380160162],[-16.492178497096305,16.01475540651076],[-16.492768771955955,16.01474507230252],[-16.49111389398191,16.015806815212468],[-16.49080886084152,16.015597468144765]]]}},{"type":"Feature","properties":{"hauteur":"Moyen /Entre 0.5 et 1m","Hauteur_Vu":"Moyen /Entre 0.5 et 1m","indice":2},"geometry":{"type":"Polygon","coordinates":[[[-16.492564596277074,16.014752722486996],[-16.493048904252188,16.014244415187452],[-16.492618637565826,16.01415799068859],[-16.492773270628224,16.01374402216925],[-16.49242885989637,16.013501836436337],[-16.49232509732612,16.012477512599077],[-16.49308697727711,16.012051522406843],[-16.493646964857078,16.01203048719043],[-16.49388811190916,16.012281279267867],[-16.494611612987093,16.012310432711413],[-16.49449479597968,16.012689950397526],[-16.494137866820314,16.012958053776178],[-16.493581491356853,16.013829789780463],[-16.493201008094125,16.013856105479125],[-16.493433989469835,16.014179521390535],[-16.492768771955955,16.01474507230252],[-16.492564596277074,16.014752722486996]]]}},{"type":"Feature","properties":{"hauteur":"Moyen /Entre 0.5 et 1m","Hauteur_Vu":"Moyen /Entre 0.5 et 1m","indice":2},"geometry":{"type":"Polygon","coordinates":[[[-16.490467440585892,16.014018429834067],[-16.490223699883302,16.01341787551453],[-16.48974905401933,16.01321340767648],[-16.490104032071716,16.01304789064005],[-16.489644979449857,16.01274600805665],[-16.490136315631506,16.012634772746896],[-16.48999218507175,16.011899401784763],[-16.490363097444977,16.012058512223614],[-16.490698312379077,16.012542519062333],[-16.491070617438933,16.01189462742929],[-16.491490569839787,16.011844811855024],[-16.491323813370048,16.012236827375602],[-16.49165074771678,16.012228589025707],[-16.49131742274637,16.012577100289224],[-16.49181410529006,16.012579617098034],[-16.4923494458402,16.01201786253913],[-16.49242885989637,16.013501836436337],[-16.4922087504881,16.0138866735493],[-16.492677501650167,16.014212151726884],[-16.492657444263124,16.01462321213085],[-16.492564596277074,16.014752722486996],[-16.49233225560814,16.01440653418964],[-16.491898696580922,16.014425984404618],[-16.491620186143933,16.014270125971315],[-16.49162328025415,16.013954517049957],[-16.49090085942351,16.01352231489065],[-16.490762068000713,16.013873054847355],[-16.49098816691712,16.01411146274061],[-16.490467440585892,16.014018429834067]]]}},{"type":"Feature","properties":{"hauteur":"Moyen /Entre 0.5 et 1m","Hauteur_Vu":"Moyen /Entre 0.5 et 1m","indice":2},"geometry":{"type":"Polygon","coordinates":[[[-16.49275152370583,16.011743556166724],[-16.49271439382161,16.012143622242505],[-16.4923494458402,16.01201786253913],[-16.49275152370583,16.011743556166724]]]}},{"type":"Feature","properties":{"hauteur":"Moyen /Entre 0.5 et 1m","Hauteur_Vu":"Moyen /Entre 0.5 et 1m","indice":2},"geometry":{"type":"Polygon","coordinates":[[[-16.492955182352304,16.011336364983006],[-16.49291151130545,16.01085630236682],[-16.492481100175848,16.010638504929087],[-16.492203682580982,16.010252559452656],[-16.492587917685555,16.010353757049153],[-16.49292296814195,16.01081538411937],[-16.49316032319222,16.01058399336291],[-16.49321172130029,16.010236041751543],[-16.492887365166947,16.010175640542695],[-16.493101834366616,16.008940413613484],[-16.492711081170917,16.00907739397974],[-16.492292884014482,16.008426882725296],[-16.49202240400341,16.00756043995728],[-16.492721512767538,16.00796847554774],[-16.492756718985543,16.008315377031852],[-16.49352520278684,16.008910964865482],[-16.493431897521734,16.00916145373855],[-16.493796508047623,16.009195736293158],[-16.49393398001501,16.00939991170347],[-16.493772017250407,16.00955883203623],[-16.49407289962607,16.009798689062052],[-16.494080352104092,16.010069516255147],[-16.49435895585438,16.010238520673056],[-16.49404539681754,16.01048791254583],[-16.4947514438287,16.01073020878243],[-16.494434167842748,16.010845502563566],[-16.494666824709793,16.01105164473844],[-16.49527602722676,16.01106844241197],[-16.495158233256753,16.01131647253886],[-16.495426277033687,16.011527627149523],[-16.49538013546675,16.01190402304585],[-16.494611612987093,16.012310432711413],[-16.494684334459,16.011943056468134],[-16.49308697727711,16.012051522406843],[-16.49275152370583,16.011743556166724],[-16.492955182352304,16.011336364983006]],[[-16.494247436996584,16.011284514931777],[-16.493989077072833,16.011643978213566],[-16.49452195485307,16.01163501001653],[-16.494247436996584,16.011284514931777]],[[-16.493753448132253,16.01067255691733],[-16.49346097449526,16.010832384956313],[-16.493698207200136,16.01128833634119],[-16.493753448132253,16.01067255691733]]]}},{"type":"Feature","properties":{"hauteur":"Moyen /Entre 0.5 et 1m","Hauteur_Vu":"Moyen /Entre 0.5 et 1m","indice":2},"geometry":{"type":"Polygon","coordinates":[[[-16.491375555415217,16.0113115386631],[-16.491654024467376,16.011008256406463],[-16.491963955558642,16.01120302354014],[-16.492144138841386,16.01054238653601],[-16.492327346615216,16.011534666157527],[-16.491739070344476,16.012003922503737],[-16.49200127930232,16.012029326347495],[-16.492015058677236,16.012223167334344],[-16.49165074771678,16.012228589025707],[-16.491375555415217,16.0113115386631]]]}},{"type":"Feature","properties":{"hauteur":"Moyen /Entre 0.5 et 1m","Hauteur_Vu":"Moyen /Entre 0.5 et 1m","indice":2},"geometry":{"type":"Polygon","coordinates":[[[-16.489711878032782,16.012004734629507],[-16.48983359581279,16.01155154771533],[-16.489436267046663,16.01187252189869],[-16.48922723564211,16.011184938480753],[-16.489518379272596,16.011211847902814],[-16.4891513476067,16.01085146769763],[-16.48954993223869,16.00993756189321],[-16.48986129378252,16.011053522846332],[-16.49027114696801,16.01085693049772],[-16.490297610814046,16.011339908513943],[-16.49075532564413,16.01108013781575],[-16.49102844707902,16.011510869749998],[-16.491070617438933,16.01189462742929],[-16.490620109040584,16.011773281929944],[-16.490857890047927,16.012222161213124],[-16.48999218507175,16.011899401784763],[-16.489711878032782,16.012004734629507]]]}},{"type":"Feature","properties":{"hauteur":"Moyen /Entre 0.5 et 1m","Hauteur_Vu":"Moyen /Entre 0.5 et 1m","indice":2},"geometry":{"type":"Polygon","coordinates":[[[-16.49100374905366,16.010677112878593],[-16.491208043757116,16.010978534026997],[-16.491052322502934,16.010987074525996],[-16.490765679199754,16.011020393056963],[-16.49100374905366,16.010677112878593]]]}},{"type":"Feature","properties":{"hauteur":"Moyen /Entre 0.5 et 1m","Hauteur_Vu":"Moyen /Entre 0.5 et 1m","indice":2},"geometry":{"type":"Polygon","coordinates":[[[-16.49027114696801,16.01085693049772],[-16.49026993038527,16.01083138925973],[-16.490621763470457,16.010616001191288],[-16.490719245826845,16.011021472992297],[-16.49027114696801,16.01085693049772]]]}},{"type":"Feature","properties":{"hauteur":"Moyen /Entre 0.5 et 1m","Hauteur_Vu":"Moyen /Entre 0.5 et 1m","indice":2},"geometry":{"type":"Polygon","coordinates":[[[-16.49260257623337,16.010250719511685],[-16.492537555963462,16.010010988272033],[-16.492887365166947,16.010175640542695],[-16.49263448707938,16.0103937125079],[-16.49260257623337,16.010250719511685]]]}},{"type":"Feature","properties":{"hauteur":"Moyen /Entre 0.5 et 1m","Hauteur_Vu":"Moyen /Entre 0.5 et 1m","indice":2},"geometry":{"type":"Polygon","coordinates":[[[-16.492203682580982,16.010252559452656],[-16.49210991719725,16.010711200133724],[-16.49164742817246,16.010535394829706],[-16.49100374905366,16.010677112878593],[-16.49069477496653,16.009779689366987],[-16.490365506199435,16.00934281966259],[-16.4906355838388,16.00915595914278],[-16.491099345479107,16.009295954402237],[-16.492133003162643,16.009017263116814],[-16.492380658159313,16.009549614187176],[-16.492716708919083,16.009523409346816],[-16.492932472431843,16.009811322662774],[-16.492203682580982,16.010252559452656]]]}},{"type":"Feature","properties":{"hauteur":"Moyen /Entre 0.5 et 1m","Hauteur_Vu":"Moyen /Entre 0.5 et 1m","indice":2},"geometry":{"type":"Polygon","coordinates":[[[-16.49052273439842,16.010291086778587],[-16.490131908702605,16.010211003118492],[-16.490022183961734,16.010598146531297],[-16.489743792748325,16.01028828720936],[-16.489927970462844,16.009957316587087],[-16.489596025326787,16.009913372993562],[-16.489651226980072,16.009453508655675],[-16.48928602007076,16.00929194122498],[-16.489656974406728,16.00898056095744],[-16.489397265988348,16.008901803893867],[-16.490078163204863,16.008449720127523],[-16.490560916683076,16.009616518112527],[-16.49052273439842,16.010291086778587]]]}},{"type":"Feature","properties":{"hauteur":"Moyen /Entre 0.5 et 1m","Hauteur_Vu":"Moyen /Entre 0.5 et 1m","indice":2},"geometry":{"type":"Polygon","coordinates":[[[-16.490167715151482,16.008046306640114],[-16.49061907669404,16.007762711654088],[-16.491033790793125,16.007944818769186],[-16.491033894645046,16.008374462825678],[-16.491376718162478,16.008325835869517],[-16.49178749972705,16.00901667986036],[-16.49136378454745,16.009180739622106],[-16.491126693160464,16.008824348765298],[-16.49063802649976,16.009069416496818],[-16.490640661445113,16.008177288464324],[-16.49010563736243,16.00841074210708],[-16.490167715151482,16.008046306640114]]]}},{"type":"Feature","properties":{"hauteur":"Moyen /Entre 0.5 et 1m","Hauteur_Vu":"Moyen /Entre 0.5 et 1m","indice":2},"geometry":{"type":"Polygon","coordinates":[[[-16.488897478541357,16.009055199142235],[-16.48898334417581,16.00853388377543],[-16.488794235472504,16.008310281653795],[-16.488816037992812,16.007972245248943],[-16.489128440991664,16.00793326071492],[-16.48873450014179,16.007609884348454],[-16.489234878115745,16.007619564675007],[-16.489509137964593,16.00784202012355],[-16.48938840649395,16.008200894985684],[-16.489719082963045,16.00828214350347],[-16.490167715151482,16.008046306640114],[-16.490078163204863,16.008449720127523],[-16.489284830859233,16.00892346918325],[-16.48921692480706,16.00933419144528],[-16.488897478541357,16.009055199142235]]]}},{"type":"Feature","properties":{"hauteur":"Moyen /Entre 0.5 et 1m","Hauteur_Vu":"Moyen /Entre 0.5 et 1m","indice":2},"geometry":{"type":"Polygon","coordinates":[[[-16.489719082963045,16.00828214350347],[-16.489509137964593,16.00784202012355],[-16.488403245990302,16.006755819118162],[-16.488868286375702,16.006400189294688],[-16.488654263841617,16.006138682810036],[-16.48864605946002,16.005765293861458],[-16.489037034110606,16.00568894654292],[-16.488593924396604,16.005334351554563],[-16.48886959447748,16.00510889937184],[-16.488677179560412,16.004460647647566],[-16.489416011369787,16.00436084955414],[-16.4891860081339,16.004877904608545],[-16.489696026526268,16.004721833897825],[-16.48955294999276,16.00522776681086],[-16.489992433995372,16.005093223672347],[-16.4898552637835,16.00566223333523],[-16.490260405515954,16.005296496727723],[-16.49029169018976,16.00584855835302],[-16.490489440017175,16.006115435790942],[-16.490890821602555,16.00597589533212],[-16.490738615299293,16.006350397297886],[-16.491139626321342,16.006160890872913],[-16.491249805015087,16.006500726913092],[-16.490269022774143,16.00631658114081],[-16.489748253632545,16.006391801417728],[-16.48974760231137,16.006720007016362],[-16.489399173272865,16.007156544109552],[-16.48990130754377,16.007895989090034],[-16.490167715151482,16.008046306640114],[-16.489719082963045,16.00828214350347]]]}},{"type":"Feature","properties":{"hauteur":"Moyen /Entre 0.5 et 1m","Hauteur_Vu":"Moyen /Entre 0.5 et 1m","indice":2},"geometry":{"type":"Polygon","coordinates":[[[-16.491379448968875,16.007135342949624],[-16.491249805015087,16.006500726913092],[-16.49158504518614,16.006688379774523],[-16.49181123013474,16.00712339326621],[-16.491379448968875,16.007135342949624]]]}},{"type":"Feature","properties":{"hauteur":"Moyen /Entre 0.5 et 1m","Hauteur_Vu":"Moyen /Entre 0.5 et 1m","indice":2},"geometry":{"type":"Polygon","coordinates":[[[-16.492675271969496,16.005941804793576],[-16.49241687599947,16.00629600648989],[-16.4919548983223,16.006330774840176],[-16.49167725865929,16.006290624916883],[-16.49145220112738,16.006008158956657],[-16.491627157936517,16.00540206765519],[-16.492340403488,16.00551808853631],[-16.492147065403756,16.005845538923044],[-16.492675271969496,16.005941804793576]]]}},{"type":"Feature","properties":{"hauteur":"Moyen /Entre 0.5 et 1m","Hauteur_Vu":"Moyen /Entre 0.5 et 1m","indice":2},"geometry":{"type":"Polygon","coordinates":[[[-16.493516880268558,16.005036530098973],[-16.493077086762558,16.00512900408263],[-16.49326999274714,16.004743698309355],[-16.493516880268558,16.005036530098973]]]}},{"type":"Feature","properties":{"hauteur":"Moyen /Entre 0.5 et 1m","Hauteur_Vu":"Moyen /Entre 0.5 et 1m","indice":2},"geometry":{"type":"Polygon","coordinates":[[[-16.489257091325708,16.002033115203545],[-16.489775362154145,16.0020384727583],[-16.49010956522886,16.001764643050443],[-16.490449962901458,16.002396704326408],[-16.490979568008754,16.002499540213094],[-16.490727234641316,16.00293785454777],[-16.491129312285974,16.002892985619273],[-16.491203943965427,16.00342370698869],[-16.490668384998663,16.004534611332158],[-16.490669301861946,16.004658210191256],[-16.491006754383065,16.004697946439926],[-16.490797335531944,16.00505706614325],[-16.49045972636848,16.004996291509496],[-16.490563304793277,16.00466420556071],[-16.490175422337796,16.004790502091783],[-16.490464243234435,16.00413891323852],[-16.490418986025283,16.003902536372316],[-16.49017335224565,16.003778005370865],[-16.49026341442503,16.00345653290196],[-16.490038674246605,16.003216141174857],[-16.489791073871036,16.00355974540063],[-16.489019112319816,16.003591396791325],[-16.489081909822627,16.00325959406035],[-16.488733506500637,16.003209410851397],[-16.488915349431313,16.002797886085535],[-16.488413172192686,16.002543635740555],[-16.489257091325708,16.002033115203545]]]}},{"type":"Feature","properties":{"hauteur":"Moyen /Entre 0.5 et 1m","Hauteur_Vu":"Moyen /Entre 0.5 et 1m","indice":2},"geometry":{"type":"Polygon","coordinates":[[[-16.490129188421292,16.001498962356614],[-16.49055500997833,16.001516893934827],[-16.490579973944467,16.001555508136857],[-16.49010443574502,16.001904910037798],[-16.490129188421292,16.001498962356614]]]}},{"type":"Feature","properties":{"hauteur":"Moyen /Entre 0.5 et 1m","Hauteur_Vu":"Moyen /Entre 0.5 et 1m","indice":2},"geometry":{"type":"Polygon","coordinates":[[[-16.490579973944467,16.001555508136857],[-16.490697710953203,16.001890044748198],[-16.491534839155214,16.00184741582609],[-16.492097427434658,16.002913877418802],[-16.49276968608157,16.003003883283895],[-16.492513242566943,16.00398661661448],[-16.491203943965427,16.00342370698869],[-16.491071959934743,16.002492324209182],[-16.491610681326716,16.00254118231215],[-16.491213307480663,16.00212052743101],[-16.49039115659996,16.00229974611769],[-16.490579973944467,16.001555508136857]]]}},{"type":"Feature","properties":{"hauteur":"Moyen /Entre 0.5 et 1m","Hauteur_Vu":"Moyen /Entre 0.5 et 1m","indice":2},"geometry":{"type":"Polygon","coordinates":[[[-16.491203943965427,16.00342370698869],[-16.49276645814471,16.004033510172455],[-16.49393451311391,16.003883375461438],[-16.49394190581163,16.00414631356027],[-16.49348455048787,16.004070597042315],[-16.493293504489245,16.00434017460685],[-16.49326999274714,16.004743698309355],[-16.49289026889286,16.00459544750843],[-16.492669665615306,16.004912568166375],[-16.492656634146872,16.005354481284133],[-16.492301539102144,16.005136037354767],[-16.49184496274314,16.00516550794512],[-16.491627157936517,16.00540206765519],[-16.491329546658644,16.00532688098731],[-16.4916838429524,16.003972653559618],[-16.491328374393632,16.00406979805319],[-16.49116008445882,16.003742229115094],[-16.491203943965427,16.00342370698869]]]}},{"type":"Feature","properties":{"hauteur":"Moyen /Entre 0.5 et 1m","Hauteur_Vu":"Moyen /Entre 0.5 et 1m","indice":2},"geometry":{"type":"Polygon","coordinates":[[[-16.49302008676549,16.001778747640913],[-16.49332290719209,16.001433523952812],[-16.49395778245019,16.001161271833762],[-16.494095795687933,16.00143908101085],[-16.493693639417813,16.002204547241625],[-16.49367493762215,16.002614941013125],[-16.494222851062574,16.003168668428323],[-16.493804382798505,16.003203137537728],[-16.49393451311391,16.003883375461438],[-16.492513242566943,16.00398661661448],[-16.49302008676549,16.001778747640913]]]}},{"type":"Feature","properties":{"hauteur":"Moyen /Entre 0.5 et 1m","Hauteur_Vu":"Moyen /Entre 0.5 et 1m","indice":2},"geometry":{"type":"Polygon","coordinates":[[[-16.494315799473416,16.00360195453703],[-16.49473213631813,16.00364639603704],[-16.494541973345175,16.003303202972376],[-16.49488445069467,16.003287670505195],[-16.49512930433399,16.003672560876527],[-16.49471957870086,16.003785867820138],[-16.494438870954248,16.004063959831022],[-16.49394190581163,16.00414631356027],[-16.494315799473416,16.00360195453703]]]}},{"type":"Feature","properties":{"hauteur":"Moyen /Entre 0.5 et 1m","Hauteur_Vu":"Moyen /Entre 0.5 et 1m","indice":2},"geometry":{"type":"Polygon","coordinates":[[[-16.49231893775762,16.002719041308993],[-16.49194857930972,16.00264140189879],[-16.49178765092342,16.00220661394038],[-16.49196151559158,16.001820126543354],[-16.49228230522934,16.001706298929815],[-16.492967822831588,16.00221770646517],[-16.49276968608157,16.003003883283895],[-16.49250562572349,16.00296100981616],[-16.49231893775762,16.002719041308993]]]}},{"type":"Feature","properties":{"hauteur":"Moyen /Entre 0.5 et 1m","Hauteur_Vu":"Moyen /Entre 0.5 et 1m","indice":2},"geometry":{"type":"Polygon","coordinates":[[[-16.490697710953203,16.001890044748198],[-16.490408222437374,16.001273253270256],[-16.49067513894812,16.001077464407746],[-16.490307305100785,16.0009755886433],[-16.49064459026727,16.00070173689201],[-16.490500290508944,16.000377520508398],[-16.490958857728785,16.0003490842343],[-16.49175554249368,16.000719629613492],[-16.49222101230215,16.00042447855434],[-16.492679174405776,16.001148584034862],[-16.492663746974408,16.00156341775931],[-16.492310425996504,16.00133911531958],[-16.49228230522934,16.001706298929815],[-16.490697710953203,16.001890044748198]]]}},{"type":"Feature","properties":{"hauteur":"Moyen /Entre 0.5 et 1m","Hauteur_Vu":"Moyen /Entre 0.5 et 1m","indice":2},"geometry":{"type":"Polygon","coordinates":[[[-16.488061923617927,16.00164993011324],[-16.488293017360963,16.001280143112858],[-16.488524567772195,16.001629432072853],[-16.488865272684063,16.001400313893146],[-16.48880274358967,16.0023286619015],[-16.488413172192686,16.002543635740555],[-16.488061923617927,16.00164993011324]]]}},{"type":"Feature","properties":{"hauteur":"Moyen /Entre 0.5 et 1m","Hauteur_Vu":"Moyen /Entre 0.5 et 1m","indice":2},"geometry":{"type":"Polygon","coordinates":[[[-16.487843027552966,16.00122273107645],[-16.488115546179117,16.000939444140926],[-16.487779806839722,16.000762936022287],[-16.488142678770657,16.000462487113957],[-16.488481410988435,16.000800276654857],[-16.488293017360963,16.001280143112858],[-16.487843027552966,16.00122273107645]]]}},{"type":"Feature","properties":{"hauteur":"Moyen /Entre 0.5 et 1m","Hauteur_Vu":"Moyen /Entre 0.5 et 1m","indice":2},"geometry":{"type":"Polygon","coordinates":[[[-16.48804121305472,16.000090233660284],[-16.48838361714755,16.000090845615762],[-16.48836581692673,16.000186445706397],[-16.488142678770657,16.000462487113957],[-16.48804121305472,16.000090233660284]]]}},{"type":"Feature","properties":{"hauteur":"Moyen /Entre 0.5 et 1m","Hauteur_Vu":"Moyen /Entre 0.5 et 1m","indice":2},"geometry":{"type":"Polygon","coordinates":[[[-16.487889870876963,15.999653670053764],[-16.48798940190643,15.999341696339977],[-16.48828781222682,15.999649929130953],[-16.48803764263864,16.00002461809161],[-16.487889870876963,15.999653670053764]]]}},{"type":"Feature","properties":{"hauteur":"Moyen /Entre 0.5 et 1m","Hauteur_Vu":"Moyen /Entre 0.5 et 1m","indice":2},"geometry":{"type":"Polygon","coordinates":[[[-16.4876751442399,15.999112082030027],[-16.487719827394848,15.998353045729095],[-16.48810505238415,15.99786910608444],[-16.488057599796424,15.998553540411523],[-16.48840015589281,15.998575037040407],[-16.48834349420815,15.998837990707878],[-16.48810385261763,15.998967947457446],[-16.488330545643763,15.999172249173936],[-16.487934416607676,15.999427189977602],[-16.4876751442399,15.999112082030027]]]}},{"type":"Feature","properties":{"hauteur":"Moyen /Entre 0.5 et 1m","Hauteur_Vu":"Moyen /Entre 0.5 et 1m","indice":2},"geometry":{"type":"Polygon","coordinates":[[[-16.48843347397391,15.997975972375315],[-16.48848993834999,15.997523238085655],[-16.488613257039706,15.99765387893631],[-16.488823907720846,15.997897796577062],[-16.488726971564756,15.998137160152611],[-16.488969449370718,15.998806801138102],[-16.488163238285942,15.99823952554581],[-16.48810505238415,15.99786910608444],[-16.48843347397391,15.997975972375315]]]}},{"type":"Feature","properties":{"hauteur":"Moyen /Entre 0.5 et 1m","Hauteur_Vu":"Moyen /Entre 0.5 et 1m","indice":2},"geometry":{"type":"Polygon","coordinates":[[[-16.488821103676642,15.997449936533707],[-16.48845073242908,15.996634602676012],[-16.487986517729684,15.996364307593163],[-16.48795380309499,15.995617641639575],[-16.488861088139988,15.995506161900698],[-16.48907642269147,15.995946493522208],[-16.489445862054133,15.995901854928984],[-16.489826041009284,15.995104989496475],[-16.490090548464373,15.995576537907441],[-16.49027269486856,15.995207088783761],[-16.49043776893293,15.995468934116067],[-16.4904187812366,15.996768618415771],[-16.490827076735325,15.997128299423247],[-16.49003239223564,15.997267967377555],[-16.490006608002133,15.99819124126625],[-16.489668338270448,15.998211194589379],[-16.489177051690632,15.998515948489652],[-16.489078537311492,15.99812577318757],[-16.488823907720846,15.997897796577062],[-16.488821103676642,15.997449936533707]]]}},{"type":"Feature","properties":{"hauteur":"Moyen /Entre 0.5 et 1m","Hauteur_Vu":"Moyen /Entre 0.5 et 1m","indice":2},"geometry":{"type":"Polygon","coordinates":[[[-16.4899897412505,16.000580966146337],[-16.48965744148597,16.00027893832458],[-16.489782828927567,15.999924506660788],[-16.48918598569683,15.999930136073063],[-16.489610184681887,15.999521419359754],[-16.489668338270448,15.998211194589379],[-16.490006608002133,15.99819124126625],[-16.490128785619937,15.998442864456536],[-16.49052067909478,15.998655068766665],[-16.490970916715206,15.999809830151408],[-16.490591676354573,15.999633628322947],[-16.490605476692703,16.00002801750608],[-16.490958857728785,16.0003490842343],[-16.4899897412505,16.000580966146337]]]}},{"type":"Feature","properties":{"hauteur":"Moyen /Entre 0.5 et 1m","Hauteur_Vu":"Moyen /Entre 0.5 et 1m","indice":2},"geometry":{"type":"Polygon","coordinates":[[[-16.491449707846424,16.000542919814322],[-16.490958857728785,16.0003490842343],[-16.490970916715206,15.999809830151408],[-16.490692892781393,15.998999977151088],[-16.491353611874548,15.998249480654078],[-16.491131046979138,15.99901782243815],[-16.491927003333643,15.999033182730065],[-16.492089721019216,15.999449017281936],[-16.492411312819964,15.999139468345719],[-16.49263929492065,15.999516807590355],[-16.492819782260426,16.00055982918364],[-16.492439007063076,16.000792215193766],[-16.49222101230215,16.00042447855434],[-16.491449707846424,16.000542919814322]]]}},{"type":"Feature","properties":{"hauteur":"Moyen /Entre 0.5 et 1m","Hauteur_Vu":"Moyen /Entre 0.5 et 1m","indice":2},"geometry":{"type":"Polygon","coordinates":[[[-16.49332290719209,16.001433523952812],[-16.49303549127281,16.001360930470284],[-16.49263929492065,15.999516807590355],[-16.493003359861103,15.99911148614845],[-16.492748038109905,15.998791026480074],[-16.493281833184646,15.998811186583385],[-16.493798631727035,15.998619624823151],[-16.494231046627068,15.999093547265359],[-16.494213674886325,15.999682764754773],[-16.493875918009707,15.99960095670094],[-16.494075150916906,16.000067692865276],[-16.493756793962795,16.00040127336571],[-16.49425251702659,16.000518801462214],[-16.493971284989623,16.000725889092905],[-16.49395778245019,16.001161271833762],[-16.49332290719209,16.001433523952812]]]}},{"type":"Feature","properties":{"hauteur":"Moyen /Entre 0.5 et 1m","Hauteur_Vu":"Moyen /Entre 0.5 et 1m","indice":2},"geometry":{"type":"Polygon","coordinates":[[[-16.492454451547765,15.99913320141944],[-16.492411312819964,15.999139468345719],[-16.492748038109905,15.998791026480074],[-16.493003359861103,15.99911148614845],[-16.492454451547765,15.99913320141944]]]}},{"type":"Feature","properties":{"hauteur":"Moyen /Entre 0.5 et 1m","Hauteur_Vu":"Moyen /Entre 0.5 et 1m","indice":2},"geometry":{"type":"Polygon","coordinates":[[[-16.494865599264603,16.000878777120146],[-16.495191993980505,16.000529359768812],[-16.495460550630735,16.000811519232876],[-16.49514201904103,16.00112143384351],[-16.494865599264603,16.000878777120146]]]}},{"type":"Feature","properties":{"hauteur":"Moyen /Entre 0.5 et 1m","Hauteur_Vu":"Moyen /Entre 0.5 et 1m","indice":2},"geometry":{"type":"Polygon","coordinates":[[[-16.495308542951378,16.00006897456434],[-16.495035175858487,15.999871004908899],[-16.494645349724507,16.00009988807244],[-16.494213674886325,15.999682764754773],[-16.494231046627068,15.999093547265359],[-16.49442886698932,15.998775926516783],[-16.49352025163349,15.99851713241503],[-16.494064920415852,15.998340294584814],[-16.494342703589098,15.997947505693764],[-16.4944401401655,15.99842477036788],[-16.494821173833227,15.998642909497997],[-16.4951677241042,15.998786696790807],[-16.4954717572002,15.998605562473594],[-16.495850761792944,15.998807453327363],[-16.495904807537713,15.999493479466544],[-16.49548004904131,15.999412279665346],[-16.49551422171679,16.00035091413857],[-16.495191993980505,16.000529359768812],[-16.495308542951378,16.00006897456434]]]}},{"type":"Feature","properties":{"hauteur":"Moyen /Entre 0.5 et 1m","Hauteur_Vu":"Moyen /Entre 0.5 et 1m","indice":2},"geometry":{"type":"Polygon","coordinates":[[[-16.49527623602272,15.998445806516322],[-16.495153123004638,15.998067740662352],[-16.49552457024734,15.998241190622554],[-16.4955661544252,15.997611352801199],[-16.495880325671788,15.99713476698747],[-16.495897566124338,15.996549853224536],[-16.49628010541662,15.996556140950169],[-16.496462627386457,15.996949775092958],[-16.496421397693283,15.997255129927442],[-16.496120495219845,15.997375570365659],[-16.496074316666434,15.997746706985621],[-16.49577969212052,15.997980188775102],[-16.496069663347857,15.998217490468056],[-16.495850761792944,15.998807453327363],[-16.49527623602272,15.998445806516322]]]}},{"type":"Feature","properties":{"hauteur":"Moyen /Entre 0.5 et 1m","Hauteur_Vu":"Moyen /Entre 0.5 et 1m","indice":2},"geometry":{"type":"Polygon","coordinates":[[[-16.496645879732185,15.996547768782799],[-16.496892310343664,15.99678011292569],[-16.496781056553825,15.996809816692723],[-16.496462627386457,15.996949775092958],[-16.496645879732185,15.996547768782799]]]}},{"type":"Feature","properties":{"hauteur":"Moyen /Entre 0.5 et 1m","Hauteur_Vu":"Moyen /Entre 0.5 et 1m","indice":2},"geometry":{"type":"Polygon","coordinates":[[[-16.49628010541662,15.996556140950169],[-16.496151311559057,15.996243755329326],[-16.496203945519117,15.995855515496546],[-16.49648587153761,15.995605910279508],[-16.49691479699581,15.995874615334438],[-16.496458459330878,15.996115798901188],[-16.496645879732185,15.996547768782799],[-16.49628010541662,15.996556140950169]]]}},{"type":"Feature","properties":{"hauteur":"Moyen /Entre 0.5 et 1m","Hauteur_Vu":"Moyen /Entre 0.5 et 1m","indice":2},"geometry":{"type":"Polygon","coordinates":[[[-16.49696755072104,15.998577778474273],[-16.49716792445056,15.998101686713817],[-16.49705181261089,15.997935497468758],[-16.49700919028305,15.99768858443067],[-16.497121019745894,15.997462291973713],[-16.496892310343664,15.99678011292569],[-16.497151960854392,15.996688230262377],[-16.49690126529052,15.996339543336235],[-16.49719111605228,15.99637828750779],[-16.49691479699581,15.995874615334438],[-16.497261431757142,15.99568032074094],[-16.49751677120529,15.996416992510639],[-16.497236482417332,15.997300611142395],[-16.497325556273154,15.99745663158761],[-16.497049631335628,15.997683818880482],[-16.497218401682773,15.997772152217925],[-16.497086913464685,15.99792672579537],[-16.497278595422117,15.997985063040721],[-16.49724471677863,15.998613355247262],[-16.49696755072104,15.998577778474273]]]}},{"type":"Feature","properties":{"hauteur":"Moyen /Entre 0.5 et 1m","Hauteur_Vu":"Moyen /Entre 0.5 et 1m","indice":2},"geometry":{"type":"Polygon","coordinates":[[[-16.497431000828765,16.000727938119468],[-16.497452799272054,15.999821788259952],[-16.497035886272158,16.000064013790926],[-16.496888744508116,15.999656090604653],[-16.497375816672527,15.99934236937338],[-16.497586006337404,15.998982439913085],[-16.497801792839166,15.999377759768736],[-16.497447053302825,15.999377248715227],[-16.497680435690235,15.999650116843547],[-16.49749343677834,15.999806569466779],[-16.497782518782145,16.00010291831564],[-16.497508953191343,16.00023312168178],[-16.497696044074324,16.000295965818356],[-16.497730154308588,16.00052696002456],[-16.497612723068336,16.000705305112575],[-16.49774663293106,16.0010825478029],[-16.49760060706949,16.001149205801262],[-16.497431000828765,16.000727938119468]]]}},{"type":"Feature","properties":{"hauteur":"Moyen /Entre 0.5 et 1m","Hauteur_Vu":"Moyen /Entre 0.5 et 1m","indice":2},"geometry":{"type":"Polygon","coordinates":[[[-16.497302055853478,15.995188309568835],[-16.49766344918622,15.995403024636186],[-16.497261431757142,15.99568032074094],[-16.497302055853478,15.995188309568835]]]}},{"type":"Feature","properties":{"hauteur":"Moyen /Entre 0.5 et 1m","Hauteur_Vu":"Moyen /Entre 0.5 et 1m","indice":2},"geometry":{"type":"Polygon","coordinates":[[[-16.496308903816956,15.995451993144705],[-16.49659280331772,15.99505319203229],[-16.49639053893001,15.994815909117674],[-16.496499491257296,15.99453468820082],[-16.49672694173489,15.99463083318245],[-16.49648587153761,15.995605910279508],[-16.496308903816956,15.995451993144705]]]}},{"type":"Feature","properties":{"hauteur":"Moyen /Entre 0.5 et 1m","Hauteur_Vu":"Moyen /Entre 0.5 et 1m","indice":2},"geometry":{"type":"Polygon","coordinates":[[[-16.497195325526956,15.994547359026162],[-16.49744570241481,15.9942260040362],[-16.497530373693515,15.99444903361269],[-16.497547002985108,15.994856551246484],[-16.497195325526956,15.994547359026162]]]}},{"type":"Feature","properties":{"hauteur":"Moyen /Entre 0.5 et 1m","Hauteur_Vu":"Moyen /Entre 0.5 et 1m","indice":2},"geometry":{"type":"Polygon","coordinates":[[[-16.49720274457629,15.994083131051505],[-16.497351902268566,15.994032123964953],[-16.49718474842129,15.993857085521588],[-16.497240333893455,15.993654196463782],[-16.496859233837622,15.993965291189486],[-16.49666677873151,15.993802531172806],[-16.496672590241086,15.99334002626853],[-16.49720383268682,15.993133731679016],[-16.49751567648357,15.992749360325764],[-16.497362198613875,15.993264361699268],[-16.49741762319837,15.994277561162697],[-16.49720274457629,15.994083131051505]]]}},{"type":"Feature","properties":{"hauteur":"Moyen /Entre 0.5 et 1m","Hauteur_Vu":"Moyen /Entre 0.5 et 1m","indice":2},"geometry":{"type":"Polygon","coordinates":[[[-16.496479519297683,15.994337906924704],[-16.496478719994144,15.994230501393924],[-16.496908026264535,15.993937909807986],[-16.49688981409734,15.994344000633724],[-16.496479519297683,15.994337906924704]]]}},{"type":"Feature","properties":{"hauteur":"Moyen /Entre 0.5 et 1m","Hauteur_Vu":"Moyen /Entre 0.5 et 1m","indice":2},"geometry":{"type":"Polygon","coordinates":[[[-16.496413987002114,15.992992740756328],[-16.496768426752666,15.992954469146731],[-16.496672590241086,15.99334002626853],[-16.496413987002114,15.992992740756328]]]}},{"type":"Feature","properties":{"hauteur":"Moyen /Entre 0.5 et 1m","Hauteur_Vu":"Moyen /Entre 0.5 et 1m","indice":2},"geometry":{"type":"Polygon","coordinates":[[[-16.497313009296864,15.992551435793107],[-16.497566497233866,15.992362947359142],[-16.49741944590482,15.992253254533724],[-16.497655490546975,15.992263544581352],[-16.49751567648357,15.992749360325764],[-16.497313009296864,15.992551435793107]]]}},{"type":"Feature","properties":{"hauteur":"Moyen /Entre 0.5 et 1m","Hauteur_Vu":"Moyen /Entre 0.5 et 1m","indice":2},"geometry":{"type":"Polygon","coordinates":[[[-16.497262976283626,15.99096802213672],[-16.497352364921458,15.991373920643262],[-16.497029885434973,15.991147172216747],[-16.497262976283626,15.99096802213672]]]}},{"type":"Feature","properties":{"hauteur":"Moyen /Entre 0.5 et 1m","Hauteur_Vu":"Moyen /Entre 0.5 et 1m","indice":2},"geometry":{"type":"Polygon","coordinates":[[[-16.497069783618432,15.99142490516238],[-16.496417083425985,15.99140052103132],[-16.49677059923514,15.991044338870664],[-16.49675718310898,15.990770148644216],[-16.497029384079628,15.990768999112603],[-16.497069783618432,15.99142490516238]]]}},{"type":"Feature","properties":{"hauteur":"Moyen /Entre 0.5 et 1m","Hauteur_Vu":"Moyen /Entre 0.5 et 1m","indice":2},"geometry":{"type":"Polygon","coordinates":[[[-16.4967508233309,15.990578985106461],[-16.49679242463912,15.990506373326646],[-16.496711454022684,15.990324412522703],[-16.496918917112392,15.990535552482957],[-16.49675718310898,15.990770148644216],[-16.4967508233309,15.990578985106461]]]}},{"type":"Feature","properties":{"hauteur":"Moyen /Entre 0.5 et 1m","Hauteur_Vu":"Moyen /Entre 0.5 et 1m","indice":2},"geometry":{"type":"Polygon","coordinates":[[[-16.49615817453136,15.991134402618167],[-16.496105306415977,15.99060616150176],[-16.49643291720261,15.990787973885025],[-16.496417083425985,15.99140052103132],[-16.49615817453136,15.991134402618167]]]}},{"type":"Feature","properties":{"hauteur":"Moyen /Entre 0.5 et 1m","Hauteur_Vu":"Moyen /Entre 0.5 et 1m","indice":2},"geometry":{"type":"Polygon","coordinates":[[[-16.49723706611483,15.99180014372575],[-16.496704085033286,15.991788076117214],[-16.497069783618432,15.99142490516238],[-16.49723706611483,15.99180014372575]]]}},{"type":"Feature","properties":{"hauteur":"Moyen /Entre 0.5 et 1m","Hauteur_Vu":"Moyen /Entre 0.5 et 1m","indice":2},"geometry":{"type":"Polygon","coordinates":[[[-16.49660934436422,15.99230215932129],[-16.49628333416375,15.992243347375233],[-16.49642005068346,15.991982035995566],[-16.496167661368073,15.991678725003453],[-16.496417083425985,15.99140052103132],[-16.497030271542883,15.992143470344343],[-16.496919081053395,15.992546618604294],[-16.496426589618757,15.99261373048166],[-16.49660934436422,15.99230215932129]]]}},{"type":"Feature","properties":{"hauteur":"Moyen /Entre 0.5 et 1m","Hauteur_Vu":"Moyen /Entre 0.5 et 1m","indice":2},"geometry":{"type":"Polygon","coordinates":[[[-16.496218443581622,15.989512191077432],[-16.496652558575995,15.989430733650593],[-16.496579194848643,15.989802059673256],[-16.496842927009013,15.990168347725145],[-16.496105306415977,15.99060616150176],[-16.496218443581622,15.989512191077432]]]}},{"type":"Feature","properties":{"hauteur":"Moyen /Entre 0.5 et 1m","Hauteur_Vu":"Moyen /Entre 0.5 et 1m","indice":2},"geometry":{"type":"Polygon","coordinates":[[[-16.496739829656857,15.989466944611499],[-16.496652558575995,15.989430733650593],[-16.49705967714419,15.989451510221645],[-16.49695204787699,15.989702885634722],[-16.496739829656857,15.989466944611499]]]}},{"type":"Feature","properties":{"hauteur":"Moyen /Entre 0.5 et 1m","Hauteur_Vu":"Moyen /Entre 0.5 et 1m","indice":2},"geometry":{"type":"Polygon","coordinates":[[[-16.496058212774745,15.989119465266242],[-16.496339154309936,15.989153313765279],[-16.49621611320319,15.988784198357342],[-16.496649008135773,15.988927383698243],[-16.496674480824396,15.988619891163673],[-16.49699441550151,15.988971598265477],[-16.496592218845112,15.988994591011378],[-16.496218443581622,15.989512191077432],[-16.496058212774745,15.989119465266242]]]}},{"type":"Feature","properties":{"hauteur":"Moyen /Entre 0.5 et 1m","Hauteur_Vu":"Moyen /Entre 0.5 et 1m","indice":2},"geometry":{"type":"Polygon","coordinates":[[[-16.497561378641077,15.988893058618707],[-16.497260711214498,15.988902611894185],[-16.497650178702134,15.988598551338882],[-16.497561378641077,15.988893058618707]]]}},{"type":"Feature","properties":{"hauteur":"Moyen /Entre 0.5 et 1m","Hauteur_Vu":"Moyen /Entre 0.5 et 1m","indice":2},"geometry":{"type":"Polygon","coordinates":[[[-16.497385650234875,15.988202727592922],[-16.497755580006434,15.98804367208699],[-16.497868233300835,15.988471719304583],[-16.497650178702134,15.988598551338882],[-16.497385650234875,15.988202727592922]]]}},{"type":"Feature","properties":{"hauteur":"Moyen /Entre 0.5 et 1m","Hauteur_Vu":"Moyen /Entre 0.5 et 1m","indice":2},"geometry":{"type":"Polygon","coordinates":[[[-16.496864834358863,15.98818005532339],[-16.497138441427637,15.988594988651375],[-16.496674480824396,15.988619891163673],[-16.49613698571617,15.987606023355859],[-16.496641748742295,15.987459295428287],[-16.496993527450694,15.987571653388459],[-16.49682964736617,15.98783578394885],[-16.497385650234875,15.988202727592922],[-16.496864834358863,15.98818005532339]]]}},{"type":"Feature","properties":{"hauteur":"Moyen /Entre 0.5 et 1m","Hauteur_Vu":"Moyen /Entre 0.5 et 1m","indice":2},"geometry":{"type":"Polygon","coordinates":[[[-16.497482945754566,15.98684633893138],[-16.496941325643288,15.987096189101623],[-16.49720690752108,15.98672436822207],[-16.497033675104518,15.98644958744927],[-16.497458598001867,15.986351152002248],[-16.49772408733649,15.986510978998377],[-16.49754275758773,15.986598767620043],[-16.497760280138532,15.986815058378705],[-16.4975599335181,15.986834355730993],[-16.49776480816862,15.987008963564948],[-16.49756335360682,15.987293812803562],[-16.497482945754566,15.98684633893138]]]}},{"type":"Feature","properties":{"hauteur":"Moyen /Entre 0.5 et 1m","Hauteur_Vu":"Moyen /Entre 0.5 et 1m","indice":2},"geometry":{"type":"Polygon","coordinates":[[[-16.497711325521067,15.986230503324466],[-16.497841475126286,15.986000795853085],[-16.49809591035993,15.986323402919583],[-16.497458598001867,15.986351152002248],[-16.497204131349854,15.986144069039405],[-16.497632138372037,15.985916196341188],[-16.497711325521067,15.986230503324466]]]}},{"type":"Feature","properties":{"hauteur":"Moyen /Entre 0.5 et 1m","Hauteur_Vu":"Moyen /Entre 0.5 et 1m","indice":2},"geometry":{"type":"Polygon","coordinates":[[[-16.49722962626874,15.985710144436931],[-16.49633391740625,15.985649993305305],[-16.496704697345333,15.985322195653502],[-16.49722962626874,15.985710144436931]]]}},{"type":"Feature","properties":{"hauteur":"Moyen /Entre 0.5 et 1m","Hauteur_Vu":"Moyen /Entre 0.5 et 1m","indice":2},"geometry":{"type":"Polygon","coordinates":[[[-16.497804214620853,15.985743325664558],[-16.497462196359503,15.985451159460341],[-16.497627561524776,15.985386890304353],[-16.497399842815792,15.98510970721827],[-16.49751615549942,15.985030000364306],[-16.497765094542,15.985236028339978],[-16.497841475126286,15.986000795853085],[-16.497804214620853,15.985743325664558]]]}},{"type":"Feature","properties":{"hauteur":"Moyen /Entre 0.5 et 1m","Hauteur_Vu":"Moyen /Entre 0.5 et 1m","indice":2},"geometry":{"type":"Polygon","coordinates":[[[-16.49642821041609,15.984227630736996],[-16.496886811910816,15.984096142305795],[-16.496890229087445,15.984140873175209],[-16.496713449877884,15.984425549794993],[-16.49642821041609,15.984227630736996]]]}},{"type":"Feature","properties":{"hauteur":"Moyen /Entre 0.5 et 1m","Hauteur_Vu":"Moyen /Entre 0.5 et 1m","indice":2},"geometry":{"type":"Polygon","coordinates":[[[-16.497061544830764,15.984262009995252],[-16.497151489488363,15.984434238216974],[-16.49689046547755,15.984430795548487],[-16.496713449877884,15.984425549794993],[-16.497061544830764,15.984262009995252]]]}},{"type":"Feature","properties":{"hauteur":"Moyen /Entre 0.5 et 1m","Hauteur_Vu":"Moyen /Entre 0.5 et 1m","indice":2},"geometry":{"type":"Polygon","coordinates":[[[-16.490953582341017,15.982250429277947],[-16.49130662622771,15.982198013376658],[-16.49150596890441,15.982683162996086],[-16.49113287091398,15.982964519875738],[-16.49114754510427,15.983477249160881],[-16.490955529399308,15.98324714902515],[-16.49068256928399,15.983467323204216],[-16.49112053461366,15.983501105569397],[-16.490911621730362,15.983925968367556],[-16.49125405739285,15.984276000944677],[-16.490789216120685,15.984284483750892],[-16.4906917256518,15.984703314138772],[-16.490306930404564,15.984874295070696],[-16.490602799801316,15.98517731308928],[-16.489849790995148,15.98555597789527],[-16.489154591108633,15.984929616499652],[-16.489022671365333,15.984370360347693],[-16.489395878895547,15.984470342092967],[-16.48949090962821,15.983718846231659],[-16.490334844940186,15.983137050433529],[-16.490431926697063,15.982662995009592],[-16.4910304920094,15.981989535686141],[-16.490953582341017,15.982250429277947]]]}},{"type":"Feature","properties":{"hauteur":"Haute/Entre 1 et 2m","Hauteur_Vu":"Haute/Entre 1 et 2m","indice":3},"geometry":{"type":"Polygon","coordinates":[[[-16.49015315752872,15.982903946936142],[-16.490763096024295,15.9821746925738],[-16.490431926697063,15.982662995009592],[-16.490334844940186,15.983137050433529],[-16.48949090962821,15.983718846231659],[-16.48936218515257,15.984050448243005],[-16.489088983839913,15.983939186374068],[-16.49015315752872,15.982903946936142]]]}},{"type":"Feature","properties":{"hauteur":"Moyen /Entre 0.5 et 1m","Hauteur_Vu":"Moyen /Entre 0.5 et 1m","indice":2},"geometry":{"type":"Polygon","coordinates":[[[-16.49125405739285,15.984276000944677],[-16.491665141782953,15.984305037394178],[-16.491571179977043,15.98446611316816],[-16.491425213734143,15.984580211358756],[-16.49125405739285,15.984276000944677]]]}},{"type":"Feature","properties":{"hauteur":"Moyen /Entre 0.5 et 1m","Hauteur_Vu":"Moyen /Entre 0.5 et 1m","indice":2},"geometry":{"type":"Polygon","coordinates":[[[-16.489022671365333,15.984370360347693],[-16.48890562929962,15.983910003691532],[-16.488958259405187,15.983866957381686],[-16.489301706102875,15.984052182049034],[-16.489022671365333,15.984370360347693]]]}},{"type":"Feature","properties":{"hauteur":"Moyen /Entre 0.5 et 1m","Hauteur_Vu":"Moyen /Entre 0.5 et 1m","indice":2},"geometry":{"type":"Polygon","coordinates":[[[-16.488855986467524,15.98512925575064],[-16.489395814219698,15.98519619608285],[-16.489849790995148,15.98555597789527],[-16.49011196193472,15.985851669060095],[-16.490095151895833,15.986151594511878],[-16.48878544937957,15.985931384439967],[-16.488523719075552,15.985575158087855],[-16.488046795173467,15.985315897514216],[-16.48819466341261,15.985039157014644],[-16.48837178166959,15.985093159168295],[-16.488291366343283,15.98488069342756],[-16.488431275048793,15.984682482177561],[-16.488615653904876,15.984615458267136],[-16.48908852709723,15.984819618003977],[-16.488855986467524,15.98512925575064]]]}},{"type":"Feature","properties":{"hauteur":"Moyen /Entre 0.5 et 1m","Hauteur_Vu":"Moyen /Entre 0.5 et 1m","indice":2},"geometry":{"type":"Polygon","coordinates":[[[-16.487504567517558,15.985055936023043],[-16.487521682578492,15.985041937567065],[-16.488046795173467,15.985315897514216],[-16.488129723087116,15.985685296661954],[-16.487896860562564,15.985895763852435],[-16.487504567517558,15.985055936023043]]]}},{"type":"Feature","properties":{"hauteur":"Moyen /Entre 0.5 et 1m","Hauteur_Vu":"Moyen /Entre 0.5 et 1m","indice":2},"geometry":{"type":"Polygon","coordinates":[[[-16.490156799314615,15.987013901365218],[-16.489912749362485,15.98737959805827],[-16.48965061743114,15.986969670485058],[-16.48921744344605,15.986787684753814],[-16.489103184014656,15.986352862892312],[-16.48973066018718,15.986115791621621],[-16.490095151895833,15.986151594511878],[-16.490156799314615,15.987013901365218]]]}},{"type":"Feature","properties":{"hauteur":"Moyen /Entre 0.5 et 1m","Hauteur_Vu":"Moyen /Entre 0.5 et 1m","indice":2},"geometry":{"type":"Polygon","coordinates":[[[-16.490637194430636,15.98702162258917],[-16.49054254811712,15.987457527585232],[-16.49111511028436,15.988042655490721],[-16.490745607886605,15.988076776660769],[-16.49090291942192,15.988392589016375],[-16.49029028622431,15.988637472573414],[-16.490291171845996,15.989123998360533],[-16.490108874126665,15.989472409092265],[-16.489584801890707,15.98974492196509],[-16.489211586074212,15.989329796477614],[-16.48967446038853,15.98935642611721],[-16.489442816022365,15.988898548852642],[-16.489883780302662,15.98846584770884],[-16.489708140777502,15.98807322287067],[-16.48978572638762,15.987720614458791],[-16.48996293822306,15.987492628997598],[-16.49004014414556,15.987921739660875],[-16.490471597101394,15.987871010685762],[-16.490455546326857,15.987369868710783],[-16.490156799314615,15.987013901365218],[-16.490637194430636,15.98702162258917]]]}},{"type":"Feature","properties":{"hauteur":"Moyen /Entre 0.5 et 1m","Hauteur_Vu":"Moyen /Entre 0.5 et 1m","indice":2},"geometry":{"type":"Polygon","coordinates":[[[-16.490339849633035,15.989776862859253],[-16.490147913101925,15.990659210593586],[-16.489806772367636,15.990485371633993],[-16.48978601346827,15.991353383275271],[-16.489365521518046,15.99116516719514],[-16.489143062233392,15.990698275196012],[-16.48949763301667,15.990677916783806],[-16.48937349834682,15.990159621631232],[-16.489031928514283,15.99026939925463],[-16.489131477936482,15.98975850533994],[-16.48957562613334,15.989755428321104],[-16.489826458521055,15.990096809967131],[-16.490067378036457,15.989516312072471],[-16.490339849633035,15.989776862859253]]]}},{"type":"Feature","properties":{"hauteur":"Moyen /Entre 0.5 et 1m","Hauteur_Vu":"Moyen /Entre 0.5 et 1m","indice":2},"geometry":{"type":"Polygon","coordinates":[[[-16.48851383134586,15.988767138802],[-16.48867963849105,15.98802698771274],[-16.488318583122965,15.98810049481636],[-16.48829715954325,15.987777164859411],[-16.488577827415288,15.987885622509637],[-16.489006601371294,15.988306331990984],[-16.488718888906305,15.988399325807192],[-16.488964981091804,15.988725823309853],[-16.488754965342512,15.989106201504862],[-16.48851383134586,15.988767138802]]]}},{"type":"Feature","properties":{"hauteur":"Moyen /Entre 0.5 et 1m","Hauteur_Vu":"Moyen /Entre 0.5 et 1m","indice":2},"geometry":{"type":"Polygon","coordinates":[[[-16.488021549668574,15.988007874238475],[-16.487885663518245,15.987831296082707],[-16.487898507944532,15.987729955852416],[-16.488347117393285,15.987761906313073],[-16.488021549668574,15.988007874238475]]]}},{"type":"Feature","properties":{"hauteur":"Moyen /Entre 0.5 et 1m","Hauteur_Vu":"Moyen /Entre 0.5 et 1m","indice":2},"geometry":{"type":"Polygon","coordinates":[[[-16.488754751522464,15.989494077719236],[-16.489131477936482,15.98975850533994],[-16.488786386173157,15.990017489509707],[-16.48873352827731,15.989568560103507],[-16.488478998754346,15.989341520907907],[-16.488754965342512,15.989106201504862],[-16.488754751522464,15.989494077719236]]]}},{"type":"Feature","properties":{"hauteur":"Moyen /Entre 0.5 et 1m","Hauteur_Vu":"Moyen /Entre 0.5 et 1m","indice":2},"geometry":{"type":"Polygon","coordinates":[[[-16.488786386173157,15.990017489509707],[-16.489143062233392,15.990698275196012],[-16.488613867196104,15.990463248304405],[-16.4880195258702,15.990651599759634],[-16.48734510370425,15.989908119965259],[-16.487169184450238,15.98989441874471],[-16.48838103139586,15.98978862540013],[-16.488746034788736,15.989605292148195],[-16.488786386173157,15.990017489509707]]]}},{"type":"Feature","properties":{"hauteur":"Moyen /Entre 0.5 et 1m","Hauteur_Vu":"Moyen /Entre 0.5 et 1m","indice":2},"geometry":{"type":"Polygon","coordinates":[[[-16.488415458176053,15.990745085418094],[-16.488613867196104,15.990463248304405],[-16.489143062233392,15.990698275196012],[-16.48893222792566,15.99096826421171],[-16.48900861644109,15.991286985759805],[-16.488645542106987,15.991408846487436],[-16.48817679710762,15.99100631548642],[-16.4880195258702,15.990651599759634],[-16.488415458176053,15.990745085418094]]]}},{"type":"Feature","properties":{"hauteur":"Moyen /Entre 0.5 et 1m","Hauteur_Vu":"Moyen /Entre 0.5 et 1m","indice":2},"geometry":{"type":"Polygon","coordinates":[[[-16.48903453941721,15.992401593136996],[-16.489226071716544,15.99329969287144],[-16.486756576293974,15.99319581342276],[-16.48842484865216,15.992430783546075],[-16.48845872601782,15.992006870458674],[-16.488267354407164,15.991572582397628],[-16.489365521518046,15.99116516719514],[-16.48978601346827,15.991353383275271],[-16.48903453941721,15.992401593136996]]]}},{"type":"Feature","properties":{"hauteur":"Moyen /Entre 0.5 et 1m","Hauteur_Vu":"Moyen /Entre 0.5 et 1m","indice":2},"geometry":{"type":"Polygon","coordinates":[[[-16.489094669919538,15.992811441394846],[-16.48944902581162,15.992382941990062],[-16.489485897954232,15.992589133816972],[-16.489483767583618,15.992852138804823],[-16.489094669919538,15.992811441394846]]]}},{"type":"Feature","properties":{"hauteur":"Moyen /Entre 0.5 et 1m","Hauteur_Vu":"Moyen /Entre 0.5 et 1m","indice":2},"geometry":{"type":"Polygon","coordinates":[[[-16.486990752417775,15.992875974992232],[-16.486651839910465,15.992268181363011],[-16.486940408839395,15.991950596740317],[-16.48662715495715,15.991871236388713],[-16.48645886263389,15.991172845348304],[-16.486717505352686,15.990547979447783],[-16.48710175117,15.990369286129166],[-16.487201844969462,15.990974275297383],[-16.486876289733974,15.991164497532601],[-16.48691779839682,15.991355164234708],[-16.48732258603331,15.991868535803698],[-16.48766537345482,15.991922853085498],[-16.48761814163224,15.992209610596618],[-16.487972892038904,15.992213122457638],[-16.48826261158355,15.992598991401238],[-16.486756576293974,15.99319581342276],[-16.486990752417775,15.992875974992232]]]}},{"type":"Feature","properties":{"hauteur":"Moyen /Entre 0.5 et 1m","Hauteur_Vu":"Moyen /Entre 0.5 et 1m","indice":2},"geometry":{"type":"Polygon","coordinates":[[[-16.48732659332959,15.989851151114705],[-16.486821775596077,15.99004898811492],[-16.48672883883512,15.989811317120237],[-16.487100516833117,15.989335363408058],[-16.487441186868416,15.989446092553077],[-16.48732659332959,15.989851151114705]]]}},{"type":"Feature","properties":{"hauteur":"Moyen /Entre 0.5 et 1m","Hauteur_Vu":"Moyen /Entre 0.5 et 1m","indice":2},"geometry":{"type":"Polygon","coordinates":[[[-16.48672495017474,15.99030326834386],[-16.486717505352686,15.990547979447783],[-16.486523843202562,15.990216425267029],[-16.486821775596077,15.99004898811492],[-16.48672495017474,15.99030326834386]]]}},{"type":"Feature","properties":{"hauteur":"Moyen /Entre 0.5 et 1m","Hauteur_Vu":"Moyen /Entre 0.5 et 1m","indice":2},"geometry":{"type":"Polygon","coordinates":[[[-16.48932686892362,15.99332660842937],[-16.489212082648244,15.994347805854492],[-16.488957993950862,15.994181252536052],[-16.48868515394187,15.994419833782107],[-16.488335306388976,15.994172415961469],[-16.48839330155481,15.994661176297805],[-16.488717876141404,15.994432756639153],[-16.489196218164043,15.994408403529212],[-16.48889432879456,15.994762902027098],[-16.48934489979777,15.994659843856258],[-16.489190913286134,15.99516059228151],[-16.488861088139988,15.995506161900698],[-16.48795380309499,15.995617641639575],[-16.48807874489081,15.99477381041428],[-16.487717097845795,15.993666494758699],[-16.487050235093772,15.99393410006684],[-16.48712297577574,15.993475993404832],[-16.486756576293974,15.99319581342276],[-16.48932686892362,15.99332660842937]]]}},{"type":"Feature","properties":{"hauteur":"Moyen /Entre 0.5 et 1m","Hauteur_Vu":"Moyen /Entre 0.5 et 1m","indice":2},"geometry":{"type":"Polygon","coordinates":[[[-16.489823066801016,15.994611821413613],[-16.489774110014938,15.994609530873678],[-16.48995874122224,15.994208505967595],[-16.490291557063134,15.994358732743159],[-16.489823066801016,15.994611821413613]]]}},{"type":"Feature","properties":{"hauteur":"Moyen /Entre 0.5 et 1m","Hauteur_Vu":"Moyen /Entre 0.5 et 1m","indice":2},"geometry":{"type":"Polygon","coordinates":[[[-16.4933544022206,15.998199035198093],[-16.493264154326194,15.998092251189728],[-16.49322592170477,15.997928416437382],[-16.49388335972882,15.997983519701254],[-16.493334392353294,15.997581559896194],[-16.4931440280344,15.996869791666972],[-16.493217851226763,15.996244764564471],[-16.4937972773946,15.997217881116418],[-16.49347534911654,15.997273824352023],[-16.4938634242153,15.997609770445749],[-16.494302307900988,15.997518701426673],[-16.494367291997424,15.997944978896228],[-16.4933544022206,15.998199035198093]]]}},{"type":"Feature","properties":{"hauteur":"Moyen /Entre 0.5 et 1m","Hauteur_Vu":"Moyen /Entre 0.5 et 1m","indice":2},"geometry":{"type":"Polygon","coordinates":[[[-16.493181964828604,15.996163150158306],[-16.49286051689418,15.996075874047602],[-16.492836810589072,15.99662204580776],[-16.492569464845666,15.996343440154574],[-16.492821029503535,15.996054516921534],[-16.492606143893653,15.995674848783452],[-16.492726996847427,15.995333873786196],[-16.493149249512097,15.995314343974469],[-16.492862590264345,15.995757914938435],[-16.492895339834956,15.996014280935064],[-16.493218188200828,15.995874790257183],[-16.493196891796945,15.996304023661963],[-16.493181964828604,15.996163150158306]]]}},{"type":"Feature","properties":{"hauteur":"Moyen /Entre 0.5 et 1m","Hauteur_Vu":"Moyen /Entre 0.5 et 1m","indice":2},"geometry":{"type":"Polygon","coordinates":[[[-16.490646502118548,15.998318873431948],[-16.49016390511416,15.998412294866794],[-16.49041386712515,15.998021336019237],[-16.490056108066604,15.997808165314247],[-16.49032895052551,15.997569582147383],[-16.490380336879195,15.997257664755038],[-16.490827076735325,15.997128299423247],[-16.490708856937985,15.997616945913474],[-16.491477757274644,15.997515228766627],[-16.491387651928793,15.99826416262831],[-16.49093528071271,15.99799280638888],[-16.4906782412115,15.99827206889172],[-16.490825579671395,15.998590296933221],[-16.49052067909478,15.998655068766665],[-16.490646502118548,15.998318873431948]]]}},{"type":"Feature","properties":{"hauteur":"Moyen /Entre 0.5 et 1m","Hauteur_Vu":"Moyen /Entre 0.5 et 1m","indice":2},"geometry":{"type":"Polygon","coordinates":[[[-16.490846893516316,15.997096833643711],[-16.490793692670422,15.996578048065048],[-16.4904187812366,15.996768618415771],[-16.490408106845955,15.995868884722578],[-16.490740117024178,15.995677958480496],[-16.49043776893293,15.995468934116067],[-16.491071645466185,15.99492087721275],[-16.491222092275738,15.99590524693592],[-16.490795056430933,15.996137950581081],[-16.49116078385949,15.996788831915067],[-16.491389374712124,15.996417273380318],[-16.491743327594257,15.996728099546923],[-16.491176582372617,15.996839444287845],[-16.491597951468187,15.997090129891708],[-16.491477757274644,15.997515228766627],[-16.490846893516316,15.997096833643711]]]}},{"type":"Feature","properties":{"hauteur":"Moyen /Entre 0.5 et 1m","Hauteur_Vu":"Moyen /Entre 0.5 et 1m","indice":2},"geometry":{"type":"Polygon","coordinates":[[[-16.491759654877843,15.994572243411273],[-16.491890658879147,15.994966725339518],[-16.49135982122581,15.995136002044063],[-16.491256251276642,15.995520119409342],[-16.491071645466185,15.99492087721275],[-16.491759654877843,15.994572243411273]]]}},{"type":"Feature","properties":{"hauteur":"Moyen /Entre 0.5 et 1m","Hauteur_Vu":"Moyen /Entre 0.5 et 1m","indice":2},"geometry":{"type":"Polygon","coordinates":[[[-16.491647035507437,15.995390602411712],[-16.491378272557384,15.99512841488524],[-16.491890658879147,15.994966725339518],[-16.492020596539355,15.995434255807066],[-16.49183699074924,15.995632451092975],[-16.49159708981459,15.995726609342757],[-16.491256251276642,15.995520119409342],[-16.491647035507437,15.995390602411712]]]}},{"type":"Feature","properties":{"hauteur":"Moyen /Entre 0.5 et 1m","Hauteur_Vu":"Moyen /Entre 0.5 et 1m","indice":2},"geometry":{"type":"Polygon","coordinates":[[[-16.491890658879147,15.994966725339518],[-16.49148935197539,15.99428187178925],[-16.49200602861357,15.99319476706473],[-16.491859302959522,15.9928407490556],[-16.492442418966434,15.992837046439186],[-16.49236005610866,15.99379238521674],[-16.492476571094073,15.994113809966574],[-16.492280474179807,15.994291206740863],[-16.492707110724606,15.994421016299988],[-16.491890658879147,15.994966725339518]]]}},{"type":"Feature","properties":{"hauteur":"Moyen /Entre 0.5 et 1m","Hauteur_Vu":"Moyen /Entre 0.5 et 1m","indice":2},"geometry":{"type":"Polygon","coordinates":[[[-16.491859302959522,15.9928407490556],[-16.491790096437768,15.99267423074762],[-16.491930692520242,15.992385280883259],[-16.491860527744315,15.991723033085018],[-16.49213457667803,15.991281937646825],[-16.49179552793304,15.991023930742283],[-16.492161185110998,15.990837299861164],[-16.491846897852778,15.990618569598597],[-16.492096165320792,15.99013556785357],[-16.491888110117774,15.98957684303034],[-16.49263139856292,15.988619659842774],[-16.492720847204687,15.988216664117731],[-16.49246368165478,15.987634611592606],[-16.492723988270416,15.9875407579967],[-16.492507479345335,15.987308199918775],[-16.492821283549315,15.986910026221748],[-16.49291544932881,15.987997270150403],[-16.492762782509352,15.988207185507491],[-16.492937763653078,15.988510302525986],[-16.49266738234968,15.988652411343043],[-16.493131184973453,15.988804340343655],[-16.493084515009414,15.989165685738163],[-16.492747716396426,15.989502193038344],[-16.493011813035274,15.98975993636321],[-16.492817514068594,15.990178996238551],[-16.493129582646464,15.990666146964172],[-16.49290480977352,15.991550867454304],[-16.49233239806217,15.991727893696615],[-16.492121662920926,15.992842257009785],[-16.491859302959522,15.9928407490556]]]}},{"type":"Feature","properties":{"hauteur":"Faibble / Inferieure à 0.5m","Hauteur_Vu":"Faibble / Inferieure à 0.5m","indice":1},"geometry":{"type":"Polygon","coordinates":[[[-16.441724942273154,16.036348326996485],[-16.441258667224822,16.03630048859284],[-16.44135382913353,16.035971802358322],[-16.441724942273154,16.036348326996485]]]}},{"type":"Feature","properties":{"hauteur":"Faibble / Inferieure à 0.5m","Hauteur_Vu":"Faibble / Inferieure à 0.5m","indice":1},"geometry":{"type":"Polygon","coordinates":[[[-16.44138136794856,16.044164187338303],[-16.443601155466087,16.04330454578031],[-16.442650841253307,16.045017614777297],[-16.44138136794856,16.044164187338303]]]}},{"type":"Feature","properties":{"hauteur":"Faibble / Inferieure à 0.5m","Hauteur_Vu":"Faibble / Inferieure à 0.5m","indice":1},"geometry":{"type":"Polygon","coordinates":[[[-16.442472640804148,16.04237374787928],[-16.443557261491506,16.041413462013136],[-16.443601155466087,16.04330454578031],[-16.442472640804148,16.04237374787928]]]}},{"type":"Feature","properties":{"hauteur":"Faibble / Inferieure à 0.5m","Hauteur_Vu":"Faibble / Inferieure à 0.5m","indice":1},"geometry":{"type":"Polygon","coordinates":[[[-16.445288437640983,16.042308838068415],[-16.445039344258877,16.043706883259414],[-16.443601155466087,16.04330454578031],[-16.445288437640983,16.042308838068415]]]}},{"type":"Feature","properties":{"hauteur":"Faibble / Inferieure à 0.5m","Hauteur_Vu":"Faibble / Inferieure à 0.5m","indice":1},"geometry":{"type":"Polygon","coordinates":[[[-16.443794995847007,16.044514617811146],[-16.445039344258877,16.043706883259414],[-16.444938427439734,16.045115864048448],[-16.443794995847007,16.044514617811146]]]}},{"type":"Feature","properties":{"hauteur":"Faibble / Inferieure à 0.5m","Hauteur_Vu":"Faibble / Inferieure à 0.5m","indice":1},"geometry":{"type":"Polygon","coordinates":[[[-16.443557261491506,16.041413462013136],[-16.443767525365164,16.039403720943003],[-16.44422436909597,16.037758424559133],[-16.445032425041212,16.039429813152445],[-16.44524375534727,16.04046941813563],[-16.445288437640983,16.042308838068415],[-16.443557261491506,16.041413462013136]]]}},{"type":"Feature","properties":{"hauteur":"Faibble / Inferieure à 0.5m","Hauteur_Vu":"Faibble / Inferieure à 0.5m","indice":1},"geometry":{"type":"Polygon","coordinates":[[[-16.443796937118762,16.0359346349089],[-16.444891475125562,16.035283435079634],[-16.445537032229904,16.036669483319116],[-16.443796937118762,16.0359346349089]]]}},{"type":"Feature","properties":{"hauteur":"Faibble / Inferieure à 0.5m","Hauteur_Vu":"Faibble / Inferieure à 0.5m","indice":1},"geometry":{"type":"Polygon","coordinates":[[[-16.445537032229904,16.036669483319116],[-16.446192880361288,16.03520305364081],[-16.44794351722656,16.034500236849073],[-16.44863543641266,16.035468245409422],[-16.448429142461436,16.037192062650547],[-16.44712199589898,16.038258048343703],[-16.44560478205154,16.038363761586997],[-16.445537032229904,16.036669483319116]]]}},{"type":"Feature","properties":{"hauteur":"Faibble / Inferieure à 0.5m","Hauteur_Vu":"Faibble / Inferieure à 0.5m","indice":1},"geometry":{"type":"Polygon","coordinates":[[[-16.44579578461461,16.033589784011685],[-16.44603653589555,16.03232009293678],[-16.444924720246885,16.03133280514507],[-16.446470495216936,16.0309166043546],[-16.447977053561857,16.030170680420987],[-16.4471231063622,16.0332812506501],[-16.446192880361288,16.03520305364081],[-16.44579578461461,16.033589784011685]]]}},{"type":"Feature","properties":{"hauteur":"Faibble / Inferieure à 0.5m","Hauteur_Vu":"Faibble / Inferieure à 0.5m","indice":1},"geometry":{"type":"Polygon","coordinates":[[[-16.446276772128723,16.028839491135273],[-16.447574240097325,16.02899437618774],[-16.447977053561857,16.030170680420987],[-16.446276772128723,16.028839491135273]]]}},{"type":"Feature","properties":{"hauteur":"Faibble / Inferieure à 0.5m","Hauteur_Vu":"Faibble / Inferieure à 0.5m","indice":1},"geometry":{"type":"Polygon","coordinates":[[[-16.447258305054252,16.02761850986072],[-16.448466891967083,16.02700121451331],[-16.44872237906338,16.028282941223267],[-16.447574240097325,16.02899437618774],[-16.447258305054252,16.02761850986072]]]}},{"type":"Feature","properties":{"hauteur":"Faibble / Inferieure à 0.5m","Hauteur_Vu":"Faibble / Inferieure à 0.5m","indice":1},"geometry":{"type":"Polygon","coordinates":[[[-16.448475372420727,16.025691784381138],[-16.44987710807337,16.02669676984792],[-16.449717889048202,16.026783906518535],[-16.448466891967083,16.02700121451331],[-16.448475372420727,16.025691784381138]]]}},{"type":"Feature","properties":{"hauteur":"Faibble / Inferieure à 0.5m","Hauteur_Vu":"Faibble / Inferieure à 0.5m","indice":1},"geometry":{"type":"Polygon","coordinates":[[[-16.446572166873548,16.024451474809364],[-16.448296397131983,16.02389634580151],[-16.450112498842753,16.024182448692283],[-16.448475372420727,16.025691784381138],[-16.446572166873548,16.024451474809364]]]}},{"type":"Feature","properties":{"hauteur":"Faibble / Inferieure à 0.5m","Hauteur_Vu":"Faibble / Inferieure à 0.5m","indice":1},"geometry":{"type":"Polygon","coordinates":[[[-16.44689784808869,16.022473609474467],[-16.44826819952405,16.022553876009596],[-16.448296397131983,16.02389634580151],[-16.44689784808869,16.022473609474467]]]}},{"type":"Feature","properties":{"hauteur":"Faibble / Inferieure à 0.5m","Hauteur_Vu":"Faibble / Inferieure à 0.5m","indice":1},"geometry":{"type":"Polygon","coordinates":[[[-16.445267399975346,16.020752264602294],[-16.4455474310888,16.0196359721498],[-16.44605169615597,16.019374502117916],[-16.446027928769457,16.020850843588132],[-16.445888334025803,16.02161105143383],[-16.445267399975346,16.020752264602294]]]}},{"type":"Feature","properties":{"hauteur":"Faibble / Inferieure à 0.5m","Hauteur_Vu":"Faibble / Inferieure à 0.5m","indice":1},"geometry":{"type":"Polygon","coordinates":[[[-16.447070930333595,16.04079635361771],[-16.44813910556575,16.040462837424187],[-16.448128856923688,16.0405389906179],[-16.447575838726582,16.04171829762428],[-16.447070930333595,16.04079635361771]]]}},{"type":"Feature","properties":{"hauteur":"Faibble / Inferieure à 0.5m","Hauteur_Vu":"Faibble / Inferieure à 0.5m","indice":1},"geometry":{"type":"Polygon","coordinates":[[[-16.44830644037286,16.043766137224267],[-16.44696231382411,16.04307986923498],[-16.44863978205967,16.042501786367055],[-16.44830644037286,16.043766137224267]]]}},{"type":"Feature","properties":{"hauteur":"Faibble / Inferieure à 0.5m","Hauteur_Vu":"Faibble / Inferieure à 0.5m","indice":1},"geometry":{"type":"Polygon","coordinates":[[[-16.44838911049253,16.044959051995267],[-16.44643392129927,16.04447730049786],[-16.44830644037286,16.043766137224267],[-16.44838911049253,16.044959051995267]]]}},{"type":"Feature","properties":{"hauteur":"Faibble / Inferieure à 0.5m","Hauteur_Vu":"Faibble / Inferieure à 0.5m","indice":1},"geometry":{"type":"Polygon","coordinates":[[[-16.44334580269921,16.052768696601866],[-16.443208268486405,16.05244156812163],[-16.442670946812875,16.05129157673983],[-16.443230037270638,16.0512473145163],[-16.443789118766347,16.052183014339565],[-16.44334580269921,16.052768696601866]]]}},{"type":"Feature","properties":{"hauteur":"Faibble / Inferieure à 0.5m","Hauteur_Vu":"Faibble / Inferieure à 0.5m","indice":1},"geometry":{"type":"Polygon","coordinates":[[[-16.447574084956088,16.0530078224686],[-16.446745701075894,16.054087544332216],[-16.448304479777395,16.05416652143442],[-16.448406551482044,16.056014221488418],[-16.44736410896555,16.055227608885936],[-16.445550475555663,16.05489524062465],[-16.445517005513,16.052395139035333],[-16.447574084956088,16.0530078224686]]]}},{"type":"Feature","properties":{"hauteur":"Faibble / Inferieure à 0.5m","Hauteur_Vu":"Faibble / Inferieure à 0.5m","indice":1},"geometry":{"type":"Polygon","coordinates":[[[-16.448406551482044,16.056014221488418],[-16.450552843741633,16.055944498890046],[-16.449481248061662,16.056779724308395],[-16.448406551482044,16.056014221488418]]]}},{"type":"Feature","properties":{"hauteur":"Faibble / Inferieure à 0.5m","Hauteur_Vu":"Faibble / Inferieure à 0.5m","indice":1},"geometry":{"type":"Polygon","coordinates":[[[-16.449051728303782,16.057973118758316],[-16.449481248061662,16.056779724308395],[-16.450515362068796,16.05758577556586],[-16.449051728303782,16.057973118758316]]]}},{"type":"Feature","properties":{"hauteur":"Faibble / Inferieure à 0.5m","Hauteur_Vu":"Faibble / Inferieure à 0.5m","indice":1},"geometry":{"type":"Polygon","coordinates":[[[-16.450515362068796,16.05758577556586],[-16.452087402253724,16.058283005040266],[-16.450447881424534,16.05902585701022],[-16.450515362068796,16.05758577556586]]]}},{"type":"Feature","properties":{"hauteur":"Faibble / Inferieure à 0.5m","Hauteur_Vu":"Faibble / Inferieure à 0.5m","indice":1},"geometry":{"type":"Polygon","coordinates":[[[-16.447412597402177,16.061738818361746],[-16.447029936597055,16.061766564179408],[-16.446877643111705,16.061356078655233],[-16.446950533762195,16.060123640983488],[-16.448765066074913,16.059720510531026],[-16.44940275721541,16.060855960471876],[-16.447412597402177,16.061738818361746]]]}},{"type":"Feature","properties":{"hauteur":"Faibble / Inferieure à 0.5m","Hauteur_Vu":"Faibble / Inferieure à 0.5m","indice":1},"geometry":{"type":"Polygon","coordinates":[[[-16.448319280532328,16.063678392574797],[-16.44821003955109,16.061436244489364],[-16.449740744555584,16.063107840739754],[-16.448319280532328,16.063678392574797]]]}},{"type":"Feature","properties":{"hauteur":"Faibble / Inferieure à 0.5m","Hauteur_Vu":"Faibble / Inferieure à 0.5m","indice":1},"geometry":{"type":"Polygon","coordinates":[[[-16.451066931224386,16.06571157016155],[-16.45169676868364,16.065549504566363],[-16.451863158354946,16.065990203303162],[-16.451635614650467,16.066117982751855],[-16.45173680682119,16.066569643348007],[-16.450751666288845,16.066341140427284],[-16.450548789494157,16.066214982842467],[-16.451066931224386,16.06571157016155]]]}},{"type":"Feature","properties":{"hauteur":"Faibble / Inferieure à 0.5m","Hauteur_Vu":"Faibble / Inferieure à 0.5m","indice":1},"geometry":{"type":"MultiPolygon","coordinates":[[[[-16.453883181332625,16.05384975706394],[-16.454949905036525,16.055091890832017],[-16.453286193307445,16.054921963800705],[-16.453883181332625,16.05384975706394]]],[[[-16.453286193307445,16.054921963800705],[-16.452191364780212,16.055741792507963],[-16.452128008550186,16.054345017924387],[-16.453286193307445,16.054921963800705]]]]}},{"type":"Feature","properties":{"hauteur":"Faibble / Inferieure à 0.5m","Hauteur_Vu":"Faibble / Inferieure à 0.5m","indice":1},"geometry":{"type":"Polygon","coordinates":[[[-16.450855286052533,16.053183294145075],[-16.452149055442298,16.053098444241567],[-16.452128008550186,16.054345017924387],[-16.450855286052533,16.053183294145075]]]}},{"type":"Feature","properties":{"hauteur":"Faibble / Inferieure à 0.5m","Hauteur_Vu":"Faibble / Inferieure à 0.5m","indice":1},"geometry":{"type":"Polygon","coordinates":[[[-16.44900128305124,16.05281318558311],[-16.45017102684947,16.052085551009966],[-16.450855286052533,16.053183294145075],[-16.44900128305124,16.05281318558311]]]}},{"type":"Feature","properties":{"hauteur":"Faibble / Inferieure à 0.5m","Hauteur_Vu":"Faibble / Inferieure à 0.5m","indice":1},"geometry":{"type":"Polygon","coordinates":[[[-16.45421434960259,16.05271445871447],[-16.45553617075178,16.052681528784078],[-16.453883181332625,16.05384975706394],[-16.45421434960259,16.05271445871447]]]}},{"type":"Feature","properties":{"hauteur":"Faibble / Inferieure à 0.5m","Hauteur_Vu":"Faibble / Inferieure à 0.5m","indice":1},"geometry":{"type":"Polygon","coordinates":[[[-16.45401138411444,16.051107635432714],[-16.454947526691463,16.050109208392442],[-16.45642186348863,16.049930614179107],[-16.45739811989077,16.04882896829678],[-16.457711268721514,16.049600251659466],[-16.45778311954935,16.05050445568192],[-16.457594430548284,16.051484070072707],[-16.457035803074103,16.052455681025066],[-16.456754268969643,16.0526364302831],[-16.455841282121572,16.051254037501074],[-16.45421434960259,16.05271445871447],[-16.45401138411444,16.051107635432714]]]}},{"type":"Feature","properties":{"hauteur":"Faibble / Inferieure à 0.5m","Hauteur_Vu":"Faibble / Inferieure à 0.5m","indice":1},"geometry":{"type":"Polygon","coordinates":[[[-16.456638275807897,16.04786742495389],[-16.458586978924455,16.047900416418603],[-16.45739811989077,16.04882896829678],[-16.456638275807897,16.04786742495389]]]}},{"type":"Feature","properties":{"hauteur":"Faibble / Inferieure à 0.5m","Hauteur_Vu":"Faibble / Inferieure à 0.5m","indice":1},"geometry":{"type":"Polygon","coordinates":[[[-16.456658562654514,16.046731999307568],[-16.458685528716465,16.046391499807825],[-16.458586978924455,16.047900416418603],[-16.456658562654514,16.046731999307568]]]}},{"type":"Feature","properties":{"hauteur":"Faibble / Inferieure à 0.5m","Hauteur_Vu":"Faibble / Inferieure à 0.5m","indice":1},"geometry":{"type":"Polygon","coordinates":[[[-16.45654496291347,16.042988260329608],[-16.45726936652339,16.041279378898647],[-16.458417615370617,16.042394720227275],[-16.458047612376124,16.043846292829073],[-16.45654496291347,16.042988260329608]]]}},{"type":"Feature","properties":{"hauteur":"Faibble / Inferieure à 0.5m","Hauteur_Vu":"Faibble / Inferieure à 0.5m","indice":1},"geometry":{"type":"Polygon","coordinates":[[[-16.459361838929436,16.03910615154401],[-16.459235028168724,16.038123423782984],[-16.45889502656553,16.03741938320713],[-16.45969531029703,16.036974124414755],[-16.45983131504871,16.03785636551633],[-16.460395461933743,16.038216531574736],[-16.460664435985695,16.038715956045248],[-16.460009253450057,16.0385652678422],[-16.460163315963495,16.039384728344107],[-16.459361838929436,16.03910615154401]]]}},{"type":"Feature","properties":{"hauteur":"Faibble / Inferieure à 0.5m","Hauteur_Vu":"Faibble / Inferieure à 0.5m","indice":1},"geometry":{"type":"Polygon","coordinates":[[[-16.45969531029703,16.036974124414755],[-16.460652204709532,16.036375069400723],[-16.46048113398674,16.037456323865865],[-16.45969531029703,16.036974124414755]]]}},{"type":"Feature","properties":{"hauteur":"Faibble / Inferieure à 0.5m","Hauteur_Vu":"Faibble / Inferieure à 0.5m","indice":1},"geometry":{"type":"Polygon","coordinates":[[[-16.459610121129536,16.035549254586947],[-16.46074610237696,16.03486469179192],[-16.460652204709532,16.036375069400723],[-16.459610121129536,16.035549254586947]]]}},{"type":"Feature","properties":{"hauteur":"Faibble / Inferieure à 0.5m","Hauteur_Vu":"Faibble / Inferieure à 0.5m","indice":1},"geometry":{"type":"Polygon","coordinates":[[[-16.459225784551936,16.034034672243614],[-16.460864680207827,16.033354145934492],[-16.46074610237696,16.03486469179192],[-16.459225784551936,16.034034672243614]]]}},{"type":"Feature","properties":{"hauteur":"Faibble / Inferieure à 0.5m","Hauteur_Vu":"Faibble / Inferieure à 0.5m","indice":1},"geometry":{"type":"Polygon","coordinates":[[[-16.458239519421603,16.03552622546078],[-16.459154719227385,16.03409977098547],[-16.459610121129536,16.035549254586947],[-16.458239519421603,16.03552622546078]]]}},{"type":"Feature","properties":{"hauteur":"Faibble / Inferieure à 0.5m","Hauteur_Vu":"Faibble / Inferieure à 0.5m","indice":1},"geometry":{"type":"Polygon","coordinates":[[[-16.45827852092221,16.033252399909564],[-16.46020570502657,16.031752951363767],[-16.45980084264717,16.032716450323402],[-16.459154719227385,16.03409977098547],[-16.45827852092221,16.033252399909564]]]}},{"type":"Feature","properties":{"hauteur":"Faibble / Inferieure à 0.5m","Hauteur_Vu":"Faibble / Inferieure à 0.5m","indice":1},"geometry":{"type":"Polygon","coordinates":[[[-16.458983268037056,16.031445000922442],[-16.45922009773619,16.030363765709858],[-16.46000503766079,16.031390775453627],[-16.46020570502657,16.031752951363767],[-16.458983268037056,16.031445000922442]]]}},{"type":"Feature","properties":{"hauteur":"Faibble / Inferieure à 0.5m","Hauteur_Vu":"Faibble / Inferieure à 0.5m","indice":1},"geometry":{"type":"Polygon","coordinates":[[[-16.467646468259204,16.035948384950082],[-16.46767833778207,16.035876558883366],[-16.467898462384525,16.03636539856678],[-16.467657442284334,16.036604715880824],[-16.467646468259204,16.035948384950082]]]}},{"type":"Feature","properties":{"hauteur":"Faibble / Inferieure à 0.5m","Hauteur_Vu":"Faibble / Inferieure à 0.5m","indice":1},"geometry":{"type":"Polygon","coordinates":[[[-16.46857964415713,16.036696396287297],[-16.468459979772774,16.03433760452533],[-16.46969074990938,16.034305303783956],[-16.470532924744727,16.033635199562276],[-16.471997330528637,16.033725571810656],[-16.471640760136594,16.035166143000172],[-16.469964096600837,16.03574108891415],[-16.469159541641957,16.03654669046621],[-16.469025517004305,16.037624710736278],[-16.46857964415713,16.036696396287297]]]}},{"type":"Feature","properties":{"hauteur":"Faibble / Inferieure à 0.5m","Hauteur_Vu":"Faibble / Inferieure à 0.5m","indice":1},"geometry":{"type":"Polygon","coordinates":[[[-16.472208960637943,16.031453554134547],[-16.47222757563865,16.030626952545013],[-16.47337436323787,16.03008500318637],[-16.473152151266603,16.029653898852068],[-16.473823917936755,16.0298341778458],[-16.472539706260566,16.031303126277244],[-16.472208960637943,16.031453554134547]]]}},{"type":"Feature","properties":{"hauteur":"Faibble / Inferieure à 0.5m","Hauteur_Vu":"Faibble / Inferieure à 0.5m","indice":1},"geometry":{"type":"Polygon","coordinates":[[[-16.475078042743498,16.028471722658143],[-16.474861198551093,16.028411091937688],[-16.475192244672648,16.028059192631762],[-16.47556317395702,16.028575797845306],[-16.475078042743498,16.028471722658143]]]}},{"type":"Feature","properties":{"hauteur":"Faibble / Inferieure à 0.5m","Hauteur_Vu":"Faibble / Inferieure à 0.5m","indice":1},"geometry":{"type":"Polygon","coordinates":[[[-16.475192244672648,16.028059192631762],[-16.474539050953798,16.02733567083916],[-16.475575386560294,16.027719404308385],[-16.475993963685497,16.028002955809896],[-16.475192244672648,16.028059192631762]]]}},{"type":"Feature","properties":{"hauteur":"Faibble / Inferieure à 0.5m","Hauteur_Vu":"Faibble / Inferieure à 0.5m","indice":1},"geometry":{"type":"Polygon","coordinates":[[[-16.47523130236864,16.027077300741244],[-16.47545846194723,16.0263806402111],[-16.476010650921378,16.0268653473887],[-16.475798140366898,16.02736517698411],[-16.47523130236864,16.027077300741244]]]}},{"type":"Feature","properties":{"hauteur":"Faibble / Inferieure à 0.5m","Hauteur_Vu":"Faibble / Inferieure à 0.5m","indice":1},"geometry":{"type":"Polygon","coordinates":[[[-16.476010650921378,16.0268653473887],[-16.476282737099194,16.025739357171105],[-16.47663097507666,16.02690841697298],[-16.47619446194648,16.02708499494809],[-16.476010650921378,16.0268653473887]]]}},{"type":"Feature","properties":{"hauteur":"Faibble / Inferieure à 0.5m","Hauteur_Vu":"Faibble / Inferieure à 0.5m","indice":1},"geometry":{"type":"Polygon","coordinates":[[[-16.475776097178084,16.025226669975552],[-16.476282737099194,16.025739357171105],[-16.47545846194723,16.0263806402111],[-16.475776097178084,16.025226669975552]]]}},{"type":"Feature","properties":{"hauteur":"Faibble / Inferieure à 0.5m","Hauteur_Vu":"Faibble / Inferieure à 0.5m","indice":1},"geometry":{"type":"Polygon","coordinates":[[[-16.47856655775318,16.02609164955804],[-16.47925439714031,16.026517202682946],[-16.479355103214004,16.026210777090807],[-16.479859419648555,16.02661605942755],[-16.47957972310407,16.026653512676706],[-16.479134320309445,16.027020869382792],[-16.47879674120143,16.026739469808494],[-16.47848026708421,16.02701941055587],[-16.478009764114777,16.02712083344248],[-16.47791704825483,16.02667989131217],[-16.47856655775318,16.02609164955804]]]}},{"type":"Feature","properties":{"hauteur":"Faibble / Inferieure à 0.5m","Hauteur_Vu":"Faibble / Inferieure à 0.5m","indice":1},"geometry":{"type":"Polygon","coordinates":[[[-16.48348054071709,16.02598863353227],[-16.483731409047753,16.025703452174522],[-16.484226408809796,16.02589098183067],[-16.48456363156742,16.025602218534985],[-16.484878359553967,16.025608991504285],[-16.485072791369184,16.025931371429163],[-16.484995895165152,16.026379450676462],[-16.484032174531087,16.026481595872262],[-16.483010814378886,16.02598563394232],[-16.48348054071709,16.02598863353227]]]}},{"type":"Feature","properties":{"hauteur":"Faibble / Inferieure à 0.5m","Hauteur_Vu":"Faibble / Inferieure à 0.5m","indice":1},"geometry":{"type":"Polygon","coordinates":[[[-16.48521410784002,16.02553804368929],[-16.485257031703934,16.025501942789287],[-16.48541345804399,16.026108031854427],[-16.485072791369184,16.025931371429163],[-16.48521410784002,16.02553804368929]]]}},{"type":"Feature","properties":{"hauteur":"Faibble / Inferieure à 0.5m","Hauteur_Vu":"Faibble / Inferieure à 0.5m","indice":1},"geometry":{"type":"Polygon","coordinates":[[[-16.48555939771189,16.02550581669994],[-16.48653378909637,16.025439394859305],[-16.48686803312115,16.025165567104217],[-16.4869827035216,16.026068816674883],[-16.486629452946126,16.025859425949058],[-16.48613346564343,16.02595535516188],[-16.485861427141728,16.02577672880757],[-16.48541345804399,16.026108031854427],[-16.48555939771189,16.02550581669994]]]}},{"type":"Feature","properties":{"hauteur":"Faibble / Inferieure à 0.5m","Hauteur_Vu":"Faibble / Inferieure à 0.5m","indice":1},"geometry":{"type":"Polygon","coordinates":[[[-16.485812304954873,16.026642326238147],[-16.48546604141665,16.02654328010041],[-16.48584680567933,16.026301951703534],[-16.486224307104013,16.026557422215937],[-16.486271305940736,16.026967347808117],[-16.485812304954873,16.026642326238147]]]}},{"type":"Feature","properties":{"hauteur":"Faibble / Inferieure à 0.5m","Hauteur_Vu":"Faibble / Inferieure à 0.5m","indice":1},"geometry":{"type":"Polygon","coordinates":[[[-16.487362052738042,16.027718006843585],[-16.487215111515823,16.027039873677776],[-16.48760455532676,16.027553343851977],[-16.487706535483238,16.027576505804454],[-16.487362052738042,16.027718006843585]]]}},{"type":"Feature","properties":{"hauteur":"Faibble / Inferieure à 0.5m","Hauteur_Vu":"Faibble / Inferieure à 0.5m","indice":1},"geometry":{"type":"Polygon","coordinates":[[[-16.48696615068508,16.02799823026902],[-16.48668543212906,16.027585449356188],[-16.4865458012895,16.027893732339713],[-16.486122301017897,16.027780304444228],[-16.48603315547078,16.027303165822094],[-16.486595847184326,16.02673685035448],[-16.486562235009732,16.026364127675585],[-16.486861473036317,16.026362054031456],[-16.487215111515823,16.027039873677776],[-16.48696615068508,16.02799823026902]]]}},{"type":"Feature","properties":{"hauteur":"Faibble / Inferieure à 0.5m","Hauteur_Vu":"Faibble / Inferieure à 0.5m","indice":1},"geometry":{"type":"Polygon","coordinates":[[[-16.48839163370727,16.026737565838758],[-16.48807922580712,16.027078636231916],[-16.488011366794087,16.026664380549875],[-16.488070875031926,16.02636858714363],[-16.48839163370727,16.026737565838758]]]}},{"type":"Feature","properties":{"hauteur":"Faibble / Inferieure à 0.5m","Hauteur_Vu":"Faibble / Inferieure à 0.5m","indice":1},"geometry":{"type":"Polygon","coordinates":[[[-16.488566726490014,16.027246550724175],[-16.488359300119274,16.027510979451062],[-16.488711245787055,16.027666331113185],[-16.488756918675122,16.027957932502147],[-16.48849520555875,16.02823588760106],[-16.48898713929207,16.02856647023066],[-16.48854982126292,16.028965881652695],[-16.488133944290446,16.028216889282007],[-16.488458559083305,16.027892403803865],[-16.487706535483238,16.027576505804454],[-16.487973775210982,16.027419502942536],[-16.48807922580712,16.027078636231916],[-16.488566726490014,16.027246550724175]]]}},{"type":"Feature","properties":{"hauteur":"Faibble / Inferieure à 0.5m","Hauteur_Vu":"Faibble / Inferieure à 0.5m","indice":1},"geometry":{"type":"Polygon","coordinates":[[[-16.48893609254808,16.029016536525205],[-16.488562685970315,16.029267653136543],[-16.48854982126292,16.028965881652695],[-16.48893609254808,16.029016536525205]]]}},{"type":"Feature","properties":{"hauteur":"Faibble / Inferieure à 0.5m","Hauteur_Vu":"Faibble / Inferieure à 0.5m","indice":1},"geometry":{"type":"Polygon","coordinates":[[[-16.488897106470837,16.02944285004311],[-16.488562714461438,16.02982124579332],[-16.488243265906874,16.029801563710567],[-16.487709906081612,16.02943529193463],[-16.487426906891933,16.029547649302508],[-16.487426808133847,16.029950441774687],[-16.487135161084446,16.02972869075462],[-16.48738371722668,16.029547948788778],[-16.487241183208585,16.02904843094126],[-16.48679370676203,16.029863084021617],[-16.48667332614108,16.029854967472623],[-16.48672293051935,16.029055007136165],[-16.487203920310716,16.029015869214692],[-16.486916300097924,16.028504676393208],[-16.48726009064645,16.02826956893762],[-16.487547180410857,16.02870915751297],[-16.487530151170798,16.028076743264947],[-16.487916800664255,16.02862901933756],[-16.4883591152345,16.028627069746413],[-16.488140959240624,16.029162655233797],[-16.488897106470837,16.02944285004311]]]}},{"type":"Feature","properties":{"hauteur":"Faibble / Inferieure à 0.5m","Hauteur_Vu":"Faibble / Inferieure à 0.5m","indice":1},"geometry":{"type":"Polygon","coordinates":[[[-16.48772198185715,16.029815622608176],[-16.488048013737693,16.030087806574823],[-16.48748916638345,16.030246881793733],[-16.48772198185715,16.029815622608176]]]}},{"type":"Feature","properties":{"hauteur":"Faibble / Inferieure à 0.5m","Hauteur_Vu":"Faibble / Inferieure à 0.5m","indice":1},"geometry":{"type":"Polygon","coordinates":[[[-16.486182703991183,16.03109285012528],[-16.486161453204037,16.030723025513655],[-16.486467874701905,16.030440439628762],[-16.486539326048415,16.030923294717443],[-16.486182703991183,16.03109285012528]]]}},{"type":"Feature","properties":{"hauteur":"Faibble / Inferieure à 0.5m","Hauteur_Vu":"Faibble / Inferieure à 0.5m","indice":1},"geometry":{"type":"Polygon","coordinates":[[[-16.487726638257218,16.031534177137836],[-16.487258269878467,16.031561285723576],[-16.487279587651315,16.031107624219082],[-16.487779357630227,16.031104158118413],[-16.487726638257218,16.031534177137836]]]}},{"type":"Feature","properties":{"hauteur":"Faibble / Inferieure à 0.5m","Hauteur_Vu":"Faibble / Inferieure à 0.5m","indice":1},"geometry":{"type":"Polygon","coordinates":[[[-16.486925124669142,16.031629151784756],[-16.48654961208431,16.031551214223764],[-16.486817898994154,16.0312540400498],[-16.487258269878467,16.031561285723576],[-16.486925124669142,16.031629151784756]]]}},{"type":"Feature","properties":{"hauteur":"Faibble / Inferieure à 0.5m","Hauteur_Vu":"Faibble / Inferieure à 0.5m","indice":1},"geometry":{"type":"Polygon","coordinates":[[[-16.486667501147306,16.032505706881807],[-16.486230189706298,16.03292149465279],[-16.486023145358224,16.032667827840505],[-16.486552907420414,16.032547794399527],[-16.48616908236755,16.032377403168645],[-16.486487890456864,16.03210069855504],[-16.486667501147306,16.032505706881807]]]}},{"type":"Feature","properties":{"hauteur":"Faibble / Inferieure à 0.5m","Hauteur_Vu":"Faibble / Inferieure à 0.5m","indice":1},"geometry":{"type":"Polygon","coordinates":[[[-16.487584885415494,16.033916859073855],[-16.48750378354542,16.03361498372619],[-16.48794217465754,16.03348621240744],[-16.487969953697128,16.033903729439015],[-16.487627668880535,16.033926989609217],[-16.487562004467836,16.034244457028123],[-16.48723544168343,16.033891668671068],[-16.487584885415494,16.033916859073855]]]}},{"type":"Feature","properties":{"hauteur":"Faibble / Inferieure à 0.5m","Hauteur_Vu":"Faibble / Inferieure à 0.5m","indice":1},"geometry":{"type":"Polygon","coordinates":[[[-16.48921931265945,16.0334683966005],[-16.48945972372542,16.033436890610673],[-16.489395984385652,16.033546622865327],[-16.489291664101696,16.033655863469285],[-16.48921931265945,16.0334683966005]]]}},{"type":"Feature","properties":{"hauteur":"Faibble / Inferieure à 0.5m","Hauteur_Vu":"Faibble / Inferieure à 0.5m","indice":1},"geometry":{"type":"Polygon","coordinates":[[[-16.48961617920372,16.032901732461223],[-16.489354949008124,16.033037810551374],[-16.489238565686087,16.032737271125168],[-16.49000787197006,16.03236568597955],[-16.48992853047857,16.032067873250906],[-16.49016454282905,16.032275088289733],[-16.490317729527575,16.03213080920612],[-16.490540271587264,16.03218595182607],[-16.490834503585653,16.031924330219653],[-16.491364159951043,16.031790859614937],[-16.49146536776643,16.031294871973266],[-16.491812834406176,16.031554269649074],[-16.492267949617627,16.031354183560747],[-16.492291364495184,16.031183953347604],[-16.492768850315336,16.031088137918164],[-16.492838361976624,16.030893717758868],[-16.492977852615223,16.030982255932873],[-16.49378931290827,16.03057679889615],[-16.493772221826827,16.030353145273242],[-16.493964668119208,16.030509937610823],[-16.494616350187002,16.030192115927452],[-16.494688785522513,16.030374972336418],[-16.49031606346521,16.032572430571395],[-16.489795952701314,16.033013862005134],[-16.48961617920372,16.032901732461223]]]}},{"type":"Feature","properties":{"hauteur":"Faibble / Inferieure à 0.5m","Hauteur_Vu":"Faibble / Inferieure à 0.5m","indice":1},"geometry":{"type":"Polygon","coordinates":[[[-16.494455549314434,16.029727789331655],[-16.494769655538022,16.0292362846228],[-16.494383413148448,16.029155434002323],[-16.49461862134137,16.0288405136222],[-16.49451062454499,16.027595598428043],[-16.49470371763228,16.027218315122443],[-16.494190019573956,16.02700707184801],[-16.49502110482269,16.02675364014648],[-16.495459430579075,16.02678638877309],[-16.49531816344874,16.026459173657496],[-16.495658338895904,16.026376044091172],[-16.49603167396536,16.026846820883165],[-16.496464218607205,16.026762599403114],[-16.496611273666996,16.027865517750005],[-16.496866241718408,16.028132265730907],[-16.496562523825148,16.028361140879184],[-16.496633575120367,16.028787304631127],[-16.496315469089094,16.028741785682108],[-16.4966040609254,16.028966528496888],[-16.49647622863568,16.029200143671016],[-16.496184870838093,16.029431915826315],[-16.495737773742277,16.02946487024742],[-16.495865947871806,16.02969073256492],[-16.494688785522513,16.030374972336418],[-16.494455549314434,16.029727789331655]],[[-16.49622535587985,16.027658105412655],[-16.496167717196258,16.027221946084765],[-16.495870058980156,16.027418633500098],[-16.495580229941474,16.027936112303518],[-16.49582253726094,16.028339425576757],[-16.49622535587985,16.027658105412655]]]}},{"type":"Feature","properties":{"hauteur":"Faibble / Inferieure à 0.5m","Hauteur_Vu":"Faibble / Inferieure à 0.5m","indice":1},"geometry":{"type":"Polygon","coordinates":[[[-16.492858592355283,16.029984686710684],[-16.493294528737618,16.030109948579533],[-16.493041206094155,16.030271336576334],[-16.492770671419464,16.030400024090564],[-16.492858592355283,16.029984686710684]]]}},{"type":"Feature","properties":{"hauteur":"Faibble / Inferieure à 0.5m","Hauteur_Vu":"Faibble / Inferieure à 0.5m","indice":1},"geometry":{"type":"Polygon","coordinates":[[[-16.49224994347995,16.028622415996708],[-16.492448335021855,16.028334606614422],[-16.492623045439537,16.028595951110365],[-16.49295697435886,16.028280345447627],[-16.49333182974968,16.028489574455644],[-16.4930097303418,16.028736474700764],[-16.49265420572748,16.028637505208952],[-16.492536245130427,16.028954591530866],[-16.49224994347995,16.028622415996708]]]}},{"type":"Feature","properties":{"hauteur":"Faibble / Inferieure à 0.5m","Hauteur_Vu":"Faibble / Inferieure à 0.5m","indice":1},"geometry":{"type":"Polygon","coordinates":[[[-16.49248539881216,16.02834031602348],[-16.492684100496298,16.0280942752273],[-16.492910855523522,16.028301551870303],[-16.49248539881216,16.02834031602348]]]}},{"type":"Feature","properties":{"hauteur":"Faibble / Inferieure à 0.5m","Hauteur_Vu":"Faibble / Inferieure à 0.5m","indice":1},"geometry":{"type":"Polygon","coordinates":[[[-16.492565483162053,16.026353029171183],[-16.492854178239288,16.02617796953852],[-16.492924954204607,16.026568333542954],[-16.49263110970466,16.026880676461417],[-16.492920960286792,16.027275483364296],[-16.49258849764101,16.027373273133996],[-16.492565483162053,16.026353029171183]]]}},{"type":"Feature","properties":{"hauteur":"Faibble / Inferieure à 0.5m","Hauteur_Vu":"Faibble / Inferieure à 0.5m","indice":1},"geometry":{"type":"Polygon","coordinates":[[[-16.488257488856277,16.03287108296942],[-16.488169706057672,16.032310209641718],[-16.4889096366901,16.031062449209237],[-16.48895542629032,16.031688249702274],[-16.488787965250047,16.0319877762721],[-16.489084569309775,16.032045389966814],[-16.489238565686087,16.032737271125168],[-16.488896261032508,16.032757549656036],[-16.48859093960997,16.032356877596058],[-16.488540819085955,16.03267050775918],[-16.488257488856277,16.03287108296942]]]}},{"type":"Feature","properties":{"hauteur":"Faibble / Inferieure à 0.5m","Hauteur_Vu":"Faibble / Inferieure à 0.5m","indice":1},"geometry":{"type":"Polygon","coordinates":[[[-16.489084569309775,16.032045389966814],[-16.489637118751535,16.03208630749531],[-16.489640685996044,16.032566648701636],[-16.489167061030077,16.03235213215353],[-16.489084569309775,16.032045389966814]]]}},{"type":"Feature","properties":{"hauteur":"Faibble / Inferieure à 0.5m","Hauteur_Vu":"Faibble / Inferieure à 0.5m","indice":1},"geometry":{"type":"Polygon","coordinates":[[[-16.4889096366901,16.031062449209237],[-16.48913089588119,16.030181784793147],[-16.489477942441415,16.030385246325167],[-16.489452924347255,16.0307553914538],[-16.48983400091118,16.030555824602157],[-16.48982056755618,16.031031808462554],[-16.48950460739385,16.0312756777536],[-16.489815323149486,16.03157188367784],[-16.489637118751535,16.03208630749531],[-16.489368196912036,16.03160184181686],[-16.489170307316027,16.03195826910202],[-16.48895542629032,16.031688249702274],[-16.4889096366901,16.031062449209237]]]}},{"type":"Feature","properties":{"hauteur":"Faibble / Inferieure à 0.5m","Hauteur_Vu":"Faibble / Inferieure à 0.5m","indice":1},"geometry":{"type":"Polygon","coordinates":[[[-16.488990235287964,16.029830934860907],[-16.48926840147101,16.02957127411468],[-16.488897106470837,16.02944285004311],[-16.48939109370736,16.02924826022548],[-16.48893609254808,16.029016536525205],[-16.489374827742658,16.02896276576445],[-16.489415081048524,16.029398097820394],[-16.48933608994985,16.0295627465231],[-16.489765189246214,16.0295985540849],[-16.489091133121068,16.03023523813195],[-16.488990235287964,16.029830934860907]]]}},{"type":"Feature","properties":{"hauteur":"Faibble / Inferieure à 0.5m","Hauteur_Vu":"Faibble / Inferieure à 0.5m","indice":1},"geometry":{"type":"Polygon","coordinates":[[[-16.489444213020796,16.028161745133367],[-16.48911673871666,16.028006224924255],[-16.48903051166715,16.02774646388511],[-16.48913181104039,16.02747225168815],[-16.48950083924033,16.027364494002654],[-16.48915055890323,16.027067117763423],[-16.489387699488322,16.0267761831455],[-16.489289151776106,16.026321895489144],[-16.489675152573014,16.026197828934055],[-16.489986701847528,16.026607407892286],[-16.489967206423387,16.02730571520355],[-16.490230374073366,16.027846909781108],[-16.489779528865906,16.02779036839418],[-16.489893112488005,16.028129714585976],[-16.489374827742658,16.02896276576445],[-16.489444213020796,16.028161745133367]]]}},{"type":"Feature","properties":{"hauteur":"Faibble / Inferieure à 0.5m","Hauteur_Vu":"Faibble / Inferieure à 0.5m","indice":1},"geometry":{"type":"Polygon","coordinates":[[[-16.48763189813777,16.02666402853678],[-16.48777586043153,16.026108072570914],[-16.487671116255857,16.025711974309175],[-16.487338332088367,16.026182713667513],[-16.487044490421294,16.02608032300437],[-16.487261352971526,16.02578642266248],[-16.48686803312115,16.025165567104217],[-16.486917381792367,16.024747514853857],[-16.487799454382607,16.02512927388386],[-16.488041746233108,16.024936640435815],[-16.488427713877066,16.024934028859214],[-16.488451456590933,16.025202113534906],[-16.487994629813308,16.025570837832856],[-16.488070875031926,16.02636858714363],[-16.48763189813777,16.02666402853678]]]}},{"type":"Feature","properties":{"hauteur":"Faibble / Inferieure à 0.5m","Hauteur_Vu":"Faibble / Inferieure à 0.5m","indice":1},"geometry":{"type":"Polygon","coordinates":[[[-16.487479997005174,16.024377803304876],[-16.487984351338095,16.02271747128932],[-16.48841408951325,16.02273027031585],[-16.488329183690027,16.023014888057833],[-16.488529563573568,16.02363415364484],[-16.488336165185178,16.023956342548434],[-16.488626383397143,16.024222578674205],[-16.488427713877066,16.024934028859214],[-16.488041746233108,16.024936640435815],[-16.488080677481985,16.024778237329336],[-16.487769444671894,16.024410423832492],[-16.48771277791565,16.024673377410192],[-16.487354099912146,16.02498019580992],[-16.486917381792367,16.024747514853857],[-16.487479997005174,16.024377803304876]]]}},{"type":"Feature","properties":{"hauteur":"Faibble / Inferieure à 0.5m","Hauteur_Vu":"Faibble / Inferieure à 0.5m","indice":1},"geometry":{"type":"Polygon","coordinates":[[[-16.48633735365777,16.02474258277676],[-16.485864818766103,16.02508897496453],[-16.48554149251019,16.02475406182335],[-16.48615360720487,16.024509266438624],[-16.485680844688613,16.023783038945822],[-16.486372859378314,16.023080073259486],[-16.48621004947077,16.02366075156745],[-16.486617841998616,16.02364740706742],[-16.486224470334715,16.0241392932028],[-16.486917381792367,16.024747514853857],[-16.48633735365777,16.02474258277676]]]}},{"type":"Feature","properties":{"hauteur":"Faibble / Inferieure à 0.5m","Hauteur_Vu":"Faibble / Inferieure à 0.5m","indice":1},"geometry":{"type":"Polygon","coordinates":[[[-16.485615471139937,16.02516230913616],[-16.485864818766103,16.02508897496453],[-16.485668974827362,16.02530515367187],[-16.48555939771189,16.02550581669994],[-16.485615471139937,16.02516230913616]]]}},{"type":"Feature","properties":{"hauteur":"Faibble / Inferieure à 0.5m","Hauteur_Vu":"Faibble / Inferieure à 0.5m","indice":1},"geometry":{"type":"Polygon","coordinates":[[[-16.48505667262823,16.02479545950635],[-16.48547659441869,16.024791060814994],[-16.485204868783814,16.025123380772044],[-16.48505667262823,16.02479545950635]]]}},{"type":"Feature","properties":{"hauteur":"Faibble / Inferieure à 0.5m","Hauteur_Vu":"Faibble / Inferieure à 0.5m","indice":1},"geometry":{"type":"Polygon","coordinates":[[[-16.484295062559788,16.02328540937624],[-16.484354024202553,16.0229150291448],[-16.48412961859831,16.022606281894515],[-16.48464769934978,16.022448294307384],[-16.484448259682395,16.02217816207204],[-16.484652606582284,16.021860481693494],[-16.4849910196143,16.022150537619442],[-16.485104129496726,16.022557768648372],[-16.484692301466513,16.022769473775927],[-16.484965757136578,16.023036109849972],[-16.484633428751334,16.023151788029338],[-16.485017852487278,16.02340572159673],[-16.485106216162606,16.02367363828301],[-16.484295062559788,16.02328540937624]]]}},{"type":"Feature","properties":{"hauteur":"Faibble / Inferieure à 0.5m","Hauteur_Vu":"Faibble / Inferieure à 0.5m","indice":1},"geometry":{"type":"Polygon","coordinates":[[[-16.485415177946003,16.02290171877659],[-16.485567125212288,16.022590367618108],[-16.485104129496726,16.022557768648372],[-16.48549367603297,16.022123189421777],[-16.485201049643646,16.021767177214038],[-16.48558991856671,16.02178835470317],[-16.48563552244065,16.021280818993546],[-16.485215480539647,16.02163281320069],[-16.485196060705345,16.02109290738561],[-16.484856373660968,16.020526127087233],[-16.484491748643272,16.020862818204545],[-16.484078199527215,16.02042409837471],[-16.48522723194502,16.020510880352454],[-16.486105075879507,16.020041751321923],[-16.48618479265167,16.020525100786124],[-16.486404345309527,16.02079708976119],[-16.486013379254224,16.020878694282338],[-16.485966732603117,16.02118934540272],[-16.4866881595743,16.02166825016361],[-16.486479730376598,16.022164114970646],[-16.486415255078697,16.02309653188552],[-16.485415177946003,16.02290171877659]]]}},{"type":"Feature","properties":{"hauteur":"Faibble / Inferieure à 0.5m","Hauteur_Vu":"Faibble / Inferieure à 0.5m","indice":1},"geometry":{"type":"Polygon","coordinates":[[[-16.485719091188027,16.020015494819702],[-16.48576966069774,16.020280764615443],[-16.48522723194502,16.020510880352454],[-16.4850524944691,16.020243561241085],[-16.485163984716277,16.01988475198025],[-16.484741715917437,16.019935412054853],[-16.48498771290364,16.020244009497137],[-16.48484991708934,16.020487384332135],[-16.484417596241766,16.02022184664925],[-16.484348955908175,16.0199090382647],[-16.483962267053304,16.019973623075337],[-16.48386614949813,16.019490936425584],[-16.483574147387085,16.019218459280193],[-16.483070175943226,16.019484503574045],[-16.48311396633563,16.017790979192],[-16.484514443714588,16.018540566510683],[-16.484440448638768,16.01883036744483],[-16.484867813883213,16.019258715008558],[-16.485728327032422,16.019426333300903],[-16.48615086817222,16.019202496284766],[-16.48657508297075,16.01920481824386],[-16.48612788235763,16.019770713752216],[-16.486105075879507,16.020041751321923],[-16.485719091188027,16.020015494819702]]]}},{"type":"Feature","properties":{"hauteur":"Faibble / Inferieure à 0.5m","Hauteur_Vu":"Faibble / Inferieure à 0.5m","indice":1},"geometry":{"type":"Polygon","coordinates":[[[-16.4830089870708,16.019971261427873],[-16.48344436766073,16.02002494184736],[-16.48321197021737,16.020304027538252],[-16.4830089870708,16.019971261427873]]]}},{"type":"Feature","properties":{"hauteur":"Faibble / Inferieure à 0.5m","Hauteur_Vu":"Faibble / Inferieure à 0.5m","indice":1},"geometry":{"type":"Polygon","coordinates":[[[-16.483732401847504,16.017568898647482],[-16.483508047289728,16.017057261469777],[-16.483142588119325,16.017280577107574],[-16.483156865081558,16.01628990627868],[-16.483405851438192,16.016586550909736],[-16.4836746227893,16.01622068800005],[-16.483764215300585,16.016655681725016],[-16.484234072643076,16.016783714029675],[-16.484378266567926,16.01709301652074],[-16.484515975809877,16.016525170757493],[-16.48410472738119,16.015979022806025],[-16.484146811626285,16.015829549337],[-16.484659059830793,16.015849876378237],[-16.484587974508486,16.0154147551311],[-16.485373252529076,16.01512438452886],[-16.485652668557364,16.015364126561686],[-16.485333243730285,16.015554306810824],[-16.48596789739222,16.01606608573967],[-16.48642661239948,16.0158610474758],[-16.486671339350224,16.016284988690302],[-16.48703194003143,16.01582300936822],[-16.486950067439285,16.016598620541497],[-16.487359637636057,16.01682721412863],[-16.486931820527214,16.01707212882249],[-16.486464300234005,16.01709640611238],[-16.486494203156234,16.016728013062583],[-16.486139404077427,16.016551636544516],[-16.485812779619266,16.017242931538096],[-16.48593734181075,16.017907434027467],[-16.485745962215645,16.01813493026397],[-16.48562391575334,16.01817785344961],[-16.485449929761984,16.017816131344155],[-16.485142676144438,16.01781825749373],[-16.484514443714588,16.018540566510683],[-16.483470250537582,16.01799588079968],[-16.483732401847504,16.017568898647482]],[[-16.485252469394943,16.016302674809626],[-16.485038089446626,16.015993829641758],[-16.48493282863341,16.01646794007873],[-16.485223147730082,16.01674996088349],[-16.485252469394943,16.016302674809626]]]}},{"type":"Feature","properties":{"hauteur":"Faibble / Inferieure à 0.5m","Hauteur_Vu":"Faibble / Inferieure à 0.5m","indice":1},"geometry":{"type":"Polygon","coordinates":[[[-16.483078685657564,16.017434098285587],[-16.483226891371192,16.017417242530968],[-16.483363614258487,16.017550562007802],[-16.48315413453109,16.017590797028028],[-16.48311396633563,16.017790979192],[-16.483078685657564,16.017434098285587]]]}},{"type":"Feature","properties":{"hauteur":"Faibble / Inferieure à 0.5m","Hauteur_Vu":"Faibble / Inferieure à 0.5m","indice":1},"geometry":{"type":"Polygon","coordinates":[[[-16.48413653842911,16.01485695033542],[-16.48425230616976,16.015076940092698],[-16.48399922369746,16.015060787834326],[-16.48413653842911,16.01485695033542]]]}},{"type":"Feature","properties":{"hauteur":"Faibble / Inferieure à 0.5m","Hauteur_Vu":"Faibble / Inferieure à 0.5m","indice":1},"geometry":{"type":"Polygon","coordinates":[[[-16.486585421980962,16.014680381335854],[-16.486712507636117,16.014345332739186],[-16.486544650578384,16.01417344352468],[-16.48661384706977,16.013789586151674],[-16.48708105526624,16.01409141887299],[-16.486747507623413,16.014906016100174],[-16.486585421980962,16.014680381335854]]]}},{"type":"Feature","properties":{"hauteur":"Faibble / Inferieure à 0.5m","Hauteur_Vu":"Faibble / Inferieure à 0.5m","indice":1},"geometry":{"type":"Polygon","coordinates":[[[-16.486203407386384,16.013499263837108],[-16.48574907822752,16.013514622723704],[-16.485590058255305,16.013051485956183],[-16.485897029784546,16.01284647355233],[-16.48657682088315,16.012997476963324],[-16.486821224631186,16.012492760182127],[-16.48772500035874,16.01374967289798],[-16.48810930569542,16.013505058773593],[-16.48811793939774,16.013936302343392],[-16.48844790353382,16.013697324076926],[-16.488688656935857,16.013895527078496],[-16.488598160162503,16.014159144407397],[-16.48746997218569,16.015295190899327],[-16.48739369527903,16.01490912421506],[-16.487565238356012,16.014573938412596],[-16.48724165644518,16.01457355042492],[-16.487439318349693,16.014093539305655],[-16.48708105526624,16.01409141887299],[-16.487314628974293,16.0136874261989],[-16.486686792916647,16.01372596342291],[-16.48622586240389,16.014032435543015],[-16.486203407386384,16.013499263837108]]]}},{"type":"Feature","properties":{"hauteur":"Faibble / Inferieure à 0.5m","Hauteur_Vu":"Faibble / Inferieure à 0.5m","indice":1},"geometry":{"type":"Polygon","coordinates":[[[-16.48559635526182,16.01265163337126],[-16.48589323332129,16.012333312184943],[-16.485749016030738,16.012046667749534],[-16.486253045069745,16.012182198796115],[-16.486416276252694,16.01256297583764],[-16.485897029784546,16.01284647355233],[-16.48559635526182,16.01265163337126]]]}},{"type":"Feature","properties":{"hauteur":"Faibble / Inferieure à 0.5m","Hauteur_Vu":"Faibble / Inferieure à 0.5m","indice":1},"geometry":{"type":"Polygon","coordinates":[[[-16.48488532265858,16.011873530280067],[-16.485182927631964,16.012044616885703],[-16.485003357640934,16.012139564179364],[-16.484870957643455,16.012173300010396],[-16.48488532265858,16.011873530280067]]]}},{"type":"Feature","properties":{"hauteur":"Faibble / Inferieure à 0.5m","Hauteur_Vu":"Faibble / Inferieure à 0.5m","indice":1},"geometry":{"type":"Polygon","coordinates":[[[-16.484835101187112,16.01092209304434],[-16.485132555275687,16.01109905495205],[-16.484822445541635,16.011296628720732],[-16.484835101187112,16.01092209304434]]]}},{"type":"Feature","properties":{"hauteur":"Faibble / Inferieure à 0.5m","Hauteur_Vu":"Faibble / Inferieure à 0.5m","indice":1},"geometry":{"type":"Polygon","coordinates":[[[-16.48492020392779,16.01007144775709],[-16.485119426539185,16.010157804030477],[-16.485153903969206,16.010231410930384],[-16.484876339611407,16.010423631438705],[-16.48492020392779,16.01007144775709]]]}},{"type":"Feature","properties":{"hauteur":"Faibble / Inferieure à 0.5m","Hauteur_Vu":"Faibble / Inferieure à 0.5m","indice":1},"geometry":{"type":"Polygon","coordinates":[[[-16.487129240613697,16.011153113591458],[-16.486781369872517,16.010833288566136],[-16.48721344261239,16.01083346655218],[-16.486869180011535,16.010167513407758],[-16.4871957142058,16.01010557919734],[-16.487679707914438,16.01047816624266],[-16.48778644332687,16.010728053122097],[-16.487590967756972,16.010991968414704],[-16.487781304234115,16.01130971347633],[-16.487129240613697,16.011153113591458]]]}},{"type":"Feature","properties":{"hauteur":"Faibble / Inferieure à 0.5m","Hauteur_Vu":"Faibble / Inferieure à 0.5m","indice":1},"geometry":{"type":"Polygon","coordinates":[[[-16.488050171430363,16.0109587636532],[-16.4881147904369,16.01091076395821],[-16.48854116979452,16.010949206683772],[-16.488327206812038,16.01129399568016],[-16.488050171430363,16.0109587636532]]]}},{"type":"Feature","properties":{"hauteur":"Faibble / Inferieure à 0.5m","Hauteur_Vu":"Faibble / Inferieure à 0.5m","indice":1},"geometry":{"type":"Polygon","coordinates":[[[-16.48793145850853,16.010315304981177],[-16.488090093728687,16.01007551392848],[-16.488284195115785,16.01045905919377],[-16.48858176392703,16.010089489779865],[-16.488826682010835,16.0105062744894],[-16.48854116979452,16.010949206683772],[-16.48793145850853,16.010315304981177]]]}},{"type":"Feature","properties":{"hauteur":"Faibble / Inferieure à 0.5m","Hauteur_Vu":"Faibble / Inferieure à 0.5m","indice":1},"geometry":{"type":"Polygon","coordinates":[[[-16.487520016687032,16.0128924838867],[-16.48782389129845,16.01319670876553],[-16.48736618698012,16.013364965876324],[-16.487520016687032,16.0128924838867]]]}},{"type":"Feature","properties":{"hauteur":"Faibble / Inferieure à 0.5m","Hauteur_Vu":"Faibble / Inferieure à 0.5m","indice":1},"geometry":{"type":"Polygon","coordinates":[[[-16.487128213023748,16.012889230773265],[-16.48736412332899,16.012487508150517],[-16.48700676368754,16.01213642116561],[-16.487974210120246,16.012364587753268],[-16.48868745265367,16.012034426226492],[-16.488675398543904,16.012702960095346],[-16.488457840742466,16.012699208651963],[-16.488264879899315,16.013079251728904],[-16.48782389129845,16.01319670876553],[-16.487887555080782,16.01279783783822],[-16.487128213023748,16.012889230773265]]]}},{"type":"Feature","properties":{"hauteur":"Faibble / Inferieure à 0.5m","Hauteur_Vu":"Faibble / Inferieure à 0.5m","indice":1},"geometry":{"type":"Polygon","coordinates":[[[-16.488666047679352,16.01164371699948],[-16.48828240562933,16.011908937408197],[-16.48829995300849,16.011362808459506],[-16.489096409080577,16.011174699557436],[-16.4891513476067,16.01085146769763],[-16.489518379272596,16.011211847902814],[-16.48922723564211,16.011184938480753],[-16.489511812142,16.01255777451023],[-16.490104032071716,16.01304789064005],[-16.48974905401933,16.01321340767648],[-16.48939231969553,16.014044495627616],[-16.488956605757153,16.01358991569552],[-16.489148512702524,16.01306786489771],[-16.488675398543904,16.012702960095346],[-16.488666047679352,16.01164371699948]],[[-16.489010237145568,16.01220490237079],[-16.489149071719947,16.012593164429337],[-16.48941878584553,16.012296745022976],[-16.489010237145568,16.01220490237079]]]}},{"type":"Feature","properties":{"hauteur":"Faibble / Inferieure à 0.5m","Hauteur_Vu":"Faibble / Inferieure à 0.5m","indice":1},"geometry":{"type":"Polygon","coordinates":[[[-16.489436267046663,16.01187252189869],[-16.48983359581279,16.01155154771533],[-16.489711878032782,16.012004734629507],[-16.48999218507175,16.011899401784763],[-16.49015821099976,16.01228747437019],[-16.490106894593183,16.012700724365644],[-16.489436267046663,16.01187252189869]]]}},{"type":"Feature","properties":{"hauteur":"Faibble / Inferieure à 0.5m","Hauteur_Vu":"Faibble / Inferieure à 0.5m","indice":1},"geometry":{"type":"Polygon","coordinates":[[[-16.490223699883302,16.01341787551453],[-16.490467440585892,16.014018429834067],[-16.490920523778176,16.01415664073845],[-16.49045240038581,16.0144649591572],[-16.49008000013891,16.01521443489113],[-16.48991249345393,16.01488771308923],[-16.48974905401933,16.01321340767648],[-16.490223699883302,16.01341787551453]]]}},{"type":"Feature","properties":{"hauteur":"Faibble / Inferieure à 0.5m","Hauteur_Vu":"Faibble / Inferieure à 0.5m","indice":1},"geometry":{"type":"Polygon","coordinates":[[[-16.489348183019473,16.010261005303615],[-16.48923570274517,16.010493216483052],[-16.488967768809317,16.009960578433898],[-16.48954993223869,16.00993756189321],[-16.489348183019473,16.010261005303615]]]}},{"type":"Feature","properties":{"hauteur":"Moyen /Entre 0.5 et 1m","Hauteur_Vu":"Moyen /Entre 0.5 et 1m","indice":2},"geometry":{"type":"Polygon","coordinates":[[[-16.489258104065925,16.00968746791958],[-16.48954993223869,16.00993756189321],[-16.4892747369236,16.009921631140227],[-16.488967768809317,16.009960578433898],[-16.489258104065925,16.00968746791958]]]}},{"type":"Feature","properties":{"hauteur":"Faibble / Inferieure à 0.5m","Hauteur_Vu":"Faibble / Inferieure à 0.5m","indice":1},"geometry":{"type":"Polygon","coordinates":[[[-16.488745880574744,16.009486173684255],[-16.488533183063524,16.009090823113233],[-16.488630825802776,16.00873807594306],[-16.488306251854898,16.0086478325408],[-16.488794235472504,16.008310281653795],[-16.48898334417581,16.00853388377543],[-16.488897478541357,16.009055199142235],[-16.48921692480706,16.00933419144528],[-16.489258104065925,16.00968746791958],[-16.488745880574744,16.009486173684255]]]}},{"type":"Feature","properties":{"hauteur":"Faibble / Inferieure à 0.5m","Hauteur_Vu":"Faibble / Inferieure à 0.5m","indice":1},"geometry":{"type":"Polygon","coordinates":[[[-16.488392006052973,16.009604988934672],[-16.48847163266322,16.009526862200246],[-16.488745880574744,16.009486173684255],[-16.48869948863975,16.009886303944445],[-16.488392006052973,16.009604988934672]]]}},{"type":"Feature","properties":{"hauteur":"Faibble / Inferieure à 0.5m","Hauteur_Vu":"Faibble / Inferieure à 0.5m","indice":1},"geometry":{"type":"Polygon","coordinates":[[[-16.488444653447537,16.008175457066177],[-16.488417014444916,16.007775839878462],[-16.488004260344443,16.007441547864996],[-16.48801277626579,16.006925317752934],[-16.487729556722055,16.006587143872206],[-16.48758177033809,16.006000388710586],[-16.4879614987009,16.00598588438565],[-16.488507422631017,16.00718922583322],[-16.488692657953987,16.006916867071435],[-16.489234878115745,16.007619564675007],[-16.48873450014179,16.007609884348454],[-16.489128440991664,16.00793326071492],[-16.488816037992812,16.007972245248943],[-16.488794235472504,16.008310281653795],[-16.488444653447537,16.008175457066177]]]}},{"type":"Feature","properties":{"hauteur":"Faibble / Inferieure à 0.5m","Hauteur_Vu":"Faibble / Inferieure à 0.5m","indice":1},"geometry":{"type":"Polygon","coordinates":[[[-16.488216519722343,16.00590916535909],[-16.488593924396604,16.005334351554563],[-16.489025768799394,16.005636426645108],[-16.48864605946002,16.005765293861458],[-16.488654263841617,16.006138682810036],[-16.488868286375702,16.006400189294688],[-16.488403245990302,16.006755819118162],[-16.48822821564156,16.006570504282873],[-16.488216519722343,16.00590916535909]]]}},{"type":"Feature","properties":{"hauteur":"Faibble / Inferieure à 0.5m","Hauteur_Vu":"Faibble / Inferieure à 0.5m","indice":1},"geometry":{"type":"Polygon","coordinates":[[[-16.487472943921222,16.006300999125042],[-16.48758211722505,16.006880562681012],[-16.487171428764515,16.006850959648762],[-16.4874367433931,16.00643737881199],[-16.487075645293416,16.00602244807567],[-16.487275681016044,16.005723910202597],[-16.487172891836916,16.005381502248493],[-16.487603183174492,16.005377030743183],[-16.487690929675857,16.00598249883519],[-16.487472943921222,16.006300999125042]]]}},{"type":"Feature","properties":{"hauteur":"Faibble / Inferieure à 0.5m","Hauteur_Vu":"Faibble / Inferieure à 0.5m","indice":1},"geometry":{"type":"Polygon","coordinates":[[[-16.487356131687623,16.00492373510948],[-16.48759528723696,16.00399789360452],[-16.487833710982667,16.00424248771232],[-16.48750575917595,16.004384143784996],[-16.487811704103674,16.00457532265392],[-16.48746677009008,16.0048104578387],[-16.4879716029849,16.005055486950873],[-16.487603183174492,16.005377030743183],[-16.487356131687623,16.00492373510948]]]}},{"type":"Feature","properties":{"hauteur":"Faibble / Inferieure à 0.5m","Hauteur_Vu":"Faibble / Inferieure à 0.5m","indice":1},"geometry":{"type":"Polygon","coordinates":[[[-16.48839436969699,16.005049927963885],[-16.48831383916603,16.00445612841481],[-16.488677179560412,16.004460647647566],[-16.48886959447748,16.00510889937184],[-16.488593924396604,16.005334351554563],[-16.48839436969699,16.005049927963885]]]}},{"type":"Feature","properties":{"hauteur":"Faibble / Inferieure à 0.5m","Hauteur_Vu":"Faibble / Inferieure à 0.5m","indice":1},"geometry":{"type":"Polygon","coordinates":[[[-16.487081070974753,16.00425459810058],[-16.487405841367398,16.00340862932798],[-16.487683819118715,16.003461130165274],[-16.48759528723696,16.00399789360452],[-16.487081070974753,16.00425459810058]]]}},{"type":"Feature","properties":{"hauteur":"Faibble / Inferieure à 0.5m","Hauteur_Vu":"Faibble / Inferieure à 0.5m","indice":1},"geometry":{"type":"Polygon","coordinates":[[[-16.488657122604117,16.004090165875134],[-16.489159665030623,16.004026194862238],[-16.48906460336751,16.004430050411408],[-16.488677179560412,16.004460647647566],[-16.488657122604117,16.004090165875134]]]}},{"type":"Feature","properties":{"hauteur":"Faibble / Inferieure à 0.5m","Hauteur_Vu":"Faibble / Inferieure à 0.5m","indice":1},"geometry":{"type":"Polygon","coordinates":[[[-16.489791073871036,16.00355974540063],[-16.490038674246605,16.003216141174857],[-16.49026341442503,16.00345653290196],[-16.49017335224565,16.003778005370865],[-16.489159665030623,16.004026194862238],[-16.489019112319816,16.003591396791325],[-16.489791073871036,16.00355974540063]]]}},{"type":"Feature","properties":{"hauteur":"Faibble / Inferieure à 0.5m","Hauteur_Vu":"Faibble / Inferieure à 0.5m","indice":1},"geometry":{"type":"Polygon","coordinates":[[[-16.488952566845054,16.00355211163321],[-16.488733506500637,16.003209410851397],[-16.489081909822627,16.00325959406035],[-16.488952566845054,16.00355211163321]]]}},{"type":"Feature","properties":{"hauteur":"Faibble / Inferieure à 0.5m","Hauteur_Vu":"Faibble / Inferieure à 0.5m","indice":1},"geometry":{"type":"Polygon","coordinates":[[[-16.48854532530221,16.00290008868979],[-16.488413172192686,16.002543635740555],[-16.488915349431313,16.002797886085535],[-16.488733506500637,16.003209410851397],[-16.48854532530221,16.00290008868979]]]}},{"type":"Feature","properties":{"hauteur":"Faibble / Inferieure à 0.5m","Hauteur_Vu":"Faibble / Inferieure à 0.5m","indice":1},"geometry":{"type":"Polygon","coordinates":[[[-16.487396606776738,16.002890284118692],[-16.487453540223083,16.002885296979017],[-16.487675480423622,16.003115191473576],[-16.487405841367398,16.00340862932798],[-16.487396606776738,16.002890284118692]]]}},{"type":"Feature","properties":{"hauteur":"Faibble / Inferieure à 0.5m","Hauteur_Vu":"Faibble / Inferieure à 0.5m","indice":1},"geometry":{"type":"Polygon","coordinates":[[[-16.487139769346467,16.0026772394631],[-16.48733162220918,16.00150781222909],[-16.487606081782396,16.00154529184905],[-16.48777686871914,16.001843918017524],[-16.488026748818033,16.00180799867009],[-16.488057804776805,16.001962947757477],[-16.48784913540298,16.002056439588003],[-16.487929137299666,16.002579235935293],[-16.487634742426078,16.002478708608034],[-16.487453540223083,16.002885296979017],[-16.487139769346467,16.0026772394631]]]}},{"type":"Feature","properties":{"hauteur":"Faibble / Inferieure à 0.5m","Hauteur_Vu":"Faibble / Inferieure à 0.5m","indice":1},"geometry":{"type":"Polygon","coordinates":[[[-16.487856835840144,16.00125156437097],[-16.488293017360963,16.001280143112858],[-16.488061923617927,16.00164993011324],[-16.487856835840144,16.00125156437097]]]}},{"type":"Feature","properties":{"hauteur":"Faibble / Inferieure à 0.5m","Hauteur_Vu":"Faibble / Inferieure à 0.5m","indice":1},"geometry":{"type":"Polygon","coordinates":[[[-16.48733162220918,16.00150781222909],[-16.48677315910883,16.00141181869787],[-16.487341496385255,16.00101842521406],[-16.487312256413805,16.000818723056494],[-16.486899049406286,16.000785779349027],[-16.487149211020284,16.000409599731245],[-16.48804121305472,16.000090233660284],[-16.488142678770657,16.000462487113957],[-16.487780235070982,16.00082079090411],[-16.488115546179117,16.000939444140926],[-16.487856835840144,16.00125156437097],[-16.48733162220918,16.00150781222909]]]}},{"type":"Feature","properties":{"hauteur":"Faibble / Inferieure à 0.5m","Hauteur_Vu":"Faibble / Inferieure à 0.5m","indice":1},"geometry":{"type":"Polygon","coordinates":[[[-16.48793250244458,15.999352251017342],[-16.48804121305472,16.000090233660284],[-16.487149211020284,16.000409599731245],[-16.48696212249313,16.00034674613631],[-16.486789280700535,16.000281183086496],[-16.48692204258495,15.999880455076623],[-16.486710662254833,15.999661127623716],[-16.486658176773958,15.999237812260603],[-16.48606441440319,15.998616844517557],[-16.48651521101545,15.998258671734169],[-16.48708029179979,15.998338304010835],[-16.487232742895408,15.998675693985366],[-16.486887825189115,15.998728049218691],[-16.48702058401209,15.999032199289376],[-16.48753246382109,15.99949677883548],[-16.487740936192058,15.999376989826333],[-16.487712509784135,15.999201240006478],[-16.48793250244458,15.999352251017342]]]}},{"type":"Feature","properties":{"hauteur":"Faibble / Inferieure à 0.5m","Hauteur_Vu":"Faibble / Inferieure à 0.5m","indice":1},"geometry":{"type":"Polygon","coordinates":[[[-16.485736501791692,15.997968116338924],[-16.486157268849013,15.997720547127695],[-16.486135772151357,15.998046473368749],[-16.48589050865102,15.998354926308272],[-16.485736501791692,15.997968116338924]]]}},{"type":"Feature","properties":{"hauteur":"Faibble / Inferieure à 0.5m","Hauteur_Vu":"Faibble / Inferieure à 0.5m","indice":1},"geometry":{"type":"Polygon","coordinates":[[[-16.487533537060468,15.998217981148908],[-16.48761388336209,15.997317998091294],[-16.48784996654529,15.997071782650625],[-16.488175800978734,15.997012983504854],[-16.487986517729684,15.996364307593163],[-16.48845073242908,15.996634602676012],[-16.488821103676642,15.997449936533707],[-16.488823907720846,15.997897796577062],[-16.48848993834999,15.997523238085655],[-16.48843347397391,15.997975972375315],[-16.48804537536282,15.997887928671384],[-16.487709925280665,15.99848460942546],[-16.487533537060468,15.998217981148908]]]}},{"type":"Feature","properties":{"hauteur":"Faibble / Inferieure à 0.5m","Hauteur_Vu":"Faibble / Inferieure à 0.5m","indice":1},"geometry":{"type":"Polygon","coordinates":[[[-16.486840887852054,15.998083366660753],[-16.4868596990606,15.99770729637465],[-16.486520890687157,15.997775280798043],[-16.486256476435173,15.997370773625727],[-16.485776855139463,15.99727190023999],[-16.486059216170954,15.997078993979635],[-16.485580458651164,15.996575083151004],[-16.4861912281889,15.996576827349982],[-16.486140846580845,15.997033641168057],[-16.486714135157552,15.996611520914595],[-16.486819879328568,15.99693952732658],[-16.48671701690702,15.997368913357754],[-16.48722092493555,15.997491661806249],[-16.486920696180164,15.997704131771865],[-16.48716430204604,15.997923357854766],[-16.48708029179979,15.998338304010835],[-16.486840887852054,15.998083366660753]]]}},{"type":"Feature","properties":{"hauteur":"Faibble / Inferieure à 0.5m","Hauteur_Vu":"Faibble / Inferieure à 0.5m","indice":1},"geometry":{"type":"Polygon","coordinates":[[[-16.485952839394265,15.996041418293478],[-16.48612953310608,15.995741831157885],[-16.485929939439252,15.995447083695524],[-16.486225958843907,15.995433102149534],[-16.486275039655084,15.994561535992178],[-16.485923766158425,15.99461170337461],[-16.486140687277928,15.99406867039825],[-16.48659744799867,15.994101315421487],[-16.48632341169943,15.993124572345678],[-16.486731582858223,15.99312497887096],[-16.48712297577574,15.993475993404832],[-16.487050235093772,15.99393410006684],[-16.487717097845795,15.993666494758699],[-16.487811207880764,15.993892015046189],[-16.48807874489081,15.99477381041428],[-16.487920874376567,15.995484977328278],[-16.487986517729684,15.996364307593163],[-16.48772319951587,15.996796520491154],[-16.48709670643601,15.995906689505832],[-16.486761058045555,15.996108884582695],[-16.486471197146184,15.995884717938168],[-16.48639903782406,15.99642171758279],[-16.4861912281889,15.996576827349982],[-16.485952839394265,15.996041418293478]]]}},{"type":"Feature","properties":{"hauteur":"Faibble / Inferieure à 0.5m","Hauteur_Vu":"Faibble / Inferieure à 0.5m","indice":1},"geometry":{"type":"Polygon","coordinates":[[[-16.48632341169943,15.993124572345678],[-16.486319905721267,15.992650195654381],[-16.48603888388516,15.9922929813473],[-16.48662715495715,15.991871236388713],[-16.486940408839395,15.991950596740317],[-16.486651839910465,15.992268181363011],[-16.486990752417775,15.992875974992232],[-16.486731582858223,15.99312497887096],[-16.48632341169943,15.993124572345678]]]}},{"type":"Feature","properties":{"hauteur":"Faibble / Inferieure à 0.5m","Hauteur_Vu":"Faibble / Inferieure à 0.5m","indice":1},"geometry":{"type":"Polygon","coordinates":[[[-16.4862560946187,15.991658304159207],[-16.4864772910055,15.991091190839672],[-16.48662715495715,15.991871236388713],[-16.486283674029202,15.99202574366198],[-16.48592768932451,15.991855152869393],[-16.485964727247733,15.991232058967089],[-16.4862560946187,15.991658304159207]]]}},{"type":"Feature","properties":{"hauteur":"Faibble / Inferieure à 0.5m","Hauteur_Vu":"Faibble / Inferieure à 0.5m","indice":1},"geometry":{"type":"Polygon","coordinates":[[[-16.486087190987995,15.990692981453584],[-16.485957576837425,15.990890479947158],[-16.485597617956433,15.990807933708643],[-16.485402795283434,15.991106153704298],[-16.48534801889025,15.990554462728126],[-16.48588466854775,15.99052026481408],[-16.485732419544405,15.989978944571263],[-16.486337529924892,15.99002632299283],[-16.486887864728377,15.989366113438086],[-16.487100516833117,15.989335363408058],[-16.48672883883512,15.989811317120237],[-16.486821775596077,15.99004898811492],[-16.486523843202562,15.990216425267029],[-16.48669721110546,15.99068203461731],[-16.486363810594064,15.991149987553596],[-16.486087190987995,15.990692981453584]]]}},{"type":"Feature","properties":{"hauteur":"Faibble / Inferieure à 0.5m","Hauteur_Vu":"Faibble / Inferieure à 0.5m","indice":1},"geometry":{"type":"Polygon","coordinates":[[[-16.484935394047223,15.99106751853976],[-16.484865093378755,15.990710804603507],[-16.48466963082807,15.99097471638871],[-16.48444416307662,15.990725646346824],[-16.484469412396518,15.99020249295662],[-16.484830306192922,15.99059468230623],[-16.48534801889025,15.990554462728126],[-16.484935394047223,15.99106751853976]]]}},{"type":"Feature","properties":{"hauteur":"Faibble / Inferieure à 0.5m","Hauteur_Vu":"Faibble / Inferieure à 0.5m","indice":1},"geometry":{"type":"Polygon","coordinates":[[[-16.483890161730443,15.991413101653542],[-16.484068482489104,15.991046652380305],[-16.484083981140444,15.991239830391631],[-16.484138345478577,15.991396469984346],[-16.483890161730443,15.991413101653542]]]}},{"type":"Feature","properties":{"hauteur":"Faibble / Inferieure à 0.5m","Hauteur_Vu":"Faibble / Inferieure à 0.5m","indice":1},"geometry":{"type":"Polygon","coordinates":[[[-16.487778117707837,15.989703125178554],[-16.487775375177865,15.989332327592555],[-16.48832760135496,15.98974140020891],[-16.488478998754346,15.989341520907907],[-16.488746034788736,15.989605292148195],[-16.48838103139586,15.98978862540013],[-16.48732659332959,15.989851151114705],[-16.487441186868416,15.989446092553077],[-16.487778117707837,15.989703125178554]]]}},{"type":"Feature","properties":{"hauteur":"Faibble / Inferieure à 0.5m","Hauteur_Vu":"Faibble / Inferieure à 0.5m","indice":1},"geometry":{"type":"Polygon","coordinates":[[[-16.48849561613178,15.9888401522973],[-16.48810418223191,15.989217623449319],[-16.487839149697553,15.98830556588322],[-16.487441198884174,15.988537121216742],[-16.486899874492327,15.988498787215951],[-16.487612314963098,15.988146711312249],[-16.486892993737722,15.987567848093985],[-16.487898507944532,15.987729955852416],[-16.488021549668574,15.988007874238475],[-16.48829715954325,15.987777164859411],[-16.488416668652942,15.988128744749757],[-16.488649421964332,15.987985118466204],[-16.48851383134586,15.988767138802],[-16.488754965342512,15.989106201504862],[-16.488478998754346,15.989341520907907],[-16.48849561613178,15.9888401522973]]]}},{"type":"Feature","properties":{"hauteur":"Faibble / Inferieure à 0.5m","Hauteur_Vu":"Faibble / Inferieure à 0.5m","indice":1},"geometry":{"type":"Polygon","coordinates":[[[-16.4880454762409,15.987529630975292],[-16.488199350791756,15.987384005253514],[-16.48833607806971,15.98773202270653],[-16.487898507944532,15.987729955852416],[-16.4880454762409,15.987529630975292]]]}},{"type":"Feature","properties":{"hauteur":"Faibble / Inferieure à 0.5m","Hauteur_Vu":"Faibble / Inferieure à 0.5m","indice":1},"geometry":{"type":"Polygon","coordinates":[[[-16.48828257235877,15.986542039078131],[-16.487966918536156,15.986833249815174],[-16.487935209452537,15.986284865279945],[-16.48828257235877,15.986542039078131]]]}},{"type":"Feature","properties":{"hauteur":"Faibble / Inferieure à 0.5m","Hauteur_Vu":"Faibble / Inferieure à 0.5m","indice":1},"geometry":{"type":"Polygon","coordinates":[[[-16.490740117024178,15.995677958480496],[-16.490408106845955,15.995868884722578],[-16.49043776893293,15.995468934116067],[-16.490740117024178,15.995677958480496]]]}},{"type":"Feature","properties":{"hauteur":"Faibble / Inferieure à 0.5m","Hauteur_Vu":"Faibble / Inferieure à 0.5m","indice":1},"geometry":{"type":"Polygon","coordinates":[[[-16.491100509336892,15.994379081891246],[-16.49148935197539,15.99428187178925],[-16.491759654877843,15.994572243411273],[-16.491328389981316,15.994711991173423],[-16.491100509336892,15.994379081891246]]]}},{"type":"Feature","properties":{"hauteur":"Faibble / Inferieure à 0.5m","Hauteur_Vu":"Faibble / Inferieure à 0.5m","indice":1},"geometry":{"type":"Polygon","coordinates":[[[-16.49043776893293,15.995468934116067],[-16.490240225830906,15.995228353138572],[-16.490090548464373,15.995576537907441],[-16.489826041009284,15.995104989496475],[-16.489445862054133,15.995901854928984],[-16.48907642269147,15.995946493522208],[-16.488861088139988,15.995506161900698],[-16.489190913286134,15.99516059228151],[-16.48934489979777,15.994659843856258],[-16.490291557063134,15.994358732743159],[-16.490448236823198,15.994046978938716],[-16.490829833890494,15.994175827380165],[-16.49063634650269,15.99448223789925],[-16.491071645466185,15.99492087721275],[-16.49043776893293,15.995468934116067]]]}},{"type":"Feature","properties":{"hauteur":"Faibble / Inferieure à 0.5m","Hauteur_Vu":"Faibble / Inferieure à 0.5m","indice":1},"geometry":{"type":"Polygon","coordinates":[[[-16.490291557063134,15.994358732743159],[-16.48991269811467,15.994232494267438],[-16.489774110014938,15.994609530873678],[-16.48889432879456,15.994762902027098],[-16.489166117306493,15.99438231307332],[-16.488717876141404,15.994432756639153],[-16.48839330155481,15.994661176297805],[-16.488335306388976,15.994172415961469],[-16.48868515394187,15.994419833782107],[-16.488957993950862,15.994181252536052],[-16.489212082648244,15.994347805854492],[-16.489398101048415,15.993399752099693],[-16.489226071716544,15.99329969287144],[-16.489094669919538,15.992811441394846],[-16.48979709445738,15.992766128913683],[-16.48979502730887,15.993221116265437],[-16.490448236823198,15.994046978938716],[-16.490291557063134,15.994358732743159]]]}},{"type":"Feature","properties":{"hauteur":"Faibble / Inferieure à 0.5m","Hauteur_Vu":"Faibble / Inferieure à 0.5m","indice":1},"geometry":{"type":"Polygon","coordinates":[[[-16.489109339231902,15.992222241566703],[-16.48951997288,15.991866989499078],[-16.48944902581162,15.992382941990062],[-16.489076223065062,15.992890466270907],[-16.489109339231902,15.992222241566703]]]}},{"type":"Feature","properties":{"hauteur":"Faibble / Inferieure à 0.5m","Hauteur_Vu":"Faibble / Inferieure à 0.5m","indice":1},"geometry":{"type":"Polygon","coordinates":[[[-16.48948477489217,15.992824671946252],[-16.48944902581162,15.992382941990062],[-16.48982548876023,15.991176906236776],[-16.490159628372133,15.991480716912031],[-16.489831580463505,15.991973467543858],[-16.48979709445738,15.992766128913683],[-16.48948477489217,15.992824671946252]]]}},{"type":"Feature","properties":{"hauteur":"Faibble / Inferieure à 0.5m","Hauteur_Vu":"Faibble / Inferieure à 0.5m","indice":1},"geometry":{"type":"Polygon","coordinates":[[[-16.489806772367636,15.990485371633993],[-16.490147913101925,15.990659210593586],[-16.490339849633035,15.989776862859253],[-16.490067378036457,15.989516312072471],[-16.490291171845996,15.989123998360533],[-16.49029028622431,15.988637472573414],[-16.490784780279032,15.98888855916446],[-16.490392113713725,15.989099043919785],[-16.49065650615609,15.989189257425108],[-16.490689120390947,15.989921458919401],[-16.490462105722333,15.990472682444672],[-16.489858341286013,15.991181681521631],[-16.489806772367636,15.990485371633993]]]}},{"type":"Feature","properties":{"hauteur":"Faibble / Inferieure à 0.5m","Hauteur_Vu":"Faibble / Inferieure à 0.5m","indice":1},"geometry":{"type":"Polygon","coordinates":[[[-16.490745607886605,15.988076776660769],[-16.49111511028436,15.988042655490721],[-16.490985496477165,15.988320094712392],[-16.49090291942192,15.988392589016375],[-16.490745607886605,15.988076776660769]]]}},{"type":"Feature","properties":{"hauteur":"Faibble / Inferieure à 0.5m","Hauteur_Vu":"Faibble / Inferieure à 0.5m","indice":1},"geometry":{"type":"Polygon","coordinates":[[[-16.49011871971585,15.986947634322624],[-16.49011196193472,15.985851669060095],[-16.489849790995148,15.98555597789527],[-16.490602799801316,15.98517731308928],[-16.490306930404564,15.984874295070696],[-16.4906917256518,15.984703314138772],[-16.490789216120685,15.984284483750892],[-16.49125405739285,15.984276000944677],[-16.491425213734143,15.984580211358756],[-16.4921646919634,15.984093552612267],[-16.491831680637095,15.9846481424218],[-16.491745749092377,15.985158939486206],[-16.491440251249372,15.985024303683833],[-16.491487296799423,15.985502619527844],[-16.491214198056483,15.985704386179917],[-16.490988114498876,15.985279909767385],[-16.490807643221856,15.985507332661427],[-16.490912294947996,15.986054941727668],[-16.490489252566412,15.98583433283795],[-16.49038220577697,15.986614841009896],[-16.490637194430636,15.98702162258917],[-16.49011871971585,15.986947634322624]]]}},{"type":"Feature","properties":{"hauteur":"Faibble / Inferieure à 0.5m","Hauteur_Vu":"Faibble / Inferieure à 0.5m","indice":1},"geometry":{"type":"Polygon","coordinates":[[[-16.491477944782996,15.993133342128298],[-16.49171062064797,15.992612322200607],[-16.49141976563828,15.992254044186422],[-16.491495300610868,15.991440880850572],[-16.49178811534841,15.990597280854512],[-16.491480920605913,15.989868300015706],[-16.491899979526785,15.989710885585566],[-16.492096165320792,15.99013556785357],[-16.491846897852778,15.990618569598597],[-16.492161185110998,15.990837299861164],[-16.49179552793304,15.991023930742283],[-16.49213457667803,15.991281937646825],[-16.491860527744315,15.991723033085018],[-16.491930692520242,15.992385280883259],[-16.491790096437768,15.99267423074762],[-16.49200602861357,15.99319476706473],[-16.49176773023018,15.993690842256154],[-16.491477944782996,15.993133342128298]]]}},{"type":"Feature","properties":{"hauteur":"Faibble / Inferieure à 0.5m","Hauteur_Vu":"Faibble / Inferieure à 0.5m","indice":1},"geometry":{"type":"Polygon","coordinates":[[[-16.491714446823927,15.98900407228014],[-16.492225711069658,15.989021563413777],[-16.492314341281894,15.988508117662109],[-16.49270961731613,15.988191758036963],[-16.49263139856292,15.988619659842774],[-16.491938477490997,15.989402920061236],[-16.491714446823927,15.98900407228014]]]}},{"type":"Feature","properties":{"hauteur":"Faibble / Inferieure à 0.5m","Hauteur_Vu":"Faibble / Inferieure à 0.5m","indice":1},"geometry":{"type":"Polygon","coordinates":[[[-16.492402828884547,15.98694186002851],[-16.492821283549315,15.986910026221748],[-16.492507479345335,15.987308199918775],[-16.492723988270416,15.9875407579967],[-16.49246368165478,15.987634611592606],[-16.492402828884547,15.98694186002851]]]}},{"type":"Feature","properties":{"hauteur":"Faibble / Inferieure à 0.5m","Hauteur_Vu":"Faibble / Inferieure à 0.5m","indice":1},"geometry":{"type":"Polygon","coordinates":[[[-16.493105710626235,15.985009129849722],[-16.493131263570103,15.98442248464185],[-16.49351333653321,15.984251517805673],[-16.4932975527358,15.984116261528756],[-16.493646092047307,15.983568270261534],[-16.493575905498187,15.984368247350318],[-16.4931469533693,15.98499977237832],[-16.493462555513382,15.98503045444361],[-16.493231924030773,15.985393205079042],[-16.493105710626235,15.985009129849722]]]}},{"type":"Feature","properties":{"hauteur":"Faibble / Inferieure à 0.5m","Hauteur_Vu":"Faibble / Inferieure à 0.5m","indice":1},"geometry":{"type":"MultiPolygon","coordinates":[[[[-16.493905730450006,15.983163596948001],[-16.49347616665338,15.983201264366404],[-16.49340023095227,15.982886070083119],[-16.49376392382405,15.982677302563811],[-16.493905730450006,15.983163596948001]]],[[[-16.49347616665338,15.983201264366404],[-16.493646092047307,15.983568270261534],[-16.493222808634822,15.983523737990076],[-16.492703195317457,15.983111820921827],[-16.49347616665338,15.983201264366404]]]]}},{"type":"Feature","properties":{"hauteur":"Faibble / Inferieure à 0.5m","Hauteur_Vu":"Faibble / Inferieure à 0.5m","indice":1},"geometry":{"type":"Polygon","coordinates":[[[-16.49290247473232,15.982809108522755],[-16.492703195317457,15.983111820921827],[-16.49241967021426,15.982981112191252],[-16.492422747345934,15.98249343493042],[-16.492682385588882,15.982151497053774],[-16.493062057824936,15.982331988615524],[-16.49321866491181,15.981473892668161],[-16.49357179829139,15.98180017826005],[-16.493367604106925,15.982290418698117],[-16.49340023095227,15.982886070083119],[-16.493121973675407,15.983124693210662],[-16.49290247473232,15.982809108522755]]]}},{"type":"Feature","properties":{"hauteur":"Faibble / Inferieure à 0.5m","Hauteur_Vu":"Faibble / Inferieure à 0.5m","indice":1},"geometry":{"type":"Polygon","coordinates":[[[-16.492600659151783,15.983537056177536],[-16.492711353338997,15.983799277965945],[-16.492231750482325,15.983650072176363],[-16.492083191804223,15.98341441181207],[-16.491665141782953,15.984305037394178],[-16.49125405739285,15.984276000944677],[-16.49098865815633,15.984049039694888],[-16.491098571566678,15.98347232892389],[-16.49068256928399,15.983467323204216],[-16.490955529399308,15.98324714902515],[-16.49114754510427,15.983477249160881],[-16.49113287091398,15.982964519875738],[-16.49150596890441,15.982683162996086],[-16.49130662622771,15.982198013376658],[-16.490953582341017,15.982250429277947],[-16.4910304920094,15.981989535686141],[-16.49159356383052,15.981445399321483],[-16.491530830161484,15.9819050736266],[-16.49187223958122,15.982117042714913],[-16.491648118813163,15.982323729639976],[-16.49191834904678,15.98246912975086],[-16.491894964973575,15.982982122868602],[-16.492703195317457,15.983111820921827],[-16.492600659151783,15.983537056177536]],[[-16.491614712297935,15.983527788839178],[-16.491425585018472,15.98313724508749],[-16.49118471754948,15.983468968149719],[-16.491264760020808,15.98381424529983],[-16.491614712297935,15.983527788839178]],[[-16.49161625957576,15.982269369850144],[-16.491504690757047,15.981888807732066],[-16.491164782418068,15.981879330120917],[-16.491190935003075,15.982106635401445],[-16.49161625957576,15.982269369850144]]]}},{"type":"Feature","properties":{"hauteur":"Faibble / Inferieure à 0.5m","Hauteur_Vu":"Faibble / Inferieure à 0.5m","indice":1},"geometry":{"type":"Polygon","coordinates":[[[-16.488942850955404,15.984192408249093],[-16.48908852709723,15.984819618003977],[-16.488615653904876,15.984615458267136],[-16.488942850955404,15.984192408249093]]]}},{"type":"Feature","properties":{"hauteur":"Faibble / Inferieure à 0.5m","Hauteur_Vu":"Faibble / Inferieure à 0.5m","indice":1},"geometry":{"type":"Polygon","coordinates":[[[-16.48906193709777,15.984303354627915],[-16.48936218515257,15.984050448243005],[-16.489395878895547,15.984470342092967],[-16.48906193709777,15.984303354627915]]]}},{"type":"Feature","properties":{"hauteur":"Faibble / Inferieure à 0.5m","Hauteur_Vu":"Faibble / Inferieure à 0.5m","indice":1},"geometry":{"type":"Polygon","coordinates":[[[-16.497804214620853,15.985743325664558],[-16.497779310495464,15.986232659664163],[-16.497632138372037,15.985916196341188],[-16.496444197357825,15.985133055466815],[-16.496713449877884,15.984425549794993],[-16.497151489488363,15.984434238216974],[-16.497402825923828,15.984799882647703],[-16.496945456377937,15.984899058246741],[-16.497032990119376,15.985153548815914],[-16.497804214620853,15.985743325664558]]]}},{"type":"Feature","properties":{"hauteur":"Faibble / Inferieure à 0.5m","Hauteur_Vu":"Faibble / Inferieure à 0.5m","indice":1},"geometry":{"type":"Polygon","coordinates":[[[-16.497778928764546,15.988077008961676],[-16.497385650234875,15.988202727592922],[-16.49682964736617,15.98783578394885],[-16.497048252395896,15.98761861047518],[-16.496641748742295,15.987459295428287],[-16.496941325643288,15.987096189101623],[-16.49743123316766,15.986838809396774],[-16.497758495275505,15.987559302989784],[-16.497778928764546,15.988077008961676]],[[-16.497321885959806,15.987258083846863],[-16.497084093110775,15.987088796486077],[-16.497022856172403,15.987262795984476],[-16.497093248573535,15.987588412921312],[-16.497321885959806,15.987258083846863]]]}},{"type":"Feature","properties":{"hauteur":"Faibble / Inferieure à 0.5m","Hauteur_Vu":"Faibble / Inferieure à 0.5m","indice":1},"geometry":{"type":"Polygon","coordinates":[[[-16.497138441427637,15.988594988651375],[-16.496864834358863,15.98818005532339],[-16.497385650234875,15.988202727592922],[-16.497138441427637,15.988594988651375]]]}},{"type":"Feature","properties":{"hauteur":"Faibble / Inferieure à 0.5m","Hauteur_Vu":"Faibble / Inferieure à 0.5m","indice":1},"geometry":{"type":"Polygon","coordinates":[[[-16.49699441550151,15.988971598265477],[-16.496674480824396,15.988619891163673],[-16.496968790071968,15.988631673573243],[-16.497650178702134,15.988598551338882],[-16.49699441550151,15.988971598265477]]]}},{"type":"Feature","properties":{"hauteur":"Faibble / Inferieure à 0.5m","Hauteur_Vu":"Faibble / Inferieure à 0.5m","indice":1},"geometry":{"type":"Polygon","coordinates":[[[-16.49705967714419,15.989451510221645],[-16.496695763638357,15.989390984428788],[-16.496592218845112,15.988994591011378],[-16.496976553337223,15.989058248269865],[-16.49705967714419,15.989451510221645]]]}},{"type":"Feature","properties":{"hauteur":"Faibble / Inferieure à 0.5m","Hauteur_Vu":"Faibble / Inferieure à 0.5m","indice":1},"geometry":{"type":"Polygon","coordinates":[[[-16.496482888274098,15.989233717202158],[-16.496695763638357,15.989390984428788],[-16.496218443581622,15.989512191077432],[-16.496343677339937,15.989208027673465],[-16.496482888274098,15.989233717202158]]]}},{"type":"Feature","properties":{"hauteur":"Faibble / Inferieure à 0.5m","Hauteur_Vu":"Faibble / Inferieure à 0.5m","indice":1},"geometry":{"type":"Polygon","coordinates":[[[-16.496739829656857,15.989466944611499],[-16.49695204787699,15.989702885634722],[-16.496579194848643,15.989802059673256],[-16.496739829656857,15.989466944611499]]]}},{"type":"Feature","properties":{"hauteur":"Faibble / Inferieure à 0.5m","Hauteur_Vu":"Faibble / Inferieure à 0.5m","indice":1},"geometry":{"type":"Polygon","coordinates":[[[-16.496711454022684,15.990324412522703],[-16.49679242463912,15.990506373326646],[-16.49677059923514,15.991044338870664],[-16.496417083425985,15.99140052103132],[-16.49643291720261,15.990787973885025],[-16.496105306415977,15.99060616150176],[-16.496711454022684,15.990324412522703]],[[-16.496231707177568,15.99055435834393],[-16.496106006943876,15.990606105259948],[-16.49643050846951,15.990781117994798],[-16.496701965408352,15.990724000343873],[-16.496231707177568,15.99055435834393]]]}},{"type":"Feature","properties":{"hauteur":"Faibble / Inferieure à 0.5m","Hauteur_Vu":"Faibble / Inferieure à 0.5m","indice":1},"geometry":{"type":"Polygon","coordinates":[[[-16.497138857736,15.99317100278957],[-16.496672590241086,15.99334002626853],[-16.496771178075203,15.992909695363867],[-16.497062429815436,15.993076478830766],[-16.49740102573638,15.992961414874003],[-16.497138857736,15.99317100278957]]]}},{"type":"Feature","properties":{"hauteur":"Faibble / Inferieure à 0.5m","Hauteur_Vu":"Faibble / Inferieure à 0.5m","indice":1},"geometry":{"type":"Polygon","coordinates":[[[-16.49697985817969,15.992576059017026],[-16.496771178075203,15.992909695363867],[-16.496426589618757,15.99261373048166],[-16.49685682492464,15.99258387068618],[-16.496999271876483,15.992361967499736],[-16.497030271542883,15.992143470344343],[-16.496704085033286,15.991788076117214],[-16.497672168545893,15.991914342409656],[-16.497423817029077,15.992218912211195],[-16.497566497233866,15.992362947359142],[-16.497313009296864,15.992551435793107],[-16.49751567648357,15.992749360325764],[-16.49697985817969,15.992576059017026]]]}},{"type":"Feature","properties":{"hauteur":"Faibble / Inferieure à 0.5m","Hauteur_Vu":"Faibble / Inferieure à 0.5m","indice":1},"geometry":{"type":"Polygon","coordinates":[[[-16.49723706611483,15.99180014372575],[-16.497029885434973,15.991147172216747],[-16.497352364921458,15.991373920643262],[-16.497672168545893,15.991914342409656],[-16.49723706611483,15.99180014372575]]]}},{"type":"Feature","properties":{"hauteur":"Faibble / Inferieure à 0.5m","Hauteur_Vu":"Faibble / Inferieure à 0.5m","indice":1},"geometry":{"type":"Polygon","coordinates":[[[-16.496704085033286,15.991788076117214],[-16.496417083425985,15.99140052103132],[-16.497069783618432,15.99142490516238],[-16.496704085033286,15.991788076117214]]]}},{"type":"Feature","properties":{"hauteur":"Faibble / Inferieure à 0.5m","Hauteur_Vu":"Faibble / Inferieure à 0.5m","indice":1},"geometry":{"type":"Polygon","coordinates":[[[-16.496908026264535,15.993937909807986],[-16.497240333893455,15.993654196463782],[-16.49718474842129,15.993857085521588],[-16.497351902268566,15.994032123964953],[-16.49688981409734,15.994344000633724],[-16.496908026264535,15.993937909807986]]]}},{"type":"Feature","properties":{"hauteur":"Faibble / Inferieure à 0.5m","Hauteur_Vu":"Faibble / Inferieure à 0.5m","indice":1},"geometry":{"type":"Polygon","coordinates":[[[-16.497173212655465,15.994107899571917],[-16.49720274457629,15.994083131051505],[-16.49741762319837,15.994277561162697],[-16.497195325526956,15.994547359026162],[-16.497173212655465,15.994107899571917]]]}},{"type":"Feature","properties":{"hauteur":"Faibble / Inferieure à 0.5m","Hauteur_Vu":"Faibble / Inferieure à 0.5m","indice":1},"geometry":{"type":"Polygon","coordinates":[[[-16.49688981409734,15.994344000633724],[-16.497195325526956,15.994547359026162],[-16.497018039410698,15.994583470891657],[-16.49666065859497,15.994637993373047],[-16.49688981409734,15.994344000633724]]]}},{"type":"Feature","properties":{"hauteur":"Faibble / Inferieure à 0.5m","Hauteur_Vu":"Faibble / Inferieure à 0.5m","indice":1},"geometry":{"type":"Polygon","coordinates":[[[-16.497302055853478,15.995188309568835],[-16.497029024658108,15.994963414068218],[-16.497195325526956,15.994547359026162],[-16.497547002985108,15.994856551246484],[-16.497302055853478,15.995188309568835]]]}},{"type":"Feature","properties":{"hauteur":"Faibble / Inferieure à 0.5m","Hauteur_Vu":"Faibble / Inferieure à 0.5m","indice":1},"geometry":{"type":"Polygon","coordinates":[[[-16.496699257805616,15.995314829329727],[-16.49695233130067,15.995435356783954],[-16.49648587153761,15.995605910279508],[-16.49672694173489,15.99463083318245],[-16.497048290747156,15.99499483859456],[-16.496699257805616,15.995314829329727]]]}},{"type":"Feature","properties":{"hauteur":"Faibble / Inferieure à 0.5m","Hauteur_Vu":"Faibble / Inferieure à 0.5m","indice":1},"geometry":{"type":"Polygon","coordinates":[[[-16.496952076785313,15.99540116993466],[-16.497302055853478,15.995188309568835],[-16.497261431757142,15.99568032074094],[-16.49691479699581,15.995874615334438],[-16.496952076785313,15.99540116993466]]]}},{"type":"Feature","properties":{"hauteur":"Faibble / Inferieure à 0.5m","Hauteur_Vu":"Faibble / Inferieure à 0.5m","indice":1},"geometry":{"type":"Polygon","coordinates":[[[-16.49719111605228,15.99637828750779],[-16.49690126529052,15.996339543336235],[-16.497151960854392,15.996688230262377],[-16.496892310343664,15.99678011292569],[-16.496458459330878,15.996115798901188],[-16.49691479699581,15.995874615334438],[-16.49719111605228,15.99637828750779]]]}},{"type":"Feature","properties":{"hauteur":"Faibble / Inferieure à 0.5m","Hauteur_Vu":"Faibble / Inferieure à 0.5m","indice":1},"geometry":{"type":"Polygon","coordinates":[[[-16.49628010541662,15.996556140950169],[-16.496645879732185,15.996547768782799],[-16.49658917733762,15.99660076156074],[-16.496462627386457,15.996949775092958],[-16.49628010541662,15.996556140950169]]]}},{"type":"Feature","properties":{"hauteur":"Faibble / Inferieure à 0.5m","Hauteur_Vu":"Faibble / Inferieure à 0.5m","indice":1},"geometry":{"type":"Polygon","coordinates":[[[-16.496915048485214,15.996821375363131],[-16.497162028389408,15.998222702880435],[-16.49696755072104,15.998577778474273],[-16.495850761792944,15.998807453327363],[-16.496069663347857,15.998217490468056],[-16.49577969212052,15.997980188775102],[-16.496074316666434,15.997746706985621],[-16.496120495219845,15.997375570365659],[-16.496421397693283,15.997255129927442],[-16.496462627386457,15.996949775092958],[-16.496915048485214,15.996821375363131]],[[-16.496834095215032,15.998133465170444],[-16.49681476729431,15.997728596196541],[-16.496435705071736,15.997941627827188],[-16.49645041689501,15.998456984575158],[-16.496834095215032,15.998133465170444]]]}},{"type":"Feature","properties":{"hauteur":"Faibble / Inferieure à 0.5m","Hauteur_Vu":"Faibble / Inferieure à 0.5m","indice":1},"geometry":{"type":"Polygon","coordinates":[[[-16.497375816672527,15.99934236937338],[-16.496888744508116,15.999656090604653],[-16.496691791202878,15.999014155805023],[-16.495827466770123,15.998965409160403],[-16.495850761792944,15.998807453327363],[-16.49696755072104,15.998577778474273],[-16.49754111644866,15.99865007701644],[-16.49766562522671,15.998904310356279],[-16.497375816672527,15.99934236937338]],[[-16.49735822472657,15.9992363408723],[-16.49726881417748,15.998913487121502],[-16.49705600791841,15.999180589116198],[-16.49733723832601,15.99933905293895],[-16.49735822472657,15.9992363408723]]]}},{"type":"Feature","properties":{"hauteur":"Moyen /Entre 0.5 et 1m","Hauteur_Vu":"Moyen /Entre 0.5 et 1m","indice":2},"geometry":{"type":"Polygon","coordinates":[[[-16.49705600791841,15.999180589116198],[-16.49726881417748,15.998913487121502],[-16.49735822472657,15.9992363408723],[-16.49733723832601,15.99933905293895],[-16.49705600791841,15.999180589116198]]]}},{"type":"Feature","properties":{"hauteur":"Faibble / Inferieure à 0.5m","Hauteur_Vu":"Faibble / Inferieure à 0.5m","indice":1},"geometry":{"type":"MultiPolygon","coordinates":[[[[-16.496888744508116,15.999656090604653],[-16.497035886272158,16.000064013790926],[-16.496504489642263,15.999968139337136],[-16.496888744508116,15.999656090604653]]],[[[-16.49760060706949,16.001149205801262],[-16.49698295514193,16.000894691346453],[-16.497166083082973,16.0004526902578],[-16.49685602135049,16.00043907131894],[-16.497035886272158,16.000064013790926],[-16.497452799272054,15.999821788259952],[-16.497431000828765,16.000727938119468],[-16.49760060706949,16.001149205801262]]]]}},{"type":"Feature","properties":{"hauteur":"Faibble / Inferieure à 0.5m","Hauteur_Vu":"Faibble / Inferieure à 0.5m","indice":1},"geometry":{"type":"Polygon","coordinates":[[[-16.49729647470027,16.00157277624317],[-16.497306083911127,16.001620447491234],[-16.496842074657526,16.00185938841596],[-16.49685991136446,16.001355029109195],[-16.49729647470027,16.00157277624317]]]}},{"type":"Feature","properties":{"hauteur":"Faibble / Inferieure à 0.5m","Hauteur_Vu":"Faibble / Inferieure à 0.5m","indice":1},"geometry":{"type":"Polygon","coordinates":[[[-16.496707006839152,16.00277630669471],[-16.496385727931283,16.003127630679888],[-16.496762754969662,16.003220480487617],[-16.496320933158387,16.003539824257842],[-16.49620845791213,16.002752299539893],[-16.496682895636148,16.00274899462301],[-16.496473104581053,16.002417445965083],[-16.49687356399501,16.002247000358178],[-16.496707006839152,16.00277630669471]]]}},{"type":"Feature","properties":{"hauteur":"Faibble / Inferieure à 0.5m","Hauteur_Vu":"Faibble / Inferieure à 0.5m","indice":1},"geometry":{"type":"Polygon","coordinates":[[[-16.49625972772953,15.998990208565237],[-16.496196910923356,15.999272044640826],[-16.49640947718615,15.999520404237607],[-16.496101882978795,15.999838133539244],[-16.496473597768468,16.000098534227412],[-16.496432211259993,16.000382850975036],[-16.496139441139814,16.0005006052371],[-16.496457564142,16.000866574763883],[-16.49602956100045,16.001811057413764],[-16.49514201904103,16.00112143384351],[-16.495460550630735,16.000811519232876],[-16.495191993980505,16.000529359768812],[-16.49551422171679,16.00035091413857],[-16.495592811901492,15.999950623144844],[-16.49546131091972,15.999451858504386],[-16.495904807537713,15.999493479466544],[-16.495827466770123,15.998965409160403],[-16.49625972772953,15.998990208565237]]]}},{"type":"Feature","properties":{"hauteur":"Faibble / Inferieure à 0.5m","Hauteur_Vu":"Faibble / Inferieure à 0.5m","indice":1},"geometry":{"type":"Polygon","coordinates":[[[-16.494827140159813,16.00053735355222],[-16.493756793962795,16.00040127336571],[-16.494368856380703,15.99983277096005],[-16.494737867388586,16.00010976402938],[-16.495035175858487,15.999871004908899],[-16.495308542951378,16.00006897456434],[-16.495191993980505,16.000529359768812],[-16.494865599264603,16.000878777120146],[-16.494827140159813,16.00053735355222]]]}},{"type":"Feature","properties":{"hauteur":"Faibble / Inferieure à 0.5m","Hauteur_Vu":"Faibble / Inferieure à 0.5m","indice":1},"geometry":{"type":"Polygon","coordinates":[[[-16.49394073927335,15.999542648288287],[-16.494368856380703,15.99983277096005],[-16.493888825749064,15.999874376156436],[-16.49394073927335,15.999542648288287]]]}},{"type":"Feature","properties":{"hauteur":"Faibble / Inferieure à 0.5m","Hauteur_Vu":"Faibble / Inferieure à 0.5m","indice":1},"geometry":{"type":"Polygon","coordinates":[[[-16.493907766498022,15.998764428250682],[-16.493798631727035,15.998619624823151],[-16.49442886698932,15.998775926516783],[-16.494231046627068,15.999093547265359],[-16.493907766498022,15.998764428250682]]]}},{"type":"Feature","properties":{"hauteur":"Faibble / Inferieure à 0.5m","Hauteur_Vu":"Faibble / Inferieure à 0.5m","indice":1},"geometry":{"type":"Polygon","coordinates":[[[-16.496526619612442,16.00206170889766],[-16.496201534434242,16.002221766814205],[-16.49620632640649,16.002831211178343],[-16.495966322251007,16.003314810587664],[-16.496320933158387,16.003539824257842],[-16.49512930433399,16.003672560876527],[-16.49488445069467,16.003287670505195],[-16.494541973345175,16.003303202972376],[-16.49473213631813,16.00364639603704],[-16.494315799473416,16.00360195453703],[-16.49394190581163,16.00414631356027],[-16.493804382798505,16.003203137537728],[-16.494222851062574,16.003168668428323],[-16.493841055526783,16.002532742001435],[-16.49479116342424,16.00196070573366],[-16.494443975007773,16.001708021347994],[-16.49390879560288,16.00176960122223],[-16.494095795687933,16.00143908101085],[-16.493971284989623,16.000725889092905],[-16.49425251702659,16.000518801462214],[-16.496526619612442,16.00206170889766]]]}},{"type":"Feature","properties":{"hauteur":"Faibble / Inferieure à 0.5m","Hauteur_Vu":"Faibble / Inferieure à 0.5m","indice":1},"geometry":{"type":"Polygon","coordinates":[[[-16.49367493762215,16.002614941013125],[-16.49390879560288,16.00176960122223],[-16.49382602467053,16.002339549194488],[-16.49390449323064,16.002771138516408],[-16.49367493762215,16.002614941013125]]]}},{"type":"Feature","properties":{"hauteur":"Faibble / Inferieure à 0.5m","Hauteur_Vu":"Faibble / Inferieure à 0.5m","indice":1},"geometry":{"type":"Polygon","coordinates":[[[-16.489696026526268,16.004721833897825],[-16.4891860081339,16.004877904608545],[-16.489395195959123,16.004487229068527],[-16.489416011369787,16.00436084955414],[-16.489696026526268,16.004721833897825]]]}},{"type":"Feature","properties":{"hauteur":"Faibble / Inferieure à 0.5m","Hauteur_Vu":"Faibble / Inferieure à 0.5m","indice":1},"geometry":{"type":"Polygon","coordinates":[[[-16.490353595312005,16.00436271897295],[-16.490004877942532,16.00427046180014],[-16.49017335224565,16.003778005370865],[-16.490418986025283,16.003902536372316],[-16.490411075132553,16.004302335865216],[-16.489992433995372,16.005093223672347],[-16.48955294999276,16.00522776681086],[-16.489696026526268,16.004721833897825],[-16.490353595312005,16.00436271897295]]]}},{"type":"Feature","properties":{"hauteur":"Faibble / Inferieure à 0.5m","Hauteur_Vu":"Faibble / Inferieure à 0.5m","indice":1},"geometry":{"type":"Polygon","coordinates":[[[-16.490175422337796,16.004790502091783],[-16.490563304793277,16.00466420556071],[-16.49045972636848,16.004996291509496],[-16.490797335531944,16.00505706614325],[-16.491006754383065,16.004697946439926],[-16.490669301861946,16.004658210191256],[-16.490668384998663,16.004534611332158],[-16.49116008445882,16.003742229115094],[-16.491328374393632,16.00406979805319],[-16.4916838429524,16.003972653559618],[-16.491329546658644,16.00532688098731],[-16.491627157936517,16.00540206765519],[-16.49145220112738,16.006008158956657],[-16.490738615299293,16.006350397297886],[-16.490890821602555,16.00597589533212],[-16.490489440017175,16.006115435790942],[-16.49029169018976,16.00584855835302],[-16.490260405515954,16.005296496727723],[-16.4898552637835,16.00566223333523],[-16.490175422337796,16.004790502091783]]]}},{"type":"Feature","properties":{"hauteur":"Faibble / Inferieure à 0.5m","Hauteur_Vu":"Faibble / Inferieure à 0.5m","indice":1},"geometry":{"type":"Polygon","coordinates":[[[-16.49145220112738,16.006008158956657],[-16.49167725865929,16.006290624916883],[-16.49241687599947,16.00629600648989],[-16.492675271969496,16.005941804793576],[-16.49365128467663,16.005671526758483],[-16.494903301240267,16.005841649255796],[-16.49393398001501,16.00939991170347],[-16.493796508047623,16.009195736293158],[-16.493431897521734,16.00916145373855],[-16.49352520278684,16.008910964865482],[-16.492756718985543,16.008315377031852],[-16.492721512767538,16.00796847554774],[-16.491996524180813,16.007566668984058],[-16.4917386507803,16.006868775826934],[-16.491249805015087,16.006500726913092],[-16.491139626321342,16.006160890872913],[-16.49145220112738,16.006008158956657]],[[-16.493776155010824,16.0063754701812],[-16.493458222356363,16.0060357947819],[-16.4928403866188,16.006318858858],[-16.492859552650135,16.006702690410048],[-16.493776155010824,16.0063754701812]],[[-16.493089342263886,16.00762155641605],[-16.49279503552665,16.0075341858539],[-16.492764870535552,16.007865762355355],[-16.493089342263886,16.00762155641605]]]}},{"type":"Feature","properties":{"hauteur":"Faibble / Inferieure à 0.5m","Hauteur_Vu":"Faibble / Inferieure à 0.5m","indice":1},"geometry":{"type":"Polygon","coordinates":[[[-16.492301539102144,16.005136037354767],[-16.492656634146872,16.005354481284133],[-16.492669665615306,16.004912568166375],[-16.49294452907128,16.00457929101056],[-16.49326999274714,16.004743698309355],[-16.493293504489245,16.00434017460685],[-16.49348455048787,16.004070597042315],[-16.494438870954248,16.004063959831022],[-16.49471957870086,16.003785867820138],[-16.496320933158387,16.003539824257842],[-16.496492476231413,16.004206964424625],[-16.496146499066985,16.004970202500004],[-16.496378091031726,16.00541613506554],[-16.496070542472513,16.005540606644715],[-16.49606661683749,16.005841981536335],[-16.4964159282213,16.005526266095917],[-16.49670235540714,16.00587932335768],[-16.496009078706166,16.006400322806954],[-16.496382920115426,16.006893002532895],[-16.49662286241269,16.007631272887323],[-16.495423369336965,16.007584277914876],[-16.494903301240267,16.005841649255796],[-16.49365128467663,16.005671526758483],[-16.492794383514045,16.005982551935833],[-16.492147065403756,16.005845538923044],[-16.492340403488,16.00551808853631],[-16.491627157936517,16.00540206765519],[-16.49184496274314,16.00516550794512],[-16.492301539102144,16.005136037354767]],[[-16.493077086762558,16.00512900408263],[-16.493516880268558,16.005036530098973],[-16.49326999274714,16.004743698309355],[-16.493077086762558,16.00512900408263]],[[-16.495783504023333,16.005556752612794],[-16.496048624136783,16.005558850999133],[-16.495885164896062,16.00496826357111],[-16.496141052080098,16.00500855964747],[-16.496086571615585,16.00426467945879],[-16.495382583249942,16.004661435640607],[-16.495732262129813,16.004882541892627],[-16.495418419180314,16.005092488678304],[-16.49518805951782,16.005559583499533],[-16.495642132065825,16.005559052023113],[-16.49521026180041,16.005985471680177],[-16.495281952284948,16.006484652315706],[-16.495758130425337,16.006531304599058],[-16.49571137853406,16.00609506798049],[-16.496111366752146,16.0059515829058],[-16.495783504023333,16.005556752612794]]]}},{"type":"Feature","properties":{"hauteur":"Faibble / Inferieure à 0.5m","Hauteur_Vu":"Faibble / Inferieure à 0.5m","indice":1},"geometry":{"type":"Polygon","coordinates":[[[-16.495534601926366,16.007916184784943],[-16.49610442294095,16.007605048718887],[-16.496400129031166,16.00796102512902],[-16.496118475787735,16.00824941672895],[-16.49640639142124,16.00838764173616],[-16.496149192599997,16.008646026627613],[-16.496148085461115,16.008911578140783],[-16.49623113259553,16.009500268041396],[-16.496498857785195,16.009826602607617],[-16.496166874479492,16.00988112959369],[-16.49645637853659,16.010439290235144],[-16.495691587402632,16.009954556104038],[-16.49530072344888,16.01007662376874],[-16.4947514438287,16.01073020878243],[-16.49404539681754,16.01048791254583],[-16.49435895585438,16.010238520673056],[-16.494080352104092,16.010069516255147],[-16.49407289962607,16.009798689062052],[-16.493772017250407,16.00955883203623],[-16.49405828927642,16.00921379345252],[-16.494894773479377,16.006157295853285],[-16.495534601926366,16.007916184784943]],[[-16.495625256680118,16.008542782820015],[-16.49561946644366,16.00849548508241],[-16.49512757679494,16.008530468925077],[-16.495225283455547,16.008871674719845],[-16.495625256680118,16.008542782820015]]]}},{"type":"Feature","properties":{"hauteur":"Faibble / Inferieure à 0.5m","Hauteur_Vu":"Faibble / Inferieure à 0.5m","indice":1},"geometry":{"type":"Polygon","coordinates":[[[-16.496296839462964,16.00921039733862],[-16.49618126305863,16.00901726614384],[-16.49650337542177,16.008983693494848],[-16.49663791956184,16.00950040531322],[-16.496296839462964,16.00921039733862]]]}},{"type":"Feature","properties":{"hauteur":"Faibble / Inferieure à 0.5m","Hauteur_Vu":"Faibble / Inferieure à 0.5m","indice":1},"geometry":{"type":"Polygon","coordinates":[[[-16.49685633940479,16.01102054945233],[-16.49671723988372,16.01098273180238],[-16.49710953412444,16.010693556219692],[-16.4971031041285,16.011072522892114],[-16.49685633940479,16.01102054945233]]]}},{"type":"Feature","properties":{"hauteur":"Faibble / Inferieure à 0.5m","Hauteur_Vu":"Faibble / Inferieure à 0.5m","indice":1},"geometry":{"type":"Polygon","coordinates":[[[-16.49616440577151,16.010999265042003],[-16.495839114760606,16.010813562183404],[-16.49587262771828,16.01117136527421],[-16.494666824709793,16.01105164473844],[-16.49442644141357,16.01090341398495],[-16.49530072344888,16.01007662376874],[-16.49550786528204,16.010552563408787],[-16.495765885905463,16.009989842243446],[-16.49645637853659,16.010439290235144],[-16.49616440577151,16.010999265042003]]]}},{"type":"Feature","properties":{"hauteur":"Faibble / Inferieure à 0.5m","Hauteur_Vu":"Faibble / Inferieure à 0.5m","indice":1},"geometry":{"type":"Polygon","coordinates":[[[-16.496152933736088,16.011115706843878],[-16.496382667013886,16.011311026035244],[-16.49613225637801,16.011652905677913],[-16.496168810375977,16.01200472017969],[-16.49567074676682,16.01243783409707],[-16.49538013546675,16.01190402304585],[-16.495426277033687,16.011527627149523],[-16.495158233256753,16.01131647253886],[-16.495287118387566,16.011097293989234],[-16.496152933736088,16.011115706843878]]]}},{"type":"Feature","properties":{"hauteur":"Faibble / Inferieure à 0.5m","Hauteur_Vu":"Faibble / Inferieure à 0.5m","indice":1},"geometry":{"type":"Polygon","coordinates":[[[-16.496706931173406,16.01172422576885],[-16.496611827222324,16.01220563882744],[-16.496731688570346,16.012352493323405],[-16.497694756138305,16.012845536523898],[-16.498137791592196,16.013513763399907],[-16.497986728841045,16.014095320906847],[-16.49764825197606,16.013755018879532],[-16.497185366141508,16.01373437831504],[-16.49742839890263,16.013375870843817],[-16.49712591903699,16.013354111242105],[-16.497126468373512,16.013013972915854],[-16.496862000101128,16.01271148601934],[-16.496260855234304,16.01271715638826],[-16.49613225637801,16.011652905677913],[-16.496706931173406,16.01172422576885]]]}},{"type":"Feature","properties":{"hauteur":"Faibble / Inferieure à 0.5m","Hauteur_Vu":"Faibble / Inferieure à 0.5m","indice":1},"geometry":{"type":"Polygon","coordinates":[[[-16.496781607514343,16.014196673582326],[-16.496331637461115,16.014253515750905],[-16.496552612435714,16.013832506491628],[-16.49609012638194,16.01386556624706],[-16.496677701708347,16.013231923578772],[-16.496824417580147,16.013463624381068],[-16.496537961407373,16.013522310425934],[-16.49655787034453,16.013710140746063],[-16.497093002483478,16.013758891496376],[-16.496781607514343,16.014196673582326]]]}},{"type":"Feature","properties":{"hauteur":"Faibble / Inferieure à 0.5m","Hauteur_Vu":"Faibble / Inferieure à 0.5m","indice":1},"geometry":{"type":"Polygon","coordinates":[[[-16.496184029231618,16.015144227662738],[-16.496255284321844,16.014770776474165],[-16.496547628582082,16.01508798777684],[-16.496184029231618,16.015144227662738]]]}},{"type":"Feature","properties":{"hauteur":"Faibble / Inferieure à 0.5m","Hauteur_Vu":"Faibble / Inferieure à 0.5m","indice":1},"geometry":{"type":"Polygon","coordinates":[[[-16.496150199057265,16.014744096704586],[-16.495911785377345,16.014626412658558],[-16.495924275467758,16.01423248554203],[-16.496331637461115,16.014253515750905],[-16.496150199057265,16.014744096704586]]]}},{"type":"Feature","properties":{"hauteur":"Faibble / Inferieure à 0.5m","Hauteur_Vu":"Faibble / Inferieure à 0.5m","indice":1},"geometry":{"type":"Polygon","coordinates":[[[-16.4956033846037,16.01484543453785],[-16.495372581276808,16.01450690767682],[-16.494958471779476,16.014408348074955],[-16.495016968151884,16.01397829683525],[-16.495505910037213,16.01418374607871],[-16.49585486640116,16.014646762340323],[-16.4956033846037,16.01484543453785]]]}},{"type":"Feature","properties":{"hauteur":"Faibble / Inferieure à 0.5m","Hauteur_Vu":"Faibble / Inferieure à 0.5m","indice":1},"geometry":{"type":"Polygon","coordinates":[[[-16.49557532337271,16.014184194918876],[-16.495389792121358,16.013711088913343],[-16.49556546221704,16.013274254147596],[-16.49588088925645,16.014205935118703],[-16.49557532337271,16.014184194918876]]]}},{"type":"Feature","properties":{"hauteur":"Faibble / Inferieure à 0.5m","Hauteur_Vu":"Faibble / Inferieure à 0.5m","indice":1},"geometry":{"type":"Polygon","coordinates":[[[-16.495186017444652,16.012859187657575],[-16.49477022906091,16.0135092643434],[-16.49449479597968,16.012689950397526],[-16.494611612987093,16.012310432711413],[-16.49538013546675,16.01190402304585],[-16.495933476486716,16.012665732159828],[-16.495512752639144,16.01276265936245],[-16.49577340113998,16.012966714647824],[-16.49556546221704,16.013274254147596],[-16.495186017444652,16.012859187657575]]]}},{"type":"Feature","properties":{"hauteur":"Faibble / Inferieure à 0.5m","Hauteur_Vu":"Faibble / Inferieure à 0.5m","indice":1},"geometry":{"type":"Polygon","coordinates":[[[-16.49475041595154,16.013810085456964],[-16.49516010401709,16.013314932380634],[-16.495328900042765,16.013612120599376],[-16.49501066544048,16.013960438896085],[-16.49475041595154,16.013810085456964]]]}},{"type":"Feature","properties":{"hauteur":"Faibble / Inferieure à 0.5m","Hauteur_Vu":"Faibble / Inferieure à 0.5m","indice":1},"geometry":{"type":"Polygon","coordinates":[[[-16.494720819856177,16.013822971977564],[-16.493754768380366,16.01375808832471],[-16.493806664944074,16.01409935397014],[-16.493660539698563,16.01415407618585],[-16.493433989469835,16.014179521390535],[-16.493201008094125,16.013856105479125],[-16.493581491356853,16.013829789780463],[-16.494137866820314,16.012958053776178],[-16.49449479597968,16.012689950397526],[-16.49457178431294,16.012958672698804],[-16.494346579112253,16.01337198248286],[-16.494562199948348,16.013743436437196],[-16.49480674954579,16.013511746568465],[-16.494720819856177,16.013822971977564]]]}},{"type":"Feature","properties":{"hauteur":"Faibble / Inferieure à 0.5m","Hauteur_Vu":"Faibble / Inferieure à 0.5m","indice":1},"geometry":{"type":"Polygon","coordinates":[[[-16.494325010867485,16.01426618702673],[-16.49410619468892,16.01429456275018],[-16.494238903896044,16.013887864203106],[-16.49455243725854,16.014151225623113],[-16.494325010867485,16.01426618702673]]]}},{"type":"Feature","properties":{"hauteur":"Faibble / Inferieure à 0.5m","Hauteur_Vu":"Faibble / Inferieure à 0.5m","indice":1},"geometry":{"type":"Polygon","coordinates":[[[-16.494981358251255,16.015410691060346],[-16.494789171094435,16.015286716577986],[-16.495174031309702,16.01518557636356],[-16.495219927959738,16.015549260478586],[-16.494981358251255,16.015410691060346]]]}},{"type":"Feature","properties":{"hauteur":"Faibble / Inferieure à 0.5m","Hauteur_Vu":"Faibble / Inferieure à 0.5m","indice":1},"geometry":{"type":"Polygon","coordinates":[[[-16.49388811190916,16.012281279267867],[-16.493646964857078,16.01203048719043],[-16.494684334459,16.011943056468134],[-16.494611612987093,16.012310432711413],[-16.49388811190916,16.012281279267867]]]}},{"type":"Feature","properties":{"hauteur":"Faibble / Inferieure à 0.5m","Hauteur_Vu":"Faibble / Inferieure à 0.5m","indice":1},"geometry":{"type":"Polygon","coordinates":[[[-16.493989077072833,16.011643978213566],[-16.494247436996584,16.011284514931777],[-16.49452195485307,16.01163501001653],[-16.493989077072833,16.011643978213566]]]}},{"type":"Feature","properties":{"hauteur":"Faibble / Inferieure à 0.5m","Hauteur_Vu":"Faibble / Inferieure à 0.5m","indice":1},"geometry":{"type":"Polygon","coordinates":[[[-16.49346097449526,16.010832384956313],[-16.493753448132253,16.01067255691733],[-16.493698207200136,16.01128833634119],[-16.49346097449526,16.010832384956313]]]}},{"type":"Feature","properties":{"hauteur":"Faibble / Inferieure à 0.5m","Hauteur_Vu":"Faibble / Inferieure à 0.5m","indice":1},"geometry":{"type":"Polygon","coordinates":[[[-16.499532184951843,16.01589651759564],[-16.499362546016048,16.015900686167008],[-16.499570776450263,16.017346293260474],[-16.499235881611916,16.016915539744726],[-16.49941916800048,16.016466714654136],[-16.499116104351906,16.01636738787197],[-16.499326201339294,16.01599744188881],[-16.4987625327383,16.0159073936643],[-16.49913320376163,16.01555870394473],[-16.49863611450388,16.0155025021047],[-16.498904988708777,16.015154523427373],[-16.498300869565846,16.015224380635303],[-16.49860598162205,16.014771722207037],[-16.499227114190997,16.01480514697117],[-16.499060243437636,16.014973395728248],[-16.499352909287396,16.01512650078102],[-16.499270991279296,16.015310566331088],[-16.499532184951843,16.01589651759564]]]}},{"type":"Feature","properties":{"hauteur":"Faibble / Inferieure à 0.5m","Hauteur_Vu":"Faibble / Inferieure à 0.5m","indice":1},"geometry":{"type":"Polygon","coordinates":[[[-16.49840022093381,16.01675634254072],[-16.497863026799603,16.016700419078553],[-16.4977921798364,16.016301106440775],[-16.49690771476594,16.016008912438423],[-16.498283985577274,16.01523550062632],[-16.49840022093381,16.01675634254072]]]}},{"type":"Feature","properties":{"hauteur":"Faibble / Inferieure à 0.5m","Hauteur_Vu":"Faibble / Inferieure à 0.5m","indice":1},"geometry":{"type":"Polygon","coordinates":[[[-16.497279991773595,16.0171162283009],[-16.497208745294024,16.01666321276365],[-16.49753702086309,16.016833973616848],[-16.497595484014994,16.017227405478426],[-16.497279991773595,16.0171162283009]]]}},{"type":"Feature","properties":{"hauteur":"Faibble / Inferieure à 0.5m","Hauteur_Vu":"Faibble / Inferieure à 0.5m","indice":1},"geometry":{"type":"Polygon","coordinates":[[[-16.49638934251979,16.015994624746288],[-16.49643092826041,16.01577951305977],[-16.49649208966841,16.015707479433324],[-16.49685201126023,16.015985431782674],[-16.49638934251979,16.015994624746288]]]}},{"type":"Feature","properties":{"hauteur":"Faibble / Inferieure à 0.5m","Hauteur_Vu":"Faibble / Inferieure à 0.5m","indice":1},"geometry":{"type":"Polygon","coordinates":[[[-16.496340075366955,16.016006902718974],[-16.496743495320175,16.01632632289586],[-16.49647962902036,16.01651911526921],[-16.496870533272467,16.01681475326696],[-16.49683605158222,16.017155128141244],[-16.496559311555686,16.017276403198533],[-16.4960340995315,16.0171726535061],[-16.495802857342554,16.017603908697108],[-16.49550445169884,16.017301657057306],[-16.49548368457741,16.01782692180508],[-16.495008138957104,16.01776459454799],[-16.49509220240987,16.017453710758303],[-16.49468496706771,16.017450579641604],[-16.49518034681064,16.0168623366245],[-16.494803160796863,16.01675158536964],[-16.494853844607782,16.01610079938995],[-16.495070266429124,16.01616493220298],[-16.495457479615112,16.01596531495402],[-16.495707496176717,16.015569732997733],[-16.49594464874226,16.015932084174246],[-16.496249834038785,16.015488379025392],[-16.496340075366955,16.016006902718974]]]}},{"type":"Feature","properties":{"hauteur":"Faibble / Inferieure à 0.5m","Hauteur_Vu":"Faibble / Inferieure à 0.5m","indice":1},"geometry":{"type":"Polygon","coordinates":[[[-16.494929646594727,16.01820224409571],[-16.494498086708962,16.018247020362054],[-16.494877357715296,16.017808768153976],[-16.49504633545781,16.018129824048113],[-16.495491629876753,16.01785819463185],[-16.495526055713395,16.018338320249654],[-16.494929646594727,16.01820224409571]]]}},{"type":"Feature","properties":{"hauteur":"Faibble / Inferieure à 0.5m","Hauteur_Vu":"Faibble / Inferieure à 0.5m","indice":1},"geometry":{"type":"Polygon","coordinates":[[[-16.495109412243,16.018729095701882],[-16.49467632135101,16.018982737685942],[-16.494396423818195,16.018680355678182],[-16.494857855217575,16.018504091463203],[-16.495109412243,16.018729095701882]]]}},{"type":"Feature","properties":{"hauteur":"Faibble / Inferieure à 0.5m","Hauteur_Vu":"Faibble / Inferieure à 0.5m","indice":1},"geometry":{"type":"Polygon","coordinates":[[[-16.494267168077503,16.017478849490274],[-16.494500969475126,16.0178054219068],[-16.494127710378347,16.01780802049239],[-16.494267168077503,16.017478849490274]]]}},{"type":"Feature","properties":{"hauteur":"Faibble / Inferieure à 0.5m","Hauteur_Vu":"Faibble / Inferieure à 0.5m","indice":1},"geometry":{"type":"Polygon","coordinates":[[[-16.493804049547734,16.018050083204177],[-16.49357679599862,16.018188912060424],[-16.493497057367332,16.017837397525383],[-16.49404628268397,16.0178514770967],[-16.493804049547734,16.018050083204177]]]}},{"type":"Feature","properties":{"hauteur":"Faibble / Inferieure à 0.5m","Hauteur_Vu":"Faibble / Inferieure à 0.5m","indice":1},"geometry":{"type":"Polygon","coordinates":[[[-16.493039486495068,16.018532785188945],[-16.493051159343246,16.018857920665635],[-16.492519974152387,16.018781056870772],[-16.49299942848256,16.018539031116244],[-16.493212879168617,16.018203378657343],[-16.493468539817304,16.01856560383595],[-16.493039486495068,16.018532785188945]]]}},{"type":"Feature","properties":{"hauteur":"Faibble / Inferieure à 0.5m","Hauteur_Vu":"Faibble / Inferieure à 0.5m","indice":1},"geometry":{"type":"Polygon","coordinates":[[[-16.49297692837562,16.017172680721135],[-16.493036915686684,16.0169425232224],[-16.493536959854143,16.016566089640623],[-16.493665327413286,16.016923233131994],[-16.493155490913377,16.01691633749242],[-16.493363724041373,16.017123743644714],[-16.49297692837562,16.017172680721135]]]}},{"type":"Feature","properties":{"hauteur":"Faibble / Inferieure à 0.5m","Hauteur_Vu":"Faibble / Inferieure à 0.5m","indice":1},"geometry":{"type":"Polygon","coordinates":[[[-16.492502228407798,16.01701635717052],[-16.492318028794397,16.017136983474977],[-16.492333920876362,16.016784803407692],[-16.49268019170504,16.016886823170314],[-16.492502228407798,16.01701635717052]]]}},{"type":"Feature","properties":{"hauteur":"Faibble / Inferieure à 0.5m","Hauteur_Vu":"Faibble / Inferieure à 0.5m","indice":1},"geometry":{"type":"Polygon","coordinates":[[[-16.49266203981993,16.016519961652172],[-16.492352542943124,16.016384866103348],[-16.492911840960222,16.016094547588207],[-16.49295152285781,16.01562285647734],[-16.493601895380735,16.01596443452125],[-16.49272608625358,16.01683578213758],[-16.49266203981993,16.016519961652172]]]}},{"type":"Feature","properties":{"hauteur":"Faibble / Inferieure à 0.5m","Hauteur_Vu":"Faibble / Inferieure à 0.5m","indice":1},"geometry":{"type":"Polygon","coordinates":[[[-16.492628710302537,16.01577129967775],[-16.492623363509832,16.015467005522193],[-16.49293601036045,16.015611029800652],[-16.492628710302537,16.01577129967775]]]}},{"type":"Feature","properties":{"hauteur":"Faibble / Inferieure à 0.5m","Hauteur_Vu":"Faibble / Inferieure à 0.5m","indice":1},"geometry":{"type":"Polygon","coordinates":[[[-16.492820101008604,16.0151657816407],[-16.492730911537027,16.01478747948497],[-16.4929747835701,16.01480965274612],[-16.492820101008604,16.0151657816407]]]}},{"type":"Feature","properties":{"hauteur":"Faibble / Inferieure à 0.5m","Hauteur_Vu":"Faibble / Inferieure à 0.5m","indice":1},"geometry":{"type":"Polygon","coordinates":[[[-16.492618637565826,16.01415799068859],[-16.493048904252188,16.014244415187452],[-16.493046478520665,16.014283880463076],[-16.492657444263124,16.01462321213085],[-16.492618637565826,16.01415799068859]]]}},{"type":"Feature","properties":{"hauteur":"Faibble / Inferieure à 0.5m","Hauteur_Vu":"Faibble / Inferieure à 0.5m","indice":1},"geometry":{"type":"Polygon","coordinates":[[[-16.492178497096305,16.01475540651076],[-16.491898696580922,16.014425984404618],[-16.49233225560814,16.01440653418964],[-16.492564596277074,16.014752722486996],[-16.492178497096305,16.01475540651076]]]}},{"type":"Feature","properties":{"hauteur":"Faibble / Inferieure à 0.5m","Hauteur_Vu":"Faibble / Inferieure à 0.5m","indice":1},"geometry":{"type":"Polygon","coordinates":[[[-16.4922087504881,16.0138866735493],[-16.49242885989637,16.013501836436337],[-16.492773270628224,16.01374402216925],[-16.492618637565826,16.01415799068859],[-16.4922087504881,16.0138866735493]]]}},{"type":"Feature","properties":{"hauteur":"Faibble / Inferieure à 0.5m","Hauteur_Vu":"Faibble / Inferieure à 0.5m","indice":1},"geometry":{"type":"Polygon","coordinates":[[[-16.491319767882338,16.014093380160162],[-16.49162328025415,16.013954517049957],[-16.491620186143933,16.014270125971315],[-16.491319767882338,16.014093380160162]]]}},{"type":"Feature","properties":{"hauteur":"Faibble / Inferieure à 0.5m","Hauteur_Vu":"Faibble / Inferieure à 0.5m","indice":1},"geometry":{"type":"Polygon","coordinates":[[[-16.490762068000713,16.013873054847355],[-16.49090085942351,16.01352231489065],[-16.491251504658784,16.01368885041239],[-16.49098816691712,16.01411146274061],[-16.490762068000713,16.013873054847355]]]}},{"type":"Feature","properties":{"hauteur":"Faibble / Inferieure à 0.5m","Hauteur_Vu":"Faibble / Inferieure à 0.5m","indice":1},"geometry":{"type":"Polygon","coordinates":[[[-16.49170562396194,16.01479025154972],[-16.49119936085868,16.014722761571296],[-16.491345577563177,16.015005774568984],[-16.491023362274248,16.015189475539007],[-16.49114494161706,16.014717879778527],[-16.49080570966483,16.014807022350254],[-16.49098816691712,16.01411146274061],[-16.49170562396194,16.01479025154972]]]}},{"type":"Feature","properties":{"hauteur":"Faibble / Inferieure à 0.5m","Hauteur_Vu":"Faibble / Inferieure à 0.5m","indice":1},"geometry":{"type":"Polygon","coordinates":[[[-16.49056380949787,16.015187407092217],[-16.49031091526443,16.015552088567873],[-16.49008000013891,16.01521443489113],[-16.49056380949787,16.015187407092217]]]}},{"type":"Feature","properties":{"hauteur":"Faibble / Inferieure à 0.5m","Hauteur_Vu":"Faibble / Inferieure à 0.5m","indice":1},"geometry":{"type":"Polygon","coordinates":[[[-16.49080886084152,16.015597468144765],[-16.490453487074515,16.015931120182472],[-16.490102167825015,16.015971660373328],[-16.49031091526443,16.015552088567873],[-16.49080886084152,16.015597468144765]]]}},{"type":"Feature","properties":{"hauteur":"Faibble / Inferieure à 0.5m","Hauteur_Vu":"Faibble / Inferieure à 0.5m","indice":1},"geometry":{"type":"Polygon","coordinates":[[[-16.490885508847477,16.01594900564861],[-16.49080886084152,16.015597468144765],[-16.49133215613846,16.015911218300467],[-16.490924156280524,16.01601251258786],[-16.490885009533834,16.01676466234129],[-16.49126271651086,16.017776476814564],[-16.490982997628162,16.017912683902992],[-16.491243959425923,16.018158513244455],[-16.491338360593836,16.01882320935403],[-16.49063884093933,16.018852929673333],[-16.490454579957078,16.018207255051394],[-16.489997934385936,16.01823146470083],[-16.489844144996127,16.018027400345012],[-16.489988241784253,16.017658214660038],[-16.489592399076958,16.01744794048541],[-16.490523149853836,16.016455268428142],[-16.49049385473521,16.01596664361433],[-16.490885508847477,16.01594900564861]]]}},{"type":"Feature","properties":{"hauteur":"Faibble / Inferieure à 0.5m","Hauteur_Vu":"Faibble / Inferieure à 0.5m","indice":1},"geometry":{"type":"Polygon","coordinates":[[[-16.491133297049977,16.01909446718763],[-16.49063884093933,16.018852929673333],[-16.49139999021778,16.01881383019434],[-16.4916408746789,16.018433233836586],[-16.491895247101386,16.01862241888235],[-16.491133297049977,16.01909446718763]]]}},{"type":"Feature","properties":{"hauteur":"Faibble / Inferieure à 0.5m","Hauteur_Vu":"Faibble / Inferieure à 0.5m","indice":1},"geometry":{"type":"Polygon","coordinates":[[[-16.492513449442306,16.018785204747577],[-16.493103178808546,16.019267436208754],[-16.493716812492806,16.018867647842974],[-16.493693821085746,16.019094564369794],[-16.493578240951805,16.019316157965253],[-16.493018891124,16.019600511844292],[-16.492721329060505,16.019411628718377],[-16.49252474390606,16.019526374199728],[-16.492423279596906,16.019157108445732],[-16.492118972573,16.01889069663636],[-16.49199806366366,16.01922570488898],[-16.491647414892647,16.01936538965688],[-16.491133297049977,16.01909446718763],[-16.4915467936533,16.01905746860742],[-16.491895247101386,16.01862241888235],[-16.492513449442306,16.018785204747577]]]}},{"type":"Feature","properties":{"hauteur":"Faibble / Inferieure à 0.5m","Hauteur_Vu":"Faibble / Inferieure à 0.5m","indice":1},"geometry":{"type":"Polygon","coordinates":[[[-16.494117485182525,16.019750253511802],[-16.494376674160275,16.019342674258507],[-16.4945167368686,16.01992350825981],[-16.494154926691788,16.020221407594622],[-16.494117485182525,16.019750253511802]]]}},{"type":"Feature","properties":{"hauteur":"Faibble / Inferieure à 0.5m","Hauteur_Vu":"Faibble / Inferieure à 0.5m","indice":1},"geometry":{"type":"Polygon","coordinates":[[[-16.49505606893302,16.01985112822285],[-16.49506203498259,16.019409508437374],[-16.495368697823405,16.019577439279615],[-16.49544888514039,16.01998862235202],[-16.49505606893302,16.01985112822285]]]}},{"type":"Feature","properties":{"hauteur":"Faibble / Inferieure à 0.5m","Hauteur_Vu":"Faibble / Inferieure à 0.5m","indice":1},"geometry":{"type":"Polygon","coordinates":[[[-16.495132849603863,16.02146175695148],[-16.495408484879892,16.021191309168334],[-16.49487132335029,16.02114134613965],[-16.49461424082513,16.02141763134472],[-16.494132161686906,16.021307610113556],[-16.49451818592361,16.020946885687046],[-16.49431551738757,16.02065888417499],[-16.493873433337814,16.020948391170116],[-16.493320359837366,16.02041816915293],[-16.49375645164691,16.0201525741253],[-16.494395101067273,16.02057478817872],[-16.49482055970412,16.02012427963482],[-16.49584557012891,16.02064524133878],[-16.495838983505923,16.021003323501755],[-16.49554420038813,16.02160210513803],[-16.495132849603863,16.02146175695148]]]}},{"type":"Feature","properties":{"hauteur":"Faibble / Inferieure à 0.5m","Hauteur_Vu":"Faibble / Inferieure à 0.5m","indice":1},"geometry":{"type":"Polygon","coordinates":[[[-16.492379461657947,16.02125118223383],[-16.49260818480088,16.020894538470003],[-16.492832933318386,16.021248028223365],[-16.492379461657947,16.02125118223383]]]}},{"type":"Feature","properties":{"hauteur":"Faibble / Inferieure à 0.5m","Hauteur_Vu":"Faibble / Inferieure à 0.5m","indice":1},"geometry":{"type":"Polygon","coordinates":[[[-16.493549770618966,16.021398189658196],[-16.493522074437244,16.02182205899974],[-16.494337185102857,16.021911860870507],[-16.494577695308152,16.022309993224827],[-16.494336701666796,16.02267567525987],[-16.494209889214595,16.022631803775464],[-16.494250456361716,16.022279452141554],[-16.493752952388988,16.02258426322593],[-16.493672522748273,16.022140261094563],[-16.493195990266216,16.02153193166251],[-16.493549770618966,16.021398189658196]]]}},{"type":"Feature","properties":{"hauteur":"Faibble / Inferieure à 0.5m","Hauteur_Vu":"Faibble / Inferieure à 0.5m","indice":1},"geometry":{"type":"Polygon","coordinates":[[[-16.498049135477988,16.021590600673697],[-16.497966836783604,16.021310713681014],[-16.49843823736282,16.021229848220536],[-16.498373756196127,16.021683810561868],[-16.498049135477988,16.021590600673697]]]}},{"type":"Feature","properties":{"hauteur":"Faibble / Inferieure à 0.5m","Hauteur_Vu":"Faibble / Inferieure à 0.5m","indice":1},"geometry":{"type":"Polygon","coordinates":[[[-16.497378599073794,16.02185784022213],[-16.497338251288195,16.021825301786787],[-16.49764475443706,16.02155761958234],[-16.4978569724477,16.021884338052814],[-16.497378599073794,16.02185784022213]]]}},{"type":"Feature","properties":{"hauteur":"Faibble / Inferieure à 0.5m","Hauteur_Vu":"Faibble / Inferieure à 0.5m","indice":1},"geometry":{"type":"Polygon","coordinates":[[[-16.49993759228649,16.01854613376266],[-16.49998486991428,16.018222359087854],[-16.500034232480488,16.018267980681294],[-16.500174875824808,16.018511655463012],[-16.49993759228649,16.01854613376266]]]}},{"type":"Feature","properties":{"hauteur":"Faibble / Inferieure à 0.5m","Hauteur_Vu":"Faibble / Inferieure à 0.5m","indice":1},"geometry":{"type":"Polygon","coordinates":[[[-16.49968225315267,16.018493000549565],[-16.49972128739074,16.019020830577336],[-16.500135737847877,16.019466690910004],[-16.49979468612041,16.019761004137507],[-16.499305854748474,16.019572721287915],[-16.499078458997996,16.019640509051573],[-16.499445651524958,16.01805083834729],[-16.49959774658304,16.01796921771469],[-16.499878901099034,16.018122868252796],[-16.49968225315267,16.018493000549565]]]}},{"type":"Feature","properties":{"hauteur":"Faibble / Inferieure à 0.5m","Hauteur_Vu":"Faibble / Inferieure à 0.5m","indice":1},"geometry":{"type":"Polygon","coordinates":[[[-16.499853960612775,16.019849352931676],[-16.49979468612041,16.019761004137507],[-16.500058994537795,16.01983374770841],[-16.499853960612775,16.019849352931676]]]}},{"type":"Feature","properties":{"hauteur":"Faibble / Inferieure à 0.5m","Hauteur_Vu":"Faibble / Inferieure à 0.5m","indice":1},"geometry":{"type":"Polygon","coordinates":[[[-16.499821777480527,16.020083792877635],[-16.499748405069596,16.020173068648422],[-16.499470926899697,16.019989276467175],[-16.49979468612041,16.019761004137507],[-16.499821777480527,16.020083792877635]]]}},{"type":"Feature","properties":{"hauteur":"Faibble / Inferieure à 0.5m","Hauteur_Vu":"Faibble / Inferieure à 0.5m","indice":1},"geometry":{"type":"Polygon","coordinates":[[[-16.498854753071985,16.02071897619085],[-16.498666953565756,16.021073941380607],[-16.498718471570694,16.02136299390547],[-16.49843823736282,16.021229848220536],[-16.499078458997996,16.019640509051573],[-16.499216618178345,16.01960318097971],[-16.499582649691497,16.020284621261037],[-16.49933872633683,16.020256489197756],[-16.499166253451836,16.02070784949593],[-16.498854753071985,16.02071897619085]]]}},{"type":"Feature","properties":{"hauteur":"Faibble / Inferieure à 0.5m","Hauteur_Vu":"Faibble / Inferieure à 0.5m","indice":1},"geometry":{"type":"Polygon","coordinates":[[[-16.49862865356514,16.021632054802033],[-16.498445072252647,16.021628861311438],[-16.498442482903375,16.02190188173625],[-16.498615200691418,16.021896200179576],[-16.49844440395749,16.021952590068366],[-16.49846181047196,16.02221801177699],[-16.498619115429584,16.022213929638113],[-16.49848030291968,16.022628877947902],[-16.49863781714937,16.022756074104283],[-16.49802136840786,16.023243726912128],[-16.49843823736282,16.021229848220536],[-16.49862865356514,16.021632054802033]]]}},{"type":"Feature","properties":{"hauteur":"Faibble / Inferieure à 0.5m","Hauteur_Vu":"Faibble / Inferieure à 0.5m","indice":1},"geometry":{"type":"Polygon","coordinates":[[[-16.498137020094738,16.024087452775504],[-16.497855441561285,16.0237461354744],[-16.49802136840786,16.023243726912128],[-16.49870210374268,16.022895855805068],[-16.498969532014637,16.024005390431892],[-16.498137020094738,16.024087452775504]]]}},{"type":"Feature","properties":{"hauteur":"Faibble / Inferieure à 0.5m","Hauteur_Vu":"Faibble / Inferieure à 0.5m","indice":1},"geometry":{"type":"Polygon","coordinates":[[[-16.49735598157556,16.023788408699584],[-16.49746132542061,16.023435604868617],[-16.49732558225834,16.02302182714098],[-16.497766227638486,16.02295311197145],[-16.49802136840786,16.023243726912128],[-16.497855174364577,16.023710333751367],[-16.49735598157556,16.023788408699584]]]}},{"type":"Feature","properties":{"hauteur":"Faibble / Inferieure à 0.5m","Hauteur_Vu":"Faibble / Inferieure à 0.5m","indice":1},"geometry":{"type":"Polygon","coordinates":[[[-16.4970582801311,16.023788994151435],[-16.496917684709697,16.023758646888027],[-16.49711963946693,16.02353644903125],[-16.49735598157556,16.023788408699584],[-16.4970582801311,16.023788994151435]]]}},{"type":"Feature","properties":{"hauteur":"Faibble / Inferieure à 0.5m","Hauteur_Vu":"Faibble / Inferieure à 0.5m","indice":1},"geometry":{"type":"Polygon","coordinates":[[[-16.499045485483833,16.024261452062603],[-16.499076006384136,16.024423846705133],[-16.4989213946623,16.02437569695704],[-16.49882529045846,16.02451958260091],[-16.499026810137483,16.024712410758465],[-16.498880762497457,16.024818626489495],[-16.498986277344585,16.02511145457673],[-16.498439899484442,16.02513729214918],[-16.4972281270693,16.024546137459357],[-16.496853416012378,16.02461975885834],[-16.496387868621277,16.02418118499986],[-16.496921830724034,16.024107703070104],[-16.49733487715414,16.023854195897872],[-16.497691040346577,16.024039679031556],[-16.497855441561285,16.0237461354744],[-16.498481532394845,16.024430877057593],[-16.498754459712295,16.02412325443508],[-16.499045485483833,16.024261452062603]]]}},{"type":"Feature","properties":{"hauteur":"Faibble / Inferieure à 0.5m","Hauteur_Vu":"Faibble / Inferieure à 0.5m","indice":1},"geometry":{"type":"Polygon","coordinates":[[[-16.498361288184196,16.02598992411966],[-16.498453346641142,16.025936683460053],[-16.498601692573942,16.026077853947758],[-16.49848607022008,16.026293482979245],[-16.498215065870774,16.02635803192905],[-16.498361288184196,16.02598992411966]]]}},{"type":"Feature","properties":{"hauteur":"Faibble / Inferieure à 0.5m","Hauteur_Vu":"Faibble / Inferieure à 0.5m","indice":1},"geometry":{"type":"Polygon","coordinates":[[[-16.497993347647025,16.026205923135095],[-16.49744740759864,16.026221668884123],[-16.497642136315246,16.02582137291942],[-16.498114015507124,16.026252818664997],[-16.497993347647025,16.026205923135095]]]}},{"type":"Feature","properties":{"hauteur":"Faibble / Inferieure à 0.5m","Hauteur_Vu":"Faibble / Inferieure à 0.5m","indice":1},"geometry":{"type":"Polygon","coordinates":[[[-16.49744740759864,16.026221668884123],[-16.497370170645183,16.027033755914854],[-16.496946009223656,16.027245570296795],[-16.49697010099045,16.026753102819097],[-16.496756565493104,16.026250358745102],[-16.497105583463533,16.02630461254024],[-16.497039990115418,16.025782934530493],[-16.49744740759864,16.026221668884123]]]}},{"type":"Feature","properties":{"hauteur":"Faibble / Inferieure à 0.5m","Hauteur_Vu":"Faibble / Inferieure à 0.5m","indice":1},"geometry":{"type":"Polygon","coordinates":[[[-16.495779960612687,16.024984649833158],[-16.495612992620597,16.024520366773576],[-16.4953919700481,16.02466810542116],[-16.494551721040267,16.024104085469332],[-16.49464154176481,16.024565923379132],[-16.494014020342586,16.023917643803998],[-16.494281038492925,16.023258311849094],[-16.494773933342838,16.022976960876694],[-16.494827105578928,16.022660325043702],[-16.49466131963754,16.02235416532343],[-16.495064835624248,16.02227079617813],[-16.49487206375585,16.022069251891857],[-16.494947762899884,16.021877771832344],[-16.49521328201818,16.021905758311004],[-16.495426074639912,16.022310049979023],[-16.495618419623412,16.022040182295143],[-16.495650162705864,16.022574031771505],[-16.496045202301563,16.022595147076235],[-16.496183887424518,16.022576278337727],[-16.496047725059114,16.02210581337935],[-16.496350033589152,16.021688980377043],[-16.497289249877056,16.02187338182635],[-16.49713839861806,16.02274267167625],[-16.4966913389173,16.02277861030308],[-16.49695340429826,16.023170621899947],[-16.496767675008684,16.023500117225673],[-16.496921830724034,16.024107703070104],[-16.496387868621277,16.02418118499986],[-16.496498124224026,16.024653795862726],[-16.496226471538478,16.025055433375222],[-16.495779960612687,16.024984649833158]]]}},{"type":"Feature","properties":{"hauteur":"Faibble / Inferieure à 0.5m","Hauteur_Vu":"Faibble / Inferieure à 0.5m","indice":1},"geometry":{"type":"Polygon","coordinates":[[[-16.496464218607205,16.026762599403114],[-16.49624877144231,16.026405067788794],[-16.495758891101893,16.026350626231565],[-16.495008231650218,16.026682122617455],[-16.49476847023149,16.02638542975429],[-16.494081910889975,16.026575197572466],[-16.494431360687187,16.026169599883666],[-16.493655468480515,16.025548439389087],[-16.49471603135316,16.02545452789799],[-16.49464154176481,16.024565923379132],[-16.49494603890312,16.02485619830389],[-16.496226471538478,16.025055433375222],[-16.496030633454378,16.02559592605266],[-16.496375612578806,16.02554618228913],[-16.4963181051318,16.025856910122453],[-16.497039990115418,16.025782934530493],[-16.496464218607205,16.026762599403114]]]}},{"type":"Feature","properties":{"hauteur":"Faibble / Inferieure à 0.5m","Hauteur_Vu":"Faibble / Inferieure à 0.5m","indice":1},"geometry":{"type":"Polygon","coordinates":[[[-16.493655468480515,16.025548439389087],[-16.49317767093566,16.02528957806242],[-16.493596009820994,16.025020749590844],[-16.493240402959785,16.024909846572296],[-16.493284034615346,16.024554490057447],[-16.49246658752541,16.023633384971156],[-16.492807763404432,16.023567236374696],[-16.493166807668718,16.023725854612493],[-16.493649467211608,16.023187678338623],[-16.493809701129113,16.022747968236533],[-16.4940309471906,16.02304479163079],[-16.494298331024865,16.02290866612922],[-16.49443948245203,16.023220964965905],[-16.494281038492925,16.023258311849094],[-16.494014020342586,16.023917643803998],[-16.49464154176481,16.024565923379132],[-16.494666980149997,16.02508191516145],[-16.494262572796863,16.025460670174247],[-16.493655468480515,16.025548439389087]]]}},{"type":"Feature","properties":{"hauteur":"Faibble / Inferieure à 0.5m","Hauteur_Vu":"Faibble / Inferieure à 0.5m","indice":1},"geometry":{"type":"Polygon","coordinates":[[[-16.49270019124934,16.02445114166211],[-16.49301702491085,16.02432660808821],[-16.492973326204666,16.024673014141946],[-16.4932036505886,16.024945906001296],[-16.49317767093566,16.02528957806242],[-16.49251925589468,16.024700415276467],[-16.492230759978387,16.02386476533937],[-16.49246658752541,16.023633384971156],[-16.49268139388052,16.023997759422894],[-16.49270019124934,16.02445114166211]]]}},{"type":"Feature","properties":{"hauteur":"Faibble / Inferieure à 0.5m","Hauteur_Vu":"Faibble / Inferieure à 0.5m","indice":1},"geometry":{"type":"Polygon","coordinates":[[[-16.492854178239288,16.02617796953852],[-16.492555030448134,16.025777259776874],[-16.492712938029356,16.025439010117132],[-16.492219708059288,16.025490179350978],[-16.49218677123142,16.026039397892884],[-16.49172148554527,16.025284789224724],[-16.492108896851057,16.025109044282605],[-16.492454760770862,16.025154376929457],[-16.492756015739815,16.025423792215893],[-16.49317767093566,16.02528957806242],[-16.493299129075716,16.02575380718683],[-16.492959877792533,16.02576810273566],[-16.493236610468767,16.02605857331074],[-16.49353815323697,16.02553732153614],[-16.493670384125657,16.02589443740512],[-16.493509637277818,16.0262655274286],[-16.49381808453759,16.026257412706254],[-16.493992248261357,16.026548969257174],[-16.492854178239288,16.02617796953852]]]}},{"type":"Feature","properties":{"hauteur":"Faibble / Inferieure à 0.5m","Hauteur_Vu":"Faibble / Inferieure à 0.5m","indice":1},"geometry":{"type":"GeometryCollection","geometries":[{"type":"LineString","coordinates":[[-16.491819117856267,16.02368562571671],[-16.491640106125953,16.02367493566779]]},{"type":"Polygon","coordinates":[[[-16.491580736721435,16.023988630535413],[-16.492354781117616,16.024259234917164],[-16.491936405803106,16.024523212829664],[-16.491299476804247,16.024333704120682],[-16.491115096401963,16.024015736065326],[-16.491285721779512,16.02372812082453],[-16.491819117856267,16.02368562571671],[-16.491819383976033,16.023721427538817],[-16.49173069858479,16.023826471489993],[-16.491580736721435,16.023988630535413]]]}]}},{"type":"Feature","properties":{"hauteur":"Faibble / Inferieure à 0.5m","Hauteur_Vu":"Faibble / Inferieure à 0.5m","indice":1},"geometry":{"type":"Polygon","coordinates":[[[-16.489623113262216,16.02598371066157],[-16.48941756203349,16.025401301095197],[-16.489812821240484,16.02516449623414],[-16.48954300650996,16.024716657570217],[-16.489972163063747,16.024650560334297],[-16.489486613228774,16.024446169878946],[-16.489869061298844,16.023949094403196],[-16.490072034589403,16.02418437546038],[-16.490340980149284,16.023782763652697],[-16.48998170312862,16.02373792066873],[-16.489798219106255,16.02319743634546],[-16.489914932414,16.022802141746144],[-16.489705741879398,16.02246170774126],[-16.490086613313373,16.022485362265932],[-16.49048192476938,16.022256445939668],[-16.49047753859461,16.02259883375767],[-16.49084572336426,16.022742474481788],[-16.491366530559937,16.023393391512638],[-16.490527771487393,16.023858700198726],[-16.49065872806368,16.02446048585715],[-16.490164297669125,16.024765268046536],[-16.489599725708423,16.02559565709314],[-16.49014341806783,16.02610805144108],[-16.489492250059676,16.026207400067648],[-16.489623113262216,16.02598371066157]]]}},{"type":"Feature","properties":{"hauteur":"Faibble / Inferieure à 0.5m","Hauteur_Vu":"Faibble / Inferieure à 0.5m","indice":1},"geometry":{"type":"Polygon","coordinates":[[[-16.490177582059992,16.022102080866755],[-16.4902174368392,16.021610013761315],[-16.490533448266135,16.020955605185026],[-16.490319484573515,16.02070462123878],[-16.490310844541494,16.020273378444926],[-16.490491148832135,16.02001965638691],[-16.49025249984397,16.019739914856878],[-16.490599609576975,16.019245713983693],[-16.49063884093933,16.018852929673333],[-16.491133297049977,16.01909446718763],[-16.491485755760447,16.020028881389244],[-16.49114633644121,16.02001930537065],[-16.491612740023044,16.020511348626048],[-16.491790279718472,16.02115458086128],[-16.491545620659743,16.02144271091663],[-16.491921077471634,16.02256493317904],[-16.492219377507336,16.022437546173386],[-16.492185331375165,16.02283759057875],[-16.492524045428834,16.022751693039694],[-16.492225014888596,16.022365899630035],[-16.492166382286943,16.02194859783777],[-16.492730621053187,16.02232061215396],[-16.492924678314694,16.022695200592636],[-16.493239556278343,16.02272284604131],[-16.49319326150643,16.02313491023103],[-16.492798753235544,16.0231853933554],[-16.492807763404432,16.023567236374696],[-16.491901988229923,16.023628360395907],[-16.491366530559937,16.023393391512638],[-16.49084572336426,16.022742474481788],[-16.490966103954726,16.02233586296085],[-16.49047753859461,16.02259883375767],[-16.49048192476938,16.022256445939668],[-16.490177582059992,16.022102080866755]],[[-16.491520671739057,16.021340600337798],[-16.49143299944004,16.02088623803584],[-16.491189508235223,16.021419168669762],[-16.491520671739057,16.021340600337798]],[[-16.490948805592588,16.020863303520972],[-16.490623178384876,16.0209549819478],[-16.490634523442427,16.02101802061723],[-16.4909212784897,16.021184341869535],[-16.490948805592588,16.020863303520972]]]}},{"type":"Feature","properties":{"hauteur":"Faibble / Inferieure à 0.5m","Hauteur_Vu":"Faibble / Inferieure à 0.5m","indice":1},"geometry":{"type":"Polygon","coordinates":[[[-16.510554699209678,15.991924108483838],[-16.51082011733749,15.99251133633847],[-16.510313382224112,15.992735807523283],[-16.510465228059132,15.993405360069861],[-16.509948561326834,15.993891655726713],[-16.509825940149646,15.993342575934228],[-16.510205849385695,15.99281064149524],[-16.510487214619047,15.991563250850215],[-16.51100520206153,15.99157590029539],[-16.510554699209678,15.991924108483838]]]}},{"type":"Feature","properties":{"hauteur":"Faibble / Inferieure à 0.5m","Hauteur_Vu":"Faibble / Inferieure à 0.5m","indice":1},"geometry":{"type":"Polygon","coordinates":[[[-16.511599693700845,15.9941892247371],[-16.51207635662327,15.993580999630817],[-16.512251569981803,15.994103112750555],[-16.51193257210231,15.994707599290294],[-16.511599693700845,15.9941892247371]]]}},{"type":"Feature","properties":{"hauteur":"Faibble / Inferieure à 0.5m","Hauteur_Vu":"Faibble / Inferieure à 0.5m","indice":1},"geometry":{"type":"Polygon","coordinates":[[[-16.509562239608623,15.995717894117098],[-16.509274938483372,15.99554836221459],[-16.51009048238993,15.995007402548755],[-16.51018451063956,15.995634430604355],[-16.50973009770709,15.996075693690157],[-16.509562239608623,15.995717894117098]]]}},{"type":"Feature","properties":{"hauteur":"Faibble / Inferieure à 0.5m","Hauteur_Vu":"Faibble / Inferieure à 0.5m","indice":1},"geometry":{"type":"Polygon","coordinates":[[[-16.510288718360204,15.996114966368921],[-16.51013847121235,15.996744563599563],[-16.510573576633906,15.997117578298184],[-16.5100703806441,15.997761028460964],[-16.50994690396601,15.997249069520446],[-16.510075915565576,15.9966879984844],[-16.50973009770709,15.996075693690157],[-16.510288718360204,15.996114966368921]]]}},{"type":"Feature","properties":{"hauteur":"Faibble / Inferieure à 0.5m","Hauteur_Vu":"Faibble / Inferieure à 0.5m","indice":1},"geometry":{"type":"Polygon","coordinates":[[[-16.509416186890864,16.001124444182743],[-16.510033941621053,16.001379146217968],[-16.509616563285043,16.001911044789523],[-16.509298692733896,16.001581913359143],[-16.50935796690664,16.001147566744947],[-16.508962304357752,16.000732688215418],[-16.509514470411236,16.000400074395976],[-16.509416186890864,16.001124444182743]]]}},{"type":"Feature","properties":{"hauteur":"Faibble / Inferieure à 0.5m","Hauteur_Vu":"Faibble / Inferieure à 0.5m","indice":1},"geometry":{"type":"Polygon","coordinates":[[[-16.508990142321945,16.00249401934046],[-16.509616563285043,16.001911044789523],[-16.509373937312677,16.002912103843936],[-16.508990142321945,16.00249401934046]]]}},{"type":"Feature","properties":{"hauteur":"Faibble / Inferieure à 0.5m","Hauteur_Vu":"Faibble / Inferieure à 0.5m","indice":1},"geometry":{"type":"Polygon","coordinates":[[[-16.508702968047373,16.004805071030994],[-16.50885178808624,16.00434642662288],[-16.508734003201617,16.003868615809857],[-16.509404497039945,16.004084815318656],[-16.50936577890224,16.004767212297292],[-16.508702968047373,16.004805071030994]]]}},{"type":"Feature","properties":{"hauteur":"Faibble / Inferieure à 0.5m","Hauteur_Vu":"Faibble / Inferieure à 0.5m","indice":1},"geometry":{"type":"Polygon","coordinates":[[[-16.509243306524926,16.00601858037917],[-16.50936150101215,16.005645621950674],[-16.509789762866365,16.006154092557065],[-16.509329064079264,16.006756973695623],[-16.509243306524926,16.00601858037917]]]}},{"type":"Feature","properties":{"hauteur":"Faibble / Inferieure à 0.5m","Hauteur_Vu":"Faibble / Inferieure à 0.5m","indice":1},"geometry":{"type":"Polygon","coordinates":[[[-16.50978029163531,16.008150236647815],[-16.509463898031544,16.008711833751065],[-16.509227187847138,16.00832953519288],[-16.509339056673436,16.00790616040313],[-16.50978029163531,16.008150236647815]]]}},{"type":"Feature","properties":{"hauteur":"Faibble / Inferieure à 0.5m","Hauteur_Vu":"Faibble / Inferieure à 0.5m","indice":1},"geometry":{"type":"Polygon","coordinates":[[[-16.508868484253533,16.0090815711858],[-16.509463898031544,16.008711833751065],[-16.509436538485854,16.00908231495334],[-16.509358571746958,16.00925958871456],[-16.508868484253533,16.0090815711858]]]}},{"type":"Feature","properties":{"hauteur":"Faibble / Inferieure à 0.5m","Hauteur_Vu":"Faibble / Inferieure à 0.5m","indice":1},"geometry":{"type":"Polygon","coordinates":[[[-16.50913885610599,16.011591862341177],[-16.50870459252227,16.011408095720828],[-16.50916186554553,16.011216285558664],[-16.50941733463904,16.01174243775639],[-16.50913885610599,16.011591862341177]]]}},{"type":"Feature","properties":{"hauteur":"Faibble / Inferieure à 0.5m","Hauteur_Vu":"Faibble / Inferieure à 0.5m","indice":1},"geometry":{"type":"Polygon","coordinates":[[[-16.509226560429063,16.012258053422695],[-16.509636676500303,16.01255760610366],[-16.50964262833988,16.01262594105809],[-16.50887674323905,16.01289582275848],[-16.509226560429063,16.012258053422695]]]}},{"type":"Feature","properties":{"hauteur":"Faibble / Inferieure à 0.5m","Hauteur_Vu":"Faibble / Inferieure à 0.5m","indice":1},"geometry":{"type":"Polygon","coordinates":[[[-16.50900724997837,16.0169059305299],[-16.509220285922048,16.01739293232928],[-16.508827290672475,16.0173291572523],[-16.508975911380777,16.01693111090938],[-16.5086590922626,16.016643926584965],[-16.508932768169288,16.016552273400368],[-16.50900724997837,16.0169059305299]]]}},{"type":"Feature","properties":{"hauteur":"Faibble / Inferieure à 0.5m","Hauteur_Vu":"Faibble / Inferieure à 0.5m","indice":1},"geometry":{"type":"Polygon","coordinates":[[[-16.50948059226286,16.017747450115877],[-16.509460835327147,16.01945963824865],[-16.50849995951503,16.019001429795306],[-16.508785541591593,16.018286725853077],[-16.50867371723259,16.017879880991522],[-16.509220285922048,16.01739293232928],[-16.50948059226286,16.017747450115877]]]}},{"type":"Feature","properties":{"hauteur":"Faibble / Inferieure à 0.5m","Hauteur_Vu":"Faibble / Inferieure à 0.5m","indice":1},"geometry":{"type":"Polygon","coordinates":[[[-16.50908083586985,16.020365015422275],[-16.508685350614737,16.020875228548984],[-16.50816554613147,16.020455472025727],[-16.50855269271245,16.02022921151661],[-16.508447708461624,16.02000903981394],[-16.50900387019866,16.019839447852792],[-16.508544835655787,16.019545498849244],[-16.509021313374433,16.019266012215056],[-16.50908083586985,16.020365015422275]]]}},{"type":"Feature","properties":{"hauteur":"Faibble / Inferieure à 0.5m","Hauteur_Vu":"Faibble / Inferieure à 0.5m","indice":1},"geometry":{"type":"Polygon","coordinates":[[[-16.50953620542831,16.02197918616526],[-16.50953316510591,16.02211727599043],[-16.509013928245245,16.022135392253098],[-16.50911311005402,16.0226685594736],[-16.509512252941008,16.022229192783918],[-16.509525779490136,16.022581500873386],[-16.509475155352106,16.023081533220566],[-16.50914506181008,16.02275906545856],[-16.508647802105582,16.0231688778829],[-16.508610938235428,16.02405277526621],[-16.508200541544788,16.02371903623474],[-16.507704196464754,16.023835475563764],[-16.50770804714385,16.023262135417923],[-16.50748324365551,16.02301913632019],[-16.50801086024594,16.02266828532038],[-16.507766147311955,16.021946788818582],[-16.50825105362179,16.022064355532905],[-16.508100572496048,16.02085566989141],[-16.508729842326993,16.020878994134915],[-16.50953620542831,16.02197918616526]]]}},{"type":"Feature","properties":{"hauteur":"Moyen /Entre 0.5 et 1m","Hauteur_Vu":"Moyen /Entre 0.5 et 1m","indice":2},"geometry":{"type":"Polygon","coordinates":[[[-16.509325174856585,16.021759761026654],[-16.50917277795663,16.02156293471121],[-16.509565922230305,16.021591728021935],[-16.50953620542831,16.02197918616526],[-16.509325174856585,16.021759761026654]]]}},{"type":"Feature","properties":{"hauteur":"Faibble / Inferieure à 0.5m","Hauteur_Vu":"Faibble / Inferieure à 0.5m","indice":1},"geometry":{"type":"Polygon","coordinates":[[[-16.508200541544788,16.02371903623474],[-16.5082667759617,16.02439116141971],[-16.50807826367301,16.024997357942173],[-16.50852186584903,16.02540712989792],[-16.508286891090954,16.025982094747604],[-16.508662517377942,16.026392344057296],[-16.508327003747144,16.02661561268809],[-16.507965111686918,16.02622367537231],[-16.5071181081612,16.026187424318547],[-16.507197907307564,16.025940304025923],[-16.507931276995006,16.025467032867994],[-16.507624336231395,16.024788051979286],[-16.507704196464754,16.023835475563764],[-16.508200541544788,16.02371903623474]]]}},{"type":"Feature","properties":{"hauteur":"Faibble / Inferieure à 0.5m","Hauteur_Vu":"Faibble / Inferieure à 0.5m","indice":1},"geometry":{"type":"Polygon","coordinates":[[[-16.5071181081612,16.026187424318547],[-16.507965111686918,16.02622367537231],[-16.508327003747144,16.02661561268809],[-16.508556636069258,16.027257166883864],[-16.509220862005908,16.027352430258148],[-16.508740213431462,16.027802889808537],[-16.50911619106018,16.02862076591494],[-16.508604590589812,16.02857176698122],[-16.50900538771193,16.029073883729616],[-16.508694313299277,16.029654644167966],[-16.508980392514335,16.03008919087642],[-16.508535037684293,16.030171219734683],[-16.508605084206344,16.030807156605114],[-16.50804744634556,16.03129023913969],[-16.50727977475606,16.031001089366665],[-16.507237086057216,16.030567459916938],[-16.50765743609293,16.03041460278362],[-16.507459226272413,16.02955010945383],[-16.507658011856424,16.029948453376274],[-16.508398246720578,16.029301559747054],[-16.507645617165007,16.02902282440295],[-16.507441670953412,16.028661334887712],[-16.50783271867182,16.028590209758242],[-16.50721112643649,16.02837892827247],[-16.5071181081612,16.026187424318547]]]}},{"type":"Feature","properties":{"hauteur":"Faibble / Inferieure à 0.5m","Hauteur_Vu":"Faibble / Inferieure à 0.5m","indice":1},"geometry":{"type":"Polygon","coordinates":[[[-16.508745522428228,16.031853515980817],[-16.508554010557972,16.032422915838353],[-16.508994626447613,16.03315618057789],[-16.508542283714863,16.033033129000138],[-16.508666004861293,16.03357401259877],[-16.507196979271992,16.033915572749017],[-16.50747165777036,16.03283276362586],[-16.508054948584657,16.032649831391105],[-16.507679547744598,16.032271138972924],[-16.507459930980144,16.032719761441808],[-16.507105087059326,16.032543423835385],[-16.507282849046852,16.031953082579015],[-16.507366275434403,16.031836781753366],[-16.50817705787803,16.031891568980054],[-16.50756719311051,16.03143299871524],[-16.50804744634556,16.03129023913969],[-16.508605084206344,16.030807156605114],[-16.508745522428228,16.031853515980817]]]}},{"type":"Feature","properties":{"hauteur":"Faibble / Inferieure à 0.5m","Hauteur_Vu":"Faibble / Inferieure à 0.5m","indice":1},"geometry":{"type":"Polygon","coordinates":[[[-16.50719754858396,16.03471505063407],[-16.507196979271992,16.033915572749017],[-16.5080464919376,16.03364148692061],[-16.508627064356098,16.03445266419596],[-16.50719754858396,16.03471505063407]]]}},{"type":"Feature","properties":{"hauteur":"Faibble / Inferieure à 0.5m","Hauteur_Vu":"Faibble / Inferieure à 0.5m","indice":1},"geometry":{"type":"Polygon","coordinates":[[[-16.507562193035852,16.03583281374147],[-16.507690563204708,16.03554525492814],[-16.50746438066375,16.035120805529704],[-16.508115939522117,16.034514116627825],[-16.50849579417404,16.034896721291656],[-16.509027760113455,16.034758854921076],[-16.509038569413473,16.03511118178142],[-16.508494869711708,16.034954585004257],[-16.508012334005596,16.035156534409854],[-16.507737311797133,16.035470108383127],[-16.508234724059815,16.03594379875423],[-16.507562193035852,16.03583281374147]]]}},{"type":"Feature","properties":{"hauteur":"Faibble / Inferieure à 0.5m","Hauteur_Vu":"Faibble / Inferieure à 0.5m","indice":1},"geometry":{"type":"Polygon","coordinates":[[[-16.508214418130514,16.036534810397416],[-16.508235396621426,16.03697385162489],[-16.508076664448456,16.03738259845705],[-16.50785501203204,16.037741820133668],[-16.50721992121948,16.03790933783421],[-16.507310714090877,16.037288901983782],[-16.50748586687686,16.037074650806275],[-16.5081621151387,16.037136956925487],[-16.507642375109608,16.0367316668037],[-16.508214418130514,16.036534810397416]]]}},{"type":"Feature","properties":{"hauteur":"Faibble / Inferieure à 0.5m","Hauteur_Vu":"Faibble / Inferieure à 0.5m","indice":1},"geometry":{"type":"Polygon","coordinates":[[[-16.5075961973914,16.038764688484417],[-16.507020202495113,16.03992062276578],[-16.507825638537245,16.039983335925513],[-16.508322456030605,16.04023230869152],[-16.508590149559037,16.04075113965841],[-16.508102873238663,16.04068619158794],[-16.508628776221368,16.04118611157911],[-16.508951457943688,16.04106155136687],[-16.50895034195025,16.041274578794525],[-16.50812852080174,16.041384242205197],[-16.508650568474703,16.04173297148167],[-16.508954581779665,16.041657195206678],[-16.508886669646287,16.042028485095802],[-16.508681371991454,16.04185109889478],[-16.50859787542674,16.042319803660728],[-16.508159829514383,16.04193103529856],[-16.507257051776275,16.042305567405162],[-16.50697186366114,16.04271520291274],[-16.50639735240949,16.042405166593564],[-16.506983737873146,16.041906628645627],[-16.506565375428767,16.041241581576212],[-16.505743776176548,16.041200016581232],[-16.5060451033396,16.04076660037381],[-16.506058569638814,16.039699896503667],[-16.506765332011373,16.03893621157621],[-16.507312337997597,16.037903428386233],[-16.5075961973914,16.038764688484417]]]}},{"type":"Feature","properties":{"hauteur":"Faibble / Inferieure à 0.5m","Hauteur_Vu":"Faibble / Inferieure à 0.5m","indice":1},"geometry":{"type":"Polygon","coordinates":[[[-16.50639735240949,16.042405166593564],[-16.506398673600128,16.042979589505716],[-16.505552633422795,16.042906832788937],[-16.505293526706676,16.04244447973547],[-16.50639735240949,16.042405166593564]]]}},{"type":"Feature","properties":{"hauteur":"Faibble / Inferieure à 0.5m","Hauteur_Vu":"Faibble / Inferieure à 0.5m","indice":1},"geometry":{"type":"Polygon","coordinates":[[[-16.506113134651923,16.04370481136098],[-16.50555487741502,16.043966461174097],[-16.505913417508207,16.04459530716397],[-16.50533859784133,16.04446259185615],[-16.50533058522145,16.04375784181757],[-16.506113134651923,16.04370481136098]]]}},{"type":"Feature","properties":{"hauteur":"Faibble / Inferieure à 0.5m","Hauteur_Vu":"Faibble / Inferieure à 0.5m","indice":1},"geometry":{"type":"Polygon","coordinates":[[[-16.505897278963424,16.044619089422053],[-16.506123564728984,16.04581652637014],[-16.50662981025469,16.045870825139428],[-16.50721951715993,16.045451158757285],[-16.508238181526313,16.046380226270085],[-16.508503758976783,16.046977967445937],[-16.507930090422533,16.047360706399203],[-16.507957545372218,16.048117915985173],[-16.50734135477789,16.04692421142163],[-16.507418822986512,16.046376653206867],[-16.505970604736184,16.04686744458938],[-16.505850329793812,16.046423841225067],[-16.505490424403117,16.04611998963777],[-16.505524218092823,16.04509771753761],[-16.50534915585667,16.04478204741257],[-16.505897278963424,16.044619089422053]]]}},{"type":"Feature","properties":{"hauteur":"Faibble / Inferieure à 0.5m","Hauteur_Vu":"Faibble / Inferieure à 0.5m","indice":1},"geometry":{"type":"Polygon","coordinates":[[[-16.50663212915282,16.046639912975373],[-16.50734135477789,16.04692421142163],[-16.507957545372218,16.048117915985173],[-16.507349092336476,16.049398865901733],[-16.506872228032062,16.048189849274333],[-16.505729890526606,16.047677493359938],[-16.506215618383546,16.047262833381055],[-16.505970604736184,16.04686744458938],[-16.50663212915282,16.046639912975373]]]}},{"type":"Feature","properties":{"hauteur":"Faibble / Inferieure à 0.5m","Hauteur_Vu":"Faibble / Inferieure à 0.5m","indice":1},"geometry":{"type":"Polygon","coordinates":[[[-16.505634164317552,16.047967452031152],[-16.50613586318035,16.047913629978552],[-16.505997160032745,16.048274897406273],[-16.505605401750746,16.04825661143643],[-16.505634164317552,16.047967452031152]]]}},{"type":"Feature","properties":{"hauteur":"Faibble / Inferieure à 0.5m","Hauteur_Vu":"Faibble / Inferieure à 0.5m","indice":1},"geometry":{"type":"Polygon","coordinates":[[[-16.505997160032745,16.048274897406273],[-16.506872228032062,16.048189849274333],[-16.507171862109885,16.048976703369195],[-16.50686606194627,16.049358870593913],[-16.50674146180374,16.048702278900933],[-16.506186506037928,16.048681196780638],[-16.505997160032745,16.048274897406273]]]}},{"type":"Feature","properties":{"hauteur":"Faibble / Inferieure à 0.5m","Hauteur_Vu":"Faibble / Inferieure à 0.5m","indice":1},"geometry":{"type":"Polygon","coordinates":[[[-16.50633629032648,16.049793894690648],[-16.506921365844153,16.049299309541194],[-16.507349092336476,16.049398865901733],[-16.507221426785826,16.04978109530265],[-16.50633629032648,16.049793894690648]]]}},{"type":"Feature","properties":{"hauteur":"Faibble / Inferieure à 0.5m","Hauteur_Vu":"Faibble / Inferieure à 0.5m","indice":1},"geometry":{"type":"Polygon","coordinates":[[[-16.50329772686016,16.037988023652346],[-16.50358148158308,16.03811226800179],[-16.503928330411256,16.037946782887232],[-16.50428854172004,16.03811256797627],[-16.504390375969614,16.037911982825282],[-16.504554007968753,16.03797395164315],[-16.50458455571169,16.038420816265898],[-16.505171690490368,16.038385136557093],[-16.50516298478944,16.038674484009142],[-16.504889357039655,16.038702344084864],[-16.503214336590528,16.03847250585874],[-16.50329772686016,16.037988023652346]]]}},{"type":"Feature","properties":{"hauteur":"Faibble / Inferieure à 0.5m","Hauteur_Vu":"Faibble / Inferieure à 0.5m","indice":1},"geometry":{"type":"Polygon","coordinates":[[[-16.50536700712809,16.038320648228062],[-16.505343791628995,16.03812620043479],[-16.50540310307799,16.03805740722133],[-16.505632638859936,16.038310610082583],[-16.50536700712809,16.038320648228062]]]}},{"type":"Feature","properties":{"hauteur":"Faibble / Inferieure à 0.5m","Hauteur_Vu":"Faibble / Inferieure à 0.5m","indice":1},"geometry":{"type":"Polygon","coordinates":[[[-16.50219979540774,16.03808513501175],[-16.502535807710174,16.03792498774911],[-16.5024014579976,16.03814157929063],[-16.50219979540774,16.03808513501175]]]}},{"type":"Feature","properties":{"hauteur":"Faibble / Inferieure à 0.5m","Hauteur_Vu":"Faibble / Inferieure à 0.5m","indice":1},"geometry":{"type":"Polygon","coordinates":[[[-16.502028681935347,16.036822974817078],[-16.502081567095114,16.036823621348294],[-16.50229611512665,16.037148223228176],[-16.50199774070896,16.037250249032837],[-16.502028681935347,16.036822974817078]]]}},{"type":"Feature","properties":{"hauteur":"Faibble / Inferieure à 0.5m","Hauteur_Vu":"Faibble / Inferieure à 0.5m","indice":1},"geometry":{"type":"Polygon","coordinates":[[[-16.50239906626837,16.035281602621325],[-16.502975945527595,16.034604311030776],[-16.50317929977951,16.034886912559223],[-16.50297283251436,16.034914658556065],[-16.502081567095114,16.036823621348294],[-16.50239906626837,16.035281602621325]]]}},{"type":"Feature","properties":{"hauteur":"Faibble / Inferieure à 0.5m","Hauteur_Vu":"Faibble / Inferieure à 0.5m","indice":1},"geometry":{"type":"Polygon","coordinates":[[[-16.50297283251436,16.034914658556065],[-16.503429621520144,16.035267804988266],[-16.50221690143445,16.036738517086988],[-16.50297283251436,16.034914658556065]]]}},{"type":"Feature","properties":{"hauteur":"Faibble / Inferieure à 0.5m","Hauteur_Vu":"Faibble / Inferieure à 0.5m","indice":1},"geometry":{"type":"Polygon","coordinates":[[[-16.503248573564626,16.03542160722243],[-16.50342881455968,16.035522908837013],[-16.5033602227844,16.035804786716618],[-16.503632229614155,16.035813398997533],[-16.50362963620725,16.037280888989503],[-16.503397156611033,16.037466610668623],[-16.503178074739182,16.03726301624525],[-16.503114585714613,16.03750015037538],[-16.502847069098273,16.037365271979706],[-16.50288103972088,16.036818019153092],[-16.502546566522327,16.03718328656508],[-16.502320274002063,16.03674305258196],[-16.503248573564626,16.03542160722243]]]}},{"type":"Feature","properties":{"hauteur":"Faibble / Inferieure à 0.5m","Hauteur_Vu":"Faibble / Inferieure à 0.5m","indice":1},"geometry":{"type":"Polygon","coordinates":[[[-16.503749629929167,16.035512769637563],[-16.50343207464781,16.03523228443204],[-16.503818605613237,16.035282171603328],[-16.503876304107557,16.035723586421785],[-16.503632229614155,16.035813398997533],[-16.503749629929167,16.035512769637563]]]}},{"type":"Feature","properties":{"hauteur":"Faibble / Inferieure à 0.5m","Hauteur_Vu":"Faibble / Inferieure à 0.5m","indice":1},"geometry":{"type":"Polygon","coordinates":[[[-16.504218709113275,16.0360538641927],[-16.50440537610998,16.036286613670473],[-16.50404901167758,16.03627070453257],[-16.50423266352971,16.03646402714822],[-16.504062120357876,16.036930711792138],[-16.50444948335305,16.037091046539253],[-16.504501153561478,16.03745360696954],[-16.504356008058135,16.037680794817113],[-16.504245420912397,16.037439622040324],[-16.503848521289225,16.037458185519974],[-16.50362963620725,16.037280888989503],[-16.503632229614155,16.035813398997533],[-16.504218709113275,16.0360538641927]]]}},{"type":"Feature","properties":{"hauteur":"Faibble / Inferieure à 0.5m","Hauteur_Vu":"Faibble / Inferieure à 0.5m","indice":1},"geometry":{"type":"Polygon","coordinates":[[[-16.504805845358675,16.0349320468793],[-16.505058066093376,16.034840860971233],[-16.50508183324935,16.03510894157614],[-16.505323788885626,16.0350993535653],[-16.505273074920147,16.035588866574386],[-16.504908060618277,16.035507272576357],[-16.50492047699604,16.035712315816365],[-16.50453802232635,16.0354809406021],[-16.50449134420646,16.035783703978918],[-16.504218709113275,16.0360538641927],[-16.503997845706998,16.035975202208775],[-16.504805845358675,16.0349320468793]]]}},{"type":"Feature","properties":{"hauteur":"Faibble / Inferieure à 0.5m","Hauteur_Vu":"Faibble / Inferieure à 0.5m","indice":1},"geometry":{"type":"Polygon","coordinates":[[[-16.504058611563185,16.03537516390115],[-16.50403283406191,16.034838849655767],[-16.50372894667218,16.034930396708972],[-16.503749123368554,16.034719864975322],[-16.504006546311796,16.03459708527266],[-16.503541846695125,16.034276868953924],[-16.503849357655543,16.03394334803297],[-16.503968273168933,16.033482285425038],[-16.504905783382686,16.03447900671752],[-16.504805845358675,16.0349320468793],[-16.50441266940087,16.03544631675376],[-16.504058611563185,16.03537516390115]]]}},{"type":"Feature","properties":{"hauteur":"Faibble / Inferieure à 0.5m","Hauteur_Vu":"Faibble / Inferieure à 0.5m","indice":1},"geometry":{"type":"Polygon","coordinates":[[[-16.502830050979,16.034005721088192],[-16.50324794911235,16.033887077429682],[-16.50325642305214,16.034292019353742],[-16.50303159123772,16.03404638668463],[-16.50287592376035,16.034320985104564],[-16.502830050979,16.034005721088192]]]}},{"type":"Feature","properties":{"hauteur":"Faibble / Inferieure à 0.5m","Hauteur_Vu":"Faibble / Inferieure à 0.5m","indice":1},"geometry":{"type":"Polygon","coordinates":[[[-16.503352952790625,16.032658187940818],[-16.503592955319746,16.032751181068548],[-16.50343332842832,16.032860125179862],[-16.503822003883887,16.03319665442435],[-16.50309730575808,16.033380566709013],[-16.502965027980153,16.03278451119704],[-16.503352952790625,16.032658187940818]]]}},{"type":"Feature","properties":{"hauteur":"Faibble / Inferieure à 0.5m","Hauteur_Vu":"Faibble / Inferieure à 0.5m","indice":1},"geometry":{"type":"Polygon","coordinates":[[[-16.505426884794204,16.033618009376596],[-16.505644345620112,16.033605963217052],[-16.505601785224986,16.033732496091655],[-16.50543348786888,16.033773125742297],[-16.505426884794204,16.033618009376596]]]}},{"type":"Feature","properties":{"hauteur":"Faibble / Inferieure à 0.5m","Hauteur_Vu":"Faibble / Inferieure à 0.5m","indice":1},"geometry":{"type":"Polygon","coordinates":[[[-16.50542728426321,16.034033527068924],[-16.505229947654115,16.03455299798656],[-16.50541939267076,16.034793616757486],[-16.505084785086424,16.03477755639876],[-16.503968273168933,16.033482285425038],[-16.503791421843175,16.03310745300422],[-16.504001984678492,16.03290084592784],[-16.503962337867318,16.032690733700292],[-16.50493707732176,16.032850893176064],[-16.5050144037485,16.03337106621692],[-16.505245875043666,16.033414149570895],[-16.505153089376766,16.033733015912023],[-16.50559776807637,16.03392187539457],[-16.50584206631745,16.033862302818513],[-16.505865103720353,16.034033082996526],[-16.50542728426321,16.034033527068924]]]}},{"type":"Feature","properties":{"hauteur":"Faibble / Inferieure à 0.5m","Hauteur_Vu":"Faibble / Inferieure à 0.5m","indice":1},"geometry":{"type":"Polygon","coordinates":[[[-16.505393400541223,16.033142236746524],[-16.505697546047656,16.033447797116356],[-16.505401957590042,16.033557697197807],[-16.505245875043666,16.033414149570895],[-16.505393400541223,16.033142236746524]]]}},{"type":"Feature","properties":{"hauteur":"Moyen /Entre 0.5 et 1m","Hauteur_Vu":"Moyen /Entre 0.5 et 1m","indice":2},"geometry":{"type":"Polygon","coordinates":[[[-16.460179828539207,16.015448552443782],[-16.46052766181664,16.014070710907095],[-16.461605772714456,16.01300118495579],[-16.463129412740546,16.01253579676365],[-16.461710941710276,16.015159158816896],[-16.46162669465874,16.015875814687416],[-16.461212057388764,16.016551456484365],[-16.460179828539207,16.015448552443782]]]}},{"type":"Feature","properties":{"hauteur":"Moyen /Entre 0.5 et 1m","Hauteur_Vu":"Moyen /Entre 0.5 et 1m","indice":2},"geometry":{"type":"Polygon","coordinates":[[[-16.460627198427613,16.01207328668972],[-16.46124837980976,16.011849208464177],[-16.460603266332143,16.012165118249893],[-16.460627198427613,16.01207328668972]]]}}]}