{"type":"FeatureCollection","name":"topo-courbes-niveau-5m.geojson","features":[{"type":"Feature","properties":{"elevation":5.0},"geometry":{"type":"LineString","coordinates":[[-16.4987667,16.0728589],[-16.4987656,16.0727225],[-16.499126833390214,16.072719939876755]]}},{"type":"Feature","properties":{"elevation":5.0},"geometry":{"type":"MultiLineString","coordinates":[[[-16.4946742,16.0727511],[-16.4948143,16.0726137]],[[-16.4948143,16.0726137],[-16.4948133,16.0724773]],[[-16.4948143,16.0726137],[-16.494816173969777,16.072869309477824]]]}},{"type":"Feature","properties":{"elevation":0.0},"geometry":{"type":"LineString","coordinates":[[-16.4984784,16.0720424],[-16.4983853,16.0721795],[-16.4984804,16.0723152],[-16.4986205,16.0721778],[-16.4984784,16.0720424]]}},{"type":"Feature","properties":{"elevation":5.0},"geometry":{"type":"LineString","coordinates":[[-16.4973487,16.0719139],[-16.4976308,16.0719119],[-16.4979151,16.0721828],[-16.4973507,16.0721867],[-16.4973487,16.0719139]]}},{"type":"Feature","properties":{"elevation":5.0},"geometry":{"type":"LineString","coordinates":[[-16.493960669,16.071664735],[-16.493960669,16.071664734]]}},{"type":"Feature","properties":{"elevation":5.0},"geometry":{"type":"LineString","coordinates":[[-16.494799,16.0705675],[-16.4950812,16.0705656]]}},{"type":"Feature","properties":{"elevation":5.0},"geometry":{"type":"LineString","coordinates":[[-16.4964899,16.0702829],[-16.4967741,16.0705537],[-16.496494,16.0708285],[-16.4962098,16.0705577],[-16.4964899,16.0702829]]}},{"type":"Feature","properties":{"elevation":5.0},"geometry":{"type":"LineString","coordinates":[[-16.4964818,16.0691916],[-16.4967639,16.0691896]]}},{"type":"Feature","properties":{"elevation":5.0},"geometry":{"type":"LineString","coordinates":[[-16.4928117,16.0689444],[-16.4928137,16.0692172]]}},{"type":"Feature","properties":{"elevation":5.0},"geometry":{"type":"LineString","coordinates":[[-16.5028314,16.0692835],[-16.5024085,16.0693319],[-16.5023265,16.0691506],[-16.5026066,16.0688758],[-16.5026382,16.0686028],[-16.5026842,16.068466],[-16.5028263,16.0686015],[-16.5028495,16.0690105]]}},{"type":"Feature","properties":{"elevation":5.0},"geometry":{"type":"LineString","coordinates":[[-16.4678433,16.0695263],[-16.4678873,16.0691168],[-16.4679803,16.0689797],[-16.4682615,16.0688414],[-16.4685457,16.0691122],[-16.4688288,16.0692467],[-16.4689709,16.0693822],[-16.4689719,16.0695186]]}},{"type":"Feature","properties":{"elevation":5.0},"geometry":{"type":"LineString","coordinates":[[-16.500569,16.0686173],[-16.5007098,16.0685708],[-16.5007571,16.068616],[-16.5007928,16.0688886],[-16.5007127,16.0689671],[-16.500524,16.0688904],[-16.500569,16.0686173]]}},{"type":"Feature","properties":{"elevation":5.0},"geometry":{"type":"LineString","coordinates":[[-16.4976063,16.068638],[-16.4978885,16.0686361],[-16.4976084,16.0689109],[-16.4976063,16.068638]]}},{"type":"Feature","properties":{"elevation":5.0},"geometry":{"type":"LineString","coordinates":[[-16.4984508,16.0683593],[-16.4987329,16.0683573]]}},{"type":"Feature","properties":{"elevation":5.0},"geometry":{"type":"LineString","coordinates":[[-16.4947807,16.0681121],[-16.4947827,16.0683849]]}},{"type":"Feature","properties":{"elevation":5.0},"geometry":{"type":"LineString","coordinates":[[-16.4620499,16.0683382],[-16.4623341,16.0686091]]}},{"type":"Feature","properties":{"elevation":5.0},"geometry":{"type":"Point","coordinates":[-16.465153703,16.068316966]}},{"type":"Feature","properties":{"elevation":5.0},"geometry":{"type":"LineString","coordinates":[[-16.4634607,16.0683285],[-16.464025,16.0683247]]}},{"type":"Feature","properties":{"elevation":0.0},"geometry":{"type":"LineString","coordinates":[[-16.5035245,16.0676416],[-16.5033845,16.067779],[-16.5035276,16.0680509],[-16.5038077,16.067776],[-16.5035245,16.0676416]]}},{"type":"Feature","properties":{"elevation":5.0},"geometry":{"type":"LineString","coordinates":[[-16.504511,16.0674983],[-16.5046516,16.0674291],[-16.5049333,16.0673589],[-16.5050754,16.0674943],[-16.504935,16.0675862],[-16.5046531,16.0676337],[-16.504511,16.0674983]]}},{"type":"Feature","properties":{"elevation":5.0},"geometry":{"type":"LineString","coordinates":[[-16.4953409,16.0675625],[-16.4961874,16.0675566],[-16.4956271,16.0681062],[-16.4953429,16.0678353],[-16.4950608,16.0678373],[-16.4953409,16.0675625]]}},{"type":"Feature","properties":{"elevation":5.0},"geometry":{"type":"Point","coordinates":[-16.469099984,16.067744235]}},{"type":"Feature","properties":{"elevation":5.0},"geometry":{"type":"LineString","coordinates":[[-16.5054976,16.0673549],[-16.5053555,16.0672195],[-16.5052144,16.0672205],[-16.5054965,16.0672185],[-16.5054976,16.0673549]]}},{"type":"Feature","properties":{"elevation":5.0},"geometry":{"type":"LineString","coordinates":[[-16.467687171,16.067481086],[-16.467687171,16.067481087]]}},{"type":"Feature","properties":{"elevation":5.0},"geometry":{"type":"LineString","coordinates":[[-16.4562591,16.0674909],[-16.4564,16.0674672],[-16.4566828,16.0675563],[-16.45668379501913,16.067692020609254]]}},{"type":"Feature","properties":{"elevation":-5.0},"geometry":{"type":"LineString","coordinates":[[-16.5046453,16.0665879],[-16.5043638,16.0666808],[-16.504648,16.0669516],[-16.5049281,16.0666768],[-16.5046453,16.0665879]]}},{"type":"Feature","properties":{"elevation":0.0},"geometry":{"type":"LineString","coordinates":[[-16.5065374,16.0668019],[-16.50648,16.0666659],[-16.5063382,16.066576],[-16.5060557,16.0665325],[-16.5057736,16.0665345],[-16.5056335,16.0666719],[-16.5057766,16.0669437],[-16.5059189,16.0670986]]}},{"type":"Feature","properties":{"elevation":5.0},"geometry":{"type":"LineString","coordinates":[[-16.4933597,16.0667578],[-16.4933617,16.0670307]]}},{"type":"Feature","properties":{"elevation":5.0},"geometry":{"type":"LineString","coordinates":[[-16.45232574477591,16.067071593832825],[-16.452321,16.0670402],[-16.4524455,16.0669181],[-16.4527276,16.066901],[-16.4531048,16.0670349],[-16.45310512955066,16.06707985071042]]}},{"type":"Feature","properties":{"elevation":10.0},"geometry":{"type":"LineString","coordinates":[[-16.452729262840194,16.067127877686254],[-16.4527286,16.0670374]]}},{"type":"Feature","properties":{"elevation":0.0},"geometry":{"type":"LineString","coordinates":[[-16.5043612,16.0663398],[-16.5040796,16.06641],[-16.5039876,16.0666834],[-16.5040837,16.0669556],[-16.5043669,16.06709],[-16.5046495,16.0671465],[-16.5049311,16.0670666],[-16.5050995,16.0669485],[-16.5051633,16.0666752],[-16.5049261,16.066404],[-16.5043612,16.0663398]]}},{"type":"Feature","properties":{"elevation":5.0},"geometry":{"type":"LineString","coordinates":[[-16.4995651,16.0664416],[-16.4998462,16.0663032],[-16.5001294,16.0664377],[-16.5001315,16.0667105],[-16.4995712,16.0672601],[-16.4992891,16.0672621],[-16.499287,16.0669892],[-16.4995672,16.0667144],[-16.4995651,16.0664416]]}},{"type":"Feature","properties":{"elevation":5.0},"geometry":{"type":"LineString","coordinates":[[-16.4916647,16.0664968],[-16.4919462,16.0664039],[-16.492229,16.0664929],[-16.4922311,16.0667657],[-16.4916667,16.0667696],[-16.4916647,16.0664968]]}},{"type":"Feature","properties":{"elevation":5.0},"geometry":{"type":"LineString","coordinates":[[-16.453855236,16.066756954],[-16.453855237,16.066756954]]}},{"type":"Feature","properties":{"elevation":10.0},"geometry":{"type":"LineString","coordinates":[[-16.5077466,16.0662477],[-16.5077456,16.0661113],[-16.5078867,16.0661103]]}},{"type":"Feature","properties":{"elevation":5.0},"geometry":{"type":"LineString","coordinates":[[-16.5018183,16.0658802],[-16.5018224,16.0664258],[-16.5018203,16.066153],[-16.5018183,16.0658802]]}},{"type":"Feature","properties":{"elevation":5.0},"geometry":{"type":"LineString","coordinates":[[-16.4964573,16.0659177],[-16.4967395,16.0659157],[-16.4970257,16.0664594],[-16.4973089,16.0665938],[-16.49759,16.0664554],[-16.4978722,16.0664535],[-16.4981564,16.0667243],[-16.4981584,16.0669971],[-16.4973181,16.0678215],[-16.4967517,16.0675527],[-16.4967476,16.067007],[-16.4963183,16.0661915],[-16.4964573,16.0659177]]}},{"type":"Feature","properties":{"elevation":5.0},"geometry":{"type":"LineString","coordinates":[[-16.5046398,16.0658603],[-16.5049209,16.0657219],[-16.5052034,16.0657654],[-16.5053452,16.0658554],[-16.5052052,16.0659928],[-16.504924,16.0661312],[-16.5046419,16.0661332],[-16.5046398,16.0658603]]}},{"type":"Feature","properties":{"elevation":5.0},"geometry":{"type":"MultiLineString","coordinates":[[[-16.4939138,16.0653898],[-16.494195,16.0652514],[-16.4944771,16.0652494],[-16.4947603,16.0653839],[-16.4949034,16.0656557],[-16.4949054,16.0659285],[-16.4944842,16.0662043],[-16.4942021,16.0662063],[-16.4940119,16.0659348],[-16.4939172,16.0658445],[-16.4936337,16.0656646]],[[-16.4936337,16.0656646],[-16.4930694,16.0656685]],[[-16.4936337,16.0656646],[-16.4939138,16.0653898]]]}},{"type":"Feature","properties":{"elevation":5.0},"geometry":{"type":"LineString","coordinates":[[-16.5090075,16.0650657],[-16.5088664,16.0650666],[-16.5085848,16.0651505],[-16.5083027,16.0651525],[-16.5080216,16.0652909],[-16.5077415,16.0655657],[-16.508025,16.0657456],[-16.5083068,16.0656981],[-16.5084484,16.0657653]]}},{"type":"Feature","properties":{"elevation":0.0},"geometry":{"type":"LineString","coordinates":[[-16.5051973,16.064947],[-16.5050569,16.0650389],[-16.505106,16.0653114],[-16.5052005,16.0653789],[-16.5054829,16.0653997],[-16.5057643,16.0653068],[-16.5057623,16.0650339],[-16.5054781,16.0647631],[-16.5051973,16.064947]]}},{"type":"Feature","properties":{"elevation":0.0},"geometry":{"type":"LineString","coordinates":[[-16.4919357,16.0649943],[-16.4916545,16.0651327],[-16.4919387,16.0654036],[-16.4920778,16.0651298],[-16.4919357,16.0649943]]}},{"type":"Feature","properties":{"elevation":10.0},"geometry":{"type":"LineString","coordinates":[[-16.507737353,16.065020035],[-16.507737353,16.065020034],[-16.507737354,16.065020035],[-16.507737353,16.065020035]]}},{"type":"Feature","properties":{"elevation":5.0},"geometry":{"type":"LineString","coordinates":[[-16.4927811,16.064852],[-16.4930633,16.06485]]}},{"type":"Feature","properties":{"elevation":10.0},"geometry":{"type":"LineString","coordinates":[[-16.508581757,16.064741249],[-16.508581758,16.064741249]]}},{"type":"Feature","properties":{"elevation":15.0},"geometry":{"type":"Point","coordinates":[-16.456664949,16.0651008]}},{"type":"Feature","properties":{"elevation":0.0},"geometry":{"type":"LineString","coordinates":[[-16.5066036,16.0643459],[-16.5063225,16.0644843],[-16.5066057,16.0646187],[-16.5068868,16.0644803],[-16.5066036,16.0643459]]}},{"type":"Feature","properties":{"elevation":5.0},"geometry":{"type":"LineString","coordinates":[[-16.464775,16.0647726],[-16.4648452,16.0647176],[-16.4648926,16.0647718],[-16.4648459,16.0648176],[-16.464775,16.0647726]]}},{"type":"Feature","properties":{"elevation":5.0},"geometry":{"type":"LineString","coordinates":[[-16.498138,16.0642689],[-16.4984201,16.0642669],[-16.4984222,16.0645398],[-16.498138,16.0642689]]}},{"type":"Feature","properties":{"elevation":5.0},"geometry":{"type":"LineString","coordinates":[[-16.4972915,16.0642748],[-16.4975737,16.0642729],[-16.4975757,16.0645457],[-16.4970135,16.0648225],[-16.4970155,16.0650953],[-16.496169,16.0651012],[-16.4956088,16.0656508],[-16.4956068,16.065378],[-16.496167,16.0648284],[-16.4964481,16.06469],[-16.4967282,16.0644152],[-16.4970114,16.0645496],[-16.4972915,16.0642748]]}},{"type":"Feature","properties":{"elevation":5.0},"geometry":{"type":"LineString","coordinates":[[-16.5046275,16.0642234],[-16.5049093,16.0641669],[-16.5051918,16.0642194],[-16.5050528,16.0644933],[-16.5049124,16.0645852],[-16.5046296,16.0644962],[-16.5046275,16.0642234]]}},{"type":"Feature","properties":{"elevation":0.0},"geometry":{"type":"LineString","coordinates":[[-16.4642753,16.0639575],[-16.4639951,16.0642323],[-16.4642793,16.0645032],[-16.4645621,16.0645922],[-16.4648426,16.0643629],[-16.4649356,16.0642258],[-16.4648409,16.0641355],[-16.4645574,16.0639556],[-16.4642753,16.0639575]]}},{"type":"Feature","properties":{"elevation":10.0},"geometry":{"type":"MultiLineString","coordinates":[[[-16.4487585,16.0643359],[-16.4490407,16.064334],[-16.4492308,16.0646056],[-16.4491857,16.0648787],[-16.4490466,16.0651525],[-16.449047533382277,16.065281436718777]],[[-16.44847229022005,16.064923725586066],[-16.4484803,16.0648835],[-16.4487585,16.0643359]]]}},{"type":"Feature","properties":{"elevation":5.0},"geometry":{"type":"MultiLineString","coordinates":[[[-16.4941838,16.0637509],[-16.4944679,16.0640217]],[[-16.4944679,16.0640217],[-16.4946111,16.0642936],[-16.494472,16.0645674],[-16.4943289,16.0642955],[-16.4944679,16.0640217]]]}},{"type":"Feature","properties":{"elevation":5.0},"geometry":{"type":"LineString","coordinates":[[-16.466250376,16.063943999],[-16.466250377,16.063943999]]}},{"type":"Feature","properties":{"elevation":0.0},"geometry":{"type":"LineString","coordinates":[[-16.5043372,16.0631341],[-16.5041276,16.0634084],[-16.5041296,16.0636812],[-16.5043433,16.0639526],[-16.5049066,16.0638122],[-16.5049996,16.0636751],[-16.504833,16.0634034],[-16.5046193,16.0631321],[-16.5043372,16.0631341]]}},{"type":"Feature","properties":{"elevation":5.0},"geometry":{"type":"LineString","coordinates":[[-16.4654019,16.063677],[-16.4656861,16.0639479],[-16.4659686,16.0640005],[-16.4660956,16.0642179],[-16.4659711,16.06434],[-16.4656888,16.064323],[-16.4654764,16.0642221],[-16.4654039,16.0639498],[-16.4654019,16.063677]]}},{"type":"Feature","properties":{"elevation":5.0},"geometry":{"type":"MultiLineString","coordinates":[[[-16.4975676,16.0634544],[-16.49784970036908,16.063452400351807]],[[-16.49784970036908,16.063452400351807],[-16.4981319,16.0634504],[-16.4984161,16.0637213],[-16.4981339,16.0637233],[-16.49784970036908,16.063452400351807]],[[-16.49784970036908,16.063452400351807],[-16.4978497,16.0634524],[-16.4975676,16.0634544]]]}},{"type":"Feature","properties":{"elevation":5.0},"geometry":{"type":"MultiLineString","coordinates":[[[-16.5026463,16.0634188],[-16.5029305,16.0636896]],[[-16.5029305,16.0636896],[-16.5032126,16.0636877]],[[-16.5032126,16.0636877],[-16.5034928,16.0634129],[-16.5037759,16.0635473],[-16.5038334,16.0636833],[-16.5038731,16.0639559],[-16.5037811,16.0642294],[-16.5034979,16.0640949],[-16.5033558,16.0639595],[-16.5032126,16.0636877]]]}},{"type":"Feature","properties":{"elevation":5.0},"geometry":{"type":"Point","coordinates":[-16.467094849,16.063665373]}},{"type":"Feature","properties":{"elevation":5.0},"geometry":{"type":"LineString","coordinates":[[-16.5057459,16.0628514],[-16.506027,16.062713],[-16.5063102,16.0628474],[-16.5063163,16.0636659],[-16.5060362,16.0639407],[-16.5057541,16.0639426],[-16.5054699,16.0636718],[-16.5053738,16.0633996],[-16.5054658,16.0631262],[-16.5057459,16.0628514]]}},{"type":"Feature","properties":{"elevation":5.0},"geometry":{"type":"LineString","coordinates":[[-16.4608814,16.0628893],[-16.4607423,16.0631631],[-16.4608844,16.0632986],[-16.4611656,16.0631602],[-16.4608814,16.0628893]]}},{"type":"Feature","properties":{"elevation":10.0},"geometry":{"type":"LineString","coordinates":[[-16.4534062,16.0632131],[-16.4535463,16.0630757],[-16.4538285,16.0630738],[-16.4541116,16.0632083],[-16.4541136,16.0634811],[-16.4546819,16.0640229],[-16.4552462,16.0640191],[-16.4555304,16.06429],[-16.4552502,16.0645647],[-16.454969,16.0647031],[-16.4546888,16.0649778],[-16.4544063,16.0649343],[-16.4541235,16.0648452],[-16.4541196,16.0642996],[-16.4538354,16.0640287],[-16.4535552,16.0643034],[-16.4535572,16.0645762],[-16.453277,16.064851],[-16.4535612,16.0651219],[-16.453281,16.0653966],[-16.4531379,16.0651248],[-16.4529959,16.0649893],[-16.4527137,16.0649912],[-16.4525736,16.0651286],[-16.452433,16.0651978],[-16.4521504,16.0651315],[-16.4518662,16.0648606],[-16.4518603,16.0640421],[-16.4521425,16.0640402],[-16.4524266,16.0643111],[-16.4527088,16.0643092],[-16.4532691,16.0637597],[-16.4532671,16.0634868],[-16.4534062,16.0632131]]}},{"type":"Feature","properties":{"elevation":10.0},"geometry":{"type":"LineString","coordinates":[[-16.4510079,16.0632293],[-16.4512901,16.0632274]]}},{"type":"Feature","properties":{"elevation":5.0},"geometry":{"type":"LineString","coordinates":[[-16.5073798,16.0662503],[-16.5073673,16.0658412],[-16.5074593,16.0655677],[-16.5073162,16.0652958],[-16.5073403,16.06475],[-16.5074518,16.0645673],[-16.5082962,16.0642885],[-16.5084366,16.0641966],[-16.5085756,16.0639228],[-16.5077261,16.0635195],[-16.5075839,16.0633841],[-16.5074408,16.0631123],[-16.5071556,16.062705],[-16.5068724,16.0625706],[-16.5065903,16.0625726],[-16.5067313,16.0625716],[-16.5068714,16.0624342]]}},{"type":"Feature","properties":{"elevation":5.0},"geometry":{"type":"LineString","coordinates":[[-16.4984079,16.06263],[-16.49869,16.062628],[-16.4989736,16.0628079],[-16.4992564,16.0628969],[-16.4989763,16.0631717],[-16.4989783,16.0634445],[-16.4986962,16.0634465],[-16.4986941,16.0631737],[-16.4984099,16.0629028],[-16.4984079,16.06263]]}},{"type":"Feature","properties":{"elevation":5.0},"geometry":{"type":"LineString","coordinates":[[-16.5085643,16.0624223],[-16.5085653,16.0625587],[-16.5084968,16.062832],[-16.5085694,16.0631043],[-16.5085715,16.0633771],[-16.5091399,16.0639188],[-16.50919600960195,16.06391840234159]]}},{"type":"Feature","properties":{"elevation":5.0},"geometry":{"type":"LineString","coordinates":[[-16.467369,16.0625721],[-16.4676512,16.0625702],[-16.4676532,16.062843],[-16.467369,16.0625721]]}},{"type":"Feature","properties":{"elevation":5.0},"geometry":{"type":"LineString","coordinates":[[-16.4634188,16.0625992],[-16.463701,16.0625972]]}},{"type":"Feature","properties":{"elevation":10.0},"geometry":{"type":"LineString","coordinates":[[-16.4479002,16.0627047],[-16.4479022,16.0629775]]}},{"type":"Feature","properties":{"elevation":0.0},"geometry":{"type":"LineString","coordinates":[[-16.4989674,16.0619895],[-16.4988741,16.0620811],[-16.4988761,16.0623539],[-16.4989707,16.0624214],[-16.4991112,16.0623522],[-16.4991092,16.0620794],[-16.4989674,16.0619895]]}},{"type":"Feature","properties":{"elevation":10.0},"geometry":{"type":"LineString","coordinates":[[-16.450437647,16.062414654],[-16.450437647,16.062414653],[-16.450437648,16.062414654],[-16.450437647,16.062414654]]}},{"type":"Feature","properties":{"elevation":0.0},"geometry":{"type":"LineString","coordinates":[[-16.5048892,16.0614932],[-16.504329,16.0620428],[-16.504331,16.0623156],[-16.5046142,16.0624501],[-16.5048953,16.0623117],[-16.5051754,16.0620369],[-16.5051734,16.061764],[-16.5048892,16.0614932]]}},{"type":"Feature","properties":{"elevation":5.0},"geometry":{"type":"LineString","coordinates":[[-16.4646845,16.0620448],[-16.4648246,16.0619074],[-16.4651064,16.06186],[-16.4652959,16.0620406],[-16.4653919,16.0623128],[-16.4653939,16.0625857],[-16.4656781,16.0628566],[-16.4651138,16.0628604],[-16.4651118,16.0625876],[-16.4645455,16.0623186],[-16.4646845,16.0620448]]}},{"type":"Feature","properties":{"elevation":5.0},"geometry":{"type":"LineString","coordinates":[[-16.5092625,16.0614624],[-16.5091214,16.0614634],[-16.5089824,16.0617372],[-16.5087023,16.062012],[-16.5087033,16.0621484]]}},{"type":"Feature","properties":{"elevation":10.0},"geometry":{"type":"LineString","coordinates":[[-16.507994843,16.06174418],[-16.507994844,16.06174418]]}},{"type":"Feature","properties":{"elevation":5.0},"geometry":{"type":"LineString","coordinates":[[-16.4594617,16.0616712],[-16.4591805,16.0618096],[-16.4591845,16.0623552],[-16.4594677,16.0624897],[-16.4596097,16.0626252],[-16.4597528,16.062897],[-16.4600349,16.0628951],[-16.4603151,16.0626204],[-16.460172,16.0623485],[-16.46003,16.062213],[-16.4597468,16.0620785],[-16.4596038,16.0618067],[-16.4594617,16.0616712]]}},{"type":"Feature","properties":{"elevation":10.0},"geometry":{"type":"LineString","coordinates":[[-16.5011956,16.0615191],[-16.5012207,16.0614507],[-16.5013623,16.061518],[-16.5012233,16.0617918],[-16.5011956,16.0615191]]}},{"type":"Feature","properties":{"elevation":0.0},"geometry":{"type":"LineString","coordinates":[[-16.5046039,16.0610859],[-16.5043228,16.0612243],[-16.504607,16.0614952],[-16.5048892,16.0614932],[-16.5051693,16.0612184],[-16.5048861,16.061084],[-16.5046039,16.0610859]]}},{"type":"Feature","properties":{"elevation":0.0},"geometry":{"type":"LineString","coordinates":[[-16.5023457,16.0609654],[-16.5020656,16.0612402],[-16.5023484,16.0613291],[-16.5026309,16.0613726],[-16.5029141,16.0615071],[-16.5031949,16.0613232],[-16.5032883,16.0612316],[-16.5031922,16.0609594],[-16.5023457,16.0609654]]}},{"type":"Feature","properties":{"elevation":5.0},"geometry":{"type":"LineString","coordinates":[[-16.5011386,16.0612467],[-16.5012181,16.0611097],[-16.5015,16.0610623],[-16.5016894,16.0612428],[-16.5018561,16.0615145],[-16.5019286,16.0617868],[-16.5015088,16.0622445],[-16.5012261,16.0621669],[-16.5011195,16.0620653],[-16.5010673,16.06152],[-16.5011386,16.0612467]]}},{"type":"Feature","properties":{"elevation":5.0},"geometry":{"type":"LineString","coordinates":[[-16.467361,16.0614808],[-16.4676452,16.0617517],[-16.4676472,16.0620245],[-16.4670829,16.0620284],[-16.4670809,16.0617556],[-16.467361,16.0614808]]}},{"type":"Feature","properties":{"elevation":10.0},"geometry":{"type":"LineString","coordinates":[[-16.456357,16.0615559],[-16.4566391,16.061554],[-16.4569233,16.0618249],[-16.4569253,16.0620978],[-16.4566451,16.0623725],[-16.4567882,16.0626444],[-16.4568372,16.0629169],[-16.4569332,16.0631891],[-16.4569372,16.0637347],[-16.4575055,16.0642766],[-16.4577863,16.0640927],[-16.4580678,16.0639999],[-16.4583519,16.0642708],[-16.4583539,16.0645436],[-16.4586381,16.0648145],[-16.4580738,16.0648184],[-16.4575099,16.0648904],[-16.4572293,16.065097],[-16.4569477,16.0651768],[-16.4566656,16.0651917],[-16.4564298,16.0651024],[-16.4566635,16.0649059],[-16.4569451,16.0648261],[-16.4563768,16.0642842],[-16.456657,16.0640095],[-16.4563729,16.0637386],[-16.4560907,16.0637405],[-16.4558066,16.0634696],[-16.4558046,16.0631968],[-16.4555204,16.0629258],[-16.4552383,16.0629278],[-16.4549541,16.0626569],[-16.4549522,16.062384],[-16.4552323,16.0621093],[-16.4557947,16.0618326],[-16.4560768,16.0618307],[-16.456357,16.0615559]]}},{"type":"Feature","properties":{"elevation":5.0},"geometry":{"type":"LineString","coordinates":[[-16.4975471,16.0607262],[-16.4978293,16.0607242],[-16.4981135,16.060995],[-16.4981176,16.0615407],[-16.4981155,16.0612679],[-16.4978324,16.0611334],[-16.4976903,16.060998],[-16.4975471,16.0607262]]}},{"type":"Feature","properties":{"elevation":5.0},"geometry":{"type":"LineString","coordinates":[[-16.4701785,16.0609158],[-16.4704614,16.0610048],[-16.4707448,16.0611848],[-16.471027,16.0611828],[-16.4715906,16.061088],[-16.4716383,16.0611786],[-16.4716403,16.0614515],[-16.4715936,16.0614972],[-16.4713112,16.0614537],[-16.471029,16.0614557],[-16.4707479,16.061594],[-16.4704657,16.0615959],[-16.4701832,16.0615524],[-16.4699024,16.0617362],[-16.4696212,16.0618746],[-16.4693391,16.0618765],[-16.4690559,16.061742],[-16.4687718,16.0614711],[-16.4690526,16.0612873],[-16.4693347,16.0612854],[-16.4699004,16.0614634],[-16.4701785,16.0609158]]}},{"type":"Feature","properties":{"elevation":5.0},"geometry":{"type":"LineString","coordinates":[[-16.491622,16.0607675],[-16.4919042,16.0607655],[-16.4919062,16.0610384],[-16.4916261,16.0613132],[-16.4913419,16.0610423],[-16.491622,16.0607675]]}},{"type":"Feature","properties":{"elevation":5.0},"geometry":{"type":"LineString","coordinates":[[-16.48871080223829,16.060787735703485],[-16.4888005,16.0607871],[-16.4888025,16.06106],[-16.4886615,16.061061]]}},{"type":"Feature","properties":{"elevation":5.0},"geometry":{"type":"LineString","coordinates":[[-16.505729444,16.060668775],[-16.505729444,16.060668774]]}},{"type":"Feature","properties":{"elevation":0.0},"geometry":{"type":"LineString","coordinates":[[-16.471022,16.0605008],[-16.4708819,16.0606381],[-16.471025,16.06091],[-16.4713051,16.0606352],[-16.471022,16.0605008]]}},{"type":"Feature","properties":{"elevation":5.0},"geometry":{"type":"LineString","coordinates":[[-16.493877174,16.060478951],[-16.493877174,16.060478952]]}},{"type":"Feature","properties":{"elevation":5.0},"geometry":{"type":"LineString","coordinates":[[-16.4717754,16.060632],[-16.4718684,16.0604949],[-16.4719165,16.060631],[-16.4718698,16.0606768],[-16.4717754,16.060632]]}},{"type":"Feature","properties":{"elevation":5.0},"geometry":{"type":"LineString","coordinates":[[-16.4721496,16.0603566],[-16.4724307,16.0602182],[-16.4725124,16.0603541],[-16.4724323,16.0604326],[-16.4721496,16.0603566]]}},{"type":"Feature","properties":{"elevation":5.0},"geometry":{"type":"LineString","coordinates":[[-16.472711885,16.060079882],[-16.472711886,16.060079882]]}},{"type":"Feature","properties":{"elevation":0.0},"geometry":{"type":"LineString","coordinates":[[-16.5043085,16.0593146],[-16.5042165,16.0595881],[-16.5043126,16.0598602],[-16.5044516,16.0595864],[-16.5043085,16.0593146]]}},{"type":"Feature","properties":{"elevation":5.0},"geometry":{"type":"MultiLineString","coordinates":[[[-16.5076217,16.0621561],[-16.5076207,16.0620197],[-16.5075434,16.0617474],[-16.5074285,16.0614753],[-16.5071463,16.0614773],[-16.5071443,16.0612045],[-16.5074254,16.0610661],[-16.5079918,16.0613349],[-16.5082736,16.0612875],[-16.508554,16.0610581],[-16.5088351,16.0609198],[-16.5091152,16.0606449]],[[-16.5091152,16.0606449],[-16.508831,16.0603741]],[[-16.508831,16.0603741],[-16.5085468,16.0601033],[-16.5084507,16.0598311],[-16.5085437,16.059694],[-16.5088248,16.0595556],[-16.5088269,16.0598285],[-16.50897,16.0601003],[-16.508831,16.0603741]],[[-16.5091152,16.0606449],[-16.5092563,16.0606439]]]}},{"type":"Feature","properties":{"elevation":5.0},"geometry":{"type":"LineString","coordinates":[[-16.476659984,16.059779853],[-16.476659984,16.059779852]]}},{"type":"Feature","properties":{"elevation":10.0},"geometry":{"type":"MultiLineString","coordinates":[[[-16.4515485,16.0599515],[-16.4521148,16.0602205],[-16.4526791,16.0602167],[-16.452681,16.0604895],[-16.4521187,16.0607662],[-16.4515584,16.0613157],[-16.4515603,16.0615885],[-16.4512802,16.0618633],[-16.450998,16.0618652],[-16.450996,16.0615923],[-16.4512762,16.0613176],[-16.450707900350693,16.060775800334337]],[[-16.450707900350693,16.060775800334337],[-16.4507079,16.0607758],[-16.4504258,16.0607777],[-16.450707900350693,16.060775800334337]],[[-16.450707900350693,16.060775800334337],[-16.4509901,16.0607739],[-16.4512703,16.0604991],[-16.4512683,16.0602263],[-16.4515485,16.0599515]]]}},{"type":"Feature","properties":{"elevation":5.0},"geometry":{"type":"LineString","coordinates":[[-16.499512,16.0593482],[-16.4997962,16.0596191]]}},{"type":"Feature","properties":{"elevation":5.0},"geometry":{"type":"LineString","coordinates":[[-16.509246,16.0592798],[-16.5091049,16.0592808]]}},{"type":"Feature","properties":{"elevation":5.0},"geometry":{"type":"LineString","coordinates":[[-16.5051549,16.0593086],[-16.505437,16.0593066],[-16.5051569,16.0595815],[-16.5048748,16.0595834],[-16.5051549,16.0593086]]}},{"type":"Feature","properties":{"elevation":5.0},"geometry":{"type":"LineString","coordinates":[[-16.4670649,16.059573],[-16.467346,16.0594346],[-16.4676278,16.0593872],[-16.4681935,16.0595652],[-16.4680544,16.059839],[-16.4680564,16.0601118],[-16.4679163,16.0602492],[-16.4670669,16.0598458],[-16.4670649,16.059573]]}},{"type":"Feature","properties":{"elevation":10.0},"geometry":{"type":"LineString","coordinates":[[-16.454368,16.0596596],[-16.4549323,16.0596557],[-16.4549363,16.0602014],[-16.4552204,16.0604723],[-16.4549403,16.0607471],[-16.4549422,16.0610199],[-16.4546601,16.0610218],[-16.454376,16.0607509],[-16.4542329,16.060479],[-16.4542309,16.0602062],[-16.45437,16.0599324],[-16.454368,16.0596596]]}},{"type":"Feature","properties":{"elevation":10.0},"geometry":{"type":"LineString","coordinates":[[-16.4532394,16.0596672],[-16.4535216,16.0596653],[-16.4535235,16.0599381],[-16.4532414,16.0599401],[-16.4532394,16.0596672]]}},{"type":"Feature","properties":{"elevation":0.0},"geometry":{"type":"LineString","coordinates":[[-16.5009186,16.0587927],[-16.5008266,16.0590662],[-16.5010168,16.0593377],[-16.5012062,16.0595182],[-16.501488,16.0594708],[-16.5016281,16.0593334],[-16.501626,16.0590606],[-16.5014839,16.0589251],[-16.5012008,16.0587907],[-16.5009186,16.0587927]]}},{"type":"Feature","properties":{"elevation":0.0},"geometry":{"type":"LineString","coordinates":[[-16.5079709,16.0585613],[-16.5076901,16.0587451],[-16.5075981,16.0590186],[-16.5074121,16.0592928],[-16.5075552,16.0595646],[-16.5076973,16.0597],[-16.5082595,16.0594232],[-16.5083996,16.0592858],[-16.5085386,16.059012],[-16.5085365,16.0587392],[-16.5082532,16.0585775],[-16.5079709,16.0585613]]}},{"type":"Feature","properties":{"elevation":5.0},"geometry":{"type":"LineString","coordinates":[[-16.478629,16.0589477],[-16.4789105,16.0588549],[-16.4790522,16.0589448],[-16.4791953,16.0592167],[-16.4792443,16.0594892],[-16.4789172,16.0597643],[-16.478634,16.0596298],[-16.4784919,16.0594944],[-16.4784194,16.059222],[-16.478629,16.0589477]]}},{"type":"Feature","properties":{"elevation":5.0},"geometry":{"type":"LineString","coordinates":[[-16.472986,16.0589866],[-16.4732682,16.0589847],[-16.4735523,16.0592556],[-16.4736954,16.0595274],[-16.4735553,16.0596648],[-16.4732735,16.0597122],[-16.472991,16.0596687],[-16.472896,16.0595329],[-16.4728469,16.0592604],[-16.472986,16.0589866]]}},{"type":"Feature","properties":{"elevation":5.0},"geometry":{"type":"LineString","coordinates":[[-16.4875177,16.0590226],[-16.4873763,16.0589781],[-16.4873286,16.0588875],[-16.4873752,16.0588417],[-16.4877984,16.0588258]]}},{"type":"Feature","properties":{"elevation":5.0},"geometry":{"type":"LineString","coordinates":[[-16.4741146,16.0589789],[-16.4743968,16.0589769]]}},{"type":"Feature","properties":{"elevation":5.0},"geometry":{"type":"LineString","coordinates":[[-16.4879389,16.0587468],[-16.4879378,16.0586104],[-16.4880789,16.0586095]]}},{"type":"Feature","properties":{"elevation":5.0},"geometry":{"type":"Point","coordinates":[-16.480319864,16.058663225]}},{"type":"Feature","properties":{"elevation":5.0},"geometry":{"type":"LineString","coordinates":[[-16.468751761,16.058742875],[-16.468751761,16.058742876]]}},{"type":"Feature","properties":{"elevation":0.0},"geometry":{"type":"LineString","coordinates":[[-16.465362,16.0582204],[-16.4652229,16.0584942],[-16.465365,16.0586297],[-16.4656461,16.0584913],[-16.465362,16.0582204]]}},{"type":"Feature","properties":{"elevation":5.0},"geometry":{"type":"LineString","coordinates":[[-16.445939881160527,16.058938775503474],[-16.4464658,16.0594402],[-16.4464677,16.0597131],[-16.446298896965686,16.05979615037227]]}},{"type":"Feature","properties":{"elevation":5.0},"geometry":{"type":"LineString","coordinates":[[-16.4600021,16.0583934],[-16.459862,16.0585308],[-16.459723,16.0588046],[-16.4600071,16.0590755],[-16.4602873,16.0588008],[-16.4602853,16.0585279],[-16.4600021,16.0583934]]}},{"type":"Feature","properties":{"elevation":5.0},"geometry":{"type":"LineString","coordinates":[[-16.4614119,16.0582474],[-16.4611317,16.0585222],[-16.4609926,16.0587959],[-16.4609946,16.0590688],[-16.4611377,16.0593406],[-16.4614218,16.0596115],[-16.461704,16.0596096],[-16.4619841,16.0593349],[-16.4621232,16.0590611],[-16.4621212,16.0587882],[-16.4619782,16.0585164],[-16.461694,16.0582455],[-16.4614119,16.0582474]]}},{"type":"Feature","properties":{"elevation":5.0},"geometry":{"type":"LineString","coordinates":[[-16.449845673,16.058598862],[-16.449845674,16.058598862]]}},{"type":"Feature","properties":{"elevation":0.0},"geometry":{"type":"LineString","coordinates":[[-16.4791852,16.0578525],[-16.4789051,16.0581273],[-16.4791882,16.0582618],[-16.4794694,16.0581234],[-16.4791852,16.0578525]]}},{"type":"Feature","properties":{"elevation":5.0},"geometry":{"type":"LineString","coordinates":[[-16.4588705,16.0579919],[-16.4585904,16.0582666],[-16.4585924,16.0585395],[-16.4588765,16.0588104],[-16.4591567,16.0585356],[-16.4591547,16.0582628],[-16.4588705,16.0579919]]}},{"type":"Feature","properties":{"elevation":5.0},"geometry":{"type":"Point","coordinates":[-16.504862496,16.057946497]}},{"type":"Feature","properties":{"elevation":5.0},"geometry":{"type":"LineString","coordinates":[[-16.4529434,16.0577593],[-16.4526632,16.0580341],[-16.4526652,16.0583069],[-16.4529484,16.0584414],[-16.4532295,16.0583031],[-16.4532275,16.0580303],[-16.4529434,16.0577593]]}},{"type":"Feature","properties":{"elevation":5.0},"geometry":{"type":"LineString","coordinates":[[-16.492728239,16.057758579],[-16.49272824,16.057758579]]}},{"type":"Feature","properties":{"elevation":5.0},"geometry":{"type":"LineString","coordinates":[[-16.4732601,16.0578934],[-16.4735423,16.0578914]]}},{"type":"Feature","properties":{"elevation":5.0},"geometry":{"type":"LineString","coordinates":[[-16.506833396,16.057386965],[-16.506833397,16.057386965]]}},{"type":"Feature","properties":{"elevation":5.0},"geometry":{"type":"Point","coordinates":[-16.505420631,16.057124063]}},{"type":"Feature","properties":{"elevation":5.0},"geometry":{"type":"LineString","coordinates":[[-16.477770463,16.057316632],[-16.477770463,16.057316631]]}},{"type":"Feature","properties":{"elevation":5.0},"geometry":{"type":"Point","coordinates":[-16.47635973,16.057326361]}},{"type":"Feature","properties":{"elevation":5.0},"geometry":{"type":"LineString","coordinates":[[-16.4633809,16.0574154],[-16.4636621,16.0572771],[-16.4639452,16.0574116],[-16.4636651,16.0576863],[-16.4633829,16.0576883],[-16.4633809,16.0574154]]}},{"type":"Feature","properties":{"elevation":5.0},"geometry":{"type":"LineString","coordinates":[[-16.4554788,16.0571964],[-16.4551986,16.0574712],[-16.4554828,16.0577421],[-16.4556218,16.0574683],[-16.4554788,16.0571964]]}},{"type":"Feature","properties":{"elevation":5.0},"geometry":{"type":"MultiLineString","coordinates":[[[-16.4676112,16.0571136],[-16.4684576,16.0571078]],[[-16.4684576,16.0571078],[-16.4687418,16.0573787]],[[-16.4687418,16.0573787],[-16.4690239,16.0573768],[-16.4693081,16.0576477],[-16.4695902,16.0576458],[-16.4695922,16.0579186],[-16.4701585,16.0581875],[-16.4704407,16.0581856],[-16.4704427,16.0584584]],[[-16.4704427,16.0584584],[-16.47101099964931,16.05900019966566]],[[-16.47101099964931,16.05900019966566],[-16.471011,16.0590002],[-16.471011000345566,16.05900019966097]],[[-16.471011000345566,16.05900019966097],[-16.4712911,16.0587254],[-16.4712891,16.0584526],[-16.4715692,16.0581779],[-16.4715672,16.057905],[-16.4718514,16.0581759],[-16.4726978,16.0581701],[-16.4721335,16.058174],[-16.4712931,16.0589983],[-16.471011000345566,16.05900019966097]],[[-16.471011000345566,16.05900019966097],[-16.47101099964931,16.05900019966566]],[[-16.47101099964931,16.05900019966566],[-16.4707288,16.0590021],[-16.4707268,16.0587293],[-16.4704427,16.0584584]],[[-16.4704427,16.0584584],[-16.4698784,16.0584623],[-16.4695982,16.0587371],[-16.4696002,16.0590099]],[[-16.4696002,16.0590099],[-16.4698844,16.0592808]],[[-16.4698844,16.0592808],[-16.4701665,16.0592788],[-16.4701685,16.0595517],[-16.4704527,16.0598226],[-16.4707348,16.0598206]],[[-16.4707348,16.0598206],[-16.471015,16.0595459],[-16.471017,16.0598187],[-16.4707348,16.0598206]],[[-16.4707348,16.0598206],[-16.4704547,16.0600954],[-16.4701725,16.0600973],[-16.4698884,16.0598264],[-16.4698844,16.0592808]],[[-16.4696002,16.0590099],[-16.4693181,16.0590118],[-16.4693141,16.0584662],[-16.4690299,16.0581953],[-16.4687478,16.0581972],[-16.4687458,16.0579244],[-16.4686027,16.0576525],[-16.4687418,16.0573787]],[[-16.4684576,16.0571078],[-16.4678973,16.0576574],[-16.467333,16.0576612],[-16.467331,16.0573884],[-16.4676112,16.0571136]]]}},{"type":"Feature","properties":{"elevation":5.0},"geometry":{"type":"LineString","coordinates":[[-16.5088043,16.0568274],[-16.5088084,16.0573731],[-16.5086694,16.0576469],[-16.5089066,16.057918],[-16.5088146,16.0581915],[-16.5085334,16.0583299],[-16.5082511,16.0583046],[-16.5080622,16.0581968],[-16.507872,16.0579253],[-16.5080581,16.0576512],[-16.5085263,16.057375],[-16.5085242,16.0571022],[-16.5088043,16.0568274]]}},{"type":"Feature","properties":{"elevation":5.0},"geometry":{"type":"LineString","coordinates":[[-16.465354,16.0571291],[-16.4656381,16.0574],[-16.465358,16.0576748],[-16.4650738,16.0574039],[-16.465354,16.0571291]]}},{"type":"Feature","properties":{"elevation":5.0},"geometry":{"type":"LineString","coordinates":[[-16.478050595,16.057041859],[-16.478050596,16.057041858],[-16.478050596,16.057041859],[-16.478050595,16.057041859]]}},{"type":"Feature","properties":{"elevation":0.0},"geometry":{"type":"LineString","coordinates":[[-16.5040051,16.0564974],[-16.5038647,16.0565893],[-16.5037257,16.0568631],[-16.5037278,16.057136],[-16.504012,16.0574068],[-16.5042941,16.0574048],[-16.5045742,16.05713],[-16.5045722,16.0568572],[-16.504289,16.0567228],[-16.5040051,16.0564974]]}},{"type":"Feature","properties":{"elevation":5.0},"geometry":{"type":"MultiLineString","coordinates":[[[-16.4461659,16.0569867],[-16.44645,16.0572576],[-16.446452,16.0575304],[-16.4467381,16.0580742],[-16.44674,16.058347]],[[-16.44674,16.058347],[-16.4470242,16.0586179]],[[-16.4470242,16.0586179],[-16.4475885,16.0586141],[-16.4477315,16.058886],[-16.4475924,16.0591598],[-16.4473116,16.0593436],[-16.4470281,16.0591636],[-16.4470242,16.0586179]],[[-16.44674,16.058347],[-16.4464579,16.0583489],[-16.4461747,16.0582144],[-16.4460797,16.0580786],[-16.4460307,16.0578061],[-16.4458877,16.0575342],[-16.4458857,16.0572614],[-16.4461659,16.0569867]]]}},{"type":"Feature","properties":{"elevation":5.0},"geometry":{"type":"LineString","coordinates":[[-16.4698643,16.0565525],[-16.4701465,16.0565506],[-16.4701485,16.0568234],[-16.4695842,16.0568273],[-16.4698643,16.0565525]]}},{"type":"Feature","properties":{"elevation":5.0},"geometry":{"type":"LineString","coordinates":[[-16.506260902,16.056299644],[-16.506260903,16.056299644]]}},{"type":"Feature","properties":{"elevation":0.0},"geometry":{"type":"LineString","coordinates":[[-16.478889,16.0559447],[-16.4786088,16.0562195],[-16.478893,16.0564904],[-16.4791731,16.0562156],[-16.478889,16.0559447]]}},{"type":"Feature","properties":{"elevation":5.0},"geometry":{"type":"LineString","coordinates":[[-16.4482781,16.0564267],[-16.4484181,16.0562894],[-16.4487013,16.0564239],[-16.4488443,16.0566957],[-16.4487052,16.0569695],[-16.4487072,16.0572424],[-16.448427,16.0575171],[-16.4481429,16.0572462],[-16.448139,16.0567005],[-16.4482781,16.0564267]]}},{"type":"Feature","properties":{"elevation":5.0},"geometry":{"type":"Point","coordinates":[-16.503437439,16.056046644]}},{"type":"Feature","properties":{"elevation":5.0},"geometry":{"type":"LineString","coordinates":[[-16.481148146,16.05620194],[-16.481148147,16.05620194],[-16.481148147,16.056201941],[-16.481148146,16.05620194]]}},{"type":"Feature","properties":{"elevation":5.0},"geometry":{"type":"LineString","coordinates":[[-16.464783701,16.05631448],[-16.464783702,16.05631448]]}},{"type":"Feature","properties":{"elevation":5.0},"geometry":{"type":"LineString","coordinates":[[-16.4543423,16.0561128],[-16.4540621,16.0563875],[-16.4543462,16.0566584],[-16.4546264,16.0563837],[-16.4543423,16.0561128]]}},{"type":"Feature","properties":{"elevation":0.0},"geometry":{"type":"LineString","coordinates":[[-16.507384,16.0555642],[-16.5069642,16.0560219],[-16.5071073,16.0562937],[-16.5076696,16.0560169],[-16.5079496,16.0557421],[-16.5076654,16.0554713],[-16.507384,16.0555642]]}},{"type":"Feature","properties":{"elevation":5.0},"geometry":{"type":"LineString","coordinates":[[-16.504564,16.0557659],[-16.5048454,16.055673],[-16.5049872,16.0557629],[-16.5048481,16.0560367],[-16.5045681,16.0563115],[-16.504564,16.0557659]]}},{"type":"Feature","properties":{"elevation":5.0},"geometry":{"type":"LineString","coordinates":[[-16.505692517,16.055757966],[-16.505692518,16.055757966]]}},{"type":"Feature","properties":{"elevation":5.0},"geometry":{"type":"LineString","coordinates":[[-16.4472886,16.0561606],[-16.4475697,16.0560222],[-16.4478529,16.0561568],[-16.4477608,16.0564302],[-16.4477157,16.0567034],[-16.4475756,16.0568407],[-16.4472938,16.0568881],[-16.4470104,16.0567081],[-16.4467282,16.05671],[-16.4465852,16.0564382],[-16.4467252,16.0563008],[-16.4470079,16.0563671],[-16.4472886,16.0561606]]}},{"type":"Feature","properties":{"elevation":5.0},"geometry":{"type":"LineString","coordinates":[[-16.5092193,16.0557331],[-16.5090782,16.0557341],[-16.5087981,16.0560089],[-16.508516,16.0560109],[-16.5085139,16.0557381],[-16.508794,16.0554633],[-16.509201330721996,16.05546041249488]]}},{"type":"Feature","properties":{"elevation":5.0},"geometry":{"type":"LineString","coordinates":[[-16.5008941,16.0555188],[-16.5008961,16.0557916]]}},{"type":"Feature","properties":{"elevation":5.0},"geometry":{"type":"LineString","coordinates":[[-16.4628047,16.0557823],[-16.4628067,16.0560551]]}},{"type":"Feature","properties":{"elevation":5.0},"geometry":{"type":"LineString","coordinates":[[-16.4676012,16.0557495],[-16.4678833,16.0557476]]}},{"type":"Feature","properties":{"elevation":0.0},"geometry":{"type":"LineString","coordinates":[[-16.4461541,16.0553497],[-16.4458739,16.0556244],[-16.4458758,16.0558973],[-16.44616,16.0561682],[-16.4464401,16.0558935],[-16.4464382,16.0556206],[-16.4461541,16.0553497]]}},{"type":"Feature","properties":{"elevation":5.0},"geometry":{"type":"LineString","coordinates":[[-16.4721115,16.0551729],[-16.4718313,16.0554476],[-16.4718333,16.0557205],[-16.4724016,16.0562622],[-16.4726818,16.0559875],[-16.4726778,16.0554418],[-16.4723936,16.0551709],[-16.4721115,16.0551729]]}},{"type":"Feature","properties":{"elevation":0.0},"geometry":{"type":"LineString","coordinates":[[-16.4800108,16.0550275],[-16.4797294,16.0551204],[-16.4800135,16.0553913],[-16.4802957,16.0553893],[-16.4805788,16.0555238],[-16.4807679,16.0556589],[-16.480863,16.0557947],[-16.4811451,16.0557927],[-16.4812852,16.0556553],[-16.4811421,16.0553835],[-16.4811401,16.0551106],[-16.4808566,16.0549307],[-16.4800108,16.0550275]]}},{"type":"Feature","properties":{"elevation":0.0},"geometry":{"type":"LineString","coordinates":[[-16.4817034,16.0549703],[-16.4814222,16.0551087],[-16.4815653,16.0553805],[-16.4817074,16.055516],[-16.4821276,16.0551038],[-16.4819855,16.0549684],[-16.4817034,16.0549703]]}},{"type":"Feature","properties":{"elevation":0.0},"geometry":{"type":"LineString","coordinates":[[-16.4650559,16.0549484],[-16.4647757,16.0552232],[-16.4644956,16.0554979],[-16.4647787,16.0556324],[-16.4650609,16.0556305],[-16.465342,16.0554921],[-16.46534,16.0552193],[-16.4650559,16.0549484]]}},{"type":"Feature","properties":{"elevation":0.0},"geometry":{"type":"LineString","coordinates":[[-16.5089294,16.0547023],[-16.5087885,16.0547358],[-16.5086018,16.054919],[-16.5087913,16.0550995],[-16.50915303031258,16.055116420057146]]}},{"type":"Feature","properties":{"elevation":5.0},"geometry":{"type":"LineString","coordinates":[[-16.4738023,16.0548884],[-16.4735222,16.0551632],[-16.4738064,16.0554341],[-16.4740885,16.0554321],[-16.4743686,16.0551574],[-16.4740845,16.0548865],[-16.4738023,16.0548884]]}},{"type":"Feature","properties":{"elevation":5.0},"geometry":{"type":"LineString","coordinates":[[-16.4506674,16.0551828],[-16.4503863,16.0553211],[-16.4501061,16.0555958],[-16.4503902,16.0558667],[-16.4506734,16.0560012],[-16.4509555,16.0559993],[-16.4512367,16.055861],[-16.4512347,16.0555882],[-16.4509506,16.0553173],[-16.4506674,16.0551828]]}},{"type":"Feature","properties":{"elevation":5.0},"geometry":{"type":"MultiLineString","coordinates":[[[-16.4760595,16.0548729],[-16.4760635,16.0554185],[-16.4757834,16.0556933]],[[-16.4757834,16.0556933],[-16.4757914,16.0567846],[-16.4755113,16.0570594],[-16.4752332,16.057607],[-16.4746689,16.0576109],[-16.474951,16.0576089],[-16.4752291,16.0570613],[-16.4752271,16.0567885],[-16.474943,16.0565176],[-16.4752251,16.0565157],[-16.4755052,16.0562409],[-16.4755032,16.0559681],[-16.4757834,16.0556933]],[[-16.4757834,16.0556933],[-16.4757794,16.0551476],[-16.4760595,16.0548729]]]}},{"type":"Feature","properties":{"elevation":5.0},"geometry":{"type":"LineString","coordinates":[[-16.4661825,16.0546679],[-16.4659023,16.0549426],[-16.4661864,16.0552135],[-16.4664666,16.0549388],[-16.4661825,16.0546679]]}},{"type":"Feature","properties":{"elevation":5.0},"geometry":{"type":"LineString","coordinates":[[-16.5068108,16.0543859],[-16.5068149,16.0549316],[-16.5062547,16.0554812],[-16.5062527,16.0552084],[-16.5065307,16.0546607],[-16.5068108,16.0543859]]}},{"type":"Feature","properties":{"elevation":5.0},"geometry":{"type":"LineString","coordinates":[[-16.4690039,16.0546485],[-16.4690079,16.0551942],[-16.4687277,16.0554689],[-16.4684456,16.0554709],[-16.4687257,16.0551961],[-16.4687237,16.0549233],[-16.4690039,16.0546485]]}},{"type":"Feature","properties":{"elevation":5.0},"geometry":{"type":"LineString","coordinates":[[-16.4949589,16.0541961],[-16.4943987,16.0547457],[-16.4946829,16.0550166],[-16.4958115,16.0550087],[-16.4960916,16.0547339],[-16.4960895,16.0544611],[-16.4958053,16.0541902],[-16.4949589,16.0541961]]}},{"type":"Feature","properties":{"elevation":10.0},"geometry":{"type":"LineString","coordinates":[[-16.4591288,16.054716],[-16.459411,16.0547141]]}},{"type":"Feature","properties":{"elevation":0.0},"geometry":{"type":"LineString","coordinates":[[-16.4642044,16.0542721],[-16.4639233,16.0544105],[-16.4642064,16.054545],[-16.4644876,16.0544066],[-16.4642044,16.0542721]]}},{"type":"Feature","properties":{"elevation":5.0},"geometry":{"type":"LineString","coordinates":[[-16.4802876,16.054298],[-16.4805697,16.0542961],[-16.4807128,16.0545679],[-16.4805723,16.0546371],[-16.4802906,16.0547072],[-16.4800075,16.0545728],[-16.4802876,16.054298]]}},{"type":"Feature","properties":{"elevation":5.0},"geometry":{"type":"LineString","coordinates":[[-16.4656162,16.0543989],[-16.4658983,16.054397],[-16.4661825,16.0546679],[-16.4667467,16.054664],[-16.4664666,16.0549388],[-16.4664686,16.0552116],[-16.4667527,16.0554825],[-16.4667547,16.0557553],[-16.4659083,16.0557611],[-16.4658122,16.0554889],[-16.4659043,16.0552154],[-16.4656202,16.0549446],[-16.4654771,16.0546727],[-16.4656162,16.0543989]]}},{"type":"Feature","properties":{"elevation":5.0},"geometry":{"type":"Point","coordinates":[-16.50173027,16.054148757]}},{"type":"Feature","properties":{"elevation":0.0},"geometry":{"type":"LineString","coordinates":[[-16.5076524,16.0537434],[-16.5075121,16.0538353],[-16.507373,16.0541091],[-16.5074691,16.0543813],[-16.5076586,16.0545618],[-16.5079401,16.0544689],[-16.5079958,16.0543776],[-16.5080079,16.0541047],[-16.5079363,16.0539687],[-16.5076524,16.0537434]]}},{"type":"Feature","properties":{"elevation":5.0},"geometry":{"type":"LineString","coordinates":[[-16.4706927,16.0540913],[-16.4709749,16.0540893],[-16.471259,16.0543602],[-16.4715412,16.0543583],[-16.4718253,16.0546292],[-16.4721055,16.0543544],[-16.4721035,16.0540816],[-16.4723856,16.0540796],[-16.4729539,16.0546214],[-16.4735182,16.0546175],[-16.4738023,16.0548884],[-16.4749309,16.0548806],[-16.4743706,16.0554302],[-16.4743767,16.0562487],[-16.4740945,16.0562506],[-16.4735322,16.0565273],[-16.4732521,16.0568021],[-16.47297,16.056804],[-16.4724016,16.0562622],[-16.4721195,16.0562642],[-16.4718394,16.056539],[-16.4712751,16.0565428],[-16.4707088,16.0562739],[-16.4704266,16.0562758],[-16.4704246,16.056003],[-16.4709849,16.0554535],[-16.4707008,16.0551826],[-16.4701365,16.0551864],[-16.4701325,16.0546408],[-16.4704126,16.054366],[-16.4706968,16.0546369],[-16.4708358,16.0543631],[-16.4706927,16.0540913]]}},{"type":"Feature","properties":{"elevation":0.0},"geometry":{"type":"LineString","coordinates":[[-16.5053929,16.053441],[-16.5052529,16.0535784],[-16.505395,16.0537138],[-16.505535,16.0535764],[-16.5053929,16.053441]]}},{"type":"Feature","properties":{"elevation":5.0},"geometry":{"type":"LineString","coordinates":[[-16.4450156,16.0539932],[-16.4452978,16.0539913],[-16.4455819,16.0542622],[-16.4452997,16.0542641],[-16.4450156,16.0539932]]}},{"type":"Feature","properties":{"elevation":5.0},"geometry":{"type":"LineString","coordinates":[[-16.492415598,16.053668179],[-16.492415599,16.053668179]]}},{"type":"Feature","properties":{"elevation":0.0},"geometry":{"type":"LineString","coordinates":[[-16.505672,16.0530297],[-16.505533,16.0533036],[-16.5056751,16.053439],[-16.5057681,16.0533019],[-16.505672,16.0530297]]}},{"type":"Feature","properties":{"elevation":5.0},"geometry":{"type":"LineString","coordinates":[[-16.4794351,16.0534854],[-16.4794371,16.0537582],[-16.4788769,16.0543078],[-16.4788729,16.0537621],[-16.479155,16.0537602],[-16.4794351,16.0534854]]}},{"type":"Feature","properties":{"elevation":5.0},"geometry":{"type":"LineString","coordinates":[[-16.506802607,16.053294626],[-16.506802608,16.053294625],[-16.506802608,16.053294626],[-16.506802607,16.053294626]]}},{"type":"Feature","properties":{"elevation":5.0},"geometry":{"type":"Point","coordinates":[-16.46391732,16.053591987]}},{"type":"Feature","properties":{"elevation":10.0},"geometry":{"type":"LineString","coordinates":[[-16.4548887,16.0536535],[-16.4551729,16.0539244],[-16.4548927,16.0541992],[-16.4548907,16.0539263],[-16.4548887,16.0536535]]}},{"type":"Feature","properties":{"elevation":5.0},"geometry":{"type":"LineString","coordinates":[[-16.467865318,16.05329213],[-16.467865319,16.053292129],[-16.467865319,16.05329213],[-16.467865318,16.05329213]]}},{"type":"Feature","properties":{"elevation":5.0},"geometry":{"type":"MultiLineString","coordinates":[[[-16.5089227,16.0538254],[-16.5087817,16.0538264],[-16.5085016,16.0541012]],[[-16.5085016,16.0541012],[-16.5085036,16.054374]],[[-16.5085016,16.0541012],[-16.5083585,16.0538293],[-16.507648,16.0531523],[-16.5073648,16.0530178],[-16.5075038,16.052744],[-16.5076439,16.0526066],[-16.5079281,16.0528775],[-16.5082112,16.0530119],[-16.5082133,16.0532847],[-16.5084965,16.0534191],[-16.5087776,16.0532807],[-16.5089186,16.0532797]]]}},{"type":"Feature","properties":{"elevation":5.0},"geometry":{"type":"LineString","coordinates":[[-16.4498052,16.0530059],[-16.449524,16.0531442],[-16.449526,16.053417],[-16.4498101,16.0536879],[-16.4500933,16.0538224],[-16.4503744,16.0536841],[-16.4506526,16.0531365],[-16.4503685,16.0528656],[-16.4500873,16.0530039],[-16.4498052,16.0530059]]}},{"type":"Feature","properties":{"elevation":5.0},"geometry":{"type":"LineString","coordinates":[[-16.492691638,16.05284774],[-16.492691639,16.05284774]]}},{"type":"Feature","properties":{"elevation":5.0},"geometry":{"type":"LineString","coordinates":[[-16.4602435,16.0527985],[-16.4599633,16.0530733],[-16.4602475,16.0533442],[-16.4605276,16.0530694],[-16.4602435,16.0527985]]}},{"type":"Feature","properties":{"elevation":0.0},"geometry":{"type":"LineString","coordinates":[[-16.5082061,16.0523298],[-16.5080661,16.0524672],[-16.5082082,16.0526026],[-16.5084913,16.0527371],[-16.5087714,16.0524623],[-16.5082061,16.0523298]]}},{"type":"Feature","properties":{"elevation":0.0},"geometry":{"type":"LineString","coordinates":[[-16.5059487,16.0523002],[-16.505762,16.0524834],[-16.5059521,16.0527549],[-16.5062322,16.0524801],[-16.5059487,16.0523002]]}},{"type":"Feature","properties":{"elevation":5.0},"geometry":{"type":"LineString","coordinates":[[-16.4639113,16.0527735],[-16.4641935,16.0527716],[-16.4641955,16.0530444],[-16.4639113,16.0527735]]}},{"type":"Feature","properties":{"elevation":5.0},"geometry":{"type":"LineString","coordinates":[[-16.4720914,16.0524446],[-16.4718113,16.0527194],[-16.4720954,16.0529903],[-16.4723756,16.0527155],[-16.4720914,16.0524446]]}},{"type":"Feature","properties":{"elevation":10.0},"geometry":{"type":"LineString","coordinates":[[-16.4562935,16.0528254],[-16.4565776,16.0530963],[-16.4568598,16.0530944],[-16.4562994,16.0536439],[-16.4557352,16.0536477],[-16.4556391,16.0533756],[-16.4557322,16.0532385],[-16.4560123,16.0529638],[-16.4562935,16.0528254]]}},{"type":"Feature","properties":{"elevation":10.0},"geometry":{"type":"Point","coordinates":[-16.459397064,16.052804304]}},{"type":"Feature","properties":{"elevation":5.0},"geometry":{"type":"MultiLineString","coordinates":[[[-16.4938161,16.0522942],[-16.4943804,16.0522903],[-16.4946615,16.0521519],[-16.4949437,16.0521499],[-16.4950857,16.0522854],[-16.4950878,16.0525582],[-16.4949487,16.052832]],[[-16.4949487,16.052832],[-16.4952329,16.0531029]],[[-16.4952329,16.0531029],[-16.4960793,16.0530969],[-16.4960814,16.0533698],[-16.4963655,16.0536406],[-16.4963737,16.0547319],[-16.4966599,16.0552756],[-16.496662,16.0555484],[-16.4963819,16.0558232],[-16.4963839,16.056096],[-16.4966681,16.0563669],[-16.496388,16.0566417],[-16.4966722,16.0569125],[-16.4966742,16.0571854],[-16.4969584,16.0574562],[-16.4972405,16.0574542],[-16.4972426,16.0577271],[-16.4971035,16.0580009],[-16.4973897,16.0585446],[-16.4973918,16.0588174],[-16.4972998,16.0590909],[-16.4973626,16.0596361],[-16.497541,16.0599077],[-16.4969788,16.0601845],[-16.4969808,16.0604573],[-16.4966987,16.0604592],[-16.4964186,16.060734],[-16.4961344,16.0604632],[-16.4964165,16.0604612],[-16.4966966,16.0601864],[-16.4966946,16.0599136],[-16.4964114,16.0597792],[-16.4961272,16.0595083],[-16.4958441,16.0593739],[-16.495564,16.0596487],[-16.495568,16.0601943],[-16.4952859,16.0601963],[-16.4949997,16.0596526],[-16.4955619,16.0593758],[-16.495842,16.059101],[-16.49584,16.0588282],[-16.4955558,16.0585574],[-16.4952737,16.0585593],[-16.4952716,16.0582865],[-16.4955517,16.0580117],[-16.4952675,16.0577409],[-16.4949854,16.0577428],[-16.4947012,16.057472],[-16.4941369,16.0574759],[-16.4941349,16.0572031],[-16.4946951,16.0566535],[-16.4944109,16.0563827],[-16.4944089,16.0561098],[-16.4935564,16.0552973],[-16.4935543,16.0550244],[-16.492986,16.0544827],[-16.4929839,16.0542099],[-16.4932661,16.0542079],[-16.4935462,16.0539331],[-16.4938283,16.0539312],[-16.4941125,16.054202],[-16.4943946,16.0542001],[-16.495235,16.0533757],[-16.4952329,16.0531029]],[[-16.4949487,16.052832],[-16.4938202,16.0528399],[-16.493536,16.052569],[-16.4938161,16.0522942]]]}},{"type":"Feature","properties":{"elevation":5.0},"geometry":{"type":"Point","coordinates":[-16.507640805,16.05219738]}},{"type":"Feature","properties":{"elevation":5.0},"geometry":{"type":"LineString","coordinates":[[-16.4983283,16.0519899],[-16.4984244,16.052262],[-16.4983313,16.0523991],[-16.4982833,16.052263],[-16.4983283,16.0519899]]}},{"type":"Feature","properties":{"elevation":5.0},"geometry":{"type":"LineString","coordinates":[[-16.4720894,16.0521718],[-16.4729358,16.052166],[-16.4723756,16.0527155],[-16.4723776,16.0529883],[-16.4718133,16.0529922],[-16.4715292,16.0527213],[-16.4720894,16.0521718]]}},{"type":"Feature","properties":{"elevation":0.0},"geometry":{"type":"LineString","coordinates":[[-16.5070704,16.0513829],[-16.5067903,16.0516577],[-16.5070745,16.0519285],[-16.5072135,16.0516547],[-16.5070704,16.0513829]]}},{"type":"Feature","properties":{"elevation":5.0},"geometry":{"type":"LineString","coordinates":[[-16.4698303,16.0519145],[-16.4703946,16.0519106],[-16.4706787,16.0521815],[-16.4706807,16.0524543],[-16.4701205,16.0530038],[-16.4698383,16.0530058],[-16.4695542,16.0527349],[-16.4695502,16.0521892],[-16.4698303,16.0519145]]}},{"type":"Feature","properties":{"elevation":5.0},"geometry":{"type":"Point","coordinates":[-16.506226025,16.051661657]}},{"type":"Feature","properties":{"elevation":5.0},"geometry":{"type":"MultiLineString","coordinates":[[[-16.4768838,16.0518659],[-16.4774481,16.0518621],[-16.4771679,16.0521368]],[[-16.4771679,16.0521368],[-16.4774521,16.0524077],[-16.47717,16.0524097],[-16.4771679,16.0521368]],[[-16.4771679,16.0521368],[-16.4768838,16.0518659]]]}},{"type":"Feature","properties":{"elevation":5.0},"geometry":{"type":"LineString","coordinates":[[-16.4734981,16.0518893],[-16.4737789,16.0517054],[-16.4740614,16.051749],[-16.4743435,16.051747],[-16.4746267,16.0518815],[-16.4749108,16.0521524],[-16.475193,16.0521504],[-16.4754731,16.0518757],[-16.4757552,16.0518737],[-16.4757572,16.0521465],[-16.4754751,16.0521485],[-16.4749148,16.052698],[-16.4744977,16.0535194],[-16.4740765,16.0537952],[-16.4737943,16.0537971],[-16.4737923,16.0535243],[-16.4739314,16.0532505],[-16.4739294,16.0529777],[-16.4736432,16.0524339],[-16.4733591,16.0521631],[-16.4734981,16.0518893]]}},{"type":"Feature","properties":{"elevation":5.0},"geometry":{"type":"LineString","coordinates":[[-16.474906806,16.051606722],[-16.474906806,16.051606721]]}},{"type":"Feature","properties":{"elevation":5.0},"geometry":{"type":"LineString","coordinates":[[-16.462774801,16.051689899],[-16.462774802,16.051689899],[-16.462774802,16.0516899],[-16.462774801,16.051689899]]}},{"type":"Feature","properties":{"elevation":5.0},"geometry":{"type":"LineString","coordinates":[[-16.4822404,16.0512833],[-16.4825225,16.0512813],[-16.4830888,16.0515502],[-16.4831614,16.0518226],[-16.4830918,16.0519595],[-16.4828107,16.0520978],[-16.4825286,16.0520998],[-16.4822485,16.0523746],[-16.4822525,16.0529202],[-16.4822505,16.0526474],[-16.4819663,16.0523765],[-16.4819643,16.0521037],[-16.4821034,16.0518299],[-16.4821013,16.0515571],[-16.4822404,16.0512833]]}},{"type":"Feature","properties":{"elevation":5.0},"geometry":{"type":"LineString","coordinates":[[-16.4681335,16.0513804],[-16.4684156,16.0513785],[-16.4684176,16.0516513],[-16.4681375,16.0519261],[-16.4678553,16.051928],[-16.4678533,16.0516552],[-16.4681335,16.0513804]]}},{"type":"Feature","properties":{"elevation":5.0},"geometry":{"type":"LineString","coordinates":[[-16.4599494,16.0511635],[-16.4596693,16.0514382],[-16.4596713,16.0517111],[-16.4599554,16.051982],[-16.4602375,16.05198],[-16.4603766,16.0517063],[-16.4602335,16.0514344],[-16.4599494,16.0511635]]}},{"type":"Feature","properties":{"elevation":5.0},"geometry":{"type":"LineString","coordinates":[[-16.472083411,16.0513533],[-16.472083411,16.051353299],[-16.472083412,16.0513533],[-16.472083411,16.0513533]]}},{"type":"Feature","properties":{"elevation":0.0},"geometry":{"type":"LineString","coordinates":[[-16.5067821,16.0505664],[-16.5066431,16.0508402],[-16.5067852,16.0509756],[-16.5069252,16.0508382],[-16.5067821,16.0505664]]}},{"type":"Feature","properties":{"elevation":5.0},"geometry":{"type":"LineString","coordinates":[[-16.47857058,16.051035787],[-16.47857058,16.051035788]]}},{"type":"Feature","properties":{"elevation":5.0},"geometry":{"type":"LineString","coordinates":[[-16.4842113,16.0507239],[-16.4843074,16.0509961],[-16.4843094,16.0512689],[-16.4842174,16.0515424],[-16.4842194,16.0518152],[-16.4836511,16.0512735],[-16.4837431,16.051],[-16.4839298,16.0508168],[-16.4842113,16.0507239]]}},{"type":"Feature","properties":{"elevation":5.0},"geometry":{"type":"LineString","coordinates":[[-16.4971895,16.0506336],[-16.4974706,16.0504953],[-16.4976127,16.0506307],[-16.4977558,16.0509025],[-16.4975564,16.0511768],[-16.4974778,16.0514501],[-16.4972877,16.0511786],[-16.4971916,16.0509065],[-16.4971895,16.0506336]]}},{"type":"Feature","properties":{"elevation":5.0},"geometry":{"type":"LineString","coordinates":[[-16.4948518,16.05065],[-16.4949319,16.0505715],[-16.4951205,16.0506481],[-16.4950756,16.0509212],[-16.4949355,16.0510586],[-16.4946544,16.051197],[-16.4943723,16.051199],[-16.4945717,16.0509248],[-16.4948518,16.05065]]}},{"type":"Feature","properties":{"elevation":5.0},"geometry":{"type":"LineString","coordinates":[[-16.4723615,16.0508057],[-16.4723635,16.0510785]]}},{"type":"Feature","properties":{"elevation":5.0},"geometry":{"type":"LineString","coordinates":[[-16.4627688,16.0508714],[-16.463051,16.0508695],[-16.463053,16.0511423],[-16.4627688,16.0508714]]}},{"type":"Feature","properties":{"elevation":5.0},"geometry":{"type":"LineString","coordinates":[[-16.4520475,16.0509443],[-16.4520495,16.0512172],[-16.4517673,16.0512191],[-16.4520475,16.0509443]]}},{"type":"Feature","properties":{"elevation":5.0},"geometry":{"type":"LineString","coordinates":[[-16.484775574,16.050720036],[-16.484775575,16.050720035],[-16.484775575,16.050720036],[-16.484775574,16.050720036]]}},{"type":"Feature","properties":{"elevation":5.0},"geometry":{"type":"Point","coordinates":[-16.444711831,16.050993936]}},{"type":"Feature","properties":{"elevation":5.0},"geometry":{"type":"LineString","coordinates":[[-16.469256,16.0505542],[-16.469258,16.050827]]}},{"type":"Feature","properties":{"elevation":5.0},"geometry":{"type":"LineString","coordinates":[[-16.4588149,16.0503527],[-16.4585347,16.0506274],[-16.4585367,16.0509003],[-16.4588209,16.0511712],[-16.459103,16.0511693],[-16.4593832,16.0508945],[-16.4593812,16.0506217],[-16.459097,16.0503508],[-16.4588149,16.0503527]]}},{"type":"Feature","properties":{"elevation":5.0},"geometry":{"type":"LineString","coordinates":[[-16.5081886,16.0500108],[-16.5079086,16.0502856],[-16.5081917,16.0504201],[-16.5084728,16.0502817],[-16.5081886,16.0500108]]}},{"type":"Feature","properties":{"elevation":5.0},"geometry":{"type":"LineString","coordinates":[[-16.4582506,16.0503565],[-16.4579705,16.0506313],[-16.4582536,16.0507658],[-16.4585347,16.0506274],[-16.4582506,16.0503565]]}},{"type":"Feature","properties":{"elevation":0.0},"geometry":{"type":"LineString","coordinates":[[-16.4796921,16.0500731],[-16.479552,16.0502105],[-16.4796951,16.0504823],[-16.4799752,16.0502076],[-16.4796921,16.0500731]]}},{"type":"Feature","properties":{"elevation":0.0},"geometry":{"type":"LineString","coordinates":[[-16.5088929,16.0498695],[-16.5087519,16.0498704],[-16.5086965,16.0500073],[-16.5087534,16.0500751],[-16.5088945,16.0500741]]}},{"type":"Feature","properties":{"elevation":5.0},"geometry":{"type":"LineString","coordinates":[[-16.4672791,16.0502949],[-16.4675612,16.050293],[-16.4681295,16.0508347],[-16.4675652,16.0508386],[-16.4672811,16.0505677],[-16.4672791,16.0502949]]}},{"type":"Feature","properties":{"elevation":5.0},"geometry":{"type":"LineString","coordinates":[[-16.4647398,16.0503123],[-16.4653081,16.0508541],[-16.4650269,16.0509924],[-16.4647438,16.0508579],[-16.4647398,16.0503123]]}},{"type":"Feature","properties":{"elevation":5.0},"geometry":{"type":"LineString","coordinates":[[-16.4780003,16.0502212],[-16.4782824,16.0502193],[-16.4785639,16.0501264],[-16.4788467,16.0502154],[-16.4788487,16.0504882],[-16.4785676,16.0506265],[-16.4782844,16.0504921],[-16.4780023,16.050494],[-16.4780003,16.0502212]]}},{"type":"Feature","properties":{"elevation":5.0},"geometry":{"type":"LineString","coordinates":[[-16.4571201,16.0500914],[-16.4568419,16.050639],[-16.4565598,16.0506409],[-16.4562816,16.0511884],[-16.4565657,16.0514594],[-16.4568459,16.0511846],[-16.457128,16.0511827],[-16.4574082,16.0509079],[-16.4574062,16.0506351],[-16.4576863,16.0503604],[-16.4574022,16.0500895],[-16.4571201,16.0500914]]}},{"type":"Feature","properties":{"elevation":0.0},"geometry":{"type":"LineString","coordinates":[[-16.463044,16.0499146],[-16.4629509,16.0500516],[-16.463047,16.0503238],[-16.4633271,16.0500491],[-16.463044,16.0499146]]}},{"type":"Feature","properties":{"elevation":5.0},"geometry":{"type":"LineString","coordinates":[[-16.5088899,16.0494602],[-16.5087488,16.0494612],[-16.5085251,16.0497356],[-16.5084697,16.0498724],[-16.5081886,16.0500108],[-16.5084728,16.0502817],[-16.508756,16.0504161],[-16.5088971,16.0504151]]}},{"type":"Feature","properties":{"elevation":5.0},"geometry":{"type":"LineString","coordinates":[[-16.4480896,16.0498798],[-16.4480956,16.0506982],[-16.4478114,16.0504273],[-16.4478095,16.0501545],[-16.4480896,16.0498798]]}},{"type":"Feature","properties":{"elevation":5.0},"geometry":{"type":"LineString","coordinates":[[-16.4593745,16.0497122],[-16.4592341,16.0498041],[-16.4593772,16.050076],[-16.4596573,16.0498013],[-16.4593745,16.0497122]]}},{"type":"Feature","properties":{"elevation":10.0},"geometry":{"type":"LineString","coordinates":[[-16.4435754,16.0499102],[-16.4438595,16.0501812]]}},{"type":"Feature","properties":{"elevation":5.0},"geometry":{"type":"LineString","coordinates":[[-16.4672711,16.0492036],[-16.4675522,16.0490652],[-16.4678353,16.0491997],[-16.4678373,16.0494725],[-16.4675562,16.0496109],[-16.4672741,16.0496128],[-16.467132,16.0494774],[-16.4672711,16.0492036]]}},{"type":"Feature","properties":{"elevation":5.0},"geometry":{"type":"LineString","coordinates":[[-16.4579586,16.0489943],[-16.4576784,16.0492691],[-16.4573963,16.049271],[-16.4571161,16.0495457],[-16.4574002,16.0498166],[-16.4576824,16.0498147],[-16.4579665,16.0500856],[-16.4582486,16.0500837],[-16.4588103,16.0497161],[-16.458997,16.0495329],[-16.458948,16.0492604],[-16.4588056,16.0490795],[-16.4585228,16.0489905],[-16.4579586,16.0489943]]}},{"type":"Feature","properties":{"elevation":0.0},"geometry":{"type":"LineString","coordinates":[[-16.4717822,16.0487634],[-16.4715011,16.0489017],[-16.471219,16.0489037],[-16.4709375,16.0489965],[-16.4706567,16.0491804],[-16.4709408,16.0494513],[-16.4710839,16.0497231],[-16.4709448,16.0499969],[-16.471228,16.0501314],[-16.4715098,16.050084],[-16.4717913,16.0499911],[-16.4717892,16.0497183],[-16.4723495,16.0491687],[-16.4722535,16.0488966],[-16.4720644,16.0487614],[-16.4717822,16.0487634]]}},{"type":"Feature","properties":{"elevation":5.0},"geometry":{"type":"LineString","coordinates":[[-16.4971753,16.0487239],[-16.4972243,16.0489964],[-16.4974615,16.0492676],[-16.4971814,16.0495424],[-16.4971855,16.050088],[-16.4971834,16.0498152],[-16.4968992,16.0495443],[-16.4969913,16.0492708],[-16.4970362,16.0489977],[-16.4971753,16.0487239]]}},{"type":"Feature","properties":{"elevation":5.0},"geometry":{"type":"LineString","coordinates":[[-16.4430042,16.0489591],[-16.4427231,16.0490974],[-16.4424429,16.0493722],[-16.4424508,16.0504635],[-16.4427349,16.0507344],[-16.4432972,16.0504578],[-16.4432012,16.0501856],[-16.4430111,16.049914],[-16.4431502,16.0496402],[-16.4432903,16.0495029],[-16.4435715,16.0493646],[-16.4432874,16.0490936],[-16.4430042,16.0489591]]}},{"type":"Feature","properties":{"elevation":10.0},"geometry":{"type":"LineString","coordinates":[[-16.4559836,16.0490077],[-16.4562657,16.0490058],[-16.4565499,16.0492767],[-16.4564108,16.0495505],[-16.4562707,16.0496879],[-16.4559895,16.0498262],[-16.4557074,16.0498281],[-16.4554233,16.0495572],[-16.4559836,16.0490077]]}},{"type":"Feature","properties":{"elevation":5.0},"geometry":{"type":"LineString","coordinates":[[-16.4648689,16.0486743],[-16.465009,16.048537],[-16.4652921,16.0486714],[-16.465011,16.0488098],[-16.4648689,16.0486743]]}},{"type":"Feature","properties":{"elevation":5.0},"geometry":{"type":"LineString","coordinates":[[-16.4438477,16.0485442],[-16.4432874,16.0490936],[-16.4435715,16.0493646],[-16.4438543,16.0494536],[-16.4441377,16.0496336],[-16.444704,16.0499026],[-16.4449861,16.0499007],[-16.4452663,16.049626],[-16.4454524,16.0493519],[-16.4454504,16.049079],[-16.4452604,16.0488075],[-16.4449763,16.0485366],[-16.4438477,16.0485442]]}},{"type":"Feature","properties":{"elevation":5.0},"geometry":{"type":"LineString","coordinates":[[-16.4424351,16.0482808],[-16.4421549,16.0485556],[-16.442439,16.0488265],[-16.4425781,16.0485527],[-16.4424351,16.0482808]]}},{"type":"Feature","properties":{"elevation":5.0},"geometry":{"type":"LineString","coordinates":[[-16.4771358,16.0477716],[-16.4768556,16.0480464],[-16.4771398,16.0483173],[-16.4774199,16.0480425],[-16.4771358,16.0477716]]}},{"type":"Feature","properties":{"elevation":5.0},"geometry":{"type":"LineString","coordinates":[[-16.4590792,16.0478953],[-16.458799,16.0481701],[-16.4590831,16.048441],[-16.4593633,16.0481662],[-16.4590792,16.0478953]]}},{"type":"Feature","properties":{"elevation":0.0},"geometry":{"type":"LineString","coordinates":[[-16.486163,16.0475728],[-16.4860229,16.0477102],[-16.486165,16.0478456],[-16.4863051,16.0477082],[-16.486163,16.0475728]]}},{"type":"Feature","properties":{"elevation":0.0},"geometry":{"type":"LineString","coordinates":[[-16.4506121,16.0475435],[-16.450472,16.0476809],[-16.4506151,16.0479528],[-16.4508976,16.0480054],[-16.4509913,16.0479502],[-16.4512714,16.0476755],[-16.4511764,16.0475397],[-16.4508939,16.0474961],[-16.4506121,16.0475435]]}},{"type":"Feature","properties":{"elevation":0.0},"geometry":{"type":"LineString","coordinates":[[-16.4726176,16.047257],[-16.4723375,16.0475318],[-16.4721984,16.0478056],[-16.4723415,16.0480774],[-16.4726236,16.0480755],[-16.4729038,16.0478007],[-16.4729017,16.0475279],[-16.4726176,16.047257]]}},{"type":"Feature","properties":{"elevation":5.0},"geometry":{"type":"LineString","coordinates":[[-16.4664127,16.0475724],[-16.4666968,16.0478433],[-16.4666988,16.0481161],[-16.4664147,16.0478452],[-16.4664127,16.0475724]]}},{"type":"Feature","properties":{"elevation":5.0},"geometry":{"type":"LineString","coordinates":[[-16.482776391,16.047459804],[-16.482776391,16.047459803]]}},{"type":"Feature","properties":{"elevation":5.0},"geometry":{"type":"LineString","coordinates":[[-16.4655663,16.0475782],[-16.4658484,16.0475763]]}},{"type":"Feature","properties":{"elevation":5.0},"geometry":{"type":"LineString","coordinates":[[-16.4492024,16.0476895],[-16.4494846,16.0476876]]}},{"type":"Feature","properties":{"elevation":5.0},"geometry":{"type":"LineString","coordinates":[[-16.509018462955964,16.047003757030787],[-16.5090124,16.0470038],[-16.5084523,16.0475534],[-16.5088786,16.0479597]]}},{"type":"Feature","properties":{"elevation":5.0},"geometry":{"type":"MultiLineString","coordinates":[[[-16.4833386,16.0471831],[-16.4836228,16.0474539],[-16.4839049,16.047452],[-16.4844732,16.0479937]],[[-16.4844732,16.0479937],[-16.4844773,16.0485394],[-16.4841972,16.0488142],[-16.483915,16.0488161],[-16.483911,16.0482705],[-16.4841931,16.0482685],[-16.4844732,16.0479937]],[[-16.4844732,16.0479937],[-16.4841891,16.0477229],[-16.4836248,16.0477268],[-16.4833407,16.0474559],[-16.4833386,16.0471831]]]}},{"type":"Feature","properties":{"elevation":5.0},"geometry":{"type":"LineString","coordinates":[[-16.456534,16.0470941],[-16.4562538,16.0473688],[-16.4562578,16.0479145],[-16.4564008,16.0481864],[-16.4565429,16.0483218],[-16.456826,16.0484563],[-16.4573903,16.0484525],[-16.4576705,16.0481777],[-16.4576685,16.0479049],[-16.4573844,16.047634],[-16.4571022,16.0476359],[-16.4571002,16.0473631],[-16.4568161,16.0470922],[-16.456534,16.0470941]]}},{"type":"Feature","properties":{"elevation":5.0},"geometry":{"type":"LineString","coordinates":[[-16.4678213,16.0472899],[-16.4681035,16.047288]]}},{"type":"Feature","properties":{"elevation":0.0},"geometry":{"type":"LineString","coordinates":[[-16.4633042,16.0469116],[-16.4630231,16.0470499],[-16.4633072,16.0473208],[-16.4633757,16.0470475],[-16.4633042,16.0469116]]}},{"type":"Feature","properties":{"elevation":0.0},"geometry":{"type":"LineString","coordinates":[[-16.4523,16.04685],[-16.4521609,16.0471238],[-16.4523039,16.0473956],[-16.4525861,16.0473937],[-16.4528662,16.047119],[-16.4523,16.04685]]}},{"type":"Feature","properties":{"elevation":5.0},"geometry":{"type":"LineString","coordinates":[[-16.5089053,16.0515064],[-16.5087642,16.0515074],[-16.5084831,16.0516458],[-16.5084852,16.0519186],[-16.508201,16.0516478],[-16.5081284,16.0513754],[-16.5081404,16.0511025],[-16.5080537,16.0508303],[-16.5079106,16.0505585],[-16.5067739,16.0494751],[-16.507054,16.0492003],[-16.507332,16.0486527],[-16.5073258,16.0478342],[-16.5076059,16.0475594],[-16.5076039,16.0472866],[-16.5081681,16.0472826],[-16.5087283,16.046733],[-16.5090124,16.0470038],[-16.509018462955964,16.047003757030787]]}},{"type":"Feature","properties":{"elevation":5.0},"geometry":{"type":"LineString","coordinates":[[-16.5061891,16.0467508],[-16.5070355,16.0467449],[-16.5070375,16.0470177],[-16.5064774,16.0475673],[-16.5067616,16.0478382],[-16.5067657,16.0483838],[-16.5064815,16.048113],[-16.5059172,16.0481169],[-16.5058346,16.0478447],[-16.5055504,16.0475738],[-16.5056269,16.0470276],[-16.505909,16.0470257],[-16.5061891,16.0467508]]}},{"type":"Feature","properties":{"elevation":5.0},"geometry":{"type":"LineString","coordinates":[[-16.4810775,16.046653],[-16.4813617,16.0469239],[-16.4810816,16.0471987],[-16.4807995,16.0472006],[-16.4807974,16.0469278],[-16.4810775,16.046653]]}},{"type":"Feature","properties":{"elevation":5.0},"geometry":{"type":"LineString","coordinates":[[-16.4466553,16.0466153],[-16.4463751,16.0468901],[-16.4463771,16.0471629],[-16.4466612,16.0474338],[-16.4469434,16.0474319],[-16.4470824,16.0471581],[-16.4470335,16.0468856],[-16.4469384,16.0467498],[-16.4466553,16.0466153]]}},{"type":"Feature","properties":{"elevation":5.0},"geometry":{"type":"LineString","coordinates":[[-16.466969,16.0464772],[-16.4675332,16.0464734],[-16.4675352,16.0467462],[-16.4672531,16.0467481],[-16.466969,16.0464772]]}},{"type":"Feature","properties":{"elevation":5.0},"geometry":{"type":"LineString","coordinates":[[-16.463583357,16.046500384],[-16.463583357,16.046500383],[-16.463583358,16.046500384],[-16.463583357,16.046500384]]}},{"type":"Feature","properties":{"elevation":5.0},"geometry":{"type":"LineString","coordinates":[[-16.464427762,16.046221773],[-16.464427763,16.046221773]]}},{"type":"Feature","properties":{"elevation":5.0},"geometry":{"type":"LineString","coordinates":[[-16.458501,16.0459893],[-16.4582208,16.0462641],[-16.458504,16.0463986],[-16.4587851,16.0462603],[-16.458501,16.0459893]]}},{"type":"Feature","properties":{"elevation":5.0},"geometry":{"type":"LineString","coordinates":[[-16.4508834,16.0460411],[-16.4511675,16.046312],[-16.4517318,16.0463082],[-16.4518748,16.04658],[-16.4517357,16.0468538],[-16.4514536,16.0468557],[-16.4511695,16.0465848],[-16.4508873,16.0465867],[-16.4506032,16.0463158],[-16.4508834,16.0460411]]}},{"type":"Feature","properties":{"elevation":5.0},"geometry":{"type":"LineString","coordinates":[[-16.4568062,16.045728],[-16.4566671,16.0460018],[-16.4566691,16.0462747],[-16.4568122,16.0465465],[-16.4570963,16.0468174],[-16.4576566,16.0462679],[-16.4570883,16.0457261],[-16.4568062,16.045728]]}},{"type":"Feature","properties":{"elevation":5.0},"geometry":{"type":"LineString","coordinates":[[-16.4737361,16.0458851],[-16.4740182,16.0458832],[-16.4741613,16.046155],[-16.4740213,16.0462924],[-16.4737381,16.046158],[-16.4737361,16.0458851]]}},{"type":"Feature","properties":{"elevation":5.0},"geometry":{"type":"LineString","coordinates":[[-16.48050724,16.045838453],[-16.480507241,16.045838453]]}},{"type":"Feature","properties":{"elevation":5.0},"geometry":{"type":"LineString","coordinates":[[-16.4587811,16.0457146],[-16.458501,16.0459893],[-16.4587851,16.0462603],[-16.4589242,16.0459865],[-16.4587811,16.0457146]]}},{"type":"Feature","properties":{"elevation":5.0},"geometry":{"type":"LineString","coordinates":[[-16.4494727,16.0460506],[-16.4497548,16.0460487]]}},{"type":"Feature","properties":{"elevation":5.0},"geometry":{"type":"LineString","coordinates":[[-16.4438271,16.0456794],[-16.4435459,16.0458178],[-16.4429816,16.0458216],[-16.4427015,16.0460963],[-16.4427034,16.0463691],[-16.4432716,16.046911],[-16.4435518,16.0466363],[-16.4438339,16.0466344],[-16.4438359,16.0469072],[-16.4435557,16.0471819],[-16.4432775,16.0477295],[-16.4432815,16.0482751],[-16.4435656,16.0485461],[-16.4438457,16.0482713],[-16.4441298,16.0485423],[-16.444412,16.0485404],[-16.4446922,16.0482656],[-16.4446902,16.0479928],[-16.4444041,16.047449],[-16.4446843,16.0471743],[-16.4449664,16.0471724],[-16.4452495,16.0473069],[-16.4455297,16.0470322],[-16.4458109,16.0468939],[-16.4455268,16.0466229],[-16.4452446,16.0466248],[-16.4446784,16.0463558],[-16.4446764,16.046083],[-16.4449566,16.0458083],[-16.4446725,16.0455373],[-16.4443913,16.0456756],[-16.4438271,16.0456794]]}},{"type":"Feature","properties":{"elevation":0.0},"geometry":{"type":"LineString","coordinates":[[-16.5050469,16.04494],[-16.5048602,16.0451232],[-16.5049093,16.0453956],[-16.5050514,16.0455311],[-16.5051444,16.045394],[-16.5052364,16.0451205],[-16.5050469,16.04494]]}},{"type":"Feature","properties":{"elevation":0.0},"geometry":{"type":"LineString","coordinates":[[-16.4641377,16.0451324],[-16.4638575,16.0454071],[-16.4641406,16.0455416],[-16.4642807,16.0454043],[-16.4641377,16.0451324]]}},{"type":"Feature","properties":{"elevation":5.0},"geometry":{"type":"LineString","coordinates":[[-16.4872743,16.0452459],[-16.4875585,16.0455168],[-16.4877015,16.0457886],[-16.4878436,16.0459241],[-16.4878917,16.0460602],[-16.487845,16.0461059],[-16.4875635,16.0461988],[-16.4872804,16.0460644],[-16.4872743,16.0452459]]}},{"type":"Feature","properties":{"elevation":5.0},"geometry":{"type":"LineString","coordinates":[[-16.4604709,16.0452938],[-16.4601898,16.0454322],[-16.4599097,16.0457069],[-16.4599156,16.0465254],[-16.4601997,16.0467963],[-16.4602017,16.0470691],[-16.4604859,16.04734],[-16.4610461,16.0467905],[-16.4613289,16.0468796],[-16.4616104,16.0467867],[-16.4618906,16.0465119],[-16.4616064,16.046241],[-16.4613243,16.046243],[-16.4610402,16.0459721],[-16.4610362,16.0454264],[-16.4607531,16.0452919],[-16.4604709,16.0452938]]}},{"type":"Feature","properties":{"elevation":5.0},"geometry":{"type":"LineString","coordinates":[[-16.4412849,16.0452873],[-16.4410047,16.045562],[-16.4412888,16.045833],[-16.441569,16.0455582],[-16.4412849,16.0452873]]}},{"type":"Feature","properties":{"elevation":5.0},"geometry":{"type":"LineString","coordinates":[[-16.4740122,16.0450647],[-16.4742944,16.0450628],[-16.4742964,16.0453356],[-16.4737321,16.0453395],[-16.4740122,16.0450647]]}},{"type":"Feature","properties":{"elevation":5.0},"geometry":{"type":"LineString","coordinates":[[-16.4731658,16.0450705],[-16.4733089,16.0453424],[-16.4731688,16.0454798],[-16.4728857,16.0453453],[-16.4731658,16.0450705]]}},{"type":"Feature","properties":{"elevation":5.0},"geometry":{"type":"LineString","coordinates":[[-16.4491847,16.045234],[-16.4494668,16.0452321],[-16.4494688,16.0455049],[-16.4491847,16.045234]]}},{"type":"Feature","properties":{"elevation":5.0},"geometry":{"type":"LineString","coordinates":[[-16.4717532,16.0448074],[-16.4718492,16.0450796],[-16.4717572,16.045353],[-16.4714751,16.045355],[-16.4711909,16.0450841],[-16.4714731,16.0450821],[-16.4717532,16.0448074]]}},{"type":"Feature","properties":{"elevation":5.0},"geometry":{"type":"LineString","coordinates":[[-16.4522861,16.0449402],[-16.4524762,16.0452117],[-16.4522901,16.0454858],[-16.452008,16.0454878],[-16.4519355,16.0452154],[-16.452005,16.0450785],[-16.4522861,16.0449402]]}},{"type":"Feature","properties":{"elevation":5.0},"geometry":{"type":"LineString","coordinates":[[-16.5084276,16.0442796],[-16.5081476,16.0445544],[-16.5084318,16.0448252],[-16.5087118,16.0445504],[-16.5084276,16.0442796]]}},{"type":"Feature","properties":{"elevation":5.0},"geometry":{"type":"Point","coordinates":[-16.475138731,16.04478411]}},{"type":"Feature","properties":{"elevation":5.0},"geometry":{"type":"LineString","coordinates":[[-16.4819078,16.0444646],[-16.4821899,16.0444626],[-16.4824761,16.0450063],[-16.4827582,16.0450044],[-16.4830424,16.0452752],[-16.4836066,16.0452713],[-16.4836086,16.0455442],[-16.4833285,16.0458189],[-16.4830484,16.0460937],[-16.4824842,16.0460976],[-16.4819239,16.0466472],[-16.481926,16.04692],[-16.4816418,16.0466491],[-16.4819219,16.0463744],[-16.4816378,16.0461035],[-16.4813516,16.0455598],[-16.4813476,16.0450141],[-16.4819078,16.0444646]]}},{"type":"Feature","properties":{"elevation":5.0},"geometry":{"type":"LineString","coordinates":[[-16.4765474,16.0445016],[-16.4765494,16.0447744],[-16.4762693,16.0450492],[-16.4762672,16.0447763],[-16.4765474,16.0445016]]}},{"type":"Feature","properties":{"elevation":5.0},"geometry":{"type":"MultiLineString","coordinates":[[[-16.4661066,16.0443004],[-16.4666748,16.0448422],[-16.466957,16.0448403],[-16.4672411,16.0451112],[-16.467805379889022,16.045107319725705]],[[-16.467805379889022,16.045107319725705],[-16.467805420394754,16.045107319447165]],[[-16.467805420394754,16.045107319447165],[-16.4686517,16.0451015],[-16.4689359,16.0453724],[-16.4695001,16.0453685],[-16.4697803,16.0450938],[-16.4694961,16.0448229],[-16.4694941,16.04455],[-16.4697783,16.0448209],[-16.4700584,16.0445462],[-16.4703425,16.0448171],[-16.4703445,16.0450899],[-16.4700624,16.0450918],[-16.4697823,16.0453666],[-16.4697843,16.0456394],[-16.4699273,16.0459113],[-16.4697883,16.0461851],[-16.4695061,16.046187],[-16.469226,16.0464618],[-16.4689459,16.0467365],[-16.4689479,16.0470094],[-16.4686637,16.0467385],[-16.4686617,16.0464656],[-16.4680935,16.0459239],[-16.4680895,16.0453782],[-16.467805420394754,16.045107319447165]],[[-16.467805420394754,16.045107319447165],[-16.4678054,16.0451073],[-16.467805379889022,16.045107319725705]],[[-16.467805379889022,16.045107319725705],[-16.466965,16.0459316],[-16.466961,16.0453859],[-16.4666768,16.045115],[-16.4663957,16.0452534],[-16.4661126,16.0451189],[-16.4659695,16.044847],[-16.4659675,16.0445742],[-16.4661066,16.0443004]]]}},{"type":"Feature","properties":{"elevation":5.0},"geometry":{"type":"LineString","coordinates":[[-16.5061666,16.0437498],[-16.5058865,16.0440246],[-16.506739,16.0448371],[-16.5070191,16.0445623],[-16.5061666,16.0437498]]}},{"type":"Feature","properties":{"elevation":5.0},"geometry":{"type":"LineString","coordinates":[[-16.4850072,16.0438974],[-16.4847271,16.0441722],[-16.4850112,16.0444431],[-16.4852913,16.0441683],[-16.4850072,16.0438974]]}},{"type":"Feature","properties":{"elevation":0.0},"geometry":{"type":"LineString","coordinates":[[-16.4748486,16.0436947],[-16.4746625,16.0439689],[-16.4748519,16.0441495],[-16.4749937,16.0442394],[-16.4751351,16.044293],[-16.4752758,16.0442375],[-16.4752738,16.0439647],[-16.4751317,16.0438292],[-16.4748486,16.0436947]]}},{"type":"Feature","properties":{"elevation":5.0},"geometry":{"type":"LineString","coordinates":[[-16.46046,16.0437933],[-16.4601799,16.044068],[-16.460464,16.0443389],[-16.4607461,16.044337],[-16.4608892,16.0446089],[-16.4608912,16.0448817],[-16.4610342,16.0451536],[-16.4613183,16.0454245],[-16.4616005,16.0454225],[-16.4618806,16.0451478],[-16.4618766,16.0446021],[-16.4613084,16.0440603],[-16.4610263,16.0440623],[-16.4607421,16.0437913],[-16.46046,16.0437933]]}},{"type":"Feature","properties":{"elevation":5.0},"geometry":{"type":"LineString","coordinates":[[-16.4463545,16.0440253],[-16.4462144,16.0441627],[-16.4460753,16.0444365],[-16.4463594,16.0447074],[-16.4466415,16.0447055],[-16.4469227,16.0445672],[-16.4470627,16.0444298],[-16.4469197,16.0441579],[-16.4466369,16.0440689],[-16.4463545,16.0440253]]}},{"type":"Feature","properties":{"elevation":5.0},"geometry":{"type":"MultiLineString","coordinates":[[[-16.4785162,16.0436695],[-16.4787984,16.0436675],[-16.4793666,16.0442093],[-16.4790845,16.0442112],[-16.4785243,16.0447608],[-16.4788084,16.0450317],[-16.4790905,16.0450297],[-16.4790926,16.0453025],[-16.4793767,16.0455734],[-16.4793868,16.0469376],[-16.4788265,16.0474871],[-16.4791107,16.047758],[-16.4799571,16.0477521],[-16.4799591,16.048025],[-16.4802432,16.0482958],[-16.4802473,16.0488415],[-16.4799651,16.0488434],[-16.479681,16.0485726],[-16.4791167,16.0485765],[-16.4791147,16.0483036],[-16.4788306,16.0480328],[-16.4782663,16.0480366],[-16.477704,16.0483134],[-16.4777061,16.0485862],[-16.477567,16.04886],[-16.4774269,16.0489974],[-16.4771458,16.0491357],[-16.4771498,16.0496814],[-16.4768697,16.0499562],[-16.4768717,16.050229],[-16.4765896,16.0502309],[-16.4763095,16.0505057],[-16.4763135,16.0510514],[-16.4760334,16.0513261],[-16.4757512,16.0513281],[-16.4754671,16.0510572],[-16.4751869,16.051332],[-16.4749028,16.0510611],[-16.4746207,16.051063],[-16.47433655207713,16.05079214964002]],[[-16.47433655207713,16.05079214964002],[-16.4743365,16.0507921],[-16.4740544,16.0507941]],[[-16.4740544,16.0507941],[-16.4739153,16.0510679],[-16.4737749,16.0511598],[-16.4734928,16.0511617],[-16.47321,16.0510727],[-16.4730669,16.0508009],[-16.473207,16.0506635],[-16.4734881,16.0505251]],[[-16.4734881,16.0505251],[-16.4732039,16.0502542]],[[-16.4732039,16.0502542],[-16.4729205,16.0500743],[-16.4726377,16.0499853],[-16.4729193,16.0499151],[-16.4731994,16.0496404],[-16.4734811,16.0495702],[-16.4736231,16.0497057],[-16.4736251,16.0499785],[-16.4732039,16.0502542]],[[-16.4734881,16.0505251],[-16.4737702,16.0505232],[-16.4740544,16.0507941]],[[-16.4740544,16.0507941],[-16.47433655207713,16.05079214964002]],[[-16.47433655207713,16.05079214964002],[-16.4746186,16.0507902],[-16.4748988,16.0505154],[-16.4748948,16.0499698],[-16.4746106,16.0496989],[-16.4746086,16.049426]],[[-16.4746086,16.049426],[-16.4743245,16.0491552]],[[-16.4743245,16.0491552],[-16.4740443,16.0494299],[-16.4740423,16.0491571],[-16.4743225,16.0488823]],[[-16.4743225,16.0488823],[-16.4737542,16.0483406],[-16.4746006,16.0483347],[-16.4746026,16.0486076],[-16.4743225,16.0488823]],[[-16.4743225,16.0488823],[-16.4743245,16.0491552]],[[-16.4746086,16.049426],[-16.4751689,16.0488765],[-16.4751668,16.0486037],[-16.475449,16.0486017],[-16.4757291,16.048327],[-16.4751608,16.0477852],[-16.4748807,16.04806],[-16.4748787,16.0477871],[-16.4743104,16.0472454],[-16.4745925,16.0472434],[-16.4748767,16.0475143],[-16.4757231,16.0475085],[-16.4760062,16.047643],[-16.4762873,16.0475046],[-16.4771337,16.0474988],[-16.4774139,16.047224],[-16.4774098,16.0466783],[-16.4771257,16.0464075],[-16.4768436,16.0464094],[-16.4765594,16.0461385],[-16.4765574,16.0458657],[-16.4768375,16.0455909],[-16.4773998,16.0453142],[-16.4779681,16.045856],[-16.4785283,16.0453064],[-16.47796,16.0447647],[-16.477954,16.0439462],[-16.4782361,16.0439442],[-16.4785162,16.0436695]]]}},{"type":"Feature","properties":{"elevation":5.0},"geometry":{"type":"LineString","coordinates":[[-16.5075731,16.0431942],[-16.507293,16.043469],[-16.507295,16.0437419],[-16.5075792,16.0440127],[-16.5081394,16.0434631],[-16.5078552,16.0431922],[-16.5075731,16.0431942]]}},{"type":"Feature","properties":{"elevation":5.0},"geometry":{"type":"LineString","coordinates":[[-16.4559439,16.0435512],[-16.4556638,16.0438259],[-16.4556658,16.0440987],[-16.4559499,16.0443696],[-16.45623,16.0440949],[-16.4562281,16.0438221],[-16.4559439,16.0435512]]}},{"type":"Feature","properties":{"elevation":5.0},"geometry":{"type":"LineString","coordinates":[[-16.4503033,16.0438622],[-16.4505874,16.0441332],[-16.4503063,16.0442715],[-16.4500232,16.044137],[-16.4503033,16.0438622]]}},{"type":"Feature","properties":{"elevation":5.0},"geometry":{"type":"LineString","coordinates":[[-16.4593305,16.0436645],[-16.4590494,16.0438029],[-16.4587692,16.0440776],[-16.4587712,16.0443505],[-16.4593394,16.0448923],[-16.4596196,16.0446175],[-16.4596156,16.0440719],[-16.4598958,16.0437971],[-16.4596116,16.0435262],[-16.4593305,16.0436645]]}},{"type":"Feature","properties":{"elevation":5.0},"geometry":{"type":"LineString","coordinates":[[-16.4477622,16.0436066],[-16.4476231,16.0438804],[-16.4477661,16.0441522],[-16.4480463,16.0438775],[-16.4477622,16.0436066]]}},{"type":"Feature","properties":{"elevation":5.0},"geometry":{"type":"LineString","coordinates":[[-16.4716021,16.0434442],[-16.4717422,16.0433068],[-16.4720253,16.0434413],[-16.4720273,16.0437141],[-16.471463,16.043718],[-16.4716021,16.0434442]]}},{"type":"Feature","properties":{"elevation":10.0},"geometry":{"type":"LineString","coordinates":[[-16.4401446,16.0436579],[-16.4404267,16.043656]]}},{"type":"Feature","properties":{"elevation":5.0},"geometry":{"type":"LineString","coordinates":[[-16.4762552,16.0431394],[-16.4765373,16.0431374],[-16.4768215,16.0434083],[-16.4768235,16.0436811],[-16.4762552,16.0431394]]}},{"type":"Feature","properties":{"elevation":5.0},"geometry":{"type":"LineString","coordinates":[[-16.4672271,16.0432014],[-16.4675092,16.0431994],[-16.4675112,16.0434723],[-16.4675132,16.0437451],[-16.4672321,16.0438834],[-16.46709,16.043748],[-16.4672291,16.0434742],[-16.4672271,16.0432014]]}},{"type":"Feature","properties":{"elevation":5.0},"geometry":{"type":"LineString","coordinates":[[-16.4751267,16.0431471],[-16.4754075,16.0429633],[-16.4756909,16.0431433],[-16.4754108,16.043418],[-16.4751267,16.0431471]]}},{"type":"Feature","properties":{"elevation":5.0},"geometry":{"type":"LineString","coordinates":[[-16.449451,16.0430495],[-16.4497351,16.0433204],[-16.4497371,16.0435932],[-16.4494559,16.0437315],[-16.4491738,16.0437335],[-16.4490318,16.043598],[-16.4490298,16.0433252],[-16.4491699,16.0431878],[-16.449451,16.0430495]]}},{"type":"Feature","properties":{"elevation":5.0},"geometry":{"type":"LineString","coordinates":[[-16.4587593,16.0427135],[-16.4584791,16.0429882],[-16.4587623,16.0431227],[-16.4589023,16.0429854],[-16.4587593,16.0427135]]}},{"type":"Feature","properties":{"elevation":5.0},"geometry":{"type":"LineString","coordinates":[[-16.4632733,16.0426827],[-16.4635555,16.0426808],[-16.4638396,16.0429517],[-16.4632753,16.0429555],[-16.4632733,16.0426827]]}},{"type":"Feature","properties":{"elevation":5.0},"geometry":{"type":"LineString","coordinates":[[-16.4807632,16.0422898],[-16.4807672,16.0428354],[-16.4804871,16.0431102],[-16.4804891,16.043383],[-16.4810574,16.0439248],[-16.4810594,16.0441976],[-16.4807793,16.0444724],[-16.4804972,16.0444743],[-16.4799289,16.0439326],[-16.4799228,16.0431141],[-16.4807632,16.0422898]]}},{"type":"Feature","properties":{"elevation":5.0},"geometry":{"type":"MultiLineString","coordinates":[[[-16.4841487,16.0422663],[-16.4844308,16.0422644],[-16.4841507,16.0425392]],[[-16.4841507,16.0425392],[-16.4852873,16.0436227],[-16.4855674,16.0433479],[-16.4858495,16.0433459],[-16.4858535,16.0438916],[-16.4861377,16.0441624],[-16.4855775,16.044712],[-16.4852954,16.044714],[-16.4850153,16.0449887],[-16.4850254,16.0463529],[-16.4847452,16.0466277],[-16.484181,16.0466316],[-16.4847412,16.046082],[-16.4847392,16.0458092],[-16.4841709,16.0452674],[-16.4841668,16.0447218],[-16.4838827,16.0444509],[-16.4838807,16.0441781]],[[-16.4838807,16.0441781],[-16.4835965,16.0439072],[-16.4833144,16.0439092],[-16.4833124,16.0436363],[-16.4838807,16.0441781]],[[-16.4838807,16.0441781],[-16.4841628,16.0441761],[-16.4844429,16.0439014],[-16.4844409,16.0436285],[-16.4841567,16.0433577],[-16.4838706,16.042814],[-16.4841507,16.0425392]],[[-16.4841507,16.0425392],[-16.4841487,16.0422663]]]}},{"type":"Feature","properties":{"elevation":5.0},"geometry":{"type":"LineString","coordinates":[[-16.5091145,16.0418192],[-16.5089734,16.0418202],[-16.5086954,16.0423678],[-16.5087036,16.0434591],[-16.5089878,16.0437299],[-16.5091289,16.043729]]}},{"type":"Feature","properties":{"elevation":10.0},"geometry":{"type":"LineString","coordinates":[[-16.439742406708827,16.04256925564429],[-16.4398546,16.0425685],[-16.439711906793857,16.042708442248227]]}},{"type":"Feature","properties":{"elevation":5.0},"geometry":{"type":"LineString","coordinates":[[-16.4861215,16.0419798],[-16.4864057,16.0422507],[-16.4864077,16.0425235],[-16.4861235,16.0422527],[-16.4861215,16.0419798]]}},{"type":"Feature","properties":{"elevation":5.0},"geometry":{"type":"LineString","coordinates":[[-16.4570619,16.0420884],[-16.4569685,16.04218],[-16.4569705,16.0424528],[-16.4570665,16.042725],[-16.4573486,16.0427231],[-16.4576288,16.0424483],[-16.4576268,16.0421755],[-16.4573437,16.042041],[-16.4570619,16.0420884]]}},{"type":"Feature","properties":{"elevation":5.0},"geometry":{"type":"Point","coordinates":[-16.479632653,16.04202473]}},{"type":"Feature","properties":{"elevation":5.0},"geometry":{"type":"Point","coordinates":[-16.471168894,16.042082986]}},{"type":"Feature","properties":{"elevation":5.0},"geometry":{"type":"Point","coordinates":[-16.465526369,16.042121638]}},{"type":"Feature","properties":{"elevation":5.0},"geometry":{"type":"LineString","coordinates":[[-16.4539591,16.0422004],[-16.4542413,16.0421985],[-16.4534008,16.0430227],[-16.4533969,16.0424771],[-16.453679,16.0424752],[-16.4539591,16.0422004]]}},{"type":"Feature","properties":{"elevation":5.0},"geometry":{"type":"LineString","coordinates":[[-16.4435178,16.0419072],[-16.4433773,16.0419991],[-16.4433793,16.0422719],[-16.4436634,16.0425428],[-16.4436654,16.0428157],[-16.4435263,16.0430895],[-16.4432451,16.0432278],[-16.442962,16.0430933],[-16.4428229,16.043367],[-16.4429659,16.0436389],[-16.4426858,16.0439136],[-16.4426877,16.0441865],[-16.4432559,16.0447283],[-16.4435381,16.0447264],[-16.4441043,16.0449955],[-16.4443845,16.0447207],[-16.4443805,16.0441751],[-16.4440925,16.0433585],[-16.4440827,16.0419943],[-16.4437999,16.0419053],[-16.4435178,16.0419072]]}},{"type":"Feature","properties":{"elevation":5.0},"geometry":{"type":"LineString","coordinates":[[-16.4880944,16.0416933],[-16.4883785,16.0419642],[-16.4885216,16.042236],[-16.4883826,16.0425098],[-16.4881004,16.0425118],[-16.4878143,16.0419681],[-16.4880944,16.0416933]]}},{"type":"Feature","properties":{"elevation":5.0},"geometry":{"type":"LineString","coordinates":[[-16.5072745,16.0410136],[-16.5069945,16.0412884],[-16.5072786,16.0415593],[-16.5072807,16.0418321],[-16.5075649,16.0421029],[-16.508127,16.0418261],[-16.508125,16.0415533],[-16.5078408,16.0412825],[-16.5075567,16.0410116],[-16.5072745,16.0410136]]}},{"type":"Feature","properties":{"elevation":5.0},"geometry":{"type":"LineString","coordinates":[[-16.4799107,16.0414771],[-16.4801929,16.0414752],[-16.4801949,16.041748],[-16.4799128,16.04175],[-16.4799107,16.0414771]]}},{"type":"Feature","properties":{"elevation":5.0},"geometry":{"type":"LineString","coordinates":[[-16.4632654,16.0415914],[-16.4635475,16.0415895],[-16.4635495,16.0418623],[-16.4632654,16.0415914]]}},{"type":"Feature","properties":{"elevation":5.0},"geometry":{"type":"MultiLineString","coordinates":[[[-16.4810352,16.0409237],[-16.4813173,16.0409217],[-16.4818856,16.0414635],[-16.4821677,16.0414615],[-16.4824519,16.0417324],[-16.482734,16.0417305],[-16.4830171,16.0418649],[-16.4831592,16.0420004],[-16.4830202,16.0422742],[-16.482738,16.0422761],[-16.4824579,16.0425509],[-16.482462,16.0430965],[-16.4821798,16.0430985],[-16.4818997,16.0433733],[-16.4816156,16.0431024],[-16.4816095,16.0422839],[-16.4818896,16.0420091],[-16.4818876,16.0417363],[-16.4813194,16.0411946],[-16.4810392,16.0414693]],[[-16.4810392,16.0414693],[-16.4810413,16.0417422],[-16.4807591,16.0417441],[-16.4810392,16.0414693]],[[-16.4810392,16.0414693],[-16.4810352,16.0409237]]]}},{"type":"Feature","properties":{"elevation":5.0},"geometry":{"type":"LineString","coordinates":[[-16.474828498,16.040966475],[-16.474828499,16.040966474],[-16.474828499,16.040966475],[-16.474828498,16.040966475]]}},{"type":"Feature","properties":{"elevation":0.0},"geometry":{"type":"LineString","coordinates":[[-16.509321395165223,16.0401807458174],[-16.5092432,16.0401813],[-16.5091512,16.0404548],[-16.5091858,16.0405909]]}},{"type":"Feature","properties":{"elevation":5.0},"geometry":{"type":"LineString","coordinates":[[-16.4886505,16.0405981],[-16.4889326,16.0405961],[-16.4889367,16.0411418],[-16.4886545,16.0411437],[-16.4886505,16.0405981]]}},{"type":"Feature","properties":{"elevation":5.0},"geometry":{"type":"LineString","coordinates":[[-16.4652343,16.0407594],[-16.4655164,16.0407575],[-16.4655184,16.0410303],[-16.4652363,16.0410323],[-16.4652343,16.0407594]]}},{"type":"Feature","properties":{"elevation":10.0},"geometry":{"type":"LineString","coordinates":[[-16.4426642,16.0409125],[-16.4426681,16.0414582]]}},{"type":"Feature","properties":{"elevation":5.0},"geometry":{"type":"LineString","coordinates":[[-16.4539473,16.0405634],[-16.4540903,16.0408353],[-16.4543744,16.0411062],[-16.4542353,16.04138],[-16.4542373,16.0416528],[-16.4539532,16.0413819],[-16.4536701,16.0412474],[-16.453388,16.0412493],[-16.4531068,16.0413877],[-16.4531048,16.0411148],[-16.453385,16.0408401],[-16.4539473,16.0405634]]}},{"type":"Feature","properties":{"elevation":5.0},"geometry":{"type":"LineString","coordinates":[[-16.48695574,16.040337018],[-16.486955741,16.040337018]]}},{"type":"Feature","properties":{"elevation":5.0},"geometry":{"type":"LineString","coordinates":[[-16.4720012,16.0401674],[-16.4720053,16.040713]]}},{"type":"Feature","properties":{"elevation":5.0},"geometry":{"type":"LineString","coordinates":[[-16.4516883,16.0403059],[-16.4522525,16.0403021]]}},{"type":"Feature","properties":{"elevation":5.0},"geometry":{"type":"LineString","coordinates":[[-16.478770179,16.039847958],[-16.478770179,16.039847959]]}},{"type":"Feature","properties":{"elevation":5.0},"geometry":{"type":"LineString","coordinates":[[-16.4782059,16.0398518],[-16.4782059,16.0398519]]}},{"type":"Feature","properties":{"elevation":5.0},"geometry":{"type":"LineString","coordinates":[[-16.4742562,16.039879],[-16.4745383,16.0398771],[-16.4742582,16.0401519],[-16.4742622,16.0406975],[-16.4739801,16.0406995],[-16.473696,16.0404286],[-16.4742562,16.039879]]}},{"type":"Feature","properties":{"elevation":5.0},"geometry":{"type":"LineString","coordinates":[[-16.469178,16.0399139],[-16.4697423,16.03991],[-16.469182,16.0404596],[-16.469184,16.0407324],[-16.4689019,16.0407343],[-16.4688979,16.0401887],[-16.469178,16.0399139]]}},{"type":"Feature","properties":{"elevation":10.0},"geometry":{"type":"LineString","coordinates":[[-16.4418119,16.0400997],[-16.442094,16.0400978],[-16.442096,16.0403706],[-16.4412496,16.0403763],[-16.4415317,16.0403744],[-16.4418119,16.0400997]]}},{"type":"Feature","properties":{"elevation":5.0},"geometry":{"type":"MultiLineString","coordinates":[[[-16.4801788,16.0395654],[-16.4801828,16.040111]],[[-16.4801828,16.040111],[-16.4804669,16.0403819],[-16.480469,16.0406548],[-16.4799047,16.0406587],[-16.4793445,16.0412082],[-16.4790634,16.0413466],[-16.4787833,16.0416213],[-16.4785021,16.0417597]],[[-16.4785021,16.0417597],[-16.4790704,16.0423015],[-16.4793525,16.0422995],[-16.4793586,16.043118],[-16.4785122,16.0431238],[-16.4782294,16.0430348],[-16.4779469,16.0429913],[-16.4778049,16.0428559],[-16.4778029,16.042583],[-16.4779419,16.0423092],[-16.4776578,16.0420384],[-16.4770935,16.0420422],[-16.4768134,16.042317],[-16.4765323,16.0424554],[-16.4764372,16.0423196],[-16.4763882,16.0420471],[-16.4762451,16.0417752],[-16.4756789,16.0415063],[-16.4756769,16.0412335],[-16.4753927,16.0409626],[-16.475955,16.0406859]],[[-16.475955,16.0406859],[-16.475953000363884,16.040413099643]],[[-16.475953000363884,16.040413099643],[-16.475951,16.0401402],[-16.4762331,16.0401383],[-16.475953000363884,16.040413099643]],[[-16.475953000363884,16.040413099643],[-16.475953,16.0404131],[-16.475955,16.0406859]],[[-16.475955,16.0406859],[-16.4768074,16.0414985],[-16.4770875,16.0412238],[-16.4773696,16.0412218],[-16.4776497,16.040947],[-16.4779339,16.0412179],[-16.4779379,16.0417636],[-16.478222,16.0420345],[-16.4785021,16.0417597]],[[-16.4785021,16.0417597],[-16.4783591,16.0414878],[-16.4783571,16.041215],[-16.4785901,16.0409406],[-16.4786352,16.0406674],[-16.4787752,16.04053],[-16.479057,16.0404826],[-16.4793395,16.0405261],[-16.4796206,16.0403878],[-16.4799027,16.0403858],[-16.4801828,16.040111]]]}},{"type":"Feature","properties":{"elevation":5.0},"geometry":{"type":"LineString","coordinates":[[-16.4663548,16.0396604],[-16.4666389,16.0399313],[-16.466921,16.0399294],[-16.466923,16.0402022],[-16.4666429,16.040477],[-16.4663608,16.0404789],[-16.4663588,16.0402061],[-16.4660747,16.0399352],[-16.4663548,16.0396604]]}},{"type":"Feature","properties":{"elevation":5.0},"geometry":{"type":"Point","coordinates":[-16.489488751,16.039500916]}},{"type":"Feature","properties":{"elevation":5.0},"geometry":{"type":"LineString","coordinates":[[-16.46748328,16.039652676],[-16.46748328,16.039652675],[-16.467483281,16.039652676],[-16.46748328,16.039652676]]}},{"type":"Feature","properties":{"elevation":10.0},"geometry":{"type":"LineString","coordinates":[[-16.442374188,16.039823081],[-16.442374188,16.03982308]]}},{"type":"Feature","properties":{"elevation":5.0},"geometry":{"type":"LineString","coordinates":[[-16.467763406,16.039377916],[-16.467763406,16.039377917]]}},{"type":"Feature","properties":{"elevation":5.0},"geometry":{"type":"LineString","coordinates":[[-16.50935758778051,16.038816316316225],[-16.5092329,16.0388172],[-16.5086667,16.0385483],[-16.5083845,16.0385503],[-16.5081045,16.0388251],[-16.5083907,16.0393688],[-16.5086749,16.0396396],[-16.5086769,16.0399124],[-16.5085379,16.0401862],[-16.508681,16.0404581],[-16.5086831,16.0407309],[-16.5089673,16.0410017],[-16.5091083,16.0410007]]}},{"type":"Feature","properties":{"elevation":5.0},"geometry":{"type":"LineString","coordinates":[[-16.5041548,16.0388528],[-16.504437,16.0388509]]}},{"type":"Feature","properties":{"elevation":5.0},"geometry":{"type":"Point","coordinates":[-16.450834012,16.039220309]}},{"type":"Feature","properties":{"elevation":5.0},"geometry":{"type":"LineString","coordinates":[[-16.4437779,16.0388587],[-16.4434968,16.038997],[-16.4434988,16.0392698],[-16.444065,16.0395389],[-16.444351,16.0400826],[-16.4451974,16.0400769],[-16.4454776,16.0398022],[-16.4443412,16.0387185],[-16.4440611,16.0389932],[-16.4437779,16.0388587]]}},{"type":"Feature","properties":{"elevation":5.0},"geometry":{"type":"LineString","coordinates":[[-16.4640918,16.0388573],[-16.4640938,16.0391302]]}},{"type":"Feature","properties":{"elevation":5.0},"geometry":{"type":"LineString","coordinates":[[-16.4595769,16.0387517],[-16.4592957,16.03889],[-16.4592977,16.0391629],[-16.4595808,16.0392974],[-16.459862,16.039159],[-16.45986,16.0388862],[-16.4595769,16.0387517]]}},{"type":"Feature","properties":{"elevation":5.0},"geometry":{"type":"LineString","coordinates":[[-16.4812992,16.0384663],[-16.4818675,16.0390081],[-16.4818715,16.0395537],[-16.4815914,16.0398285],[-16.4813073,16.0395576],[-16.4812992,16.0384663]]}},{"type":"Feature","properties":{"elevation":5.0},"geometry":{"type":"LineString","coordinates":[[-16.5016117,16.038325],[-16.5018959,16.0385958],[-16.5016137,16.0385978],[-16.5016117,16.038325]]}},{"type":"Feature","properties":{"elevation":5.0},"geometry":{"type":"LineString","coordinates":[[-16.4446214,16.0384437],[-16.4443412,16.0387185],[-16.4446253,16.0389894],[-16.4449055,16.0387147],[-16.4446214,16.0384437]]}},{"type":"Feature","properties":{"elevation":5.0},"geometry":{"type":"LineString","coordinates":[[-16.4623951,16.0383232],[-16.4626762,16.0381849],[-16.4629604,16.0384558],[-16.4632435,16.0385903],[-16.4629623,16.0387286],[-16.4628223,16.038866],[-16.4626817,16.0389352],[-16.4623991,16.0388689],[-16.4623031,16.0385967],[-16.4623951,16.0383232]]}},{"type":"Feature","properties":{"elevation":0.0},"geometry":{"type":"LineString","coordinates":[[-16.4883471,16.0377354],[-16.4882071,16.0378728],[-16.4883486,16.03794],[-16.4884422,16.0378711],[-16.4883471,16.0377354]]}},{"type":"Feature","properties":{"elevation":0.0},"geometry":{"type":"LineString","coordinates":[[-16.4494135,16.0378657],[-16.4492744,16.0381395],[-16.4494175,16.0384114],[-16.4496986,16.038273],[-16.4497917,16.038136],[-16.4496957,16.0378638],[-16.4494135,16.0378657]]}},{"type":"Feature","properties":{"elevation":5.0},"geometry":{"type":"MultiLineString","coordinates":[[[-16.476217,16.0379557],[-16.4765011,16.0382266]],[[-16.4765011,16.0382266],[-16.4767873,16.0387703]],[[-16.4767873,16.0387703],[-16.4770694,16.0387683],[-16.4773505,16.03863],[-16.4776336,16.0387644],[-16.4776397,16.0395829],[-16.4773596,16.0398577],[-16.4770754,16.0395868],[-16.4770734,16.039314],[-16.4767873,16.0387703]],[[-16.4767873,16.0387703],[-16.4765072,16.039045],[-16.476223,16.0387742],[-16.476221,16.0385013],[-16.4765011,16.0382266]]]}},{"type":"Feature","properties":{"elevation":5.0},"geometry":{"type":"LineString","coordinates":[[-16.4889124,16.0378679],[-16.4891945,16.0378659],[-16.4893376,16.0381378],[-16.4891985,16.0384116],[-16.4886383,16.0389611],[-16.4883562,16.0389631],[-16.4882131,16.0386913],[-16.4883522,16.0384175],[-16.4889124,16.0378679]]}},{"type":"Feature","properties":{"elevation":5.0},"geometry":{"type":"LineString","coordinates":[[-16.48327,16.037907],[-16.483274,16.0384526]]}},{"type":"Feature","properties":{"elevation":5.0},"geometry":{"type":"LineString","coordinates":[[-16.5093637,16.037452],[-16.5092227,16.037453],[-16.5089426,16.0377278],[-16.5092268,16.0379987],[-16.5093678,16.0379977]]}},{"type":"Feature","properties":{"elevation":5.0},"geometry":{"type":"LineString","coordinates":[[-16.4748044,16.0376926],[-16.4750865,16.0376906],[-16.4750885,16.0379634],[-16.4748044,16.0376926]]}},{"type":"Feature","properties":{"elevation":5.0},"geometry":{"type":"LineString","coordinates":[[-16.4561845,16.0378198],[-16.4564666,16.0378179],[-16.4564686,16.0380907],[-16.4561864,16.0380926],[-16.4561845,16.0378198]]}},{"type":"Feature","properties":{"elevation":5.0},"geometry":{"type":"LineString","coordinates":[[-16.4542096,16.0378332],[-16.4542116,16.0381061]]}},{"type":"Feature","properties":{"elevation":5.0},"geometry":{"type":"LineString","coordinates":[[-16.480446792,16.037653665],[-16.480446793,16.037653664],[-16.480446793,16.037653665],[-16.480446792,16.037653665]]}},{"type":"Feature","properties":{"elevation":5.0},"geometry":{"type":"LineString","coordinates":[[-16.4688779,16.0374604],[-16.4685978,16.0377352],[-16.4688819,16.038006],[-16.469162,16.0377313],[-16.4688779,16.0374604]]}},{"type":"Feature","properties":{"elevation":5.0},"geometry":{"type":"LineString","coordinates":[[-16.451388386,16.03785234],[-16.451388387,16.03785234],[-16.451388386,16.037852341],[-16.451388386,16.03785234]]}},{"type":"Feature","properties":{"elevation":5.0},"geometry":{"type":"MultiLineString","coordinates":[[[-16.4860871,16.0373418],[-16.4863703,16.0374763],[-16.4866527,16.0375198],[-16.4869355,16.0376088],[-16.4873607,16.0378787],[-16.4872217,16.0381525],[-16.4869396,16.0381544],[-16.4866564,16.03802],[-16.4863743,16.0380219],[-16.4860932,16.0381603]],[[-16.4860932,16.0381603],[-16.4860952,16.0384331]],[[-16.4860932,16.0381603],[-16.4858091,16.0378894],[-16.48552692531508,16.037891350170604]],[[-16.48552692531508,16.037891350170604],[-16.4852448,16.0378933],[-16.485244748674035,16.037893350354786]],[[-16.485244748674035,16.037893350354786],[-16.4849647,16.0381681],[-16.4849667,16.0384409]],[[-16.4849667,16.0384409],[-16.4852509,16.0387118]],[[-16.4852509,16.0387118],[-16.485533,16.0387098],[-16.485535,16.0389827],[-16.4858192,16.0392535],[-16.4855391,16.0395283],[-16.4858252,16.040072],[-16.4858293,16.0406177],[-16.4855492,16.0408924],[-16.4852671,16.0408944],[-16.485265,16.0406216],[-16.4849809,16.0403507],[-16.4841345,16.0403566],[-16.4835743,16.0409061],[-16.4832922,16.0409081],[-16.4830121,16.0411829],[-16.482728,16.040912],[-16.4824458,16.0409139],[-16.4830101,16.04091],[-16.4835703,16.0403605],[-16.483004,16.0400916],[-16.4827219,16.0400935],[-16.483002,16.0398187],[-16.482998,16.0392731],[-16.4832781,16.0389983],[-16.4838463,16.03954],[-16.4849748,16.0395322],[-16.4852549,16.0392574],[-16.4852509,16.0387118]],[[-16.4849667,16.0384409],[-16.4846866,16.0387157],[-16.4846887,16.0389885],[-16.4844065,16.0389905],[-16.4841224,16.0387196],[-16.4844025,16.0384448],[-16.4844005,16.038172],[-16.4846826,16.0381701],[-16.4849627,16.0378953],[-16.485244748674035,16.037893350354786]],[[-16.485244748674035,16.037893350354786],[-16.4855269,16.0378914],[-16.48552692531508,16.037891350170604]],[[-16.48552692531508,16.037891350170604],[-16.485666,16.0376176],[-16.4860871,16.0373418]]]}},{"type":"Feature","properties":{"elevation":5.0},"geometry":{"type":"LineString","coordinates":[[-16.4742362,16.0371508],[-16.4742402,16.0376964],[-16.4736759,16.0377003],[-16.4742362,16.0371508]]}},{"type":"Feature","properties":{"elevation":5.0},"geometry":{"type":"LineString","coordinates":[[-16.4628574,16.0372287],[-16.4629504,16.0370917],[-16.4632325,16.0370897],[-16.4635156,16.0372242],[-16.4636587,16.0374961],[-16.4635186,16.0376335],[-16.4632368,16.0376809],[-16.4629544,16.0376373],[-16.4628123,16.0375019],[-16.4628574,16.0372287]]}},{"type":"Feature","properties":{"elevation":5.0},"geometry":{"type":"LineString","coordinates":[[-16.5047006,16.0363935],[-16.5044206,16.0366683],[-16.5047047,16.0369391],[-16.5048438,16.0366653],[-16.5047006,16.0363935]]}},{"type":"Feature","properties":{"elevation":5.0},"geometry":{"type":"LineString","coordinates":[[-16.503008,16.0364053],[-16.5021678,16.0372297],[-16.5027361,16.0377714],[-16.5033003,16.0377675],[-16.5035804,16.0374927],[-16.5032962,16.0372218],[-16.5032921,16.0366762],[-16.503008,16.0364053]]}},{"type":"Feature","properties":{"elevation":5.0},"geometry":{"type":"LineString","coordinates":[[-16.4849546,16.036804],[-16.4852367,16.036802],[-16.4846765,16.0373516],[-16.4838302,16.0373574],[-16.4835461,16.0370866],[-16.4846745,16.0370788],[-16.4849546,16.036804]]}},{"type":"Feature","properties":{"elevation":5.0},"geometry":{"type":"MultiLineString","coordinates":[[[-16.4824136,16.0365487],[-16.4826957,16.0365468],[-16.4826997,16.0370924]],[[-16.4826997,16.0370924],[-16.4827017,16.0373652]],[[-16.4826997,16.0370924],[-16.4824156,16.0368215],[-16.4824136,16.0365487]]]}},{"type":"Feature","properties":{"elevation":5.0},"geometry":{"type":"LineString","coordinates":[[-16.443197,16.0365434],[-16.4431049,16.0368169],[-16.4429188,16.037091],[-16.4432029,16.0373619],[-16.443485,16.03736],[-16.4436241,16.0370862],[-16.4436221,16.0368134],[-16.4434791,16.0365415],[-16.443197,16.0365434]]}},{"type":"Feature","properties":{"elevation":5.0},"geometry":{"type":"LineString","coordinates":[[-16.503288,16.0361305],[-16.503008,16.0364053],[-16.5032921,16.0366762],[-16.5035722,16.0364014],[-16.503288,16.0361305]]}},{"type":"Feature","properties":{"elevation":5.0},"geometry":{"type":"LineString","coordinates":[[-16.4495467,16.0367734],[-16.4496868,16.0366361],[-16.4498288,16.0367715],[-16.4496887,16.0369089],[-16.4495467,16.0367734]]}},{"type":"Feature","properties":{"elevation":5.0},"geometry":{"type":"LineString","coordinates":[[-16.454764,16.0364652],[-16.4550481,16.0367362],[-16.4553302,16.0367342],[-16.45505,16.037009],[-16.4547659,16.0367381],[-16.454764,16.0364652]]}},{"type":"Feature","properties":{"elevation":5.0},"geometry":{"type":"LineString","coordinates":[[-16.4708407,16.0358099],[-16.4705606,16.0360847],[-16.4705626,16.0363575],[-16.4708467,16.0366284],[-16.4708487,16.0369012],[-16.4709448,16.0371734],[-16.4708527,16.0374469],[-16.4705726,16.0377216],[-16.4702905,16.0377236],[-16.4702885,16.0374507],[-16.4697203,16.0369089],[-16.4694401,16.0371837],[-16.469158,16.0371856],[-16.4688779,16.0374604],[-16.469162,16.0377313],[-16.4694441,16.0377294],[-16.4697283,16.0380002],[-16.4700104,16.0379983],[-16.4700144,16.038544],[-16.4702985,16.0388149],[-16.4708587,16.0382653],[-16.4711409,16.0382634],[-16.4722613,16.0371643],[-16.4719772,16.0368935],[-16.4719752,16.0366206],[-16.4716911,16.0363497],[-16.471409,16.0363517],[-16.471407,16.0360788],[-16.4711229,16.035808],[-16.4708407,16.0358099]]}},{"type":"Feature","properties":{"elevation":5.0},"geometry":{"type":"LineString","coordinates":[[-16.4527871,16.0362058],[-16.4530712,16.0364767],[-16.4527891,16.0364786],[-16.4527871,16.0362058]]}},{"type":"Feature","properties":{"elevation":5.0},"geometry":{"type":"MultiLineString","coordinates":[[[-16.4807148,16.0357419],[-16.4807168,16.0360148],[-16.4804367,16.0362895],[-16.4807209,16.0365604],[-16.4812851,16.0365565],[-16.4812891,16.0371022],[-16.481008,16.0372405],[-16.4807249,16.0371061],[-16.4804407,16.0368352],[-16.4801586,16.0368371],[-16.4798745,16.0365663]],[[-16.4798745,16.0365663],[-16.4795924,16.0365682]],[[-16.4795924,16.0365682],[-16.4793143,16.0371158],[-16.4793163,16.0373886],[-16.4794594,16.0376605],[-16.4793203,16.0379343]],[[-16.4793203,16.0379343],[-16.4794634,16.0382061],[-16.4794654,16.038479],[-16.4796085,16.0387508],[-16.4793274,16.0388892],[-16.4791853,16.0387537],[-16.4791363,16.0384812],[-16.4790402,16.0382091],[-16.4793203,16.0379343]],[[-16.4793203,16.0379343],[-16.4790362,16.0376634],[-16.4788931,16.0373915],[-16.4790302,16.0368449],[-16.4791692,16.0365711],[-16.4791672,16.0362983],[-16.4793067,16.0360927],[-16.4795198,16.0362959],[-16.4795924,16.0365682]],[[-16.4798745,16.0365663],[-16.4807148,16.0357419]]]}},{"type":"Feature","properties":{"elevation":5.0},"geometry":{"type":"LineString","coordinates":[[-16.4632236,16.035862],[-16.4632255,16.0361348]]}},{"type":"Feature","properties":{"elevation":5.0},"geometry":{"type":"Point","coordinates":[-16.479586346,16.035749721]}},{"type":"Feature","properties":{"elevation":0.0},"geometry":{"type":"LineString","coordinates":[[-16.4623742,16.0354585],[-16.4620931,16.0355969],[-16.4623772,16.0358678],[-16.4624693,16.0355943],[-16.4623742,16.0354585]]}},{"type":"Feature","properties":{"elevation":5.0},"geometry":{"type":"LineString","coordinates":[[-16.5032799,16.0350392],[-16.5029998,16.035314],[-16.5030018,16.0355869],[-16.503286,16.0358577],[-16.5035681,16.0358557],[-16.5038482,16.0355809],[-16.5038461,16.0353081],[-16.503562,16.0350373],[-16.5032799,16.0350392]]}},{"type":"Feature","properties":{"elevation":5.0},"geometry":{"type":"LineString","coordinates":[[-16.4846624,16.0354418],[-16.4846644,16.0357146]]}},{"type":"Feature","properties":{"elevation":0.0},"geometry":{"type":"LineString","coordinates":[[-16.4550372,16.0352356],[-16.454756,16.0353739],[-16.454758,16.0356468],[-16.4550421,16.0359177],[-16.4553203,16.0353701],[-16.4550372,16.0352356]]}},{"type":"Feature","properties":{"elevation":5.0},"geometry":{"type":"LineString","coordinates":[[-16.4849425,16.035167017],[-16.484942501,16.035167016],[-16.484942501,16.035167017],[-16.4849425,16.035167017]]}},{"type":"Feature","properties":{"elevation":5.0},"geometry":{"type":"LineString","coordinates":[[-16.4705526,16.0349933],[-16.4702725,16.0352681],[-16.4705566,16.035539],[-16.4708367,16.0352642],[-16.4705526,16.0349933]]}},{"type":"Feature","properties":{"elevation":0.0},"geometry":{"type":"LineString","coordinates":[[-16.4567279,16.0349513],[-16.4564468,16.0350896],[-16.4564487,16.0353624],[-16.457017,16.0359043],[-16.457109,16.0356308],[-16.457105,16.0350851],[-16.4570103,16.0349948],[-16.4567279,16.0349513]]}},{"type":"Feature","properties":{"elevation":0.0},"geometry":{"type":"LineString","coordinates":[[-16.4516498,16.0349857],[-16.4515097,16.0351231],[-16.4513706,16.0353969],[-16.4516547,16.0356678],[-16.4519358,16.0355295],[-16.4520759,16.0353921],[-16.4520739,16.0351193],[-16.4519319,16.0349838],[-16.4516498,16.0349857]]}},{"type":"Feature","properties":{"elevation":0.0},"geometry":{"type":"LineString","coordinates":[[-16.4555994,16.0349589],[-16.4553183,16.0350973],[-16.4556024,16.0353682],[-16.4558825,16.0350934],[-16.4555994,16.0349589]]}},{"type":"Feature","properties":{"elevation":5.0},"geometry":{"type":"MultiLineString","coordinates":[[[-16.4430461,16.0351802],[-16.4431862,16.0350428],[-16.4434683,16.0350409],[-16.4435633,16.0351767],[-16.4435653,16.0354496],[-16.4437554,16.0357211],[-16.4440375,16.0357192],[-16.4446037,16.0359883],[-16.4448878,16.0362592],[-16.4451699,16.0362573],[-16.4451719,16.0365301],[-16.4453149,16.036802],[-16.4453168,16.0370748],[-16.4454599,16.0373467],[-16.4451787,16.037485],[-16.4446125,16.037216],[-16.4443314,16.0373543],[-16.4443333,16.0376271],[-16.4446174,16.0378981],[-16.4446214,16.0384437],[-16.4449055,16.0387147],[-16.4451876,16.0387128],[-16.4451935,16.0395312],[-16.4454776,16.0398022],[-16.4457577,16.0395274],[-16.4457538,16.0389818],[-16.446034,16.0387071],[-16.446032,16.0384342],[-16.4457479,16.0381633],[-16.4454658,16.0381652],[-16.4460261,16.0376157],[-16.4461652,16.0373419],[-16.4461162,16.0370694],[-16.4460202,16.0367972],[-16.4460182,16.0365244],[-16.4465785,16.0359749],[-16.4465766,16.0357021],[-16.4468587,16.0357002],[-16.4468606,16.035973],[-16.4467216,16.0362468],[-16.4470076,16.0367906],[-16.4470096,16.0370634],[-16.4471526,16.0373353],[-16.4474337,16.037197],[-16.4477169,16.0373315],[-16.447999,16.0373296],[-16.4482791,16.0370548],[-16.4482752,16.0365092],[-16.4482772,16.036782],[-16.4485612,16.0370529],[-16.4487043,16.0373248],[-16.4485652,16.0375986],[-16.4485672,16.0378714],[-16.4480029,16.0378752],[-16.4477228,16.03815],[-16.4477247,16.0384228],[-16.4480078,16.0385573],[-16.4481499,16.0386928],[-16.4482929,16.0389646],[-16.4482949,16.0392375],[-16.4488631,16.0397793],[-16.448724,16.0400531],[-16.4485839,16.0401905],[-16.4483028,16.0403288],[-16.4477425,16.0408783],[-16.4477444,16.0411511],[-16.4483126,16.0416929],[-16.4485948,16.041691],[-16.4484557,16.0419648],[-16.4485987,16.0422367],[-16.4486007,16.0425095],[-16.4483205,16.0427843],[-16.4481344,16.0430584],[-16.4480423,16.0433318],[-16.4483264,16.0436028],[-16.4486086,16.0436009],[-16.4486105,16.0438737],[-16.4480502,16.0444232],[-16.4481932,16.044695],[-16.4481952,16.0449679],[-16.4483383,16.0452397],[-16.4486224,16.0455107],[-16.4487184,16.0457829],[-16.4486253,16.0459199],[-16.4483442,16.0460582],[-16.4477838,16.0466077],[-16.4477878,16.0471534],[-16.4480719,16.0474243],[-16.448354,16.0474224],[-16.4483599,16.0482409],[-16.448646,16.0487846],[-16.44865,16.0493303],[-16.4480818,16.0487884],[-16.4480739,16.0476971],[-16.4477898,16.0474262],[-16.4475096,16.0477009],[-16.4474175,16.0479744],[-16.4473725,16.0482475],[-16.4473744,16.0485204],[-16.4472353,16.0487942],[-16.4472373,16.049067],[-16.4470982,16.0493408],[-16.4469581,16.0494781],[-16.446677,16.0496165],[-16.4469611,16.0498874],[-16.4466829,16.0504349],[-16.4466849,16.0507078],[-16.4465458,16.0509816],[-16.4464057,16.0511189],[-16.4461245,16.0512572],[-16.4461284,16.0518029],[-16.4464126,16.0520738],[-16.4466927,16.0517991],[-16.4466986,16.0526176],[-16.447551,16.0534304],[-16.4475569,16.0542489],[-16.4469887,16.053707],[-16.4461422,16.0537127],[-16.4461403,16.0534399],[-16.445572,16.052898],[-16.4452919,16.0531728],[-16.4450077,16.0529018],[-16.4452879,16.0526271],[-16.445284,16.0520815],[-16.4458463,16.0518048],[-16.4455602,16.0512611],[-16.4452761,16.0509901],[-16.4452741,16.0507173],[-16.44499,16.0504464],[-16.4447079,16.0504483],[-16.4444267,16.0505866],[-16.4441446,16.0505885],[-16.4438634,16.0507268],[-16.4435833,16.0510015],[-16.4433015,16.051058],[-16.443019,16.0510053],[-16.4427349,16.0507344],[-16.442411628777222,16.050736576782008]],[[-16.441808181321385,16.049445061088953],[-16.4418786,16.049376],[-16.441693346796836,16.04919928891919]],[[-16.441593670906986,16.04898595969771],[-16.4415926,16.0488322],[-16.441501644764386,16.048789002686476]],[[-16.440591326314706,16.046723698001582],[-16.4407305,16.0466552],[-16.4407265,16.0461096],[-16.4410067,16.0458349],[-16.4410047,16.045562],[-16.4407216,16.0454275],[-16.4404395,16.0454294],[-16.440193713559747,16.04555028287584]],[[-16.440095329942142,16.04095868766914],[-16.440125,16.0409296],[-16.44012426420937,16.040826645911107]],[[-16.440427688832784,16.039441965234932],[-16.4406795,16.0395616],[-16.4409596,16.0392869],[-16.44054775383941,16.03889404762467]],[[-16.440632126450193,16.038509012545994],[-16.4406716,16.0384703],[-16.440643531653762,16.03845696480901]],[[-16.44137706431401,16.03589154877699],[-16.4415003,16.0360091],[-16.4417825,16.0360072],[-16.4420626,16.0357325],[-16.4426249,16.0354559],[-16.442907,16.035454],[-16.4430461,16.0351802]]]}},{"type":"Feature","properties":{"elevation":5.0},"geometry":{"type":"LineString","coordinates":[[-16.4632176,16.0350435],[-16.4632196,16.0353163],[-16.4629375,16.0353183],[-16.4632176,16.0350435]]}},{"type":"Feature","properties":{"elevation":5.0},"geometry":{"type":"LineString","coordinates":[[-16.5077895,16.0344619],[-16.5075095,16.0347367],[-16.5077936,16.0350076],[-16.5080737,16.0347328],[-16.5077895,16.0344619]]}},{"type":"Feature","properties":{"elevation":5.0},"geometry":{"type":"LineString","coordinates":[[-16.4539077,16.0351068],[-16.4541898,16.0351049]]}},{"type":"Feature","properties":{"elevation":0.0},"geometry":{"type":"LineString","coordinates":[[-16.4798594,16.0345201],[-16.4797194,16.0346574],[-16.4795803,16.0349312],[-16.4798634,16.0350657],[-16.4799565,16.0349286],[-16.4799309,16.034656],[-16.4798594,16.0345201]]}},{"type":"Feature","properties":{"elevation":5.0},"geometry":{"type":"LineString","coordinates":[[-16.4485455,16.0348703],[-16.4488276,16.0348684],[-16.4488296,16.0351412],[-16.4491156,16.035685],[-16.4489765,16.0359587],[-16.4488365,16.0360961],[-16.4485534,16.0359616],[-16.4479891,16.0359654],[-16.447705,16.0356945],[-16.4477011,16.0351488],[-16.4479822,16.0350105],[-16.4482653,16.035145],[-16.4485455,16.0348703]]}},{"type":"Feature","properties":{"elevation":5.0},"geometry":{"type":"LineString","coordinates":[[-16.4589838,16.0347995],[-16.459266,16.0347976],[-16.4592679,16.0350704],[-16.4589858,16.0350724],[-16.4589838,16.0347995]]}},{"type":"Feature","properties":{"elevation":5.0},"geometry":{"type":"LineString","coordinates":[[-16.4451601,16.0348931],[-16.445162,16.035166],[-16.4448799,16.0351679],[-16.4451601,16.0348931]]}},{"type":"Feature","properties":{"elevation":5.0},"geometry":{"type":"LineString","coordinates":[[-16.4747803,16.0344186],[-16.4750625,16.0344167],[-16.4753436,16.0342783],[-16.4756257,16.0342764],[-16.4757677,16.0344118],[-16.4756287,16.0346856],[-16.4756307,16.0349585],[-16.4753486,16.0349604],[-16.4750645,16.0346895],[-16.4745042,16.035239],[-16.4742201,16.0349682],[-16.4745022,16.0349662],[-16.4747823,16.0346915],[-16.4747803,16.0344186]]}},{"type":"Feature","properties":{"elevation":5.0},"geometry":{"type":"LineString","coordinates":[[-16.509327189536787,16.033905462619977],[-16.509196,16.0339063],[-16.5089159,16.0341812],[-16.5089221,16.0349996],[-16.5090652,16.0352715],[-16.5089262,16.0355453],[-16.5089282,16.0358181],[-16.5086502,16.0363657],[-16.5086523,16.0366385],[-16.5080881,16.0366425],[-16.5075279,16.0371921],[-16.5078121,16.037463],[-16.5093637,16.037452]]}},{"type":"Feature","properties":{"elevation":5.0},"geometry":{"type":"MultiLineString","coordinates":[[[-16.451927,16.0343017],[-16.4522091,16.0342998]],[[-16.4522091,16.0342998],[-16.4524932,16.0345707]]]}},{"type":"Feature","properties":{"elevation":5.0},"geometry":{"type":"LineString","coordinates":[[-16.4502342,16.0343132],[-16.4502362,16.034586]]}},{"type":"Feature","properties":{"elevation":5.0},"geometry":{"type":"MultiLineString","coordinates":[[[-16.4767511,16.0338594],[-16.4767531,16.0341322]],[[-16.4767531,16.0341322],[-16.4767551,16.034405],[-16.476473,16.034407],[-16.4767531,16.0341322]]]}},{"type":"Feature","properties":{"elevation":5.0},"geometry":{"type":"LineString","coordinates":[[-16.4646202,16.0339426],[-16.4651844,16.0339387],[-16.4651864,16.0342115],[-16.4649063,16.0344863],[-16.4643421,16.0344902],[-16.464199,16.0342183],[-16.4643391,16.0340809],[-16.4646202,16.0339426]]}},{"type":"Feature","properties":{"elevation":10.0},"geometry":{"type":"Point","coordinates":[-16.480136483,16.033836042]}},{"type":"Feature","properties":{"elevation":5.0},"geometry":{"type":"LineString","coordinates":[[-16.5077793,16.0330978],[-16.5074992,16.0333726],[-16.5076423,16.0336444],[-16.5076444,16.0339173],[-16.5077875,16.0341891],[-16.5086338,16.0341831],[-16.5089139,16.0339083],[-16.5089118,16.0336355],[-16.5086277,16.0333647],[-16.5080614,16.0330958],[-16.5077793,16.0330978]]}},{"type":"Feature","properties":{"elevation":5.0},"geometry":{"type":"LineString","coordinates":[[-16.504394,16.0331216],[-16.5041139,16.0333964],[-16.5043981,16.0336672],[-16.5046781,16.0333924],[-16.504394,16.0331216]]}},{"type":"Feature","properties":{"elevation":5.0},"geometry":{"type":"Point","coordinates":[-16.48972628,16.0334968]}},{"type":"Feature","properties":{"elevation":5.0},"geometry":{"type":"Point","coordinates":[-16.479288131,16.033569055]}},{"type":"Feature","properties":{"elevation":10.0},"geometry":{"type":"LineString","coordinates":[[-16.4802755,16.0335622],[-16.4804162,16.0335067],[-16.4804569,16.033561],[-16.4804171,16.0336295],[-16.4802755,16.0335622]]}},{"type":"Feature","properties":{"elevation":5.0},"geometry":{"type":"LineString","coordinates":[[-16.480344,16.0332889],[-16.4804142,16.0332339],[-16.4805556,16.0332875],[-16.4806584,16.0335596],[-16.4807007,16.0338321],[-16.4809848,16.034103],[-16.481267,16.0341011],[-16.4809869,16.0343759],[-16.4807047,16.0343778],[-16.4804236,16.0345162],[-16.4801405,16.0343817],[-16.4798564,16.0341108],[-16.4797133,16.033839],[-16.4798534,16.0337016],[-16.4799088,16.0335648],[-16.480344,16.0332889]]}},{"type":"Feature","properties":{"elevation":5.0},"geometry":{"type":"LineString","coordinates":[[-16.490006365,16.033222015],[-16.490006365,16.033222014]]}},{"type":"Feature","properties":{"elevation":0.0},"geometry":{"type":"LineString","coordinates":[[-16.4795642,16.0327486],[-16.4792841,16.0330234],[-16.4795677,16.0332261],[-16.4798507,16.0333469],[-16.4803185,16.0330163],[-16.4801291,16.0328357],[-16.4798468,16.0328149],[-16.4795642,16.0327486]]}},{"type":"Feature","properties":{"elevation":0.0},"geometry":{"type":"LineString","coordinates":[[-16.5060836,16.0327005],[-16.5059435,16.0328379],[-16.5060866,16.0331097],[-16.5063667,16.0328349],[-16.5060836,16.0327005]]}},{"type":"Feature","properties":{"elevation":5.0},"geometry":{"type":"LineString","coordinates":[[-16.469128,16.0330932],[-16.4694122,16.0333641],[-16.4696943,16.0333622],[-16.4694142,16.0336369],[-16.4688499,16.0336408],[-16.46913,16.033366],[-16.469128,16.0330932]]}},{"type":"Feature","properties":{"elevation":5.0},"geometry":{"type":"LineString","coordinates":[[-16.451636935,16.033212321],[-16.451636936,16.033212321]]}},{"type":"Feature","properties":{"elevation":0.0},"geometry":{"type":"LineString","coordinates":[[-16.4544541,16.0326475],[-16.454174,16.0329223],[-16.454176,16.0331951],[-16.4544601,16.033466],[-16.4547402,16.0331913],[-16.4547382,16.0329185],[-16.4544541,16.0326475]]}},{"type":"Feature","properties":{"elevation":0.0},"geometry":{"type":"LineString","coordinates":[[-16.4620725,16.0327776],[-16.4617911,16.0328705],[-16.4620752,16.0331414],[-16.4623573,16.0331395],[-16.4626374,16.0328647],[-16.4623533,16.0325938],[-16.4620725,16.0327776]]}},{"type":"Feature","properties":{"elevation":5.0},"geometry":{"type":"LineString","coordinates":[[-16.5035415,16.032309],[-16.5032614,16.0325838],[-16.5038298,16.0331255],[-16.5041119,16.0331235],[-16.5043919,16.0328487],[-16.5043899,16.0325759],[-16.5038236,16.0323071],[-16.5035415,16.032309]]}},{"type":"Feature","properties":{"elevation":5.0},"geometry":{"type":"LineString","coordinates":[[-16.4651765,16.0328474],[-16.4651785,16.0331202],[-16.4648983,16.033395],[-16.4648963,16.0331222],[-16.4651765,16.0328474]]}},{"type":"Feature","properties":{"elevation":5.0},"geometry":{"type":"LineString","coordinates":[[-16.4569951,16.0329031],[-16.4569971,16.033176]]}},{"type":"Feature","properties":{"elevation":5.0},"geometry":{"type":"LineString","coordinates":[[-16.4434516,16.0327219],[-16.4431715,16.0329966],[-16.4434546,16.0331311],[-16.4437383,16.0333566],[-16.4440198,16.0332637],[-16.4439238,16.0329915],[-16.4437337,16.03272],[-16.4434516,16.0327219]]}},{"type":"Feature","properties":{"elevation":5.0},"geometry":{"type":"LineString","coordinates":[[-16.476461,16.03277],[-16.4773073,16.0327642],[-16.4770252,16.0327661],[-16.476461,16.03277]]}},{"type":"Feature","properties":{"elevation":10.0},"geometry":{"type":"LineString","coordinates":[[-16.4904255,16.0326734],[-16.4905659,16.0325815],[-16.4905922,16.0326723],[-16.4905675,16.0328089],[-16.4904255,16.0326734]]}},{"type":"Feature","properties":{"elevation":0.0},"geometry":{"type":"LineString","coordinates":[[-16.5024121,16.0321805],[-16.502272,16.0323179],[-16.5024151,16.0325898],[-16.5025071,16.0323163],[-16.5024121,16.0321805]]}},{"type":"Feature","properties":{"elevation":5.0},"geometry":{"type":"LineString","coordinates":[[-16.4660208,16.0325688],[-16.4660228,16.0328416],[-16.4657407,16.0328436],[-16.4660208,16.0325688]]}},{"type":"Feature","properties":{"elevation":5.0},"geometry":{"type":"LineString","coordinates":[[-16.4555826,16.0326399],[-16.4555846,16.0329127]]}},{"type":"Feature","properties":{"elevation":5.0},"geometry":{"type":"LineString","coordinates":[[-16.4674294,16.0322863],[-16.4677115,16.0322844],[-16.4677195,16.0333757],[-16.4674354,16.0331048],[-16.4674294,16.0322863]]}},{"type":"Feature","properties":{"elevation":5.0},"geometry":{"type":"LineString","coordinates":[[-16.506078434,16.032018397],[-16.506078435,16.032018397]]}},{"type":"Feature","properties":{"elevation":5.0},"geometry":{"type":"LineString","coordinates":[[-16.491167,16.0321226],[-16.4914071,16.0318871],[-16.4915627,16.0321198],[-16.4914099,16.0322697],[-16.491167,16.0321226]]}},{"type":"Feature","properties":{"elevation":5.0},"geometry":{"type":"LineString","coordinates":[[-16.4479635,16.0324186],[-16.4485277,16.0324148]]}},{"type":"Feature","properties":{"elevation":10.0},"geometry":{"type":"LineString","coordinates":[[-16.4913685,16.0321212],[-16.4914085,16.0320819],[-16.4914345,16.0321207],[-16.491409,16.0321457],[-16.4913685,16.0321212]]}},{"type":"Feature","properties":{"elevation":0.0},"geometry":{"type":"LineString","coordinates":[[-16.4795572,16.0317937],[-16.4794641,16.0319308],[-16.4795602,16.032203],[-16.4798403,16.0319282],[-16.4795572,16.0317937]]}},{"type":"Feature","properties":{"elevation":5.0},"geometry":{"type":"MultiLineString","coordinates":[[[-16.4502185,16.0321305],[-16.4505006,16.0321286],[-16.4505731,16.032401],[-16.4505045,16.0326743],[-16.4502244,16.032949]],[[-16.4502244,16.032949],[-16.4505085,16.03322]],[[-16.4502244,16.032949],[-16.4499423,16.0329509],[-16.449379,16.0330912],[-16.44919,16.032956],[-16.449235,16.0326829],[-16.4493751,16.0325455],[-16.4496569,16.0324981],[-16.4499383,16.0324053],[-16.4502185,16.0321305]]]}},{"type":"Feature","properties":{"elevation":5.0},"geometry":{"type":"MultiLineString","coordinates":[[[-16.4716591,16.0319845],[-16.47250538725494,16.03197872508697]],[[-16.47250538725494,16.03197872508697],[-16.4727875,16.0319768],[-16.4725054,16.0319787],[-16.47250538725494,16.03197872508697]],[[-16.47250538725494,16.03197872508697],[-16.4723663,16.0322525],[-16.4723703,16.0327981],[-16.4725134,16.03307],[-16.4727975,16.0333409],[-16.4725174,16.0336157],[-16.4722353,16.0336176],[-16.4719532,16.0336195],[-16.4716691,16.0333486],[-16.471387,16.0333506],[-16.4711068,16.0336253],[-16.4711088,16.0338982],[-16.4716771,16.0344399],[-16.4719592,16.034438],[-16.4719612,16.0347108],[-16.4722453,16.0349817],[-16.4725274,16.0349798],[-16.4725415,16.0368896],[-16.4728256,16.0371605],[-16.4728276,16.0374333],[-16.4731117,16.0377042],[-16.4725475,16.0377081],[-16.4722673,16.0379828],[-16.4717031,16.0379867],[-16.471423,16.0382615],[-16.471425,16.0385343],[-16.4717091,16.0388052],[-16.4717111,16.039078],[-16.471429,16.0390799],[-16.4711449,16.0388091],[-16.4708627,16.038811],[-16.4703025,16.0393605],[-16.4700204,16.0393625],[-16.4697363,16.0390916],[-16.4694561,16.0393663],[-16.4688879,16.0388245],[-16.4686078,16.0390993]],[[-16.4686078,16.0390993],[-16.4686098,16.0393721],[-16.4683277,16.0393741]],[[-16.4683277,16.0393741],[-16.4677594,16.0388323]],[[-16.4683277,16.0393741],[-16.4686078,16.0390993]],[[-16.4686078,16.0390993],[-16.4686018,16.0382808],[-16.4683177,16.0380099],[-16.4680345,16.0378754],[-16.4677504,16.0376045],[-16.4674673,16.0374701],[-16.4669071,16.0380196],[-16.4666249,16.0380215],[-16.4666229,16.0377487],[-16.4663388,16.0374778],[-16.4657746,16.0374816],[-16.4654965,16.0380292],[-16.4654984,16.038302],[-16.4652163,16.038304],[-16.4646501,16.038035],[-16.4649302,16.0377602],[-16.4653474,16.0369389],[-16.4654875,16.0368015],[-16.4657696,16.0367996],[-16.4660527,16.036934],[-16.4663348,16.0369321],[-16.466615,16.0366574],[-16.4677434,16.0366496],[-16.4677454,16.0369225],[-16.4680285,16.0370569],[-16.4683107,16.037055],[-16.4684507,16.0369176],[-16.4684467,16.036372],[-16.4683037,16.0361001],[-16.4680196,16.0358292],[-16.4680176,16.0355564],[-16.4682997,16.0355545],[-16.4685798,16.0352797],[-16.4688619,16.0352778],[-16.469143,16.0351394],[-16.4692831,16.035002],[-16.4694222,16.0347282],[-16.4699824,16.0341787],[-16.4705466,16.0341749],[-16.4708267,16.0339001],[-16.4708247,16.0336273],[-16.4702565,16.0330855],[-16.4708207,16.0330816],[-16.4711048,16.0333525],[-16.471385,16.0330777],[-16.471524,16.0328039],[-16.4713809,16.0325321],[-16.4713789,16.0322593],[-16.4716591,16.0319845]]]}},{"type":"Feature","properties":{"elevation":10.0},"geometry":{"type":"LineString","coordinates":[[-16.489432,16.0318618],[-16.4897141,16.0318598],[-16.4899962,16.0318579],[-16.4898572,16.0321317],[-16.4897167,16.0322009],[-16.4895751,16.0321337],[-16.489432,16.0318618]]}},{"type":"Feature","properties":{"elevation":5.0},"geometry":{"type":"LineString","coordinates":[[-16.4787098,16.0316632],[-16.4789919,16.0316612],[-16.4789939,16.031934],[-16.4787098,16.0316632]]}},{"type":"Feature","properties":{"elevation":5.0},"geometry":{"type":"LineString","coordinates":[[-16.509307710725775,16.03117716230582],[-16.5088933,16.0311801],[-16.5086133,16.0314549],[-16.5086153,16.0317277],[-16.5091816,16.0319966],[-16.509251546018575,16.03199610428052]]}},{"type":"Feature","properties":{"elevation":5.0},"geometry":{"type":"LineString","coordinates":[[-16.4806826,16.0313767],[-16.4809657,16.0315112],[-16.4810372,16.0316471],[-16.4810628,16.0319198],[-16.4809697,16.0320568],[-16.4806886,16.0321952],[-16.4804065,16.0321971],[-16.4804045,16.0319243],[-16.4806826,16.0313767]]}},{"type":"Feature","properties":{"elevation":5.0},"geometry":{"type":"LineString","coordinates":[[-16.4634738,16.0314948],[-16.4637559,16.0314929],[-16.4637599,16.0320386],[-16.4633427,16.0328599],[-16.4634858,16.0331318],[-16.4632037,16.0331337],[-16.4629195,16.0328628],[-16.4629176,16.03259],[-16.4631272,16.0323157],[-16.4631967,16.0321788],[-16.4634778,16.0320405],[-16.4634738,16.0314948]]}},{"type":"Feature","properties":{"elevation":5.0},"geometry":{"type":"MultiLineString","coordinates":[[[-16.4612169,16.0315102],[-16.4615,16.0316447],[-16.4615951,16.0317805],[-16.4616441,16.032053],[-16.461504,16.0321904],[-16.4612229,16.0323287],[-16.4606587,16.0323325],[-16.4600984,16.032882],[-16.4601064,16.0339734],[-16.4603905,16.0342443],[-16.4606716,16.0341059],[-16.4608116,16.0339686],[-16.4608097,16.0336957],[-16.4609487,16.0334219],[-16.4609467,16.0331491],[-16.4612289,16.0331472],[-16.4617971,16.033689]],[[-16.4617971,16.033689],[-16.4620792,16.0336871]],[[-16.4617971,16.033689],[-16.4615169,16.0339637],[-16.4612388,16.0345113],[-16.4612487,16.0358755],[-16.4610626,16.0361496],[-16.4611116,16.0364221],[-16.4609726,16.0366959],[-16.4612567,16.0369668],[-16.4615378,16.0368284],[-16.4618209,16.0369629],[-16.4618934,16.0372353],[-16.4618249,16.0375086],[-16.4607044,16.0386076],[-16.4609885,16.0388785],[-16.4612706,16.0388766],[-16.4614137,16.0391485],[-16.4612746,16.0394222],[-16.4604282,16.039428],[-16.4595878,16.0402523],[-16.4593057,16.0402542],[-16.4588884,16.0410755],[-16.4590315,16.0413474],[-16.4590335,16.0416202],[-16.4591765,16.0418921],[-16.4591785,16.0421649],[-16.4590394,16.0424387],[-16.4587593,16.0427135],[-16.4590424,16.042848],[-16.4593242,16.0428006],[-16.4596077,16.0429805],[-16.4601759,16.0435224],[-16.4607402,16.0435185],[-16.4610203,16.0432438],[-16.4607342,16.0427],[-16.4604501,16.0424291],[-16.4604481,16.0421563],[-16.460164,16.0418854],[-16.460156,16.0407941],[-16.4607203,16.0407902],[-16.4610014,16.0406519],[-16.4611435,16.0407873],[-16.4612865,16.0410592],[-16.4615686,16.0410573],[-16.4615706,16.0413301],[-16.4612905,16.0416049],[-16.4615746,16.0418758],[-16.4618567,16.0418739],[-16.4615766,16.0421486],[-16.4618607,16.0424195],[-16.4618667,16.043238],[-16.4621528,16.0437817],[-16.4618746,16.0443293],[-16.4621588,16.0446002],[-16.4621667,16.0456915],[-16.4616064,16.046241],[-16.4618906,16.0465119],[-16.4621727,16.04651],[-16.4618925,16.0467848],[-16.4621787,16.0473285],[-16.4621807,16.0476013],[-16.4616164,16.0476052],[-16.4613362,16.0478799],[-16.4616224,16.0484237],[-16.4619045,16.0484217],[-16.4619065,16.0486946]],[[-16.4619065,16.0486946],[-16.4621906,16.0489655]],[[-16.4621906,16.0489655],[-16.4624717,16.0488271],[-16.4627549,16.0489616],[-16.4628979,16.0492335],[-16.4627579,16.0493709],[-16.4624767,16.0495092],[-16.4621906,16.0489655]],[[-16.4619065,16.0486946],[-16.4616263,16.0489693],[-16.4619105,16.0492402],[-16.4616283,16.0492421],[-16.4613442,16.0489712],[-16.4610634,16.0491551],[-16.4607819,16.0492479],[-16.4604998,16.0492498],[-16.460217,16.0491608],[-16.4599355,16.0492537],[-16.4597964,16.0495275],[-16.4599395,16.0497993],[-16.4602216,16.0497974],[-16.4605057,16.0500683],[-16.4605077,16.0503412],[-16.4602276,16.0506159],[-16.4605117,16.0508868],[-16.4607938,16.0508849],[-16.461077,16.0510194],[-16.4613591,16.0510175],[-16.4616403,16.0508791],[-16.4617833,16.051151],[-16.4617893,16.0519695],[-16.4619324,16.0522413],[-16.4622145,16.0522394]],[[-16.4622145,16.0522394],[-16.4624947,16.0519647],[-16.4624966,16.0522375],[-16.4627808,16.0525084],[-16.4630629,16.0525065],[-16.4627828,16.0527812],[-16.4622145,16.0522394]],[[-16.4622145,16.0522394],[-16.4616502,16.0522433],[-16.4610879,16.0525199],[-16.4608048,16.0523854],[-16.4605236,16.0525238],[-16.4602435,16.0527985],[-16.4608118,16.0533403],[-16.4609078,16.0536125],[-16.4608147,16.0537496],[-16.4605336,16.0538879],[-16.4608177,16.0541588],[-16.4611009,16.0542933],[-16.461382,16.054155],[-16.4616642,16.0541531],[-16.4616661,16.0544259],[-16.4619503,16.0546968],[-16.4622324,16.0546949],[-16.4625126,16.0544201],[-16.4625086,16.0538745],[-16.4627868,16.0533269],[-16.4630709,16.0535978],[-16.4631669,16.05387],[-16.4631454,16.0541429],[-16.4630759,16.0542798],[-16.4627947,16.0544182],[-16.4627967,16.054691],[-16.4622364,16.0552405],[-16.4616721,16.0552444],[-16.4619523,16.0549696],[-16.4616681,16.0546987],[-16.461387,16.0548371],[-16.4611048,16.054839],[-16.4606846,16.0552511],[-16.4608277,16.055523],[-16.4611108,16.0556575],[-16.4612529,16.0557929],[-16.4612549,16.0560657],[-16.4613979,16.0563376],[-16.4616814,16.0565176],[-16.4619642,16.0566066],[-16.4622484,16.0568775],[-16.4619682,16.0571522],[-16.4616861,16.0571542],[-16.4614029,16.0570197],[-16.4611208,16.0570216],[-16.4608396,16.0571599],[-16.4605555,16.056889],[-16.4599892,16.0566201],[-16.4594269,16.0568967],[-16.4594289,16.0571696],[-16.459715,16.0577133],[-16.4599971,16.0577114],[-16.4602803,16.0578459],[-16.4605614,16.0577075],[-16.4608436,16.0577056],[-16.4611277,16.0579765],[-16.4614099,16.0579746],[-16.461694,16.0582455],[-16.4618331,16.0579717],[-16.4619732,16.0578343],[-16.4622543,16.057696],[-16.4625365,16.057694],[-16.4625405,16.0582397],[-16.4628236,16.0583742],[-16.4629657,16.0585096],[-16.4632518,16.0590534],[-16.4631127,16.0593272],[-16.4628326,16.0596019],[-16.4628346,16.0598747],[-16.4619941,16.060699],[-16.4619961,16.0609718],[-16.4617139,16.0609738],[-16.4611536,16.0615233],[-16.4609695,16.0620702],[-16.4610185,16.0623427],[-16.4611616,16.0626146],[-16.4614457,16.0628855],[-16.4617279,16.0628836],[-16.461867,16.0626098],[-16.461863,16.0620641],[-16.4620021,16.0617903],[-16.4622832,16.061652],[-16.4625654,16.0616501],[-16.4627055,16.0615127],[-16.4627035,16.0612398],[-16.4628426,16.0609661],[-16.4631247,16.0609641],[-16.4631327,16.0620554],[-16.4628525,16.0623302],[-16.4628545,16.062603],[-16.4625744,16.0628778],[-16.46201,16.0628816],[-16.4617299,16.0631564],[-16.4617319,16.0634292],[-16.462016,16.0637001],[-16.4625803,16.0636963],[-16.4625823,16.0639691],[-16.4623022,16.0642438],[-16.4621631,16.0645176],[-16.4623062,16.0647895],[-16.462026,16.0650643],[-16.4614617,16.0650681],[-16.4611815,16.0653429],[-16.4614647,16.0654773],[-16.4615127,16.0656134],[-16.461466,16.0656592],[-16.4608973,16.065072],[-16.460333,16.0650758],[-16.4601939,16.0653496],[-16.4600532,16.065396],[-16.4592071,16.0654586],[-16.4589245,16.0654037],[-16.4583606,16.0654644],[-16.4582541,16.0653628],[-16.4582168,16.0650902],[-16.458075,16.0649889],[-16.4577928,16.064984],[-16.457512,16.065173],[-16.4572303,16.0652334],[-16.4566663,16.0652827],[-16.4563837,16.065224],[-16.4561006,16.0651046],[-16.4555369,16.0651864],[-16.455253,16.0649588],[-16.4549709,16.0649607],[-16.4546907,16.0652355],[-16.4541262,16.0652204],[-16.4535622,16.0652583],[-16.453282,16.0655331],[-16.4529992,16.065444],[-16.452719,16.0657188],[-16.4524371,16.0657532],[-16.4521567,16.0659954],[-16.4518742,16.0659519],[-16.451217958872014,16.066631101367378]],[[-16.44828354259719,16.064567735123152],[-16.4484744,16.064065],[-16.4490367,16.0637884],[-16.4493169,16.0635136],[-16.4493149,16.0632408],[-16.4490318,16.0631063],[-16.44875,16.0631537],[-16.4486801,16.0632451],[-16.4486115,16.0635184],[-16.4484711,16.0636103],[-16.4481876,16.0634303],[-16.4479051,16.0633867],[-16.44772580544303,16.063474975939823]],[[-16.446837625513975,16.061248216887265],[-16.4470439,16.0613462],[-16.4476062,16.0610696],[-16.4474632,16.0607977],[-16.4474612,16.0605249],[-16.4476003,16.0602511],[-16.4481646,16.0602473],[-16.448725,16.0596978],[-16.4490071,16.0596959],[-16.4495754,16.0602377],[-16.4497145,16.059964],[-16.4499947,16.0596892],[-16.4501347,16.0595519],[-16.4504159,16.0594135],[-16.4506961,16.0591388],[-16.4507882,16.0588653],[-16.4506921,16.0585931],[-16.4506902,16.0583203],[-16.4509703,16.0580456],[-16.4506862,16.0577746],[-16.450404,16.0577766],[-16.4501239,16.0580513],[-16.4498417,16.0580532],[-16.4498397,16.0577804],[-16.4495556,16.0575095],[-16.4498358,16.0572347],[-16.4501189,16.0573692],[-16.4504001,16.0572309],[-16.4505392,16.0569571],[-16.4503961,16.0566852],[-16.450112,16.0564143],[-16.4498289,16.0562798],[-16.4495467,16.0562817],[-16.4492636,16.0561472],[-16.4492616,16.0558744],[-16.4489775,16.0556035],[-16.4484132,16.0556073],[-16.4484033,16.0542431],[-16.4486835,16.0539684],[-16.4489617,16.0534208],[-16.4486776,16.0531499],[-16.4481133,16.0531537],[-16.4481054,16.0520624],[-16.4483856,16.0517877],[-16.4483836,16.0515148]],[[-16.4483836,16.0515148],[-16.4480995,16.0512439]],[[-16.4483836,16.0515148],[-16.4486658,16.0515129],[-16.4492281,16.0512363]],[[-16.4492281,16.0512363],[-16.4492202,16.050145],[-16.4500607,16.0493207]],[[-16.4500607,16.0493207],[-16.4497766,16.0490498],[-16.4499157,16.048776],[-16.4497726,16.0485042],[-16.4496766,16.048232],[-16.4497696,16.0480949],[-16.4500515,16.0480475],[-16.4503349,16.0482275],[-16.450478,16.0484994],[-16.4503389,16.0487732],[-16.4500587,16.0490479],[-16.4500607,16.0493207]],[[-16.4500607,16.0493207],[-16.4503448,16.0495917]],[[-16.4503448,16.0495917],[-16.4506269,16.0495898],[-16.4509084,16.0494969],[-16.4510031,16.0495872],[-16.4511932,16.0498588],[-16.4517575,16.0498549],[-16.4517614,16.0504006],[-16.4512011,16.0509501],[-16.4509199,16.0510884],[-16.4507779,16.0509529],[-16.450918,16.0508156],[-16.4511991,16.0506773],[-16.4511971,16.0504044],[-16.4503448,16.0495917]],[[-16.4503448,16.0495917],[-16.4500646,16.0498664],[-16.4500666,16.0501392],[-16.4497845,16.0501411],[-16.4495043,16.0504159],[-16.4497884,16.0506868],[-16.4497904,16.0509596],[-16.4495082,16.0509615],[-16.4492281,16.0512363]],[[-16.4492281,16.0512363],[-16.4493711,16.0515082],[-16.4497973,16.0519145],[-16.4500784,16.0517762],[-16.4503586,16.0515015],[-16.4506427,16.0517724],[-16.4503626,16.0520471],[-16.4502235,16.0523209],[-16.4503665,16.0525928],[-16.4503685,16.0528656],[-16.4506526,16.0531365],[-16.4509328,16.0528618],[-16.4514951,16.0525851],[-16.4517792,16.0528561],[-16.4517812,16.0531289],[-16.4523494,16.0536707],[-16.4529098,16.0531212],[-16.4529058,16.0525756],[-16.4531879,16.0525737],[-16.4534661,16.0520261],[-16.4534641,16.0517533],[-16.4537463,16.0517514],[-16.4540304,16.0520223],[-16.4543106,16.0517475],[-16.4541675,16.0514757],[-16.4541655,16.0512028],[-16.4540225,16.050931],[-16.4543046,16.050929],[-16.4545848,16.0506543],[-16.4545808,16.0501086],[-16.454861,16.0498339],[-16.4549719,16.0495603],[-16.4550263,16.0492871],[-16.4551378,16.0491044],[-16.4552312,16.0490128],[-16.4552763,16.0487397],[-16.4551332,16.0484678],[-16.4548521,16.0486062],[-16.4545689,16.0484717],[-16.4542868,16.0484736],[-16.4542848,16.0482007],[-16.4540007,16.0479298],[-16.4537186,16.0479317],[-16.4534384,16.0482065],[-16.4534444,16.049025],[-16.4528801,16.0490288],[-16.4523118,16.048487],[-16.4522393,16.0482146],[-16.4520258,16.0479432],[-16.4523072,16.0478504],[-16.45259,16.0479394],[-16.4528712,16.0478011],[-16.4531533,16.0477992],[-16.4534364,16.0479337],[-16.4537166,16.0476589],[-16.4537146,16.0473861],[-16.4531464,16.0468443],[-16.4534265,16.0465695],[-16.4539948,16.0471113],[-16.4540868,16.0468379],[-16.4539908,16.0465657],[-16.4537067,16.0462948],[-16.4537027,16.0457491],[-16.4534196,16.0456146],[-16.4532776,16.0454791],[-16.4531345,16.0452073],[-16.4534127,16.0446597],[-16.4536928,16.044385],[-16.4531246,16.0438431],[-16.4525623,16.0441198],[-16.4522822,16.0443945],[-16.4522802,16.0441217],[-16.4525584,16.0435741],[-16.4528415,16.0437086],[-16.4531226,16.0435703],[-16.4536889,16.0438393],[-16.4536909,16.0441121],[-16.453975,16.044383],[-16.4542571,16.0443811],[-16.4536968,16.0449306],[-16.4537008,16.0454763],[-16.4539849,16.0457472],[-16.4545472,16.0454705],[-16.4548273,16.0451958],[-16.4548253,16.044923],[-16.4551075,16.044921],[-16.4553916,16.045192],[-16.4556737,16.04519],[-16.4559539,16.0449153],[-16.4559519,16.0446425],[-16.4553837,16.0441006],[-16.4551015,16.0441026],[-16.4549585,16.0438307],[-16.4550976,16.0435569],[-16.4556579,16.0430074],[-16.455941,16.0431419],[-16.4562221,16.0430036],[-16.4562201,16.0427307],[-16.455936,16.0424598],[-16.455793,16.042188],[-16.455791,16.0419151],[-16.4559301,16.0416413],[-16.4559261,16.0410957],[-16.455642,16.0408248],[-16.4553599,16.0408267],[-16.4550758,16.0405558],[-16.4547897,16.040012],[-16.4545056,16.0397411],[-16.4542254,16.0400159],[-16.4542235,16.039743],[-16.4547838,16.0391935],[-16.4547818,16.0389207],[-16.455346,16.0389169],[-16.455348,16.0391897],[-16.4550679,16.0394645],[-16.4550698,16.0397373],[-16.455638,16.0402791],[-16.4559182,16.0400044],[-16.4559202,16.0402772],[-16.4562043,16.0405481],[-16.4564864,16.0405462],[-16.4570467,16.0399967],[-16.4570447,16.0397239],[-16.4567606,16.039453],[-16.4564785,16.0394549],[-16.4570388,16.0389054],[-16.4571778,16.0386316],[-16.4573179,16.0384942],[-16.457599,16.0383559],[-16.4578792,16.0380811],[-16.4578772,16.0378083]],[[-16.4578772,16.0378083],[-16.4575931,16.0375374]],[[-16.4575931,16.0375374],[-16.457309,16.0372665],[-16.457307,16.0369937],[-16.4575891,16.0369917],[-16.4575931,16.0375374]],[[-16.4578772,16.0378083],[-16.4581603,16.0379428],[-16.4584414,16.0378045],[-16.4590057,16.0378006],[-16.4595679,16.037524],[-16.4598461,16.0369764],[-16.4601262,16.0367016],[-16.4598421,16.0364307],[-16.45956,16.0364327],[-16.4592769,16.0362982],[-16.4591348,16.0361627],[-16.4589918,16.0358908],[-16.4592719,16.0356161],[-16.459553,16.0354778],[-16.4596951,16.0356132],[-16.4598381,16.0358851],[-16.4601222,16.036156],[-16.4606825,16.0356065],[-16.4605395,16.0353346],[-16.4605375,16.0350618],[-16.4603944,16.0347899],[-16.4601103,16.034519],[-16.4598272,16.0343845],[-16.4595441,16.03425],[-16.459262,16.0342519],[-16.4595401,16.0337044],[-16.4593971,16.0334325],[-16.4595362,16.0331587],[-16.4598163,16.032884],[-16.4598123,16.0323383],[-16.4600925,16.0320636],[-16.4603765,16.0323345],[-16.4612169,16.0315102]]]}},{"type":"Feature","properties":{"elevation":5.0},"geometry":{"type":"LineString","coordinates":[[-16.4820931,16.031367],[-16.4820951,16.0316398]]}},{"type":"Feature","properties":{"elevation":5.0},"geometry":{"type":"LineString","coordinates":[[-16.5046597,16.030937],[-16.5040996,16.0314866],[-16.5043837,16.0317575],[-16.5049459,16.0314807],[-16.5049439,16.0312078],[-16.5046597,16.030937]]}},{"type":"Feature","properties":{"elevation":5.0},"geometry":{"type":"LineString","coordinates":[[-16.479272034,16.031386442],[-16.479272035,16.031386442]]}},{"type":"Feature","properties":{"elevation":0.0},"geometry":{"type":"LineString","coordinates":[[-16.4507748,16.0310354],[-16.4506357,16.0313092],[-16.4505907,16.0315823],[-16.4506867,16.0318545],[-16.4507817,16.0319903],[-16.4510618,16.0317156],[-16.4511314,16.0315787],[-16.4511294,16.0313059],[-16.4510582,16.0312154],[-16.4507748,16.0310354]]}},{"type":"Feature","properties":{"elevation":0.0},"geometry":{"type":"LineString","coordinates":[[-16.4623421,16.0310478],[-16.4620613,16.0312316],[-16.4619222,16.0315054],[-16.4620653,16.0317773],[-16.4623484,16.0319118],[-16.4624414,16.0317747],[-16.4626287,16.0316643],[-16.4629106,16.0316351],[-16.4630036,16.031498],[-16.4628136,16.0312265],[-16.4626242,16.0310459],[-16.4623421,16.0310478]]}},{"type":"Feature","properties":{"elevation":5.0},"geometry":{"type":"LineString","coordinates":[[-16.4846301,16.0310766],[-16.4849122,16.0310746],[-16.4849142,16.0313475],[-16.4846331,16.0314858],[-16.4845381,16.0313501],[-16.4846301,16.0310766]]}},{"type":"Feature","properties":{"elevation":5.0},"geometry":{"type":"LineString","coordinates":[[-16.4913987,16.0307568],[-16.4911186,16.0310316],[-16.4914027,16.0313024],[-16.4916848,16.0313005],[-16.4919649,16.0310257],[-16.4916808,16.0307548],[-16.4913987,16.0307568]]}},{"type":"Feature","properties":{"elevation":5.0},"geometry":{"type":"MultiLineString","coordinates":[[[-16.4778595,16.0311233],[-16.4781416,16.0311214],[-16.4778615,16.0313962]],[[-16.4778615,16.0313962],[-16.4784297,16.0319379]],[[-16.4784297,16.0319379],[-16.4784317,16.0322108]],[[-16.4778615,16.0313962],[-16.4778595,16.0311233]]]}},{"type":"Feature","properties":{"elevation":10.0},"geometry":{"type":"Point","coordinates":[-16.488297504,16.031051164]}},{"type":"Feature","properties":{"elevation":0.0},"geometry":{"type":"LineString","coordinates":[[-16.4566972,16.0307224],[-16.4564171,16.0309972],[-16.4565601,16.031269],[-16.4567021,16.0314045],[-16.4568422,16.0312671],[-16.4568402,16.0309943],[-16.4566972,16.0307224]]}},{"type":"Feature","properties":{"elevation":0.0},"geometry":{"type":"LineString","coordinates":[[-16.4806775,16.0306946],[-16.4804905,16.0308324],[-16.4806806,16.0311039],[-16.4809617,16.0309655],[-16.4810171,16.0308287],[-16.48096,16.0307382],[-16.4806775,16.0306946]]}},{"type":"Feature","properties":{"elevation":5.0},"geometry":{"type":"LineString","coordinates":[[-16.4691121,16.0309106],[-16.4691161,16.0314562],[-16.4688339,16.0314582],[-16.4685538,16.0317329],[-16.4685558,16.0320058],[-16.4682747,16.0321441],[-16.4679916,16.0320096],[-16.4679896,16.0317368],[-16.4685498,16.0311873],[-16.4688319,16.0311854],[-16.4691121,16.0309106]]}},{"type":"Feature","properties":{"elevation":5.0},"geometry":{"type":"LineString","coordinates":[[-16.482653316,16.030817414],[-16.482653317,16.030817414],[-16.482653316,16.030817415],[-16.482653316,16.030817414]]}},{"type":"Feature","properties":{"elevation":5.0},"geometry":{"type":"LineString","coordinates":[[-16.4541602,16.0310125],[-16.4544423,16.0310106],[-16.4541621,16.0312853],[-16.45388,16.0312872],[-16.4541602,16.0310125]]}},{"type":"Feature","properties":{"elevation":5.0},"geometry":{"type":"Point","coordinates":[-16.45162114,16.031029681]}},{"type":"Feature","properties":{"elevation":0.0},"geometry":{"type":"LineString","coordinates":[[-16.4614921,16.0305534],[-16.461211,16.0306917],[-16.4614937,16.0307807],[-16.4615871,16.0306892],[-16.4614921,16.0305534]]}},{"type":"Feature","properties":{"elevation":0.0},"geometry":{"type":"LineString","coordinates":[[-16.4504897,16.0306281],[-16.4503497,16.0307654],[-16.4504927,16.0310373],[-16.4507728,16.0307626],[-16.4504897,16.0306281]]}},{"type":"Feature","properties":{"elevation":5.0},"geometry":{"type":"MultiLineString","coordinates":[[[-16.4547224,16.0307358],[-16.4552866,16.030732]],[[-16.4552866,16.030732],[-16.4555707,16.0310029]],[[-16.4555707,16.0310029],[-16.4558528,16.031001],[-16.4561369,16.0312719],[-16.4558588,16.0318195],[-16.4552945,16.0318233],[-16.4554336,16.0315495],[-16.4557138,16.0312748],[-16.4555707,16.0310029]]]}},{"type":"Feature","properties":{"elevation":5.0},"geometry":{"type":"LineString","coordinates":[[-16.4868809,16.0302425],[-16.4866028,16.0307901],[-16.486887,16.0310609],[-16.4871691,16.031059],[-16.4874492,16.0307842],[-16.4874471,16.0305114],[-16.487163,16.0302405],[-16.4868809,16.0302425]]}},{"type":"Feature","properties":{"elevation":5.0},"geometry":{"type":"LineString","coordinates":[[-16.5040894,16.0301225],[-16.5038093,16.0303973],[-16.5040935,16.0306681],[-16.5043735,16.0303933],[-16.5040894,16.0301225]]}},{"type":"Feature","properties":{"elevation":5.0},"geometry":{"type":"LineString","coordinates":[[-16.5093062,16.029813],[-16.5091652,16.029814],[-16.5088851,16.0300888],[-16.5088872,16.0303616],[-16.5091713,16.0306325],[-16.5093124,16.0306315]]}},{"type":"Feature","properties":{"elevation":5.0},"geometry":{"type":"LineString","coordinates":[[-16.4744661,16.0300553],[-16.4744681,16.0303282]]}},{"type":"Feature","properties":{"elevation":5.0},"geometry":{"type":"Point","coordinates":[-16.450204659,16.030220732]}},{"type":"Feature","properties":{"elevation":10.0},"geometry":{"type":"Point","coordinates":[-16.5029589,16.029857576]}},{"type":"Feature","properties":{"elevation":5.0},"geometry":{"type":"LineString","coordinates":[[-16.4812347,16.0297359],[-16.4815182,16.0299158],[-16.4816129,16.0300061],[-16.4816619,16.0302786],[-16.4815219,16.030416],[-16.4812408,16.0305543],[-16.4810507,16.0302828],[-16.4810957,16.0300097],[-16.4812347,16.0297359]]}},{"type":"Feature","properties":{"elevation":5.0},"geometry":{"type":"LineString","coordinates":[[-16.4595123,16.0298848],[-16.4597935,16.0297464],[-16.4600766,16.0298809],[-16.4600786,16.0301537],[-16.4597964,16.0301557],[-16.4595123,16.0298848]]}},{"type":"Feature","properties":{"elevation":5.0},"geometry":{"type":"LineString","coordinates":[[-16.453870132,16.029923075],[-16.453870133,16.029923075]]}},{"type":"Feature","properties":{"elevation":0.0},"geometry":{"type":"LineString","coordinates":[[-16.4671253,16.0292871],[-16.4669863,16.0295609],[-16.4671293,16.0298328],[-16.4672253,16.030105],[-16.4672744,16.0303775],[-16.4674174,16.0306493],[-16.4676995,16.0306474],[-16.4679796,16.0303727],[-16.4679776,16.0300998],[-16.4676925,16.0296925],[-16.4675505,16.0295571],[-16.4674074,16.0292852],[-16.4671253,16.0292871]]}},{"type":"Feature","properties":{"elevation":5.0},"geometry":{"type":"MultiLineString","coordinates":[[[-16.4569714,16.0296292],[-16.4572535,16.0296273],[-16.4575376,16.0298982],[-16.4575435,16.0307167]],[[-16.4575435,16.0307167],[-16.4578276,16.0309876],[-16.4581097,16.0309857],[-16.4583938,16.0312566],[-16.4583978,16.0318022],[-16.4581167,16.0319406],[-16.4580451,16.0318046],[-16.4579726,16.0315323],[-16.4578296,16.0312604],[-16.4575455,16.0309895],[-16.4575435,16.0307167]],[[-16.4575435,16.0307167],[-16.4572594,16.0304458],[-16.4569734,16.029902],[-16.4569714,16.0296292]]]}},{"type":"Feature","properties":{"elevation":5.0},"geometry":{"type":"LineString","coordinates":[[-16.4801983,16.0294702],[-16.4803854,16.0293325],[-16.4806685,16.0294669],[-16.4808116,16.0297388],[-16.4808136,16.0300116],[-16.4802064,16.0305615],[-16.4801133,16.0306985],[-16.4798332,16.0309733],[-16.4796912,16.0308379],[-16.4798282,16.0302912],[-16.4800143,16.0300171],[-16.4801983,16.0294702]]}},{"type":"Feature","properties":{"elevation":5.0},"geometry":{"type":"LineString","coordinates":[[-16.4863086,16.0291551],[-16.4860285,16.0294299],[-16.4863126,16.0297007],[-16.4865927,16.0294259],[-16.4863086,16.0291551]]}},{"type":"Feature","properties":{"elevation":5.0},"geometry":{"type":"LineString","coordinates":[[-16.482361128,16.029455233],[-16.482361128,16.029455232]]}},{"type":"Feature","properties":{"elevation":0.0},"geometry":{"type":"LineString","coordinates":[[-16.4815108,16.0289154],[-16.4812307,16.0291902],[-16.4815135,16.0292792],[-16.4816538,16.0291873],[-16.4815108,16.0289154]]}},{"type":"Feature","properties":{"elevation":0.0},"geometry":{"type":"LineString","coordinates":[[-16.4809466,16.0289193],[-16.4808545,16.0291928],[-16.4809493,16.0292831],[-16.4812307,16.0291902],[-16.4809466,16.0289193]]}},{"type":"Feature","properties":{"elevation":0.0},"geometry":{"type":"LineString","coordinates":[[-16.4617643,16.0291873],[-16.4614831,16.0293257],[-16.4617659,16.0294147],[-16.4620474,16.0293218],[-16.4617643,16.0291873]]}},{"type":"Feature","properties":{"elevation":5.0},"geometry":{"type":"LineString","coordinates":[[-16.4865887,16.0288803],[-16.4863086,16.0291551],[-16.4865927,16.0294259],[-16.4867318,16.0291521],[-16.4865887,16.0288803]]}},{"type":"Feature","properties":{"elevation":5.0},"geometry":{"type":"LineString","coordinates":[[-16.484896,16.028892],[-16.4843359,16.0294416],[-16.4843379,16.0297144],[-16.484622,16.0299853],[-16.4849021,16.0297105],[-16.4851842,16.0297085],[-16.4854643,16.0294338],[-16.4854623,16.0291609],[-16.4851782,16.0288901],[-16.484896,16.028892]]}},{"type":"Feature","properties":{"elevation":0.0},"geometry":{"type":"LineString","coordinates":[[-16.478689,16.0288439],[-16.4784076,16.0289368],[-16.4782215,16.029211],[-16.4781282,16.0293025],[-16.4774263,16.0297621],[-16.4775683,16.0298976],[-16.4776399,16.0300335],[-16.4777124,16.0303058],[-16.4778548,16.0304867],[-16.4781369,16.0304848],[-16.4783236,16.0303016],[-16.4784157,16.0300281],[-16.4785547,16.0297543],[-16.4786947,16.029617],[-16.4789758,16.0294786],[-16.4795421,16.0297475],[-16.4796341,16.0294741],[-16.479538,16.0292019],[-16.4792546,16.0290219],[-16.478689,16.0288439]]}},{"type":"Feature","properties":{"elevation":5.0},"geometry":{"type":"LineString","coordinates":[[-16.4916645,16.0285722],[-16.4913845,16.028847],[-16.4916686,16.0291179],[-16.4919507,16.0291159],[-16.4919527,16.0293887],[-16.4928051,16.0302013],[-16.4930852,16.0299265],[-16.4930832,16.0296537],[-16.492799,16.0293828],[-16.492795,16.0288372],[-16.4925119,16.0287027],[-16.4922308,16.0288411],[-16.4919466,16.0285703],[-16.4916645,16.0285722]]}},{"type":"Feature","properties":{"elevation":5.0},"geometry":{"type":"LineString","coordinates":[[-16.490254,16.028582],[-16.4899739,16.0288568],[-16.489976,16.0291296],[-16.4905442,16.0296714],[-16.4908263,16.0296694],[-16.4911064,16.0293946],[-16.4911044,16.0291218],[-16.4905361,16.0285801],[-16.490254,16.028582]]}},{"type":"Feature","properties":{"elevation":5.0},"geometry":{"type":"LineString","coordinates":[[-16.4516073,16.0291199],[-16.4516093,16.0293927],[-16.4513272,16.0293946],[-16.4516073,16.0291199]]}},{"type":"Feature","properties":{"elevation":5.0},"geometry":{"type":"LineString","coordinates":[[-16.4710728,16.0289873],[-16.4713549,16.0289853],[-16.4710748,16.0292601],[-16.4710728,16.0289873]]}},{"type":"Feature","properties":{"elevation":-5.0},"geometry":{"type":"LineString","coordinates":[[-16.4820726,16.0285932],[-16.4820327,16.028639],[-16.4820735,16.0287069],[-16.482214,16.0286377],[-16.4820726,16.0285932]]}},{"type":"Feature","properties":{"elevation":5.0},"geometry":{"type":"LineString","coordinates":[[-16.4682498,16.0287338],[-16.4682518,16.0290066]]}},{"type":"Feature","properties":{"elevation":5.0},"geometry":{"type":"Point","coordinates":[-16.449066358,16.028864206]}},{"type":"Feature","properties":{"elevation":0.0},"geometry":{"type":"LineString","coordinates":[[-16.4823522,16.0282502],[-16.482071,16.0283659],[-16.4818312,16.0286404],[-16.4817929,16.0289135],[-16.4820763,16.0290934],[-16.4823581,16.029046],[-16.4825452,16.0289083],[-16.4825808,16.0286352],[-16.4825294,16.0283627],[-16.4823522,16.0282502]]}},{"type":"Feature","properties":{"elevation":5.0},"geometry":{"type":"LineString","coordinates":[[-16.4738879,16.0281494],[-16.4736078,16.0284242],[-16.4736098,16.028697],[-16.474178,16.0292388],[-16.4747382,16.0286893],[-16.47417,16.0281475],[-16.4738879,16.0281494]]}},{"type":"Feature","properties":{"elevation":0.0},"geometry":{"type":"LineString","coordinates":[[-16.4623208,16.0281376],[-16.4621805,16.0282295],[-16.4620414,16.0285033],[-16.4620434,16.0287762],[-16.4623275,16.0290471],[-16.4626076,16.0287723],[-16.4627467,16.0284985],[-16.4626036,16.0282266],[-16.4623208,16.0281376]]}},{"type":"Feature","properties":{"elevation":5.0},"geometry":{"type":"LineString","coordinates":[[-16.4538583,16.0282861],[-16.4539543,16.0285583],[-16.4540033,16.0288308],[-16.4542874,16.0291017],[-16.4541483,16.0293755],[-16.4541503,16.0296483],[-16.4538672,16.0295138],[-16.4537251,16.0293784],[-16.4535821,16.0291065],[-16.4535781,16.0285608],[-16.4538583,16.0282861]]}},{"type":"Feature","properties":{"elevation":5.0},"geometry":{"type":"LineString","coordinates":[[-16.4580899,16.0282574],[-16.458372,16.0282555],[-16.458374,16.0285283],[-16.4586581,16.0287992],[-16.458662,16.0293449],[-16.4580939,16.028803],[-16.4580899,16.0282574]]}},{"type":"Feature","properties":{"elevation":0.0},"geometry":{"type":"LineString","coordinates":[[-16.4671133,16.0276502],[-16.4668332,16.0279249],[-16.4668372,16.0284706],[-16.4671203,16.0286051],[-16.4674014,16.0284667],[-16.4673974,16.0279211],[-16.4671133,16.0276502]]}},{"type":"Feature","properties":{"elevation":0.0},"geometry":{"type":"LineString","coordinates":[[-16.4690881,16.0276367],[-16.468808,16.0279114],[-16.46881,16.0281842],[-16.4690941,16.0284551],[-16.4691861,16.0281817],[-16.4692311,16.0279085],[-16.4690881,16.0276367]]}},{"type":"Feature","properties":{"elevation":5.0},"geometry":{"type":"LineString","coordinates":[[-16.4950417,16.0274574],[-16.4947616,16.0277321],[-16.4947636,16.028005],[-16.4950478,16.0282758],[-16.4953278,16.028001],[-16.4953258,16.0277282],[-16.4950417,16.0274574]]}},{"type":"Feature","properties":{"elevation":5.0},"geometry":{"type":"LineString","coordinates":[[-16.509569801197692,16.02735560070023],[-16.5094288,16.0273566],[-16.5091488,16.0276314],[-16.5091508,16.0279042],[-16.5088708,16.028179],[-16.5090139,16.0284509],[-16.509018,16.0289965],[-16.508879,16.0292703],[-16.5091621,16.0294048],[-16.5093032,16.0294038]]}},{"type":"Feature","properties":{"elevation":10.0},"geometry":{"type":"LineString","coordinates":[[-16.482066929,16.027820223],[-16.482066929,16.027820224]]}},{"type":"Feature","properties":{"elevation":0.0},"geometry":{"type":"LineString","coordinates":[[-16.4764218,16.0274499],[-16.4762818,16.0275873],[-16.4764248,16.0278591],[-16.4767079,16.0279936],[-16.476848,16.0278562],[-16.4769165,16.0275829],[-16.4767034,16.0273797],[-16.4764218,16.0274499]]}},{"type":"Feature","properties":{"elevation":0.0},"geometry":{"type":"LineString","coordinates":[[-16.4673945,16.0275118],[-16.4671133,16.0276502],[-16.4676815,16.028192],[-16.4679637,16.02819],[-16.4681027,16.0279162],[-16.4681007,16.0276434],[-16.4679577,16.0273716],[-16.4676756,16.0273735],[-16.4673945,16.0275118]]}},{"type":"Feature","properties":{"elevation":0.0},"geometry":{"type":"LineString","coordinates":[[-16.4535712,16.0276059],[-16.4535017,16.0277428],[-16.4535732,16.0278788],[-16.4538543,16.0277404],[-16.4535712,16.0276059]]}},{"type":"Feature","properties":{"elevation":5.0},"geometry":{"type":"LineString","coordinates":[[-16.460907,16.0276925],[-16.4611891,16.0276906],[-16.4614752,16.0282343],[-16.4614772,16.0285072],[-16.460913,16.028511],[-16.4606289,16.0282401],[-16.4604858,16.0279682],[-16.4606259,16.0278309],[-16.460907,16.0276925]]}},{"type":"Feature","properties":{"elevation":5.0},"geometry":{"type":"LineString","coordinates":[[-16.4815947,16.0275506],[-16.4817815,16.0273675],[-16.4820636,16.0273655],[-16.4823463,16.0274545],[-16.4824881,16.0275445],[-16.4825747,16.0278167],[-16.4824921,16.0280901],[-16.4820697,16.0281954],[-16.4817868,16.028095],[-16.4815047,16.0280969],[-16.4815027,16.0278241],[-16.4815947,16.0275506]]}},{"type":"Feature","properties":{"elevation":5.0},"geometry":{"type":"LineString","coordinates":[[-16.4594965,16.0277021],[-16.4597776,16.0275638],[-16.4599196,16.0276992],[-16.4599216,16.0279721],[-16.4597825,16.0282459],[-16.4595024,16.0285206],[-16.4594965,16.0277021]]}},{"type":"Feature","properties":{"elevation":5.0},"geometry":{"type":"LineString","coordinates":[[-16.4515975,16.0277557],[-16.4518815,16.0280266],[-16.4516014,16.0283014],[-16.4515975,16.0277557]]}},{"type":"Feature","properties":{"elevation":0.0},"geometry":{"type":"LineString","coordinates":[[-16.480651,16.0271024],[-16.4803703,16.0272863],[-16.4803723,16.0275591],[-16.4806557,16.027739],[-16.4809375,16.0276916],[-16.4811246,16.0275539],[-16.4811226,16.0272811],[-16.4809331,16.0271005],[-16.480651,16.0271024]]}},{"type":"Feature","properties":{"elevation":5.0},"geometry":{"type":"LineString","coordinates":[[-16.4627387,16.0274072],[-16.4628788,16.0272698],[-16.4630208,16.0274053],[-16.4628817,16.0276791],[-16.4627387,16.0274072]]}},{"type":"Feature","properties":{"elevation":5.0},"geometry":{"type":"MultiLineString","coordinates":[[[-16.4563913,16.0274504],[-16.4566754,16.0277213],[-16.4563953,16.027996],[-16.45583113469049,16.02799986597211]],[[-16.45583113469049,16.02799986597211],[-16.4555489,16.0280018],[-16.4558311,16.0279999],[-16.45583113469049,16.02799986597211]],[[-16.45583113469049,16.02799986597211],[-16.4563913,16.0274504]]]}},{"type":"Feature","properties":{"elevation":5.0},"geometry":{"type":"LineString","coordinates":[[-16.490524,16.0269431],[-16.4902439,16.0272179],[-16.4901049,16.0274917],[-16.4899658,16.0277655],[-16.4899679,16.0280383],[-16.490252,16.0283092],[-16.4913804,16.0283014],[-16.4916605,16.0280266],[-16.490524,16.0269431]]}},{"type":"Feature","properties":{"elevation":10.0},"geometry":{"type":"LineString","coordinates":[[-16.4882692,16.0272316],[-16.4891155,16.0272257],[-16.4891175,16.0274986],[-16.4882712,16.0275044],[-16.4882692,16.0272316]]}},{"type":"Feature","properties":{"elevation":0.0},"geometry":{"type":"LineString","coordinates":[[-16.4586442,16.0268894],[-16.4583641,16.0271641],[-16.4586482,16.0274351],[-16.4587872,16.0271613],[-16.4586442,16.0268894]]}},{"type":"Feature","properties":{"elevation":5.0},"geometry":{"type":"LineString","coordinates":[[-16.471623,16.0270736],[-16.471625,16.0273464]]}},{"type":"Feature","properties":{"elevation":5.0},"geometry":{"type":"LineString","coordinates":[[-16.4614672,16.027143],[-16.4614692,16.0274159]]}},{"type":"Feature","properties":{"elevation":5.0},"geometry":{"type":"LineString","coordinates":[[-16.4487705,16.0269563],[-16.4484903,16.027231],[-16.4487744,16.027502],[-16.4490545,16.0272272],[-16.4487705,16.0269563]]}},{"type":"Feature","properties":{"elevation":0.0},"geometry":{"type":"LineString","coordinates":[[-16.4597716,16.0267453],[-16.4596786,16.0268824],[-16.4597746,16.0271545],[-16.4600572,16.0272208],[-16.4603388,16.0271507],[-16.4603368,16.0268779],[-16.4600527,16.026607],[-16.4597716,16.0267453]]}},{"type":"Feature","properties":{"elevation":5.0},"geometry":{"type":"Point","coordinates":[-16.48036625,16.026740604]}},{"type":"Feature","properties":{"elevation":5.0},"geometry":{"type":"LineString","coordinates":[[-16.453002065,16.02692768],[-16.453002066,16.02692768]]}},{"type":"Feature","properties":{"elevation":10.0},"geometry":{"type":"LineString","coordinates":[[-16.4761347,16.0267698],[-16.4764163,16.0266996],[-16.4765108,16.0267672],[-16.4764188,16.0270406],[-16.4761347,16.0267698]]}},{"type":"Feature","properties":{"elevation":5.0},"geometry":{"type":"LineString","coordinates":[[-16.4783895,16.0264814],[-16.4786736,16.0267523],[-16.4783935,16.027027],[-16.4781114,16.027029],[-16.4778303,16.0271673],[-16.4775472,16.0270329],[-16.4778273,16.0267581],[-16.4781094,16.0267562],[-16.4783895,16.0264814]]}},{"type":"Feature","properties":{"elevation":5.0},"geometry":{"type":"LineString","coordinates":[[-16.4707727,16.0265337],[-16.4710568,16.0268046],[-16.4707747,16.0268066],[-16.4707727,16.0265337]]}},{"type":"Feature","properties":{"elevation":5.0},"geometry":{"type":"LineString","coordinates":[[-16.4569496,16.0266281],[-16.4569516,16.0269009],[-16.4566714,16.0271756],[-16.4566695,16.0269028],[-16.4569496,16.0266281]]}},{"type":"Feature","properties":{"elevation":5.0},"geometry":{"type":"Point","coordinates":[-16.506881723,16.026283163]}},{"type":"Feature","properties":{"elevation":5.0},"geometry":{"type":"LineString","coordinates":[[-16.455539046,16.02663764],[-16.455539046,16.026637639],[-16.455539047,16.02663764],[-16.455539046,16.02663764]]}},{"type":"Feature","properties":{"elevation":0.0},"geometry":{"type":"LineString","coordinates":[[-16.4789497,16.0259319],[-16.4788107,16.0262057],[-16.4789527,16.0263411],[-16.4792338,16.0262027],[-16.4789497,16.0259319]]}},{"type":"Feature","properties":{"elevation":10.0},"geometry":{"type":"LineString","coordinates":[[-16.48938948,16.026132472],[-16.489389481,16.026132472]]}},{"type":"Feature","properties":{"elevation":5.0},"geometry":{"type":"LineString","coordinates":[[-16.49672,16.0255358],[-16.49644,16.0258106],[-16.4967241,16.0260814],[-16.4970042,16.0258066],[-16.49672,16.0255358]]}},{"type":"Feature","properties":{"elevation":5.0},"geometry":{"type":"LineString","coordinates":[[-16.4913561,16.0250275],[-16.491076,16.0253022],[-16.4913601,16.0255731],[-16.4914992,16.0252993],[-16.4913561,16.0250275]]}},{"type":"Feature","properties":{"elevation":5.0},"geometry":{"type":"LineString","coordinates":[[-16.4859962,16.0250646],[-16.4857161,16.0253394],[-16.4860002,16.0256103],[-16.4862803,16.0253355],[-16.4859962,16.0250646]]}},{"type":"Feature","properties":{"elevation":5.0},"geometry":{"type":"LineString","coordinates":[[-16.472457337,16.025430825],[-16.472457338,16.025430825]]}},{"type":"Feature","properties":{"elevation":5.0},"geometry":{"type":"LineString","coordinates":[[-16.451863767,16.025571169],[-16.451863768,16.025571169]]}},{"type":"Feature","properties":{"elevation":10.0},"geometry":{"type":"LineString","coordinates":[[-16.503206257,16.025217595],[-16.503206257,16.025217594]]}},{"type":"Feature","properties":{"elevation":5.0},"geometry":{"type":"LineString","coordinates":[[-16.4656849,16.0252044],[-16.4659663,16.0251115],[-16.4662491,16.0252005],[-16.46597,16.0256117],[-16.4656869,16.0254772],[-16.4656849,16.0252044]]}},{"type":"Feature","properties":{"elevation":5.0},"geometry":{"type":"MultiLineString","coordinates":[[[-16.4608891,16.0252371],[-16.4611712,16.0252351],[-16.460611,16.0257846],[-16.460613,16.0260575]],[[-16.460613,16.0260575],[-16.4608971,16.0263284],[-16.460615,16.0263303],[-16.460613,16.0260575]],[[-16.460613,16.0260575],[-16.4600468,16.0257885],[-16.4600448,16.0255157],[-16.460609,16.0255118],[-16.4608891,16.0252371]]]}},{"type":"Feature","properties":{"elevation":5.0},"geometry":{"type":"LineString","coordinates":[[-16.454964943,16.025277318],[-16.454964943,16.025277317],[-16.454964944,16.025277318],[-16.454964943,16.025277318]]}},{"type":"Feature","properties":{"elevation":0.0},"geometry":{"type":"LineString","coordinates":[[-16.5065863,16.0245118],[-16.5065168,16.0246487],[-16.5064954,16.0249217],[-16.5065899,16.0249892],[-16.5067304,16.02492],[-16.5067284,16.0246472],[-16.5065863,16.0245118]]}},{"type":"Feature","properties":{"elevation":5.0},"geometry":{"type":"LineString","coordinates":[[-16.4645545,16.0249392],[-16.4645585,16.0254849],[-16.4648426,16.0257558],[-16.4651247,16.0257539],[-16.4654088,16.0260248],[-16.4654107,16.0262976],[-16.4651306,16.0265724],[-16.4651286,16.0262995],[-16.4642764,16.0254868],[-16.4642744,16.025214],[-16.4645545,16.0249392]]}},{"type":"Feature","properties":{"elevation":5.0},"geometry":{"type":"LineString","coordinates":[[-16.4676576,16.024918],[-16.4676596,16.0251909]]}},{"type":"Feature","properties":{"elevation":5.0},"geometry":{"type":"Point","coordinates":[-16.452988237,16.02501787]}},{"type":"Feature","properties":{"elevation":10.0},"geometry":{"type":"Point","coordinates":[-16.476402752,16.02485803]}},{"type":"Feature","properties":{"elevation":0.0},"geometry":{"type":"LineString","coordinates":[[-16.470476,16.0245349],[-16.4701945,16.0246278],[-16.4704786,16.0248987],[-16.4707607,16.0248968],[-16.4710408,16.024622],[-16.4707567,16.0243511],[-16.470476,16.0245349]]}},{"type":"Feature","properties":{"elevation":5.0},"geometry":{"type":"LineString","coordinates":[[-16.4752703,16.0243201],[-16.4749902,16.0245949],[-16.4749922,16.0248677],[-16.4755605,16.0254095],[-16.4758406,16.0251347],[-16.4755564,16.0248639],[-16.4755544,16.024591],[-16.4752703,16.0243201]]}},{"type":"Feature","properties":{"elevation":5.0},"geometry":{"type":"LineString","coordinates":[[-16.463142,16.024676],[-16.463146,16.0252217],[-16.4628619,16.0249508],[-16.463142,16.024676]]}},{"type":"Feature","properties":{"elevation":10.0},"geometry":{"type":"LineString","coordinates":[[-16.4766828,16.0245833],[-16.4769639,16.0244325],[-16.477153,16.02458],[-16.4769667,16.0248152],[-16.4766828,16.0245833]]}},{"type":"Feature","properties":{"elevation":15.0},"geometry":{"type":"LineString","coordinates":[[-16.4769179,16.0245816],[-16.4769648,16.0245565],[-16.4769963,16.0245811],[-16.4769652,16.0246203],[-16.4769179,16.0245816]]}},{"type":"Feature","properties":{"elevation":5.0},"geometry":{"type":"LineString","coordinates":[[-16.4921943,16.0239303],[-16.4919142,16.0242051],[-16.4921983,16.0244759],[-16.4924804,16.024474],[-16.4927645,16.0247448],[-16.4930446,16.02447],[-16.4930426,16.0241972],[-16.4927585,16.0239263],[-16.4921943,16.0239303]]}},{"type":"Feature","properties":{"elevation":5.0},"geometry":{"type":"LineString","coordinates":[[-16.4969899,16.0238969],[-16.4967099,16.0241717],[-16.496994,16.0244425],[-16.497274,16.0241677],[-16.4969899,16.0238969]]}},{"type":"Feature","properties":{"elevation":10.0},"geometry":{"type":"MultiLineString","coordinates":[[[-16.5048907,16.0241144],[-16.5051748,16.0243853]],[[-16.5051748,16.0243853],[-16.5054549,16.0241105],[-16.5054569,16.0243833],[-16.5051748,16.0243853]]]}},{"type":"Feature","properties":{"elevation":5.0},"geometry":{"type":"LineString","coordinates":[[-16.4586244,16.0241611],[-16.4589084,16.024432],[-16.4589104,16.0247048],[-16.4580701,16.0255291],[-16.457788,16.025531],[-16.4572218,16.025262],[-16.4569417,16.0255367],[-16.4569436,16.0258096],[-16.4563755,16.0252677],[-16.4562324,16.0249959],[-16.4563725,16.0248585],[-16.4566546,16.0248566],[-16.4567966,16.024992],[-16.4569397,16.0252639],[-16.4572198,16.0249892],[-16.4575009,16.0248508],[-16.457783,16.0248489],[-16.4580661,16.0249834],[-16.4583462,16.0247087],[-16.4586244,16.0241611]]}},{"type":"Feature","properties":{"elevation":5.0},"geometry":{"type":"LineString","coordinates":[[-16.4518539,16.024207],[-16.4518559,16.0244798],[-16.4515738,16.0244818],[-16.4518539,16.024207]]}},{"type":"Feature","properties":{"elevation":5.0},"geometry":{"type":"LineString","coordinates":[[-16.4700495,16.0240831],[-16.4701895,16.0239457],[-16.4703316,16.0240812],[-16.4701912,16.0241731],[-16.4700495,16.0240831]]}},{"type":"Feature","properties":{"elevation":5.0},"geometry":{"type":"Point","coordinates":[-16.455521237,16.024182172]}},{"type":"Feature","properties":{"elevation":10.0},"geometry":{"type":"MultiLineString","coordinates":[[[-16.5034525,16.0238517],[-16.5037592,16.0237131],[-16.5039013,16.0238485],[-16.5036212,16.0241233],[-16.5034822,16.0243971]],[[-16.5034822,16.0243971],[-16.5037664,16.024668],[-16.5040495,16.0248024],[-16.5041916,16.0249379],[-16.5041936,16.0252107],[-16.5044777,16.0254815],[-16.5046208,16.0257534],[-16.504905,16.0260242],[-16.5046249,16.026299],[-16.5049091,16.0265698],[-16.504629,16.0268446],[-16.5046311,16.0271175],[-16.5049152,16.0273883],[-16.5049173,16.0276611],[-16.5046331,16.0273903],[-16.504071,16.0276671],[-16.5035047,16.0273982],[-16.5037827,16.0268506],[-16.5037807,16.0265778],[-16.5034965,16.0263069],[-16.5040566,16.0257573],[-16.5037705,16.0252136],[-16.5034873,16.0250792],[-16.5033453,16.0249438],[-16.5032022,16.0246719],[-16.5034822,16.0243971]],[[-16.5034822,16.0243971],[-16.5034525,16.0238517]]]}},{"type":"Feature","properties":{"elevation":5.0},"geometry":{"type":"LineString","coordinates":[[-16.482883,16.023721979],[-16.482883001,16.023721979],[-16.482883001,16.02372198],[-16.482883,16.023721979]]}},{"type":"Feature","properties":{"elevation":5.0},"geometry":{"type":"LineString","coordinates":[[-16.4481826,16.0236861],[-16.4479025,16.0239609],[-16.4476223,16.0242356],[-16.4479054,16.0243701],[-16.4484696,16.0243663],[-16.4486097,16.0242289],[-16.4486077,16.0239561],[-16.4484647,16.0236842],[-16.4481826,16.0236861]]}},{"type":"Feature","properties":{"elevation":5.0},"geometry":{"type":"LineString","coordinates":[[-16.4535426,16.0236499],[-16.453824,16.023557],[-16.4539657,16.023647],[-16.4541087,16.0239189],[-16.4543902,16.0238261],[-16.4545319,16.023916],[-16.4546749,16.0241879],[-16.4543935,16.0242808],[-16.4541107,16.0241917],[-16.4538266,16.0239208],[-16.4535445,16.0239227],[-16.4535426,16.0236499]]}},{"type":"Feature","properties":{"elevation":5.0},"geometry":{"type":"LineString","coordinates":[[-16.4967017,16.0230804],[-16.4964217,16.0233551],[-16.4967058,16.023626],[-16.4969858,16.0233512],[-16.4967017,16.0230804]]}},{"type":"Feature","properties":{"elevation":5.0},"geometry":{"type":"LineString","coordinates":[[-16.4983943,16.0230685],[-16.4983963,16.0233414]]}},{"type":"Feature","properties":{"elevation":5.0},"geometry":{"type":"MultiLineString","coordinates":[[[-16.4739929,16.0232376],[-16.4741329,16.0231002],[-16.4744153,16.0231437],[-16.4749822,16.0235036]],[[-16.4749822,16.0235036],[-16.4752643,16.0235017]],[[-16.4749822,16.0235036],[-16.4748902,16.0237771],[-16.4749862,16.0240492],[-16.4752703,16.0243201],[-16.4755504,16.0240454],[-16.4758335,16.0241798],[-16.4761146,16.0240415],[-16.4761106,16.0234958],[-16.4763917,16.0233575],[-16.4766744,16.0234374],[-16.4767312,16.0234916],[-16.4765828,16.0237654],[-16.4766788,16.0240376],[-16.4769609,16.0240357],[-16.4769629,16.0243085],[-16.4772457,16.0243975],[-16.4774351,16.0245781],[-16.4775302,16.0247138],[-16.4778133,16.0248483],[-16.4772511,16.025125],[-16.4769683,16.025036],[-16.4766865,16.0250744],[-16.4765458,16.0251299],[-16.4764058,16.0252673],[-16.4761227,16.0251328],[-16.4758426,16.0254076],[-16.4758446,16.0256804],[-16.4764128,16.0262222],[-16.476979,16.0264911],[-16.476981,16.0267639],[-16.476842,16.0270377],[-16.4761387,16.0273154],[-16.4758586,16.0275902],[-16.4758606,16.027863],[-16.4761441,16.028043],[-16.4764282,16.0283138],[-16.4767105,16.0283346],[-16.4769931,16.0284009],[-16.4772762,16.0285354],[-16.4773477,16.0286713],[-16.4774202,16.0289436],[-16.4772812,16.0292174],[-16.476717,16.0292213],[-16.4762918,16.0289514],[-16.4761498,16.028816],[-16.4758687,16.0289543],[-16.4755885,16.0292291],[-16.4744601,16.0292368],[-16.47418,16.0295116],[-16.4736158,16.0295155],[-16.4730536,16.0297922],[-16.4727715,16.0297941],[-16.4730496,16.0292465],[-16.4736098,16.028697],[-16.4736058,16.0281514],[-16.4733217,16.0278805],[-16.4733157,16.027062],[-16.474162,16.0270562],[-16.4750023,16.0262319],[-16.4747182,16.025961],[-16.4747162,16.0256882],[-16.4752764,16.0251386],[-16.4747081,16.0245968],[-16.474428,16.0248716],[-16.47443,16.0251444],[-16.47415,16.0254192],[-16.4738678,16.0254211],[-16.4735837,16.0251503],[-16.4733023,16.0252431],[-16.4731606,16.0251532],[-16.4730175,16.0248813],[-16.4727354,16.0248832],[-16.4727334,16.0246104],[-16.4730135,16.0243356],[-16.4732956,16.0243337],[-16.4732976,16.0246065],[-16.4738658,16.0251483],[-16.4741459,16.0248735],[-16.4741419,16.0243279],[-16.4739989,16.024056],[-16.4739499,16.0237835],[-16.4739949,16.0235104],[-16.4739929,16.0232376]]]}},{"type":"Feature","properties":{"elevation":5.0},"geometry":{"type":"LineString","coordinates":[[-16.4597468,16.0233349],[-16.4598899,16.0236068],[-16.4597498,16.0237442],[-16.4594667,16.0236097],[-16.4597468,16.0233349]]}},{"type":"Feature","properties":{"elevation":5.0},"geometry":{"type":"LineString","coordinates":[[-16.5079835,16.0227285],[-16.5077034,16.0230033],[-16.5079876,16.0232742],[-16.5082697,16.0232722],[-16.5084087,16.0229984],[-16.5082656,16.0227265],[-16.5079835,16.0227285]]}},{"type":"Feature","properties":{"elevation":5.0},"geometry":{"type":"LineString","coordinates":[[-16.4690561,16.0232714],[-16.4693372,16.0231331],[-16.4696203,16.0232675],[-16.4693402,16.0235423],[-16.4690581,16.0235442],[-16.4690561,16.0232714]]}},{"type":"Feature","properties":{"elevation":5.0},"geometry":{"type":"LineString","coordinates":[[-16.5098171,16.0227156],[-16.509676,16.0227166],[-16.509537,16.0229904],[-16.509257,16.0232653],[-16.509118,16.0235391],[-16.5094021,16.0238099],[-16.5091221,16.0240847],[-16.5091242,16.0243575],[-16.5092673,16.0246294],[-16.5091283,16.0249032],[-16.5091365,16.0259945],[-16.5094227,16.0265381],[-16.5095637,16.0265371]]}},{"type":"Feature","properties":{"elevation":5.0},"geometry":{"type":"LineString","coordinates":[[-16.4639763,16.0230333],[-16.4639783,16.0233061],[-16.4636962,16.023308],[-16.4639763,16.0230333]]}},{"type":"Feature","properties":{"elevation":5.0},"geometry":{"type":"LineString","coordinates":[[-16.4560775,16.023087],[-16.4563586,16.0229487],[-16.4566417,16.0230832],[-16.4569258,16.0233541],[-16.4566457,16.0236289],[-16.4566477,16.0239017],[-16.4560795,16.0233599],[-16.4560775,16.023087]]}},{"type":"Feature","properties":{"elevation":5.0},"geometry":{"type":"LineString","coordinates":[[-16.4549491,16.0230947],[-16.4552312,16.0230928],[-16.4552332,16.0233656],[-16.4549511,16.0233675],[-16.4549491,16.0230947]]}},{"type":"Feature","properties":{"elevation":10.0},"geometry":{"type":"LineString","coordinates":[[-16.4904936,16.0228507],[-16.4907757,16.0228488]]}},{"type":"Feature","properties":{"elevation":0.0},"geometry":{"type":"LineString","coordinates":[[-16.4758205,16.0224065],[-16.4755424,16.0229541],[-16.4757325,16.0232256],[-16.475827,16.0232932],[-16.4761086,16.023223],[-16.4763182,16.0229487],[-16.4761046,16.0226774],[-16.4758205,16.0224065]]}},{"type":"Feature","properties":{"elevation":0.0},"geometry":{"type":"LineString","coordinates":[[-16.5065699,16.0223292],[-16.5065239,16.0224659],[-16.5065716,16.0225566],[-16.5067611,16.0227371],[-16.5068556,16.0228047],[-16.5069961,16.0227355],[-16.5071351,16.0224617],[-16.506851,16.0221908],[-16.5065699,16.0223292]]}},{"type":"Feature","properties":{"elevation":0.0},"geometry":{"type":"LineString","coordinates":[[-16.465665,16.0224761],[-16.4655259,16.0227499],[-16.4652458,16.0230246],[-16.4653888,16.0232965],[-16.4656709,16.0232946],[-16.465951,16.0230198],[-16.465949,16.022747],[-16.465665,16.0224761]]}},{"type":"Feature","properties":{"elevation":5.0},"geometry":{"type":"LineString","coordinates":[[-16.4478926,16.0225967],[-16.4476125,16.0228715],[-16.4476145,16.0231443],[-16.4478985,16.0234152],[-16.4481787,16.0231405],[-16.4481767,16.0228676],[-16.4478926,16.0225967]]}},{"type":"Feature","properties":{"elevation":10.0},"geometry":{"type":"LineString","coordinates":[[-16.4890811,16.0225877],[-16.4893652,16.0228586],[-16.4893672,16.0231314],[-16.4890871,16.0234062],[-16.4890932,16.0242247],[-16.488529,16.0242286],[-16.488527,16.0239557],[-16.4883839,16.0236839],[-16.488801,16.0228625],[-16.4890811,16.0225877]]}},{"type":"Feature","properties":{"elevation":0.0},"geometry":{"type":"LineString","coordinates":[[-16.4605852,16.0222379],[-16.4603051,16.0225126],[-16.4605882,16.0226471],[-16.4608693,16.0225088],[-16.4605852,16.0222379]]}},{"type":"Feature","properties":{"elevation":5.0},"geometry":{"type":"LineString","coordinates":[[-16.4828729,16.0223578],[-16.483155,16.0223559],[-16.4832981,16.0226277],[-16.4831591,16.0229016],[-16.482877,16.0229035],[-16.4827809,16.0226313],[-16.4828729,16.0223578]]}},{"type":"Feature","properties":{"elevation":5.0},"geometry":{"type":"LineString","coordinates":[[-16.4944368,16.0220048],[-16.4938767,16.0225544],[-16.4940198,16.0228262],[-16.4938808,16.0231],[-16.4941639,16.0232345],[-16.4944449,16.0230961],[-16.494725,16.0228213],[-16.4947209,16.0222756],[-16.4944368,16.0220048]]}},{"type":"Feature","properties":{"elevation":10.0},"geometry":{"type":"LineString","coordinates":[[-16.5051584,16.0222027],[-16.5054405,16.0222007],[-16.5057236,16.0223351],[-16.5060078,16.022606],[-16.5060793,16.0227419],[-16.5060109,16.0230152],[-16.5054482,16.0232238],[-16.5051666,16.023294],[-16.5048845,16.023296],[-16.5046004,16.0230251],[-16.5046924,16.0227516],[-16.5049724,16.0224768],[-16.5051584,16.0222027]]}},{"type":"Feature","properties":{"elevation":0.0},"geometry":{"type":"LineString","coordinates":[[-16.4758178,16.0220427],[-16.475748,16.0221341],[-16.4758205,16.0224065],[-16.4759125,16.022133],[-16.4758178,16.0220427]]}},{"type":"Feature","properties":{"elevation":5.0},"geometry":{"type":"LineString","coordinates":[[-16.4679197,16.0221878],[-16.4679198,16.0221878]]}},{"type":"Feature","properties":{"elevation":10.0},"geometry":{"type":"LineString","coordinates":[[-16.4868203,16.0220577],[-16.4873844,16.0220538],[-16.4871064,16.0226014],[-16.4868243,16.0226033],[-16.4866812,16.0223315],[-16.4868203,16.0220577]]}},{"type":"Feature","properties":{"elevation":15.0},"geometry":{"type":"LineString","coordinates":[[-16.4771726,16.0221243],[-16.4772285,16.0220557],[-16.477323,16.0221233],[-16.4772296,16.0222149],[-16.4771726,16.0221243]]}},{"type":"Feature","properties":{"elevation":0.0},"geometry":{"type":"LineString","coordinates":[[-16.4662245,16.0218356],[-16.4659431,16.0219285],[-16.465663,16.0222032],[-16.465665,16.0224761],[-16.465949,16.022747],[-16.4662292,16.0224722],[-16.4665103,16.0223339],[-16.4666503,16.0221965],[-16.4667894,16.0219227],[-16.4665066,16.0218337],[-16.4662245,16.0218356]]}},{"type":"Feature","properties":{"elevation":5.0},"geometry":{"type":"LineString","coordinates":[[-16.445912,16.0217915],[-16.4456319,16.0220663],[-16.4456358,16.0226119],[-16.4459199,16.0228829],[-16.4459219,16.0231557],[-16.4458298,16.0234292],[-16.4457847,16.0237023],[-16.4457867,16.0239751],[-16.4459297,16.024247],[-16.4462138,16.024518],[-16.4460747,16.0247917],[-16.4462177,16.0250636],[-16.4462197,16.0253364],[-16.4465038,16.0256074],[-16.4467859,16.0256055],[-16.4473481,16.0253288],[-16.44678,16.024787],[-16.4464939,16.0242432],[-16.446492,16.0239704],[-16.4467721,16.0236957],[-16.4470552,16.0238302],[-16.4473363,16.0236918],[-16.4476164,16.0234171],[-16.4470483,16.0228753],[-16.4470463,16.0226024],[-16.4464782,16.0220606],[-16.4461981,16.0223353],[-16.4461961,16.0220625],[-16.445912,16.0217915]]}},{"type":"Feature","properties":{"elevation":5.0},"geometry":{"type":"LineString","coordinates":[[-16.4752523,16.0218647],[-16.4753953,16.0221365],[-16.4753691,16.0224096],[-16.4752576,16.0225922],[-16.4749755,16.0225942],[-16.4747861,16.0224136],[-16.4748782,16.0221401],[-16.4749712,16.022003],[-16.4752523,16.0218647]]}},{"type":"Feature","properties":{"elevation":5.0},"geometry":{"type":"MultiLineString","coordinates":[[[-16.4614295,16.0219593],[-16.4619977,16.0225011]],[[-16.4619977,16.0225011],[-16.4622798,16.0224992],[-16.4619997,16.0227739],[-16.4619977,16.0225011]],[[-16.4619977,16.0225011],[-16.4617136,16.0222302],[-16.4614315,16.0222321],[-16.4614295,16.0219593]]]}},{"type":"Feature","properties":{"elevation":5.0},"geometry":{"type":"LineString","coordinates":[[-16.4918939,16.0214768],[-16.4916138,16.0217516],[-16.4916159,16.0220244],[-16.4913378,16.022572],[-16.4913399,16.0228448],[-16.4919061,16.0231138],[-16.4924662,16.0225642],[-16.4926052,16.0222904],[-16.4927453,16.022153],[-16.4930263,16.0220146],[-16.4930243,16.0217418],[-16.4927402,16.0214709],[-16.4918939,16.0214768]]}},{"type":"Feature","properties":{"elevation":5.0},"geometry":{"type":"LineString","coordinates":[[-16.4732776,16.0218783],[-16.4735597,16.0218763],[-16.4735617,16.0221491],[-16.4732816,16.0224239],[-16.4731386,16.0221521],[-16.4732776,16.0218783]]}},{"type":"Feature","properties":{"elevation":5.0},"geometry":{"type":"LineString","coordinates":[[-16.4713029,16.0218918],[-16.4715844,16.0217989],[-16.4718671,16.0218879],[-16.4721512,16.0221588],[-16.471589,16.0224355],[-16.4713049,16.0221646],[-16.4713029,16.0218918]]}},{"type":"Feature","properties":{"elevation":5.0},"geometry":{"type":"Point","coordinates":[-16.480894219,16.02182583]}},{"type":"Feature","properties":{"elevation":5.0},"geometry":{"type":"LineString","coordinates":[[-16.4518361,16.0217515],[-16.4524003,16.0217477],[-16.4526834,16.0218822],[-16.4528255,16.0220177],[-16.4526864,16.0222915],[-16.4521202,16.0220225],[-16.4518361,16.0217515]]}},{"type":"Feature","properties":{"elevation":10.0},"geometry":{"type":"LineString","coordinates":[[-16.477225,16.0215783],[-16.4775084,16.0217582],[-16.4775655,16.0218488],[-16.4776051,16.0221213],[-16.4775123,16.0222857],[-16.4774002,16.0223956],[-16.4772317,16.0224991],[-16.4769496,16.0224896],[-16.4769086,16.022399],[-16.4768999,16.0221262],[-16.476832,16.0218538],[-16.4769439,16.0217166],[-16.477225,16.0215783]]}},{"type":"Feature","properties":{"elevation":0.0},"geometry":{"type":"LineString","coordinates":[[-16.507124,16.0209806],[-16.5069133,16.021099],[-16.5069154,16.0213718],[-16.507129,16.0216432],[-16.5074101,16.0215048],[-16.5075031,16.0213677],[-16.5075198,16.0210948],[-16.5074063,16.0210046],[-16.507124,16.0209806]]}},{"type":"Feature","properties":{"elevation":0.0},"geometry":{"type":"LineString","coordinates":[[-16.4608593,16.0211446],[-16.4607673,16.0214181],[-16.4607693,16.0216909],[-16.4608653,16.0219631],[-16.4609573,16.0216896],[-16.4611434,16.0214155],[-16.4608593,16.0211446]]}},{"type":"Feature","properties":{"elevation":0.0},"geometry":{"type":"LineString","coordinates":[[-16.4783493,16.0210249],[-16.4780692,16.0212996],[-16.4780242,16.0215728],[-16.4780719,16.0216634],[-16.4783548,16.0217751],[-16.4785649,16.0215691],[-16.4786334,16.0212957],[-16.4783493,16.0210249]]}},{"type":"Feature","properties":{"elevation":0.0},"geometry":{"type":"LineString","coordinates":[[-16.4710163,16.0212799],[-16.4709228,16.0213487],[-16.4710178,16.0214845],[-16.4712989,16.0213461],[-16.4710163,16.0212799]]}},{"type":"Feature","properties":{"elevation":5.0},"geometry":{"type":"LineString","coordinates":[[-16.479479716,16.021289905],[-16.479479716,16.021289906]]}},{"type":"Feature","properties":{"elevation":5.0},"geometry":{"type":"Point","coordinates":[-16.465656986,16.021384755]}},{"type":"Feature","properties":{"elevation":10.0},"geometry":{"type":"LineString","coordinates":[[-16.4882247,16.0212294],[-16.4885068,16.0212275],[-16.4885088,16.0215003],[-16.4882267,16.0215023],[-16.4882247,16.0212294]]}},{"type":"Feature","properties":{"elevation":0.0},"geometry":{"type":"LineString","coordinates":[[-16.4628314,16.0207674],[-16.4625499,16.0208603],[-16.4625519,16.0211331],[-16.462838,16.0216768],[-16.4631201,16.0216749],[-16.4636803,16.0211254],[-16.4633962,16.0208545],[-16.4631141,16.0208564],[-16.4628314,16.0207674]]}},{"type":"Feature","properties":{"elevation":5.0},"geometry":{"type":"LineString","coordinates":[[-16.4768428,16.0207624],[-16.4769362,16.0206708],[-16.4772189,16.0207598],[-16.477504,16.0211671],[-16.4776461,16.0213025],[-16.4777892,16.0215744],[-16.4778617,16.0218467],[-16.4776541,16.0223938],[-16.4775151,16.0226676],[-16.477233,16.0226696],[-16.4769518,16.0227885],[-16.4767393,16.022673],[-16.4766648,16.0221278],[-16.4763834,16.0222207],[-16.4763122,16.0221302],[-16.4762866,16.0218576],[-16.4763787,16.0215841],[-16.4766588,16.0213093],[-16.4768428,16.0207624]]}},{"type":"Feature","properties":{"elevation":5.0},"geometry":{"type":"LineString","coordinates":[[-16.5079671,16.0205459],[-16.5079691,16.0208188]]}},{"type":"Feature","properties":{"elevation":5.0},"geometry":{"type":"LineString","coordinates":[[-16.4806041,16.0207365],[-16.4806061,16.0210093],[-16.480326,16.0212841],[-16.48023,16.0210119],[-16.480323,16.0208748],[-16.4806041,16.0207365]]}},{"type":"Feature","properties":{"elevation":5.0},"geometry":{"type":"LineString","coordinates":[[-16.4484431,16.0206831],[-16.4481629,16.0209578],[-16.4481649,16.0212307],[-16.448449,16.0215016],[-16.4487271,16.020954],[-16.4484431,16.0206831]]}},{"type":"Feature","properties":{"elevation":5.0},"geometry":{"type":"LineString","coordinates":[[-16.466781388,16.020831389],[-16.466781388,16.020831388],[-16.466781389,16.020831389],[-16.466781388,16.020831389]]}},{"type":"Feature","properties":{"elevation":5.0},"geometry":{"type":"LineString","coordinates":[[-16.458882669,16.020885229],[-16.45888267,16.020885229]]}},{"type":"Feature","properties":{"elevation":5.0},"geometry":{"type":"LineString","coordinates":[[-16.4470336,16.020829],[-16.4467524,16.0209673],[-16.4459061,16.020973],[-16.445626,16.0212478],[-16.445628,16.0215206],[-16.445912,16.0217915],[-16.4461941,16.0217896],[-16.4467623,16.0223315],[-16.4470424,16.0220568],[-16.4473206,16.0215092],[-16.4473166,16.0209635],[-16.4470336,16.020829]]}},{"type":"Feature","properties":{"elevation":0.0},"geometry":{"type":"LineString","coordinates":[[-16.4693163,16.0202684],[-16.4690362,16.0205431],[-16.4693203,16.020814],[-16.4696004,16.0205393],[-16.4693163,16.0202684]]}},{"type":"Feature","properties":{"elevation":5.0},"geometry":{"type":"LineString","coordinates":[[-16.4724213,16.0205199],[-16.4727031,16.0204725],[-16.4729855,16.0205161],[-16.4731756,16.0207876],[-16.4729895,16.0210617],[-16.4724278,16.0214066],[-16.4721446,16.0212494],[-16.4720022,16.0210685],[-16.4718591,16.0207966],[-16.4721399,16.0206128],[-16.4724213,16.0205199]]}},{"type":"Feature","properties":{"elevation":10.0},"geometry":{"type":"LineString","coordinates":[[-16.489911151,16.020399218],[-16.489911151,16.020399217]]}},{"type":"Feature","properties":{"elevation":0.0},"geometry":{"type":"LineString","coordinates":[[-16.4662092,16.0197439],[-16.4660702,16.0200177],[-16.4662132,16.0202896],[-16.4664953,16.0202877],[-16.4667754,16.0200129],[-16.4664913,16.019742],[-16.4662092,16.0197439]]}},{"type":"Feature","properties":{"elevation":5.0},"geometry":{"type":"LineString","coordinates":[[-16.4772129,16.0199413],[-16.4772149,16.0202141]]}},{"type":"Feature","properties":{"elevation":15.0},"geometry":{"type":"Point","coordinates":[-16.478623381,16.019931603]}},{"type":"Feature","properties":{"elevation":0.0},"geometry":{"type":"LineString","coordinates":[[-16.507394,16.0193677],[-16.5072537,16.0194596],[-16.5071147,16.0197334],[-16.5073974,16.0198224],[-16.5075378,16.0197304],[-16.5076768,16.0194566],[-16.507394,16.0193677]]}},{"type":"Feature","properties":{"elevation":0.0},"geometry":{"type":"LineString","coordinates":[[-16.4726954,16.0194267],[-16.4721352,16.0199762],[-16.4724193,16.0202471],[-16.4727014,16.0202452],[-16.4729825,16.0201068],[-16.4731225,16.0199694],[-16.4729795,16.0196976],[-16.4726954,16.0194267]]}},{"type":"Feature","properties":{"elevation":5.0},"geometry":{"type":"LineString","coordinates":[[-16.462542,16.019769],[-16.4628261,16.0200399],[-16.462544,16.0200418],[-16.462542,16.019769]]}},{"type":"Feature","properties":{"elevation":5.0},"geometry":{"type":"LineString","coordinates":[[-16.4932881,16.0192844],[-16.4930081,16.0195592],[-16.4932922,16.01983],[-16.4935723,16.0195553],[-16.4932881,16.0192844]]}},{"type":"Feature","properties":{"elevation":5.0},"geometry":{"type":"LineString","coordinates":[[-16.4602852,16.0197843],[-16.4605673,16.0197824]]}},{"type":"Feature","properties":{"elevation":10.0},"geometry":{"type":"MultiLineString","coordinates":[[[-16.4870842,16.0196003],[-16.4873703,16.020144],[-16.487652348674036,16.020142050354785]],[[-16.487652348674036,16.020142050354785],[-16.487652452058935,16.020142049640143]],[[-16.487652452058935,16.020142049640143],[-16.4879345,16.0201401],[-16.4882186,16.020411],[-16.4879365,16.0204129],[-16.487652452058935,16.020142049640143]],[[-16.487652452058935,16.020142049640143],[-16.4876524,16.020142],[-16.487652348674036,16.020142050354785]],[[-16.487652348674036,16.020142050354785],[-16.4873723,16.0204168],[-16.4870902,16.0204188],[-16.4869942,16.0201466],[-16.4869921,16.0198738],[-16.4870842,16.0196003]]]}},{"type":"Feature","properties":{"elevation":10.0},"geometry":{"type":"LineString","coordinates":[[-16.4785408,16.0196593],[-16.4786204,16.0195224],[-16.4789035,16.0196568],[-16.4789055,16.0199297],[-16.4787946,16.0202033],[-16.4786263,16.0203214],[-16.4783433,16.0202064],[-16.4784219,16.019933],[-16.4785408,16.0196593]]}},{"type":"Feature","properties":{"elevation":5.0},"geometry":{"type":"MultiLineString","coordinates":[[[-16.4986479,16.019247],[-16.49893,16.0192451],[-16.4992134,16.019425],[-16.4994962,16.0195139],[-16.4996393,16.0197858],[-16.4992192,16.020198],[-16.498938100365184,16.020336399820202]],[[-16.498938100365184,16.020336399820202],[-16.4989381,16.0203364],[-16.4989401,16.0206092],[-16.498938100365184,16.020336399820202]],[[-16.498938100365184,16.020336399820202],[-16.4989361,16.0200635],[-16.49884,16.0197914],[-16.4987909,16.0195189],[-16.4986479,16.019247]]]}},{"type":"Feature","properties":{"elevation":5.0},"geometry":{"type":"LineString","coordinates":[[-16.5097945,16.0197146],[-16.5096535,16.0197156],[-16.5093734,16.0199904],[-16.5088092,16.0199944],[-16.5088051,16.0194487],[-16.5089441,16.0191749],[-16.5090842,16.0190375],[-16.5093652,16.0188991],[-16.5096494,16.0191699],[-16.5097904,16.0191689]]}},{"type":"Feature","properties":{"elevation":0.0},"geometry":{"type":"LineString","coordinates":[[-16.4777681,16.0187097],[-16.477628,16.0188471],[-16.477489,16.0191209],[-16.4777731,16.0193918],[-16.4777751,16.0196646],[-16.4780592,16.0199355],[-16.4781257,16.0193893],[-16.4780532,16.019117],[-16.4780512,16.0188442],[-16.4777681,16.0187097]]}},{"type":"Feature","properties":{"elevation":5.0},"geometry":{"type":"LineString","coordinates":[[-16.4955388,16.0184502],[-16.4952587,16.018725],[-16.4955428,16.0189959],[-16.4958229,16.0187211],[-16.4955388,16.0184502]]}},{"type":"Feature","properties":{"elevation":10.0},"geometry":{"type":"LineString","coordinates":[[-16.4873602,16.0187799],[-16.4873622,16.0190527]]}},{"type":"Feature","properties":{"elevation":0.0},"geometry":{"type":"LineString","coordinates":[[-16.4636604,16.0183971],[-16.4633823,16.0189447],[-16.4633843,16.0192175],[-16.4636671,16.0193065],[-16.4639495,16.0193501],[-16.4640895,16.0192127],[-16.4642286,16.0189389],[-16.4640856,16.0186671],[-16.4639435,16.0185316],[-16.4636604,16.0183971]]}},{"type":"Feature","properties":{"elevation":5.0},"geometry":{"type":"LineString","coordinates":[[-16.509061719577957,16.044547919719303],[-16.508994,16.0445484],[-16.5087139,16.0448232],[-16.50872,16.0456417],[-16.5081599,16.0461913],[-16.5075956,16.0461953],[-16.5073156,16.0464701],[-16.5073115,16.0459244],[-16.5070273,16.0456536],[-16.5067452,16.0456556],[-16.5064651,16.0459304],[-16.5064671,16.0462032],[-16.506183,16.0459324],[-16.5059008,16.0459344],[-16.5058947,16.0451159],[-16.5056119,16.0450269],[-16.5054224,16.0448464],[-16.5056085,16.0445722],[-16.5058885,16.0442974],[-16.5056044,16.0440266],[-16.5050386,16.0438259],[-16.504991,16.0437581],[-16.5052711,16.0434832],[-16.5052691,16.0432104],[-16.505314,16.0429373],[-16.5055962,16.0429353],[-16.5058762,16.0426605],[-16.5055921,16.0423896],[-16.50559,16.0421168],[-16.5058721,16.0421148],[-16.5061522,16.04184],[-16.5061502,16.0415672],[-16.5055818,16.0410255],[-16.5058639,16.0410235],[-16.5067041,16.0401991],[-16.5066959,16.0391078],[-16.5064128,16.0389734],[-16.5063177,16.0388377],[-16.5064097,16.0385642],[-16.5061235,16.0380205],[-16.5064043,16.0378366],[-16.5066857,16.0377437],[-16.5072479,16.0374669],[-16.5072438,16.0369213],[-16.508084,16.0360969],[-16.5080819,16.035824],[-16.5077977,16.0355532],[-16.5075156,16.0355552],[-16.5072356,16.03583],[-16.5066734,16.0361068],[-16.5066713,16.035834],[-16.5066223,16.0355615],[-16.5066683,16.0354247],[-16.5069483,16.0351499],[-16.5072294,16.0350115],[-16.5072274,16.0347387],[-16.5069412,16.034195],[-16.5068451,16.0339229],[-16.506796,16.0336504],[-16.5067939,16.0333776],[-16.5068389,16.0331044],[-16.5069319,16.0329673],[-16.507213,16.0328289],[-16.507211,16.0325561],[-16.507491,16.0322813],[-16.5074869,16.0317357],[-16.5073438,16.0314638],[-16.5072947,16.0311913],[-16.5073397,16.0309182],[-16.5074787,16.0306444],[-16.5074767,16.0303715],[-16.5077567,16.0300967],[-16.5080388,16.0300948],[-16.5083189,16.02982],[-16.5080347,16.0295491],[-16.5080327,16.0292763],[-16.5077485,16.0290054],[-16.5074685,16.0292803],[-16.5071864,16.0292822],[-16.5070903,16.0290101],[-16.5070412,16.0287376],[-16.5068991,16.0286022],[-16.5068417,16.0284661],[-16.5068974,16.0283748],[-16.5071782,16.0281909],[-16.5077383,16.0276413],[-16.507728,16.0262772],[-16.5074439,16.0260064],[-16.5074418,16.0257336],[-16.5071556,16.0251899],[-16.5070972,16.0249175],[-16.5070951,16.0246446],[-16.5070064,16.0240996],[-16.5068643,16.0239642],[-16.5062991,16.0238317],[-16.5062071,16.0241052],[-16.5061621,16.0243784],[-16.5061642,16.0246512],[-16.5060957,16.0249245],[-16.5063093,16.0251958],[-16.5064524,16.0254677],[-16.5064545,16.0257405],[-16.5063155,16.0260143],[-16.5062235,16.0262878],[-16.5063196,16.0265599],[-16.5066017,16.026558],[-16.5066037,16.0268308],[-16.5063237,16.0271056],[-16.5063278,16.0276512],[-16.5061888,16.0279251],[-16.5061908,16.0281979],[-16.5061223,16.0284712],[-16.5060528,16.0286081],[-16.5057718,16.0287465],[-16.5054917,16.0290213],[-16.50606,16.029563],[-16.5062522,16.0301073],[-16.5061602,16.0303808],[-16.5060668,16.0304724],[-16.505784,16.0303834],[-16.5052198,16.0303874],[-16.5046597,16.030937],[-16.5049439,16.0312078],[-16.505226,16.0312059],[-16.5049459,16.0314807],[-16.5055142,16.0320224],[-16.5055163,16.0322952],[-16.5053773,16.032569],[-16.5053814,16.0331146],[-16.5052423,16.0333885],[-16.5052444,16.0336613],[-16.5055286,16.0339321],[-16.5056011,16.0342044],[-16.5058148,16.0344758],[-16.5060989,16.0347466],[-16.5055388,16.0352962],[-16.5052608,16.0358439],[-16.5049807,16.0361187],[-16.505549,16.0366604],[-16.5055511,16.0369332],[-16.505271,16.037208],[-16.5052751,16.0377536],[-16.5038645,16.0377635],[-16.5035845,16.0380383],[-16.5033024,16.0380403],[-16.5030213,16.0381787],[-16.5027391,16.0381807],[-16.502456,16.0380462],[-16.502454,16.0377734],[-16.5021698,16.0375026],[-16.5016056,16.0375065],[-16.5013221,16.0373266],[-16.5012744,16.037236],[-16.5013194,16.0369629],[-16.5021596,16.0361385],[-16.5021575,16.0358656],[-16.5018713,16.035322],[-16.5024335,16.0350452],[-16.5027136,16.0347704],[-16.5027115,16.0344976],[-16.5029916,16.0342228],[-16.5035558,16.0342188],[-16.5038359,16.033944],[-16.5038338,16.0336712],[-16.5032655,16.0331295],[-16.5029855,16.0334043],[-16.5024213,16.0334082],[-16.5024192,16.0331354],[-16.5029793,16.0325858],[-16.5029773,16.032313],[-16.5032574,16.0320382],[-16.5032553,16.0317654],[-16.502687,16.0312237],[-16.5029681,16.0310853],[-16.5030611,16.0309482],[-16.5031511,16.0304019],[-16.502962,16.0302668],[-16.5026778,16.029996],[-16.5025962,16.0298601],[-16.5025669,16.0293146],[-16.5026712,16.0291093],[-16.5027412,16.0290406],[-16.5027391,16.0287678],[-16.5028076,16.0284944],[-16.5029466,16.0282206],[-16.5031327,16.0279465],[-16.5029425,16.027675],[-16.5027995,16.0274031],[-16.5028914,16.0271297],[-16.5028894,16.0268568],[-16.5028286,16.0265844],[-16.5028517,16.0263114],[-16.5029313,16.0261745],[-16.5031184,16.0260367],[-16.5033514,16.0257623],[-16.5032097,16.0256723],[-16.5031277,16.025491],[-16.5030652,16.0252186],[-16.5030611,16.0246729],[-16.5033412,16.0243981],[-16.5033243,16.0238526],[-16.5036328,16.0235776],[-16.5036504,16.0233046],[-16.5037521,16.0227582],[-16.5040362,16.0230291],[-16.5041282,16.0227556],[-16.5041732,16.0224824],[-16.5043122,16.0222086],[-16.5042161,16.0219365],[-16.5042375,16.0216635],[-16.5044001,16.0213895],[-16.5043053,16.0212992],[-16.5042099,16.021118],[-16.5043019,16.0208445],[-16.5054221,16.0197453],[-16.505138,16.0194745],[-16.5045738,16.0194784],[-16.5048559,16.0194764],[-16.5051359,16.0192016],[-16.5048518,16.0189308],[-16.5047692,16.0186585],[-16.5051292,16.0183052],[-16.5054119,16.0183812],[-16.505696,16.018652],[-16.5059777,16.0185955],[-16.5060721,16.0186494],[-16.5062622,16.0189209],[-16.5065423,16.0186461],[-16.5068244,16.0186441],[-16.5072025,16.0189143],[-16.5069695,16.0191888],[-16.5068292,16.0192807],[-16.5065464,16.0191917],[-16.5059863,16.0197413],[-16.5059945,16.0208326],[-16.5065628,16.0213743],[-16.5062827,16.0216491],[-16.5062889,16.0224676],[-16.5064037,16.0227396],[-16.5065745,16.0229431],[-16.5068585,16.0231912],[-16.5071406,16.0231892],[-16.5074224,16.0231417],[-16.5077034,16.0230033],[-16.5077014,16.0227305],[-16.5079794,16.0221829],[-16.5082594,16.0219081],[-16.5082553,16.0213624],[-16.5085354,16.0210876],[-16.5088133,16.02054],[-16.5090954,16.020538],[-16.5090975,16.0208108],[-16.5093837,16.0213545],[-16.5093857,16.0216273],[-16.5096688,16.0217617],[-16.5098099,16.0217608]]}},{"type":"Feature","properties":{"elevation":5.0},"geometry":{"type":"LineString","coordinates":[[-16.4501219,16.0187619],[-16.450404,16.0187599],[-16.4504079,16.0193056],[-16.4501278,16.0195803],[-16.4498457,16.0195823],[-16.4498417,16.0190366],[-16.4501219,16.0187619]]}},{"type":"Feature","properties":{"elevation":5.0},"geometry":{"type":"LineString","coordinates":[[-16.4810111,16.0185509],[-16.4811512,16.0184135],[-16.4814343,16.018548],[-16.4811542,16.0188228],[-16.4810111,16.0185509]]}},{"type":"Feature","properties":{"elevation":5.0},"geometry":{"type":"LineString","coordinates":[[-16.4724073,16.0186101],[-16.4726894,16.0186082]]}},{"type":"Feature","properties":{"elevation":5.0},"geometry":{"type":"LineString","coordinates":[[-16.462816128,16.018675713],[-16.462816129,16.018675713]]}},{"type":"Feature","properties":{"elevation":10.0},"geometry":{"type":"LineString","coordinates":[[-16.4890507,16.0184953],[-16.4896149,16.0184914],[-16.489623,16.0195827],[-16.4893429,16.0198575],[-16.4887767,16.0195886],[-16.4887706,16.0187701],[-16.4890507,16.0184953]]}},{"type":"Feature","properties":{"elevation":0.0},"geometry":{"type":"LineString","coordinates":[[-16.4986377,16.0178829],[-16.4983576,16.0181577],[-16.4983597,16.0184305],[-16.4986438,16.0187014],[-16.4989269,16.0188358],[-16.4990199,16.0186988],[-16.4990179,16.0184259],[-16.4989225,16.0182447],[-16.4987808,16.0181547],[-16.4986377,16.0178829]]}},{"type":"Feature","properties":{"elevation":5.0},"geometry":{"type":"MultiLineString","coordinates":[[[-16.4571723,16.0184413],[-16.4574544,16.0184393],[-16.4574563,16.0187122],[-16.4577424,16.0192559],[-16.4577444,16.0195287],[-16.4583105,16.0197977],[-16.4585946,16.0200687],[-16.4585026,16.0203421],[-16.4583165,16.0206162],[-16.4583185,16.0208891]],[[-16.4583185,16.0208891],[-16.4586026,16.02116]],[[-16.4583185,16.0208891],[-16.4580364,16.020891],[-16.4577563,16.0211657],[-16.4580403,16.0214366],[-16.4583224,16.0214347],[-16.4584655,16.0217066],[-16.4585145,16.0219791],[-16.4586105,16.0222513],[-16.4586125,16.0225241],[-16.4583323,16.0227989],[-16.4580493,16.0226644],[-16.4579072,16.0225289],[-16.4577642,16.022257],[-16.4577523,16.0206201],[-16.4574662,16.0200763],[-16.4571822,16.0198054],[-16.456902,16.0200802],[-16.456906,16.0206258],[-16.4566239,16.0206277],[-16.4563379,16.020084],[-16.4563339,16.0195383],[-16.4568941,16.0189888],[-16.4568921,16.018716],[-16.4571723,16.0184413]]]}},{"type":"Feature","properties":{"elevation":5.0},"geometry":{"type":"LineString","coordinates":[[-16.4467338,16.0183755],[-16.4464526,16.0185138],[-16.4463841,16.0187871],[-16.4464566,16.0190594],[-16.4464585,16.0193323],[-16.4461784,16.019607],[-16.4461823,16.0201527],[-16.4464664,16.0204236],[-16.4473068,16.0195994],[-16.4473048,16.0193266],[-16.447585,16.0190518],[-16.4474419,16.0187799],[-16.4472999,16.0186445],[-16.4467338,16.0183755]]}},{"type":"Feature","properties":{"elevation":5.0},"geometry":{"type":"LineString","coordinates":[[-16.4960969,16.0176278],[-16.4958168,16.0179026],[-16.4958188,16.0181754],[-16.496103,16.0184463],[-16.496105,16.0187191],[-16.4963891,16.01899],[-16.4966712,16.018988],[-16.4969492,16.0184404],[-16.4972293,16.0181656],[-16.4969452,16.0178947],[-16.4966631,16.0178967],[-16.4963789,16.0176258],[-16.4960969,16.0176278]]}},{"type":"Feature","properties":{"elevation":5.0},"geometry":{"type":"LineString","coordinates":[[-16.4918655,16.0176572],[-16.4915855,16.017932],[-16.4915875,16.0182049],[-16.4910274,16.0187544],[-16.4913115,16.0190253],[-16.4915936,16.0190233],[-16.4921537,16.0184738],[-16.4922927,16.0182],[-16.4921496,16.0179281],[-16.4918655,16.0176572]]}},{"type":"Feature","properties":{"elevation":5.0},"geometry":{"type":"LineString","coordinates":[[-16.4788894,16.017747],[-16.4786093,16.0180218],[-16.4786113,16.0182946],[-16.4788954,16.0185655],[-16.4791755,16.0182908],[-16.4791735,16.0180179],[-16.4788894,16.017747]]}},{"type":"Feature","properties":{"elevation":5.0},"geometry":{"type":"LineString","coordinates":[[-16.4952506,16.0176337],[-16.4949705,16.0179085],[-16.4952547,16.0181793],[-16.4955347,16.0179046],[-16.4952506,16.0176337]]}},{"type":"Feature","properties":{"elevation":5.0},"geometry":{"type":"Point","coordinates":[-16.464504712,16.018118513]}},{"type":"Feature","properties":{"elevation":5.0},"geometry":{"type":"LineString","coordinates":[[-16.5097781,16.017532],[-16.509637,16.017533],[-16.509357,16.0178078],[-16.5096412,16.0180786],[-16.5097822,16.0180776]]}},{"type":"Feature","properties":{"elevation":0.0},"geometry":{"type":"LineString","coordinates":[[-16.498635,16.0175191],[-16.4984946,16.0176111],[-16.4986377,16.0178829],[-16.4987767,16.0176091],[-16.498635,16.0175191]]}},{"type":"Feature","properties":{"elevation":0.0},"geometry":{"type":"LineString","coordinates":[[-16.4723993,16.0175188],[-16.4721192,16.0177936],[-16.4724023,16.0179281],[-16.4726834,16.0177897],[-16.4723993,16.0175188]]}},{"type":"Feature","properties":{"elevation":0.0},"geometry":{"type":"LineString","coordinates":[[-16.4602708,16.0178063],[-16.4599892,16.0178764],[-16.4602733,16.0181473],[-16.4604124,16.0178736],[-16.4602708,16.0178063]]}},{"type":"Feature","properties":{"elevation":5.0},"geometry":{"type":"LineString","coordinates":[[-16.4991434,16.0176065],[-16.4991991,16.0175152],[-16.4994814,16.017536],[-16.4997633,16.0175113],[-16.5000481,16.0178731],[-16.5000502,16.0181459],[-16.5000992,16.0184184],[-16.4997722,16.0186935],[-16.4994901,16.0186955],[-16.4993,16.018424],[-16.4992039,16.0181518],[-16.4989762,16.0178805],[-16.4991434,16.0176065]]}},{"type":"Feature","properties":{"elevation":5.0},"geometry":{"type":"LineString","coordinates":[[-16.4825566,16.0177217],[-16.4828387,16.0177198],[-16.4825586,16.0179946],[-16.4825566,16.0177217]]}},{"type":"Feature","properties":{"elevation":5.0},"geometry":{"type":"LineString","coordinates":[[-16.473811758,16.017781967],[-16.473811758,16.017781968]]}},{"type":"Feature","properties":{"elevation":0.0},"geometry":{"type":"LineString","coordinates":[[-16.4760645,16.0172208],[-16.4757864,16.0177684],[-16.4757884,16.0180412],[-16.4760715,16.0181757],[-16.4762115,16.0180383],[-16.4763506,16.0177645],[-16.4760645,16.0172208]]}},{"type":"Feature","properties":{"elevation":0.0},"geometry":{"type":"LineString","coordinates":[[-16.4794496,16.0171975],[-16.4792655,16.0177445],[-16.4794556,16.018016],[-16.4796416,16.0177419],[-16.4795926,16.0174694],[-16.4794496,16.0171975]]}},{"type":"Feature","properties":{"elevation":0.0},"geometry":{"type":"LineString","coordinates":[[-16.4523688,16.0173824],[-16.4520886,16.0176572],[-16.4520906,16.01793],[-16.4523747,16.0182009],[-16.4526548,16.0179262],[-16.4526528,16.0176534],[-16.4523688,16.0173824]]}},{"type":"Feature","properties":{"elevation":0.0},"geometry":{"type":"LineString","coordinates":[[-16.465346,16.0174307],[-16.465206,16.017568],[-16.465348,16.0177035],[-16.4656311,16.017838],[-16.4659122,16.0176996],[-16.4659817,16.0175627],[-16.4659092,16.0172904],[-16.4656271,16.0172923],[-16.465346,16.0174307]]}},{"type":"Feature","properties":{"elevation":5.0},"geometry":{"type":"LineString","coordinates":[[-16.4865028,16.0172852],[-16.4862217,16.0174236],[-16.4862237,16.0176964],[-16.4865079,16.0179673],[-16.4863688,16.0182411],[-16.4865119,16.0185129],[-16.486793,16.0183745],[-16.486933,16.0182372],[-16.486931,16.0179643],[-16.4867879,16.0176925],[-16.4867859,16.0174197],[-16.4865028,16.0172852]]}},{"type":"Feature","properties":{"elevation":5.0},"geometry":{"type":"LineString","coordinates":[[-16.4856555,16.0171546],[-16.4853755,16.0174294],[-16.4856596,16.0177003],[-16.4862217,16.0174236],[-16.4859376,16.0171527],[-16.4856555,16.0171546]]}},{"type":"Feature","properties":{"elevation":10.0},"geometry":{"type":"LineString","coordinates":[[-16.480579928,16.017462548],[-16.480579928,16.017462547],[-16.480579929,16.017462548],[-16.480579928,16.017462548]]}},{"type":"Feature","properties":{"elevation":5.0},"geometry":{"type":"LineString","coordinates":[[-16.4802394,16.0171921],[-16.4802953,16.0171235],[-16.4805768,16.0170338],[-16.4808592,16.0170786],[-16.4810011,16.0171868],[-16.4811434,16.0173677],[-16.4812852,16.0174577],[-16.4814282,16.0177295],[-16.4811461,16.0177315],[-16.4808645,16.0178016],[-16.4805824,16.0178036],[-16.4803009,16.0178737],[-16.4800204,16.018103],[-16.4797377,16.018014],[-16.4800178,16.0177393],[-16.4802394,16.0171921]]}},{"type":"Feature","properties":{"elevation":5.0},"geometry":{"type":"LineString","coordinates":[[-16.4633704,16.0173077],[-16.4636545,16.0175786],[-16.4633744,16.0178534],[-16.4630923,16.0178553],[-16.4630903,16.0175825],[-16.4633704,16.0173077]]}},{"type":"Feature","properties":{"elevation":5.0},"geometry":{"type":"LineString","coordinates":[[-16.4494068,16.0174025],[-16.4495468,16.0172651],[-16.4498299,16.0173996],[-16.450114,16.0176705],[-16.4495498,16.0176743],[-16.4494068,16.0174025]]}},{"type":"Feature","properties":{"elevation":5.0},"geometry":{"type":"LineString","coordinates":[[-16.474371934,16.017232438],[-16.474371934,16.017232437]]}},{"type":"Feature","properties":{"elevation":5.0},"geometry":{"type":"LineString","coordinates":[[-16.5097719,16.0167135],[-16.5096309,16.0167145],[-16.5093509,16.0169893],[-16.509635,16.0172602],[-16.509776,16.0172592]]}},{"type":"Feature","properties":{"elevation":0.0},"geometry":{"type":"LineString","coordinates":[[-16.5085019,16.0166315],[-16.5083615,16.0167234],[-16.5085046,16.0169953],[-16.5085731,16.016722],[-16.5085019,16.0166315]]}},{"type":"Feature","properties":{"elevation":5.0},"geometry":{"type":"LineString","coordinates":[[-16.4618169,16.0170455],[-16.4619573,16.0169536],[-16.462239,16.0169062],[-16.4624281,16.0170413],[-16.4624301,16.0173141],[-16.462244,16.0175882],[-16.462246,16.0178611],[-16.4621915,16.0181343],[-16.4619679,16.0184087],[-16.4616858,16.0184106],[-16.4612606,16.0181406],[-16.4611176,16.0178688],[-16.4613997,16.0178668],[-16.4616798,16.0175921],[-16.4613957,16.0173212],[-16.4616778,16.0173193],[-16.4618169,16.0170455]]}},{"type":"Feature","properties":{"elevation":5.0},"geometry":{"type":"LineString","coordinates":[[-16.4663303,16.0170147],[-16.4664707,16.0169228],[-16.4667535,16.0170118],[-16.4668495,16.017284],[-16.4668985,16.0175565],[-16.4667585,16.0176939],[-16.4664754,16.0175594],[-16.4663794,16.0172872],[-16.4663303,16.0170147]]}},{"type":"Feature","properties":{"elevation":5.0},"geometry":{"type":"LineString","coordinates":[[-16.4534952,16.017102],[-16.4534971,16.0173748]]}},{"type":"Feature","properties":{"elevation":5.0},"geometry":{"type":"LineString","coordinates":[[-16.468161943,16.016729318],[-16.468161943,16.016729319]]}},{"type":"Feature","properties":{"elevation":5.0},"geometry":{"type":"LineString","coordinates":[[-16.497214,16.0161194],[-16.496933,16.0162578],[-16.496937,16.0168034],[-16.4975053,16.0173451],[-16.4977873,16.0173432],[-16.4983475,16.0167936],[-16.4983454,16.0165208],[-16.4980613,16.0162499],[-16.4977782,16.0161155],[-16.497214,16.0161194]]}},{"type":"Feature","properties":{"elevation":5.0},"geometry":{"type":"MultiLineString","coordinates":[[[-16.4585689,16.0165219],[-16.4588529,16.0167928],[-16.459135,16.0167909],[-16.459137,16.0170637]],[[-16.459137,16.0170637],[-16.4594211,16.0173346]],[[-16.4594211,16.0173346],[-16.4602614,16.0165104],[-16.4605455,16.0167813],[-16.4605495,16.0173269],[-16.4602654,16.017056],[-16.4599853,16.0173308],[-16.4594211,16.0173346]],[[-16.459137,16.0170637],[-16.4588549,16.0170656],[-16.4585708,16.0167947],[-16.4585689,16.0165219]]]}},{"type":"Feature","properties":{"elevation":5.0},"geometry":{"type":"MultiLineString","coordinates":[[[-16.4790909,16.0163814],[-16.4791604,16.0162445],[-16.479442,16.0161744],[-16.4795846,16.016378],[-16.4795866,16.0166509],[-16.479447,16.0168565],[-16.4790264,16.0172004],[-16.4788874,16.0174742],[-16.4788894,16.017747],[-16.4791735,16.0180179],[-16.4794573,16.0182433],[-16.4795516,16.0182882],[-16.4794596,16.0185616],[-16.4796732,16.018833],[-16.4794631,16.0190391],[-16.4791815,16.0191092]],[[-16.4791815,16.0191092],[-16.4791835,16.0193821],[-16.4792796,16.0196542],[-16.4791876,16.0199277],[-16.4791896,16.0202005],[-16.4786278,16.0205318],[-16.4783473,16.020752],[-16.4780652,16.020754],[-16.4780632,16.0204811],[-16.4782355,16.0199343],[-16.4784501,16.0193871],[-16.4786184,16.0192495],[-16.4789002,16.0192203],[-16.4791815,16.0191092]],[[-16.4791815,16.0191092],[-16.4788954,16.0185655],[-16.4786113,16.0182946],[-16.4783306,16.0184785],[-16.4780471,16.0182985],[-16.4780451,16.0180257],[-16.4786073,16.017749],[-16.4786053,16.0174762],[-16.4787443,16.0172024],[-16.4787893,16.0169292],[-16.4788814,16.0166557],[-16.4790909,16.0163814]]]}},{"type":"Feature","properties":{"elevation":5.0},"geometry":{"type":"LineString","coordinates":[[-16.4867758,16.0160555],[-16.4864957,16.0163303],[-16.4867798,16.0166012],[-16.4870599,16.0163264],[-16.4867758,16.0160555]]}},{"type":"Feature","properties":{"elevation":0.0},"geometry":{"type":"LineString","coordinates":[[-16.4819793,16.0159523],[-16.4818393,16.0160897],[-16.4819823,16.0163615],[-16.4821214,16.0160877],[-16.4819793,16.0159523]]}},{"type":"Feature","properties":{"elevation":0.0},"geometry":{"type":"LineString","coordinates":[[-16.4780301,16.0159795],[-16.477749,16.0161179],[-16.4776099,16.0163916],[-16.4775649,16.0166648],[-16.4774729,16.0169383],[-16.4774769,16.0174839],[-16.47776,16.0176184],[-16.4780425,16.0176619],[-16.4781822,16.0174791],[-16.4783212,16.0172053],[-16.4783172,16.0166596],[-16.4785973,16.0163849],[-16.4787363,16.0161111],[-16.4785942,16.0159756],[-16.4780301,16.0159795]]}},{"type":"Feature","properties":{"elevation":0.0},"geometry":{"type":"LineString","coordinates":[[-16.4532052,16.0160126],[-16.452925,16.0162873],[-16.4532091,16.0165582],[-16.4534892,16.0162835],[-16.4532052,16.0160126]]}},{"type":"Feature","properties":{"elevation":5.0},"geometry":{"type":"LineString","coordinates":[[-16.4949543,16.0157259],[-16.4943942,16.0162755],[-16.4946783,16.0165463],[-16.4949604,16.0165444],[-16.4955205,16.0159948],[-16.4952364,16.0157239],[-16.4949543,16.0157259]]}},{"type":"Feature","properties":{"elevation":10.0},"geometry":{"type":"LineString","coordinates":[[-16.4807955,16.0160969],[-16.4808516,16.0160419],[-16.4809225,16.016096],[-16.4808526,16.0161874],[-16.4807955,16.0160969]]}},{"type":"Feature","properties":{"elevation":5.0},"geometry":{"type":"LineString","coordinates":[[-16.4760544,16.0158567],[-16.4763385,16.0161276],[-16.4764816,16.0163994],[-16.4764836,16.0166722],[-16.4763432,16.0167642],[-16.4760618,16.016857],[-16.4757797,16.016859],[-16.4754963,16.016679],[-16.4753532,16.0164072],[-16.4754923,16.0161334],[-16.4760544,16.0158567]]}},{"type":"Feature","properties":{"elevation":5.0},"geometry":{"type":"LineString","coordinates":[[-16.4737977,16.0158722],[-16.4740798,16.0158702]]}},{"type":"Feature","properties":{"elevation":0.0},"geometry":{"type":"LineString","coordinates":[[-16.4797188,16.0154495],[-16.4794375,16.0155605],[-16.4795335,16.0158327],[-16.4797236,16.0161042],[-16.4798667,16.0163761],[-16.4798687,16.0166489],[-16.4797286,16.0167863],[-16.4794496,16.0171975],[-16.4797327,16.017332],[-16.4800131,16.0171027],[-16.4801528,16.0169198],[-16.4802918,16.016646],[-16.4802878,16.0161004],[-16.4800507,16.0158292],[-16.4800581,16.0155563],[-16.4800013,16.0155021],[-16.4797188,16.0154495]]}},{"type":"Feature","properties":{"elevation":5.0},"geometry":{"type":"LineString","coordinates":[[-16.4929756,16.015194],[-16.4926956,16.0154688],[-16.4929797,16.0157396],[-16.4932618,16.0157377],[-16.4932679,16.0165561],[-16.4929858,16.0165581],[-16.4927057,16.0168329],[-16.4927138,16.0179242],[-16.4929979,16.0181951],[-16.493,16.0184679],[-16.4932841,16.0187387],[-16.4935662,16.0187368],[-16.4938442,16.0181892],[-16.493832,16.0165522],[-16.4941121,16.0162774],[-16.494108,16.0157318],[-16.4935398,16.01519],[-16.4929756,16.015194]]}},{"type":"Feature","properties":{"elevation":5.0},"geometry":{"type":"LineString","coordinates":[[-16.4804248,16.0155537],[-16.4805648,16.0154163],[-16.4808479,16.0155508],[-16.481132,16.0158217],[-16.4812751,16.0160935],[-16.4811361,16.0163673],[-16.4808552,16.016533],[-16.4805724,16.0164394],[-16.4805249,16.0163716],[-16.4805229,16.0160987],[-16.4802858,16.0158275],[-16.4804248,16.0155537]]}},{"type":"Feature","properties":{"elevation":5.0},"geometry":{"type":"LineString","coordinates":[[-16.4787323,16.0155654],[-16.4788727,16.0154735],[-16.4790144,16.0155635],[-16.4788743,16.0157008],[-16.4787323,16.0155654]]}},{"type":"Feature","properties":{"elevation":5.0},"geometry":{"type":"LineString","coordinates":[[-16.4763345,16.0155819],[-16.4766166,16.01558]]}},{"type":"Feature","properties":{"elevation":5.0},"geometry":{"type":"LineString","coordinates":[[-16.475486262,16.015314891],[-16.475486263,16.015314891],[-16.475486262,16.015314892],[-16.475486262,16.015314891]]}},{"type":"Feature","properties":{"elevation":5.0},"geometry":{"type":"LineString","coordinates":[[-16.4579968,16.0154344],[-16.4585609,16.0154306]]}},{"type":"Feature","properties":{"elevation":5.0},"geometry":{"type":"LineString","coordinates":[[-16.4955103,16.0146307],[-16.4952303,16.0149054],[-16.4955144,16.0151763],[-16.4957944,16.0149015],[-16.4955103,16.0146307]]}},{"type":"Feature","properties":{"elevation":5.0},"geometry":{"type":"LineString","coordinates":[[-16.4918432,16.0146562],[-16.4912831,16.0152057],[-16.4907189,16.0152097],[-16.4904389,16.0154844],[-16.490723,16.0157553],[-16.4907311,16.0168466],[-16.4910172,16.0173903],[-16.4912973,16.0171155],[-16.4912932,16.0165699],[-16.4915753,16.0165679],[-16.4924155,16.0157435],[-16.4924135,16.0154707],[-16.4922704,16.0151989],[-16.4921273,16.014927],[-16.4918432,16.0146562]]}},{"type":"Feature","properties":{"elevation":5.0},"geometry":{"type":"LineString","coordinates":[[-16.4862015,16.0146953],[-16.4859215,16.0149701],[-16.4862056,16.0152409],[-16.4864877,16.015239],[-16.4865562,16.0149657],[-16.4864836,16.0146933],[-16.4862015,16.0146953]]}},{"type":"Feature","properties":{"elevation":5.0},"geometry":{"type":"LineString","coordinates":[[-16.4695604,16.0150827],[-16.4698415,16.0149444],[-16.4701246,16.0150788],[-16.4698445,16.0153536],[-16.4695604,16.0150827]]}},{"type":"Feature","properties":{"elevation":5.0},"geometry":{"type":"MultiLineString","coordinates":[[[-16.4563003,16.0149002],[-16.4565843,16.0151711],[-16.4568664,16.0151692],[-16.4568743,16.0162605],[-16.4571584,16.0165315],[-16.4574395,16.0163931],[-16.4575815,16.0165286],[-16.4577246,16.0168005],[-16.4577285,16.0173461],[-16.4582967,16.0178879],[-16.4582987,16.0181608]],[[-16.4582987,16.0181608],[-16.4585827,16.0184317],[-16.4588648,16.0184298],[-16.4588668,16.0187026],[-16.4585867,16.0189773],[-16.4583046,16.0189793],[-16.4582987,16.0181608]],[[-16.4582987,16.0181608],[-16.4580146,16.0178899],[-16.4577325,16.0178918],[-16.4574484,16.0176209],[-16.4568842,16.0176247],[-16.4566041,16.0178994],[-16.456322,16.0179013],[-16.4566021,16.0176266],[-16.4566002,16.0173538],[-16.4567392,16.01708],[-16.4567372,16.0168072],[-16.4564532,16.0165362],[-16.4563101,16.0162644],[-16.4560261,16.0159934],[-16.455746,16.0162682],[-16.4557499,16.0168139],[-16.4554678,16.0168158],[-16.4551864,16.0169086],[-16.4549046,16.016956],[-16.4546215,16.0168215],[-16.4543395,16.0168234],[-16.4543375,16.0165506],[-16.4541945,16.0162787],[-16.4542395,16.0160056],[-16.4543316,16.0157321],[-16.4546136,16.0157302],[-16.4551798,16.0159992],[-16.4554619,16.0159973],[-16.455601,16.0157235],[-16.455599,16.0154507],[-16.4557394,16.0153588],[-16.4560195,16.015084],[-16.4563003,16.0149002]]]}},{"type":"Feature","properties":{"elevation":5.0},"geometry":{"type":"LineString","coordinates":[[-16.485073186,16.014703104],[-16.485073187,16.014703104]]}},{"type":"Feature","properties":{"elevation":10.0},"geometry":{"type":"LineString","coordinates":[[-16.509968976299294,16.015620826562827],[-16.5096227,16.0156232],[-16.5096206,16.0153504],[-16.5094775,16.0150786],[-16.5095225,16.0148054],[-16.5096155,16.0146683],[-16.5098959,16.014439],[-16.5100369,16.014438]]}},{"type":"Feature","properties":{"elevation":5.0},"geometry":{"type":"LineString","coordinates":[[-16.5001627,16.0143254],[-16.5003027,16.014188],[-16.5003507,16.014324],[-16.5003528,16.0145969],[-16.5003068,16.0147336],[-16.5001647,16.0145982],[-16.5001627,16.0143254]]}},{"type":"Feature","properties":{"elevation":5.0},"geometry":{"type":"LineString","coordinates":[[-16.4613739,16.0143201],[-16.4610938,16.0145948],[-16.4613779,16.0148657],[-16.461658,16.014591],[-16.4613739,16.0143201]]}},{"type":"Feature","properties":{"elevation":10.0},"geometry":{"type":"LineString","coordinates":[[-16.4797115,16.0144673],[-16.4799932,16.0144108],[-16.4800877,16.0144647],[-16.4801085,16.0147374],[-16.479997,16.0149201],[-16.4797149,16.014922],[-16.479633,16.0147407],[-16.4797115,16.0144673]]}},{"type":"Feature","properties":{"elevation":0.0},"geometry":{"type":"LineString","coordinates":[[-16.4780163,16.0141152],[-16.4777349,16.0142081],[-16.477878,16.0144799],[-16.47788,16.0147527],[-16.477741,16.0150265],[-16.4774589,16.0150285],[-16.4771758,16.014894],[-16.4770357,16.0150314],[-16.4774619,16.0154377],[-16.477745,16.0155722],[-16.4780271,16.0155703],[-16.4783081,16.0154319],[-16.4784482,16.0152945],[-16.4785872,16.0150207],[-16.4783971,16.0147492],[-16.4782991,16.0142042],[-16.4780163,16.0141152]]}},{"type":"Feature","properties":{"elevation":5.0},"geometry":{"type":"LineString","coordinates":[[-16.4921192,16.0138357],[-16.4918392,16.0141105],[-16.4921233,16.0143814],[-16.4924033,16.0141066],[-16.4921192,16.0138357]]}},{"type":"Feature","properties":{"elevation":5.0},"geometry":{"type":"LineString","coordinates":[[-16.491274,16.013978],[-16.4909929,16.0141164],[-16.4907129,16.0143912],[-16.4907149,16.014664],[-16.490999,16.0149349],[-16.4912811,16.0149329],[-16.4918412,16.0143833],[-16.4915571,16.0141125],[-16.491274,16.013978]]}},{"type":"Feature","properties":{"elevation":0.0},"geometry":{"type":"LineString","coordinates":[[-16.508479,16.013585],[-16.508339,16.0137224],[-16.5084821,16.0139942],[-16.5087621,16.0137194],[-16.508479,16.013585]]}},{"type":"Feature","properties":{"elevation":10.0},"geometry":{"type":"LineString","coordinates":[[-16.4867596,16.0138729],[-16.4873258,16.0141418],[-16.4873319,16.0149603],[-16.487616,16.0152312],[-16.4881802,16.0152273],[-16.4882762,16.0154994],[-16.4883253,16.0157719],[-16.4884683,16.0160438],[-16.4887504,16.0160418],[-16.4890305,16.0157671],[-16.4890285,16.0154942],[-16.4887423,16.0149505],[-16.4887403,16.0146777],[-16.4885972,16.0144059],[-16.4887363,16.0141321],[-16.4890173,16.0139937],[-16.4893004,16.0141281],[-16.4895845,16.014399],[-16.489375,16.0146733],[-16.489377,16.0149461],[-16.4893085,16.0152194],[-16.4893126,16.0157651],[-16.4898808,16.0163068],[-16.4895987,16.0163088],[-16.4893146,16.0160379],[-16.4890325,16.0160399],[-16.4887524,16.0163147],[-16.4884703,16.0163166],[-16.4881903,16.0165914],[-16.4882628,16.0168637],[-16.4882648,16.0171366],[-16.488195,16.017228],[-16.4879132,16.0172754],[-16.4877712,16.01714],[-16.4876281,16.0168681],[-16.4876261,16.0165953],[-16.487342,16.0163244],[-16.4872695,16.0160521],[-16.487338,16.0157788],[-16.4873359,16.015506],[-16.4870498,16.0149623],[-16.4870478,16.0146894],[-16.4867617,16.0141457],[-16.4867596,16.0138729]]}},{"type":"Feature","properties":{"elevation":5.0},"geometry":{"type":"LineString","coordinates":[[-16.4901406,16.0133038],[-16.4898626,16.0138514],[-16.4901457,16.0139859],[-16.4904267,16.0138475],[-16.4907068,16.0135727],[-16.4904227,16.0133018],[-16.4901406,16.0133038]]}},{"type":"Feature","properties":{"elevation":5.0},"geometry":{"type":"LineString","coordinates":[[-16.4940908,16.0134128],[-16.4938097,16.0135511],[-16.4935317,16.0140987],[-16.4938158,16.0143696],[-16.4940979,16.0143676],[-16.4935378,16.0149172],[-16.4938219,16.0151881],[-16.494104,16.0151861],[-16.4946641,16.0146365],[-16.49466,16.0140909],[-16.4943739,16.0135472],[-16.4940908,16.0134128]]}},{"type":"Feature","properties":{"elevation":0.0},"geometry":{"type":"LineString","coordinates":[[-16.4797025,16.0132396],[-16.4795625,16.0133769],[-16.4794234,16.0136507],[-16.4797075,16.0139216],[-16.4799876,16.0136469],[-16.4799856,16.013374],[-16.4797025,16.0132396]]}},{"type":"Feature","properties":{"elevation":5.0},"geometry":{"type":"Point","coordinates":[-16.508193831,16.01317773]}},{"type":"Feature","properties":{"elevation":5.0},"geometry":{"type":"LineString","coordinates":[[-16.4971927,16.0132547],[-16.4974747,16.0132528],[-16.4971947,16.0135276],[-16.4971927,16.0132547]]}},{"type":"Feature","properties":{"elevation":5.0},"geometry":{"type":"LineString","coordinates":[[-16.4819594,16.0132513],[-16.4816781,16.0133624],[-16.4819622,16.0136332],[-16.4822423,16.0133585],[-16.4819594,16.0132513]]}},{"type":"Feature","properties":{"elevation":5.0},"geometry":{"type":"LineString","coordinates":[[-16.459393322,16.013514997],[-16.459393322,16.013514996]]}},{"type":"Feature","properties":{"elevation":5.0},"geometry":{"type":"LineString","coordinates":[[-16.457982885,16.013524579],[-16.457982886,16.013524579],[-16.457982886,16.01352458],[-16.457982885,16.013524579]]}},{"type":"Feature","properties":{"elevation":10.0},"geometry":{"type":"MultiLineString","coordinates":[[[-16.4811139,16.0133663],[-16.4811159,16.0136391]],[[-16.4811159,16.0136391],[-16.4814,16.01391]],[[-16.4814,16.01391],[-16.481402,16.0141828]]]}},{"type":"Feature","properties":{"elevation":5.0},"geometry":{"type":"LineString","coordinates":[[-16.5097822,16.0180776],[-16.5096412,16.0180786],[-16.5090729,16.017537],[-16.5089298,16.0172651],[-16.5090688,16.0169913],[-16.5089727,16.0167191],[-16.5087826,16.0164476],[-16.5082143,16.015906],[-16.5087785,16.015902],[-16.5090585,16.0156272],[-16.5084903,16.0150855],[-16.5082071,16.0149511],[-16.5081591,16.014815],[-16.5082051,16.0146783],[-16.5087672,16.0144015],[-16.5090476,16.0141721],[-16.5093293,16.0141247],[-16.5094693,16.0139873],[-16.5095143,16.0137141],[-16.5094652,16.0134416],[-16.5094632,16.0131688],[-16.5096032,16.0130314],[-16.5098843,16.012893],[-16.510267495146902,16.012890282946252]]}},{"type":"Feature","properties":{"elevation":5.0},"geometry":{"type":"LineString","coordinates":[[-16.468136,16.0131825],[-16.468142,16.014001],[-16.4678599,16.014003],[-16.4675798,16.0142777],[-16.4672977,16.0142796],[-16.4672957,16.0140068],[-16.4675778,16.0140049],[-16.4678559,16.0134573],[-16.468136,16.0131825]]}},{"type":"Feature","properties":{"elevation":5.0},"geometry":{"type":"LineString","coordinates":[[-16.4932395,16.0127366],[-16.4929594,16.0130114],[-16.4929614,16.0132842],[-16.4932455,16.0135551],[-16.4935256,16.0132803],[-16.4935236,16.0130074],[-16.4932395,16.0127366]]}},{"type":"Feature","properties":{"elevation":5.0},"geometry":{"type":"LineString","coordinates":[[-16.456849299878442,16.013537350797566],[-16.4565744,16.013807],[-16.4565764,16.0140798],[-16.4568605,16.0143507],[-16.4562963,16.0143546],[-16.4560122,16.0140836],[-16.456010743155883,16.013874427855043]]}},{"type":"Feature","properties":{"elevation":0.0},"geometry":{"type":"LineString","coordinates":[[-16.478006,16.0127056],[-16.4777249,16.0128439],[-16.4780076,16.0129329],[-16.478197,16.0131135],[-16.4785745,16.0132928],[-16.4788552,16.013109],[-16.4787122,16.0128371],[-16.4785705,16.0127472],[-16.4782881,16.0127036],[-16.478006,16.0127056]]}},{"type":"Feature","properties":{"elevation":5.0},"geometry":{"type":"LineString","coordinates":[[-16.5001303,16.0126885],[-16.5002906,16.0125662],[-16.5004169,16.0126865],[-16.5002928,16.0128693],[-16.5001303,16.0126885]]}},{"type":"Feature","properties":{"elevation":5.0},"geometry":{"type":"Point","coordinates":[-16.483648649,16.01280307]}},{"type":"Feature","properties":{"elevation":10.0},"geometry":{"type":"Point","coordinates":[-16.48195615,16.012814759]}},{"type":"Feature","properties":{"elevation":0.0},"geometry":{"type":"LineString","coordinates":[[-16.4994422,16.0122841],[-16.4993492,16.0124212],[-16.4994436,16.0124751],[-16.4995842,16.0124195],[-16.4994422,16.0122841]]}},{"type":"Feature","properties":{"elevation":5.0},"geometry":{"type":"MultiLineString","coordinates":[[[-16.4823773,16.012539],[-16.4825173,16.0124016],[-16.4826593,16.0125371],[-16.4828024,16.0128089],[-16.4822423,16.0133585],[-16.4823853,16.0136303],[-16.4822453,16.0137677],[-16.4819622,16.0136332],[-16.4816781,16.0133624],[-16.4816096,16.0136357],[-16.4818702,16.0139067],[-16.4817405,16.0141805],[-16.4814746,16.0144551],[-16.4814061,16.0147284],[-16.4814101,16.0152741],[-16.4814081,16.0150013],[-16.481124,16.0147304],[-16.4805598,16.0147343],[-16.4802797,16.0150091],[-16.4799993,16.0152293],[-16.4797169,16.0151948],[-16.4794899,16.0150145],[-16.4794315,16.0147421],[-16.4791454,16.0141983]],[[-16.4791454,16.0141983],[-16.4790533,16.0144718],[-16.4788663,16.0146095],[-16.4786772,16.0144744],[-16.4785812,16.0142022],[-16.4785792,16.0139294],[-16.4782951,16.0136585]],[[-16.4782951,16.0136585],[-16.4780135,16.0137287],[-16.477872,16.0136614],[-16.47787,16.0133886],[-16.4780105,16.0133194],[-16.478152,16.0133867],[-16.4782951,16.0136585]],[[-16.4782951,16.0136585],[-16.4785772,16.0136566],[-16.4788599,16.0137456],[-16.4790493,16.0139262],[-16.4791454,16.0141983]],[[-16.4791454,16.0141983],[-16.4794285,16.0143328],[-16.4795215,16.0141958],[-16.479709,16.0141165],[-16.4799911,16.0141243],[-16.4802727,16.0140542],[-16.4805538,16.0139158],[-16.4802697,16.0136449],[-16.4805498,16.0133701],[-16.4811111,16.0129843],[-16.4813924,16.0128732],[-16.4816726,16.0126121],[-16.4819545,16.0125874],[-16.4822367,16.0126082],[-16.4823773,16.012539]]]}},{"type":"Feature","properties":{"elevation":5.0},"geometry":{"type":"LineString","coordinates":[[-16.4729255,16.0123312],[-16.4726454,16.012606],[-16.4729295,16.0128769],[-16.4730685,16.0126031],[-16.4729255,16.0123312]]}},{"type":"Feature","properties":{"elevation":5.0},"geometry":{"type":"Point","coordinates":[-16.464182832,16.012663859]}},{"type":"Feature","properties":{"elevation":0.0},"geometry":{"type":"LineString","coordinates":[[-16.4653082,16.0122469],[-16.4650271,16.0123853],[-16.4650291,16.0126581],[-16.4650311,16.0129309],[-16.4653138,16.0130199],[-16.4654542,16.012928],[-16.4657343,16.0126533],[-16.4658734,16.0123795],[-16.4655893,16.0121086],[-16.4653082,16.0122469]]}},{"type":"Feature","properties":{"elevation":5.0},"geometry":{"type":"LineString","coordinates":[[-16.510259273268634,16.012071897352705],[-16.5101602,16.0120726]]}},{"type":"Feature","properties":{"elevation":0.0},"geometry":{"type":"LineString","coordinates":[[-16.4802566,16.0118715],[-16.4799755,16.0120099],[-16.4799775,16.0122827],[-16.4802616,16.0125536],[-16.4805447,16.0126881],[-16.4806848,16.0125507],[-16.4806828,16.0122779],[-16.4802566,16.0118715]]}},{"type":"Feature","properties":{"elevation":0.0},"geometry":{"type":"LineString","coordinates":[[-16.47941,16.0118319],[-16.4791293,16.0120157],[-16.4791313,16.0122886],[-16.479414,16.0123776],[-16.4796955,16.0122847],[-16.4799755,16.0120099],[-16.4796924,16.0118754],[-16.47941,16.0118319]]}},{"type":"Feature","properties":{"elevation":5.0},"geometry":{"type":"LineString","coordinates":[[-16.459671243250963,16.01241812757813],[-16.4596675,16.0124218],[-16.4596695,16.0126946],[-16.4599535,16.0129655],[-16.459459606489645,16.01249447112496]]}},{"type":"Feature","properties":{"elevation":0.0},"geometry":{"type":"LineString","coordinates":[[-16.4971794,16.0114814],[-16.4970864,16.0116184],[-16.4970415,16.0118916],[-16.4971832,16.0119815],[-16.4974636,16.0117522],[-16.4975566,16.0116152],[-16.4974605,16.011343],[-16.4971794,16.0114814]]}},{"type":"Feature","properties":{"elevation":5.0},"geometry":{"type":"LineString","coordinates":[[-16.4878698,16.0114097],[-16.4875897,16.0116844],[-16.4878738,16.0119553],[-16.4881539,16.0116805],[-16.4878698,16.0114097]]}},{"type":"Feature","properties":{"elevation":-5.0},"geometry":{"type":"LineString","coordinates":[[-16.4765855,16.0113511],[-16.4763044,16.0114895],[-16.476587,16.0115558],[-16.4766429,16.0114872],[-16.4765855,16.0113511]]}},{"type":"Feature","properties":{"elevation":5.0},"geometry":{"type":"LineString","coordinates":[[-16.4774328,16.0114817],[-16.4785611,16.011474],[-16.4787512,16.0117455],[-16.4787532,16.0120183],[-16.4785671,16.0122924],[-16.478285,16.0122944],[-16.4777189,16.0120254],[-16.4774388,16.0123002],[-16.4772527,16.0125743],[-16.4771594,16.0126659],[-16.4768786,16.0128497],[-16.4768806,16.0131226],[-16.4766946,16.0133967],[-16.4766011,16.0134655],[-16.4763192,16.0134902],[-16.4760364,16.0134012],[-16.4761754,16.0131274],[-16.4760324,16.0128556],[-16.4763155,16.01299],[-16.4765966,16.0128517],[-16.4767826,16.0125776],[-16.4767134,16.0123052],[-16.4768162,16.0120317],[-16.4768722,16.0119767],[-16.4772937,16.0117555],[-16.4774328,16.0114817]]}},{"type":"Feature","properties":{"elevation":5.0},"geometry":{"type":"LineString","coordinates":[[-16.4926631,16.0111036],[-16.4923831,16.0113783],[-16.4922441,16.0116521],[-16.4922461,16.011925],[-16.4923892,16.0121968],[-16.4929533,16.0121929],[-16.4932334,16.0119181],[-16.4932313,16.0116453],[-16.4926631,16.0111036]]}},{"type":"Feature","properties":{"elevation":5.0},"geometry":{"type":"LineString","coordinates":[[-16.4805357,16.0114604],[-16.4808178,16.0114584]]}},{"type":"Feature","properties":{"elevation":5.0},"geometry":{"type":"LineString","coordinates":[[-16.4740438,16.0109593],[-16.4740478,16.011505],[-16.4743339,16.0120487],[-16.4746173,16.0122287],[-16.4749,16.0123177],[-16.4750431,16.0125895],[-16.474626,16.0134109],[-16.474628,16.0136837],[-16.4743479,16.0139585],[-16.4743519,16.0145042],[-16.4740698,16.0145061],[-16.4732296,16.0153304],[-16.4732276,16.0150576],[-16.4735076,16.0147828],[-16.4735056,16.01451],[-16.4733626,16.0142381],[-16.4735016,16.0139643],[-16.4734996,16.0136915],[-16.4732155,16.0134206],[-16.4729345,16.0135589],[-16.4723703,16.0135628],[-16.4720892,16.0137012],[-16.4718091,16.0139759],[-16.4718151,16.0147944],[-16.471533,16.0147963],[-16.4712489,16.0145254],[-16.4709669,16.0145274],[-16.4709629,16.0139817],[-16.4706798,16.0138472],[-16.4705377,16.0137118],[-16.4703947,16.0134399],[-16.4701106,16.013169],[-16.4695444,16.0129001],[-16.4698259,16.0128072],[-16.4701076,16.0127598],[-16.4703887,16.0126214],[-16.4706708,16.0126195],[-16.4709529,16.0126176],[-16.471237,16.0128885],[-16.471519,16.0128865],[-16.4720812,16.0126099],[-16.4720792,16.012337],[-16.4726434,16.0123332],[-16.4727824,16.0120594],[-16.4729205,16.0116491],[-16.4732005,16.0113744],[-16.4740438,16.0109593]]}},{"type":"Feature","properties":{"elevation":5.0},"geometry":{"type":"LineString","coordinates":[[-16.4935053,16.010552],[-16.4932253,16.0108268],[-16.4932273,16.0110996],[-16.4935114,16.0113705],[-16.4937935,16.0113685],[-16.4940735,16.0110937],[-16.4940715,16.0108209],[-16.4937874,16.0105501],[-16.4935053,16.010552]]}},{"type":"Feature","properties":{"elevation":5.0},"geometry":{"type":"LineString","coordinates":[[-16.485327,16.0108816],[-16.4856091,16.0108796],[-16.4858932,16.0111505],[-16.4856131,16.0114253],[-16.485049,16.0114292],[-16.485141,16.0111557],[-16.485327,16.0108816]]}},{"type":"Feature","properties":{"elevation":5.0},"geometry":{"type":"LineString","coordinates":[[-16.4929391,16.0102831],[-16.4926611,16.0108307],[-16.4929452,16.0111016],[-16.4932253,16.0108268],[-16.4932232,16.010554],[-16.4929391,16.0102831]]}},{"type":"Feature","properties":{"elevation":0.0},"geometry":{"type":"LineString","coordinates":[[-16.4765775,16.0102598],[-16.4763004,16.0109438],[-16.4760214,16.011355],[-16.4757403,16.0114934],[-16.4757423,16.0117662],[-16.476025,16.0118552],[-16.4763085,16.0120351],[-16.4765899,16.0119423],[-16.4767766,16.0117591],[-16.4769391,16.0114851],[-16.4771467,16.010938],[-16.4771447,16.0106652],[-16.4768606,16.0103943],[-16.4765775,16.0102598]]}},{"type":"Feature","properties":{"elevation":5.0},"geometry":{"type":"LineString","coordinates":[[-16.4878597,16.0100455],[-16.4875796,16.0103203],[-16.4878637,16.0105912],[-16.4881438,16.0103164],[-16.4878597,16.0100455]]}},{"type":"Feature","properties":{"elevation":5.0},"geometry":{"type":"LineString","coordinates":[[-16.480809713,16.010367101],[-16.480809714,16.010367101],[-16.480809713,16.010367102],[-16.480809713,16.010367101]]}},{"type":"Feature","properties":{"elevation":10.0},"geometry":{"type":"LineString","coordinates":[[-16.4919989,16.0102896],[-16.4920922,16.0101981],[-16.492374,16.0101506],[-16.492469,16.0102864],[-16.492376,16.0104234],[-16.4920936,16.0103799],[-16.4919989,16.0102896]]}},{"type":"Feature","properties":{"elevation":0.0},"geometry":{"type":"LineString","coordinates":[[-16.4779849,16.0098409],[-16.4777048,16.0101156],[-16.4779879,16.0102501],[-16.47827,16.0102482],[-16.47841,16.0101108],[-16.478267,16.0098389],[-16.4779849,16.0098409]]}},{"type":"Feature","properties":{"elevation":5.0},"geometry":{"type":"LineString","coordinates":[[-16.4946275,16.0097257],[-16.4943475,16.0100005],[-16.4946316,16.0102713],[-16.4949116,16.0099966],[-16.4946275,16.0097257]]}},{"type":"Feature","properties":{"elevation":5.0},"geometry":{"type":"LineString","coordinates":[[-16.479115223,16.010105939],[-16.479115224,16.010105939]]}},{"type":"Feature","properties":{"elevation":0.0},"geometry":{"type":"LineString","coordinates":[[-16.4822151,16.0096753],[-16.481934,16.0098137],[-16.481936,16.0100865],[-16.4822201,16.0103574],[-16.4825002,16.0100826],[-16.4824041,16.0098104],[-16.4822151,16.0096753]]}},{"type":"Feature","properties":{"elevation":0.0},"geometry":{"type":"LineString","coordinates":[[-16.4971632,16.0092988],[-16.4970702,16.0094358],[-16.4971662,16.009708],[-16.4973563,16.0099795],[-16.4974524,16.0102517],[-16.4973839,16.010525],[-16.4974554,16.0106609],[-16.4980216,16.0109298],[-16.4981167,16.0110656],[-16.4983061,16.0112461],[-16.4985868,16.0110623],[-16.4985848,16.0107895],[-16.4980165,16.0102478],[-16.4978009,16.0097036],[-16.4977283,16.0094312],[-16.4974449,16.0092513],[-16.4971632,16.0092988]]}},{"type":"Feature","properties":{"elevation":0.0},"geometry":{"type":"LineString","coordinates":[[-16.4765705,16.0093049],[-16.4764315,16.0095787],[-16.4765745,16.0098506],[-16.4768546,16.0095758],[-16.4765705,16.0093049]]}},{"type":"Feature","properties":{"elevation":5.0},"geometry":{"type":"LineString","coordinates":[[-16.4980104,16.0094293],[-16.4982925,16.0094273]]}},{"type":"Feature","properties":{"elevation":5.0},"geometry":{"type":"LineString","coordinates":[[-16.4934952,16.0091879],[-16.4932151,16.0094627],[-16.492651,16.0094666],[-16.4923709,16.0097414],[-16.4929391,16.0102831],[-16.4935033,16.0102792],[-16.4937833,16.0100044],[-16.4937793,16.0094588],[-16.4934952,16.0091879]]}},{"type":"Feature","properties":{"elevation":5.0},"geometry":{"type":"LineString","coordinates":[[-16.5105594,16.0088866],[-16.5104183,16.0088876],[-16.5102317,16.0090708],[-16.5103699,16.0094791]]}},{"type":"Feature","properties":{"elevation":5.0},"geometry":{"type":"Point","coordinates":[-16.497724277,16.008885596]}},{"type":"Feature","properties":{"elevation":0.0},"geometry":{"type":"LineString","coordinates":[[-16.4788211,16.0084709],[-16.478541,16.0087457],[-16.4787331,16.00929],[-16.4788281,16.0094258],[-16.4791099,16.0093784],[-16.4792502,16.0092865],[-16.4792952,16.0090133],[-16.4792462,16.0087408],[-16.4791032,16.008469],[-16.4788211,16.0084709]]}},{"type":"Feature","properties":{"elevation":0.0},"geometry":{"type":"LineString","coordinates":[[-16.4971561,16.0083439],[-16.4970641,16.0086174],[-16.4971591,16.0087531],[-16.4972521,16.008616],[-16.4971561,16.0083439]]}},{"type":"Feature","properties":{"elevation":5.0},"geometry":{"type":"LineString","coordinates":[[-16.4906703,16.0086618],[-16.4912345,16.0086579],[-16.4909544,16.0089327],[-16.4906703,16.0086618]]}},{"type":"Feature","properties":{"elevation":5.0},"geometry":{"type":"LineString","coordinates":[[-16.4892579,16.0083988],[-16.4891189,16.0086726],[-16.489262,16.0089444],[-16.489542,16.0086697],[-16.4892579,16.0083988]]}},{"type":"Feature","properties":{"elevation":5.0},"geometry":{"type":"LineString","coordinates":[[-16.4861551,16.0084203],[-16.4867213,16.0086892],[-16.4868643,16.0089611],[-16.4867253,16.0092349],[-16.4864453,16.0095096],[-16.4861612,16.0092388],[-16.4858791,16.0092407],[-16.485599,16.0095155],[-16.4856051,16.010334],[-16.4847528,16.0095214],[-16.4847508,16.0092485],[-16.485597,16.0092427],[-16.4861571,16.0086931],[-16.4861551,16.0084203]]}},{"type":"Feature","properties":{"elevation":0.0},"geometry":{"type":"LineString","coordinates":[[-16.4754322,16.0079485],[-16.4753401,16.008222],[-16.4754362,16.0084942],[-16.4754382,16.008767],[-16.4755812,16.0090389],[-16.4755832,16.0093117],[-16.4757263,16.0095836],[-16.4758653,16.0093098],[-16.4758633,16.0090369],[-16.4760023,16.0087632],[-16.4760708,16.0084898],[-16.4761864,16.0082162],[-16.4759963,16.0079447],[-16.4754322,16.0079485]]}},{"type":"Feature","properties":{"elevation":5.0},"geometry":{"type":"LineString","coordinates":[[-16.4838945,16.0078902],[-16.4844586,16.0078863],[-16.4847427,16.0081572],[-16.4841806,16.0084339],[-16.4836164,16.0084378],[-16.4833323,16.008167],[-16.4836144,16.008165],[-16.4838945,16.0078902]]}},{"type":"Feature","properties":{"elevation":5.0},"geometry":{"type":"LineString","coordinates":[[-16.4799454,16.0079175],[-16.4799474,16.0081903],[-16.4796653,16.0081923],[-16.4799454,16.0079175]]}},{"type":"Feature","properties":{"elevation":5.0},"geometry":{"type":"LineString","coordinates":[[-16.4983743,16.0077897],[-16.498561,16.0076065],[-16.4986564,16.0077877],[-16.4985637,16.0079703],[-16.4983743,16.0077897]]}},{"type":"Feature","properties":{"elevation":0.0},"geometry":{"type":"LineString","coordinates":[[-16.4824816,16.0075589],[-16.4824115,16.0076276],[-16.4824831,16.0077636],[-16.4827651,16.0077616],[-16.4829052,16.0076242],[-16.4827631,16.0074888],[-16.4824816,16.0075589]]}},{"type":"Feature","properties":{"elevation":5.0},"geometry":{"type":"Point","coordinates":[-16.498842403,16.007513599]}},{"type":"Feature","properties":{"elevation":0.0},"geometry":{"type":"LineString","coordinates":[[-16.4974293,16.0071597],[-16.4971479,16.0072526],[-16.497432,16.0075234],[-16.497524,16.00725],[-16.4974293,16.0071597]]}},{"type":"Feature","properties":{"elevation":5.0},"geometry":{"type":"LineString","coordinates":[[-16.4991204,16.006966],[-16.4994025,16.006964],[-16.4994515,16.0072365],[-16.4994049,16.0072823],[-16.4991224,16.0072388],[-16.4991204,16.006966]]}},{"type":"Feature","properties":{"elevation":5.0},"geometry":{"type":"LineString","coordinates":[[-16.5108254,16.0067475],[-16.5106843,16.0067485],[-16.5105443,16.0068859],[-16.5105464,16.0071588],[-16.5106895,16.0074306],[-16.5108305,16.0074296]]}},{"type":"Feature","properties":{"elevation":0.0},"geometry":{"type":"LineString","coordinates":[[-16.4759873,16.0067169],[-16.4758473,16.0068543],[-16.4759903,16.0071262],[-16.4762744,16.0073971],[-16.4765571,16.0074861],[-16.4768385,16.0073932],[-16.4771196,16.0072548],[-16.4772596,16.0071175],[-16.4771166,16.0068456],[-16.4768345,16.0068475],[-16.476269,16.0066695],[-16.4759873,16.0067169]]}},{"type":"Feature","properties":{"elevation":0.0},"geometry":{"type":"LineString","coordinates":[[-16.4838844,16.0065261],[-16.4837454,16.0067999],[-16.4838871,16.0068899],[-16.4841685,16.006797],[-16.4838844,16.0065261]]}},{"type":"Feature","properties":{"elevation":0.0},"geometry":{"type":"LineString","coordinates":[[-16.4709069,16.0063425],[-16.4706268,16.0066173],[-16.4709109,16.0068882],[-16.47105,16.0066144],[-16.4709069,16.0063425]]}},{"type":"Feature","properties":{"elevation":5.0},"geometry":{"type":"LineString","coordinates":[[-16.4819099,16.0065397],[-16.4821913,16.0064469],[-16.482476,16.0068087],[-16.4826191,16.0070805],[-16.4824787,16.0071724],[-16.482199,16.0074927],[-16.4820119,16.0076304],[-16.482061,16.0079029],[-16.4819219,16.0081767],[-16.4816419,16.0084515],[-16.481926,16.0087224],[-16.4824881,16.0084456],[-16.4827702,16.0084437],[-16.4824901,16.0087185],[-16.4826332,16.0089903],[-16.4826352,16.0092631],[-16.4824948,16.0093551],[-16.4822121,16.0092661],[-16.4816459,16.0089971],[-16.4813658,16.0092719],[-16.4813678,16.0095447],[-16.4808057,16.0098214],[-16.4808037,16.0095486],[-16.4813638,16.0089991],[-16.4810777,16.0084554],[-16.4816378,16.0079058],[-16.4818239,16.0076317],[-16.4816338,16.0073602],[-16.4817258,16.0070867],[-16.4819119,16.0068126],[-16.4819099,16.0065397]]}},{"type":"Feature","properties":{"elevation":5.0},"geometry":{"type":"LineString","coordinates":[[-16.4976119,16.0064308],[-16.497705,16.0062938],[-16.4978,16.0064295],[-16.497708,16.006703],[-16.4976119,16.0064308]]}},{"type":"Feature","properties":{"elevation":5.0},"geometry":{"type":"LineString","coordinates":[[-16.4923446,16.0061947],[-16.4920645,16.0064694],[-16.4920665,16.0067423],[-16.4923506,16.0070131],[-16.4926287,16.0064655],[-16.4923446,16.0061947]]}},{"type":"Feature","properties":{"elevation":5.0},"geometry":{"type":"LineString","coordinates":[[-16.4850127,16.0065183],[-16.4852948,16.0065164],[-16.4852968,16.0067892],[-16.4850147,16.0067911],[-16.4850127,16.0065183]]}},{"type":"Feature","properties":{"elevation":0.0},"geometry":{"type":"LineString","coordinates":[[-16.4971391,16.0060703],[-16.4969988,16.0061623],[-16.4971418,16.0064341],[-16.4972103,16.0061608],[-16.4971391,16.0060703]]}},{"type":"Feature","properties":{"elevation":0.0},"geometry":{"type":"LineString","coordinates":[[-16.4776737,16.0058868],[-16.4775337,16.0060242],[-16.4772556,16.0065718],[-16.4773987,16.0068437],[-16.4776797,16.0067053],[-16.4779618,16.0067034],[-16.4782429,16.006565],[-16.4782409,16.0062922],[-16.4780978,16.0060203],[-16.4779558,16.0058849],[-16.4776737,16.0058868]]}},{"type":"Feature","properties":{"elevation":5.0},"geometry":{"type":"LineString","coordinates":[[-16.4937509,16.0056392],[-16.4934708,16.005914],[-16.493757,16.0064577],[-16.494037,16.0061829],[-16.494035,16.0059101],[-16.4937509,16.0056392]]}},{"type":"Feature","properties":{"elevation":5.0},"geometry":{"type":"Point","coordinates":[-16.479649243,16.006009644]}},{"type":"Feature","properties":{"elevation":5.0},"geometry":{"type":"LineString","coordinates":[[-16.4931847,16.0053703],[-16.4929047,16.0056451],[-16.4931888,16.0059159],[-16.4934688,16.0056412],[-16.4931847,16.0053703]]}},{"type":"Feature","properties":{"elevation":5.0},"geometry":{"type":"LineString","coordinates":[[-16.491776367,16.005652918],[-16.491776368,16.005652918]]}},{"type":"Feature","properties":{"elevation":0.0},"geometry":{"type":"LineString","coordinates":[[-16.4855647,16.0048774],[-16.4854257,16.0051513],[-16.4854277,16.0054241],[-16.4855708,16.0056959],[-16.4858518,16.0055576],[-16.4859449,16.0054205],[-16.4858488,16.0051483],[-16.4855647,16.0048774]]}},{"type":"Feature","properties":{"elevation":0.0},"geometry":{"type":"LineString","coordinates":[[-16.4714611,16.0049745],[-16.471181,16.0052493],[-16.471183,16.0055221],[-16.4714671,16.005793],[-16.4717472,16.0055183],[-16.4717452,16.0052454],[-16.4714611,16.0049745]]}},{"type":"Feature","properties":{"elevation":5.0},"geometry":{"type":"LineString","coordinates":[[-16.4996703,16.0050523],[-16.4996723,16.0053251]]}},{"type":"Feature","properties":{"elevation":5.0},"geometry":{"type":"Point","coordinates":[-16.481335653,16.005179497]}},{"type":"Feature","properties":{"elevation":5.0},"geometry":{"type":"LineString","coordinates":[[-16.4889476,16.0045812],[-16.4886675,16.004856],[-16.4889516,16.0051268],[-16.4892337,16.0051249],[-16.4895137,16.0048501],[-16.4889476,16.0045812]]}},{"type":"Feature","properties":{"elevation":5.0},"geometry":{"type":"LineString","coordinates":[[-16.4796392,16.0046455],[-16.4799213,16.0046436],[-16.4799233,16.0049164],[-16.4790801,16.0053315],[-16.478797,16.005197],[-16.478795,16.0049242],[-16.4790761,16.0047858],[-16.4793581,16.0047839],[-16.4796392,16.0046455]]}},{"type":"Feature","properties":{"elevation":0.0},"geometry":{"type":"LineString","coordinates":[[-16.4974056,16.0039767],[-16.4971256,16.0042515],[-16.4970571,16.0045248],[-16.4971296,16.0047972],[-16.4974137,16.005068],[-16.4976928,16.0046568],[-16.4978328,16.0045194],[-16.4976897,16.0042476],[-16.4974056,16.0039767]]}},{"type":"Feature","properties":{"elevation":5.0},"geometry":{"type":"LineString","coordinates":[[-16.4833041,16.0043474],[-16.4835852,16.004209],[-16.4838676,16.0042526],[-16.4840093,16.0043425],[-16.4838703,16.0046163],[-16.4835882,16.0046183],[-16.4833041,16.0043474]]}},{"type":"Feature","properties":{"elevation":0.0},"geometry":{"type":"LineString","coordinates":[[-16.4773766,16.0038426],[-16.4772846,16.004116],[-16.4773806,16.0043882],[-16.4775196,16.0041144],[-16.4773766,16.0038426]]}},{"type":"Feature","properties":{"elevation":5.0},"geometry":{"type":"MultiLineString","coordinates":[[[-16.463582201071983,16.01100733112817],[-16.4636067,16.0110307],[-16.4633286,16.0115783],[-16.4630465,16.0115802],[-16.4627664,16.011855],[-16.4627704,16.0124006]],[[-16.4627704,16.0124006],[-16.4630545,16.0126716]],[[-16.4627704,16.0124006],[-16.4622062,16.0124045],[-16.4619281,16.0129521],[-16.4622122,16.013223],[-16.4623552,16.0134948],[-16.4623592,16.0140405],[-16.4625022,16.0143124],[-16.4625062,16.014858],[-16.4626492,16.0151299],[-16.4625092,16.0152673],[-16.4622281,16.0154056],[-16.4613818,16.0154114],[-16.4613779,16.0148657],[-16.4610938,16.0145948],[-16.4610898,16.0140491],[-16.4613699,16.0137744],[-16.461651,16.0136361],[-16.4617911,16.0134987],[-16.4619301,16.0132249],[-16.461646,16.012954],[-16.4613646,16.0130468],[-16.4610819,16.0129578],[-16.4607988,16.0128233],[-16.4606568,16.0126879],[-16.4607958,16.0124141],[-16.46049024440281,16.01212268999726]],[[-16.46049027793271,16.012122677902045],[-16.4605118,16.0121432],[-16.4616401,16.0121355],[-16.4622003,16.011586],[-16.46219971374335,16.0115060345928]]]}},{"type":"Feature","properties":{"elevation":5.0},"geometry":{"type":"Point","coordinates":[-16.481045537,16.004090133]}},{"type":"Feature","properties":{"elevation":0.0},"geometry":{"type":"LineString","coordinates":[[-16.5005043,16.0034094],[-16.5002243,16.0036842],[-16.500508,16.0039005],[-16.500732,16.0036807],[-16.5005043,16.0034094]]}},{"type":"Feature","properties":{"elevation":5.0},"geometry":{"type":"LineString","coordinates":[[-16.4937346,16.0034566],[-16.4934546,16.0037314],[-16.4934566,16.0040042],[-16.4937407,16.0042751],[-16.4943008,16.0037255],[-16.4940167,16.0034546],[-16.4937346,16.0034566]]}},{"type":"Feature","properties":{"elevation":5.0},"geometry":{"type":"LineString","coordinates":[[-16.5113639,16.0033333],[-16.5109408,16.0033363],[-16.5106607,16.0036111],[-16.5106628,16.0038839],[-16.5103828,16.0041587],[-16.5102156,16.0044327],[-16.5101048,16.0047063],[-16.5102009,16.0049785],[-16.510391,16.00525],[-16.510393,16.0055228],[-16.5108192,16.0059291]]}},{"type":"Feature","properties":{"elevation":0.0},"geometry":{"type":"LineString","coordinates":[[-16.4976829,16.0033382],[-16.4975426,16.0034301],[-16.4972625,16.0037049],[-16.4974056,16.0039767],[-16.4976863,16.0037929],[-16.4977562,16.0037014],[-16.4978246,16.0034281],[-16.4976829,16.0033382]]}},{"type":"Feature","properties":{"elevation":0.0},"geometry":{"type":"LineString","coordinates":[[-16.4725774,16.0033298],[-16.4722973,16.0036046],[-16.4725814,16.0038755],[-16.4728615,16.0036007],[-16.4725774,16.0033298]]}},{"type":"Feature","properties":{"elevation":5.0},"geometry":{"type":"LineString","coordinates":[[-16.4945788,16.0031779],[-16.4942988,16.0034527],[-16.4943008,16.0037255],[-16.4945849,16.0039964],[-16.494867,16.0039944],[-16.495147,16.0037196],[-16.4945788,16.0031779]]}},{"type":"Feature","properties":{"elevation":5.0},"geometry":{"type":"MultiLineString","coordinates":[[[-16.4768105,16.0035736],[-16.4768125,16.0038464],[-16.4765344,16.004394],[-16.4762543,16.0046688]],[[-16.4762543,16.0046688],[-16.4762563,16.0049416]],[[-16.4762563,16.0049416],[-16.4763994,16.0052135],[-16.4762603,16.0054873],[-16.4759803,16.005762],[-16.4756982,16.005764],[-16.4754181,16.0060388],[-16.4754221,16.0065844],[-16.4751421,16.0068592],[-16.474999,16.0065873],[-16.474857,16.0064519],[-16.4745759,16.0065902],[-16.4745779,16.006863],[-16.474768,16.0071346],[-16.474772,16.0076802],[-16.474727,16.0079534],[-16.4745879,16.0082272],[-16.474871,16.0083617],[-16.475013,16.0084971],[-16.4750621,16.0087696],[-16.475017,16.0090428],[-16.474878,16.0093166],[-16.474882,16.0098622]],[[-16.474882,16.0098622],[-16.4751661,16.0101331]],[[-16.4751661,16.0101331],[-16.4754475,16.0100402],[-16.4757303,16.0101292],[-16.4754502,16.010404],[-16.4751688,16.0104969],[-16.4750741,16.0104066],[-16.4751661,16.0101331]],[[-16.474882,16.0098622],[-16.47488,16.0095894],[-16.4745959,16.0093185],[-16.4743139,16.0093204],[-16.4741708,16.0090486],[-16.4743078,16.0085019],[-16.4743018,16.0076835],[-16.4740158,16.0071397],[-16.4740078,16.0060484],[-16.4742858,16.0055008],[-16.4742838,16.005228],[-16.4745639,16.0049532],[-16.474846,16.0049513],[-16.4745659,16.0052261],[-16.4745679,16.0054989],[-16.474852,16.0057698],[-16.475134,16.0057679],[-16.4756942,16.0052183],[-16.4759763,16.0052164],[-16.4762563,16.0049416]],[[-16.4762543,16.0046688],[-16.4761583,16.0043966],[-16.4763914,16.0041222],[-16.4765304,16.0038484],[-16.4768105,16.0035736]]]}},{"type":"Feature","properties":{"elevation":0.0},"geometry":{"type":"LineString","coordinates":[[-16.4691905,16.0030802],[-16.4689105,16.0033549],[-16.4691945,16.0036258],[-16.4693336,16.003352],[-16.4691905,16.0030802]]}},{"type":"Feature","properties":{"elevation":5.0},"geometry":{"type":"LineString","coordinates":[[-16.5103725,16.0027946],[-16.5102335,16.0030684],[-16.5103766,16.0033402],[-16.5106566,16.0030654],[-16.5103725,16.0027946]]}},{"type":"Feature","properties":{"elevation":5.0},"geometry":{"type":"Point","coordinates":[-16.498527775,16.003150369]}},{"type":"Feature","properties":{"elevation":5.0},"geometry":{"type":"LineString","coordinates":[[-16.4793451,16.0030105],[-16.4796271,16.0030085],[-16.4796292,16.0032814],[-16.4795371,16.0035548],[-16.4793511,16.003829],[-16.4790684,16.00374],[-16.478785,16.00356],[-16.478924,16.0032862],[-16.479064,16.0031488],[-16.4793451,16.0030105]]}},{"type":"Feature","properties":{"elevation":5.0},"geometry":{"type":"LineString","coordinates":[[-16.500218144,16.002865731],[-16.500218144,16.002865732]]}},{"type":"Feature","properties":{"elevation":0.0},"geometry":{"type":"LineString","coordinates":[[-16.48329,16.0024376],[-16.48301,16.0027124],[-16.4824458,16.0027163],[-16.4823538,16.0029897],[-16.4821671,16.0031729],[-16.4820268,16.0032648],[-16.4818877,16.0035386],[-16.4821708,16.0036731],[-16.4824529,16.0036712],[-16.4827339,16.0035328],[-16.483016,16.0035309],[-16.4832961,16.0032561],[-16.4838589,16.0030703],[-16.4839992,16.0029784],[-16.4839972,16.0027056],[-16.4838555,16.0026156],[-16.48329,16.0024376]]}},{"type":"Feature","properties":{"elevation":5.0},"geometry":{"type":"LineString","coordinates":[[-16.4770865,16.0027532],[-16.4770885,16.003026]]}},{"type":"Feature","properties":{"elevation":5.0},"geometry":{"type":"LineString","coordinates":[[-16.5078298,16.0022668],[-16.508114,16.0025376]]}},{"type":"Feature","properties":{"elevation":5.0},"geometry":{"type":"MultiLineString","coordinates":[[[-16.5100825,16.0111182],[-16.5098679,16.0107104],[-16.5095878,16.0109852],[-16.5094018,16.0112594],[-16.5093085,16.011351],[-16.5092138,16.0112607],[-16.5091647,16.0109882],[-16.5091627,16.0107154],[-16.5093017,16.0104416],[-16.5095827,16.0103032],[-16.5096757,16.0101661],[-16.5095796,16.0098939],[-16.5092965,16.0097595],[-16.5091545,16.0096241],[-16.5090114,16.0093523],[-16.5090093,16.0090794],[-16.5092914,16.0090774],[-16.5095725,16.0089391],[-16.5097125,16.0088017],[-16.5097574,16.0085285],[-16.5095653,16.0079842],[-16.5093752,16.0077127],[-16.5092805,16.0076224],[-16.508715,16.0074445],[-16.5087129,16.0071716],[-16.5089943,16.0070787],[-16.509275,16.0068949],[-16.509555,16.0066201],[-16.5098381,16.0067545],[-16.5099781,16.0066171],[-16.5101171,16.0063433],[-16.509833,16.0060724],[-16.509552,16.0062108],[-16.5092689,16.0060764],[-16.5087061,16.0062622],[-16.5084226,16.0060823],[-16.5083266,16.0058102],[-16.5085596,16.0055357],[-16.5086999,16.0054438],[-16.5089827,16.0055327],[-16.5092648,16.0055307],[-16.5095448,16.0052559],[-16.5089765,16.0047143],[-16.5089745,16.0044414]],[[-16.5089745,16.0044414],[-16.5086904,16.0041706]],[[-16.5086904,16.0041706],[-16.5084083,16.0041726],[-16.5081242,16.0039017],[-16.5084042,16.0036269],[-16.5086883,16.0038978],[-16.5089704,16.0038958],[-16.5086904,16.0041706]],[[-16.5089745,16.0044414],[-16.5092566,16.0044394],[-16.5095366,16.0041646],[-16.5095304,16.0033462],[-16.5092463,16.0030753],[-16.5095263,16.0028005],[-16.5095243,16.0025277],[-16.5092402,16.0022569],[-16.5092381,16.001984],[-16.5095222,16.0022549],[-16.5109326,16.002245],[-16.5109346,16.0025178],[-16.5115028,16.0030595],[-16.511540641150525,16.00305923181325]]]}},{"type":"Feature","properties":{"elevation":5.0},"geometry":{"type":"LineString","coordinates":[[-16.475108,16.0022211],[-16.4753921,16.002492],[-16.4753941,16.0027648],[-16.4759622,16.0033066],[-16.4756822,16.0035814],[-16.4756842,16.0038542],[-16.4745559,16.0038619],[-16.4742758,16.0041367],[-16.4739937,16.0041386],[-16.4737097,16.0038677],[-16.4735666,16.0035959],[-16.4737057,16.0033221],[-16.4739857,16.0030473],[-16.4739877,16.0033202],[-16.4742718,16.003591],[-16.475112,16.0027668],[-16.4748279,16.0024959],[-16.475108,16.0022211]]}},{"type":"Feature","properties":{"elevation":5.0},"geometry":{"type":"LineString","coordinates":[[-16.4996479,16.0020512],[-16.499652,16.0025968],[-16.4993719,16.0028716],[-16.4993699,16.0025988],[-16.4990858,16.002328],[-16.4993679,16.002326],[-16.4996479,16.0020512]]}},{"type":"Feature","properties":{"elevation":5.0},"geometry":{"type":"LineString","coordinates":[[-16.4793391,16.002192],[-16.4796211,16.0021901],[-16.4796231,16.0024629],[-16.4793391,16.002192]]}},{"type":"Feature","properties":{"elevation":0.0},"geometry":{"type":"LineString","coordinates":[[-16.4973873,16.0015213],[-16.4971073,16.0017961],[-16.4971113,16.0023417],[-16.4973954,16.0026126],[-16.497678,16.0026788],[-16.4982427,16.0027431],[-16.4985244,16.0026957],[-16.4986177,16.0026041],[-16.4985227,16.0024683],[-16.4979565,16.0021994],[-16.4978145,16.002064],[-16.4976714,16.0017921],[-16.4973873,16.0015213]]}},{"type":"Feature","properties":{"elevation":5.0},"geometry":{"type":"LineString","coordinates":[[-16.4841302,16.0016133],[-16.4842732,16.0018851],[-16.4841332,16.0020225],[-16.4838511,16.0020245],[-16.4837091,16.001889],[-16.4838491,16.0017516],[-16.4841302,16.0016133]]}},{"type":"Feature","properties":{"elevation":0.0},"geometry":{"type":"LineString","coordinates":[[-16.4982305,16.0011061],[-16.4980904,16.0012435],[-16.4979514,16.0015174],[-16.4982345,16.0016518],[-16.4985166,16.0016498],[-16.4986566,16.0015124],[-16.4985135,16.0012406],[-16.4982305,16.0011061]]}},{"type":"Feature","properties":{"elevation":0.0},"geometry":{"type":"LineString","coordinates":[[-16.479049,16.0011026],[-16.4789099,16.0013764],[-16.479052,16.0015119],[-16.479192,16.0013745],[-16.479049,16.0011026]]}},{"type":"Feature","properties":{"elevation":5.0},"geometry":{"type":"MultiLineString","coordinates":[[[-16.4823397,16.00108],[-16.4824328,16.0009429],[-16.4827148,16.0009409],[-16.4828569,16.0010764],[-16.4829999,16.0013482],[-16.4830019,16.0016211],[-16.4827219,16.0018958],[-16.4824378,16.001625],[-16.4821557,16.0016269]],[[-16.4821557,16.0016269],[-16.4820167,16.0019007],[-16.4818763,16.0019926],[-16.4817346,16.0019027],[-16.4818736,16.0016289],[-16.4821557,16.0016269]],[[-16.4821557,16.0016269],[-16.4822947,16.0013531],[-16.4823397,16.00108]]]}},{"type":"Feature","properties":{"elevation":5.0},"geometry":{"type":"LineString","coordinates":[[-16.4751,16.0011298],[-16.4753821,16.0011278],[-16.4753841,16.0014007],[-16.475102,16.0014026],[-16.4751,16.0011298]]}},{"type":"Feature","properties":{"elevation":0.0},"geometry":{"type":"LineString","coordinates":[[-16.4801742,16.0006856],[-16.4800812,16.0008227],[-16.4800832,16.0010955],[-16.4799912,16.001369],[-16.4800402,16.0016415],[-16.4801832,16.0019133],[-16.4804653,16.0019114],[-16.4810254,16.0013619],[-16.4811645,16.0010881],[-16.4810224,16.0009526],[-16.4807393,16.0008182],[-16.4804553,16.0005473],[-16.4801742,16.0006856]]}},{"type":"Feature","properties":{"elevation":5.0},"geometry":{"type":"LineString","coordinates":[[-16.4783418,16.0008347],[-16.4784818,16.0006973],[-16.4785298,16.0008334],[-16.4784848,16.0011065],[-16.4782038,16.0012449],[-16.4781463,16.0011088],[-16.4782017,16.000972],[-16.4783418,16.0008347]]}},{"type":"Feature","properties":{"elevation":5.0},"geometry":{"type":"MultiLineString","coordinates":[[[-16.4770725,16.0008434],[-16.4770745,16.0011162],[-16.476794400000003,16.001391]],[[-16.476794400000003,16.001391],[-16.4767944,16.001391]],[[-16.476794400000003,16.001391],[-16.4770785,16.0016619],[-16.4770825,16.0022075],[-16.4770805,16.0019347],[-16.4767964,16.0016638],[-16.476794400000003,16.001391]],[[-16.476794400000003,16.001391],[-16.4767924,16.0011182],[-16.4770725,16.0008434]]]}},{"type":"Feature","properties":{"elevation":5.0},"geometry":{"type":"LineString","coordinates":[[-16.48638067,16.000779197],[-16.48638067,16.000779196],[-16.486380671,16.000779197],[-16.48638067,16.000779197]]}},{"type":"Feature","properties":{"elevation":5.0},"geometry":{"type":"LineString","coordinates":[[-16.4914558,16.0004712],[-16.4914579,16.000744],[-16.4914578,16.000744],[-16.4914558,16.0004712]]}},{"type":"Feature","properties":{"elevation":5.0},"geometry":{"type":"Point","coordinates":[-16.499915717,16.000139452]}},{"type":"Feature","properties":{"elevation":0.0},"geometry":{"type":"LineString","coordinates":[[-16.4979382,15.999744],[-16.4978687,15.9998809],[-16.4979399,15.9999713],[-16.4980803,15.9998794],[-16.4979382,15.999744]]}},{"type":"Feature","properties":{"elevation":5.0},"geometry":{"type":"LineString","coordinates":[[-16.5116302,16.0012397],[-16.5114892,16.0012406],[-16.5112064,16.0011517],[-16.5109233,16.0010173],[-16.5106423,16.0011557],[-16.5100823,16.0017053],[-16.509514,16.0011636],[-16.509512,16.0008908],[-16.5092279,16.0006199],[-16.5095099,16.0006179],[-16.51007,16.0000683],[-16.5102089,15.9997945],[-16.510349,15.9996571],[-16.5106307,15.9996097],[-16.5111962,15.9997876],[-16.5110572,16.0000614],[-16.5109172,16.0001988],[-16.5106351,16.0002008],[-16.5103541,16.0003392],[-16.5104972,16.000611],[-16.5106392,16.0007464],[-16.5109213,16.0007444],[-16.5112013,16.0004696],[-16.5114844,16.0006041],[-16.5116254,16.0006031]]}},{"type":"Feature","properties":{"elevation":5.0},"geometry":{"type":"LineString","coordinates":[[-16.4985034,15.9998765],[-16.4987864,16.0000109],[-16.4990705,16.0002818],[-16.4991421,16.0004177],[-16.4992146,16.00069],[-16.4993577,16.0009619],[-16.4994302,16.0012342],[-16.4993607,16.0013711],[-16.4990787,16.0013731],[-16.4989836,16.0012373],[-16.4989346,16.0009648],[-16.4985095,16.0006949],[-16.4983664,16.0004231],[-16.4985054,16.0001493],[-16.4985034,15.9998765]]}},{"type":"Feature","properties":{"elevation":5.0},"geometry":{"type":"LineString","coordinates":[[-16.4794439,16.0000086],[-16.479604,15.999871],[-16.4798864,15.9999146],[-16.4801685,15.9999126],[-16.4804502,15.9998652],[-16.4807333,15.9999997],[-16.4810174,16.0002706],[-16.4810194,16.0005434],[-16.4807353,16.0002725],[-16.4804523,16.000138],[-16.4798901,16.0004147],[-16.4796081,16.0004167],[-16.479513,16.0002809],[-16.4794439,16.0000086]]}},{"type":"Feature","properties":{"elevation":5.0},"geometry":{"type":"LineString","coordinates":[[-16.4781927,15.9997443],[-16.4781947,16.0000171]]}},{"type":"Feature","properties":{"elevation":5.0},"geometry":{"type":"LineString","coordinates":[[-16.4835499,15.9994346],[-16.483832,15.9994326],[-16.4841161,15.9997035],[-16.483835,15.9998419],[-16.483552,15.9997074],[-16.4835499,15.9994346]]}},{"type":"Feature","properties":{"elevation":5.0},"geometry":{"type":"LineString","coordinates":[[-16.4968049,15.9990698],[-16.4965249,15.9993446],[-16.4968079,15.999479],[-16.4969009,15.999342],[-16.4968049,15.9990698]]}},{"type":"Feature","properties":{"elevation":5.0},"geometry":{"type":"LineString","coordinates":[[-16.475652123,15.999488944],[-16.475652124,15.999488944]]}},{"type":"Feature","properties":{"elevation":-5.0},"geometry":{"type":"LineString","coordinates":[[-16.4790329,15.99892],[-16.4787528,15.9991948],[-16.4790369,15.9994657],[-16.4791759,15.9991919],[-16.4790329,15.99892]]}},{"type":"Feature","properties":{"elevation":5.0},"geometry":{"type":"LineString","coordinates":[[-16.5001896,15.9990462],[-16.5001937,15.9995918],[-16.4999127,15.9997302],[-16.4998411,15.9995943],[-16.4998391,15.9993215],[-16.4999086,15.9991846],[-16.5001896,15.9990462]]}},{"type":"Feature","properties":{"elevation":5.0},"geometry":{"type":"LineString","coordinates":[[-16.511472071,15.998967114],[-16.511472072,15.998967114]]}},{"type":"Feature","properties":{"elevation":5.0},"geometry":{"type":"LineString","coordinates":[[-16.4814324,15.9991763],[-16.4815725,15.9990389],[-16.4818555,15.9991734],[-16.4815755,15.9994482],[-16.4814324,15.9991763]]}},{"type":"Feature","properties":{"elevation":5.0},"geometry":{"type":"LineString","coordinates":[[-16.478470769,15.999196726],[-16.47847077,15.999196726]]}},{"type":"Feature","properties":{"elevation":0.0},"geometry":{"type":"LineString","coordinates":[[-16.4674662,15.9987265],[-16.4671862,15.9990012],[-16.4674692,15.9991357],[-16.4677503,15.9989974],[-16.4674662,15.9987265]]}},{"type":"Feature","properties":{"elevation":5.0},"geometry":{"type":"Point","coordinates":[-16.471981274,15.99896844]}},{"type":"Feature","properties":{"elevation":0.0},"geometry":{"type":"LineString","coordinates":[[-16.4790295,15.9984653],[-16.4789181,15.998648],[-16.4788566,15.9989212],[-16.4786118,15.9991958],[-16.478634,15.9994684],[-16.4787589,16.0000133],[-16.4787609,16.0002861],[-16.4789039,16.000558],[-16.4787649,16.0008318],[-16.479049,16.0011026],[-16.479235,16.0008285],[-16.4791349,16.0000107],[-16.4793216,15.9998275],[-16.4796024,15.9996437],[-16.4798841,15.9995963],[-16.4801652,15.9994579],[-16.4801632,15.9991851],[-16.4804432,15.9989103],[-16.4801591,15.9986394],[-16.4798781,15.9987778],[-16.4793119,15.9985088],[-16.4790295,15.9984653]]}},{"type":"Feature","properties":{"elevation":5.0},"geometry":{"type":"LineString","coordinates":[[-16.5094936,15.9984353],[-16.5100577,15.9984314],[-16.5103408,15.9985658],[-16.5104828,15.9987012],[-16.5103438,15.998975],[-16.5100618,15.998977],[-16.5094936,15.9984353]]}},{"type":"Feature","properties":{"elevation":5.0},"geometry":{"type":"LineString","coordinates":[[-16.4889031,15.998579],[-16.4891852,15.9985771],[-16.4891872,15.9988499],[-16.4886231,15.9988538],[-16.4889031,15.998579]]}},{"type":"Feature","properties":{"elevation":5.0},"geometry":{"type":"Point","coordinates":[-16.511467969,15.998421467]}},{"type":"Feature","properties":{"elevation":0.0},"geometry":{"type":"LineString","coordinates":[[-16.4702829,15.9981615],[-16.4700028,15.9984363],[-16.4700048,15.9987091],[-16.4702889,15.99898],[-16.4705709,15.9989781],[-16.47071,15.9987043],[-16.470708,15.9984315],[-16.470566,15.998296],[-16.4702829,15.9981615]]}},{"type":"Feature","properties":{"elevation":5.0},"geometry":{"type":"LineString","coordinates":[[-16.4812854,15.9983588],[-16.4815674,15.9983569]]}},{"type":"Feature","properties":{"elevation":5.0},"geometry":{"type":"MultiLineString","coordinates":[[[-16.4728215,15.9981442],[-16.4736677,15.9981384],[-16.4742358,15.9986801],[-16.4743318,15.9989523],[-16.4743808,15.9992248],[-16.4745239,15.9994967],[-16.4748079,15.9997676],[-16.475094,16.0003113],[-16.4748139,16.0005861],[-16.4742498,16.0005899],[-16.4739697,16.0008647],[-16.47397169964794,16.00113745197897]],[[-16.47397169964794,16.00113745197897],[-16.4739717,16.0011375],[-16.4742558,16.0014084]],[[-16.4742558,16.0014084],[-16.4742638,16.0024997],[-16.4742618,16.0022269],[-16.4739777,16.001956],[-16.4739757,16.0016832],[-16.4742558,16.0014084]],[[-16.4742558,16.0014084],[-16.47397169964794,16.00113745197897]],[[-16.47397169964794,16.00113745197897],[-16.4736877,16.0008666],[-16.4734016,16.0003229],[-16.4731175,16.000052],[-16.4733996,16.0000501],[-16.4736797,15.9997753],[-16.4731115,15.9992335],[-16.4733916,15.9989588],[-16.4735306,15.998685],[-16.4733876,15.9984131],[-16.4728235,15.998417],[-16.4728215,15.9981442]]]}},{"type":"Feature","properties":{"elevation":5.0},"geometry":{"type":"LineString","coordinates":[[-16.4821296,15.9980802],[-16.4824116,15.9980782],[-16.4826957,15.9983491],[-16.4821316,15.998353],[-16.4821296,15.9980802]]}},{"type":"Feature","properties":{"elevation":5.0},"geometry":{"type":"Point","coordinates":[-16.493412037,15.998002038]}},{"type":"Feature","properties":{"elevation":5.0},"geometry":{"type":"LineString","coordinates":[[-16.4764863,15.9978462],[-16.4767684,15.9978442],[-16.4767704,15.9981171],[-16.4770544,15.9983879],[-16.4773375,15.9985224],[-16.4774795,15.9986579],[-16.4775285,15.9989304],[-16.4774835,15.9992035],[-16.4773445,15.9994773],[-16.4770625,15.9994793],[-16.4767764,15.9989355],[-16.4764943,15.9989375],[-16.4763513,15.9986656],[-16.4763493,15.9983928],[-16.4764883,15.998119],[-16.4764863,15.9978462]]}},{"type":"Feature","properties":{"elevation":5.0},"geometry":{"type":"LineString","coordinates":[[-16.4829737,15.9978015],[-16.4832558,15.9977995]]}},{"type":"Feature","properties":{"elevation":5.0},"geometry":{"type":"LineString","coordinates":[[-16.5114598,15.9973302],[-16.5114618,15.997603],[-16.5111798,15.997605],[-16.5114598,15.9973302]]}},{"type":"Feature","properties":{"elevation":10.0},"geometry":{"type":"LineString","coordinates":[[-16.4789288,15.9975565],[-16.4790222,15.9974649],[-16.4791639,15.9975549],[-16.4790235,15.9976468],[-16.4789288,15.9975565]]}},{"type":"Feature","properties":{"elevation":0.0},"geometry":{"type":"LineString","coordinates":[[-16.4812753,15.9969947],[-16.4809953,15.9972695],[-16.4812794,15.9975403],[-16.4815594,15.9972656],[-16.4812753,15.9969947]]}},{"type":"Feature","properties":{"elevation":5.0},"geometry":{"type":"LineString","coordinates":[[-16.4785507,15.9972863],[-16.4787374,15.9971031],[-16.4790193,15.9970784],[-16.4795843,15.9971882],[-16.4801511,15.9975481],[-16.4804372,15.9980918],[-16.4801541,15.9979574],[-16.4798721,15.9979593],[-16.4795903,15.9980067],[-16.4793079,15.9979632],[-16.4790264,15.9980333],[-16.4787443,15.9980353],[-16.4784627,15.9981054],[-16.4782727,15.9978339],[-16.4783177,15.9975607],[-16.4785507,15.9972863]]}},{"type":"Feature","properties":{"elevation":5.0},"geometry":{"type":"LineString","coordinates":[[-16.475916162,15.997031555],[-16.475916162,15.997031556]]}},{"type":"Feature","properties":{"elevation":5.0},"geometry":{"type":"LineString","coordinates":[[-16.4863484,15.996414],[-16.4860684,15.9966887],[-16.4863524,15.9969596],[-16.4866325,15.9966848],[-16.4863484,15.996414]]}},{"type":"Feature","properties":{"elevation":0.0},"geometry":{"type":"LineString","coordinates":[[-16.4790138,15.9963282],[-16.4789443,15.9964651],[-16.4790168,15.9967374],[-16.4791559,15.9964636],[-16.4790138,15.9963282]]}},{"type":"Feature","properties":{"elevation":5.0},"geometry":{"type":"LineString","coordinates":[[-16.4747839,15.9964936],[-16.475065,15.9963553],[-16.475348,15.9964898],[-16.47507,15.9970374],[-16.4747859,15.9967665],[-16.4747839,15.9964936]]}},{"type":"Feature","properties":{"elevation":0.0},"geometry":{"type":"LineString","coordinates":[[-16.4761882,15.9956655],[-16.4759082,15.9959402],[-16.4757691,15.996214],[-16.4759108,15.996304],[-16.4761929,15.9963021],[-16.4764743,15.9962092],[-16.4764723,15.9959364],[-16.4761882,15.9956655]]}},{"type":"Feature","properties":{"elevation":5.0},"geometry":{"type":"LineString","coordinates":[[-16.480703173,15.995907259],[-16.480703174,15.995907259]]}},{"type":"Feature","properties":{"elevation":5.0},"geometry":{"type":"LineString","coordinates":[[-16.4728035,15.9956887],[-16.4736497,15.9956829],[-16.4736517,15.9959557],[-16.4733696,15.9959577],[-16.4730895,15.9962324],[-16.4730915,15.9965053],[-16.4733756,15.9967761],[-16.4733796,15.9973218],[-16.4730995,15.9975966],[-16.4728175,15.9975985],[-16.4725334,15.9973276],[-16.4725314,15.9970548],[-16.4722434,15.9962382],[-16.4725254,15.9962363],[-16.4728055,15.9959615],[-16.4728035,15.9956887]]}},{"type":"Feature","properties":{"elevation":5.0},"geometry":{"type":"LineString","coordinates":[[-16.4925456,15.995279658],[-16.4925456,15.995279659]]}},{"type":"Feature","properties":{"elevation":5.0},"geometry":{"type":"LineString","coordinates":[[-16.491981485,15.995283575],[-16.491981485,15.995283576]]}},{"type":"Feature","properties":{"elevation":5.0},"geometry":{"type":"LineString","coordinates":[[-16.4781586,15.9951063],[-16.4784407,15.9951043],[-16.4787267,15.995648],[-16.4784467,15.9959228],[-16.4784507,15.9964684],[-16.4778866,15.9964723],[-16.4777946,15.9967458],[-16.4778201,15.9970185],[-16.4778926,15.9972908],[-16.4776119,15.9974746],[-16.4773305,15.9975675],[-16.4770474,15.997433],[-16.4769524,15.9972973],[-16.4768564,15.9970251],[-16.4770424,15.996751],[-16.4773231,15.9965672],[-16.4776045,15.9964743],[-16.4778846,15.9961995],[-16.4778806,15.9956538],[-16.4781586,15.9951063]]}},{"type":"Feature","properties":{"elevation":5.0},"geometry":{"type":"LineString","coordinates":[[-16.4743978,15.9951321],[-16.4744908,15.994995],[-16.4747739,15.9951295],[-16.4744928,15.9952679],[-16.4743978,15.9951321]]}},{"type":"Feature","properties":{"elevation":0.0},"geometry":{"type":"LineString","coordinates":[[-16.5114386,15.994511],[-16.5113828,15.9946023],[-16.5113728,15.9951481],[-16.5114454,15.9954204],[-16.5115844,15.9951466],[-16.5115803,15.9946009],[-16.5114386,15.994511]]}},{"type":"Feature","properties":{"elevation":5.0},"geometry":{"type":"Point","coordinates":[-16.508900768,15.994619774]}},{"type":"Feature","properties":{"elevation":5.0},"geometry":{"type":"LineString","coordinates":[[-16.4880266,15.9944925],[-16.4877466,15.9947673],[-16.4880307,15.9950381],[-16.4885948,15.9950342],[-16.4888748,15.9947594],[-16.4885907,15.9944886],[-16.4880266,15.9944925]]}},{"type":"Feature","properties":{"elevation":0.0},"geometry":{"type":"LineString","coordinates":[[-16.4767423,15.9942975],[-16.4764623,15.9945722],[-16.4764643,15.9948451],[-16.4767483,15.9951159],[-16.4770284,15.9948412],[-16.4767423,15.9942975]]}},{"type":"Feature","properties":{"elevation":0.0},"geometry":{"type":"LineString","coordinates":[[-16.4764572,15.9938902],[-16.4763172,15.9940275],[-16.4764603,15.9942994],[-16.4767403,15.9940246],[-16.4764572,15.9938902]]}},{"type":"Feature","properties":{"elevation":5.0},"geometry":{"type":"LineString","coordinates":[[-16.4894308,15.9936642],[-16.4891508,15.993939],[-16.4891528,15.9942118],[-16.4894369,15.9944827],[-16.489997,15.9939331],[-16.4897129,15.9936623],[-16.4894308,15.9936642]]}},{"type":"Feature","properties":{"elevation":0.0},"geometry":{"type":"LineString","coordinates":[[-16.4933771,15.9932958],[-16.4932366,15.993365],[-16.4930976,15.9936388],[-16.4933806,15.9937732],[-16.4936617,15.9936349],[-16.4935186,15.993363],[-16.4933771,15.9932958]]}},{"type":"Feature","properties":{"elevation":5.0},"geometry":{"type":"LineString","coordinates":[[-16.475044,15.9934906],[-16.475328,15.9937615],[-16.47533,15.9940343],[-16.475473,15.9943062],[-16.475333,15.9944436],[-16.47505,15.9943091],[-16.475048,15.9940363],[-16.4749049,15.9937644],[-16.475044,15.9934906]]}},{"type":"Feature","properties":{"elevation":5.0},"geometry":{"type":"LineString","coordinates":[[-16.4725054,15.993508],[-16.4727875,15.9935061],[-16.4727895,15.9937789],[-16.4725074,15.9937808],[-16.4725054,15.993508]]}},{"type":"Feature","properties":{"elevation":0.0},"geometry":{"type":"LineString","coordinates":[[-16.4823734,15.9928945],[-16.4820934,15.9931693],[-16.4823794,15.993713],[-16.4826595,15.9934382],[-16.4827985,15.9931644],[-16.4826565,15.993029],[-16.4823734,15.9928945]]}},{"type":"Feature","properties":{"elevation":5.0},"geometry":{"type":"LineString","coordinates":[[-16.4939397,15.9930873],[-16.4945038,15.9930833],[-16.4945058,15.9933562],[-16.4942238,15.9933581],[-16.4939397,15.9930873]]}},{"type":"Feature","properties":{"elevation":0.0},"geometry":{"type":"LineString","coordinates":[[-16.4736283,15.9927727],[-16.4734416,15.9929559],[-16.4733496,15.9932294],[-16.4733516,15.9935022],[-16.4736343,15.9935912],[-16.4739157,15.9934983],[-16.4741958,15.9932236],[-16.4740528,15.9929517],[-16.4739107,15.9928163],[-16.4736283,15.9927727]]}},{"type":"Feature","properties":{"elevation":0.0},"geometry":{"type":"LineString","coordinates":[[-16.4758841,15.9926663],[-16.4757451,15.9929401],[-16.4758871,15.9930755],[-16.4761682,15.9929372],[-16.4758841,15.9926663]]}},{"type":"Feature","properties":{"elevation":0.0},"geometry":{"type":"LineString","coordinates":[[-16.4761642,15.9923915],[-16.4758841,15.9926663],[-16.4761682,15.9929372],[-16.4764482,15.9926624],[-16.4761642,15.9923915]]}},{"type":"Feature","properties":{"elevation":5.0},"geometry":{"type":"Point","coordinates":[-16.481807287,15.992625555]}},{"type":"Feature","properties":{"elevation":5.0},"geometry":{"type":"LineString","coordinates":[[-16.4744738,15.992676],[-16.4747552,15.9925831],[-16.475038,15.9926721],[-16.4747579,15.9929469],[-16.4744738,15.992676]]}},{"type":"Feature","properties":{"elevation":0.0},"geometry":{"type":"LineString","coordinates":[[-16.4925223,15.9921422],[-16.4923823,15.9922796],[-16.4925254,15.9925514],[-16.4928054,15.9922766],[-16.4925223,15.9921422]]}},{"type":"Feature","properties":{"elevation":5.0},"geometry":{"type":"LineString","coordinates":[[-16.4730616,15.9924128],[-16.4730636,15.9926857],[-16.4727835,15.9929604],[-16.4727815,15.9926876],[-16.4730616,15.9924128]]}},{"type":"Feature","properties":{"elevation":5.0},"geometry":{"type":"LineString","coordinates":[[-16.4947797,15.9922629],[-16.4947798,15.9922629]]}},{"type":"Feature","properties":{"elevation":5.0},"geometry":{"type":"LineString","coordinates":[[-16.4820873,15.9923508],[-16.4823694,15.9923488],[-16.4829335,15.9923449],[-16.4820873,15.9923508]]}},{"type":"Feature","properties":{"elevation":5.0},"geometry":{"type":"LineString","coordinates":[[-16.47390773,15.992407026],[-16.473907731,15.992407026],[-16.473907731,15.992407027],[-16.47390773,15.992407026]]}},{"type":"Feature","properties":{"elevation":5.0},"geometry":{"type":"LineString","coordinates":[[-16.4843418,15.9920624],[-16.4846258,15.9923333],[-16.4843458,15.992608],[-16.4842027,15.9923362],[-16.4843418,15.9920624]]}},{"type":"Feature","properties":{"elevation":5.0},"geometry":{"type":"LineString","coordinates":[[-16.4772904,15.992111],[-16.4775724,15.992109],[-16.4772924,15.9923838],[-16.4772904,15.992111]]}},{"type":"Feature","properties":{"elevation":0.0},"geometry":{"type":"LineString","coordinates":[[-16.4801076,15.9916368],[-16.4798269,15.9918207],[-16.4801129,15.9923644],[-16.4792698,15.9927795],[-16.4791298,15.9929168],[-16.4789907,15.9931906],[-16.4795589,15.9937324],[-16.4795609,15.9940052],[-16.4792808,15.99428],[-16.4791418,15.9945538],[-16.4790968,15.994827],[-16.4791458,15.9950995],[-16.4792879,15.9952349],[-16.4795699,15.995233],[-16.4797099,15.9950956],[-16.4797549,15.9948224],[-16.479848,15.9946854],[-16.480129,15.994547],[-16.4804116,15.9946133],[-16.4806931,15.9945431],[-16.4807851,15.9942696],[-16.4805931,15.9937253],[-16.4805441,15.9934528],[-16.4806831,15.993179],[-16.4809631,15.9929042],[-16.4809591,15.9923586],[-16.4806761,15.9922241],[-16.480534,15.9920886],[-16.480532,15.9918158],[-16.4801076,15.9916368]]}},{"type":"Feature","properties":{"elevation":0.0},"geometry":{"type":"LineString","coordinates":[[-16.4947737,15.9914444],[-16.4946347,15.9917182],[-16.4947761,15.9917718],[-16.4950577,15.9917153],[-16.4947737,15.9914444]]}},{"type":"Feature","properties":{"elevation":0.0},"geometry":{"type":"LineString","coordinates":[[-16.4710792,15.991335],[-16.4707991,15.9916098],[-16.4710832,15.9918807],[-16.4712222,15.9916069],[-16.4710792,15.991335]]}},{"type":"Feature","properties":{"elevation":5.0},"geometry":{"type":"LineString","coordinates":[[-16.4786967,15.9915556],[-16.4786987,15.9918284]]}},{"type":"Feature","properties":{"elevation":0.0},"geometry":{"type":"LineString","coordinates":[[-16.4744618,15.991039],[-16.4743228,15.9913128],[-16.4744658,15.9915847],[-16.4747459,15.9913099],[-16.4744618,15.991039]]}},{"type":"Feature","properties":{"elevation":5.0},"geometry":{"type":"MultiLineString","coordinates":[[[-16.496746,15.9911579],[-16.4970301,15.9914287],[-16.4973131,15.9915632],[-16.4975959,15.9916521],[-16.4978797,15.9918905],[-16.4980683,15.9919672],[-16.4978823,15.9922413],[-16.4976013,15.9923797],[-16.4970372,15.9923836],[-16.4967541,15.9922492],[-16.4964741,15.9925239]],[[-16.4964741,15.9925239],[-16.4964761,15.9927968]],[[-16.4964741,15.9925239],[-16.49619,15.9922531],[-16.496188,15.9919803],[-16.496466,15.9914326],[-16.496746,15.9911579]]]}},{"type":"Feature","properties":{"elevation":5.0},"geometry":{"type":"MultiLineString","coordinates":[[[-16.4730536,15.9913215],[-16.4733376,15.9915924],[-16.47333959963092,15.991865199647943]],[[-16.47333959963092,15.991865199647943],[-16.4733416,15.9921381],[-16.4733396,15.9918652],[-16.47333959963092,15.991865199647943]],[[-16.47333959963092,15.991865199647943],[-16.4730556,15.9915943],[-16.4730536,15.9913215]]]}},{"type":"Feature","properties":{"elevation":5.0},"geometry":{"type":"LineString","coordinates":[[-16.4871562,15.9912244],[-16.4874383,15.9912225],[-16.4874403,15.9914953],[-16.4871583,15.9914972],[-16.4871562,15.9912244]]}},{"type":"Feature","properties":{"elevation":5.0},"geometry":{"type":"LineString","coordinates":[[-16.4798209,15.9910022],[-16.4801026,15.9909548],[-16.480385,15.9909983],[-16.4806684,15.9911782],[-16.4809504,15.9911763],[-16.4812331,15.9912653],[-16.4813292,15.9915375],[-16.4813782,15.99181],[-16.4812378,15.9919019],[-16.4809561,15.9919493],[-16.4806714,15.9915966],[-16.480577,15.9915427],[-16.480387,15.9912711],[-16.4801049,15.9912731],[-16.4798209,15.9910022]]}},{"type":"Feature","properties":{"elevation":5.0},"geometry":{"type":"LineString","coordinates":[[-16.4828086,15.9907088],[-16.4829201,15.9905261],[-16.4832035,15.990706],[-16.4832075,15.9912517],[-16.4826434,15.9912556],[-16.4826414,15.9909828],[-16.4828086,15.9907088]]}},{"type":"Feature","properties":{"elevation":0.0},"geometry":{"type":"LineString","coordinates":[[-16.4823543,15.9903026],[-16.4820733,15.990441],[-16.4817912,15.9904429],[-16.4815102,15.9905813],[-16.4813701,15.9907187],[-16.4813721,15.9909915],[-16.4815137,15.9910587],[-16.4817952,15.9909886],[-16.4820773,15.9909866],[-16.4823583,15.9908483],[-16.4824513,15.9907112],[-16.4824963,15.9904381],[-16.4823543,15.9903026]]}},{"type":"Feature","properties":{"elevation":5.0},"geometry":{"type":"LineString","coordinates":[[-16.5012527,15.9903079],[-16.5015348,15.9903059]]}},{"type":"Feature","properties":{"elevation":0.0},"geometry":{"type":"LineString","coordinates":[[-16.4716343,15.9901034],[-16.4713533,15.9902418],[-16.4716373,15.9905127],[-16.4719174,15.9902379],[-16.4716343,15.9901034]]}},{"type":"Feature","properties":{"elevation":5.0},"geometry":{"type":"LineString","coordinates":[[-16.4857379,15.9901429],[-16.486306,15.9906846],[-16.4865881,15.9906827],[-16.4865901,15.9909555],[-16.4863081,15.9909574],[-16.486028,15.9912322],[-16.48603,15.991505],[-16.4854659,15.9915089],[-16.4854639,15.9912361],[-16.485744,15.9909613],[-16.4857379,15.9901429]]}},{"type":"Feature","properties":{"elevation":5.0},"geometry":{"type":"MultiLineString","coordinates":[[[-16.4868661,15.9901351],[-16.48714814902882,15.990133150006715]],[[-16.48714814902882,15.990133150006715],[-16.4874302,15.9901312],[-16.4871482,15.9901331],[-16.48714814902882,15.990133150006715]],[[-16.48714814902882,15.990133150006715],[-16.4868681,15.9904079],[-16.4868661,15.9901351]]]}},{"type":"Feature","properties":{"elevation":0.0},"geometry":{"type":"LineString","coordinates":[[-16.4817862,15.9897609],[-16.4816462,15.9898983],[-16.4817882,15.9900337],[-16.4819282,15.9898963],[-16.4817862,15.9897609]]}},{"type":"Feature","properties":{"elevation":0.0},"geometry":{"type":"LineString","coordinates":[[-16.4769913,15.9897939],[-16.4767103,15.9899322],[-16.4769943,15.9902031],[-16.4772744,15.9899283],[-16.4769913,15.9897939]]}},{"type":"Feature","properties":{"elevation":0.0},"geometry":{"type":"LineString","coordinates":[[-16.4750139,15.9893982],[-16.4748749,15.989672],[-16.4750169,15.9898074],[-16.475299,15.9898055],[-16.4755831,15.9900764],[-16.4758641,15.989938],[-16.475296,15.9893962],[-16.4750139,15.9893982]]}},{"type":"Feature","properties":{"elevation":5.0},"geometry":{"type":"LineString","coordinates":[[-16.4828194,15.9896173],[-16.4829127,15.9895257],[-16.4831944,15.9894783],[-16.4832894,15.9896141],[-16.4831961,15.9897057],[-16.4829141,15.9897076],[-16.4828194,15.9896173]]}},{"type":"Feature","properties":{"elevation":0.0},"geometry":{"type":"LineString","coordinates":[[-16.4702171,15.9891582],[-16.470078,15.989432],[-16.469798,15.9897067],[-16.4696589,15.9899805],[-16.4696609,15.9902534],[-16.4699443,15.9904333],[-16.470227,15.9905223],[-16.4705061,15.9901112],[-16.4706461,15.9899738],[-16.4706421,15.9894281],[-16.4704991,15.9891563],[-16.4702171,15.9891582]]}},{"type":"Feature","properties":{"elevation":0.0},"geometry":{"type":"LineString","coordinates":[[-16.4767032,15.9889773],[-16.4764222,15.9891157],[-16.4767063,15.9893866],[-16.4769863,15.9891118],[-16.4767032,15.9889773]]}},{"type":"Feature","properties":{"elevation":0.0},"geometry":{"type":"LineString","coordinates":[[-16.4738797,15.9885874],[-16.4735997,15.9888622],[-16.4736017,15.989135],[-16.4735097,15.9894085],[-16.4736057,15.9896807],[-16.4738877,15.9896787],[-16.4740268,15.9894049],[-16.4743068,15.9891302],[-16.4743048,15.9888574],[-16.4741618,15.9885855],[-16.4738797,15.9885874]]}},{"type":"Feature","properties":{"elevation":5.0},"geometry":{"type":"LineString","coordinates":[[-16.4848817,15.9887846],[-16.4848857,15.9893302],[-16.4848837,15.9890574],[-16.4848817,15.9887846]]}},{"type":"Feature","properties":{"elevation":0.0},"geometry":{"type":"LineString","coordinates":[[-16.4961609,15.9883426],[-16.4958796,15.9884355],[-16.4961636,15.9887063],[-16.4963026,15.9884325],[-16.4961609,15.9883426]]}},{"type":"Feature","properties":{"elevation":5.0},"geometry":{"type":"LineString","coordinates":[[-16.4707772,15.9886087],[-16.4710612,15.9888796],[-16.4707798,15.9889724],[-16.4706852,15.9888821],[-16.4707772,15.9886087]]}},{"type":"Feature","properties":{"elevation":5.0},"geometry":{"type":"LineString","coordinates":[[-16.4766982,15.9882952],[-16.4769793,15.9881569],[-16.4772623,15.9882914],[-16.4769823,15.9885661],[-16.4766982,15.9882952]]}},{"type":"Feature","properties":{"elevation":0.0},"geometry":{"type":"LineString","coordinates":[[-16.4710544,15.987952],[-16.4709424,15.9880619],[-16.4709632,15.9883346],[-16.4713413,15.9886048],[-16.4716233,15.9886029],[-16.4719034,15.9883281],[-16.4710544,15.987952]]}},{"type":"Feature","properties":{"elevation":5.0},"geometry":{"type":"LineString","coordinates":[[-16.4785296,15.9880098],[-16.4786699,15.9879179],[-16.4787176,15.9880085],[-16.4787532,15.9882811],[-16.4786732,15.9883596],[-16.4783912,15.9883746],[-16.4782495,15.9882846],[-16.4785296,15.9880098]]}},{"type":"Feature","properties":{"elevation":0.0},"geometry":{"type":"LineString","coordinates":[[-16.4758468,15.9875735],[-16.475566,15.9877573],[-16.475287,15.9881685],[-16.475147,15.9883059],[-16.475149,15.9885787],[-16.475291,15.9887142],[-16.475572,15.9885758],[-16.4758521,15.9883011],[-16.4761328,15.9881172],[-16.4762262,15.9880256],[-16.4762712,15.9877525],[-16.4761291,15.9876171],[-16.4758468,15.9875735]]}},{"type":"Feature","properties":{"elevation":0.0},"geometry":{"type":"LineString","coordinates":[[-16.4735857,15.9869524],[-16.4733057,15.9872272],[-16.4735897,15.987498],[-16.4738697,15.9872233],[-16.4735857,15.9869524]]}},{"type":"Feature","properties":{"elevation":5.0},"geometry":{"type":"LineString","coordinates":[[-16.4707672,15.9872445],[-16.4710513,15.9875154],[-16.4707712,15.9877902],[-16.4705812,15.9875186],[-16.4707672,15.9872445]]}},{"type":"Feature","properties":{"elevation":5.0},"geometry":{"type":"Point","coordinates":[-16.48656189,15.987135909]}},{"type":"Feature","properties":{"elevation":0.0},"geometry":{"type":"LineString","coordinates":[[-16.4713273,15.986695],[-16.4710473,15.9869698],[-16.4713313,15.9872407],[-16.4716114,15.9869659],[-16.4713273,15.986695]]}},{"type":"Feature","properties":{"elevation":5.0},"geometry":{"type":"LineString","coordinates":[[-16.4766882,15.9869311],[-16.4769703,15.9869292],[-16.4771133,15.987201],[-16.4769743,15.9874748],[-16.4766922,15.9874768],[-16.4764082,15.9872059],[-16.4766882,15.9869311]]}},{"type":"Feature","properties":{"elevation":0.0},"geometry":{"type":"LineString","coordinates":[[-16.4854277,15.9863252],[-16.4852887,15.986599],[-16.4854317,15.9868709],[-16.4857157,15.9871418],[-16.4859938,15.9865942],[-16.4857097,15.9863233],[-16.4854277,15.9863252]]}},{"type":"Feature","properties":{"elevation":5.0},"geometry":{"type":"LineString","coordinates":[[-16.4972756,15.9865159],[-16.4975597,15.9867868],[-16.4972796,15.9870615],[-16.4973287,15.987334],[-16.4973307,15.9876069],[-16.4974268,15.987879],[-16.4975685,15.987969],[-16.4978508,15.9880125],[-16.4979929,15.9881479],[-16.4979479,15.9884211],[-16.4978549,15.9885582],[-16.4975749,15.9888329],[-16.4972928,15.9888349],[-16.4971508,15.9886995],[-16.4968647,15.9881558],[-16.4967227,15.9880204],[-16.4964403,15.9879769],[-16.4961575,15.9878879],[-16.4955935,15.9878918],[-16.4955914,15.987619],[-16.4958735,15.987617],[-16.4967135,15.9867926],[-16.4969956,15.9867907],[-16.4972756,15.9865159]]}},{"type":"Feature","properties":{"elevation":0.0},"geometry":{"type":"LineString","coordinates":[[-16.4978326,15.9855571],[-16.4975515,15.9856954],[-16.4976946,15.9859673],[-16.4978366,15.9861027],[-16.4979766,15.9859653],[-16.4980216,15.9856922],[-16.4978326,15.9855571]]}},{"type":"Feature","properties":{"elevation":5.0},"geometry":{"type":"LineString","coordinates":[[-16.4899303,15.9849299],[-16.4896503,15.9852047],[-16.4899363,15.9857483],[-16.4902204,15.9860192],[-16.4905025,15.9860173],[-16.4910625,15.9854677],[-16.4904944,15.984926],[-16.4899303,15.9849299]]}},{"type":"Feature","properties":{"elevation":5.0},"geometry":{"type":"LineString","coordinates":[[-16.4978254,15.9846022],[-16.4978745,15.9848747],[-16.4978765,15.9851475],[-16.49783,15.985216],[-16.4975488,15.9853317],[-16.4969874,15.9856994],[-16.4967054,15.9857013],[-16.4967013,15.9851557],[-16.4969814,15.9848809],[-16.4972624,15.9847425],[-16.4975441,15.9846951],[-16.4978254,15.9846022]]}},{"type":"Feature","properties":{"elevation":0.0},"geometry":{"type":"LineString","coordinates":[[-16.495284,15.9842106],[-16.495144,15.984348],[-16.4952871,15.9846198],[-16.4955691,15.9846179],[-16.4958491,15.9843431],[-16.4955651,15.9840722],[-16.495284,15.9842106]]}},{"type":"Feature","properties":{"elevation":0.0},"geometry":{"type":"LineString","coordinates":[[-16.4769502,15.9842009],[-16.4766702,15.9844757],[-16.4769543,15.9847465],[-16.4775163,15.9844698],[-16.4772323,15.984199],[-16.4769502,15.9842009]]}},{"type":"Feature","properties":{"elevation":0.0},"geometry":{"type":"LineString","coordinates":[[-16.4961251,15.9835227],[-16.4958451,15.9837974],[-16.4958471,15.9840703],[-16.4961302,15.9842047],[-16.4962232,15.9840677],[-16.4964098,15.9838845],[-16.4966912,15.9837916],[-16.4961251,15.9835227]]}},{"type":"Feature","properties":{"elevation":5.0},"geometry":{"type":"LineString","coordinates":[[-16.4902022,15.9835638],[-16.4904843,15.9835618],[-16.4904863,15.9838347],[-16.4902022,15.9835638]]}},{"type":"Feature","properties":{"elevation":0.0},"geometry":{"type":"LineString","coordinates":[[-16.4944207,15.9818975],[-16.4941407,15.9821723],[-16.4944234,15.9822612],[-16.4947047,15.9821683],[-16.4944207,15.9818975]]}},{"type":"Feature","properties":{"elevation":5.0},"geometry":{"type":"MultiLineString","coordinates":[[[-16.4930085,15.9816344],[-16.4932905,15.9816325],[-16.4935746,15.9819033],[-16.4935786,15.982449],[-16.4932986,15.9827238],[-16.4933087,15.9840879],[-16.4927487,15.9846375],[-16.4921846,15.9846414],[-16.4919046,15.9849162],[-16.4919066,15.985189],[-16.4921907,15.9854599],[-16.4924727,15.9854579],[-16.4927541,15.985365],[-16.4930348,15.9851812],[-16.4935989,15.9851773],[-16.4936009,15.9854501],[-16.4927608,15.9862744],[-16.4921967,15.9862784],[-16.4919167,15.9865531],[-16.4919187,15.986826],[-16.4922018,15.9869604],[-16.4923438,15.9870959],[-16.4924869,15.9873677],[-16.4923479,15.9876415],[-16.4923499,15.9879143],[-16.492493,15.9881862],[-16.492495,15.988459],[-16.4930631,15.9890007],[-16.4925031,15.9895503],[-16.4925071,15.990096],[-16.4922271,15.9903707],[-16.4919451,15.9903727],[-16.491661,15.9901018],[-16.4913789,15.9901038],[-16.4912399,15.9903776],[-16.4912419,15.9906504],[-16.4911029,15.9909242],[-16.491109,15.9917427],[-16.4916772,15.9922844],[-16.4916792,15.9925573],[-16.4918222,15.9928291],[-16.4916832,15.9931029],[-16.4916853,15.9933758],[-16.4911252,15.9939253],[-16.4911333,15.9950166],[-16.4908533,15.9952914],[-16.4905712,15.9952934],[-16.4902912,15.9955681],[-16.4902932,15.995841],[-16.4908613,15.9963827],[-16.4908694,15.997474],[-16.4911535,15.9977449],[-16.4911596,15.9985634],[-16.4905995,15.9991129],[-16.4906015,15.9993858],[-16.4907446,15.9996576],[-16.4906056,15.9999314],[-16.4900435,16.0002081],[-16.4900415,15.9999353],[-16.4898984,15.9996635],[-16.4900374,15.9993897],[-16.4905975,15.9988401],[-16.4897452,15.9980275],[-16.4896022,15.9977556],[-16.4897412,15.9974818],[-16.4897372,15.9969362],[-16.4898762,15.9966624],[-16.4897331,15.9963905],[-16.4897311,15.9961177],[-16.489448,15.9959832],[-16.489167,15.9961216],[-16.4888829,15.9958507],[-16.4883228,15.9964003],[-16.4883248,15.9966731],[-16.4886089,15.996944],[-16.488891,15.9969421],[-16.488893,15.9972149],[-16.488615,15.9977625],[-16.4883349,15.9980373],[-16.4880519,15.9979028],[-16.4879118,15.9980402],[-16.4880549,15.998312],[-16.488065,15.9996762],[-16.4877849,15.999951],[-16.487787,16.0002238],[-16.488071,16.0004947],[-16.4880751,16.0010403],[-16.4883592,16.0013112],[-16.4886412,16.0013092],[-16.4889253,16.0015801],[-16.4886453,16.0018549],[-16.4883632,16.0018568],[-16.4880832,16.0021316],[-16.4880852,16.0024044],[-16.4883693,16.0026753],[-16.4886513,16.0026734],[-16.4889354,16.0029442],[-16.4889375,16.0032171],[-16.4892215,16.0034879],[-16.4897857,16.003484],[-16.4900698,16.0037549],[-16.4903518,16.0037529],[-16.4906359,16.0040238],[-16.490916,16.003749],[-16.4906319,16.0034781],[-16.4909119,16.0032034],[-16.4909099,16.0029305],[-16.4911879,16.0023829],[-16.49147,16.002381],[-16.4916131,16.0026528],[-16.4916151,16.0029256],[-16.4914761,16.0031994],[-16.4914781,16.0034723],[-16.4917622,16.0037431],[-16.4917642,16.004016],[-16.4912001,16.0040199],[-16.49092,16.0042947],[-16.4909221,16.0045675],[-16.490362,16.0051171],[-16.490364,16.0053899],[-16.4898039,16.0059394],[-16.48981,16.0067579],[-16.4895259,16.0064871],[-16.4892438,16.006489],[-16.4889637,16.0067638],[-16.4889678,16.0073094],[-16.4898201,16.0081221],[-16.4901001,16.0078473],[-16.4903842,16.0081181],[-16.4901021,16.0081201],[-16.489542,16.0086697],[-16.4898261,16.0089405],[-16.4903903,16.0089366],[-16.4903943,16.0094823],[-16.4901123,16.0094842],[-16.4898282,16.0092134],[-16.4895481,16.0094881],[-16.4895522,16.0100338],[-16.4897422,16.0103053],[-16.4898369,16.0103956],[-16.4901197,16.0104846],[-16.4904014,16.0104372],[-16.4908215,16.010025],[-16.4909605,16.0097512],[-16.4915247,16.0097473],[-16.4918078,16.0098817],[-16.4920888,16.0097433],[-16.4923689,16.0094686],[-16.4922258,16.0091967],[-16.4922238,16.0089239],[-16.4921748,16.0086514],[-16.4922197,16.0083782],[-16.4923587,16.0081044],[-16.4923567,16.0078316],[-16.4920706,16.0072879],[-16.4917865,16.007017],[-16.4915024,16.0067462],[-16.4912203,16.0067481],[-16.4912163,16.0062025],[-16.4909322,16.0059316],[-16.4909281,16.005386],[-16.4917804,16.0061986],[-16.4920625,16.0061966],[-16.4923425,16.0059218],[-16.4923365,16.0051033],[-16.4926165,16.0048286],[-16.4928986,16.0048266],[-16.4934587,16.004277],[-16.4931746,16.0040062],[-16.4931705,16.0034605],[-16.4926023,16.0029188],[-16.4931665,16.0029149],[-16.4934506,16.0031857],[-16.4937306,16.0029109],[-16.4942927,16.0026342],[-16.4942886,16.0020885],[-16.4940045,16.0018177],[-16.4940005,16.001272],[-16.4937164,16.0010012],[-16.4934364,16.0012759],[-16.4931543,16.0012779],[-16.4931523,16.0010051],[-16.4934323,16.0007303],[-16.4934262,15.9999118],[-16.4937063,15.999637],[-16.492854,15.9988244],[-16.4922899,15.9988284],[-16.4921468,15.9985565],[-16.4922868,15.9984191],[-16.492851,15.9984152],[-16.493134,15.9985496],[-16.4937022,15.9990914],[-16.4939822,15.9988166],[-16.4939762,15.9979981],[-16.4936921,15.9977273],[-16.493406,15.9971836],[-16.493686,15.9969088],[-16.4939691,15.9970432],[-16.4940641,15.997179],[-16.4941131,15.9974515],[-16.4939741,15.9977253],[-16.4942582,15.9979962],[-16.4942623,15.9985418],[-16.4945464,15.9988127],[-16.4948284,15.9988107],[-16.4951115,15.9989452],[-16.4953926,15.9988068],[-16.4956746,15.9988048],[-16.4959546,15.99853],[-16.4962326,15.9979824],[-16.4962266,15.9971639],[-16.4965066,15.9968892],[-16.4965005,15.9960707],[-16.4966395,15.9957969],[-16.4964964,15.995525],[-16.4964944,15.9952522],[-16.4962103,15.9949813],[-16.4963493,15.9947075],[-16.4964897,15.9946156],[-16.4967714,15.9945682],[-16.4969114,15.9944308],[-16.4970504,15.994157],[-16.4970484,15.9938841],[-16.4967643,15.9936133],[-16.4967622,15.9933405],[-16.4970423,15.9930657],[-16.4970443,15.9933385],[-16.4973754,15.993609],[-16.4973304,15.9938822],[-16.4973324,15.994155],[-16.4976165,15.9944259],[-16.4977146,15.9949709],[-16.4977187,15.9955165],[-16.4976267,15.99579],[-16.4973456,15.9959284],[-16.4972056,15.9960658],[-16.4970666,15.9963396],[-16.4973507,15.9966104],[-16.4976308,15.9963356],[-16.4976328,15.9966085],[-16.4973528,15.9968833],[-16.4973609,15.9979746],[-16.4974099,15.9982471],[-16.4973639,15.9983838],[-16.4970829,15.9985222],[-16.4969439,15.998796],[-16.497087,15.9990678],[-16.497371,15.9993387],[-16.4975141,15.9996105],[-16.4973751,15.9998843],[-16.4972831,16.0001578],[-16.4972852,16.0004306],[-16.4973812,16.0007028],[-16.4976633,16.0007008],[-16.4976653,16.0009737],[-16.4971012,16.0009776],[-16.4962611,16.001802],[-16.4962631,16.0020748],[-16.4965472,16.0023457],[-16.4965492,16.0026185],[-16.4968354,16.0031622],[-16.4971174,16.0031602],[-16.4968374,16.003435],[-16.4962753,16.0037117],[-16.4965594,16.0039826],[-16.4966555,16.0042548],[-16.4965635,16.0045283],[-16.4964245,16.0048021],[-16.4965675,16.0050739],[-16.4968516,16.0053448],[-16.4962875,16.0053487],[-16.4960064,16.0054871],[-16.4959134,16.0056241],[-16.4960095,16.0058963],[-16.4962936,16.0061672],[-16.4962956,16.00644],[-16.4960115,16.0061691],[-16.4957294,16.0061711],[-16.4954494,16.0064459],[-16.4954514,16.0067187],[-16.4957355,16.0069896],[-16.4960176,16.0069876],[-16.4963007,16.0071221],[-16.4964427,16.0072575],[-16.4964448,16.0075303],[-16.4963048,16.0076677],[-16.496023,16.0077152],[-16.4958827,16.0078071],[-16.4958847,16.0080799],[-16.4957457,16.0083537],[-16.4957518,16.0091722],[-16.49632,16.0097139],[-16.4966021,16.0097119],[-16.4968862,16.0099828],[-16.4969822,16.010255],[-16.4969843,16.0105278],[-16.4971744,16.0107993],[-16.4968943,16.0110741],[-16.4963261,16.0105324],[-16.4957599,16.0102635],[-16.4954799,16.0105383],[-16.4954819,16.0108111],[-16.495766,16.011082],[-16.4957721,16.0119004],[-16.4960562,16.0121713],[-16.4960623,16.0129898],[-16.4959233,16.0132636],[-16.4960664,16.0135354],[-16.4966305,16.0135315],[-16.4966326,16.0138043],[-16.4963505,16.0138063],[-16.4962115,16.0140801],[-16.4961665,16.0143532],[-16.4960745,16.0146267],[-16.4960765,16.0148995],[-16.4963606,16.0151704],[-16.4966427,16.0151684],[-16.4969207,16.0146208],[-16.4972008,16.014346],[-16.4974815,16.0141622],[-16.4977629,16.0140693],[-16.498044,16.0139309],[-16.4983271,16.0140653],[-16.4986092,16.0140634],[-16.4986112,16.0143362],[-16.4988953,16.014607],[-16.4986133,16.014609],[-16.4983291,16.0143382],[-16.498047,16.0143401],[-16.497861,16.0146143],[-16.497769,16.0148877],[-16.4977711,16.0151606],[-16.4979141,16.0154324],[-16.4979162,16.0157052],[-16.4980593,16.0159771],[-16.4983403,16.0158387],[-16.4986207,16.0156094],[-16.4989028,16.0156074],[-16.4994656,16.0154216],[-16.4994595,16.0146031],[-16.4997416,16.0146011],[-16.4997436,16.014874],[-16.5000277,16.0151448],[-16.5001104,16.0154171],[-16.4997497,16.0156924],[-16.4995503,16.0159667],[-16.4994738,16.0165129],[-16.4991937,16.0167877],[-16.4986295,16.0167916],[-16.4984905,16.0170654],[-16.4983505,16.0172028],[-16.4980694,16.0173412],[-16.4975053,16.0173451],[-16.4969452,16.0178947],[-16.4972293,16.0181656],[-16.497512,16.0182545],[-16.4977941,16.0182526],[-16.4979365,16.0184335],[-16.4980796,16.0187053],[-16.4980817,16.0189781],[-16.4978016,16.0192529],[-16.4975202,16.0193458],[-16.4972374,16.0192569],[-16.4969574,16.0195317],[-16.4969594,16.0198045],[-16.4966773,16.0198065],[-16.4966753,16.0195336],[-16.4963911,16.0192628],[-16.4955449,16.0192687],[-16.4949827,16.0195454],[-16.4947027,16.0198202],[-16.4944206,16.0198222],[-16.4938544,16.0195533],[-16.4935743,16.0198281],[-16.4935784,16.0203737],[-16.4930142,16.0203777],[-16.4928711,16.0201058],[-16.4930101,16.019832],[-16.492726,16.0195611],[-16.4924439,16.0195631],[-16.4921638,16.0198379],[-16.4921679,16.0203835],[-16.4918878,16.0206583],[-16.4924561,16.0212001],[-16.4927382,16.0211981],[-16.4930182,16.0209233],[-16.4933024,16.0211942],[-16.4930223,16.021469],[-16.4933064,16.0217398],[-16.4935885,16.0217379],[-16.4938726,16.0220087],[-16.4944368,16.0220048],[-16.4947169,16.02173],[-16.4952811,16.0217261],[-16.4955611,16.0214513],[-16.4961253,16.0214473],[-16.4964054,16.0211726],[-16.4964033,16.0208997],[-16.4961192,16.0206289],[-16.495555,16.0206328],[-16.4952709,16.0203619],[-16.495551,16.0200872],[-16.4958351,16.020358],[-16.4963993,16.0203541],[-16.4966834,16.0206249],[-16.4978118,16.0206171],[-16.4972517,16.0211666],[-16.4972537,16.0214395],[-16.4975378,16.0217103],[-16.4975399,16.0219832],[-16.4972598,16.0222579],[-16.4972618,16.0225308],[-16.497546,16.0228016],[-16.497548,16.0230745],[-16.4969879,16.023624],[-16.497272,16.0238949],[-16.4975541,16.0238929],[-16.4978382,16.0241638],[-16.4981203,16.0241618],[-16.4984045,16.0244327],[-16.4986845,16.0241579],[-16.4986906,16.0249763],[-16.4989748,16.0252472],[-16.4984147,16.0257968],[-16.4985577,16.0260686],[-16.4984658,16.0263421],[-16.4984208,16.0266153],[-16.4972951,16.0269869],[-16.4970143,16.0271708],[-16.4964542,16.0277203],[-16.4958859,16.0271786],[-16.4956059,16.0274534],[-16.4956079,16.0277262],[-16.4953278,16.028001],[-16.495612,16.0282719],[-16.4961762,16.028268],[-16.4964623,16.0288116],[-16.4961823,16.0290864],[-16.4961843,16.0293593],[-16.4962804,16.0296314],[-16.4961884,16.0299049],[-16.4959022,16.0293612],[-16.495338,16.0293652],[-16.4950579,16.02964],[-16.495062,16.0301856],[-16.4947802,16.030233],[-16.4944978,16.0301895],[-16.4942157,16.0301915],[-16.4942136,16.0299187],[-16.4944937,16.0296439],[-16.4947718,16.0290963],[-16.4950518,16.0288215],[-16.4947677,16.0285506],[-16.4939214,16.0285565],[-16.4933612,16.0291061],[-16.4933633,16.0293789],[-16.4930832,16.0296537],[-16.4936515,16.0301954],[-16.4933714,16.0304702],[-16.4930893,16.0304722],[-16.4928092,16.030747],[-16.492247,16.0310237],[-16.4919669,16.0312985],[-16.4922501,16.031433],[-16.4925325,16.0314765],[-16.4925802,16.0315671],[-16.4925335,16.0316129],[-16.4922514,16.0316148],[-16.4920964,16.0318433],[-16.4919719,16.0319654],[-16.4915478,16.0318471],[-16.4916869,16.0315733],[-16.4914027,16.0313024],[-16.4908426,16.031852],[-16.4908466,16.0323977],[-16.4907204,16.0326714],[-16.4906939,16.0329444],[-16.4905695,16.0330665],[-16.4902872,16.0330495],[-16.4900749,16.0329487],[-16.4900033,16.0328128],[-16.4897202,16.0326783],[-16.4894391,16.0328167],[-16.489156,16.0326822],[-16.4888718,16.0324114],[-16.4885897,16.0324133],[-16.4884507,16.0326871],[-16.4884527,16.03296],[-16.4885958,16.0332318],[-16.4877555,16.0340562],[-16.4877576,16.034329],[-16.4874775,16.0346038],[-16.4874815,16.0351494],[-16.4871974,16.0348786],[-16.4866332,16.0348825],[-16.486349,16.0346116],[-16.486347,16.0343388],[-16.4869072,16.0337892],[-16.4863389,16.0332475],[-16.4860588,16.0335222],[-16.4854946,16.0335262],[-16.4857747,16.0332514],[-16.4856316,16.0329795],[-16.4856296,16.0327067],[-16.4857686,16.0324329],[-16.4857646,16.0318872],[-16.4860427,16.0313396],[-16.4854744,16.0307979],[-16.4851923,16.0307998],[-16.4851903,16.030527],[-16.4849061,16.0302561],[-16.4843419,16.0302601],[-16.4840608,16.0303984],[-16.4837791,16.0304458],[-16.4834956,16.0302659],[-16.4833525,16.0299941],[-16.4834916,16.0297203],[-16.4832074,16.0294494],[-16.4829263,16.0295877],[-16.4827843,16.0294523],[-16.4830644,16.0291775],[-16.4834815,16.0283561],[-16.4840497,16.0288979],[-16.484896,16.028892],[-16.4851761,16.0286172],[-16.484892,16.0283464],[-16.48489,16.0280735],[-16.4851711,16.0279352],[-16.4853111,16.0277978],[-16.4854502,16.027524],[-16.485166,16.0272531],[-16.4848839,16.0272551],[-16.4846038,16.0275298],[-16.4843217,16.0275318],[-16.4843197,16.027259],[-16.4840356,16.0269881],[-16.4837528,16.0268991],[-16.4834714,16.026992],[-16.4829112,16.0275415],[-16.4829052,16.0267231],[-16.4826211,16.0264522],[-16.4820569,16.0264561],[-16.4817727,16.0261852],[-16.481490651325966,16.026187149645214]],[[-16.481490651325966,16.026187149645214],[-16.481490547941068,16.026187150359856]],[[-16.481490547941068,16.026187150359856],[-16.4806443,16.026193],[-16.4809244,16.0259182],[-16.4809224,16.0256454]],[[-16.4809224,16.0256454],[-16.4806383,16.0253745],[-16.4806343,16.0248289],[-16.4809184,16.0250998],[-16.4809224,16.0256454]],[[-16.4809224,16.0256454],[-16.481490547941068,16.026187150359856]],[[-16.481490547941068,16.026187150359856],[-16.4814906,16.0261872],[-16.481490651325966,16.026187149645214]],[[-16.481490651325966,16.026187149645214],[-16.4817707,16.0259124],[-16.4817667,16.0253667],[-16.4820488,16.0253648],[-16.4823329,16.0256357],[-16.482615,16.0256337],[-16.4828991,16.0259046],[-16.4831853,16.0264483],[-16.4834674,16.0264463],[-16.4837475,16.0261716],[-16.4837454,16.0258987],[-16.4834613,16.0256279],[-16.4837414,16.0253531],[-16.4840245,16.0254875],[-16.4843063,16.0254401],[-16.4844467,16.0253482],[-16.4845857,16.0250744],[-16.4848658,16.0247996],[-16.4848637,16.0245268],[-16.4845796,16.0242559],[-16.4842975,16.0242579],[-16.4840134,16.023987],[-16.4842935,16.0237122],[-16.4845776,16.0239831],[-16.4848597,16.0239811],[-16.4851438,16.024252],[-16.4854259,16.0242501],[-16.485706,16.0239753],[-16.4854199,16.0234316],[-16.4851358,16.0231607],[-16.4845716,16.0231646],[-16.4845675,16.022619],[-16.4842834,16.0223481],[-16.4842814,16.0220753],[-16.4845594,16.0215277],[-16.4848415,16.0215257],[-16.4849806,16.0212519],[-16.4849765,16.0207063],[-16.4848335,16.0204344],[-16.4845494,16.0201635],[-16.4842693,16.0204383],[-16.483423,16.0204442],[-16.4831389,16.0201733],[-16.483419,16.0198985],[-16.4837011,16.0198966],[-16.4839811,16.0196218],[-16.4839791,16.019349],[-16.483695,16.0190781],[-16.483693,16.0188053],[-16.483832,16.0185315],[-16.483689,16.0182596],[-16.4842491,16.01771],[-16.4843881,16.0174362],[-16.4843841,16.0168906],[-16.484241,16.0166187],[-16.484239,16.0163459],[-16.4845191,16.0160711],[-16.4850853,16.0163401],[-16.4853694,16.0166109],[-16.4856515,16.016609],[-16.4859316,16.0163342],[-16.4856454,16.0157905],[-16.4853633,16.0157925],[-16.4847951,16.0152507]],[[-16.4847951,16.0152507],[-16.484233,16.0155274],[-16.4839509,16.0155294],[-16.4839489,16.0152566],[-16.4836648,16.0149857],[-16.4833847,16.0152605],[-16.4835278,16.0155323],[-16.4835298,16.0158051],[-16.4836728,16.016077],[-16.4836769,16.0166226],[-16.4833968,16.0168974],[-16.4828286,16.0163557],[-16.4828246,16.01581],[-16.4831026,16.0152624],[-16.4839428,16.0144381],[-16.4839448,16.0147109],[-16.4842289,16.0149818],[-16.4847931,16.0149779],[-16.4847951,16.0152507]],[[-16.4847951,16.0152507],[-16.4850792,16.0155216],[-16.4853613,16.0155196],[-16.4856414,16.0152449],[-16.4856374,16.0146992],[-16.4861975,16.0141496],[-16.4860544,16.0138778],[-16.4860994,16.0136046],[-16.4860504,16.0133321],[-16.4860464,16.0127865],[-16.4859033,16.0125146],[-16.4859013,16.0122418],[-16.4864654,16.0122379],[-16.4866045,16.0119641],[-16.4868845,16.0116893],[-16.4870249,16.0115974],[-16.4873066,16.01155],[-16.4875877,16.0114116],[-16.4875857,16.0111388],[-16.4873016,16.0108679],[-16.4870215,16.0111427],[-16.4867384,16.0110082],[-16.4865964,16.0108728],[-16.4864533,16.0106009],[-16.4864493,16.0100553],[-16.4870134,16.0100514],[-16.4872935,16.0097766],[-16.4878556,16.0094999],[-16.4881357,16.0092251],[-16.4880397,16.0089529],[-16.4878496,16.0086814],[-16.4881296,16.0084066],[-16.4881276,16.0081338],[-16.4878435,16.0078629],[-16.4872794,16.0078668],[-16.4872753,16.0073212],[-16.4869912,16.0070503],[-16.4868482,16.0067785],[-16.4868441,16.0062328],[-16.4867011,16.0059609],[-16.4866991,16.0056881],[-16.4872632,16.0056842],[-16.4875433,16.0054094],[-16.4875412,16.0051366],[-16.4872572,16.0048657],[-16.4875372,16.004591],[-16.4875352,16.0043181],[-16.4878152,16.0040434],[-16.4878132,16.0037705],[-16.4875291,16.0034997],[-16.4875251,16.002954],[-16.487241,16.0026831],[-16.4866769,16.002687],[-16.4869569,16.0024123],[-16.4869549,16.0021394],[-16.487515,16.0015899],[-16.4872309,16.001319],[-16.4872289,16.0010462],[-16.4866607,16.0005044],[-16.4866587,16.0002316],[-16.4863746,15.9999607],[-16.4860915,15.9998263],[-16.4859495,15.9996908],[-16.4858065,15.999419],[-16.4869266,15.9983199],[-16.4866426,15.998049],[-16.4857964,15.9980548],[-16.4857944,15.997782],[-16.4860744,15.9975072],[-16.4863524,15.9969596],[-16.4860684,15.9966887],[-16.4852282,15.9975131],[-16.4849462,15.997515],[-16.4846601,15.9969713],[-16.4840919,15.9964296],[-16.4840818,15.9950654],[-16.4846419,15.9945159],[-16.484924,15.9945139],[-16.484926,15.9947868],[-16.484646,15.9950615],[-16.484648,15.9953344],[-16.4849321,15.9956052],[-16.4849341,15.9958781],[-16.484656,15.9964257],[-16.4849401,15.9966965],[-16.4852222,15.9966946],[-16.4855022,15.9964198],[-16.4857843,15.9964179],[-16.4860643,15.9961431],[-16.4860623,15.9958703],[-16.4866224,15.9953207],[-16.4866184,15.9947751],[-16.4868984,15.9945003],[-16.4868923,15.9936818],[-16.4860401,15.9928692],[-16.4860341,15.9920507],[-16.4863161,15.9920487],[-16.4865972,15.9919104],[-16.4868802,15.9920448],[-16.4871643,15.9923157],[-16.4874443,15.9920409],[-16.4877264,15.992039],[-16.4878694,15.9923108],[-16.4877304,15.9925846],[-16.4880165,15.9931283],[-16.4882986,15.9931264],[-16.4883006,15.9933992],[-16.4885847,15.9936701],[-16.4888667,15.9936681],[-16.4891468,15.9933934],[-16.4885786,15.9928516],[-16.4887176,15.9925778],[-16.4887156,15.992305],[-16.4888546,15.9920312],[-16.4891367,15.9920292],[-16.4894147,15.9914816],[-16.4891306,15.9912107],[-16.4888486,15.9912127],[-16.4888465,15.9909399],[-16.4899747,15.9909321],[-16.4905348,15.9903825],[-16.4905287,15.989564]],[[-16.4905287,15.989564],[-16.4902447,15.9892931],[-16.490244599125603,15.989293100715168]],[[-16.490244599125603,15.989293100715168],[-16.4899626,15.9892951],[-16.4896826,15.9895699],[-16.4894005,15.9895718],[-16.4893945,15.9887533],[-16.4891104,15.9884825],[-16.4891064,15.9879368],[-16.4893864,15.987662],[-16.4896705,15.9879329],[-16.4896765,15.9887514],[-16.490244599125603,15.989293100715168]],[[-16.490244599125603,15.989293100715168],[-16.4905287,15.989564]],[[-16.4905287,15.989564],[-16.4908088,15.9892892],[-16.4905247,15.9890184],[-16.4908047,15.9887436],[-16.4909437,15.9884698],[-16.4908007,15.9881979],[-16.4905166,15.9879271],[-16.4905146,15.9876542],[-16.4902305,15.9873834],[-16.4905105,15.9871086],[-16.4902245,15.9865649],[-16.4896604,15.9865688],[-16.4896563,15.9860231],[-16.4890882,15.9854814],[-16.4888082,15.9857562],[-16.4885261,15.9857581],[-16.4885241,15.9854853],[-16.4890842,15.9849357],[-16.4893662,15.9849338],[-16.4896462,15.984659],[-16.4899283,15.984657],[-16.4902123,15.9849279],[-16.4910585,15.984922],[-16.4918985,15.9840977],[-16.4924606,15.983821],[-16.4924586,15.9835481],[-16.4921745,15.9832773],[-16.4918925,15.9832792],[-16.4916124,15.983554],[-16.4916084,15.9830084],[-16.4918904,15.9830064],[-16.4921704,15.9827316],[-16.4924525,15.9827297],[-16.4930145,15.9824529],[-16.4930125,15.9821801],[-16.4931515,15.9819063],[-16.4930085,15.9816344]]]}},{"type":"Feature","properties":{"elevation":0.0},"geometry":{"type":"LineString","coordinates":[[-16.4958258,15.9812056],[-16.4956858,15.981343],[-16.4958288,15.9816148],[-16.4961109,15.9816129],[-16.4962499,15.9813391],[-16.4961082,15.9812491],[-16.4958258,15.9812056]]}},{"type":"Feature","properties":{"elevation":0.0},"geometry":{"type":"LineString","coordinates":[[-16.4963808,15.979974],[-16.4962888,15.9802474],[-16.4963838,15.9803832],[-16.4965238,15.9802458],[-16.4963808,15.979974]]}},{"type":"Feature","properties":{"elevation":5.0},"geometry":{"type":"LineString","coordinates":[[-16.493280385,15.980268348],[-16.493280386,15.980268348]]}},{"type":"Feature","properties":{"elevation":0.0},"geometry":{"type":"LineString","coordinates":[[-16.4943944,15.9783507],[-16.4942554,15.9786245],[-16.4942574,15.9788974],[-16.494117,15.9789893],[-16.4939304,15.9791725],[-16.4941204,15.979444],[-16.4944038,15.9796239],[-16.4946845,15.9794401],[-16.4946825,15.9791672],[-16.4945394,15.9788954],[-16.4944904,15.9786229],[-16.4943944,15.9783507]]}},{"type":"Feature","properties":{"elevation":5.0},"geometry":{"type":"LineString","coordinates":[[-16.4952405,15.9783449],[-16.4952425,15.9786177]]}},{"type":"Feature","properties":{"elevation":0.0},"geometry":{"type":"LineString","coordinates":[[-16.4943832,15.9768502],[-16.4941022,15.9769886],[-16.4943852,15.977123],[-16.4945252,15.9769856],[-16.4943832,15.9768502]]}},{"type":"Feature","properties":{"elevation":0.0},"geometry":{"type":"LineString","coordinates":[[-16.4957913,15.9765676],[-16.4956513,15.976705],[-16.4960774,15.9771113],[-16.4963605,15.9772457],[-16.4966405,15.9769709],[-16.4963574,15.9768365],[-16.4960724,15.9764292],[-16.4957913,15.9765676]]}},{"type":"Feature","properties":{"elevation":5.0},"geometry":{"type":"MultiLineString","coordinates":[[[-16.511180811717825,15.99158018874823],[-16.5111347,15.9916029],[-16.5111367,15.9918757],[-16.5114208,15.9921465],[-16.512267,15.9921406],[-16.512269,15.9924134],[-16.511987,15.9924154],[-16.511848,15.9926892],[-16.51185,15.992962],[-16.5117111,15.9932358],[-16.5116191,15.9935093],[-16.5116211,15.9937821],[-16.5115292,15.9940556],[-16.5112257,15.9943306],[-16.5110632,15.9946046],[-16.5109733,15.9951509],[-16.5108813,15.9954244],[-16.5106013,15.9956992],[-16.5108874,15.9962428]],[[-16.5108874,15.9962428],[-16.5111675,15.995968],[-16.511449,15.9958978],[-16.5115905,15.9959651],[-16.5117336,15.9962369],[-16.5114522,15.9963298],[-16.5111695,15.9962409],[-16.5108874,15.9962428]],[[-16.5108874,15.9962428],[-16.5107485,15.9965167],[-16.5106085,15.9966541],[-16.5103274,15.9967925],[-16.5100413,15.9962488],[-16.5094751,15.9959799],[-16.509471,15.9954343],[-16.5097551,15.9957051],[-16.5100372,15.9957031],[-16.5103172,15.9954283],[-16.5103008,15.9932457],[-16.5100167,15.9929749],[-16.5097367,15.9932497],[-16.5094546,15.9932517],[-16.5091746,15.9935265],[-16.5091256,15.993254],[-16.5088885,15.9929828],[-16.5094505,15.992706],[-16.5094464,15.9921604],[-16.5088783,15.9916187],[-16.5091593,15.9914803],[-16.5094424,15.9916148],[-16.5097244,15.9916128],[-16.5094444,15.9918876],[-16.5097285,15.9921584],[-16.5097305,15.9924312],[-16.5102987,15.9929729],[-16.5105808,15.9929709],[-16.5107198,15.9926971],[-16.5107177,15.9924243],[-16.5105746,15.9921525],[-16.510570223635387,15.991565277961135]]]}},{"type":"Feature","properties":{"elevation":5.0},"geometry":{"type":"MultiLineString","coordinates":[[[-16.4955022,15.9756146],[-16.4957842,15.9756127],[-16.4959273,15.9758845],[-16.4957873,15.9760219],[-16.4955063,15.9761603],[-16.4952242,15.9761622]],[[-16.4952242,15.9761622],[-16.4949442,15.976437],[-16.4946602,15.9761662]],[[-16.4946602,15.9761662],[-16.4943802,15.9764409],[-16.4940981,15.9764429],[-16.494015863418106,15.976325388252718]],[[-16.494357857782813,15.97609210224307],[-16.4943776,15.9760999],[-16.4946602,15.9761662]],[[-16.4946602,15.9761662],[-16.4952242,15.9761622]],[[-16.4952242,15.9761622],[-16.4955042,15.9758875],[-16.4955022,15.9756146]]]}},{"type":"Feature","properties":{"elevation":5.0},"geometry":{"type":"MultiLineString","coordinates":[[[-16.451260709189587,16.015783812669692],[-16.4515126,16.016024],[-16.4517947,16.0160221],[-16.4520788,16.016293],[-16.4522688,16.0165646],[-16.4522238,16.0168377],[-16.4518966,16.0171128],[-16.4518046,16.0173863],[-16.4506762,16.0173939],[-16.4506742,16.0171211],[-16.4512384,16.0171172],[-16.4515185,16.0168425],[-16.4512345,16.0165716],[-16.4506703,16.0165754],[-16.4505273,16.0163035],[-16.4503852,16.0161681],[-16.450303334364783,16.016168651381452]],[[-16.446863921358336,16.01755120211949],[-16.447295,16.0179624],[-16.447438,16.0182343],[-16.44758,16.0183697],[-16.4481442,16.0183659],[-16.4482863,16.0185014],[-16.4482882,16.0187742],[-16.4481482,16.0189116],[-16.4478671,16.0190499],[-16.447869,16.0193228],[-16.448012,16.0195946],[-16.4482491,16.0198659],[-16.4482981,16.0201384],[-16.4484411,16.0204103],[-16.4487232,16.0204084],[-16.4487252,16.0206812],[-16.4490092,16.0209521],[-16.4495715,16.0206755],[-16.4501317,16.020126],[-16.4504158,16.0203969],[-16.4501357,16.0206717],[-16.4502317,16.0209439],[-16.4501383,16.0210354],[-16.4498575,16.0212192],[-16.4495764,16.0213576],[-16.4494833,16.0214946],[-16.4494853,16.0217674],[-16.4496753,16.022039],[-16.4497243,16.0223115],[-16.4495852,16.0225853],[-16.4495912,16.0234038],[-16.449027,16.0234076],[-16.4488879,16.0236814],[-16.4488898,16.0239542],[-16.4490329,16.0242261],[-16.4490348,16.0244989],[-16.4493189,16.0247698],[-16.4496,16.0246315],[-16.4498802,16.0243568],[-16.4501613,16.0242185],[-16.4504454,16.0244894],[-16.4504473,16.0247622],[-16.4501672,16.025037],[-16.4498851,16.0250389],[-16.449604,16.0251772],[-16.4493209,16.0250427],[-16.4487606,16.0255921],[-16.4487705,16.0269563],[-16.4490545,16.0272272],[-16.4493366,16.0272253],[-16.449342524922766,16.02804376433102]],[[-16.449342524922766,16.02804376433102],[-16.4493445,16.0283166],[-16.4493426,16.0280438],[-16.449342524922766,16.02804376433102]],[[-16.449342524922766,16.02804376433102],[-16.4487764,16.0277748],[-16.4487744,16.027502],[-16.4484903,16.027231],[-16.4482082,16.0272329],[-16.4480652,16.0269611],[-16.4482043,16.0266873],[-16.4481984,16.0258688],[-16.4479153,16.0257343],[-16.4476342,16.0258726],[-16.4476381,16.0264183],[-16.447452,16.0266924],[-16.4473599,16.0269658],[-16.4470798,16.0272406],[-16.4473639,16.0275115],[-16.4479281,16.0275077],[-16.4482122,16.0277786],[-16.447932,16.0280533],[-16.4482161,16.0283243],[-16.4482181,16.0285971],[-16.4485021,16.028868],[-16.4485061,16.0294137],[-16.448222,16.0291428],[-16.4479399,16.0291447],[-16.4476558,16.0288737],[-16.4473757,16.0291485],[-16.4479438,16.0296903],[-16.4482259,16.0296884],[-16.4482279,16.0299612],[-16.4476637,16.0299651],[-16.4473806,16.0298305],[-16.4470995,16.0299689]],[[-16.4470995,16.0299689],[-16.4473835,16.0302398],[-16.4473875,16.0307854],[-16.4465411,16.0307912],[-16.446261,16.0310659]],[[-16.446261,16.0310659],[-16.446262949819044,16.031338724680037]],[[-16.446262949819044,16.031338724680037],[-16.4462649,16.0316116],[-16.446548,16.0317461],[-16.4468331,16.0321534],[-16.4471159,16.0322424],[-16.4473993,16.0324224],[-16.4473072,16.0326959],[-16.4471211,16.03297],[-16.4474052,16.0332409],[-16.4474072,16.0335138]],[[-16.4474072,16.0335138],[-16.4476912,16.0337847]],[[-16.4476912,16.0337847],[-16.4482535,16.033508],[-16.4485356,16.0335061],[-16.4485396,16.0340518],[-16.4484005,16.0343256],[-16.4482604,16.0344629],[-16.4479783,16.0344649],[-16.4476952,16.0343303],[-16.4474131,16.0343322],[-16.4474111,16.0340594],[-16.4476912,16.0337847]],[[-16.4474072,16.0335138],[-16.4468449,16.0337904],[-16.4462846,16.0343399]],[[-16.4462846,16.0343399],[-16.4462866,16.0346127],[-16.4460064,16.0348874],[-16.4460044,16.0346146],[-16.4462846,16.0343399]],[[-16.4462846,16.0343399],[-16.4462748,16.0329757],[-16.4464139,16.0327019],[-16.4462708,16.03243],[-16.4459867,16.0321591],[-16.4458437,16.0318872],[-16.4458418,16.0316144],[-16.4459818,16.031477],[-16.446262949819044,16.031338724680037]],[[-16.446262949819044,16.031338724680037],[-16.446263,16.0313387],[-16.446261,16.0310659]],[[-16.446261,16.0310659],[-16.4456928,16.030524],[-16.4456909,16.0302512],[-16.4454068,16.0299803],[-16.4462531,16.0299746],[-16.4465372,16.0302455],[-16.4468193,16.0302436],[-16.4470995,16.0299689]],[[-16.4470995,16.0299689],[-16.4468154,16.0296979],[-16.4468114,16.0291523],[-16.446527400000004,16.0288813]],[[-16.446527400000004,16.0288813],[-16.4465274,16.0288813],[-16.446527399999997,16.028881300000002]],[[-16.446527399999997,16.028881300000002],[-16.4462472,16.0291561],[-16.4462453,16.0288832],[-16.446527399999997,16.028881300000002]],[[-16.446527399999997,16.028881300000002],[-16.446527400000004,16.0288813]],[[-16.446527400000004,16.0288813],[-16.4468095,16.0288794],[-16.4470877,16.0283319],[-16.4470857,16.028059],[-16.4472248,16.0277853],[-16.4470817,16.0275134],[-16.4465175,16.0275172],[-16.4462335,16.0272463],[-16.4462276,16.0264278],[-16.4465077,16.026153],[-16.4465057,16.0258802],[-16.4462217,16.0256093],[-16.4456614,16.0261587],[-16.4453793,16.0261606],[-16.4450981,16.026299],[-16.4449581,16.0264363],[-16.4451011,16.0267082],[-16.4451031,16.026981],[-16.4448249,16.0275286],[-16.4448268,16.0278014],[-16.4451109,16.0280724],[-16.4451148,16.028618],[-16.4448327,16.0286199],[-16.4445526,16.0288946],[-16.4448386,16.0294384],[-16.4448406,16.0297112],[-16.4445605,16.029986],[-16.4445644,16.0305316],[-16.4448485,16.0308026],[-16.4448504,16.0310754],[-16.4445693,16.0312137],[-16.4444292,16.0313511],[-16.4445722,16.031623],[-16.4448544,16.0316211],[-16.4451384,16.031892],[-16.4449711,16.032166],[-16.4449543,16.0324389],[-16.4448622,16.0327124],[-16.4449582,16.0329846],[-16.4451483,16.0332561],[-16.4451502,16.033529],[-16.4448661,16.033258],[-16.444584,16.0332599],[-16.4443039,16.0335347],[-16.4443078,16.0340803],[-16.4445909,16.0342149],[-16.4447329,16.0343503],[-16.4445939,16.0346241],[-16.4443117,16.034626],[-16.4440277,16.0343551],[-16.4434634,16.0343589],[-16.4431819,16.0344517],[-16.4429002,16.0344991],[-16.442619,16.0346374],[-16.4423389,16.0349121],[-16.4420548,16.0346412],[-16.4417727,16.0346431],[-16.4417506512648,16.03460119121915]]]}}]}