{"type":"FeatureCollection","name":"transport-route-acces.geojson","features":[{"type":"Feature","properties":{"full_id":"w187879271","osm_id":"187879271","osm_type":"way","Type de vo":"service","Niveau":null,"Pont":null,"Tyoe de pi":null,"État de s":null,"Vitesse ":null,"Référenc":null,"Nom":null,"Éclairage":null,"Sans issue":null,"Intersecti":null,"Nombre de ":null,"Accès":null,"surface":"asphalte","Service":null,"Sens uniqu":null},"geometry":{"type":"LineString","coordinates":[[-16.4882127,15.9895512],[-16.4883931,15.9882667],[-16.4887277,15.9882977],[-16.4886732,15.9886231]]}},{"type":"Feature","properties":{"full_id":"w203613001","osm_id":"203613001","osm_type":"way","Type de vo":"service","Niveau":null,"Pont":null,"Tyoe de pi":null,"État de s":null,"Vitesse ":null,"Référenc":null,"Nom":null,"Éclairage":null,"Sans issue":null,"Intersecti":null,"Nombre de ":null,"Accès":null,"surface":null,"Service":"Voie d’accès","Sens uniqu":null},"geometry":{"type":"LineString","coordinates":[[-16.4905352,16.0232699],[-16.4903111,16.0229764]]}},{"type":"Feature","properties":{"full_id":"w204033745","osm_id":"204033745","osm_type":"way","Type de vo":"service","Niveau":null,"Pont":null,"Tyoe de pi":null,"État de s":null,"Vitesse ":null,"Référenc":null,"Nom":null,"Éclairage":null,"Sans issue":null,"Intersecti":null,"Nombre de ":null,"Accès":"non","surface":null,"Service":"Voie d’accès","Sens uniqu":"no"},"geometry":{"type":"LineString","coordinates":[[-16.5046966,16.0365522],[-16.5047965,16.0367971],[-16.5052199,16.0368433],[-16.5051768,16.0372611]]}},{"type":"Feature","properties":{"full_id":"w204033746","osm_id":"204033746","osm_type":"way","Type de vo":"service","Niveau":null,"Pont":null,"Tyoe de pi":null,"État de s":null,"Vitesse ":null,"Référenc":null,"Nom":null,"Éclairage":null,"Sans issue":null,"Intersecti":null,"Nombre de ":null,"Accès":"no","surface":null,"Service":"Voie d’accès","Sens uniqu":"no"},"geometry":{"type":"LineString","coordinates":[[-16.5047965,16.0367971],[-16.5047442,16.0372182],[-16.5051768,16.0372611]]}},{"type":"Feature","properties":{"full_id":"w204034105","osm_id":"204034105","osm_type":"way","Type de vo":"service","Niveau":null,"Pont":null,"Tyoe de pi":null,"État de s":null,"Vitesse ":null,"Référenc":"IS-18","Nom":"Rue IS-18","Éclairage":"yes","Sans issue":null,"Intersecti":null,"Nombre de ":null,"Accès":"oui","surface":null,"Service":"Voie d’accès","Sens uniqu":"no"},"geometry":{"type":"LineString","coordinates":[[-16.5063728,16.0236034],[-16.5053563,16.0233557]]}},{"type":"Feature","properties":{"full_id":"w214466007","osm_id":"214466007","osm_type":"way","Type de vo":"service","Niveau":null,"Pont":null,"Tyoe de pi":null,"État de s":null,"Vitesse ":null,"Référenc":null,"Nom":null,"Éclairage":null,"Sans issue":null,"Intersecti":null,"Nombre de ":null,"Accès":null,"surface":null,"Service":"Ruelle","Sens uniqu":null},"geometry":{"type":"LineString","coordinates":[[-16.4913204,16.0098916],[-16.4913615,16.010452]]}},{"type":"Feature","properties":{"full_id":"w214838034","osm_id":"214838034","osm_type":"way","Type de vo":"service","Niveau":null,"Pont":null,"Tyoe de pi":null,"État de s":null,"Vitesse ":null,"Référenc":null,"Nom":null,"Éclairage":null,"Sans issue":null,"Intersecti":null,"Nombre de ":null,"Accès":null,"surface":null,"Service":"Voie d’accès","Sens uniqu":null},"geometry":{"type":"LineString","coordinates":[[-16.4923082,16.0048217],[-16.4921807,16.0048035]]}},{"type":"Feature","properties":{"full_id":"w214851113","osm_id":"214851113","osm_type":"way","Type de vo":"service","Niveau":null,"Pont":null,"Tyoe de pi":null,"État de s":null,"Vitesse ":null,"Référenc":null,"Nom":null,"Éclairage":null,"Sans issue":null,"Intersecti":null,"Nombre de ":null,"Accès":"Accès toléré","surface":"non pavée","Service":"Voie d’accès","Sens uniqu":null},"geometry":{"type":"LineString","coordinates":[[-16.4900171,16.0160087],[-16.4896818,16.0160554]]}},{"type":"Feature","properties":{"full_id":"w214853622","osm_id":"214853622","osm_type":"way","Type de vo":"service","Niveau":null,"Pont":null,"Tyoe de pi":null,"État de s":null,"Vitesse ":null,"Référenc":null,"Nom":null,"Éclairage":null,"Sans issue":null,"Intersecti":null,"Nombre de ":null,"Accès":null,"surface":null,"Service":"Voie d’accès","Sens uniqu":null},"geometry":{"type":"LineString","coordinates":[[-16.4904389,16.0172063],[-16.4900866,16.0172726]]}},{"type":"Feature","properties":{"full_id":"w214856345","osm_id":"214856345","osm_type":"way","Type de vo":"service","Niveau":null,"Pont":null,"Tyoe de pi":null,"État de s":null,"Vitesse ":null,"Référenc":null,"Nom":null,"Éclairage":null,"Sans issue":null,"Intersecti":null,"Nombre de ":null,"Accès":"non","surface":null,"Service":"Voie d’accès","Sens uniqu":null},"geometry":{"type":"LineString","coordinates":[[-16.4896496,16.0177577],[-16.4894486,16.0167278]]}},{"type":"Feature","properties":{"full_id":"w214856346","osm_id":"214856346","osm_type":"way","Type de vo":"service","Niveau":null,"Pont":null,"Tyoe de pi":null,"État de s":null,"Vitesse ":null,"Référenc":null,"Nom":null,"Éclairage":null,"Sans issue":null,"Intersecti":null,"Nombre de ":null,"Accès":"no","surface":"asphalte","Service":null,"Sens uniqu":null},"geometry":{"type":"LineString","coordinates":[[-16.4905259,16.0176199],[-16.4893022,16.0178123]]}},{"type":"Feature","properties":{"full_id":"w215067892","osm_id":"215067892","osm_type":"way","Type de vo":"service","Niveau":null,"Pont":null,"Tyoe de pi":null,"État de s":null,"Vitesse ":null,"Référenc":null,"Nom":null,"Éclairage":null,"Sans issue":null,"Intersecti":null,"Nombre de ":null,"Accès":null,"surface":"pavée","Service":"Voie d’accès","Sens uniqu":null},"geometry":{"type":"LineString","coordinates":[[-16.4900249,16.0236607],[-16.4900863,16.0236514]]}},{"type":"Feature","properties":{"full_id":"w215087080","osm_id":"215087080","osm_type":"way","Type de vo":"service","Niveau":null,"Pont":null,"Tyoe de pi":null,"État de s":null,"Vitesse ":null,"Référenc":null,"Nom":null,"Éclairage":null,"Sans issue":null,"Intersecti":null,"Nombre de ":null,"Accès":null,"surface":null,"Service":"Voie d’accès","Sens uniqu":null},"geometry":{"type":"LineString","coordinates":[[-16.4878996,16.0254407],[-16.4876829,16.0255313],[-16.4877226,16.0257849]]}},{"type":"Feature","properties":{"full_id":"w216996883","osm_id":"216996883","osm_type":"way","Type de vo":"service","Niveau":null,"Pont":null,"Tyoe de pi":null,"État de s":null,"Vitesse ":"30","Référenc":null,"Nom":null,"Éclairage":null,"Sans issue":null,"Intersecti":null,"Nombre de ":null,"Accès":null,"surface":null,"Service":null,"Sens uniqu":null},"geometry":{"type":"LineString","coordinates":[[-16.4785206,16.0267284],[-16.4786607,16.0274348],[-16.4791443,16.0275057]]}},{"type":"Feature","properties":{"full_id":"w217328294","osm_id":"217328294","osm_type":"way","Type de vo":"service","Niveau":null,"Pont":null,"Tyoe de pi":null,"État de s":null,"Vitesse ":null,"Référenc":null,"Nom":null,"Éclairage":null,"Sans issue":null,"Intersecti":null,"Nombre de ":null,"Accès":null,"surface":null,"Service":"Voie d’accès","Sens uniqu":null},"geometry":{"type":"LineString","coordinates":[[-16.503417,16.0379877],[-16.5033304,16.0379757]]}},{"type":"Feature","properties":{"full_id":"w251653789","osm_id":"251653789","osm_type":"way","Type de vo":"service","Niveau":null,"Pont":null,"Tyoe de pi":null,"État de s":null,"Vitesse ":null,"Référenc":null,"Nom":null,"Éclairage":null,"Sans issue":null,"Intersecti":null,"Nombre de ":null,"Accès":null,"surface":"non pavée","Service":"Voie d’accès","Sens uniqu":null},"geometry":{"type":"LineString","coordinates":[[-16.4441254,16.034304],[-16.4437495,16.0342242]]}},{"type":"Feature","properties":{"full_id":"w261365773","osm_id":"261365773","osm_type":"way","Type de vo":"service","Niveau":null,"Pont":null,"Tyoe de pi":null,"État de s":null,"Vitesse ":null,"Référenc":null,"Nom":null,"Éclairage":null,"Sans issue":null,"Intersecti":null,"Nombre de ":null,"Accès":null,"surface":null,"Service":null,"Sens uniqu":null},"geometry":{"type":"LineString","coordinates":[[-16.4740113,16.0275307],[-16.4750169,16.0283492]]}},{"type":"Feature","properties":{"full_id":"w264737200","osm_id":"264737200","osm_type":"way","Type de vo":"service","Niveau":null,"Pont":null,"Tyoe de pi":null,"État de s":null,"Vitesse ":null,"Référenc":null,"Nom":null,"Éclairage":null,"Sans issue":null,"Intersecti":null,"Nombre de ":null,"Accès":null,"surface":"Terre","Service":null,"Sens uniqu":null},"geometry":{"type":"LineString","coordinates":[[-16.4553684,16.0446833],[-16.4547469,16.0450075],[-16.4541242,16.0449767]]}},{"type":"Feature","properties":{"full_id":"w264737384","osm_id":"264737384","osm_type":"way","Type de vo":"service","Niveau":null,"Pont":null,"Tyoe de pi":null,"État de s":null,"Vitesse ":null,"Référenc":null,"Nom":null,"Éclairage":null,"Sans issue":null,"Intersecti":null,"Nombre de ":null,"Accès":null,"surface":"Terre","Service":null,"Sens uniqu":null},"geometry":{"type":"LineString","coordinates":[[-16.4563191,16.04483],[-16.4541635,16.0445122]]}},{"type":"Feature","properties":{"full_id":"w341406021","osm_id":"341406021","osm_type":"way","Type de vo":"service","Niveau":null,"Pont":null,"Tyoe de pi":null,"État de s":null,"Vitesse ":null,"Référenc":null,"Nom":null,"Éclairage":null,"Sans issue":null,"Intersecti":null,"Nombre de ":null,"Accès":null,"surface":null,"Service":"Voie d’accès","Sens uniqu":null},"geometry":{"type":"LineString","coordinates":[[-16.5064844,16.0195464],[-16.5065144,16.0194473]]}},{"type":"Feature","properties":{"full_id":"w357124457","osm_id":"357124457","osm_type":"way","Type de vo":"service","Niveau":null,"Pont":null,"Tyoe de pi":null,"État de s":null,"Vitesse ":null,"Référenc":null,"Nom":null,"Éclairage":null,"Sans issue":"yes","Intersecti":null,"Nombre de ":null,"Accès":null,"surface":null,"Service":null,"Sens uniqu":null},"geometry":{"type":"LineString","coordinates":[[-16.4978278,16.0246029],[-16.4982997,16.0248335]]}},{"type":"Feature","properties":{"full_id":"w357126217","osm_id":"357126217","osm_type":"way","Type de vo":"service","Niveau":null,"Pont":null,"Tyoe de pi":null,"État de s":null,"Vitesse ":null,"Référenc":null,"Nom":null,"Éclairage":null,"Sans issue":"yes","Intersecti":null,"Nombre de ":null,"Accès":null,"surface":null,"Service":null,"Sens uniqu":null},"geometry":{"type":"LineString","coordinates":[[-16.4984311,16.0264323],[-16.4981424,16.0263592]]}},{"type":"Feature","properties":{"full_id":"w357142864","osm_id":"357142864","osm_type":"way","Type de vo":"service","Niveau":null,"Pont":null,"Tyoe de pi":null,"État de s":null,"Vitesse ":null,"Référenc":null,"Nom":null,"Éclairage":null,"Sans issue":null,"Intersecti":null,"Nombre de ":null,"Accès":null,"surface":null,"Service":"Voie d’accès","Sens uniqu":null},"geometry":{"type":"LineString","coordinates":[[-16.4949578,16.0294648],[-16.495287,16.0300617]]}},{"type":"Feature","properties":{"full_id":"w357212441","osm_id":"357212441","osm_type":"way","Type de vo":"service","Niveau":null,"Pont":null,"Tyoe de pi":null,"État de s":null,"Vitesse ":null,"Référenc":null,"Nom":null,"Éclairage":null,"Sans issue":null,"Intersecti":null,"Nombre de ":null,"Accès":"Accès toléré","surface":"asphalte","Service":null,"Sens uniqu":null},"geometry":{"type":"LineString","coordinates":[[-16.5048713,16.0255855],[-16.5050045,16.0256039]]}},{"type":"Feature","properties":{"full_id":"w357212444","osm_id":"357212444","osm_type":"way","Type de vo":"service","Niveau":null,"Pont":null,"Tyoe de pi":null,"État de s":null,"Vitesse ":null,"Référenc":null,"Nom":null,"Éclairage":null,"Sans issue":null,"Intersecti":null,"Nombre de ":null,"Accès":"Accès toléré","surface":"pavée","Service":null,"Sens uniqu":"non"},"geometry":{"type":"LineString","coordinates":[[-16.5041514,16.0258172],[-16.5049533,16.025926]]}},{"type":"Feature","properties":{"full_id":"w357212448","osm_id":"357212448","osm_type":"way","Type de vo":"service","Niveau":null,"Pont":null,"Tyoe de pi":null,"État de s":null,"Vitesse ":null,"Référenc":null,"Nom":null,"Éclairage":null,"Sans issue":null,"Intersecti":null,"Nombre de ":null,"Accès":"Accès toléré","surface":"asphalte","Service":null,"Sens uniqu":"oui"},"geometry":{"type":"LineString","coordinates":[[-16.5048748,16.0255512],[-16.5047904,16.0254753],[-16.5046982,16.0255594],[-16.5047844,16.0256454],[-16.5048748,16.0255512]]}},{"type":"Feature","properties":{"full_id":"w357218673","osm_id":"357218673","osm_type":"way","Type de vo":"service","Niveau":null,"Pont":null,"Tyoe de pi":null,"État de s":null,"Vitesse ":null,"Référenc":null,"Nom":null,"Éclairage":null,"Sans issue":null,"Intersecti":null,"Nombre de ":null,"Accès":null,"surface":"asphalte","Service":null,"Sens uniqu":"oui"},"geometry":{"type":"LineString","coordinates":[[-16.5033701,16.0289233],[-16.5033365,16.0295216]]}},{"type":"Feature","properties":{"full_id":"w357218674","osm_id":"357218674","osm_type":"way","Type de vo":"service","Niveau":null,"Pont":null,"Tyoe de pi":null,"État de s":null,"Vitesse ":null,"Référenc":null,"Nom":null,"Éclairage":null,"Sans issue":null,"Intersecti":null,"Nombre de ":null,"Accès":"Accès toléré","surface":"asphalte","Service":null,"Sens uniqu":"oui"},"geometry":{"type":"LineString","coordinates":[[-16.5032745,16.0314319],[-16.5032459,16.0319377]]}},{"type":"Feature","properties":{"full_id":"w357222196","osm_id":"357222196","osm_type":"way","Type de vo":"service","Niveau":null,"Pont":null,"Tyoe de pi":null,"État de s":null,"Vitesse ":null,"Référenc":null,"Nom":null,"Éclairage":null,"Sans issue":null,"Intersecti":null,"Nombre de ":null,"Accès":null,"surface":null,"Service":null,"Sens uniqu":null},"geometry":{"type":"LineString","coordinates":[[-16.5078136,16.0386472],[-16.5078799,16.0377302]]}},{"type":"Feature","properties":{"full_id":"w357365455","osm_id":"357365455","osm_type":"way","Type de vo":"service","Niveau":null,"Pont":null,"Tyoe de pi":null,"État de s":null,"Vitesse ":null,"Référenc":null,"Nom":null,"Éclairage":null,"Sans issue":null,"Intersecti":null,"Nombre de ":null,"Accès":"Accès privé","surface":"asphalte","Service":null,"Sens uniqu":null},"geometry":{"type":"LineString","coordinates":[[-16.4580659,16.0499466],[-16.4575278,16.0500156]]}},{"type":"Feature","properties":{"full_id":"w357367252","osm_id":"357367252","osm_type":"way","Type de vo":"service","Niveau":null,"Pont":null,"Tyoe de pi":null,"État de s":null,"Vitesse ":null,"Référenc":null,"Nom":null,"Éclairage":null,"Sans issue":null,"Intersecti":null,"Nombre de ":null,"Accès":"non","surface":"non pavée","Service":null,"Sens uniqu":null},"geometry":{"type":"LineString","coordinates":[[-16.4546313,16.0609147],[-16.4560446,16.0608923]]}},{"type":"Feature","properties":{"full_id":"w357367253","osm_id":"357367253","osm_type":"way","Type de vo":"service","Niveau":null,"Pont":null,"Tyoe de pi":null,"État de s":null,"Vitesse ":null,"Référenc":null,"Nom":null,"Éclairage":null,"Sans issue":null,"Intersecti":null,"Nombre de ":null,"Accès":"no","surface":"non pavée","Service":null,"Sens uniqu":null},"geometry":{"type":"LineString","coordinates":[[-16.4560446,16.0608923],[-16.4561519,16.0598922],[-16.4554717,16.0595208]]}},{"type":"Feature","properties":{"full_id":"w357368245","osm_id":"357368245","osm_type":"way","Type de vo":"service","Niveau":null,"Pont":null,"Tyoe de pi":null,"État de s":null,"Vitesse ":null,"Référenc":null,"Nom":null,"Éclairage":null,"Sans issue":null,"Intersecti":null,"Nombre de ":null,"Accès":"non","surface":"non pavée","Service":null,"Sens uniqu":null},"geometry":{"type":"LineString","coordinates":[[-16.4550361,16.0598819],[-16.45498,16.0609092]]}},{"type":"Feature","properties":{"full_id":"w357368246","osm_id":"357368246","osm_type":"way","Type de vo":"service","Niveau":null,"Pont":null,"Tyoe de pi":null,"État de s":null,"Vitesse ":null,"Référenc":null,"Nom":null,"Éclairage":null,"Sans issue":null,"Intersecti":null,"Nombre de ":null,"Accès":"no","surface":"non pavée","Service":null,"Sens uniqu":null},"geometry":{"type":"LineString","coordinates":[[-16.4554717,16.0595208],[-16.4553877,16.0609027]]}},{"type":"Feature","properties":{"full_id":"w357425849","osm_id":"357425849","osm_type":"way","Type de vo":"service","Niveau":null,"Pont":null,"Tyoe de pi":null,"État de s":null,"Vitesse ":null,"Référenc":null,"Nom":null,"Éclairage":null,"Sans issue":null,"Intersecti":null,"Nombre de ":null,"Accès":null,"surface":null,"Service":null,"Sens uniqu":null},"geometry":{"type":"LineString","coordinates":[[-16.5078596,15.9918939],[-16.5102892,15.991905]]}},{"type":"Feature","properties":{"full_id":"w357425852","osm_id":"357425852","osm_type":"way","Type de vo":"service","Niveau":null,"Pont":null,"Tyoe de pi":null,"État de s":null,"Vitesse ":null,"Référenc":null,"Nom":null,"Éclairage":null,"Sans issue":null,"Intersecti":null,"Nombre de ":null,"Accès":null,"surface":null,"Service":null,"Sens uniqu":null},"geometry":{"type":"LineString","coordinates":[[-16.5078569,15.9925024],[-16.5078623,15.9912802]]}},{"type":"Feature","properties":{"full_id":"w357425860","osm_id":"357425860","osm_type":"way","Type de vo":"service","Niveau":null,"Pont":null,"Tyoe de pi":null,"État de s":null,"Vitesse ":null,"Référenc":null,"Nom":null,"Éclairage":null,"Sans issue":null,"Intersecti":null,"Nombre de ":null,"Accès":"oui","surface":"non pavée","Service":null,"Sens uniqu":"non"},"geometry":{"type":"LineString","coordinates":[[-16.509899,15.9937427],[-16.5095624,15.9934752],[-16.5091444,15.9919193]]}},{"type":"Feature","properties":{"full_id":"w357453415","osm_id":"357453415","osm_type":"way","Type de vo":"residential","Niveau":null,"Pont":null,"Tyoe de pi":null,"État de s":null,"Vitesse ":null,"Référenc":null,"Nom":null,"Éclairage":"yes","Sans issue":null,"Intersecti":null,"Nombre de ":null,"Accès":null,"surface":"non pavée","Service":null,"Sens uniqu":"non"},"geometry":{"type":"LineString","coordinates":[[-16.5063752,16.0428847],[-16.5063908,16.0435183]]}},{"type":"Feature","properties":{"full_id":"w357811233","osm_id":"357811233","osm_type":"way","Type de vo":"service","Niveau":null,"Pont":null,"Tyoe de pi":null,"État de s":null,"Vitesse ":null,"Référenc":null,"Nom":null,"Éclairage":null,"Sans issue":null,"Intersecti":null,"Nombre de ":null,"Accès":null,"surface":"non pavée","Service":null,"Sens uniqu":null},"geometry":{"type":"LineString","coordinates":[[-16.475131,16.0272891],[-16.4755894,16.0277153]]}},{"type":"Feature","properties":{"full_id":"w357811242","osm_id":"357811242","osm_type":"way","Type de vo":"service","Niveau":null,"Pont":null,"Tyoe de pi":null,"État de s":null,"Vitesse ":null,"Référenc":null,"Nom":null,"Éclairage":null,"Sans issue":null,"Intersecti":null,"Nombre de ":null,"Accès":null,"surface":null,"Service":null,"Sens uniqu":null},"geometry":{"type":"LineString","coordinates":[[-16.47626,16.0263103],[-16.4763436,16.0271091]]}},{"type":"Feature","properties":{"full_id":"w357978760","osm_id":"357978760","osm_type":"way","Type de vo":"service","Niveau":null,"Pont":null,"Tyoe de pi":null,"État de s":null,"Vitesse ":null,"Référenc":null,"Nom":null,"Éclairage":null,"Sans issue":null,"Intersecti":null,"Nombre de ":null,"Accès":null,"surface":"asphalte","Service":null,"Sens uniqu":null},"geometry":{"type":"LineString","coordinates":[[-16.4889671,15.9879509],[-16.4887449,15.9896787]]}},{"type":"Feature","properties":{"full_id":"w357978763","osm_id":"357978763","osm_type":"way","Type de vo":"service","Niveau":null,"Pont":null,"Tyoe de pi":null,"État de s":null,"Vitesse ":null,"Référenc":null,"Nom":null,"Éclairage":null,"Sans issue":null,"Intersecti":null,"Nombre de ":null,"Accès":null,"surface":"non pavée","Service":null,"Sens uniqu":null},"geometry":{"type":"LineString","coordinates":[[-16.4876621,15.989405],[-16.4878345,15.989282],[-16.4878044,15.9887096],[-16.4882925,15.9887489]]}},{"type":"Feature","properties":{"full_id":"w357981065","osm_id":"357981065","osm_type":"way","Type de vo":"service","Niveau":null,"Pont":null,"Tyoe de pi":null,"État de s":null,"Vitesse ":null,"Référenc":null,"Nom":null,"Éclairage":null,"Sans issue":null,"Intersecti":null,"Nombre de ":null,"Accès":null,"surface":"asphalte","Service":null,"Sens uniqu":null},"geometry":{"type":"LineString","coordinates":[[-16.4885763,15.9895509],[-16.4886732,15.9886231]]}},{"type":"Feature","properties":{"full_id":"w358004240","osm_id":"358004240","osm_type":"way","Type de vo":"service","Niveau":null,"Pont":null,"Tyoe de pi":null,"État de s":null,"Vitesse ":null,"Référenc":null,"Nom":null,"Éclairage":null,"Sans issue":null,"Intersecti":null,"Nombre de ":null,"Accès":"oui","surface":"non pavée","Service":"Voie d’accès","Sens uniqu":null},"geometry":{"type":"LineString","coordinates":[[-16.4914677,15.9949381],[-16.4911739,15.9948423]]}},{"type":"Feature","properties":{"full_id":"w358041531","osm_id":"358041531","osm_type":"way","Type de vo":"service","Niveau":null,"Pont":null,"Tyoe de pi":null,"État de s":null,"Vitesse ":null,"Référenc":null,"Nom":null,"Éclairage":null,"Sans issue":null,"Intersecti":null,"Nombre de ":null,"Accès":null,"surface":null,"Service":null,"Sens uniqu":null},"geometry":{"type":"LineString","coordinates":[[-16.496785,16.0258207],[-16.4969188,16.0255458]]}},{"type":"Feature","properties":{"full_id":"w358042028","osm_id":"358042028","osm_type":"way","Type de vo":"service","Niveau":null,"Pont":null,"Tyoe de pi":null,"État de s":null,"Vitesse ":null,"Référenc":null,"Nom":null,"Éclairage":null,"Sans issue":null,"Intersecti":null,"Nombre de ":null,"Accès":null,"surface":null,"Service":"Voie d’accès","Sens uniqu":null},"geometry":{"type":"LineString","coordinates":[[-16.4988308,16.0243585],[-16.4987934,16.0240196]]}},{"type":"Feature","properties":{"full_id":"w358851588","osm_id":"358851588","osm_type":"way","Type de vo":"service","Niveau":null,"Pont":null,"Tyoe de pi":null,"État de s":null,"Vitesse ":null,"Référenc":null,"Nom":null,"Éclairage":null,"Sans issue":null,"Intersecti":null,"Nombre de ":null,"Accès":"non","surface":null,"Service":null,"Sens uniqu":null},"geometry":{"type":"LineString","coordinates":[[-16.454987,16.0645383],[-16.4556923,16.0627345]]}},{"type":"Feature","properties":{"full_id":"w358851590","osm_id":"358851590","osm_type":"way","Type de vo":"service","Niveau":null,"Pont":null,"Tyoe de pi":null,"État de s":null,"Vitesse ":null,"Référenc":null,"Nom":null,"Éclairage":null,"Sans issue":null,"Intersecti":null,"Nombre de ":null,"Accès":"no","surface":null,"Service":null,"Sens uniqu":null},"geometry":{"type":"LineString","coordinates":[[-16.4544484,16.0640655],[-16.4551592,16.0641042]]}},{"type":"Feature","properties":{"full_id":"w358851594","osm_id":"358851594","osm_type":"way","Type de vo":"service","Niveau":null,"Pont":null,"Tyoe de pi":null,"État de s":null,"Vitesse ":null,"Référenc":null,"Nom":null,"Éclairage":null,"Sans issue":null,"Intersecti":null,"Nombre de ":null,"Accès":"non","surface":null,"Service":null,"Sens uniqu":null},"geometry":{"type":"LineString","coordinates":[[-16.4536491,16.0636712],[-16.4554488,16.0633787]]}},{"type":"Feature","properties":{"full_id":"w358852389","osm_id":"358852389","osm_type":"way","Type de vo":"service","Niveau":null,"Pont":null,"Tyoe de pi":null,"État de s":null,"Vitesse ":null,"Référenc":null,"Nom":null,"Éclairage":null,"Sans issue":null,"Intersecti":null,"Nombre de ":null,"Accès":null,"surface":"non pavée","Service":null,"Sens uniqu":null},"geometry":{"type":"LineString","coordinates":[[-16.4521562,16.0649399],[-16.454987,16.0645383]]}},{"type":"Feature","properties":{"full_id":"w360699717","osm_id":"360699717","osm_type":"way","Type de vo":"service","Niveau":null,"Pont":null,"Tyoe de pi":null,"État de s":null,"Vitesse ":null,"Référenc":null,"Nom":null,"Éclairage":null,"Sans issue":null,"Intersecti":null,"Nombre de ":null,"Accès":null,"surface":null,"Service":null,"Sens uniqu":null},"geometry":{"type":"LineString","coordinates":[[-16.4739182,16.0269232],[-16.4736703,16.0272646],[-16.4739069,16.0274513]]}},{"type":"Feature","properties":{"full_id":"w360699719","osm_id":"360699719","osm_type":"way","Type de vo":"service","Niveau":null,"Pont":null,"Tyoe de pi":null,"État de s":null,"Vitesse ":null,"Référenc":null,"Nom":null,"Éclairage":null,"Sans issue":null,"Intersecti":null,"Nombre de ":null,"Accès":null,"surface":null,"Service":null,"Sens uniqu":null},"geometry":{"type":"LineString","coordinates":[[-16.4739354,16.0275421],[-16.4740291,16.0275027],[-16.4739956,16.0274267],[-16.4739069,16.0274513],[-16.4739354,16.0275421]]}},{"type":"Feature","properties":{"full_id":"w360728617","osm_id":"360728617","osm_type":"way","Type de vo":"service","Niveau":null,"Pont":null,"Tyoe de pi":null,"État de s":null,"Vitesse ":null,"Référenc":null,"Nom":null,"Éclairage":null,"Sans issue":null,"Intersecti":null,"Nombre de ":null,"Accès":"no","surface":null,"Service":"Voie d’accès","Sens uniqu":null},"geometry":{"type":"LineString","coordinates":[[-16.4893022,16.0178123],[-16.4893718,16.0181457],[-16.4897876,16.0180723],[-16.4897252,16.0177458]]}},{"type":"Feature","properties":{"full_id":"w362307320","osm_id":"362307320","osm_type":"way","Type de vo":"service","Niveau":null,"Pont":null,"Tyoe de pi":null,"État de s":null,"Vitesse ":null,"Référenc":null,"Nom":null,"Éclairage":null,"Sans issue":null,"Intersecti":null,"Nombre de ":null,"Accès":null,"surface":null,"Service":"Voie d’accès","Sens uniqu":null},"geometry":{"type":"LineString","coordinates":[[-16.5035945,16.0250545],[-16.5035615,16.0250817]]}},{"type":"Feature","properties":{"full_id":"w362307321","osm_id":"362307321","osm_type":"way","Type de vo":"service","Niveau":null,"Pont":null,"Tyoe de pi":null,"État de s":null,"Vitesse ":null,"Référenc":null,"Nom":null,"Éclairage":null,"Sans issue":null,"Intersecti":null,"Nombre de ":null,"Accès":null,"surface":null,"Service":"Voie d’accès","Sens uniqu":null},"geometry":{"type":"LineString","coordinates":[[-16.5037634,16.0251319],[-16.5035945,16.0250545],[-16.5036142,16.0247111]]}},{"type":"Feature","properties":{"full_id":"w362349382","osm_id":"362349382","osm_type":"way","Type de vo":"service","Niveau":null,"Pont":null,"Tyoe de pi":null,"État de s":null,"Vitesse ":null,"Référenc":null,"Nom":null,"Éclairage":null,"Sans issue":null,"Intersecti":null,"Nombre de ":null,"Accès":"Accès toléré","surface":"pavée","Service":"Voie d’accès","Sens uniqu":"non"},"geometry":{"type":"LineString","coordinates":[[-16.5044449,16.026057],[-16.504697,16.0260828],[-16.5048136,16.025907]]}},{"type":"Feature","properties":{"full_id":"w362359639","osm_id":"362359639","osm_type":"way","Type de vo":"service","Niveau":null,"Pont":null,"Tyoe de pi":null,"État de s":null,"Vitesse ":null,"Référenc":null,"Nom":null,"Éclairage":null,"Sans issue":null,"Intersecti":null,"Nombre de ":null,"Accès":"Accès toléré","surface":null,"Service":"Voie d’accès","Sens uniqu":"oui"},"geometry":{"type":"LineString","coordinates":[[-16.4977487,16.025629],[-16.4980675,16.0251939],[-16.498387,16.0254981]]}},{"type":"Feature","properties":{"full_id":"w362359976","osm_id":"362359976","osm_type":"way","Type de vo":"service","Niveau":null,"Pont":null,"Tyoe de pi":null,"État de s":null,"Vitesse ":null,"Référenc":null,"Nom":null,"Éclairage":null,"Sans issue":null,"Intersecti":null,"Nombre de ":null,"Accès":null,"surface":null,"Service":null,"Sens uniqu":null},"geometry":{"type":"LineString","coordinates":[[-16.4982997,16.0248335],[-16.4986752,16.0250006]]}},{"type":"Feature","properties":{"full_id":"w362359980","osm_id":"362359980","osm_type":"way","Type de vo":"service","Niveau":null,"Pont":null,"Tyoe de pi":null,"État de s":null,"Vitesse ":null,"Référenc":null,"Nom":null,"Éclairage":null,"Sans issue":"yes","Intersecti":null,"Nombre de ":null,"Accès":null,"surface":null,"Service":null,"Sens uniqu":null},"geometry":{"type":"LineString","coordinates":[[-16.4983773,16.0246061],[-16.4982997,16.0248335]]}},{"type":"Feature","properties":{"full_id":"w362370999","osm_id":"362370999","osm_type":"way","Type de vo":"service","Niveau":null,"Pont":null,"Tyoe de pi":null,"État de s":null,"Vitesse ":null,"Référenc":null,"Nom":null,"Éclairage":null,"Sans issue":null,"Intersecti":null,"Nombre de ":null,"Accès":null,"surface":null,"Service":"Voie d’accès","Sens uniqu":null},"geometry":{"type":"LineString","coordinates":[[-16.4987763,16.0243341],[-16.4985554,16.0242526],[-16.4987226,16.024102]]}},{"type":"Feature","properties":{"full_id":"w362507928","osm_id":"362507928","osm_type":"way","Type de vo":"service","Niveau":null,"Pont":null,"Tyoe de pi":null,"État de s":null,"Vitesse ":null,"Référenc":null,"Nom":null,"Éclairage":null,"Sans issue":null,"Intersecti":null,"Nombre de ":null,"Accès":null,"surface":null,"Service":"Voie d’accès","Sens uniqu":null},"geometry":{"type":"LineString","coordinates":[[-16.4904081,16.0189242],[-16.4907508,16.0188705]]}},{"type":"Feature","properties":{"full_id":"w362508983","osm_id":"362508983","osm_type":"way","Type de vo":"service","Niveau":null,"Pont":null,"Tyoe de pi":null,"État de s":null,"Vitesse ":null,"Référenc":null,"Nom":null,"Éclairage":null,"Sans issue":null,"Intersecti":null,"Nombre de ":null,"Accès":"Accès toléré","surface":"non pavée","Service":"Voie d’accès","Sens uniqu":null},"geometry":{"type":"LineString","coordinates":[[-16.4896818,16.0160554],[-16.4898003,16.0161751]]}},{"type":"Feature","properties":{"full_id":"w362508984","osm_id":"362508984","osm_type":"way","Type de vo":"service","Niveau":null,"Pont":null,"Tyoe de pi":null,"État de s":null,"Vitesse ":null,"Référenc":null,"Nom":null,"Éclairage":null,"Sans issue":null,"Intersecti":null,"Nombre de ":null,"Accès":"Accès toléré","surface":"non pavée","Service":"Voie d’accès","Sens uniqu":null},"geometry":{"type":"LineString","coordinates":[[-16.4890281,16.0151862],[-16.4892293,16.0160885]]}},{"type":"Feature","properties":{"full_id":"w362508988","osm_id":"362508988","osm_type":"way","Type de vo":"service","Niveau":null,"Pont":null,"Tyoe de pi":null,"État de s":null,"Vitesse ":null,"Référenc":null,"Nom":null,"Éclairage":null,"Sans issue":null,"Intersecti":null,"Nombre de ":null,"Accès":"Accès toléré","surface":"non pavée","Service":"Voie d’accès","Sens uniqu":null},"geometry":{"type":"LineString","coordinates":[[-16.4875572,16.0127662],[-16.4879794,16.0152558]]}},{"type":"Feature","properties":{"full_id":"w362508990","osm_id":"362508990","osm_type":"way","Type de vo":"service","Niveau":null,"Pont":null,"Tyoe de pi":null,"État de s":null,"Vitesse ":null,"Référenc":null,"Nom":null,"Éclairage":null,"Sans issue":null,"Intersecti":null,"Nombre de ":null,"Accès":"Accès toléré","surface":"non pavée","Service":"Voie d’accès","Sens uniqu":null},"geometry":{"type":"LineString","coordinates":[[-16.4898003,16.0161751],[-16.4899064,16.0160603]]}},{"type":"Feature","properties":{"full_id":"w362508994","osm_id":"362508994","osm_type":"way","Type de vo":"service","Niveau":null,"Pont":null,"Tyoe de pi":null,"État de s":null,"Vitesse ":null,"Référenc":null,"Nom":null,"Éclairage":null,"Sans issue":null,"Intersecti":null,"Nombre de ":null,"Accès":"Accès toléré","surface":"non pavée","Service":"Voie d’accès","Sens uniqu":null},"geometry":{"type":"LineString","coordinates":[[-16.4861614,16.0129848],[-16.4863057,16.0138223]]}},{"type":"Feature","properties":{"full_id":"w362508998","osm_id":"362508998","osm_type":"way","Type de vo":"service","Niveau":null,"Pont":null,"Tyoe de pi":null,"État de s":null,"Vitesse ":null,"Référenc":null,"Nom":null,"Éclairage":null,"Sans issue":null,"Intersecti":null,"Nombre de ":null,"Accès":"Accès toléré","surface":"non pavée","Service":"Voie d’accès","Sens uniqu":null},"geometry":{"type":"LineString","coordinates":[[-16.4875572,16.0127662],[-16.4861614,16.0129848]]}},{"type":"Feature","properties":{"full_id":"w362509002","osm_id":"362509002","osm_type":"way","Type de vo":"service","Niveau":null,"Pont":null,"Tyoe de pi":null,"État de s":null,"Vitesse ":null,"Référenc":null,"Nom":null,"Éclairage":null,"Sans issue":null,"Intersecti":null,"Nombre de ":null,"Accès":"Accès toléré","surface":"non pavée","Service":"Voie d’accès","Sens uniqu":null},"geometry":{"type":"LineString","coordinates":[[-16.4892293,16.0160885],[-16.4896818,16.0160554]]}},{"type":"Feature","properties":{"full_id":"w362509004","osm_id":"362509004","osm_type":"way","Type de vo":"service","Niveau":null,"Pont":null,"Tyoe de pi":null,"État de s":null,"Vitesse ":null,"Référenc":null,"Nom":null,"Éclairage":null,"Sans issue":null,"Intersecti":null,"Nombre de ":null,"Accès":"Accès toléré","surface":"non pavée","Service":"Voie d’accès","Sens uniqu":null},"geometry":{"type":"LineString","coordinates":[[-16.4878452,16.0144772],[-16.4871264,16.0145726],[-16.4868094,16.0128833]]}},{"type":"Feature","properties":{"full_id":"w362513663","osm_id":"362513663","osm_type":"way","Type de vo":"service","Niveau":null,"Pont":null,"Tyoe de pi":null,"État de s":null,"Vitesse ":null,"Référenc":null,"Nom":null,"Éclairage":null,"Sans issue":null,"Intersecti":null,"Nombre de ":null,"Accès":"Accès toléré","surface":null,"Service":"Voie d’accès","Sens uniqu":"no"},"geometry":{"type":"LineString","coordinates":[[-16.4883007,16.0181914],[-16.4883953,16.018611]]}},{"type":"Feature","properties":{"full_id":"w362517812","osm_id":"362517812","osm_type":"way","Type de vo":"service","Niveau":null,"Pont":null,"Tyoe de pi":null,"État de s":null,"Vitesse ":null,"Référenc":null,"Nom":null,"Éclairage":null,"Sans issue":null,"Intersecti":null,"Nombre de ":null,"Accès":"oui","surface":"non pavée","Service":null,"Sens uniqu":"non"},"geometry":{"type":"LineString","coordinates":[[-16.4907416,16.0156414],[-16.4909476,16.0154208],[-16.4908216,16.0147814]]}},{"type":"Feature","properties":{"full_id":"w362517814","osm_id":"362517814","osm_type":"way","Type de vo":"service","Niveau":null,"Pont":null,"Tyoe de pi":null,"État de s":null,"Vitesse ":null,"Référenc":null,"Nom":null,"Éclairage":null,"Sans issue":null,"Intersecti":null,"Nombre de ":null,"Accès":"oui","surface":"non pavée","Service":null,"Sens uniqu":"non"},"geometry":{"type":"LineString","coordinates":[[-16.490901,16.0149055],[-16.4909806,16.0148805]]}},{"type":"Feature","properties":{"full_id":"w362517817","osm_id":"362517817","osm_type":"way","Type de vo":"service","Niveau":null,"Pont":null,"Tyoe de pi":null,"État de s":null,"Vitesse ":null,"Référenc":null,"Nom":null,"Éclairage":null,"Sans issue":null,"Intersecti":null,"Nombre de ":null,"Accès":"oui","surface":"non pavée","Service":null,"Sens uniqu":"non"},"geometry":{"type":"LineString","coordinates":[[-16.4905356,16.0148345],[-16.4908216,16.0147814]]}},{"type":"Feature","properties":{"full_id":"w362517820","osm_id":"362517820","osm_type":"way","Type de vo":"service","Niveau":null,"Pont":null,"Tyoe de pi":null,"État de s":null,"Vitesse ":null,"Référenc":null,"Nom":null,"Éclairage":null,"Sans issue":null,"Intersecti":null,"Nombre de ":null,"Accès":"oui","surface":"non pavée","Service":null,"Sens uniqu":"non"},"geometry":{"type":"LineString","coordinates":[[-16.4908458,16.0160379],[-16.4905356,16.0148345]]}},{"type":"Feature","properties":{"full_id":"w362530345","osm_id":"362530345","osm_type":"way","Type de vo":"residential","Niveau":null,"Pont":null,"Tyoe de pi":null,"État de s":null,"Vitesse ":null,"Référenc":null,"Nom":null,"Éclairage":null,"Sans issue":null,"Intersecti":null,"Nombre de ":null,"Accès":"oui","surface":"non pavée","Service":null,"Sens uniqu":"non"},"geometry":{"type":"LineString","coordinates":[[-16.4977782,16.0167478],[-16.4977004,16.0163766]]}},{"type":"Feature","properties":{"full_id":"w362530348","osm_id":"362530348","osm_type":"way","Type de vo":"residential","Niveau":null,"Pont":null,"Tyoe de pi":null,"État de s":null,"Vitesse ":null,"Référenc":null,"Nom":null,"Éclairage":null,"Sans issue":null,"Intersecti":null,"Nombre de ":null,"Accès":"oui","surface":"non pavée","Service":null,"Sens uniqu":"non"},"geometry":{"type":"LineString","coordinates":[[-16.4975218,16.0164746],[-16.4975949,16.0167711]]}},{"type":"Feature","properties":{"full_id":"w362530350","osm_id":"362530350","osm_type":"way","Type de vo":"residential","Niveau":null,"Pont":null,"Tyoe de pi":null,"État de s":null,"Vitesse ":null,"Référenc":null,"Nom":null,"Éclairage":null,"Sans issue":null,"Intersecti":null,"Nombre de ":null,"Accès":"oui","surface":"non pavée","Service":null,"Sens uniqu":"non"},"geometry":{"type":"LineString","coordinates":[[-16.4975949,16.0167711],[-16.4977782,16.0167478]]}},{"type":"Feature","properties":{"full_id":"w362530351","osm_id":"362530351","osm_type":"way","Type de vo":"residential","Niveau":null,"Pont":null,"Tyoe de pi":null,"État de s":null,"Vitesse ":null,"Référenc":null,"Nom":null,"Éclairage":null,"Sans issue":null,"Intersecti":null,"Nombre de ":null,"Accès":"oui","surface":"non pavée","Service":null,"Sens uniqu":"non"},"geometry":{"type":"LineString","coordinates":[[-16.4977004,16.0163766],[-16.4975218,16.0164746]]}},{"type":"Feature","properties":{"full_id":"w362540555","osm_id":"362540555","osm_type":"way","Type de vo":"service","Niveau":null,"Pont":null,"Tyoe de pi":null,"État de s":null,"Vitesse ":null,"Référenc":null,"Nom":null,"Éclairage":null,"Sans issue":null,"Intersecti":null,"Nombre de ":null,"Accès":"Accès toléré","surface":"non pavée","Service":null,"Sens uniqu":null},"geometry":{"type":"LineString","coordinates":[[-16.4993702,16.0202692],[-16.4989855,16.0200431]]}},{"type":"Feature","properties":{"full_id":"w362540822","osm_id":"362540822","osm_type":"way","Type de vo":"service","Niveau":null,"Pont":null,"Tyoe de pi":null,"État de s":null,"Vitesse ":null,"Référenc":null,"Nom":null,"Éclairage":null,"Sans issue":null,"Intersecti":null,"Nombre de ":null,"Accès":"oui","surface":null,"Service":"Voie d’accès","Sens uniqu":null},"geometry":{"type":"LineString","coordinates":[[-16.4989639,16.0205824],[-16.498875,16.0202902]]}},{"type":"Feature","properties":{"full_id":"w362540824","osm_id":"362540824","osm_type":"way","Type de vo":"service","Niveau":null,"Pont":null,"Tyoe de pi":null,"État de s":null,"Vitesse ":null,"Référenc":null,"Nom":null,"Éclairage":null,"Sans issue":null,"Intersecti":null,"Nombre de ":null,"Accès":"oui","surface":null,"Service":"Voie d’accès","Sens uniqu":null},"geometry":{"type":"LineString","coordinates":[[-16.4986406,16.0208412],[-16.4989272,16.0206656]]}},{"type":"Feature","properties":{"full_id":"w362540825","osm_id":"362540825","osm_type":"way","Type de vo":"service","Niveau":null,"Pont":null,"Tyoe de pi":null,"État de s":null,"Vitesse ":null,"Référenc":null,"Nom":null,"Éclairage":null,"Sans issue":null,"Intersecti":null,"Nombre de ":null,"Accès":"oui","surface":null,"Service":"Voie d’accès","Sens uniqu":null},"geometry":{"type":"LineString","coordinates":[[-16.4987229,16.0208105],[-16.4988665,16.0206403]]}},{"type":"Feature","properties":{"full_id":"w362540827","osm_id":"362540827","osm_type":"way","Type de vo":"service","Niveau":null,"Pont":null,"Tyoe de pi":null,"État de s":null,"Vitesse ":null,"Référenc":null,"Nom":null,"Éclairage":null,"Sans issue":null,"Intersecti":null,"Nombre de ":null,"Accès":"oui","surface":null,"Service":"Voie d’accès","Sens uniqu":null},"geometry":{"type":"LineString","coordinates":[[-16.4989044,16.0205576],[-16.4989235,16.0203889]]}},{"type":"Feature","properties":{"full_id":"w362540829","osm_id":"362540829","osm_type":"way","Type de vo":"service","Niveau":null,"Pont":null,"Tyoe de pi":null,"État de s":null,"Vitesse ":null,"Référenc":null,"Nom":null,"Éclairage":null,"Sans issue":null,"Intersecti":null,"Nombre de ":null,"Accès":"oui","surface":null,"Service":"Voie d’accès","Sens uniqu":null},"geometry":{"type":"LineString","coordinates":[[-16.4989272,16.0206656],[-16.4989639,16.0205824]]}},{"type":"Feature","properties":{"full_id":"w362540830","osm_id":"362540830","osm_type":"way","Type de vo":"service","Niveau":null,"Pont":null,"Tyoe de pi":null,"État de s":null,"Vitesse ":null,"Référenc":null,"Nom":null,"Éclairage":null,"Sans issue":null,"Intersecti":null,"Nombre de ":null,"Accès":"oui","surface":null,"Service":"Voie d’accès","Sens uniqu":null},"geometry":{"type":"LineString","coordinates":[[-16.4988665,16.0206403],[-16.4989044,16.0205576]]}},{"type":"Feature","properties":{"full_id":"w395950175","osm_id":"395950175","osm_type":"way","Type de vo":"service","Niveau":null,"Pont":null,"Tyoe de pi":null,"État de s":null,"Vitesse ":null,"Référenc":null,"Nom":null,"Éclairage":null,"Sans issue":null,"Intersecti":null,"Nombre de ":null,"Accès":"oui","surface":"Sable","Service":null,"Sens uniqu":null},"geometry":{"type":"LineString","coordinates":[[-16.5092016,16.0071],[-16.509111,16.008077]]}},{"type":"Feature","properties":{"full_id":"w396551832","osm_id":"396551832","osm_type":"way","Type de vo":"service","Niveau":null,"Pont":null,"Tyoe de pi":null,"État de s":null,"Vitesse ":null,"Référenc":null,"Nom":null,"Éclairage":null,"Sans issue":"yes","Intersecti":null,"Nombre de ":null,"Accès":null,"surface":null,"Service":"Voie d’accès","Sens uniqu":null},"geometry":{"type":"LineString","coordinates":[[-16.4898965,16.0321692],[-16.4901487,16.0325243]]}},{"type":"Feature","properties":{"full_id":"w396551836","osm_id":"396551836","osm_type":"way","Type de vo":"service","Niveau":null,"Pont":null,"Tyoe de pi":null,"État de s":null,"Vitesse ":null,"Référenc":null,"Nom":null,"Éclairage":null,"Sans issue":"yes","Intersecti":null,"Nombre de ":null,"Accès":null,"surface":null,"Service":"Voie d’accès","Sens uniqu":null},"geometry":{"type":"LineString","coordinates":[[-16.4905241,16.0316407],[-16.4910185,16.0321266]]}},{"type":"Feature","properties":{"full_id":"w396565454","osm_id":"396565454","osm_type":"way","Type de vo":"service","Niveau":null,"Pont":null,"Tyoe de pi":null,"État de s":null,"Vitesse ":null,"Référenc":null,"Nom":null,"Éclairage":null,"Sans issue":null,"Intersecti":null,"Nombre de ":null,"Accès":null,"surface":"non pavée","Service":null,"Sens uniqu":null},"geometry":{"type":"LineString","coordinates":[[-16.4757674,16.0281619],[-16.4754847,16.0279447]]}},{"type":"Feature","properties":{"full_id":"w396574486","osm_id":"396574486","osm_type":"way","Type de vo":"service","Niveau":null,"Pont":null,"Tyoe de pi":null,"État de s":null,"Vitesse ":null,"Référenc":null,"Nom":null,"Éclairage":null,"Sans issue":null,"Intersecti":null,"Nombre de ":null,"Accès":null,"surface":"non pavée","Service":null,"Sens uniqu":null},"geometry":{"type":"LineString","coordinates":[[-16.4885817,16.030344],[-16.4888516,16.0303618]]}},{"type":"Feature","properties":{"full_id":"w396574487","osm_id":"396574487","osm_type":"way","Type de vo":"service","Niveau":null,"Pont":null,"Tyoe de pi":null,"État de s":null,"Vitesse ":null,"Référenc":null,"Nom":null,"Éclairage":null,"Sans issue":null,"Intersecti":null,"Nombre de ":null,"Accès":"Accès toléré","surface":"non pavée","Service":null,"Sens uniqu":null},"geometry":{"type":"LineString","coordinates":[[-16.4879014,16.0303026],[-16.4885817,16.030344]]}},{"type":"Feature","properties":{"full_id":"w396574680","osm_id":"396574680","osm_type":"way","Type de vo":"service","Niveau":null,"Pont":null,"Tyoe de pi":null,"État de s":null,"Vitesse ":null,"Référenc":null,"Nom":null,"Éclairage":null,"Sans issue":"yes","Intersecti":null,"Nombre de ":null,"Accès":null,"surface":null,"Service":"Voie d’accès","Sens uniqu":null},"geometry":{"type":"LineString","coordinates":[[-16.4886039,16.0323427],[-16.4888294,16.032216]]}},{"type":"Feature","properties":{"full_id":"w396611347","osm_id":"396611347","osm_type":"way","Type de vo":"service","Niveau":null,"Pont":null,"Tyoe de pi":null,"État de s":null,"Vitesse ":null,"Référenc":null,"Nom":null,"Éclairage":null,"Sans issue":null,"Intersecti":null,"Nombre de ":null,"Accès":null,"surface":null,"Service":null,"Sens uniqu":null},"geometry":{"type":"LineString","coordinates":[[-16.493899,16.0236121],[-16.493746,16.0239139]]}},{"type":"Feature","properties":{"full_id":"w396672500","osm_id":"396672500","osm_type":"way","Type de vo":"service","Niveau":null,"Pont":null,"Tyoe de pi":null,"État de s":null,"Vitesse ":null,"Référenc":null,"Nom":null,"Éclairage":null,"Sans issue":null,"Intersecti":null,"Nombre de ":null,"Accès":"Accès toléré","surface":"non pavée","Service":"Voie d’accès","Sens uniqu":null},"geometry":{"type":"LineString","coordinates":[[-16.4883301,16.0130669],[-16.4884209,16.0130575]]}},{"type":"Feature","properties":{"full_id":"w396672501","osm_id":"396672501","osm_type":"way","Type de vo":"service","Niveau":null,"Pont":null,"Tyoe de pi":null,"État de s":null,"Vitesse ":null,"Référenc":null,"Nom":null,"Éclairage":null,"Sans issue":null,"Intersecti":null,"Nombre de ":null,"Accès":"Accès toléré","surface":"non pavée","Service":"Voie d’accès","Sens uniqu":null},"geometry":{"type":"LineString","coordinates":[[-16.4879794,16.0152558],[-16.4890281,16.0151862]]}},{"type":"Feature","properties":{"full_id":"w396675195","osm_id":"396675195","osm_type":"way","Type de vo":"service","Niveau":null,"Pont":null,"Tyoe de pi":null,"État de s":null,"Vitesse ":null,"Référenc":null,"Nom":null,"Éclairage":null,"Sans issue":null,"Intersecti":null,"Nombre de ":null,"Accès":"Accès toléré","surface":"non pavée","Service":"Allée de parking","Sens uniqu":null},"geometry":{"type":"LineString","coordinates":[[-16.4882845,16.0128209],[-16.4883301,16.0130669]]}},{"type":"Feature","properties":{"full_id":"w396675998","osm_id":"396675998","osm_type":"way","Type de vo":"service","Niveau":null,"Pont":null,"Tyoe de pi":null,"État de s":null,"Vitesse ":null,"Référenc":null,"Nom":null,"Éclairage":null,"Sans issue":null,"Intersecti":null,"Nombre de ":null,"Accès":"Accès toléré","surface":"non pavée","Service":"Voie d’accès","Sens uniqu":null},"geometry":{"type":"LineString","coordinates":[[-16.4884209,16.0130575],[-16.4886032,16.0130387]]}},{"type":"Feature","properties":{"full_id":"w396676001","osm_id":"396676001","osm_type":"way","Type de vo":"service","Niveau":null,"Pont":null,"Tyoe de pi":null,"État de s":null,"Vitesse ":null,"Référenc":null,"Nom":null,"Éclairage":null,"Sans issue":null,"Intersecti":null,"Nombre de ":null,"Accès":"Accès toléré","surface":"non pavée","Service":"Voie d’accès","Sens uniqu":null},"geometry":{"type":"LineString","coordinates":[[-16.4886032,16.0130387],[-16.4888174,16.013013]]}},{"type":"Feature","properties":{"full_id":"w396677668","osm_id":"396677668","osm_type":"way","Type de vo":"service","Niveau":null,"Pont":null,"Tyoe de pi":null,"État de s":null,"Vitesse ":null,"Référenc":null,"Nom":null,"Éclairage":null,"Sans issue":null,"Intersecti":null,"Nombre de ":null,"Accès":"non","surface":null,"Service":"Voie d’accès","Sens uniqu":null},"geometry":{"type":"LineString","coordinates":[[-16.4891172,16.0167836],[-16.4893022,16.0178123]]}},{"type":"Feature","properties":{"full_id":"w396677670","osm_id":"396677670","osm_type":"way","Type de vo":"service","Niveau":null,"Pont":null,"Tyoe de pi":null,"État de s":null,"Vitesse ":null,"Référenc":null,"Nom":null,"Éclairage":null,"Sans issue":null,"Intersecti":null,"Nombre de ":null,"Accès":"no","surface":null,"Service":"Voie d’accès","Sens uniqu":null},"geometry":{"type":"LineString","coordinates":[[-16.4894486,16.0167278],[-16.4891172,16.0167836]]}},{"type":"Feature","properties":{"full_id":"w396677672","osm_id":"396677672","osm_type":"way","Type de vo":"service","Niveau":null,"Pont":null,"Tyoe de pi":null,"État de s":null,"Vitesse ":null,"Référenc":null,"Nom":null,"Éclairage":null,"Sans issue":null,"Intersecti":null,"Nombre de ":null,"Accès":"non","surface":null,"Service":"Voie d’accès","Sens uniqu":null},"geometry":{"type":"LineString","coordinates":[[-16.4895126,16.0170559],[-16.4891755,16.0171078]]}},{"type":"Feature","properties":{"full_id":"w396681640","osm_id":"396681640","osm_type":"way","Type de vo":"service","Niveau":null,"Pont":null,"Tyoe de pi":null,"État de s":null,"Vitesse ":null,"Référenc":null,"Nom":null,"Éclairage":null,"Sans issue":null,"Intersecti":null,"Nombre de ":null,"Accès":"Accès toléré","surface":null,"Service":"Voie d’accès","Sens uniqu":"no"},"geometry":{"type":"LineString","coordinates":[[-16.4875523,16.0185144],[-16.4878342,16.0184679]]}},{"type":"Feature","properties":{"full_id":"w396691404","osm_id":"396691404","osm_type":"way","Type de vo":"service","Niveau":null,"Pont":null,"Tyoe de pi":null,"État de s":null,"Vitesse ":null,"Référenc":null,"Nom":null,"Éclairage":null,"Sans issue":null,"Intersecti":null,"Nombre de ":null,"Accès":"oui","surface":"non pavée","Service":null,"Sens uniqu":"non"},"geometry":{"type":"LineString","coordinates":[[-16.4909578,16.0152747],[-16.4911255,16.0151314]]}},{"type":"Feature","properties":{"full_id":"w396691406","osm_id":"396691406","osm_type":"way","Type de vo":"service","Niveau":null,"Pont":null,"Tyoe de pi":null,"État de s":null,"Vitesse ":null,"Référenc":null,"Nom":null,"Éclairage":null,"Sans issue":null,"Intersecti":null,"Nombre de ":null,"Accès":null,"surface":null,"Service":"Voie d’accès","Sens uniqu":null},"geometry":{"type":"LineString","coordinates":[[-16.4899913,16.0168036],[-16.4902426,16.0167502]]}},{"type":"Feature","properties":{"full_id":"w396691408","osm_id":"396691408","osm_type":"way","Type de vo":"service","Niveau":null,"Pont":null,"Tyoe de pi":null,"État de s":null,"Vitesse ":null,"Référenc":null,"Nom":null,"Éclairage":null,"Sans issue":null,"Intersecti":null,"Nombre de ":null,"Accès":null,"surface":null,"Service":"Voie d’accès","Sens uniqu":null},"geometry":{"type":"LineString","coordinates":[[-16.4901144,16.0174093],[-16.4899913,16.0168036]]}},{"type":"Feature","properties":{"full_id":"w396702158","osm_id":"396702158","osm_type":"way","Type de vo":"service","Niveau":null,"Pont":null,"Tyoe de pi":null,"État de s":null,"Vitesse ":null,"Référenc":null,"Nom":null,"Éclairage":null,"Sans issue":null,"Intersecti":null,"Nombre de ":null,"Accès":"Accès toléré","surface":"concrete","Service":null,"Sens uniqu":"non"},"geometry":{"type":"LineString","coordinates":[[-16.4879358,16.0081491],[-16.4882422,16.008101]]}},{"type":"Feature","properties":{"full_id":"w396702160","osm_id":"396702160","osm_type":"way","Type de vo":"service","Niveau":null,"Pont":null,"Tyoe de pi":null,"État de s":null,"Vitesse ":null,"Référenc":null,"Nom":null,"Éclairage":null,"Sans issue":null,"Intersecti":null,"Nombre de ":null,"Accès":"Accès toléré","surface":"concrete","Service":null,"Sens uniqu":"non"},"geometry":{"type":"LineString","coordinates":[[-16.4881532,16.0076056],[-16.4883628,16.0087926]]}},{"type":"Feature","properties":{"full_id":"w396702163","osm_id":"396702163","osm_type":"way","Type de vo":"service","Niveau":null,"Pont":null,"Tyoe de pi":null,"État de s":null,"Vitesse ":null,"Référenc":null,"Nom":null,"Éclairage":null,"Sans issue":null,"Intersecti":null,"Nombre de ":null,"Accès":"Accès toléré","surface":"non pavée","Service":null,"Sens uniqu":"non"},"geometry":{"type":"LineString","coordinates":[[-16.4881054,16.0088246],[-16.4886694,16.0087335]]}},{"type":"Feature","properties":{"full_id":"w396734498","osm_id":"396734498","osm_type":"way","Type de vo":"service","Niveau":null,"Pont":null,"Tyoe de pi":null,"État de s":null,"Vitesse ":null,"Référenc":null,"Nom":null,"Éclairage":null,"Sans issue":"yes","Intersecti":null,"Nombre de ":null,"Accès":"Accès toléré","surface":null,"Service":"Voie d’accès","Sens uniqu":null},"geometry":{"type":"LineString","coordinates":[[-16.4981335,16.0239043],[-16.4977611,16.0237925]]}},{"type":"Feature","properties":{"full_id":"w396947893","osm_id":"396947893","osm_type":"way","Type de vo":"residential","Niveau":null,"Pont":null,"Tyoe de pi":null,"État de s":null,"Vitesse ":null,"Référenc":"GMB-48","Nom":"Rue GMB-48","Éclairage":"yes","Sans issue":null,"Intersecti":null,"Nombre de ":null,"Accès":null,"surface":"non pavée","Service":null,"Sens uniqu":"non"},"geometry":{"type":"LineString","coordinates":[[-16.5063908,16.0435183],[-16.5060969,16.0435192]]}},{"type":"Feature","properties":{"full_id":"w396947894","osm_id":"396947894","osm_type":"way","Type de vo":"residential","Niveau":null,"Pont":null,"Tyoe de pi":null,"État de s":null,"Vitesse ":null,"Référenc":"GMB-40","Nom":"Rue GMB-40","Éclairage":"yes","Sans issue":null,"Intersecti":null,"Nombre de ":null,"Accès":null,"surface":"non pavée","Service":null,"Sens uniqu":"non"},"geometry":{"type":"LineString","coordinates":[[-16.5060948,16.0428814],[-16.5063752,16.0428847]]}},{"type":"Feature","properties":{"full_id":"w396947895","osm_id":"396947895","osm_type":"way","Type de vo":"residential","Niveau":null,"Pont":null,"Tyoe de pi":null,"État de s":null,"Vitesse ":null,"Référenc":"GMB-45","Nom":"Rue GMB-45","Éclairage":"yes","Sans issue":null,"Intersecti":null,"Nombre de ":null,"Accès":null,"surface":"non pavée","Service":null,"Sens uniqu":"non"},"geometry":{"type":"LineString","coordinates":[[-16.5060969,16.0435192],[-16.5060948,16.0428814]]}},{"type":"Feature","properties":{"full_id":"w397352339","osm_id":"397352339","osm_type":"way","Type de vo":"service","Niveau":null,"Pont":null,"Tyoe de pi":null,"État de s":null,"Vitesse ":null,"Référenc":null,"Nom":null,"Éclairage":null,"Sans issue":null,"Intersecti":null,"Nombre de ":null,"Accès":null,"surface":"non pavée","Service":"Voie d’accès","Sens uniqu":null},"geometry":{"type":"LineString","coordinates":[[-16.470164,16.0352477],[-16.4695211,16.0348392],[-16.4695553,16.0346428]]}},{"type":"Feature","properties":{"full_id":"w397352343","osm_id":"397352343","osm_type":"way","Type de vo":"service","Niveau":null,"Pont":null,"Tyoe de pi":null,"État de s":null,"Vitesse ":null,"Référenc":null,"Nom":null,"Éclairage":null,"Sans issue":null,"Intersecti":null,"Nombre de ":null,"Accès":null,"surface":"non pavée","Service":"Voie d’accès","Sens uniqu":null},"geometry":{"type":"LineString","coordinates":[[-16.4699865,16.0353967],[-16.4697702,16.0352486],[-16.4698976,16.0350578]]}},{"type":"Feature","properties":{"full_id":"w397353259","osm_id":"397353259","osm_type":"way","Type de vo":"service","Niveau":null,"Pont":null,"Tyoe de pi":null,"État de s":null,"Vitesse ":null,"Référenc":null,"Nom":null,"Éclairage":null,"Sans issue":null,"Intersecti":null,"Nombre de ":null,"Accès":null,"surface":"non pavée","Service":null,"Sens uniqu":"non"},"geometry":{"type":"LineString","coordinates":[[-16.4740662,16.030576],[-16.4737903,16.0304158]]}},{"type":"Feature","properties":{"full_id":"w397353260","osm_id":"397353260","osm_type":"way","Type de vo":"service","Niveau":null,"Pont":null,"Tyoe de pi":null,"État de s":null,"Vitesse ":null,"Référenc":null,"Nom":null,"Éclairage":null,"Sans issue":null,"Intersecti":null,"Nombre de ":null,"Accès":null,"surface":"non pavée","Service":null,"Sens uniqu":null},"geometry":{"type":"LineString","coordinates":[[-16.4754847,16.0279447],[-16.475419,16.0278925]]}},{"type":"Feature","properties":{"full_id":"w397354996","osm_id":"397354996","osm_type":"way","Type de vo":"service","Niveau":null,"Pont":null,"Tyoe de pi":null,"État de s":null,"Vitesse ":null,"Référenc":null,"Nom":null,"Éclairage":null,"Sans issue":null,"Intersecti":null,"Nombre de ":null,"Accès":null,"surface":null,"Service":"Voie d’accès","Sens uniqu":null},"geometry":{"type":"LineString","coordinates":[[-16.4577315,16.0390855],[-16.4576533,16.0388703]]}},{"type":"Feature","properties":{"full_id":"w397354998","osm_id":"397354998","osm_type":"way","Type de vo":"service","Niveau":null,"Pont":null,"Tyoe de pi":null,"État de s":null,"Vitesse ":null,"Référenc":null,"Nom":null,"Éclairage":null,"Sans issue":null,"Intersecti":null,"Nombre de ":null,"Accès":null,"surface":null,"Service":"Voie d’accès","Sens uniqu":null},"geometry":{"type":"LineString","coordinates":[[-16.4576242,16.0388613],[-16.457531,16.0388289]]}},{"type":"Feature","properties":{"full_id":"w397355000","osm_id":"397355000","osm_type":"way","Type de vo":"service","Niveau":"1","Pont":"yes","Tyoe de pi":null,"État de s":null,"Vitesse ":null,"Référenc":null,"Nom":null,"Éclairage":null,"Sans issue":null,"Intersecti":null,"Nombre de ":null,"Accès":null,"surface":null,"Service":"Voie d’accès","Sens uniqu":null},"geometry":{"type":"LineString","coordinates":[[-16.4576533,16.0388703],[-16.4576242,16.0388613]]}},{"type":"Feature","properties":{"full_id":"w397409611","osm_id":"397409611","osm_type":"way","Type de vo":"service","Niveau":null,"Pont":null,"Tyoe de pi":null,"État de s":null,"Vitesse ":null,"Référenc":null,"Nom":null,"Éclairage":null,"Sans issue":null,"Intersecti":null,"Nombre de ":null,"Accès":null,"surface":null,"Service":null,"Sens uniqu":null},"geometry":{"type":"LineString","coordinates":[[-16.4435581,16.036132],[-16.4437602,16.0361707]]}},{"type":"Feature","properties":{"full_id":"w397409613","osm_id":"397409613","osm_type":"way","Type de vo":"service","Niveau":null,"Pont":null,"Tyoe de pi":null,"État de s":null,"Vitesse ":null,"Référenc":null,"Nom":null,"Éclairage":null,"Sans issue":null,"Intersecti":null,"Nombre de ":null,"Accès":null,"surface":null,"Service":null,"Sens uniqu":null},"geometry":{"type":"LineString","coordinates":[[-16.4426388,16.0361881],[-16.4425659,16.0365492]]}},{"type":"Feature","properties":{"full_id":"w398598922","osm_id":"398598922","osm_type":"way","Type de vo":"service","Niveau":null,"Pont":null,"Tyoe de pi":null,"État de s":null,"Vitesse ":null,"Référenc":null,"Nom":null,"Éclairage":null,"Sans issue":null,"Intersecti":null,"Nombre de ":null,"Accès":"oui","surface":"non pavée","Service":null,"Sens uniqu":"non"},"geometry":{"type":"LineString","coordinates":[[-16.4456497,16.0199319],[-16.445487073080358,16.019876578232616]]}},{"type":"Feature","properties":{"full_id":"w398598928","osm_id":"398598928","osm_type":"way","Type de vo":"service","Niveau":null,"Pont":null,"Tyoe de pi":null,"État de s":null,"Vitesse ":null,"Référenc":null,"Nom":null,"Éclairage":null,"Sans issue":null,"Intersecti":null,"Nombre de ":null,"Accès":"oui","surface":"non pavée","Service":null,"Sens uniqu":"non"},"geometry":{"type":"LineString","coordinates":[[-16.4458597,16.0193803],[-16.4460802,16.0194485]]}},{"type":"Feature","properties":{"full_id":"w398598929","osm_id":"398598929","osm_type":"way","Type de vo":"service","Niveau":null,"Pont":null,"Tyoe de pi":null,"État de s":null,"Vitesse ":null,"Référenc":null,"Nom":null,"Éclairage":null,"Sans issue":null,"Intersecti":null,"Nombre de ":null,"Accès":"oui","surface":"non pavée","Service":null,"Sens uniqu":"non"},"geometry":{"type":"LineString","coordinates":[[-16.4456056,16.0200623],[-16.4456497,16.0199319]]}},{"type":"Feature","properties":{"full_id":"w398598930","osm_id":"398598930","osm_type":"way","Type de vo":"service","Niveau":null,"Pont":null,"Tyoe de pi":null,"État de s":null,"Vitesse ":null,"Référenc":null,"Nom":null,"Éclairage":null,"Sans issue":null,"Intersecti":null,"Nombre de ":null,"Accès":"oui","surface":"non pavée","Service":null,"Sens uniqu":"non"},"geometry":{"type":"LineString","coordinates":[[-16.4456497,16.0199319],[-16.4458798,16.0199033]]}},{"type":"Feature","properties":{"full_id":"w398598953","osm_id":"398598953","osm_type":"way","Type de vo":"service","Niveau":null,"Pont":null,"Tyoe de pi":null,"État de s":null,"Vitesse ":null,"Référenc":null,"Nom":null,"Éclairage":null,"Sans issue":null,"Intersecti":null,"Nombre de ":null,"Accès":"oui","surface":"non pavée","Service":null,"Sens uniqu":"non"},"geometry":{"type":"LineString","coordinates":[[-16.4467325,16.0198351],[-16.4459471,16.0197549]]}},{"type":"Feature","properties":{"full_id":"w398598954","osm_id":"398598954","osm_type":"way","Type de vo":"service","Niveau":null,"Pont":null,"Tyoe de pi":null,"État de s":null,"Vitesse ":null,"Référenc":null,"Nom":null,"Éclairage":null,"Sans issue":null,"Intersecti":null,"Nombre de ":null,"Accès":"oui","surface":"non pavée","Service":null,"Sens uniqu":"non"},"geometry":{"type":"LineString","coordinates":[[-16.4470606,16.0196844],[-16.4467262,16.019589]]}},{"type":"Feature","properties":{"full_id":"w398806260","osm_id":"398806260","osm_type":"way","Type de vo":"service","Niveau":null,"Pont":null,"Tyoe de pi":null,"État de s":null,"Vitesse ":null,"Référenc":null,"Nom":null,"Éclairage":null,"Sans issue":null,"Intersecti":null,"Nombre de ":null,"Accès":"Accès toléré","surface":"non pavée","Service":null,"Sens uniqu":null},"geometry":{"type":"LineString","coordinates":[[-16.453995,16.0615396],[-16.4539846,16.0619446]]}},{"type":"Feature","properties":{"full_id":"w398806261","osm_id":"398806261","osm_type":"way","Type de vo":"service","Niveau":null,"Pont":null,"Tyoe de pi":null,"État de s":null,"Vitesse ":null,"Référenc":null,"Nom":null,"Éclairage":null,"Sans issue":null,"Intersecti":null,"Nombre de ":null,"Accès":"Accès toléré","surface":"non pavée","Service":null,"Sens uniqu":null},"geometry":{"type":"LineString","coordinates":[[-16.4551735,16.0620051],[-16.4523563,16.0618618]]}},{"type":"Feature","properties":{"full_id":"w398806262","osm_id":"398806262","osm_type":"way","Type de vo":"service","Niveau":null,"Pont":null,"Tyoe de pi":null,"État de s":null,"Vitesse ":null,"Référenc":null,"Nom":null,"Éclairage":null,"Sans issue":null,"Intersecti":null,"Nombre de ":null,"Accès":"Accès toléré","surface":"non pavée","Service":null,"Sens uniqu":null},"geometry":{"type":"LineString","coordinates":[[-16.4537703,16.0619337],[-16.4537384,16.0626765]]}},{"type":"Feature","properties":{"full_id":"w398806263","osm_id":"398806263","osm_type":"way","Type de vo":"service","Niveau":null,"Pont":null,"Tyoe de pi":null,"État de s":null,"Vitesse ":null,"Référenc":null,"Nom":null,"Éclairage":null,"Sans issue":null,"Intersecti":null,"Nombre de ":null,"Accès":"Accès toléré","surface":"non pavée","Service":null,"Sens uniqu":null},"geometry":{"type":"LineString","coordinates":[[-16.4524878,16.06147],[-16.4544778,16.0615628]]}},{"type":"Feature","properties":{"full_id":"w399361832","osm_id":"399361832","osm_type":"way","Type de vo":"service","Niveau":null,"Pont":null,"Tyoe de pi":null,"État de s":null,"Vitesse ":null,"Référenc":null,"Nom":null,"Éclairage":null,"Sans issue":"yes","Intersecti":null,"Nombre de ":null,"Accès":"Accès toléré","surface":null,"Service":null,"Sens uniqu":"non"},"geometry":{"type":"LineString","coordinates":[[-16.5043074,16.0299104],[-16.5044977,16.0299297]]}},{"type":"Feature","properties":{"full_id":"w399366397","osm_id":"399366397","osm_type":"way","Type de vo":"service","Niveau":null,"Pont":null,"Tyoe de pi":null,"État de s":null,"Vitesse ":null,"Référenc":null,"Nom":null,"Éclairage":null,"Sans issue":null,"Intersecti":null,"Nombre de ":null,"Accès":"Accès toléré","surface":"non pavée","Service":null,"Sens uniqu":null},"geometry":{"type":"LineString","coordinates":[[-16.5024601,16.0349348],[-16.5025796,16.0344094]]}},{"type":"Feature","properties":{"full_id":"w399366401","osm_id":"399366401","osm_type":"way","Type de vo":"service","Niveau":null,"Pont":null,"Tyoe de pi":null,"État de s":null,"Vitesse ":null,"Référenc":null,"Nom":null,"Éclairage":null,"Sans issue":null,"Intersecti":null,"Nombre de ":null,"Accès":null,"surface":null,"Service":"Voie d’accès","Sens uniqu":null},"geometry":{"type":"LineString","coordinates":[[-16.5033253,16.0328085],[-16.5036873,16.0328372]]}},{"type":"Feature","properties":{"full_id":"w399366404","osm_id":"399366404","osm_type":"way","Type de vo":"service","Niveau":null,"Pont":null,"Tyoe de pi":null,"État de s":null,"Vitesse ":null,"Référenc":null,"Nom":null,"Éclairage":null,"Sans issue":null,"Intersecti":null,"Nombre de ":null,"Accès":null,"surface":null,"Service":"Voie d’accès","Sens uniqu":null},"geometry":{"type":"LineString","coordinates":[[-16.5031527,16.0338],[-16.503113,16.034175]]}},{"type":"Feature","properties":{"full_id":"w447685991","osm_id":"447685991","osm_type":"way","Type de vo":"service","Niveau":null,"Pont":null,"Tyoe de pi":null,"État de s":null,"Vitesse ":null,"Référenc":null,"Nom":null,"Éclairage":null,"Sans issue":null,"Intersecti":null,"Nombre de ":null,"Accès":"Accès toléré","surface":null,"Service":null,"Sens uniqu":null},"geometry":{"type":"LineString","coordinates":[[-16.5076551,16.0275812],[-16.5076414,16.0280525]]}},{"type":"Feature","properties":{"full_id":"w571803995","osm_id":"571803995","osm_type":"way","Type de vo":"service","Niveau":null,"Pont":null,"Tyoe de pi":null,"État de s":null,"Vitesse ":null,"Référenc":null,"Nom":null,"Éclairage":null,"Sans issue":null,"Intersecti":null,"Nombre de ":null,"Accès":null,"surface":null,"Service":null,"Sens uniqu":null},"geometry":{"type":"LineString","coordinates":[[-16.4963579,15.9796011],[-16.4960093,15.9796156]]}},{"type":"Feature","properties":{"full_id":"w576972023","osm_id":"576972023","osm_type":"way","Type de vo":"service","Niveau":null,"Pont":null,"Tyoe de pi":null,"État de s":null,"Vitesse ":null,"Référenc":null,"Nom":null,"Éclairage":null,"Sans issue":null,"Intersecti":null,"Nombre de ":null,"Accès":null,"surface":null,"Service":null,"Sens uniqu":null},"geometry":{"type":"LineString","coordinates":[[-16.4848881,15.9907125],[-16.4846493,15.9899543],[-16.4844746,15.9901034],[-16.4846481,15.9907959]]}},{"type":"Feature","properties":{"full_id":"w576972024","osm_id":"576972024","osm_type":"way","Type de vo":"service","Niveau":null,"Pont":null,"Tyoe de pi":null,"État de s":null,"Vitesse ":null,"Référenc":null,"Nom":null,"Éclairage":null,"Sans issue":null,"Intersecti":null,"Nombre de ":null,"Accès":null,"surface":null,"Service":null,"Sens uniqu":null},"geometry":{"type":"LineString","coordinates":[[-16.4841588,15.9900307],[-16.4844803,15.9901349]]}},{"type":"Feature","properties":{"full_id":"w577082364","osm_id":"577082364","osm_type":"way","Type de vo":"service","Niveau":null,"Pont":null,"Tyoe de pi":null,"État de s":null,"Vitesse ":null,"Référenc":null,"Nom":null,"Éclairage":null,"Sans issue":null,"Intersecti":null,"Nombre de ":null,"Accès":null,"surface":null,"Service":null,"Sens uniqu":null},"geometry":{"type":"LineString","coordinates":[[-16.4877026,15.9892748],[-16.4877393,15.9890094]]}},{"type":"Feature","properties":{"full_id":"w639261607","osm_id":"639261607","osm_type":"way","Type de vo":"service","Niveau":null,"Pont":null,"Tyoe de pi":null,"État de s":null,"Vitesse ":null,"Référenc":null,"Nom":null,"Éclairage":null,"Sans issue":null,"Intersecti":null,"Nombre de ":null,"Accès":null,"surface":null,"Service":null,"Sens uniqu":null},"geometry":{"type":"LineString","coordinates":[[-16.4870144,15.9894233],[-16.4866403,15.9889449],[-16.4857914,15.9885878]]}},{"type":"Feature","properties":{"full_id":"w639261608","osm_id":"639261608","osm_type":"way","Type de vo":"service","Niveau":null,"Pont":null,"Tyoe de pi":null,"État de s":null,"Vitesse ":null,"Référenc":null,"Nom":null,"Éclairage":null,"Sans issue":null,"Intersecti":null,"Nombre de ":null,"Accès":null,"surface":null,"Service":null,"Sens uniqu":null},"geometry":{"type":"LineString","coordinates":[[-16.4879237,15.9877143],[-16.4881611,15.9876563],[-16.4879787,15.9874803]]}},{"type":"Feature","properties":{"full_id":"w639261609","osm_id":"639261609","osm_type":"way","Type de vo":"service","Niveau":null,"Pont":null,"Tyoe de pi":null,"État de s":null,"Vitesse ":null,"Référenc":null,"Nom":null,"Éclairage":null,"Sans issue":null,"Intersecti":null,"Nombre de ":null,"Accès":null,"surface":null,"Service":null,"Sens uniqu":null},"geometry":{"type":"LineString","coordinates":[[-16.4880178,15.9869289],[-16.4883046,15.9868383],[-16.4880176,15.9867087]]}},{"type":"Feature","properties":{"full_id":"w639269721","osm_id":"639269721","osm_type":"way","Type de vo":"service","Niveau":null,"Pont":null,"Tyoe de pi":null,"État de s":null,"Vitesse ":null,"Référenc":null,"Nom":null,"Éclairage":null,"Sans issue":null,"Intersecti":null,"Nombre de ":null,"Accès":null,"surface":null,"Service":null,"Sens uniqu":null},"geometry":{"type":"LineString","coordinates":[[-16.4867811,15.9897919],[-16.4863157,15.9895624],[-16.485735,15.9896771]]}},{"type":"Feature","properties":{"full_id":"w643424322","osm_id":"643424322","osm_type":"way","Type de vo":"service","Niveau":null,"Pont":null,"Tyoe de pi":null,"État de s":null,"Vitesse ":null,"Référenc":null,"Nom":null,"Éclairage":null,"Sans issue":null,"Intersecti":null,"Nombre de ":null,"Accès":null,"surface":null,"Service":null,"Sens uniqu":null},"geometry":{"type":"LineString","coordinates":[[-16.4787413,16.0281997],[-16.479167,16.0281241],[-16.4790912,16.0275045]]}},{"type":"Feature","properties":{"full_id":"w643629846","osm_id":"643629846","osm_type":"way","Type de vo":"service","Niveau":null,"Pont":null,"Tyoe de pi":null,"État de s":null,"Vitesse ":null,"Référenc":null,"Nom":null,"Éclairage":null,"Sans issue":null,"Intersecti":null,"Nombre de ":null,"Accès":null,"surface":null,"Service":null,"Sens uniqu":null},"geometry":{"type":"LineString","coordinates":[[-16.5091083,16.0077031],[-16.508123,16.0077034]]}},{"type":"Feature","properties":{"full_id":"w644632378","osm_id":"644632378","osm_type":"way","Type de vo":"service","Niveau":null,"Pont":null,"Tyoe de pi":null,"État de s":null,"Vitesse ":null,"Référenc":null,"Nom":null,"Éclairage":null,"Sans issue":null,"Intersecti":null,"Nombre de ":null,"Accès":null,"surface":null,"Service":null,"Sens uniqu":null},"geometry":{"type":"LineString","coordinates":[[-16.4857596,15.9906416],[-16.4855298,15.9896991],[-16.4856964,15.989568]]}},{"type":"Feature","properties":{"full_id":"w644671326","osm_id":"644671326","osm_type":"way","Type de vo":"service","Niveau":null,"Pont":null,"Tyoe de pi":null,"État de s":null,"Vitesse ":null,"Référenc":null,"Nom":null,"Éclairage":null,"Sans issue":null,"Intersecti":null,"Nombre de ":null,"Accès":null,"surface":null,"Service":null,"Sens uniqu":null},"geometry":{"type":"LineString","coordinates":[[-16.4854669,15.990629],[-16.4851336,15.989387],[-16.4853823,15.9893342],[-16.4855325,15.9896552]]}},{"type":"Feature","properties":{"full_id":"w734693534","osm_id":"734693534","osm_type":"way","Type de vo":"service","Niveau":null,"Pont":null,"Tyoe de pi":null,"État de s":null,"Vitesse ":null,"Référenc":null,"Nom":null,"Éclairage":null,"Sans issue":null,"Intersecti":null,"Nombre de ":null,"Accès":null,"surface":null,"Service":null,"Sens uniqu":null},"geometry":{"type":"LineString","coordinates":[[-16.4556613,16.0638812],[-16.4552888,16.0637795]]}},{"type":"Feature","properties":{"full_id":"w896307574","osm_id":"896307574","osm_type":"way","Type de vo":"service","Niveau":null,"Pont":null,"Tyoe de pi":null,"État de s":null,"Vitesse ":null,"Référenc":null,"Nom":null,"Éclairage":null,"Sans issue":null,"Intersecti":null,"Nombre de ":null,"Accès":null,"surface":null,"Service":null,"Sens uniqu":null},"geometry":{"type":"LineString","coordinates":[[-16.4786007,16.0272706],[-16.4780134,16.0273466]]}},{"type":"Feature","properties":{"full_id":"w896759116","osm_id":"896759116","osm_type":"way","Type de vo":"service","Niveau":null,"Pont":null,"Tyoe de pi":null,"État de s":null,"Vitesse ":null,"Référenc":null,"Nom":null,"Éclairage":null,"Sans issue":null,"Intersecti":null,"Nombre de ":null,"Accès":null,"surface":null,"Service":null,"Sens uniqu":null},"geometry":{"type":"LineString","coordinates":[[-16.4791419,16.0261358],[-16.4787849,16.0262387]]}},{"type":"Feature","properties":{"full_id":"w896759117","osm_id":"896759117","osm_type":"way","Type de vo":"service","Niveau":null,"Pont":null,"Tyoe de pi":null,"État de s":null,"Vitesse ":null,"Référenc":null,"Nom":null,"Éclairage":null,"Sans issue":null,"Intersecti":null,"Nombre de ":null,"Accès":null,"surface":null,"Service":null,"Sens uniqu":null},"geometry":{"type":"LineString","coordinates":[[-16.4791317,16.0262724],[-16.4791195,16.0261558]]}},{"type":"Feature","properties":{"full_id":"w978883354","osm_id":"978883354","osm_type":"way","Type de vo":"service","Niveau":null,"Pont":null,"Tyoe de pi":null,"État de s":null,"Vitesse ":null,"Référenc":null,"Nom":null,"Éclairage":null,"Sans issue":null,"Intersecti":null,"Nombre de ":null,"Accès":null,"surface":null,"Service":null,"Sens uniqu":null},"geometry":{"type":"LineString","coordinates":[[-16.4970885,15.999406],[-16.4970721,15.9998546]]}},{"type":"Feature","properties":{"full_id":"w1010422897","osm_id":"1010422897","osm_type":"way","Type de vo":"service","Niveau":null,"Pont":null,"Tyoe de pi":null,"État de s":null,"Vitesse ":null,"Référenc":null,"Nom":null,"Éclairage":null,"Sans issue":null,"Intersecti":null,"Nombre de ":null,"Accès":null,"surface":"asphalte","Service":null,"Sens uniqu":null},"geometry":{"type":"LineString","coordinates":[[-16.4575278,16.0500156],[-16.4573358,16.0500323]]}},{"type":"Feature","properties":{"full_id":"w1013611301","osm_id":"1013611301","osm_type":"way","Type de vo":"service","Niveau":"-1","Pont":null,"Tyoe de pi":null,"État de s":null,"Vitesse ":null,"Référenc":null,"Nom":null,"Éclairage":null,"Sans issue":null,"Intersecti":null,"Nombre de ":null,"Accès":null,"surface":"Terre","Service":"Ruelle","Sens uniqu":null},"geometry":{"type":"LineString","coordinates":[[-16.5066831,16.0405125],[-16.5058824,16.0405136],[-16.5058713,16.0407653]]}},{"type":"Feature","properties":{"full_id":"w1013611302","osm_id":"1013611302","osm_type":"way","Type de vo":"service","Niveau":"-1","Pont":null,"Tyoe de pi":null,"État de s":null,"Vitesse ":null,"Référenc":null,"Nom":null,"Éclairage":null,"Sans issue":null,"Intersecti":null,"Nombre de ":null,"Accès":null,"surface":"Terre","Service":"Ruelle","Sens uniqu":null},"geometry":{"type":"LineString","coordinates":[[-16.5071872,16.0396701],[-16.5067536,16.0396702]]}},{"type":"Feature","properties":{"full_id":"w1013611303","osm_id":"1013611303","osm_type":"way","Type de vo":"service","Niveau":"1","Pont":"yes","Tyoe de pi":null,"État de s":null,"Vitesse ":null,"Référenc":null,"Nom":null,"Éclairage":null,"Sans issue":null,"Intersecti":null,"Nombre de ":null,"Accès":null,"surface":"Terre","Service":"Ruelle","Sens uniqu":null},"geometry":{"type":"LineString","coordinates":[[-16.5072168,16.0396701],[-16.5071872,16.0396701]]}},{"type":"Feature","properties":{"full_id":"w1013611304","osm_id":"1013611304","osm_type":"way","Type de vo":"service","Niveau":"-1","Pont":null,"Tyoe de pi":null,"État de s":null,"Vitesse ":null,"Référenc":null,"Nom":null,"Éclairage":null,"Sans issue":null,"Intersecti":null,"Nombre de ":null,"Accès":null,"surface":"Terre","Service":"Ruelle","Sens uniqu":null},"geometry":{"type":"LineString","coordinates":[[-16.507222,16.0396701],[-16.5072168,16.0396701]]}},{"type":"Feature","properties":{"full_id":"w1013612143","osm_id":"1013612143","osm_type":"way","Type de vo":"service","Niveau":"-1","Pont":null,"Tyoe de pi":null,"État de s":null,"Vitesse ":null,"Référenc":null,"Nom":null,"Éclairage":null,"Sans issue":null,"Intersecti":null,"Nombre de ":null,"Accès":null,"surface":"Terre","Service":"Ruelle","Sens uniqu":null},"geometry":{"type":"LineString","coordinates":[[-16.5079331,16.0013812],[-16.5088791,16.0014256]]}},{"type":"Feature","properties":{"full_id":"w1013612144","osm_id":"1013612144","osm_type":"way","Type de vo":"service","Niveau":"-1","Pont":null,"Tyoe de pi":null,"État de s":null,"Vitesse ":null,"Référenc":null,"Nom":null,"Éclairage":null,"Sans issue":null,"Intersecti":null,"Nombre de ":null,"Accès":null,"surface":"Terre","Service":"Ruelle","Sens uniqu":null},"geometry":{"type":"LineString","coordinates":[[-16.5082786,16.0014029],[-16.5082622,16.0017789]]}},{"type":"Feature","properties":{"full_id":"w1013612316","osm_id":"1013612316","osm_type":"way","Type de vo":"service","Niveau":null,"Pont":null,"Tyoe de pi":null,"État de s":null,"Vitesse ":null,"Référenc":null,"Nom":null,"Éclairage":null,"Sans issue":null,"Intersecti":null,"Nombre de ":null,"Accès":null,"surface":"Terre","Service":null,"Sens uniqu":null},"geometry":{"type":"LineString","coordinates":[[-16.5051768,16.0372611],[-16.5052412,16.0376314],[-16.5048512,16.0375955]]}},{"type":"Feature","properties":{"full_id":"w1013612317","osm_id":"1013612317","osm_type":"way","Type de vo":"service","Niveau":null,"Pont":null,"Tyoe de pi":null,"État de s":null,"Vitesse ":null,"Référenc":null,"Nom":null,"Éclairage":null,"Sans issue":null,"Intersecti":null,"Nombre de ":null,"Accès":null,"surface":"Terre","Service":null,"Sens uniqu":null},"geometry":{"type":"LineString","coordinates":[[-16.5052528,16.037517],[-16.5055027,16.0375506],[-16.5055727,16.0368258]]}},{"type":"Feature","properties":{"full_id":"w1013614622","osm_id":"1013614622","osm_type":"way","Type de vo":"service","Niveau":null,"Pont":null,"Tyoe de pi":null,"État de s":null,"Vitesse ":null,"Référenc":null,"Nom":null,"Éclairage":null,"Sans issue":null,"Intersecti":null,"Nombre de ":null,"Accès":null,"surface":"ground","Service":null,"Sens uniqu":null},"geometry":{"type":"LineString","coordinates":[[-16.4562656,16.0373496],[-16.4560425,16.0359143],[-16.4566263,16.0358279]]}},{"type":"Feature","properties":{"full_id":"w1013614623","osm_id":"1013614623","osm_type":"way","Type de vo":"service","Niveau":null,"Pont":null,"Tyoe de pi":null,"État de s":null,"Vitesse ":null,"Référenc":null,"Nom":null,"Éclairage":null,"Sans issue":null,"Intersecti":null,"Nombre de ":null,"Accès":null,"surface":"Terre","Service":null,"Sens uniqu":null},"geometry":{"type":"LineString","coordinates":[[-16.4562104,16.0369945],[-16.4567974,16.0368963]]}},{"type":"Feature","properties":{"full_id":"w1013614624","osm_id":"1013614624","osm_type":"way","Type de vo":"service","Niveau":null,"Pont":null,"Tyoe de pi":null,"État de s":null,"Vitesse ":null,"Référenc":null,"Nom":null,"Éclairage":null,"Sans issue":null,"Intersecti":null,"Nombre de ":null,"Accès":null,"surface":"Terre","Service":null,"Sens uniqu":null},"geometry":{"type":"LineString","coordinates":[[-16.4561543,16.0366337],[-16.4567402,16.0365407]]}},{"type":"Feature","properties":{"full_id":"w1013614625","osm_id":"1013614625","osm_type":"way","Type de vo":"service","Niveau":null,"Pont":null,"Tyoe de pi":null,"État de s":null,"Vitesse ":null,"Référenc":null,"Nom":null,"Éclairage":null,"Sans issue":null,"Intersecti":null,"Nombre de ":null,"Accès":null,"surface":"Terre","Service":null,"Sens uniqu":null},"geometry":{"type":"LineString","coordinates":[[-16.4560988,16.0362771],[-16.4566843,16.0361903]]}},{"type":"Feature","properties":{"full_id":"w1013614626","osm_id":"1013614626","osm_type":"way","Type de vo":"service","Niveau":null,"Pont":null,"Tyoe de pi":null,"État de s":null,"Vitesse ":null,"Référenc":null,"Nom":null,"Éclairage":null,"Sans issue":null,"Intersecti":null,"Nombre de ":null,"Accès":null,"surface":"Terre","Service":null,"Sens uniqu":null},"geometry":{"type":"LineString","coordinates":[[-16.4562656,16.0373496],[-16.4563671,16.0379945],[-16.4559697,16.0380448],[-16.4559236,16.0374022]]}},{"type":"Feature","properties":{"full_id":"w1013616323","osm_id":"1013616323","osm_type":"way","Type de vo":"service","Niveau":"-1","Pont":null,"Tyoe de pi":null,"État de s":null,"Vitesse ":null,"Référenc":null,"Nom":null,"Éclairage":null,"Sans issue":null,"Intersecti":null,"Nombre de ":null,"Accès":null,"surface":"Terre","Service":"Ruelle","Sens uniqu":null},"geometry":{"type":"LineString","coordinates":[[-16.4483955,16.0397761],[-16.4483376,16.0409894]]}},{"type":"Feature","properties":{"full_id":"w1013616324","osm_id":"1013616324","osm_type":"way","Type de vo":"service","Niveau":null,"Pont":null,"Tyoe de pi":null,"État de s":null,"Vitesse ":null,"Référenc":null,"Nom":null,"Éclairage":null,"Sans issue":null,"Intersecti":null,"Nombre de ":null,"Accès":null,"surface":"Terre","Service":"Ruelle","Sens uniqu":null},"geometry":{"type":"LineString","coordinates":[[-16.4484377,16.0406328],[-16.4481214,16.0406638],[-16.4480612,16.04021],[-16.4472361,16.0401159]]}},{"type":"Feature","properties":{"full_id":"w1013616325","osm_id":"1013616325","osm_type":"way","Type de vo":"service","Niveau":null,"Pont":null,"Tyoe de pi":null,"État de s":null,"Vitesse ":null,"Référenc":null,"Nom":null,"Éclairage":null,"Sans issue":null,"Intersecti":null,"Nombre de ":null,"Accès":null,"surface":"Terre","Service":"Ruelle","Sens uniqu":null},"geometry":{"type":"LineString","coordinates":[[-16.4467178,16.0406171],[-16.4469388,16.0411189]]}},{"type":"Feature","properties":{"full_id":"w1013616328","osm_id":"1013616328","osm_type":"way","Type de vo":"service","Niveau":null,"Pont":null,"Tyoe de pi":null,"État de s":null,"Vitesse ":null,"Référenc":null,"Nom":null,"Éclairage":null,"Sans issue":null,"Intersecti":null,"Nombre de ":null,"Accès":null,"surface":"Terre","Service":"Ruelle","Sens uniqu":null},"geometry":{"type":"LineString","coordinates":[[-16.4462683,16.0405615],[-16.4465206,16.0405789]]}},{"type":"Feature","properties":{"full_id":"w1013616333","osm_id":"1013616333","osm_type":"way","Type de vo":"service","Niveau":"-1","Pont":null,"Tyoe de pi":null,"État de s":null,"Vitesse ":null,"Référenc":null,"Nom":null,"Éclairage":null,"Sans issue":null,"Intersecti":null,"Nombre de ":null,"Accès":null,"surface":"Terre","Service":"Ruelle","Sens uniqu":null},"geometry":{"type":"LineString","coordinates":[[-16.4466036,16.0421777],[-16.4476823,16.0423574],[-16.4476584,16.0426682]]}},{"type":"Feature","properties":{"full_id":"w1013616337","osm_id":"1013616337","osm_type":"way","Type de vo":"service","Niveau":null,"Pont":null,"Tyoe de pi":null,"État de s":null,"Vitesse ":null,"Référenc":null,"Nom":null,"Éclairage":null,"Sans issue":null,"Intersecti":null,"Nombre de ":null,"Accès":null,"surface":"Terre","Service":"Ruelle","Sens uniqu":null},"geometry":{"type":"LineString","coordinates":[[-16.4474824,16.0422985],[-16.4474624,16.0414945]]}},{"type":"Feature","properties":{"full_id":"w1013616338","osm_id":"1013616338","osm_type":"way","Type de vo":"service","Niveau":"-1","Pont":null,"Tyoe de pi":null,"État de s":null,"Vitesse ":null,"Référenc":null,"Nom":null,"Éclairage":null,"Sans issue":null,"Intersecti":null,"Nombre de ":null,"Accès":null,"surface":"Terre","Service":"Ruelle","Sens uniqu":null},"geometry":{"type":"LineString","coordinates":[[-16.4476823,16.0423574],[-16.4479969,16.0415661],[-16.4470331,16.0414403],[-16.446499,16.0415327]]}},{"type":"Feature","properties":{"full_id":"w1013616340","osm_id":"1013616340","osm_type":"way","Type de vo":"service","Niveau":null,"Pont":null,"Tyoe de pi":null,"État de s":null,"Vitesse ":null,"Référenc":null,"Nom":null,"Éclairage":null,"Sans issue":null,"Intersecti":null,"Nombre de ":null,"Accès":null,"surface":"Terre","Service":"Ruelle","Sens uniqu":null},"geometry":{"type":"LineString","coordinates":[[-16.4483514,16.0415822],[-16.4479969,16.0415661]]}},{"type":"Feature","properties":{"full_id":"w1013616341","osm_id":"1013616341","osm_type":"way","Type de vo":"service","Niveau":null,"Pont":null,"Tyoe de pi":null,"État de s":null,"Vitesse ":null,"Référenc":null,"Nom":null,"Éclairage":null,"Sans issue":null,"Intersecti":null,"Nombre de ":null,"Accès":null,"surface":"Terre","Service":"Ruelle","Sens uniqu":null},"geometry":{"type":"LineString","coordinates":[[-16.447042,16.0422168],[-16.4470762,16.0426464]]}},{"type":"Feature","properties":{"full_id":"w1013616344","osm_id":"1013616344","osm_type":"way","Type de vo":"service","Niveau":null,"Pont":null,"Tyoe de pi":null,"État de s":null,"Vitesse ":null,"Référenc":null,"Nom":null,"Éclairage":null,"Sans issue":null,"Intersecti":null,"Nombre de ":null,"Accès":null,"surface":"Terre","Service":"Ruelle","Sens uniqu":null},"geometry":{"type":"LineString","coordinates":[[-16.4487542,16.0412736],[-16.4483514,16.0415822],[-16.4480295,16.0426858]]}},{"type":"Feature","properties":{"full_id":"w1013616347","osm_id":"1013616347","osm_type":"way","Type de vo":"service","Niveau":"-1","Pont":null,"Tyoe de pi":null,"État de s":null,"Vitesse ":null,"Référenc":null,"Nom":null,"Éclairage":null,"Sans issue":null,"Intersecti":null,"Nombre de ":null,"Accès":null,"surface":"Terre","Service":"Ruelle","Sens uniqu":null},"geometry":{"type":"LineString","coordinates":[[-16.4479114,16.0411396],[-16.4478336,16.0413547],[-16.4476214,16.0413513]]}},{"type":"Feature","properties":{"full_id":"w1013616348","osm_id":"1013616348","osm_type":"way","Type de vo":"service","Niveau":null,"Pont":null,"Tyoe de pi":null,"État de s":null,"Vitesse ":null,"Référenc":null,"Nom":null,"Éclairage":null,"Sans issue":null,"Intersecti":null,"Nombre de ":null,"Accès":null,"surface":"Terre","Service":"Ruelle","Sens uniqu":null},"geometry":{"type":"LineString","coordinates":[[-16.4478246,16.0415399],[-16.447822,16.0417838]]}},{"type":"Feature","properties":{"full_id":"w1013616349","osm_id":"1013616349","osm_type":"way","Type de vo":"service","Niveau":"-1","Pont":null,"Tyoe de pi":null,"État de s":null,"Vitesse ":null,"Référenc":null,"Nom":null,"Éclairage":null,"Sans issue":null,"Intersecti":null,"Nombre de ":null,"Accès":null,"surface":"Terre","Service":"Ruelle","Sens uniqu":null},"geometry":{"type":"LineString","coordinates":[[-16.4461448,16.0403952],[-16.4460789,16.0406644],[-16.4458644,16.0406927],[-16.4457759,16.0411026],[-16.4454399,16.0411332]]}},{"type":"Feature","properties":{"full_id":"w1013616350","osm_id":"1013616350","osm_type":"way","Type de vo":"service","Niveau":null,"Pont":null,"Tyoe de pi":null,"État de s":null,"Vitesse ":null,"Référenc":null,"Nom":null,"Éclairage":null,"Sans issue":null,"Intersecti":null,"Nombre de ":null,"Accès":null,"surface":"Terre","Service":"Ruelle","Sens uniqu":null},"geometry":{"type":"LineString","coordinates":[[-16.4454608,16.0401881],[-16.445533,16.0408195]]}},{"type":"Feature","properties":{"full_id":"w1013616351","osm_id":"1013616351","osm_type":"way","Type de vo":"service","Niveau":"-1","Pont":null,"Tyoe de pi":null,"État de s":null,"Vitesse ":null,"Référenc":null,"Nom":null,"Éclairage":null,"Sans issue":null,"Intersecti":null,"Nombre de ":null,"Accès":null,"surface":"Terre","Service":"Ruelle","Sens uniqu":null},"geometry":{"type":"LineString","coordinates":[[-16.445521,16.040569],[-16.4458054,16.040917]]}},{"type":"Feature","properties":{"full_id":"w1013616352","osm_id":"1013616352","osm_type":"way","Type de vo":"service","Niveau":"-1","Pont":null,"Tyoe de pi":null,"État de s":null,"Vitesse ":null,"Référenc":null,"Nom":null,"Éclairage":null,"Sans issue":null,"Intersecti":null,"Nombre de ":null,"Accès":null,"surface":"Terre","Service":"Ruelle","Sens uniqu":null},"geometry":{"type":"LineString","coordinates":[[-16.4458054,16.040917],[-16.4462372,16.0409866]]}},{"type":"Feature","properties":{"full_id":"w1013616353","osm_id":"1013616353","osm_type":"way","Type de vo":"service","Niveau":"-1","Pont":null,"Tyoe de pi":null,"État de s":null,"Vitesse ":null,"Référenc":null,"Nom":null,"Éclairage":null,"Sans issue":null,"Intersecti":null,"Nombre de ":null,"Accès":null,"surface":"Terre","Service":"Ruelle","Sens uniqu":null},"geometry":{"type":"LineString","coordinates":[[-16.4457759,16.0411026],[-16.4464362,16.04118]]}},{"type":"Feature","properties":{"full_id":"w1013616354","osm_id":"1013616354","osm_type":"way","Type de vo":"service","Niveau":"-1","Pont":null,"Tyoe de pi":null,"État de s":null,"Vitesse ":null,"Référenc":null,"Nom":null,"Éclairage":null,"Sans issue":null,"Intersecti":null,"Nombre de ":null,"Accès":null,"surface":"Terre","Service":"Ruelle","Sens uniqu":null},"geometry":{"type":"LineString","coordinates":[[-16.4458644,16.0406927],[-16.4458885,16.0403885]]}},{"type":"Feature","properties":{"full_id":"w1013616355","osm_id":"1013616355","osm_type":"way","Type de vo":"service","Niveau":null,"Pont":null,"Tyoe de pi":null,"État de s":null,"Vitesse ":null,"Référenc":null,"Nom":null,"Éclairage":null,"Sans issue":null,"Intersecti":null,"Nombre de ":null,"Accès":null,"surface":"Terre","Service":"Ruelle","Sens uniqu":null},"geometry":{"type":"LineString","coordinates":[[-16.4455822,16.0415876],[-16.445879,16.0415621],[-16.4459552,16.0418028]]}},{"type":"Feature","properties":{"full_id":"w1013616356","osm_id":"1013616356","osm_type":"way","Type de vo":"service","Niveau":"-1","Pont":null,"Tyoe de pi":null,"État de s":null,"Vitesse ":null,"Référenc":null,"Nom":null,"Éclairage":null,"Sans issue":null,"Intersecti":null,"Nombre de ":null,"Accès":null,"surface":"Terre","Service":"Ruelle","Sens uniqu":null},"geometry":{"type":"LineString","coordinates":[[-16.4459571,16.0416104],[-16.446499,16.0415327]]}},{"type":"Feature","properties":{"full_id":"w1013616576","osm_id":"1013616576","osm_type":"way","Type de vo":"service","Niveau":"-1","Pont":null,"Tyoe de pi":null,"État de s":null,"Vitesse ":null,"Référenc":null,"Nom":null,"Éclairage":null,"Sans issue":null,"Intersecti":null,"Nombre de ":null,"Accès":null,"surface":"Terre","Service":"Ruelle","Sens uniqu":null},"geometry":{"type":"LineString","coordinates":[[-16.4411473,16.0418669],[-16.4402921,16.0408396]]}},{"type":"Feature","properties":{"full_id":"w1013616577","osm_id":"1013616577","osm_type":"way","Type de vo":"service","Niveau":"-1","Pont":null,"Tyoe de pi":null,"État de s":null,"Vitesse ":null,"Référenc":null,"Nom":null,"Éclairage":null,"Sans issue":null,"Intersecti":null,"Nombre de ":null,"Accès":null,"surface":"Terre","Service":"Ruelle","Sens uniqu":null},"geometry":{"type":"LineString","coordinates":[[-16.4406016,16.0412108],[-16.4402568,16.0414316]]}},{"type":"Feature","properties":{"full_id":"w1013616578","osm_id":"1013616578","osm_type":"way","Type de vo":"service","Niveau":null,"Pont":null,"Tyoe de pi":null,"État de s":null,"Vitesse ":null,"Référenc":null,"Nom":null,"Éclairage":null,"Sans issue":null,"Intersecti":null,"Nombre de ":null,"Accès":null,"surface":"Terre","Service":"Ruelle","Sens uniqu":null},"geometry":{"type":"LineString","coordinates":[[-16.4412268,16.0409217],[-16.4406994,16.0412853]]}},{"type":"Feature","properties":{"full_id":"w1014220243","osm_id":"1014220243","osm_type":"way","Type de vo":"service","Niveau":null,"Pont":null,"Tyoe de pi":null,"État de s":null,"Vitesse ":null,"Référenc":null,"Nom":null,"Éclairage":null,"Sans issue":null,"Intersecti":null,"Nombre de ":null,"Accès":null,"surface":"Terre","Service":"Ruelle","Sens uniqu":null},"geometry":{"type":"LineString","coordinates":[[-16.4508196,16.0429275],[-16.4508067,16.0432917],[-16.4494669,16.0434092]]}},{"type":"Feature","properties":{"full_id":"w1014220249","osm_id":"1014220249","osm_type":"way","Type de vo":"service","Niveau":null,"Pont":null,"Tyoe de pi":null,"État de s":null,"Vitesse ":null,"Référenc":null,"Nom":null,"Éclairage":null,"Sans issue":null,"Intersecti":null,"Nombre de ":null,"Accès":null,"surface":"Terre","Service":"Ruelle","Sens uniqu":null},"geometry":{"type":"LineString","coordinates":[[-16.4482151,16.0463543],[-16.4481959,16.0456192]]}},{"type":"Feature","properties":{"full_id":"w1014220258","osm_id":"1014220258","osm_type":"way","Type de vo":"service","Niveau":null,"Pont":null,"Tyoe de pi":null,"État de s":null,"Vitesse ":null,"Référenc":null,"Nom":null,"Éclairage":null,"Sans issue":null,"Intersecti":null,"Nombre de ":null,"Accès":null,"surface":"Terre","Service":"Ruelle","Sens uniqu":null},"geometry":{"type":"LineString","coordinates":[[-16.449787,16.0442343],[-16.4494605,16.044324]]}},{"type":"Feature","properties":{"full_id":"w1014220266","osm_id":"1014220266","osm_type":"way","Type de vo":"service","Niveau":null,"Pont":null,"Tyoe de pi":null,"État de s":null,"Vitesse ":null,"Référenc":null,"Nom":null,"Éclairage":null,"Sans issue":null,"Intersecti":null,"Nombre de ":null,"Accès":null,"surface":"Terre","Service":"Ruelle","Sens uniqu":null},"geometry":{"type":"LineString","coordinates":[[-16.4454365,16.0460565],[-16.4454923,16.0458182],[-16.4453744,16.045783],[-16.4452484,16.0457674],[-16.4452034,16.0459948]]}},{"type":"Feature","properties":{"full_id":"w1014222398","osm_id":"1014222398","osm_type":"way","Type de vo":"service","Niveau":"-1","Pont":null,"Tyoe de pi":null,"État de s":null,"Vitesse ":null,"Référenc":null,"Nom":null,"Éclairage":null,"Sans issue":null,"Intersecti":null,"Nombre de ":null,"Accès":null,"surface":"Terre","Service":"Ruelle","Sens uniqu":null},"geometry":{"type":"LineString","coordinates":[[-16.4476449,16.0630666],[-16.4477641,16.0627729],[-16.4481459,16.0626815]]}},{"type":"Feature","properties":{"full_id":"w1014222401","osm_id":"1014222401","osm_type":"way","Type de vo":"service","Niveau":null,"Pont":null,"Tyoe de pi":null,"État de s":null,"Vitesse ":null,"Référenc":null,"Nom":null,"Éclairage":null,"Sans issue":null,"Intersecti":null,"Nombre de ":null,"Accès":null,"surface":"Terre","Service":"Ruelle","Sens uniqu":null},"geometry":{"type":"LineString","coordinates":[[-16.4474276,16.0619447],[-16.4473232,16.0622457]]}},{"type":"Feature","properties":{"full_id":"w1014222402","osm_id":"1014222402","osm_type":"way","Type de vo":"service","Niveau":null,"Pont":null,"Tyoe de pi":null,"État de s":null,"Vitesse ":null,"Référenc":null,"Nom":null,"Éclairage":null,"Sans issue":null,"Intersecti":null,"Nombre de ":null,"Accès":null,"surface":"Terre","Service":"Ruelle","Sens uniqu":null},"geometry":{"type":"LineString","coordinates":[[-16.4473745,16.0619821],[-16.4471038,16.061943]]}},{"type":"Feature","properties":{"full_id":"w1014222406","osm_id":"1014222406","osm_type":"way","Type de vo":"service","Niveau":"-1","Pont":null,"Tyoe de pi":null,"État de s":null,"Vitesse ":null,"Référenc":null,"Nom":null,"Éclairage":null,"Sans issue":null,"Intersecti":null,"Nombre de ":null,"Accès":null,"surface":"Terre","Service":"Ruelle","Sens uniqu":null},"geometry":{"type":"LineString","coordinates":[[-16.4494535,16.0625929],[-16.4491639,16.0621878],[-16.4490693,16.0622367]]}},{"type":"Feature","properties":{"full_id":"w1014222407","osm_id":"1014222407","osm_type":"way","Type de vo":"service","Niveau":"-1","Pont":null,"Tyoe de pi":null,"État de s":null,"Vitesse ":null,"Référenc":null,"Nom":null,"Éclairage":null,"Sans issue":null,"Intersecti":null,"Nombre de ":null,"Accès":null,"surface":"Terre","Service":"Ruelle","Sens uniqu":null},"geometry":{"type":"LineString","coordinates":[[-16.4491932,16.0618722],[-16.4484724,16.0620752]]}},{"type":"Feature","properties":{"full_id":"w1014222408","osm_id":"1014222408","osm_type":"way","Type de vo":"service","Niveau":null,"Pont":null,"Tyoe de pi":null,"État de s":null,"Vitesse ":null,"Référenc":null,"Nom":null,"Éclairage":null,"Sans issue":null,"Intersecti":null,"Nombre de ":null,"Accès":null,"surface":"Terre","Service":"Ruelle","Sens uniqu":null},"geometry":{"type":"LineString","coordinates":[[-16.4498024,16.0617836],[-16.4496794,16.0615264]]}},{"type":"Feature","properties":{"full_id":"w1014222409","osm_id":"1014222409","osm_type":"way","Type de vo":"service","Niveau":"-1","Pont":null,"Tyoe de pi":null,"État de s":null,"Vitesse ":null,"Référenc":null,"Nom":null,"Éclairage":null,"Sans issue":null,"Intersecti":null,"Nombre de ":null,"Accès":null,"surface":"Terre","Service":"Ruelle","Sens uniqu":null},"geometry":{"type":"LineString","coordinates":[[-16.4490309,16.061465],[-16.4494459,16.0614502]]}},{"type":"Feature","properties":{"full_id":"w1014222410","osm_id":"1014222410","osm_type":"way","Type de vo":"service","Niveau":"-1","Pont":null,"Tyoe de pi":null,"État de s":null,"Vitesse ":null,"Référenc":null,"Nom":null,"Éclairage":null,"Sans issue":null,"Intersecti":null,"Nombre de ":null,"Accès":null,"surface":"Terre","Service":"Ruelle","Sens uniqu":null},"geometry":{"type":"LineString","coordinates":[[-16.4500796,16.0603012],[-16.4497401,16.0601487],[-16.4490732,16.0602045]]}},{"type":"Feature","properties":{"full_id":"w1014222411","osm_id":"1014222411","osm_type":"way","Type de vo":"service","Niveau":null,"Pont":null,"Tyoe de pi":null,"État de s":null,"Vitesse ":null,"Référenc":null,"Nom":null,"Éclairage":null,"Sans issue":null,"Intersecti":null,"Nombre de ":null,"Accès":null,"surface":"Terre","Service":"Ruelle","Sens uniqu":null},"geometry":{"type":"LineString","coordinates":[[-16.4490009,16.0600291],[-16.4484769,16.0600365],[-16.4484872,16.0604016]]}},{"type":"Feature","properties":{"full_id":"w1014222414","osm_id":"1014222414","osm_type":"way","Type de vo":"service","Niveau":null,"Pont":null,"Tyoe de pi":null,"État de s":null,"Vitesse ":null,"Référenc":null,"Nom":null,"Éclairage":null,"Sans issue":null,"Intersecti":null,"Nombre de ":null,"Accès":null,"surface":"Terre","Service":"Ruelle","Sens uniqu":null},"geometry":{"type":"LineString","coordinates":[[-16.4483672,16.0594621],[-16.4484769,16.0600365]]}},{"type":"Feature","properties":{"full_id":"w1014222417","osm_id":"1014222417","osm_type":"way","Type de vo":"service","Niveau":null,"Pont":null,"Tyoe de pi":null,"État de s":null,"Vitesse ":null,"Référenc":null,"Nom":null,"Éclairage":null,"Sans issue":null,"Intersecti":null,"Nombre de ":null,"Accès":null,"surface":"Terre","Service":"Ruelle","Sens uniqu":null},"geometry":{"type":"LineString","coordinates":[[-16.4490509,16.0595422],[-16.4489836,16.0599939]]}},{"type":"Feature","properties":{"full_id":"w1014222421","osm_id":"1014222421","osm_type":"way","Type de vo":"service","Niveau":null,"Pont":null,"Tyoe de pi":null,"État de s":null,"Vitesse ":null,"Référenc":null,"Nom":null,"Éclairage":null,"Sans issue":null,"Intersecti":null,"Nombre de ":null,"Accès":null,"surface":"Terre","Service":"Ruelle","Sens uniqu":null},"geometry":{"type":"LineString","coordinates":[[-16.4509897,16.0608804],[-16.4499926,16.0606794]]}},{"type":"Feature","properties":{"full_id":"w1014224099","osm_id":"1014224099","osm_type":"way","Type de vo":"service","Niveau":null,"Pont":null,"Tyoe de pi":null,"État de s":null,"Vitesse ":null,"Référenc":null,"Nom":null,"Éclairage":null,"Sans issue":null,"Intersecti":null,"Nombre de ":null,"Accès":null,"surface":"Terre","Service":"Ruelle","Sens uniqu":null},"geometry":{"type":"LineString","coordinates":[[-16.4515696,16.0647845],[-16.4508628,16.0650889]]}},{"type":"Feature","properties":{"full_id":"w1014224101","osm_id":"1014224101","osm_type":"way","Type de vo":"service","Niveau":null,"Pont":null,"Tyoe de pi":null,"État de s":null,"Vitesse ":null,"Référenc":null,"Nom":null,"Éclairage":null,"Sans issue":null,"Intersecti":null,"Nombre de ":null,"Accès":null,"surface":"Terre","Service":"Ruelle","Sens uniqu":null},"geometry":{"type":"LineString","coordinates":[[-16.4504311,16.0651011],[-16.4507677,16.0658648]]}},{"type":"Feature","properties":{"full_id":"w1014224102","osm_id":"1014224102","osm_type":"way","Type de vo":"service","Niveau":null,"Pont":null,"Tyoe de pi":null,"État de s":null,"Vitesse ":null,"Référenc":null,"Nom":null,"Éclairage":null,"Sans issue":null,"Intersecti":null,"Nombre de ":null,"Accès":null,"surface":"Terre","Service":"Ruelle","Sens uniqu":null},"geometry":{"type":"LineString","coordinates":[[-16.4497523,16.0654171],[-16.4499912,16.0657268],[-16.449949061799824,16.065842046166384]]}},{"type":"Feature","properties":{"full_id":"w1014224107","osm_id":"1014224107","osm_type":"way","Type de vo":"service","Niveau":"-1","Pont":null,"Tyoe de pi":null,"État de s":null,"Vitesse ":null,"Référenc":null,"Nom":null,"Éclairage":null,"Sans issue":null,"Intersecti":null,"Nombre de ":null,"Accès":null,"surface":"Terre","Service":"Ruelle","Sens uniqu":null},"geometry":{"type":"LineString","coordinates":[[-16.4501853,16.0649777],[-16.4503022,16.0651648]]}},{"type":"Feature","properties":{"full_id":"w1014224244","osm_id":"1014224244","osm_type":"way","Type de vo":"service","Niveau":null,"Pont":null,"Tyoe de pi":null,"État de s":null,"Vitesse ":null,"Référenc":null,"Nom":null,"Éclairage":null,"Sans issue":null,"Intersecti":null,"Nombre de ":null,"Accès":null,"surface":"Terre","Service":"Ruelle","Sens uniqu":null},"geometry":{"type":"LineString","coordinates":[[-16.4474408,16.0601972],[-16.44657730488759,16.060546559501677]]}},{"type":"Feature","properties":{"full_id":"w1014486508","osm_id":"1014486508","osm_type":"way","Type de vo":"service","Niveau":null,"Pont":null,"Tyoe de pi":null,"État de s":null,"Vitesse ":null,"Référenc":null,"Nom":null,"Éclairage":null,"Sans issue":null,"Intersecti":null,"Nombre de ":null,"Accès":null,"surface":"Terre","Service":"Ruelle","Sens uniqu":null},"geometry":{"type":"LineString","coordinates":[[-16.4469069,16.0599891],[-16.4463912,16.0594569],[-16.4462133,16.0594527]]}},{"type":"Feature","properties":{"full_id":"w1014486509","osm_id":"1014486509","osm_type":"way","Type de vo":"service","Niveau":null,"Pont":null,"Tyoe de pi":null,"État de s":null,"Vitesse ":null,"Référenc":null,"Nom":null,"Éclairage":null,"Sans issue":null,"Intersecti":null,"Nombre de ":null,"Accès":null,"surface":"Terre","Service":"Ruelle","Sens uniqu":null},"geometry":{"type":"LineString","coordinates":[[-16.4466486,16.0597364],[-16.4467456,16.0592816]]}},{"type":"Feature","properties":{"full_id":"w1014486512","osm_id":"1014486512","osm_type":"way","Type de vo":"service","Niveau":null,"Pont":null,"Tyoe de pi":null,"État de s":null,"Vitesse ":null,"Référenc":null,"Nom":null,"Éclairage":null,"Sans issue":null,"Intersecti":null,"Nombre de ":null,"Accès":null,"surface":"Terre","Service":"Ruelle","Sens uniqu":null},"geometry":{"type":"LineString","coordinates":[[-16.4461931,16.0581923],[-16.4476159,16.0588526]]}},{"type":"Feature","properties":{"full_id":"w1014486527","osm_id":"1014486527","osm_type":"way","Type de vo":"service","Niveau":null,"Pont":null,"Tyoe de pi":null,"État de s":null,"Vitesse ":null,"Référenc":null,"Nom":null,"Éclairage":null,"Sans issue":null,"Intersecti":null,"Nombre de ":null,"Accès":null,"surface":"Terre","Service":"Ruelle","Sens uniqu":null},"geometry":{"type":"LineString","coordinates":[[-16.4491667,16.0586342],[-16.4489743,16.0589076],[-16.4488234,16.0588256]]}},{"type":"Feature","properties":{"full_id":"w1014487523","osm_id":"1014487523","osm_type":"way","Type de vo":"service","Niveau":null,"Pont":null,"Tyoe de pi":null,"État de s":null,"Vitesse ":null,"Référenc":null,"Nom":null,"Éclairage":null,"Sans issue":null,"Intersecti":null,"Nombre de ":null,"Accès":null,"surface":"Terre","Service":"Ruelle","Sens uniqu":null},"geometry":{"type":"LineString","coordinates":[[-16.4492714,16.0577934],[-16.4487533,16.057913]]}},{"type":"Feature","properties":{"full_id":"w1014487525","osm_id":"1014487525","osm_type":"way","Type de vo":"service","Niveau":null,"Pont":null,"Tyoe de pi":null,"État de s":null,"Vitesse ":null,"Référenc":null,"Nom":null,"Éclairage":null,"Sans issue":null,"Intersecti":null,"Nombre de ":null,"Accès":null,"surface":"Terre","Service":"Ruelle","Sens uniqu":null},"geometry":{"type":"LineString","coordinates":[[-16.4494038,16.0566335],[-16.4494198,16.0563275],[-16.4489712,16.0563283]]}},{"type":"Feature","properties":{"full_id":"w1014487526","osm_id":"1014487526","osm_type":"way","Type de vo":"service","Niveau":null,"Pont":null,"Tyoe de pi":null,"État de s":null,"Vitesse ":null,"Référenc":null,"Nom":null,"Éclairage":null,"Sans issue":null,"Intersecti":null,"Nombre de ":null,"Accès":null,"surface":"Terre","Service":"Ruelle","Sens uniqu":null},"geometry":{"type":"LineString","coordinates":[[-16.4497228,16.0566376],[-16.4497015,16.0560697],[-16.4500019,16.0560852],[-16.4500013,16.0557399],[-16.4502628,16.0556994]]}},{"type":"Feature","properties":{"full_id":"w1014487527","osm_id":"1014487527","osm_type":"way","Type de vo":"service","Niveau":null,"Pont":null,"Tyoe de pi":null,"État de s":null,"Vitesse ":null,"Référenc":null,"Nom":null,"Éclairage":null,"Sans issue":null,"Intersecti":null,"Nombre de ":null,"Accès":null,"surface":"Terre","Service":"Ruelle","Sens uniqu":null},"geometry":{"type":"LineString","coordinates":[[-16.4494198,16.0563275],[-16.4494976,16.0560311]]}},{"type":"Feature","properties":{"full_id":"w1014487528","osm_id":"1014487528","osm_type":"way","Type de vo":"service","Niveau":"-1","Pont":null,"Tyoe de pi":null,"État de s":null,"Vitesse ":null,"Référenc":null,"Nom":null,"Éclairage":null,"Sans issue":null,"Intersecti":null,"Nombre de ":null,"Accès":null,"surface":"Terre","Service":"Ruelle","Sens uniqu":null},"geometry":{"type":"LineString","coordinates":[[-16.4499695,16.0554084],[-16.4497934,16.0554674],[-16.4497578,16.0558506],[-16.4489352,16.0558209]]}},{"type":"Feature","properties":{"full_id":"w1014487529","osm_id":"1014487529","osm_type":"way","Type de vo":"service","Niveau":"-1","Pont":null,"Tyoe de pi":null,"État de s":null,"Vitesse ":null,"Référenc":null,"Nom":null,"Éclairage":null,"Sans issue":null,"Intersecti":null,"Nombre de ":null,"Accès":null,"surface":"Terre","Service":"Ruelle","Sens uniqu":null},"geometry":{"type":"LineString","coordinates":[[-16.4510951,16.0550584],[-16.4510064,16.0551726]]}},{"type":"Feature","properties":{"full_id":"w1014487532","osm_id":"1014487532","osm_type":"way","Type de vo":"service","Niveau":null,"Pont":null,"Tyoe de pi":null,"État de s":null,"Vitesse ":null,"Référenc":null,"Nom":null,"Éclairage":null,"Sans issue":null,"Intersecti":null,"Nombre de ":null,"Accès":null,"surface":"Terre","Service":"Ruelle","Sens uniqu":null},"geometry":{"type":"LineString","coordinates":[[-16.448987,16.0542083],[-16.4495025,16.0546117]]}},{"type":"Feature","properties":{"full_id":"w1014487535","osm_id":"1014487535","osm_type":"way","Type de vo":"service","Niveau":null,"Pont":null,"Tyoe de pi":null,"État de s":null,"Vitesse ":null,"Référenc":null,"Nom":null,"Éclairage":null,"Sans issue":null,"Intersecti":null,"Nombre de ":null,"Accès":null,"surface":"Terre","Service":"Ruelle","Sens uniqu":null},"geometry":{"type":"LineString","coordinates":[[-16.4475058,16.0559659],[-16.4480291,16.0555677],[-16.4479241,16.0551688]]}},{"type":"Feature","properties":{"full_id":"w1014487541","osm_id":"1014487541","osm_type":"way","Type de vo":"service","Niveau":null,"Pont":null,"Tyoe de pi":null,"État de s":null,"Vitesse ":null,"Référenc":null,"Nom":null,"Éclairage":null,"Sans issue":null,"Intersecti":null,"Nombre de ":null,"Accès":null,"surface":"Terre","Service":"Ruelle","Sens uniqu":null},"geometry":{"type":"LineString","coordinates":[[-16.4475981,16.0568815],[-16.4472699,16.0568486]]}},{"type":"Feature","properties":{"full_id":"w1014488414","osm_id":"1014488414","osm_type":"way","Type de vo":"service","Niveau":null,"Pont":null,"Tyoe de pi":null,"État de s":null,"Vitesse ":null,"Référenc":null,"Nom":null,"Éclairage":null,"Sans issue":null,"Intersecti":null,"Nombre de ":null,"Accès":null,"surface":"Terre","Service":"Ruelle","Sens uniqu":null},"geometry":{"type":"LineString","coordinates":[[-16.4481802,16.0544607],[-16.4482277,16.0546572],[-16.448587,16.05457]]}},{"type":"Feature","properties":{"full_id":"w1014488415","osm_id":"1014488415","osm_type":"way","Type de vo":"service","Niveau":"-1","Pont":null,"Tyoe de pi":null,"État de s":null,"Vitesse ":null,"Référenc":null,"Nom":null,"Éclairage":null,"Sans issue":null,"Intersecti":null,"Nombre de ":null,"Accès":null,"surface":"Terre","Service":"Ruelle","Sens uniqu":null},"geometry":{"type":"LineString","coordinates":[[-16.4489924,16.0541209],[-16.4483942,16.0541728]]}},{"type":"Feature","properties":{"full_id":"w1014488416","osm_id":"1014488416","osm_type":"way","Type de vo":"service","Niveau":"-1","Pont":null,"Tyoe de pi":null,"État de s":null,"Vitesse ":null,"Référenc":null,"Nom":null,"Éclairage":null,"Sans issue":null,"Intersecti":null,"Nombre de ":null,"Accès":null,"surface":"Terre","Service":"Ruelle","Sens uniqu":null},"geometry":{"type":"LineString","coordinates":[[-16.4508571,16.0543454],[-16.4510206,16.0547012],[-16.4508365,16.0548078]]}},{"type":"Feature","properties":{"full_id":"w1014488417","osm_id":"1014488417","osm_type":"way","Type de vo":"service","Niveau":"-1","Pont":null,"Tyoe de pi":null,"État de s":null,"Vitesse ":null,"Référenc":null,"Nom":null,"Éclairage":null,"Sans issue":null,"Intersecti":null,"Nombre de ":null,"Accès":null,"surface":"Terre","Service":"Ruelle","Sens uniqu":null},"geometry":{"type":"LineString","coordinates":[[-16.4507189,16.0546575],[-16.4513373,16.0543286]]}},{"type":"Feature","properties":{"full_id":"w1014488418","osm_id":"1014488418","osm_type":"way","Type de vo":"service","Niveau":null,"Pont":null,"Tyoe de pi":null,"État de s":null,"Vitesse ":null,"Référenc":null,"Nom":null,"Éclairage":null,"Sans issue":null,"Intersecti":null,"Nombre de ":null,"Accès":null,"surface":"Terre","Service":"Ruelle","Sens uniqu":null},"geometry":{"type":"LineString","coordinates":[[-16.4483455,16.0557897],[-16.4482633,16.0554384],[-16.4479791,16.0554091]]}},{"type":"Feature","properties":{"full_id":"w1014488419","osm_id":"1014488419","osm_type":"way","Type de vo":"service","Niveau":null,"Pont":null,"Tyoe de pi":null,"État de s":null,"Vitesse ":null,"Référenc":null,"Nom":null,"Éclairage":null,"Sans issue":null,"Intersecti":null,"Nombre de ":null,"Accès":null,"surface":"Terre","Service":"Ruelle","Sens uniqu":null},"geometry":{"type":"LineString","coordinates":[[-16.4497169,16.0558478],[-16.4497015,16.0560697]]}},{"type":"Feature","properties":{"full_id":"w1014488425","osm_id":"1014488425","osm_type":"way","Type de vo":"service","Niveau":null,"Pont":null,"Tyoe de pi":null,"État de s":null,"Vitesse ":null,"Référenc":null,"Nom":null,"Éclairage":null,"Sans issue":null,"Intersecti":null,"Nombre de ":null,"Accès":null,"surface":"Terre","Service":"Ruelle","Sens uniqu":null},"geometry":{"type":"LineString","coordinates":[[-16.4513894,16.0528316],[-16.4510099,16.0528814],[-16.4509187,16.0530335]]}},{"type":"Feature","properties":{"full_id":"w1014488426","osm_id":"1014488426","osm_type":"way","Type de vo":"service","Niveau":"-1","Pont":null,"Tyoe de pi":null,"État de s":null,"Vitesse ":null,"Référenc":null,"Nom":null,"Éclairage":null,"Sans issue":null,"Intersecti":null,"Nombre de ":null,"Accès":null,"surface":"Terre","Service":"Ruelle","Sens uniqu":null},"geometry":{"type":"LineString","coordinates":[[-16.4513798,16.0532452],[-16.4504815,16.0532783],[-16.4504607,16.0535423]]}},{"type":"Feature","properties":{"full_id":"w1014488427","osm_id":"1014488427","osm_type":"way","Type de vo":"service","Niveau":null,"Pont":null,"Tyoe de pi":null,"État de s":null,"Vitesse ":null,"Référenc":null,"Nom":null,"Éclairage":null,"Sans issue":null,"Intersecti":null,"Nombre de ":null,"Accès":null,"surface":"Terre","Service":"Ruelle","Sens uniqu":null},"geometry":{"type":"LineString","coordinates":[[-16.4504815,16.0532783],[-16.4502991,16.0532319],[-16.4501891,16.0533917]]}},{"type":"Feature","properties":{"full_id":"w1014488428","osm_id":"1014488428","osm_type":"way","Type de vo":"service","Niveau":null,"Pont":null,"Tyoe de pi":null,"État de s":null,"Vitesse ":null,"Référenc":null,"Nom":null,"Éclairage":null,"Sans issue":null,"Intersecti":null,"Nombre de ":null,"Accès":null,"surface":"Terre","Service":"Ruelle","Sens uniqu":null},"geometry":{"type":"LineString","coordinates":[[-16.4502991,16.0532319],[-16.4500933,16.052713]]}},{"type":"Feature","properties":{"full_id":"w1014488429","osm_id":"1014488429","osm_type":"way","Type de vo":"service","Niveau":"-1","Pont":null,"Tyoe de pi":null,"État de s":null,"Vitesse ":null,"Référenc":null,"Nom":null,"Éclairage":null,"Sans issue":null,"Intersecti":null,"Nombre de ":null,"Accès":null,"surface":"Terre","Service":"Ruelle","Sens uniqu":null},"geometry":{"type":"LineString","coordinates":[[-16.4504707,16.053219],[-16.4504949,16.0531159],[-16.4508275,16.0530154],[-16.4508328,16.0531417],[-16.4506263,16.0530979]]}},{"type":"Feature","properties":{"full_id":"w1014490778","osm_id":"1014490778","osm_type":"way","Type de vo":"service","Niveau":null,"Pont":null,"Tyoe de pi":null,"État de s":null,"Vitesse ":null,"Référenc":null,"Nom":null,"Éclairage":null,"Sans issue":null,"Intersecti":null,"Nombre de ":null,"Accès":null,"surface":"Terre","Service":"Ruelle","Sens uniqu":null},"geometry":{"type":"LineString","coordinates":[[-16.4482277,16.0546572],[-16.4483114,16.0551341]]}},{"type":"Feature","properties":{"full_id":"w1014490779","osm_id":"1014490779","osm_type":"way","Type de vo":"service","Niveau":null,"Pont":null,"Tyoe de pi":null,"État de s":null,"Vitesse ":null,"Référenc":null,"Nom":null,"Éclairage":null,"Sans issue":null,"Intersecti":null,"Nombre de ":null,"Accès":null,"surface":"Terre","Service":"Ruelle","Sens uniqu":null},"geometry":{"type":"LineString","coordinates":[[-16.4492079,16.0527637],[-16.4484997,16.0527845],[-16.44852,16.0531781]]}},{"type":"Feature","properties":{"full_id":"w1014490780","osm_id":"1014490780","osm_type":"way","Type de vo":"service","Niveau":null,"Pont":null,"Tyoe de pi":null,"État de s":null,"Vitesse ":null,"Référenc":null,"Nom":null,"Éclairage":null,"Sans issue":null,"Intersecti":null,"Nombre de ":null,"Accès":null,"surface":"Terre","Service":"Ruelle","Sens uniqu":null},"geometry":{"type":"LineString","coordinates":[[-16.4484434,16.0522899],[-16.4484997,16.0527845]]}},{"type":"Feature","properties":{"full_id":"w1014490781","osm_id":"1014490781","osm_type":"way","Type de vo":"service","Niveau":null,"Pont":null,"Tyoe de pi":null,"État de s":null,"Vitesse ":null,"Référenc":null,"Nom":null,"Éclairage":null,"Sans issue":null,"Intersecti":null,"Nombre de ":null,"Accès":null,"surface":"Terre","Service":"Ruelle","Sens uniqu":null},"geometry":{"type":"LineString","coordinates":[[-16.4486535,16.0515295],[-16.448121,16.0519887]]}},{"type":"Feature","properties":{"full_id":"w1014490783","osm_id":"1014490783","osm_type":"way","Type de vo":"service","Niveau":null,"Pont":null,"Tyoe de pi":null,"État de s":null,"Vitesse ":null,"Référenc":null,"Nom":null,"Éclairage":null,"Sans issue":null,"Intersecti":null,"Nombre de ":null,"Accès":null,"surface":"Terre","Service":"Ruelle","Sens uniqu":null},"geometry":{"type":"LineString","coordinates":[[-16.4484158,16.0517684],[-16.4481841,16.0515729]]}},{"type":"Feature","properties":{"full_id":"w1014490788","osm_id":"1014490788","osm_type":"way","Type de vo":"service","Niveau":null,"Pont":null,"Tyoe de pi":null,"État de s":null,"Vitesse ":null,"Référenc":null,"Nom":null,"Éclairage":null,"Sans issue":null,"Intersecti":null,"Nombre de ":null,"Accès":null,"surface":"Terre","Service":"Ruelle","Sens uniqu":null},"geometry":{"type":"LineString","coordinates":[[-16.445044,16.0529372],[-16.4451305,16.0537529]]}},{"type":"Feature","properties":{"full_id":"w1014490789","osm_id":"1014490789","osm_type":"way","Type de vo":"service","Niveau":null,"Pont":null,"Tyoe de pi":null,"État de s":null,"Vitesse ":null,"Référenc":null,"Nom":null,"Éclairage":null,"Sans issue":null,"Intersecti":null,"Nombre de ":null,"Accès":null,"surface":"Terre","Service":"Ruelle","Sens uniqu":null},"geometry":{"type":"LineString","coordinates":[[-16.4455037,16.0527092],[-16.4455173,16.05324]]}},{"type":"Feature","properties":{"full_id":"w1014490790","osm_id":"1014490790","osm_type":"way","Type de vo":"service","Niveau":"-1","Pont":null,"Tyoe de pi":null,"État de s":null,"Vitesse ":null,"Référenc":null,"Nom":null,"Éclairage":null,"Sans issue":null,"Intersecti":null,"Nombre de ":null,"Accès":null,"surface":"Terre","Service":"Ruelle","Sens uniqu":null},"geometry":{"type":"LineString","coordinates":[[-16.4466588,16.0531883],[-16.4460484,16.0531527]]}},{"type":"Feature","properties":{"full_id":"w1014490791","osm_id":"1014490791","osm_type":"way","Type de vo":"service","Niveau":null,"Pont":null,"Tyoe de pi":null,"État de s":null,"Vitesse ":null,"Référenc":null,"Nom":null,"Éclairage":null,"Sans issue":null,"Intersecti":null,"Nombre de ":null,"Accès":null,"surface":"Terre","Service":"Ruelle","Sens uniqu":null},"geometry":{"type":"LineString","coordinates":[[-16.4486818,16.0506408],[-16.4495218,16.0511935],[-16.4495183,16.0513976]]}},{"type":"Feature","properties":{"full_id":"w1014490792","osm_id":"1014490792","osm_type":"way","Type de vo":"service","Niveau":null,"Pont":null,"Tyoe de pi":null,"État de s":null,"Vitesse ":null,"Référenc":null,"Nom":null,"Éclairage":null,"Sans issue":null,"Intersecti":null,"Nombre de ":null,"Accès":null,"surface":"Terre","Service":"Ruelle","Sens uniqu":null},"geometry":{"type":"LineString","coordinates":[[-16.4495265,16.0508322],[-16.4494263,16.0511561]]}},{"type":"Feature","properties":{"full_id":"w1014490794","osm_id":"1014490794","osm_type":"way","Type de vo":"service","Niveau":null,"Pont":null,"Tyoe de pi":null,"État de s":null,"Vitesse ":null,"Référenc":null,"Nom":null,"Éclairage":null,"Sans issue":null,"Intersecti":null,"Nombre de ":null,"Accès":null,"surface":"Terre","Service":"Ruelle","Sens uniqu":null},"geometry":{"type":"LineString","coordinates":[[-16.4491894,16.0510078],[-16.4486535,16.0515295]]}},{"type":"Feature","properties":{"full_id":"w1014490795","osm_id":"1014490795","osm_type":"way","Type de vo":"service","Niveau":null,"Pont":null,"Tyoe de pi":null,"État de s":null,"Vitesse ":null,"Référenc":null,"Nom":null,"Éclairage":null,"Sans issue":null,"Intersecti":null,"Nombre de ":null,"Accès":null,"surface":"Terre","Service":"Ruelle","Sens uniqu":null},"geometry":{"type":"LineString","coordinates":[[-16.4489807,16.0511901],[-16.4492465,16.0513418],[-16.4492329,16.0515063]]}},{"type":"Feature","properties":{"full_id":"w1014490798","osm_id":"1014490798","osm_type":"way","Type de vo":"service","Niveau":null,"Pont":null,"Tyoe de pi":null,"État de s":null,"Vitesse ":null,"Référenc":null,"Nom":null,"Éclairage":null,"Sans issue":null,"Intersecti":null,"Nombre de ":null,"Accès":null,"surface":"Terre","Service":"Ruelle","Sens uniqu":null},"geometry":{"type":"LineString","coordinates":[[-16.4493354,16.0517713],[-16.449414,16.0520309]]}},{"type":"Feature","properties":{"full_id":"w1014490805","osm_id":"1014490805","osm_type":"way","Type de vo":"service","Niveau":null,"Pont":null,"Tyoe de pi":null,"État de s":null,"Vitesse ":null,"Référenc":null,"Nom":null,"Éclairage":null,"Sans issue":null,"Intersecti":null,"Nombre de ":null,"Accès":null,"surface":"Terre","Service":"Ruelle","Sens uniqu":null},"geometry":{"type":"LineString","coordinates":[[-16.4470359,16.0498506],[-16.4473482,16.0502187]]}},{"type":"Feature","properties":{"full_id":"w1014491793","osm_id":"1014491793","osm_type":"way","Type de vo":"service","Niveau":null,"Pont":null,"Tyoe de pi":null,"État de s":null,"Vitesse ":null,"Référenc":null,"Nom":null,"Éclairage":null,"Sans issue":null,"Intersecti":null,"Nombre de ":null,"Accès":null,"surface":"Terre","Service":"Ruelle","Sens uniqu":null},"geometry":{"type":"LineString","coordinates":[[-16.4565032,16.0438519],[-16.4561333,16.0437641]]}},{"type":"Feature","properties":{"full_id":"w1014491794","osm_id":"1014491794","osm_type":"way","Type de vo":"service","Niveau":null,"Pont":null,"Tyoe de pi":null,"État de s":null,"Vitesse ":null,"Référenc":null,"Nom":null,"Éclairage":null,"Sans issue":null,"Intersecti":null,"Nombre de ":null,"Accès":null,"surface":"Terre","Service":"Ruelle","Sens uniqu":null},"geometry":{"type":"LineString","coordinates":[[-16.448767,16.0410383],[-16.4477939,16.0409853],[-16.4479114,16.0411396]]}},{"type":"Feature","properties":{"full_id":"w1014491795","osm_id":"1014491795","osm_type":"way","Type de vo":"service","Niveau":null,"Pont":null,"Tyoe de pi":null,"État de s":null,"Vitesse ":null,"Référenc":null,"Nom":null,"Éclairage":null,"Sans issue":null,"Intersecti":null,"Nombre de ":null,"Accès":null,"surface":"Terre","Service":"Ruelle","Sens uniqu":null},"geometry":{"type":"LineString","coordinates":[[-16.4481052,16.0405412],[-16.4475274,16.0405547],[-16.4475159,16.0407478],[-16.4469427,16.0410675]]}},{"type":"Feature","properties":{"full_id":"w1014491796","osm_id":"1014491796","osm_type":"way","Type de vo":"service","Niveau":null,"Pont":null,"Tyoe de pi":null,"État de s":null,"Vitesse ":null,"Référenc":null,"Nom":null,"Éclairage":null,"Sans issue":null,"Intersecti":null,"Nombre de ":null,"Accès":null,"surface":"Terre","Service":"Ruelle","Sens uniqu":null},"geometry":{"type":"LineString","coordinates":[[-16.4475159,16.0407478],[-16.4476376,16.041001],[-16.4473466,16.0410705]]}},{"type":"Feature","properties":{"full_id":"w1014491797","osm_id":"1014491797","osm_type":"way","Type de vo":"service","Niveau":null,"Pont":null,"Tyoe de pi":null,"État de s":null,"Vitesse ":null,"Référenc":null,"Nom":null,"Éclairage":null,"Sans issue":null,"Intersecti":null,"Nombre de ":null,"Accès":null,"surface":"Terre","Service":"Ruelle","Sens uniqu":null},"geometry":{"type":"LineString","coordinates":[[-16.4477939,16.0409853],[-16.4476376,16.041001]]}},{"type":"Feature","properties":{"full_id":"w1014491798","osm_id":"1014491798","osm_type":"way","Type de vo":"service","Niveau":null,"Pont":null,"Tyoe de pi":null,"État de s":null,"Vitesse ":null,"Référenc":null,"Nom":null,"Éclairage":null,"Sans issue":null,"Intersecti":null,"Nombre de ":null,"Accès":null,"surface":"Terre","Service":"Ruelle","Sens uniqu":null},"geometry":{"type":"LineString","coordinates":[[-16.4469523,16.0412109],[-16.4472547,16.0413187]]}},{"type":"Feature","properties":{"full_id":"w1014491799","osm_id":"1014491799","osm_type":"way","Type de vo":"service","Niveau":null,"Pont":null,"Tyoe de pi":null,"État de s":null,"Vitesse ":null,"Référenc":null,"Nom":null,"Éclairage":null,"Sans issue":null,"Intersecti":null,"Nombre de ":null,"Accès":null,"surface":"Terre","Service":"Ruelle","Sens uniqu":null},"geometry":{"type":"LineString","coordinates":[[-16.4483071,16.041782],[-16.4485433,16.0419393],[-16.4485921,16.0423613],[-16.4481619,16.0424283]]}},{"type":"Feature","properties":{"full_id":"w1014491800","osm_id":"1014491800","osm_type":"way","Type de vo":"service","Niveau":null,"Pont":null,"Tyoe de pi":null,"État de s":null,"Vitesse ":null,"Référenc":null,"Nom":null,"Éclairage":null,"Sans issue":null,"Intersecti":null,"Nombre de ":null,"Accès":null,"surface":"Terre","Service":"Ruelle","Sens uniqu":null},"geometry":{"type":"LineString","coordinates":[[-16.4482188,16.0419641],[-16.4480755,16.0419779],[-16.4480612,16.0421517]]}},{"type":"Feature","properties":{"full_id":"w1014491801","osm_id":"1014491801","osm_type":"way","Type de vo":"service","Niveau":null,"Pont":null,"Tyoe de pi":null,"État de s":null,"Vitesse ":null,"Référenc":null,"Nom":null,"Éclairage":null,"Sans issue":null,"Intersecti":null,"Nombre de ":null,"Accès":null,"surface":"Terre","Service":"Ruelle","Sens uniqu":null},"geometry":{"type":"LineString","coordinates":[[-16.4490649,16.0423568],[-16.4485921,16.0423613]]}},{"type":"Feature","properties":{"full_id":"w1014491802","osm_id":"1014491802","osm_type":"way","Type de vo":"service","Niveau":null,"Pont":null,"Tyoe de pi":null,"État de s":null,"Vitesse ":null,"Référenc":null,"Nom":null,"Éclairage":null,"Sans issue":null,"Intersecti":null,"Nombre de ":null,"Accès":null,"surface":"Terre","Service":"Ruelle","Sens uniqu":null},"geometry":{"type":"LineString","coordinates":[[-16.4459552,16.0418028],[-16.4461496,16.0422962],[-16.4460299,16.0423245]]}},{"type":"Feature","properties":{"full_id":"w1014491803","osm_id":"1014491803","osm_type":"way","Type de vo":"service","Niveau":null,"Pont":null,"Tyoe de pi":null,"État de s":null,"Vitesse ":null,"Référenc":null,"Nom":null,"Éclairage":null,"Sans issue":null,"Intersecti":null,"Nombre de ":null,"Accès":null,"surface":"Terre","Service":"Ruelle","Sens uniqu":null},"geometry":{"type":"LineString","coordinates":[[-16.4459552,16.0418028],[-16.4463476,16.0421059]]}},{"type":"Feature","properties":{"full_id":"w1014492194","osm_id":"1014492194","osm_type":"way","Type de vo":"service","Niveau":null,"Pont":null,"Tyoe de pi":null,"État de s":null,"Vitesse ":null,"Référenc":null,"Nom":null,"Éclairage":null,"Sans issue":null,"Intersecti":null,"Nombre de ":null,"Accès":null,"surface":"Terre","Service":"Ruelle","Sens uniqu":null},"geometry":{"type":"LineString","coordinates":[[-16.4477912,16.0420454],[-16.447507,16.0419783]]}},{"type":"Feature","properties":{"full_id":"w1014492195","osm_id":"1014492195","osm_type":"way","Type de vo":"service","Niveau":null,"Pont":null,"Tyoe de pi":null,"État de s":null,"Vitesse ":null,"Référenc":null,"Nom":null,"Éclairage":null,"Sans issue":null,"Intersecti":null,"Nombre de ":null,"Accès":null,"surface":"Terre","Service":"Ruelle","Sens uniqu":null},"geometry":{"type":"LineString","coordinates":[[-16.4469388,16.0411189],[-16.4469282,16.0414547]]}},{"type":"Feature","properties":{"full_id":"w1014492196","osm_id":"1014492196","osm_type":"way","Type de vo":"service","Niveau":"-1","Pont":null,"Tyoe de pi":null,"État de s":null,"Vitesse ":null,"Référenc":null,"Nom":null,"Éclairage":null,"Sans issue":null,"Intersecti":null,"Nombre de ":null,"Accès":null,"surface":"Terre","Service":"Ruelle","Sens uniqu":null},"geometry":{"type":"LineString","coordinates":[[-16.4475176,16.0418618],[-16.4466053,16.0418082]]}},{"type":"Feature","properties":{"full_id":"w1014492197","osm_id":"1014492197","osm_type":"way","Type de vo":"service","Niveau":null,"Pont":null,"Tyoe de pi":null,"État de s":null,"Vitesse ":null,"Référenc":null,"Nom":null,"Éclairage":null,"Sans issue":null,"Intersecti":null,"Nombre de ":null,"Accès":null,"surface":"Terre","Service":"Ruelle","Sens uniqu":null},"geometry":{"type":"LineString","coordinates":[[-16.4471931,16.0418719],[-16.4471646,16.0422438]]}},{"type":"Feature","properties":{"full_id":"w1014492200","osm_id":"1014492200","osm_type":"way","Type de vo":"service","Niveau":null,"Pont":null,"Tyoe de pi":null,"État de s":null,"Vitesse ":null,"Référenc":null,"Nom":null,"Éclairage":null,"Sans issue":null,"Intersecti":null,"Nombre de ":null,"Accès":null,"surface":"Terre","Service":"Ruelle","Sens uniqu":null},"geometry":{"type":"LineString","coordinates":[[-16.4465292,16.0430105],[-16.4470043,16.0431189],[-16.4469477,16.0433632]]}},{"type":"Feature","properties":{"full_id":"w1014497116","osm_id":"1014497116","osm_type":"way","Type de vo":"service","Niveau":null,"Pont":null,"Tyoe de pi":null,"État de s":null,"Vitesse ":null,"Référenc":null,"Nom":null,"Éclairage":null,"Sans issue":null,"Intersecti":null,"Nombre de ":null,"Accès":null,"surface":"Terre","Service":"Ruelle","Sens uniqu":null},"geometry":{"type":"LineString","coordinates":[[-16.4447839,16.0541865],[-16.4445484,16.0543326]]}},{"type":"Feature","properties":{"full_id":"w1014497131","osm_id":"1014497131","osm_type":"way","Type de vo":"service","Niveau":null,"Pont":null,"Tyoe de pi":null,"État de s":null,"Vitesse ":null,"Référenc":null,"Nom":null,"Éclairage":null,"Sans issue":null,"Intersecti":null,"Nombre de ":null,"Accès":null,"surface":"Terre","Service":"Ruelle","Sens uniqu":null},"geometry":{"type":"LineString","coordinates":[[-16.442904886616343,16.05179226147135],[-16.4429393,16.051793]]}},{"type":"Feature","properties":{"full_id":"w1014497136","osm_id":"1014497136","osm_type":"way","Type de vo":"service","Niveau":null,"Pont":null,"Tyoe de pi":null,"État de s":null,"Vitesse ":null,"Référenc":null,"Nom":null,"Éclairage":null,"Sans issue":null,"Intersecti":null,"Nombre de ":null,"Accès":null,"surface":"Terre","Service":"Ruelle","Sens uniqu":null},"geometry":{"type":"LineString","coordinates":[[-16.4443568,16.053],[-16.4438989,16.0531509]]}},{"type":"Feature","properties":{"full_id":"w1014498689","osm_id":"1014498689","osm_type":"way","Type de vo":"service","Niveau":null,"Pont":null,"Tyoe de pi":null,"État de s":null,"Vitesse ":null,"Référenc":null,"Nom":null,"Éclairage":null,"Sans issue":null,"Intersecti":null,"Nombre de ":null,"Accès":null,"surface":"Terre","Service":"Ruelle","Sens uniqu":null},"geometry":{"type":"LineString","coordinates":[[-16.4453648,16.044301],[-16.4449092,16.0442678],[-16.444976,16.0435519]]}},{"type":"Feature","properties":{"full_id":"w1014498690","osm_id":"1014498690","osm_type":"way","Type de vo":"service","Niveau":null,"Pont":null,"Tyoe de pi":null,"État de s":null,"Vitesse ":null,"Référenc":null,"Nom":null,"Éclairage":null,"Sans issue":null,"Intersecti":null,"Nombre de ":null,"Accès":null,"surface":"Terre","Service":"Ruelle","Sens uniqu":null},"geometry":{"type":"LineString","coordinates":[[-16.4449118,16.0442043],[-16.4439327,16.044109]]}},{"type":"Feature","properties":{"full_id":"w1014498691","osm_id":"1014498691","osm_type":"way","Type de vo":"service","Niveau":null,"Pont":null,"Tyoe de pi":null,"État de s":null,"Vitesse ":null,"Référenc":null,"Nom":null,"Éclairage":null,"Sans issue":null,"Intersecti":null,"Nombre de ":null,"Accès":null,"surface":"Terre","Service":"Ruelle","Sens uniqu":null},"geometry":{"type":"LineString","coordinates":[[-16.4450081,16.044705],[-16.4450311,16.0442678]]}},{"type":"Feature","properties":{"full_id":"w1014498692","osm_id":"1014498692","osm_type":"way","Type de vo":"service","Niveau":null,"Pont":null,"Tyoe de pi":null,"État de s":null,"Vitesse ":null,"Référenc":null,"Nom":null,"Éclairage":null,"Sans issue":null,"Intersecti":null,"Nombre de ":null,"Accès":null,"surface":"Terre","Service":"Ruelle","Sens uniqu":null},"geometry":{"type":"LineString","coordinates":[[-16.4451362,16.0442782],[-16.4451597,16.0435042]]}},{"type":"Feature","properties":{"full_id":"w1014498693","osm_id":"1014498693","osm_type":"way","Type de vo":"service","Niveau":null,"Pont":null,"Tyoe de pi":null,"État de s":null,"Vitesse ":null,"Référenc":null,"Nom":null,"Éclairage":null,"Sans issue":null,"Intersecti":null,"Nombre de ":null,"Accès":null,"surface":"Terre","Service":"Ruelle","Sens uniqu":null},"geometry":{"type":"LineString","coordinates":[[-16.4439358,16.0440528],[-16.4435839,16.0441347],[-16.4435938,16.044347],[-16.4438773,16.0444199]]}},{"type":"Feature","properties":{"full_id":"w1014498694","osm_id":"1014498694","osm_type":"way","Type de vo":"service","Niveau":null,"Pont":null,"Tyoe de pi":null,"État de s":null,"Vitesse ":null,"Référenc":null,"Nom":null,"Éclairage":null,"Sans issue":null,"Intersecti":null,"Nombre de ":null,"Accès":null,"surface":"Terre","Service":"Ruelle","Sens uniqu":null},"geometry":{"type":"LineString","coordinates":[[-16.4451597,16.0435042],[-16.4452191,16.0432254],[-16.4449685,16.0431209]]}},{"type":"Feature","properties":{"full_id":"w1014498696","osm_id":"1014498696","osm_type":"way","Type de vo":"service","Niveau":null,"Pont":null,"Tyoe de pi":null,"État de s":null,"Vitesse ":null,"Référenc":null,"Nom":null,"Éclairage":null,"Sans issue":null,"Intersecti":null,"Nombre de ":null,"Accès":null,"surface":"Terre","Service":"Ruelle","Sens uniqu":null},"geometry":{"type":"LineString","coordinates":[[-16.4458845,16.0425845],[-16.4459341,16.0433283]]}},{"type":"Feature","properties":{"full_id":"w1014498697","osm_id":"1014498697","osm_type":"way","Type de vo":"service","Niveau":null,"Pont":null,"Tyoe de pi":null,"État de s":null,"Vitesse ":null,"Référenc":null,"Nom":null,"Éclairage":null,"Sans issue":null,"Intersecti":null,"Nombre de ":null,"Accès":null,"surface":"Terre","Service":"Ruelle","Sens uniqu":null},"geometry":{"type":"LineString","coordinates":[[-16.4460299,16.0423245],[-16.4460944,16.0426003]]}},{"type":"Feature","properties":{"full_id":"w1014498698","osm_id":"1014498698","osm_type":"way","Type de vo":"service","Niveau":"-1","Pont":null,"Tyoe de pi":null,"État de s":null,"Vitesse ":null,"Référenc":null,"Nom":null,"Éclairage":null,"Sans issue":null,"Intersecti":null,"Nombre de ":null,"Accès":null,"surface":"Terre","Service":"Ruelle","Sens uniqu":null},"geometry":{"type":"LineString","coordinates":[[-16.4457736,16.0415448],[-16.445974,16.0413213],[-16.4459174,16.0415874]]}},{"type":"Feature","properties":{"full_id":"w1014498700","osm_id":"1014498700","osm_type":"way","Type de vo":"service","Niveau":null,"Pont":null,"Tyoe de pi":null,"État de s":null,"Vitesse ":null,"Référenc":null,"Nom":null,"Éclairage":null,"Sans issue":null,"Intersecti":null,"Nombre de ":null,"Accès":null,"surface":"Terre","Service":"Ruelle","Sens uniqu":null},"geometry":{"type":"LineString","coordinates":[[-16.4457463,16.0409247],[-16.4453921,16.0409824]]}},{"type":"Feature","properties":{"full_id":"w1014498703","osm_id":"1014498703","osm_type":"way","Type de vo":"service","Niveau":null,"Pont":null,"Tyoe de pi":null,"État de s":null,"Vitesse ":null,"Référenc":null,"Nom":null,"Éclairage":null,"Sans issue":null,"Intersecti":null,"Nombre de ":null,"Accès":null,"surface":"Terre","Service":"Ruelle","Sens uniqu":null},"geometry":{"type":"LineString","coordinates":[[-16.4449734,16.0410025],[-16.4450799,16.041574]]}},{"type":"Feature","properties":{"full_id":"w1014498704","osm_id":"1014498704","osm_type":"way","Type de vo":"service","Niveau":null,"Pont":null,"Tyoe de pi":null,"État de s":null,"Vitesse ":null,"Référenc":null,"Nom":null,"Éclairage":null,"Sans issue":null,"Intersecti":null,"Nombre de ":null,"Accès":null,"surface":"Terre","Service":"Ruelle","Sens uniqu":null},"geometry":{"type":"LineString","coordinates":[[-16.4451981,16.041586],[-16.4452375,16.0420275]]}},{"type":"Feature","properties":{"full_id":"w1014498705","osm_id":"1014498705","osm_type":"way","Type de vo":"service","Niveau":"-1","Pont":null,"Tyoe de pi":null,"État de s":null,"Vitesse ":null,"Référenc":null,"Nom":null,"Éclairage":null,"Sans issue":null,"Intersecti":null,"Nombre de ":null,"Accès":null,"surface":"Terre","Service":"Ruelle","Sens uniqu":null},"geometry":{"type":"LineString","coordinates":[[-16.4439485,16.0416417],[-16.4448221,16.041873],[-16.4448529,16.0415346]]}},{"type":"Feature","properties":{"full_id":"w1014498706","osm_id":"1014498706","osm_type":"way","Type de vo":"service","Niveau":null,"Pont":null,"Tyoe de pi":null,"État de s":null,"Vitesse ":null,"Référenc":null,"Nom":null,"Éclairage":null,"Sans issue":null,"Intersecti":null,"Nombre de ":null,"Accès":null,"surface":"Terre","Service":"Ruelle","Sens uniqu":null},"geometry":{"type":"LineString","coordinates":[[-16.4446367,16.0418632],[-16.4446824,16.0420854],[-16.445104,16.0420609]]}},{"type":"Feature","properties":{"full_id":"w1014498707","osm_id":"1014498707","osm_type":"way","Type de vo":"service","Niveau":null,"Pont":null,"Tyoe de pi":null,"État de s":null,"Vitesse ":null,"Référenc":null,"Nom":null,"Éclairage":null,"Sans issue":null,"Intersecti":null,"Nombre de ":null,"Accès":null,"surface":"Terre","Service":"Ruelle","Sens uniqu":null},"geometry":{"type":"LineString","coordinates":[[-16.445583,16.0421531],[-16.445109,16.0422635]]}},{"type":"Feature","properties":{"full_id":"w1014498928","osm_id":"1014498928","osm_type":"way","Type de vo":"service","Niveau":null,"Pont":null,"Tyoe de pi":null,"État de s":null,"Vitesse ":null,"Référenc":null,"Nom":null,"Éclairage":null,"Sans issue":null,"Intersecti":null,"Nombre de ":null,"Accès":null,"surface":"Terre","Service":"Ruelle","Sens uniqu":null},"geometry":{"type":"LineString","coordinates":[[-16.4437899,16.0408171],[-16.4435819,16.0408488]]}},{"type":"Feature","properties":{"full_id":"w1014498929","osm_id":"1014498929","osm_type":"way","Type de vo":"service","Niveau":null,"Pont":null,"Tyoe de pi":null,"État de s":null,"Vitesse ":null,"Référenc":null,"Nom":null,"Éclairage":null,"Sans issue":null,"Intersecti":null,"Nombre de ":null,"Accès":null,"surface":"Terre","Service":"Ruelle","Sens uniqu":null},"geometry":{"type":"LineString","coordinates":[[-16.4424165,16.0409548],[-16.4426595,16.0415427]]}},{"type":"Feature","properties":{"full_id":"w1014498930","osm_id":"1014498930","osm_type":"way","Type de vo":"service","Niveau":null,"Pont":null,"Tyoe de pi":null,"État de s":null,"Vitesse ":null,"Référenc":null,"Nom":null,"Éclairage":null,"Sans issue":null,"Intersecti":null,"Nombre de ":null,"Accès":null,"surface":"Terre","Service":"Ruelle","Sens uniqu":null},"geometry":{"type":"LineString","coordinates":[[-16.4430274,16.041434],[-16.4430541,16.0418294]]}},{"type":"Feature","properties":{"full_id":"w1014498932","osm_id":"1014498932","osm_type":"way","Type de vo":"service","Niveau":null,"Pont":null,"Tyoe de pi":null,"État de s":null,"Vitesse ":null,"Référenc":null,"Nom":null,"Éclairage":null,"Sans issue":null,"Intersecti":null,"Nombre de ":null,"Accès":null,"surface":"Terre","Service":"Ruelle","Sens uniqu":null},"geometry":{"type":"LineString","coordinates":[[-16.4481214,16.0406638],[-16.4478645,16.040766]]}},{"type":"Feature","properties":{"full_id":"w1014498933","osm_id":"1014498933","osm_type":"way","Type de vo":"service","Niveau":null,"Pont":null,"Tyoe de pi":null,"État de s":null,"Vitesse ":null,"Référenc":null,"Nom":null,"Éclairage":null,"Sans issue":null,"Intersecti":null,"Nombre de ":null,"Accès":null,"surface":"Terre","Service":"Ruelle","Sens uniqu":null},"geometry":{"type":"LineString","coordinates":[[-16.4481301,16.0407512],[-16.4481455,16.040988]]}},{"type":"Feature","properties":{"full_id":"w1014500200","osm_id":"1014500200","osm_type":"way","Type de vo":"service","Niveau":null,"Pont":null,"Tyoe de pi":null,"État de s":null,"Vitesse ":null,"Référenc":null,"Nom":null,"Éclairage":null,"Sans issue":null,"Intersecti":null,"Nombre de ":null,"Accès":null,"surface":"Terre","Service":"Ruelle","Sens uniqu":null},"geometry":{"type":"LineString","coordinates":[[-16.441654,16.0450906],[-16.4416978,16.0453205],[-16.441864,16.0453653]]}},{"type":"Feature","properties":{"full_id":"w1014500201","osm_id":"1014500201","osm_type":"way","Type de vo":"service","Niveau":null,"Pont":null,"Tyoe de pi":null,"État de s":null,"Vitesse ":null,"Référenc":null,"Nom":null,"Éclairage":null,"Sans issue":null,"Intersecti":null,"Nombre de ":null,"Accès":null,"surface":"Terre","Service":"Ruelle","Sens uniqu":null},"geometry":{"type":"LineString","coordinates":[[-16.4418259,16.0457191],[-16.4419012,16.0454252]]}},{"type":"Feature","properties":{"full_id":"w1014500210","osm_id":"1014500210","osm_type":"way","Type de vo":"service","Niveau":null,"Pont":null,"Tyoe de pi":null,"État de s":null,"Vitesse ":null,"Référenc":null,"Nom":null,"Éclairage":null,"Sans issue":null,"Intersecti":null,"Nombre de ":null,"Accès":null,"surface":"Terre","Service":"Ruelle","Sens uniqu":null},"geometry":{"type":"LineString","coordinates":[[-16.4412403,16.0451965],[-16.4406938,16.045333]]}},{"type":"Feature","properties":{"full_id":"w1014500220","osm_id":"1014500220","osm_type":"way","Type de vo":"service","Niveau":null,"Pont":null,"Tyoe de pi":null,"État de s":null,"Vitesse ":null,"Référenc":null,"Nom":null,"Éclairage":null,"Sans issue":null,"Intersecti":null,"Nombre de ":null,"Accès":null,"surface":"Terre","Service":"Ruelle","Sens uniqu":null},"geometry":{"type":"LineString","coordinates":[[-16.4398482,16.0428933],[-16.4401676,16.0439838]]}},{"type":"Feature","properties":{"full_id":"w1014500221","osm_id":"1014500221","osm_type":"way","Type de vo":"service","Niveau":null,"Pont":null,"Tyoe de pi":null,"État de s":null,"Vitesse ":null,"Référenc":null,"Nom":null,"Éclairage":null,"Sans issue":null,"Intersecti":null,"Nombre de ":null,"Accès":null,"surface":"Terre","Service":"Ruelle","Sens uniqu":null},"geometry":{"type":"LineString","coordinates":[[-16.439560674404216,16.043398592458143],[-16.4398153,16.0440343]]}},{"type":"Feature","properties":{"full_id":"w1014500236","osm_id":"1014500236","osm_type":"way","Type de vo":"service","Niveau":null,"Pont":null,"Tyoe de pi":null,"État de s":null,"Vitesse ":null,"Référenc":null,"Nom":null,"Éclairage":null,"Sans issue":null,"Intersecti":null,"Nombre de ":null,"Accès":null,"surface":"Terre","Service":"Ruelle","Sens uniqu":null},"geometry":{"type":"LineString","coordinates":[[-16.4415915,16.0415169],[-16.441924,16.0419194]]}},{"type":"Feature","properties":{"full_id":"w1014940083","osm_id":"1014940083","osm_type":"way","Type de vo":"service","Niveau":null,"Pont":null,"Tyoe de pi":null,"État de s":null,"Vitesse ":null,"Référenc":null,"Nom":null,"Éclairage":null,"Sans issue":null,"Intersecti":null,"Nombre de ":null,"Accès":null,"surface":"Terre","Service":"Ruelle","Sens uniqu":null},"geometry":{"type":"LineString","coordinates":[[-16.439631874381917,16.04307367079504],[-16.4396334,16.0430752]]}},{"type":"Feature","properties":{"full_id":"w1014940093","osm_id":"1014940093","osm_type":"way","Type de vo":"service","Niveau":null,"Pont":null,"Tyoe de pi":null,"État de s":null,"Vitesse ":null,"Référenc":null,"Nom":null,"Éclairage":null,"Sans issue":null,"Intersecti":null,"Nombre de ":null,"Accès":null,"surface":"Terre","Service":"Ruelle","Sens uniqu":null},"geometry":{"type":"LineString","coordinates":[[-16.4402568,16.0414316],[-16.439938490047123,16.041674427774343]]}},{"type":"Feature","properties":{"full_id":"w1014940095","osm_id":"1014940095","osm_type":"way","Type de vo":"service","Niveau":null,"Pont":null,"Tyoe de pi":null,"État de s":null,"Vitesse ":null,"Référenc":null,"Nom":null,"Éclairage":null,"Sans issue":null,"Intersecti":null,"Nombre de ":null,"Accès":null,"surface":"Terre","Service":"Ruelle","Sens uniqu":null},"geometry":{"type":"LineString","coordinates":[[-16.439919291217134,16.041762041787326],[-16.4404882,16.0423899]]}},{"type":"Feature","properties":{"full_id":"w1014940096","osm_id":"1014940096","osm_type":"way","Type de vo":"service","Niveau":null,"Pont":null,"Tyoe de pi":null,"État de s":null,"Vitesse ":null,"Référenc":null,"Nom":null,"Éclairage":null,"Sans issue":null,"Intersecti":null,"Nombre de ":null,"Accès":null,"surface":"Terre","Service":"Ruelle","Sens uniqu":null},"geometry":{"type":"LineString","coordinates":[[-16.4404392,16.0407327],[-16.4408376,16.04119]]}},{"type":"Feature","properties":{"full_id":"w1014940106","osm_id":"1014940106","osm_type":"way","Type de vo":"service","Niveau":"-1","Pont":null,"Tyoe de pi":null,"État de s":null,"Vitesse ":null,"Référenc":null,"Nom":null,"Éclairage":null,"Sans issue":null,"Intersecti":null,"Nombre de ":null,"Accès":null,"surface":"Terre","Service":"Ruelle","Sens uniqu":null},"geometry":{"type":"LineString","coordinates":[[-16.4407745,16.0405059],[-16.4402599,16.0402236],[-16.44025568098654,16.040226924405896]]}},{"type":"Feature","properties":{"full_id":"w1014940107","osm_id":"1014940107","osm_type":"way","Type de vo":"service","Niveau":null,"Pont":null,"Tyoe de pi":null,"État de s":null,"Vitesse ":null,"Référenc":null,"Nom":null,"Éclairage":null,"Sans issue":null,"Intersecti":null,"Nombre de ":null,"Accès":null,"surface":"Terre","Service":"Ruelle","Sens uniqu":null},"geometry":{"type":"LineString","coordinates":[[-16.4409187,16.0399283],[-16.4413854,16.0399991]]}},{"type":"Feature","properties":{"full_id":"w1014940108","osm_id":"1014940108","osm_type":"way","Type de vo":"service","Niveau":null,"Pont":null,"Tyoe de pi":null,"État de s":null,"Vitesse ":null,"Référenc":null,"Nom":null,"Éclairage":null,"Sans issue":null,"Intersecti":null,"Nombre de ":null,"Accès":null,"surface":"Terre","Service":"Ruelle","Sens uniqu":null},"geometry":{"type":"LineString","coordinates":[[-16.4417256,16.039904],[-16.4420932,16.0406522],[-16.4412268,16.0409217]]}},{"type":"Feature","properties":{"full_id":"w1014940111","osm_id":"1014940111","osm_type":"way","Type de vo":"service","Niveau":null,"Pont":null,"Tyoe de pi":null,"État de s":null,"Vitesse ":null,"Référenc":null,"Nom":null,"Éclairage":null,"Sans issue":null,"Intersecti":null,"Nombre de ":null,"Accès":null,"surface":"Terre","Service":"Ruelle","Sens uniqu":null},"geometry":{"type":"LineString","coordinates":[[-16.441793,16.0389017],[-16.4425769,16.039061],[-16.4424527,16.039706]]}},{"type":"Feature","properties":{"full_id":"w1014940112","osm_id":"1014940112","osm_type":"way","Type de vo":"service","Niveau":null,"Pont":null,"Tyoe de pi":null,"État de s":null,"Vitesse ":null,"Référenc":null,"Nom":null,"Éclairage":null,"Sans issue":null,"Intersecti":null,"Nombre de ":null,"Accès":null,"surface":"Terre","Service":"Ruelle","Sens uniqu":null},"geometry":{"type":"LineString","coordinates":[[-16.4431859,16.0393646],[-16.4425354,16.0392653]]}},{"type":"Feature","properties":{"full_id":"w1014940113","osm_id":"1014940113","osm_type":"way","Type de vo":"service","Niveau":null,"Pont":null,"Tyoe de pi":null,"État de s":null,"Vitesse ":null,"Référenc":null,"Nom":null,"Éclairage":null,"Sans issue":null,"Intersecti":null,"Nombre de ":null,"Accès":null,"surface":"Terre","Service":"Ruelle","Sens uniqu":null},"geometry":{"type":"LineString","coordinates":[[-16.4423547,16.039021],[-16.4422914,16.0393596],[-16.4425097,16.0394021]]}},{"type":"Feature","properties":{"full_id":"w1014940114","osm_id":"1014940114","osm_type":"way","Type de vo":"service","Niveau":null,"Pont":null,"Tyoe de pi":null,"État de s":null,"Vitesse ":null,"Référenc":null,"Nom":null,"Éclairage":null,"Sans issue":null,"Intersecti":null,"Nombre de ":null,"Accès":null,"surface":"Terre","Service":"Ruelle","Sens uniqu":null},"geometry":{"type":"LineString","coordinates":[[-16.4425769,16.039061],[-16.4426794,16.0386352]]}},{"type":"Feature","properties":{"full_id":"w1014940118","osm_id":"1014940118","osm_type":"way","Type de vo":"service","Niveau":null,"Pont":null,"Tyoe de pi":null,"État de s":null,"Vitesse ":null,"Référenc":null,"Nom":null,"Éclairage":null,"Sans issue":null,"Intersecti":null,"Nombre de ":null,"Accès":null,"surface":"Terre","Service":"Ruelle","Sens uniqu":null},"geometry":{"type":"LineString","coordinates":[[-16.4441707,16.0392032],[-16.443562,16.0390841]]}},{"type":"Feature","properties":{"full_id":"w1014940119","osm_id":"1014940119","osm_type":"way","Type de vo":"service","Niveau":null,"Pont":null,"Tyoe de pi":null,"État de s":null,"Vitesse ":null,"Référenc":null,"Nom":null,"Éclairage":null,"Sans issue":null,"Intersecti":null,"Nombre de ":null,"Accès":null,"surface":"Terre","Service":"Ruelle","Sens uniqu":null},"geometry":{"type":"LineString","coordinates":[[-16.4446785,16.0393116],[-16.4448031,16.0402751]]}},{"type":"Feature","properties":{"full_id":"w1014940120","osm_id":"1014940120","osm_type":"way","Type de vo":"service","Niveau":null,"Pont":null,"Tyoe de pi":null,"État de s":null,"Vitesse ":null,"Référenc":null,"Nom":null,"Éclairage":null,"Sans issue":null,"Intersecti":null,"Nombre de ":null,"Accès":null,"surface":"Terre","Service":"Ruelle","Sens uniqu":null},"geometry":{"type":"LineString","coordinates":[[-16.4447123,16.0395667],[-16.445525,16.0395145]]}},{"type":"Feature","properties":{"full_id":"w1014940121","osm_id":"1014940121","osm_type":"way","Type de vo":"service","Niveau":null,"Pont":null,"Tyoe de pi":null,"État de s":null,"Vitesse ":null,"Référenc":null,"Nom":null,"Éclairage":null,"Sans issue":null,"Intersecti":null,"Nombre de ":null,"Accès":null,"surface":"Terre","Service":"Ruelle","Sens uniqu":null},"geometry":{"type":"LineString","coordinates":[[-16.444107,16.0395093],[-16.4442486,16.0395603],[-16.4443754,16.040341]]}},{"type":"Feature","properties":{"full_id":"w1014940122","osm_id":"1014940122","osm_type":"way","Type de vo":"service","Niveau":"-1","Pont":null,"Tyoe de pi":null,"État de s":null,"Vitesse ":null,"Référenc":null,"Nom":null,"Éclairage":null,"Sans issue":null,"Intersecti":null,"Nombre de ":null,"Accès":null,"surface":"Terre","Service":"Ruelle","Sens uniqu":null},"geometry":{"type":"LineString","coordinates":[[-16.4435672,16.0394245],[-16.4436979,16.0404624]]}},{"type":"Feature","properties":{"full_id":"w1014940124","osm_id":"1014940124","osm_type":"way","Type de vo":"service","Niveau":null,"Pont":null,"Tyoe de pi":null,"État de s":null,"Vitesse ":null,"Référenc":null,"Nom":null,"Éclairage":null,"Sans issue":null,"Intersecti":null,"Nombre de ":null,"Accès":null,"surface":"Terre","Service":"Ruelle","Sens uniqu":null},"geometry":{"type":"LineString","coordinates":[[-16.4443371,16.0383664],[-16.4442597,16.0388064]]}},{"type":"Feature","properties":{"full_id":"w1014940134","osm_id":"1014940134","osm_type":"way","Type de vo":"service","Niveau":null,"Pont":null,"Tyoe de pi":null,"État de s":null,"Vitesse ":null,"Référenc":null,"Nom":null,"Éclairage":null,"Sans issue":null,"Intersecti":null,"Nombre de ":null,"Accès":null,"surface":"Terre","Service":"Ruelle","Sens uniqu":null},"geometry":{"type":"LineString","coordinates":[[-16.4462858,16.0365109],[-16.4461292,16.0373019]]}},{"type":"Feature","properties":{"full_id":"w1014940135","osm_id":"1014940135","osm_type":"way","Type de vo":"service","Niveau":"-1","Pont":null,"Tyoe de pi":null,"État de s":null,"Vitesse ":null,"Référenc":null,"Nom":null,"Éclairage":null,"Sans issue":null,"Intersecti":null,"Nombre de ":null,"Accès":null,"surface":"Terre","Service":"Ruelle","Sens uniqu":null},"geometry":{"type":"LineString","coordinates":[[-16.4462228,16.0368289],[-16.4454294,16.0366949]]}},{"type":"Feature","properties":{"full_id":"w1014940137","osm_id":"1014940137","osm_type":"way","Type de vo":"service","Niveau":null,"Pont":null,"Tyoe de pi":null,"État de s":null,"Vitesse ":null,"Référenc":null,"Nom":null,"Éclairage":null,"Sans issue":null,"Intersecti":null,"Nombre de ":null,"Accès":null,"surface":"Terre","Service":"Ruelle","Sens uniqu":null},"geometry":{"type":"LineString","coordinates":[[-16.4454019,16.0368134],[-16.4449213,16.0367159]]}},{"type":"Feature","properties":{"full_id":"w1014940142","osm_id":"1014940142","osm_type":"way","Type de vo":"service","Niveau":null,"Pont":null,"Tyoe de pi":null,"État de s":null,"Vitesse ":null,"Référenc":null,"Nom":null,"Éclairage":null,"Sans issue":null,"Intersecti":null,"Nombre de ":null,"Accès":null,"surface":"Terre","Service":"Ruelle","Sens uniqu":null},"geometry":{"type":"LineString","coordinates":[[-16.4449911,16.0364372],[-16.4445113,16.0363733]]}},{"type":"Feature","properties":{"full_id":"w1014941519","osm_id":"1014941519","osm_type":"way","Type de vo":"service","Niveau":null,"Pont":null,"Tyoe de pi":null,"État de s":null,"Vitesse ":null,"Référenc":null,"Nom":"Rue Bango","Éclairage":null,"Sans issue":null,"Intersecti":null,"Nombre de ":null,"Accès":null,"surface":"Terre","Service":"Ruelle","Sens uniqu":null},"geometry":{"type":"LineString","coordinates":[[-16.4460983,16.0356277],[-16.4460382,16.0360514]]}},{"type":"Feature","properties":{"full_id":"w1014941520","osm_id":"1014941520","osm_type":"way","Type de vo":"service","Niveau":null,"Pont":null,"Tyoe de pi":null,"État de s":null,"Vitesse ":null,"Référenc":null,"Nom":null,"Éclairage":null,"Sans issue":null,"Intersecti":null,"Nombre de ":null,"Accès":null,"surface":"Terre","Service":"Ruelle","Sens uniqu":null},"geometry":{"type":"LineString","coordinates":[[-16.4476577,16.0363336],[-16.4475115,16.03708]]}},{"type":"Feature","properties":{"full_id":"w1014941521","osm_id":"1014941521","osm_type":"way","Type de vo":"service","Niveau":null,"Pont":null,"Tyoe de pi":null,"État de s":null,"Vitesse ":null,"Référenc":null,"Nom":null,"Éclairage":null,"Sans issue":null,"Intersecti":null,"Nombre de ":null,"Accès":null,"surface":"Terre","Service":"Ruelle","Sens uniqu":null},"geometry":{"type":"LineString","coordinates":[[-16.4472924,16.0362543],[-16.4471318,16.0370215]]}},{"type":"Feature","properties":{"full_id":"w1014941522","osm_id":"1014941522","osm_type":"way","Type de vo":"service","Niveau":null,"Pont":null,"Tyoe de pi":null,"État de s":null,"Vitesse ":null,"Référenc":null,"Nom":null,"Éclairage":null,"Sans issue":null,"Intersecti":null,"Nombre de ":null,"Accès":null,"surface":"Terre","Service":"Ruelle","Sens uniqu":null},"geometry":{"type":"LineString","coordinates":[[-16.4467531,16.0364757],[-16.447227,16.0365667]]}},{"type":"Feature","properties":{"full_id":"w1014941523","osm_id":"1014941523","osm_type":"way","Type de vo":"service","Niveau":null,"Pont":null,"Tyoe de pi":null,"État de s":null,"Vitesse ":null,"Référenc":null,"Nom":null,"Éclairage":null,"Sans issue":null,"Intersecti":null,"Nombre de ":null,"Accès":null,"surface":"Terre","Service":"Ruelle","Sens uniqu":null},"geometry":{"type":"LineString","coordinates":[[-16.4473772,16.0348327],[-16.4471845,16.035785]]}},{"type":"Feature","properties":{"full_id":"w1014941524","osm_id":"1014941524","osm_type":"way","Type de vo":"service","Niveau":"-1","Pont":null,"Tyoe de pi":null,"État de s":null,"Vitesse ":null,"Référenc":null,"Nom":null,"Éclairage":null,"Sans issue":null,"Intersecti":null,"Nombre de ":null,"Accès":null,"surface":"Terre","Service":"Ruelle","Sens uniqu":null},"geometry":{"type":"LineString","coordinates":[[-16.4478403,16.0349096],[-16.447615,16.035866]]}},{"type":"Feature","properties":{"full_id":"w1020117644","osm_id":"1020117644","osm_type":"way","Type de vo":"service","Niveau":null,"Pont":null,"Tyoe de pi":null,"État de s":null,"Vitesse ":null,"Référenc":null,"Nom":null,"Éclairage":null,"Sans issue":null,"Intersecti":null,"Nombre de ":null,"Accès":null,"surface":"Terre","Service":"Ruelle","Sens uniqu":null},"geometry":{"type":"LineString","coordinates":[[-16.4600154,16.036785],[-16.459889,16.0370857],[-16.4592913,16.0370139]]}},{"type":"Feature","properties":{"full_id":"w1020117645","osm_id":"1020117645","osm_type":"way","Type de vo":"service","Niveau":null,"Pont":null,"Tyoe de pi":null,"État de s":null,"Vitesse ":null,"Référenc":null,"Nom":null,"Éclairage":null,"Sans issue":null,"Intersecti":null,"Nombre de ":null,"Accès":null,"surface":"Terre","Service":"Ruelle","Sens uniqu":null},"geometry":{"type":"LineString","coordinates":[[-16.4592479,16.0370045],[-16.4591232,16.0372877],[-16.4581069,16.0370445]]}},{"type":"Feature","properties":{"full_id":"w1020117646","osm_id":"1020117646","osm_type":"way","Type de vo":"service","Niveau":null,"Pont":null,"Tyoe de pi":null,"État de s":null,"Vitesse ":null,"Référenc":null,"Nom":null,"Éclairage":null,"Sans issue":null,"Intersecti":null,"Nombre de ":null,"Accès":null,"surface":"Terre","Service":"Ruelle","Sens uniqu":null},"geometry":{"type":"LineString","coordinates":[[-16.4591232,16.0372877],[-16.4590131,16.0378612]]}},{"type":"Feature","properties":{"full_id":"w1020117650","osm_id":"1020117650","osm_type":"way","Type de vo":"service","Niveau":null,"Pont":null,"Tyoe de pi":null,"État de s":null,"Vitesse ":null,"Référenc":null,"Nom":null,"Éclairage":null,"Sans issue":null,"Intersecti":null,"Nombre de ":null,"Accès":null,"surface":"Terre","Service":"Ruelle","Sens uniqu":null},"geometry":{"type":"LineString","coordinates":[[-16.4596882,16.0370992],[-16.4596964,16.0372683],[-16.4593668,16.0373719],[-16.4593575,16.03752],[-16.4590421,16.0375256]]}},{"type":"Feature","properties":{"full_id":"w1020117651","osm_id":"1020117651","osm_type":"way","Type de vo":"service","Niveau":null,"Pont":null,"Tyoe de pi":null,"État de s":null,"Vitesse ":null,"Référenc":null,"Nom":null,"Éclairage":null,"Sans issue":null,"Intersecti":null,"Nombre de ":null,"Accès":null,"surface":"Terre","Service":"Ruelle","Sens uniqu":null},"geometry":{"type":"LineString","coordinates":[[-16.4613484,16.0358844],[-16.4619037,16.0359341]]}},{"type":"Feature","properties":{"full_id":"w1020117656","osm_id":"1020117656","osm_type":"way","Type de vo":"service","Niveau":null,"Pont":null,"Tyoe de pi":null,"État de s":null,"Vitesse ":null,"Référenc":null,"Nom":null,"Éclairage":null,"Sans issue":null,"Intersecti":null,"Nombre de ":null,"Accès":null,"surface":null,"Service":"Ruelle","Sens uniqu":null},"geometry":{"type":"LineString","coordinates":[[-16.4612405,16.0352027],[-16.4609165,16.0352725],[-16.4610552,16.035767],[-16.4613583,16.0357772]]}},{"type":"Feature","properties":{"full_id":"w1020117657","osm_id":"1020117657","osm_type":"way","Type de vo":"service","Niveau":null,"Pont":null,"Tyoe de pi":null,"État de s":null,"Vitesse ":null,"Référenc":null,"Nom":null,"Éclairage":null,"Sans issue":null,"Intersecti":null,"Nombre de ":null,"Accès":null,"surface":"Terre","Service":"Ruelle","Sens uniqu":null},"geometry":{"type":"LineString","coordinates":[[-16.4610552,16.035767],[-16.4606891,16.035803]]}},{"type":"Feature","properties":{"full_id":"w1020117659","osm_id":"1020117659","osm_type":"way","Type de vo":"service","Niveau":null,"Pont":null,"Tyoe de pi":null,"État de s":null,"Vitesse ":null,"Référenc":null,"Nom":null,"Éclairage":null,"Sans issue":null,"Intersecti":null,"Nombre de ":null,"Accès":null,"surface":"Terre","Service":"Ruelle","Sens uniqu":null},"geometry":{"type":"LineString","coordinates":[[-16.4593976,16.0360128],[-16.4595763,16.0360128],[-16.4595253,16.0357813]]}},{"type":"Feature","properties":{"full_id":"w1020117668","osm_id":"1020117668","osm_type":"way","Type de vo":"service","Niveau":null,"Pont":null,"Tyoe de pi":null,"État de s":null,"Vitesse ":null,"Référenc":null,"Nom":null,"Éclairage":null,"Sans issue":null,"Intersecti":null,"Nombre de ":null,"Accès":null,"surface":"Terre","Service":"Ruelle","Sens uniqu":null},"geometry":{"type":"LineString","coordinates":[[-16.4608152,16.0339271],[-16.4608875,16.0347497]]}},{"type":"Feature","properties":{"full_id":"w1020117669","osm_id":"1020117669","osm_type":"way","Type de vo":"service","Niveau":null,"Pont":null,"Tyoe de pi":null,"État de s":null,"Vitesse ":null,"Référenc":null,"Nom":null,"Éclairage":null,"Sans issue":null,"Intersecti":null,"Nombre de ":null,"Accès":null,"surface":"Terre","Service":"Ruelle","Sens uniqu":null},"geometry":{"type":"LineString","coordinates":[[-16.4601749,16.0343539],[-16.4604437,16.0343486]]}},{"type":"Feature","properties":{"full_id":"w1020117673","osm_id":"1020117673","osm_type":"way","Type de vo":"service","Niveau":null,"Pont":null,"Tyoe de pi":null,"État de s":null,"Vitesse ":null,"Référenc":null,"Nom":null,"Éclairage":null,"Sans issue":null,"Intersecti":null,"Nombre de ":null,"Accès":null,"surface":"Terre","Service":"Ruelle","Sens uniqu":null},"geometry":{"type":"LineString","coordinates":[[-16.4594492,16.0346445],[-16.4595011,16.0349839],[-16.4591979,16.0350425]]}},{"type":"Feature","properties":{"full_id":"w1020117677","osm_id":"1020117677","osm_type":"way","Type de vo":"service","Niveau":null,"Pont":null,"Tyoe de pi":null,"État de s":null,"Vitesse ":null,"Référenc":null,"Nom":null,"Éclairage":null,"Sans issue":null,"Intersecti":null,"Nombre de ":null,"Accès":null,"surface":"Terre","Service":"Ruelle","Sens uniqu":null},"geometry":{"type":"LineString","coordinates":[[-16.4594987,16.0339846],[-16.4590195,16.0340779],[-16.4588981,16.0338262]]}},{"type":"Feature","properties":{"full_id":"w1020117681","osm_id":"1020117681","osm_type":"way","Type de vo":"service","Niveau":null,"Pont":null,"Tyoe de pi":null,"État de s":null,"Vitesse ":null,"Référenc":null,"Nom":null,"Éclairage":null,"Sans issue":null,"Intersecti":null,"Nombre de ":null,"Accès":null,"surface":"Terre","Service":"Ruelle","Sens uniqu":null},"geometry":{"type":"LineString","coordinates":[[-16.4619978,16.0339238],[-16.4614032,16.0340285]]}},{"type":"Feature","properties":{"full_id":"w1020117682","osm_id":"1020117682","osm_type":"way","Type de vo":"service","Niveau":null,"Pont":null,"Tyoe de pi":null,"État de s":null,"Vitesse ":null,"Référenc":null,"Nom":null,"Éclairage":null,"Sans issue":null,"Intersecti":null,"Nombre de ":null,"Accès":null,"surface":"Terre","Service":"Ruelle","Sens uniqu":null},"geometry":{"type":"LineString","coordinates":[[-16.4595011,16.0349839],[-16.4596256,16.0354442]]}},{"type":"Feature","properties":{"full_id":"w1020117683","osm_id":"1020117683","osm_type":"way","Type de vo":"service","Niveau":null,"Pont":null,"Tyoe de pi":null,"État de s":null,"Vitesse ":null,"Référenc":null,"Nom":null,"Éclairage":null,"Sans issue":null,"Intersecti":null,"Nombre de ":null,"Accès":null,"surface":"Terre","Service":"Ruelle","Sens uniqu":null},"geometry":{"type":"LineString","coordinates":[[-16.4608768,16.0337817],[-16.4599553,16.0336794]]}},{"type":"Feature","properties":{"full_id":"w1020117687","osm_id":"1020117687","osm_type":"way","Type de vo":"service","Niveau":null,"Pont":null,"Tyoe de pi":null,"État de s":null,"Vitesse ":null,"Référenc":null,"Nom":null,"Éclairage":null,"Sans issue":null,"Intersecti":null,"Nombre de ":null,"Accès":null,"surface":"Terre","Service":"Ruelle","Sens uniqu":null},"geometry":{"type":"LineString","coordinates":[[-16.4607304,16.033039],[-16.4603623,16.0332125],[-16.459928,16.0331165]]}},{"type":"Feature","properties":{"full_id":"w1020117688","osm_id":"1020117688","osm_type":"way","Type de vo":"service","Niveau":null,"Pont":null,"Tyoe de pi":null,"État de s":null,"Vitesse ":null,"Référenc":null,"Nom":null,"Éclairage":null,"Sans issue":null,"Intersecti":null,"Nombre de ":null,"Accès":null,"surface":"Terre","Service":"Ruelle","Sens uniqu":null},"geometry":{"type":"LineString","coordinates":[[-16.460564,16.0331479],[-16.4606065,16.0335969]]}},{"type":"Feature","properties":{"full_id":"w1020117689","osm_id":"1020117689","osm_type":"way","Type de vo":"service","Niveau":null,"Pont":null,"Tyoe de pi":null,"État de s":null,"Vitesse ":null,"Référenc":null,"Nom":null,"Éclairage":null,"Sans issue":null,"Intersecti":null,"Nombre de ":null,"Accès":null,"surface":"Terre","Service":"Ruelle","Sens uniqu":null},"geometry":{"type":"LineString","coordinates":[[-16.4602009,16.033186],[-16.4601464,16.0334438],[-16.4602703,16.0335084]]}},{"type":"Feature","properties":{"full_id":"w1020117690","osm_id":"1020117690","osm_type":"way","Type de vo":"service","Niveau":null,"Pont":null,"Tyoe de pi":null,"État de s":null,"Vitesse ":null,"Référenc":null,"Nom":null,"Éclairage":null,"Sans issue":null,"Intersecti":null,"Nombre de ":null,"Accès":null,"surface":"Terre","Service":"Ruelle","Sens uniqu":null},"geometry":{"type":"LineString","coordinates":[[-16.4609113,16.0327307],[-16.4610383,16.0332057],[-16.4612718,16.0331692]]}},{"type":"Feature","properties":{"full_id":"w1020117693","osm_id":"1020117693","osm_type":"way","Type de vo":"service","Niveau":null,"Pont":null,"Tyoe de pi":null,"État de s":null,"Vitesse ":null,"Référenc":null,"Nom":null,"Éclairage":null,"Sans issue":null,"Intersecti":null,"Nombre de ":null,"Accès":null,"surface":"Terre","Service":"Ruelle","Sens uniqu":null},"geometry":{"type":"LineString","coordinates":[[-16.461169,16.0328019],[-16.4614665,16.0327431]]}},{"type":"Feature","properties":{"full_id":"w1020117700","osm_id":"1020117700","osm_type":"way","Type de vo":"service","Niveau":null,"Pont":null,"Tyoe de pi":null,"État de s":null,"Vitesse ":null,"Référenc":null,"Nom":null,"Éclairage":null,"Sans issue":null,"Intersecti":null,"Nombre de ":null,"Accès":null,"surface":"Terre","Service":"Ruelle","Sens uniqu":null},"geometry":{"type":"LineString","coordinates":[[-16.4603215,16.0303463],[-16.4593147,16.0305491]]}},{"type":"Feature","properties":{"full_id":"w1020117703","osm_id":"1020117703","osm_type":"way","Type de vo":"service","Niveau":null,"Pont":null,"Tyoe de pi":null,"État de s":null,"Vitesse ":null,"Référenc":null,"Nom":null,"Éclairage":null,"Sans issue":null,"Intersecti":null,"Nombre de ":null,"Accès":null,"surface":"Terre","Service":"Ruelle","Sens uniqu":null},"geometry":{"type":"LineString","coordinates":[[-16.4606259,16.0312586],[-16.460086,16.0313204]]}},{"type":"Feature","properties":{"full_id":"w1020117704","osm_id":"1020117704","osm_type":"way","Type de vo":"service","Niveau":null,"Pont":null,"Tyoe de pi":null,"État de s":null,"Vitesse ":null,"Référenc":null,"Nom":null,"Éclairage":null,"Sans issue":null,"Intersecti":null,"Nombre de ":null,"Accès":null,"surface":"Terre","Service":"Ruelle","Sens uniqu":null},"geometry":{"type":"LineString","coordinates":[[-16.4600618,16.0310539],[-16.4600099,16.0308906]]}},{"type":"Feature","properties":{"full_id":"w1020117705","osm_id":"1020117705","osm_type":"way","Type de vo":"service","Niveau":null,"Pont":null,"Tyoe de pi":null,"État de s":null,"Vitesse ":null,"Référenc":null,"Nom":null,"Éclairage":null,"Sans issue":null,"Intersecti":null,"Nombre de ":null,"Accès":null,"surface":"Terre","Service":"Ruelle","Sens uniqu":null},"geometry":{"type":"LineString","coordinates":[[-16.4599152,16.0323972],[-16.4596956,16.0322914],[-16.4595989,16.0327466]]}},{"type":"Feature","properties":{"full_id":"w1020117707","osm_id":"1020117707","osm_type":"way","Type de vo":"service","Niveau":null,"Pont":null,"Tyoe de pi":null,"État de s":null,"Vitesse ":null,"Référenc":null,"Nom":null,"Éclairage":null,"Sans issue":null,"Intersecti":null,"Nombre de ":null,"Accès":null,"surface":"Terre","Service":"Ruelle","Sens uniqu":null},"geometry":{"type":"LineString","coordinates":[[-16.4601079,16.0314257],[-16.4597664,16.0314342],[-16.4597052,16.0309132]]}},{"type":"Feature","properties":{"full_id":"w1020118215","osm_id":"1020118215","osm_type":"way","Type de vo":"service","Niveau":null,"Pont":null,"Tyoe de pi":null,"État de s":null,"Vitesse ":null,"Référenc":null,"Nom":null,"Éclairage":null,"Sans issue":null,"Intersecti":null,"Nombre de ":null,"Accès":null,"surface":"Terre","Service":"Ruelle","Sens uniqu":null},"geometry":{"type":"LineString","coordinates":[[-16.4572024,16.0366455],[-16.4578789,16.0367342],[-16.4578978,16.0361232]]}},{"type":"Feature","properties":{"full_id":"w1020118216","osm_id":"1020118216","osm_type":"way","Type de vo":"service","Niveau":null,"Pont":null,"Tyoe de pi":null,"État de s":null,"Vitesse ":null,"Référenc":null,"Nom":null,"Éclairage":null,"Sans issue":null,"Intersecti":null,"Nombre de ":null,"Accès":null,"surface":"Terre","Service":"Ruelle","Sens uniqu":null},"geometry":{"type":"LineString","coordinates":[[-16.4572494,16.036391],[-16.4578895,16.0364087]]}},{"type":"Feature","properties":{"full_id":"w1020118217","osm_id":"1020118217","osm_type":"way","Type de vo":"service","Niveau":null,"Pont":null,"Tyoe de pi":null,"État de s":null,"Vitesse ":null,"Référenc":null,"Nom":null,"Éclairage":null,"Sans issue":null,"Intersecti":null,"Nombre de ":null,"Accès":null,"surface":"Terre","Service":"Ruelle","Sens uniqu":null},"geometry":{"type":"LineString","coordinates":[[-16.4580413,16.0370124],[-16.4571611,16.0368695]]}},{"type":"Feature","properties":{"full_id":"w1020118218","osm_id":"1020118218","osm_type":"way","Type de vo":"service","Niveau":null,"Pont":null,"Tyoe de pi":null,"État de s":null,"Vitesse ":null,"Référenc":null,"Nom":null,"Éclairage":null,"Sans issue":null,"Intersecti":null,"Nombre de ":null,"Accès":null,"surface":"Terre","Service":"Ruelle","Sens uniqu":null},"geometry":{"type":"LineString","coordinates":[[-16.4587554,16.0359931],[-16.4593976,16.0360128]]}},{"type":"Feature","properties":{"full_id":"w1020118219","osm_id":"1020118219","osm_type":"way","Type de vo":"service","Niveau":null,"Pont":null,"Tyoe de pi":null,"État de s":null,"Vitesse ":null,"Référenc":null,"Nom":null,"Éclairage":null,"Sans issue":null,"Intersecti":null,"Nombre de ":null,"Accès":null,"surface":"Terre","Service":"Ruelle","Sens uniqu":null},"geometry":{"type":"LineString","coordinates":[[-16.4588605,16.0369201],[-16.4590405,16.0363433],[-16.4583839,16.0362722]]}},{"type":"Feature","properties":{"full_id":"w1020118220","osm_id":"1020118220","osm_type":"way","Type de vo":"service","Niveau":null,"Pont":null,"Tyoe de pi":null,"État de s":null,"Vitesse ":null,"Référenc":null,"Nom":null,"Éclairage":null,"Sans issue":null,"Intersecti":null,"Nombre de ":null,"Accès":null,"surface":"Terre","Service":"Ruelle","Sens uniqu":null},"geometry":{"type":"LineString","coordinates":[[-16.4581043,16.0365966],[-16.4578851,16.0365624]]}},{"type":"Feature","properties":{"full_id":"w1020155433","osm_id":"1020155433","osm_type":"way","Type de vo":"service","Niveau":null,"Pont":null,"Tyoe de pi":null,"État de s":null,"Vitesse ":null,"Référenc":null,"Nom":null,"Éclairage":null,"Sans issue":null,"Intersecti":null,"Nombre de ":null,"Accès":null,"surface":"Terre","Service":"Ruelle","Sens uniqu":null},"geometry":{"type":"LineString","coordinates":[[-16.4584192,16.0295983],[-16.4574825,16.0297789]]}},{"type":"Feature","properties":{"full_id":"w1020155434","osm_id":"1020155434","osm_type":"way","Type de vo":"service","Niveau":null,"Pont":null,"Tyoe de pi":null,"État de s":null,"Vitesse ":null,"Référenc":null,"Nom":null,"Éclairage":null,"Sans issue":null,"Intersecti":null,"Nombre de ":null,"Accès":null,"surface":"Terre","Service":"Ruelle","Sens uniqu":null},"geometry":{"type":"LineString","coordinates":[[-16.4582158,16.0303653],[-16.45817,16.0300204],[-16.457464,16.0299685]]}},{"type":"Feature","properties":{"full_id":"w1020155435","osm_id":"1020155435","osm_type":"way","Type de vo":"service","Niveau":null,"Pont":null,"Tyoe de pi":null,"État de s":null,"Vitesse ":null,"Référenc":null,"Nom":null,"Éclairage":null,"Sans issue":null,"Intersecti":null,"Nombre de ":null,"Accès":null,"surface":"Terre","Service":"Ruelle","Sens uniqu":null},"geometry":{"type":"LineString","coordinates":[[-16.4585349,16.0299568],[-16.45817,16.0300204]]}},{"type":"Feature","properties":{"full_id":"w1020156474","osm_id":"1020156474","osm_type":"way","Type de vo":"service","Niveau":null,"Pont":null,"Tyoe de pi":null,"État de s":null,"Vitesse ":null,"Référenc":null,"Nom":null,"Éclairage":null,"Sans issue":null,"Intersecti":null,"Nombre de ":null,"Accès":null,"surface":"gravel","Service":"Ruelle","Sens uniqu":null},"geometry":{"type":"LineString","coordinates":[[-16.4452011,16.0218267],[-16.4452873,16.0214003],[-16.445119773096554,16.021340751961958]]}},{"type":"Feature","properties":{"full_id":"w1020156475","osm_id":"1020156475","osm_type":"way","Type de vo":"service","Niveau":null,"Pont":null,"Tyoe de pi":null,"État de s":null,"Vitesse ":null,"Référenc":null,"Nom":null,"Éclairage":null,"Sans issue":null,"Intersecti":null,"Nombre de ":null,"Accès":null,"surface":"Terre","Service":"Ruelle","Sens uniqu":null},"geometry":{"type":"LineString","coordinates":[[-16.4452873,16.0214003],[-16.4459436,16.0212611]]}},{"type":"Feature","properties":{"full_id":"w1023962052","osm_id":"1023962052","osm_type":"way","Type de vo":"service","Niveau":null,"Pont":null,"Tyoe de pi":null,"État de s":null,"Vitesse ":null,"Référenc":null,"Nom":null,"Éclairage":null,"Sans issue":null,"Intersecti":null,"Nombre de ":null,"Accès":null,"surface":null,"Service":null,"Sens uniqu":null},"geometry":{"type":"LineString","coordinates":[[-16.4447817,16.0401079],[-16.447067,16.0397996],[-16.4472008,16.0399441]]}},{"type":"Feature","properties":{"full_id":"w1023962053","osm_id":"1023962053","osm_type":"way","Type de vo":"service","Niveau":null,"Pont":null,"Tyoe de pi":null,"État de s":null,"Vitesse ":null,"Référenc":null,"Nom":null,"Éclairage":null,"Sans issue":null,"Intersecti":null,"Nombre de ":null,"Accès":null,"surface":null,"Service":null,"Sens uniqu":null},"geometry":{"type":"LineString","coordinates":[[-16.4430273,16.0402882],[-16.4443468,16.0401646]]}},{"type":"Feature","properties":{"full_id":"w1023962054","osm_id":"1023962054","osm_type":"way","Type de vo":"service","Niveau":null,"Pont":null,"Tyoe de pi":null,"État de s":null,"Vitesse ":null,"Référenc":null,"Nom":null,"Éclairage":null,"Sans issue":null,"Intersecti":null,"Nombre de ":null,"Accès":null,"surface":null,"Service":null,"Sens uniqu":null},"geometry":{"type":"LineString","coordinates":[[-16.4443468,16.0401646],[-16.4447817,16.0401079]]}},{"type":"Feature","properties":{"full_id":"w1118870776","osm_id":"1118870776","osm_type":"way","Type de vo":"service","Niveau":null,"Pont":null,"Tyoe de pi":null,"État de s":null,"Vitesse ":null,"Référenc":null,"Nom":null,"Éclairage":null,"Sans issue":null,"Intersecti":null,"Nombre de ":null,"Accès":null,"surface":null,"Service":null,"Sens uniqu":null},"geometry":{"type":"LineString","coordinates":[[-16.4899429,16.0245967],[-16.4897195,16.0245707],[-16.4896279,16.0249105]]}},{"type":"Feature","properties":{"full_id":"w1137498899","osm_id":"1137498899","osm_type":"way","Type de vo":"service","Niveau":null,"Pont":null,"Tyoe de pi":null,"État de s":null,"Vitesse ":null,"Référenc":null,"Nom":null,"Éclairage":null,"Sans issue":null,"Intersecti":null,"Nombre de ":null,"Accès":null,"surface":null,"Service":null,"Sens uniqu":null},"geometry":{"type":"LineString","coordinates":[[-16.4960271,16.0123629],[-16.4959944,16.0121392],[-16.4962062,16.011925]]}},{"type":"Feature","properties":{"full_id":"w1137498900","osm_id":"1137498900","osm_type":"way","Type de vo":"service","Niveau":null,"Pont":null,"Tyoe de pi":null,"État de s":null,"Vitesse ":null,"Référenc":null,"Nom":null,"Éclairage":null,"Sans issue":null,"Intersecti":null,"Nombre de ":null,"Accès":null,"surface":null,"Service":null,"Sens uniqu":null},"geometry":{"type":"LineString","coordinates":[[-16.4908004,16.0147773],[-16.4907417,16.0144293],[-16.4908793,16.0143506]]}},{"type":"Feature","properties":{"full_id":"w1137498901","osm_id":"1137498901","osm_type":"way","Type de vo":"service","Niveau":null,"Pont":null,"Tyoe de pi":null,"État de s":null,"Vitesse ":null,"Référenc":null,"Nom":null,"Éclairage":null,"Sans issue":null,"Intersecti":null,"Nombre de ":null,"Accès":null,"surface":null,"Service":null,"Sens uniqu":null},"geometry":{"type":"LineString","coordinates":[[-16.4956248,16.0114905],[-16.4955647,16.0114338]]}},{"type":"Feature","properties":{"full_id":"w1137498902","osm_id":"1137498902","osm_type":"way","Type de vo":"service","Niveau":null,"Pont":null,"Tyoe de pi":null,"État de s":null,"Vitesse ":null,"Référenc":null,"Nom":null,"Éclairage":null,"Sans issue":null,"Intersecti":null,"Nombre de ":null,"Accès":null,"surface":null,"Service":null,"Sens uniqu":null},"geometry":{"type":"LineString","coordinates":[[-16.4958063,16.0116984],[-16.4956248,16.0114905]]}},{"type":"Feature","properties":{"full_id":"w1137498903","osm_id":"1137498903","osm_type":"way","Type de vo":"service","Niveau":null,"Pont":null,"Tyoe de pi":null,"État de s":null,"Vitesse ":null,"Référenc":null,"Nom":null,"Éclairage":null,"Sans issue":null,"Intersecti":null,"Nombre de ":null,"Accès":null,"surface":null,"Service":null,"Sens uniqu":null},"geometry":{"type":"LineString","coordinates":[[-16.4957078,16.0115763],[-16.4958163,16.0114945]]}},{"type":"Feature","properties":{"full_id":"w1137498904","osm_id":"1137498904","osm_type":"way","Type de vo":"service","Niveau":null,"Pont":null,"Tyoe de pi":null,"État de s":null,"Vitesse ":null,"Référenc":null,"Nom":null,"Éclairage":null,"Sans issue":null,"Intersecti":null,"Nombre de ":null,"Accès":null,"surface":null,"Service":null,"Sens uniqu":null},"geometry":{"type":"LineString","coordinates":[[-16.4955647,16.0114338],[-16.4956065,16.0112635]]}},{"type":"Feature","properties":{"full_id":"w1145076930","osm_id":"1145076930","osm_type":"way","Type de vo":"service","Niveau":null,"Pont":null,"Tyoe de pi":null,"État de s":null,"Vitesse ":null,"Référenc":null,"Nom":null,"Éclairage":null,"Sans issue":null,"Intersecti":null,"Nombre de ":null,"Accès":null,"surface":null,"Service":null,"Sens uniqu":null},"geometry":{"type":"LineString","coordinates":[[-16.4907998,16.0191324],[-16.4904081,16.0189242],[-16.4894345,16.0189912]]}},{"type":"Feature","properties":{"full_id":"w1155930754","osm_id":"1155930754","osm_type":"way","Type de vo":"service","Niveau":null,"Pont":null,"Tyoe de pi":null,"État de s":null,"Vitesse ":null,"Référenc":null,"Nom":null,"Éclairage":null,"Sans issue":null,"Intersecti":null,"Nombre de ":null,"Accès":"Accès privé","surface":"non pavée","Service":null,"Sens uniqu":null},"geometry":{"type":"LineString","coordinates":[[-16.4580102,16.0483415],[-16.4578968,16.0484801],[-16.4582794,16.0510835],[-16.4597465,16.0510256],[-16.4606218,16.0575318],[-16.4589297,16.0591727],[-16.4591509,16.060889],[-16.4611842,16.0618298],[-16.4615311,16.0640411],[-16.461907,16.0643327],[-16.464113,16.0640988],[-16.4644088,16.0636784],[-16.4622162,16.0474724],[-16.4628755,16.0465041],[-16.4618995,16.0396311],[-16.4584056,16.0400575],[-16.459089,16.0461882],[-16.459426,16.0478846],[-16.4570798,16.0481661],[-16.4571654,16.0490543]]}},{"type":"Feature","properties":{"full_id":"w1155930755","osm_id":"1155930755","osm_type":"way","Type de vo":"service","Niveau":null,"Pont":null,"Tyoe de pi":null,"État de s":null,"Vitesse ":null,"Référenc":null,"Nom":null,"Éclairage":null,"Sans issue":null,"Intersecti":null,"Nombre de ":null,"Accès":null,"surface":null,"Service":null,"Sens uniqu":null},"geometry":{"type":"LineString","coordinates":[[-16.4579448,16.0489603],[-16.4571654,16.0490543],[-16.4572184,16.0499304]]}},{"type":"Feature","properties":{"full_id":"w1155930760","osm_id":"1155930760","osm_type":"way","Type de vo":"service","Niveau":null,"Pont":null,"Tyoe de pi":null,"État de s":null,"Vitesse ":null,"Référenc":null,"Nom":null,"Éclairage":null,"Sans issue":null,"Intersecti":null,"Nombre de ":null,"Accès":"Accès privé","surface":null,"Service":null,"Sens uniqu":null},"geometry":{"type":"LineString","coordinates":[[-16.457604,16.0500058],[-16.4574664,16.0490104]]}},{"type":"Feature","properties":{"full_id":"w1155930761","osm_id":"1155930761","osm_type":"way","Type de vo":"service","Niveau":null,"Pont":null,"Tyoe de pi":null,"État de s":null,"Vitesse ":null,"Référenc":null,"Nom":null,"Éclairage":null,"Sans issue":null,"Intersecti":null,"Nombre de ":null,"Accès":null,"surface":null,"Service":"Accès de secours","Sens uniqu":null},"geometry":{"type":"LineString","coordinates":[[-16.4609078,16.0504328],[-16.4581838,16.050704]]}},{"type":"Feature","properties":{"full_id":"w1155930762","osm_id":"1155930762","osm_type":"way","Type de vo":"service","Niveau":null,"Pont":null,"Tyoe de pi":null,"État de s":null,"Vitesse ":null,"Référenc":null,"Nom":null,"Éclairage":null,"Sans issue":null,"Intersecti":null,"Nombre de ":null,"Accès":"Accès privé","surface":null,"Service":null,"Sens uniqu":null},"geometry":{"type":"LineString","coordinates":[[-16.4606556,16.0597992],[-16.4590165,16.0599852]]}},{"type":"Feature","properties":{"full_id":"w1155930763","osm_id":"1155930763","osm_type":"way","Type de vo":"service","Niveau":null,"Pont":null,"Tyoe de pi":null,"État de s":null,"Vitesse ":null,"Référenc":null,"Nom":null,"Éclairage":null,"Sans issue":null,"Intersecti":null,"Nombre de ":null,"Accès":"Accès privé","surface":null,"Service":null,"Sens uniqu":null},"geometry":{"type":"LineString","coordinates":[[-16.4601945,16.0398289],[-16.4601209,16.0393824],[-16.4597754,16.0394202],[-16.4596097,16.0382593],[-16.4593877,16.038289],[-16.4595422,16.0394445],[-16.4592112,16.0395047],[-16.4592544,16.0399139]]}},{"type":"Feature","properties":{"full_id":"w1163601942","osm_id":"1163601942","osm_type":"way","Type de vo":"service","Niveau":null,"Pont":null,"Tyoe de pi":null,"État de s":null,"Vitesse ":null,"Référenc":null,"Nom":null,"Éclairage":null,"Sans issue":null,"Intersecti":null,"Nombre de ":null,"Accès":null,"surface":null,"Service":null,"Sens uniqu":null},"geometry":{"type":"LineString","coordinates":[[-16.4972952,15.9991286],[-16.4977863,15.9990802]]}},{"type":"Feature","properties":{"full_id":"w1190286512","osm_id":"1190286512","osm_type":"way","Type de vo":"service","Niveau":null,"Pont":null,"Tyoe de pi":null,"État de s":null,"Vitesse ":null,"Référenc":null,"Nom":null,"Éclairage":null,"Sans issue":null,"Intersecti":null,"Nombre de ":null,"Accès":null,"surface":null,"Service":null,"Sens uniqu":null},"geometry":{"type":"LineString","coordinates":[[-16.4874373,15.9890652],[-16.4874106,15.9891441]]}},{"type":"Feature","properties":{"full_id":"w1190286513","osm_id":"1190286513","osm_type":"way","Type de vo":"service","Niveau":null,"Pont":null,"Tyoe de pi":null,"État de s":null,"Vitesse ":null,"Référenc":null,"Nom":null,"Éclairage":null,"Sans issue":null,"Intersecti":null,"Nombre de ":null,"Accès":null,"surface":null,"Service":null,"Sens uniqu":null},"geometry":{"type":"LineString","coordinates":[[-16.4874106,15.9891441],[-16.4872757,15.9892227]]}},{"type":"Feature","properties":{"full_id":"w1190286514","osm_id":"1190286514","osm_type":"way","Type de vo":"service","Niveau":null,"Pont":null,"Tyoe de pi":null,"État de s":null,"Vitesse ":null,"Référenc":null,"Nom":null,"Éclairage":null,"Sans issue":null,"Intersecti":null,"Nombre de ":null,"Accès":null,"surface":null,"Service":null,"Sens uniqu":null},"geometry":{"type":"LineString","coordinates":[[-16.4873873,15.9888656],[-16.4874373,15.9890652]]}},{"type":"Feature","properties":{"full_id":"w1281076530","osm_id":"1281076530","osm_type":"way","Type de vo":"service","Niveau":null,"Pont":null,"Tyoe de pi":null,"État de s":null,"Vitesse ":null,"Référenc":null,"Nom":null,"Éclairage":null,"Sans issue":null,"Intersecti":null,"Nombre de ":null,"Accès":null,"surface":null,"Service":null,"Sens uniqu":null},"geometry":{"type":"LineString","coordinates":[[-16.4961746,16.0136437],[-16.4958188,16.0132337]]}},{"type":"Feature","properties":{"full_id":"w1293561954","osm_id":"1293561954","osm_type":"way","Type de vo":"service","Niveau":null,"Pont":null,"Tyoe de pi":null,"État de s":null,"Vitesse ":null,"Référenc":null,"Nom":null,"Éclairage":null,"Sans issue":null,"Intersecti":null,"Nombre de ":null,"Accès":null,"surface":null,"Service":null,"Sens uniqu":null},"geometry":{"type":"LineString","coordinates":[[-16.4888096,16.0123122],[-16.4879626,16.0122488]]}},{"type":"Feature","properties":{"full_id":"w1293561955","osm_id":"1293561955","osm_type":"way","Type de vo":"service","Niveau":null,"Pont":null,"Tyoe de pi":null,"État de s":null,"Vitesse ":null,"Référenc":null,"Nom":null,"Éclairage":null,"Sans issue":null,"Intersecti":null,"Nombre de ":null,"Accès":null,"surface":null,"Service":null,"Sens uniqu":null},"geometry":{"type":"LineString","coordinates":[[-16.4977339,16.0118466],[-16.4967226,16.0125141]]}},{"type":"Feature","properties":{"full_id":"w1293561956","osm_id":"1293561956","osm_type":"way","Type de vo":"service","Niveau":null,"Pont":null,"Tyoe de pi":null,"État de s":null,"Vitesse ":null,"Référenc":null,"Nom":null,"Éclairage":null,"Sans issue":null,"Intersecti":null,"Nombre de ":null,"Accès":null,"surface":null,"Service":null,"Sens uniqu":null},"geometry":{"type":"LineString","coordinates":[[-16.4970258,16.0119755],[-16.4965756,16.0123513]]}},{"type":"Feature","properties":{"full_id":"w1336903192","osm_id":"1336903192","osm_type":"way","Type de vo":"service","Niveau":null,"Pont":null,"Tyoe de pi":null,"État de s":null,"Vitesse ":null,"Référenc":null,"Nom":null,"Éclairage":null,"Sans issue":null,"Intersecti":null,"Nombre de ":null,"Accès":null,"surface":null,"Service":null,"Sens uniqu":null},"geometry":{"type":"LineString","coordinates":[[-16.4917821,16.0068694],[-16.4909258,16.007277]]}},{"type":"Feature","properties":{"full_id":"w1374421043","osm_id":"1374421043","osm_type":"way","Type de vo":"service","Niveau":null,"Pont":null,"Tyoe de pi":null,"État de s":null,"Vitesse ":null,"Référenc":null,"Nom":null,"Éclairage":null,"Sans issue":null,"Intersecti":null,"Nombre de ":null,"Accès":null,"surface":null,"Service":null,"Sens uniqu":null},"geometry":{"type":"LineString","coordinates":[[-16.4991571,16.0122632],[-16.4975838,16.0134827]]}},{"type":"Feature","properties":{"full_id":"w1374421044","osm_id":"1374421044","osm_type":"way","Type de vo":"service","Niveau":null,"Pont":null,"Tyoe de pi":null,"État de s":null,"Vitesse ":null,"Référenc":null,"Nom":null,"Éclairage":null,"Sans issue":null,"Intersecti":null,"Nombre de ":null,"Accès":null,"surface":null,"Service":null,"Sens uniqu":null},"geometry":{"type":"LineString","coordinates":[[-16.4991691,16.0169103],[-16.4990272,16.0162957]]}},{"type":"Feature","properties":{"full_id":"w1422119575","osm_id":"1422119575","osm_type":"way","Type de vo":"service","Niveau":null,"Pont":null,"Tyoe de pi":null,"État de s":null,"Vitesse ":null,"Référenc":null,"Nom":null,"Éclairage":null,"Sans issue":null,"Intersecti":null,"Nombre de ":null,"Accès":null,"surface":null,"Service":null,"Sens uniqu":null},"geometry":{"type":"LineString","coordinates":[[-16.4885795,16.0078788],[-16.4883837,16.0078311],[-16.488255,16.0071184]]}}]}