{"type":"FeatureCollection","name":"occupation-sol-2020.geojson","features":[{"type":"Feature","properties":{"categorie":"Empreinte urbaine"},"geometry":{"type":"Polygon","coordinates":[[[-16.508059,15.900667],[-16.508034,15.900464],[-16.508057,15.900396],[-16.508059,15.900667]]]}},{"type":"Feature","properties":{"categorie":"Empreinte urbaine"},"geometry":{"type":"Polygon","coordinates":[[[-16.50496,15.89843],[-16.50496,15.898339],[-16.505007,15.898384],[-16.50496,15.89843]]]}},{"type":"Feature","properties":{"categorie":"Empreinte urbaine"},"geometry":{"type":"Polygon","coordinates":[[[-16.495323,15.895966],[-16.495349,15.893164],[-16.495674,15.892891],[-16.495821,15.893839],[-16.495599,15.895422],[-16.495323,15.895966]]]}},{"type":"Feature","properties":{"categorie":"Empreinte urbaine"},"geometry":{"type":"Polygon","coordinates":[[[-16.495861,15.89298],[-16.49586,15.892889],[-16.495907,15.892934],[-16.495861,15.89298]]]}},{"type":"Feature","properties":{"categorie":"Empreinte urbaine"},"geometry":{"type":"Polygon","coordinates":[[[-16.495718,15.892529],[-16.495717,15.892438],[-16.495811,15.892483],[-16.495718,15.892529]]]}},{"type":"Feature","properties":{"categorie":"Empreinte urbaine"},"geometry":{"type":"Polygon","coordinates":[[[-16.510593,15.877332],[-16.510592,15.877242],[-16.510639,15.877287],[-16.510593,15.877332]]]}},{"type":"Feature","properties":{"categorie":"Empreinte urbaine"},"geometry":{"type":"Polygon","coordinates":[[[-16.510499,15.877242],[-16.510474,15.876971],[-16.510496,15.876881],[-16.510499,15.877242]]]}},{"type":"Feature","properties":{"categorie":"Empreinte urbaine"},"geometry":{"type":"Polygon","coordinates":[[[-16.505721,15.875197],[-16.505721,15.875107],[-16.505768,15.875151],[-16.505721,15.875197]]]}},{"type":"Feature","properties":{"categorie":"Empreinte urbaine"},"geometry":{"type":"Polygon","coordinates":[[[-16.508249,15.875993],[-16.508195,15.875044],[-16.508662,15.875041],[-16.508249,15.875993]]]}},{"type":"Feature","properties":{"categorie":"Empreinte urbaine"},"geometry":{"type":"Polygon","coordinates":[[[-16.508216,15.859092],[-16.508216,15.859002],[-16.508263,15.859047],[-16.508216,15.859092]]]}},{"type":"Feature","properties":{"categorie":"Empreinte urbaine"},"geometry":{"type":"Polygon","coordinates":[[[-16.509412,15.844081],[-16.509411,15.843991],[-16.509458,15.844036],[-16.509412,15.844081]]]}},{"type":"Feature","properties":{"categorie":"Empreinte urbaine"},"geometry":{"type":"Polygon","coordinates":[[[-16.435692,15.867475],[-16.43558,15.867345],[-16.435324,15.867047],[-16.435324,15.867047],[-16.435692,15.867475]]]}},{"type":"Feature","properties":{"categorie":"Empreinte urbaine"},"geometry":{"type":"Polygon","coordinates":[[[-16.431697,15.822355],[-16.431882,15.821843],[-16.431698,15.822355],[-16.431697,15.822355]]]}},{"type":"Feature","properties":{"categorie":"Culture maraichère"},"geometry":{"type":"MultiPolygon","coordinates":[[[[-16.491795,15.78645],[-16.491737,15.787624],[-16.491343,15.788069],[-16.490546,15.788312],[-16.489933,15.78791],[-16.490103,15.78616],[-16.491795,15.78645]]],[[[-16.489472,15.786682],[-16.488014,15.787998],[-16.487144,15.789645],[-16.48725,15.790727],[-16.486966,15.791651],[-16.487871,15.792935],[-16.48777,15.793457],[-16.487114,15.794135],[-16.486538,15.794185],[-16.485952,15.794029],[-16.485359,15.793566],[-16.485218,15.79306],[-16.485668,15.79128],[-16.486221,15.790137],[-16.486309,15.78876],[-16.486919,15.787578],[-16.487152,15.786444],[-16.487588,15.785729],[-16.489817,15.786111],[-16.489472,15.786682]]],[[[-16.48567,15.7854],[-16.485421,15.787466],[-16.485411,15.788967],[-16.484278,15.790683],[-16.484094,15.790621],[-16.484264,15.792037],[-16.48405,15.792451],[-16.483351,15.795783],[-16.480059,15.804988],[-16.479572,15.8059],[-16.478732,15.805906],[-16.47853,15.805333],[-16.478621,15.804137],[-16.478314,15.802704],[-16.477755,15.802417],[-16.477424,15.802871],[-16.477302,15.804029],[-16.476081,15.806875],[-16.476029,15.807481],[-16.476266,15.807986],[-16.476918,15.807755],[-16.477507,15.807905],[-16.477283,15.80919],[-16.477992,15.810432],[-16.4778,15.810732],[-16.477015,15.810231],[-16.47664,15.810319],[-16.475897,15.812006],[-16.475969,15.812249],[-16.476939,15.812783],[-16.47776,15.81442],[-16.477887,15.81516],[-16.477729,15.815333],[-16.477234,15.815336],[-16.476335,15.814863],[-16.476036,15.81491],[-16.475932,15.815905],[-16.475509,15.816893],[-16.475036,15.817267],[-16.473965,15.817573],[-16.473409,15.818218],[-16.473409,15.82074],[-16.472431,15.821153],[-16.471759,15.82114],[-16.471392,15.820708],[-16.471303,15.820094],[-16.471594,15.81767],[-16.471509,15.816261],[-16.473414,15.812506],[-16.474147,15.810594],[-16.474827,15.806486],[-16.475355,15.804612],[-16.475815,15.803723],[-16.477166,15.802114],[-16.477517,15.801488],[-16.478396,15.800456],[-16.479673,15.799443],[-16.480447,15.79719],[-16.481087,15.796899],[-16.481536,15.793281],[-16.481293,15.792634],[-16.481298,15.791948],[-16.481493,15.791667],[-16.482163,15.791628],[-16.482445,15.791341],[-16.482593,15.789388],[-16.482899,15.78812],[-16.483354,15.78762],[-16.48411,15.787476],[-16.484005,15.786384],[-16.484107,15.785133],[-16.48567,15.7854]]],[[[-16.477961,15.810808],[-16.47796,15.811147],[-16.477421,15.811607],[-16.477659,15.810997],[-16.477961,15.810808]]]]}},{"type":"Feature","properties":{"categorie":"Culture maraichère"},"geometry":{"type":"MultiPolygon","coordinates":[[[[-16.519233,15.827886],[-16.51849,15.829503],[-16.518591,15.82924],[-16.517799,15.829266],[-16.518708,15.82793],[-16.519233,15.827886]]],[[[-16.51831,15.831655],[-16.516479,15.835229],[-16.51606,15.836588],[-16.515868,15.838424],[-16.516159,15.839904],[-16.515842,15.841262],[-16.51629,15.842433],[-16.515414,15.843259],[-16.514128,15.843397],[-16.513731,15.843868],[-16.51424,15.842933],[-16.514393,15.842176],[-16.515229,15.841691],[-16.515551,15.841056],[-16.51587,15.839924],[-16.515821,15.839698],[-16.515305,15.839341],[-16.515467,15.838531],[-16.515812,15.838433],[-16.515888,15.836173],[-16.516344,15.834633],[-16.51736,15.83318],[-16.517445,15.832095],[-16.518303,15.830251],[-16.518418,15.831067],[-16.51831,15.831655]]],[[[-16.511484,15.870358],[-16.511236,15.8696],[-16.51104,15.867089],[-16.511384,15.865668],[-16.511204,15.86538],[-16.510248,15.864889],[-16.510106,15.864664],[-16.510505,15.863071],[-16.510279,15.861554],[-16.510662,15.86157],[-16.510975,15.862227],[-16.511248,15.862424],[-16.511602,15.862431],[-16.511816,15.862203],[-16.511915,15.861724],[-16.511658,15.861093],[-16.511867,15.860296],[-16.511748,15.85942],[-16.511407,15.858808],[-16.511685,15.858426],[-16.512179,15.858333],[-16.512438,15.858051],[-16.512408,15.857798],[-16.511912,15.857575],[-16.511872,15.857214],[-16.512048,15.857122],[-16.512406,15.857427],[-16.512721,15.857181],[-16.512737,15.8555],[-16.5134,15.854338],[-16.513318,15.853309],[-16.513768,15.852347],[-16.513696,15.851489],[-16.513854,15.850015],[-16.513451,15.849855],[-16.51308,15.850174],[-16.512825,15.84976],[-16.513037,15.849397],[-16.513594,15.849077],[-16.513685,15.848633],[-16.513417,15.84775],[-16.514194,15.846849],[-16.514628,15.844939],[-16.515266,15.844067],[-16.515462,15.844138],[-16.515615,15.844517],[-16.515293,15.845278],[-16.51533,15.84639],[-16.514818,15.847912],[-16.514273,15.851232],[-16.514392,15.854621],[-16.514013,15.857606],[-16.513909,15.861149],[-16.513507,15.862381],[-16.513507,15.863601],[-16.512879,15.864609],[-16.512577,15.865424],[-16.512338,15.868418],[-16.511714,15.869913],[-16.511814,15.870816],[-16.510782,15.872667],[-16.510744,15.873806],[-16.510533,15.874543],[-16.510648,15.87218],[-16.511157,15.871499],[-16.510919,15.871003],[-16.510548,15.870804],[-16.511216,15.870721],[-16.511484,15.870358]],[[-16.514486,15.848474],[-16.514509,15.848339],[-16.514485,15.848294],[-16.514486,15.848474]],[[-16.511415,15.86856],[-16.511832,15.868195],[-16.51229,15.866927],[-16.512373,15.865571],[-16.512693,15.864619],[-16.512411,15.864441],[-16.511898,15.864489],[-16.511391,15.865442],[-16.511488,15.865848],[-16.51131,15.867024],[-16.511686,15.867428],[-16.511363,15.867837],[-16.511319,15.868199],[-16.511415,15.86856]]],[[[-16.507674,15.861389],[-16.507758,15.86027],[-16.508067,15.859535],[-16.507808,15.860731],[-16.50782,15.86162],[-16.507674,15.861389]]],[[[-16.509031,15.867004],[-16.508699,15.867449],[-16.508982,15.867944],[-16.509543,15.867985],[-16.510053,15.867575],[-16.510326,15.866579],[-16.51032,15.865766],[-16.510179,15.865631],[-16.509712,15.865634],[-16.509125,15.866654],[-16.509007,15.866181],[-16.50918,15.865647],[-16.51013,15.865333],[-16.51046,15.865719],[-16.510575,15.866143],[-16.51001,15.868045],[-16.510048,15.870389],[-16.509691,15.869024],[-16.50899,15.86909],[-16.508697,15.868488],[-16.508652,15.867503],[-16.509031,15.867004]]],[[[-16.510452,15.87574],[-16.510512,15.878018],[-16.510037,15.877969],[-16.509388,15.878515],[-16.508874,15.878474],[-16.50859,15.877934],[-16.509024,15.878165],[-16.509924,15.877435],[-16.509873,15.876052],[-16.510174,15.877516],[-16.51017,15.877019],[-16.510447,15.876565],[-16.510348,15.875843],[-16.510452,15.87574]]],[[[-16.508259,15.877439],[-16.50826,15.877529],[-16.508213,15.877484],[-16.508259,15.877439]]],[[[-16.510112,15.880399],[-16.510039,15.882311],[-16.509842,15.882342],[-16.510138,15.878872],[-16.510274,15.878374],[-16.510507,15.878143],[-16.510447,15.879068],[-16.510112,15.880399]]],[[[-16.506671,15.884067],[-16.506263,15.885316],[-16.506075,15.885136],[-16.505941,15.884418],[-16.506301,15.884714],[-16.506671,15.884067]]],[[[-16.525072,15.79516],[-16.524723,15.797788],[-16.5239,15.798645],[-16.52322,15.799799],[-16.52209,15.802623],[-16.521332,15.80342],[-16.519624,15.804188],[-16.519169,15.804822],[-16.519171,15.805356],[-16.519357,15.80566],[-16.519809,15.805802],[-16.520476,15.805609],[-16.520855,15.80593],[-16.520783,15.807999],[-16.52103,15.808278],[-16.522212,15.808738],[-16.522254,15.810017],[-16.522558,15.810853],[-16.521996,15.811194],[-16.521097,15.811131],[-16.521142,15.810232],[-16.520861,15.808533],[-16.520139,15.808719],[-16.519995,15.809119],[-16.519646,15.809404],[-16.519549,15.810353],[-16.518312,15.81484],[-16.517987,15.818304],[-16.517395,15.820349],[-16.517635,15.820865],[-16.516904,15.822572],[-16.517682,15.823159],[-16.518509,15.822474],[-16.519173,15.822289],[-16.518901,15.824019],[-16.517273,15.826583],[-16.517261,15.827372],[-16.517632,15.828248],[-16.517599,15.828559],[-16.517102,15.829305],[-16.516094,15.829393],[-16.515528,15.828816],[-16.514491,15.828768],[-16.514228,15.828949],[-16.514255,15.829482],[-16.510145,15.829706],[-16.509446,15.829891],[-16.509263,15.83039],[-16.509404,15.830524],[-16.509515,15.832783],[-16.509938,15.833187],[-16.509942,15.833819],[-16.509711,15.834137],[-16.50976,15.834453],[-16.509437,15.834953],[-16.509302,15.835631],[-16.509356,15.83658],[-16.509639,15.83703],[-16.509732,15.836939],[-16.509873,15.837074],[-16.509876,15.83739],[-16.509507,15.83798],[-16.509975,15.838203],[-16.510254,15.83811],[-16.51091,15.838332],[-16.511007,15.838873],[-16.510734,15.839824],[-16.510876,15.840094],[-16.510883,15.841088],[-16.510653,15.841542],[-16.510513,15.841452],[-16.510427,15.842447],[-16.511461,15.843434],[-16.511605,15.84393],[-16.511234,15.84434],[-16.511423,15.844655],[-16.511331,15.844746],[-16.511471,15.84479],[-16.511841,15.844335],[-16.51203,15.844605],[-16.512078,15.84425],[-16.512436,15.844339],[-16.512544,15.844692],[-16.512776,15.84451],[-16.512873,15.844961],[-16.51311,15.844411],[-16.513267,15.844554],[-16.513155,15.846423],[-16.51225,15.847776],[-16.512387,15.848634],[-16.512032,15.849965],[-16.511364,15.850421],[-16.511124,15.850893],[-16.511202,15.851263],[-16.511719,15.851684],[-16.511389,15.852617],[-16.51192,15.853644],[-16.511913,15.85396],[-16.511432,15.854551],[-16.511277,15.855139],[-16.5107,15.855342],[-16.51033,15.855797],[-16.510145,15.857271],[-16.509307,15.858832],[-16.508468,15.859081],[-16.508086,15.85948],[-16.508123,15.859093],[-16.507052,15.859552],[-16.506305,15.859422],[-16.50505,15.860199],[-16.504595,15.861829],[-16.504133,15.862465],[-16.503997,15.863098],[-16.504468,15.863547],[-16.504192,15.864181],[-16.504287,15.864316],[-16.503543,15.864819],[-16.503262,15.86464],[-16.503076,15.864731],[-16.502893,15.86523],[-16.502988,15.865455],[-16.503491,15.865734],[-16.50339,15.866076],[-16.503272,15.865995],[-16.5029,15.866179],[-16.502525,15.866001],[-16.502294,15.866364],[-16.50206,15.86632],[-16.502581,15.867266],[-16.50267,15.866723],[-16.502859,15.866992],[-16.502951,15.866811],[-16.503374,15.867124],[-16.503331,15.867712],[-16.503659,15.867845],[-16.504318,15.868564],[-16.504225,15.868655],[-16.504417,15.869331],[-16.503678,15.870421],[-16.504014,15.871594],[-16.504625,15.872132],[-16.505386,15.874115],[-16.505856,15.874473],[-16.50604,15.874155],[-16.505757,15.873706],[-16.506127,15.873296],[-16.506874,15.873291],[-16.507471,15.871931],[-16.507932,15.871115],[-16.508207,15.870911],[-16.50861,15.871564],[-16.508359,15.87197],[-16.509061,15.872282],[-16.509395,15.873183],[-16.509404,15.874448],[-16.509699,15.875544],[-16.509379,15.875394],[-16.508484,15.875678],[-16.508328,15.876732],[-16.508503,15.877581],[-16.508071,15.877169],[-16.508155,15.875993],[-16.50788,15.876628],[-16.507647,15.876765],[-16.507837,15.877216],[-16.507843,15.877984],[-16.508126,15.878389],[-16.507895,15.878707],[-16.507716,15.879702],[-16.506931,15.880882],[-16.507021,15.881335],[-16.506881,15.880951],[-16.506574,15.880933],[-16.506194,15.881333],[-16.506279,15.882432],[-16.505962,15.883724],[-16.50578,15.88306],[-16.505457,15.883649],[-16.504853,15.88406],[-16.504525,15.883882],[-16.504386,15.883973],[-16.504244,15.883793],[-16.504058,15.883885],[-16.503823,15.883615],[-16.503405,15.883935],[-16.503079,15.883982],[-16.502329,15.883626],[-16.502004,15.883899],[-16.501635,15.883907],[-16.5007,15.884315],[-16.499186,15.885473],[-16.49905,15.886035],[-16.499764,15.887257],[-16.500169,15.887058],[-16.500067,15.887166],[-16.499648,15.88735],[-16.499508,15.887306],[-16.499132,15.886992],[-16.499223,15.886675],[-16.498799,15.886181],[-16.498103,15.886773],[-16.497729,15.886731],[-16.497544,15.886913],[-16.497263,15.886824],[-16.496612,15.88719],[-16.496332,15.887147],[-16.496009,15.887737],[-16.496063,15.88873],[-16.49537,15.889729],[-16.495233,15.890182],[-16.49533,15.890633],[-16.495515,15.890451],[-16.49561,15.890541],[-16.495518,15.890813],[-16.495709,15.891399],[-16.495664,15.891535],[-16.495476,15.891446],[-16.495285,15.890905],[-16.495341,15.89217],[-16.495479,15.891898],[-16.496035,15.892427],[-16.495814,15.892935],[-16.495897,15.892944],[-16.495815,15.893833],[-16.495768,15.89298],[-16.495674,15.892891],[-16.495349,15.893164],[-16.495266,15.894565],[-16.495323,15.895966],[-16.495574,15.89547],[-16.495542,15.897477],[-16.495879,15.898687],[-16.495708,15.898765],[-16.495099,15.898498],[-16.494679,15.898564],[-16.49416,15.899164],[-16.493445,15.899557],[-16.492683,15.900768],[-16.491374,15.905058],[-16.490105,15.907742],[-16.489887,15.90853],[-16.48985,15.909895],[-16.49018,15.912803],[-16.489869,15.916239],[-16.490165,15.918461],[-16.490429,15.922616],[-16.490288,15.923666],[-16.488156,15.925886],[-16.487679,15.925853],[-16.487026,15.925188],[-16.487585,15.924617],[-16.487921,15.925091],[-16.488194,15.925147],[-16.489017,15.923859],[-16.489178,15.923108],[-16.488888,15.922515],[-16.488114,15.921693],[-16.488489,15.921532],[-16.488242,15.920139],[-16.48713,15.919516],[-16.487222,15.919289],[-16.487798,15.919235],[-16.487378,15.918159],[-16.487552,15.916836],[-16.487345,15.916703],[-16.486679,15.916709],[-16.486257,15.916461],[-16.485822,15.916646],[-16.485523,15.916503],[-16.485423,15.916026],[-16.48553,15.914536],[-16.485155,15.913817],[-16.484964,15.914304],[-16.484434,15.918065],[-16.484736,15.918335],[-16.485138,15.918339],[-16.485259,15.918004],[-16.484939,15.917736],[-16.486062,15.917181],[-16.486274,15.917249],[-16.486215,15.91838],[-16.486862,15.918581],[-16.486355,15.919141],[-16.486522,15.920126],[-16.487054,15.920483],[-16.486771,15.92173],[-16.48727,15.922492],[-16.487719,15.922795],[-16.487578,15.922969],[-16.486557,15.923016],[-16.485771,15.923613],[-16.485618,15.924129],[-16.486368,15.9241],[-16.486412,15.924511],[-16.485467,15.924738],[-16.484775,15.925972],[-16.484226,15.926274],[-16.484023,15.926583],[-16.483981,15.925878],[-16.484154,15.925308],[-16.485579,15.923544],[-16.485881,15.922639],[-16.485694,15.92142],[-16.484315,15.919233],[-16.484064,15.918168],[-16.484496,15.915969],[-16.484447,15.914415],[-16.485574,15.911425],[-16.486715,15.906473],[-16.486756,15.904512],[-16.486346,15.902101],[-16.486425,15.900139],[-16.486265,15.898613],[-16.486326,15.898305],[-16.486873,15.898167],[-16.487168,15.898236],[-16.487872,15.898819],[-16.488151,15.898546],[-16.488042,15.896766],[-16.488542,15.896158],[-16.488196,15.895678],[-16.488279,15.894724],[-16.48813,15.893773],[-16.488316,15.892885],[-16.488809,15.892452],[-16.488866,15.891327],[-16.489451,15.890469],[-16.489165,15.890169],[-16.488792,15.890262],[-16.488468,15.890143],[-16.488689,15.889793],[-16.488465,15.889354],[-16.48728,15.889084],[-16.48708,15.889377],[-16.486974,15.890059],[-16.486344,15.890789],[-16.486426,15.892272],[-16.486067,15.892648],[-16.485556,15.892875],[-16.48535,15.892266],[-16.484045,15.891416],[-16.484031,15.890802],[-16.48464,15.88974],[-16.485143,15.88961],[-16.485725,15.89004],[-16.485959,15.889993],[-16.486845,15.88864],[-16.486981,15.888025],[-16.486271,15.882941],[-16.485602,15.882142],[-16.485154,15.88209],[-16.483655,15.882779],[-16.481968,15.884462],[-16.481229,15.884282],[-16.481245,15.883934],[-16.481504,15.883598],[-16.482137,15.883386],[-16.482406,15.883113],[-16.482936,15.881437],[-16.483727,15.879904],[-16.483759,15.876648],[-16.483487,15.87665],[-16.481692,15.877786],[-16.480277,15.880283],[-16.480146,15.881606],[-16.480249,15.881862],[-16.479847,15.882342],[-16.479384,15.882482],[-16.479039,15.88199],[-16.478463,15.88168],[-16.477293,15.882209],[-16.476437,15.882309],[-16.47625,15.882147],[-16.476289,15.881346],[-16.476002,15.879852],[-16.476296,15.878417],[-16.476054,15.87778],[-16.47574,15.877475],[-16.475235,15.877565],[-16.474649,15.877977],[-16.473754,15.880567],[-16.472923,15.881294],[-16.472181,15.881442],[-16.470894,15.880456],[-16.469755,15.880309],[-16.4698,15.879146],[-16.47068,15.877613],[-16.471321,15.875552],[-16.471273,15.87478],[-16.470789,15.874075],[-16.471513,15.873498],[-16.471947,15.872781],[-16.474382,15.871228],[-16.475504,15.870199],[-16.475817,15.869465],[-16.476183,15.86723],[-16.476514,15.866541],[-16.478043,15.864931],[-16.478935,15.861744],[-16.479379,15.861126],[-16.480909,15.859669],[-16.481213,15.85917],[-16.481317,15.857976],[-16.48121,15.856814],[-16.482496,15.854733],[-16.482833,15.854691],[-16.484534,15.855458],[-16.485391,15.855324],[-16.48438,15.854214],[-16.483183,15.852227],[-16.48177,15.851068],[-16.481587,15.850292],[-16.481172,15.849726],[-16.481152,15.849464],[-16.481855,15.848555],[-16.481991,15.848021],[-16.48136,15.847329],[-16.48132,15.846878],[-16.481505,15.846624],[-16.481719,15.846595],[-16.482228,15.847242],[-16.48296,15.847816],[-16.484388,15.847715],[-16.484335,15.846794],[-16.483639,15.844856],[-16.4848,15.845228],[-16.485458,15.845919],[-16.485377,15.845024],[-16.48467,15.842887],[-16.484483,15.84156],[-16.484776,15.839488],[-16.485392,15.837541],[-16.486097,15.836419],[-16.487544,15.8353],[-16.488605,15.833923],[-16.489148,15.83347],[-16.489383,15.832731],[-16.491275,15.830197],[-16.492867,15.826385],[-16.494036,15.82427],[-16.495757,15.821834],[-16.495814,15.820782],[-16.495594,15.820124],[-16.495349,15.820022],[-16.494463,15.820332],[-16.494322,15.820245],[-16.494705,15.819308],[-16.495686,15.817964],[-16.495686,15.816536],[-16.496126,15.816217],[-16.496677,15.816789],[-16.496939,15.817341],[-16.497091,15.818664],[-16.498071,15.817025],[-16.499277,15.813228],[-16.49917,15.812758],[-16.499321,15.811833],[-16.498992,15.810799],[-16.497817,15.809597],[-16.497072,15.808277],[-16.496846,15.80705],[-16.497116,15.80606],[-16.497559,15.805454],[-16.497737,15.805525],[-16.497996,15.805353],[-16.498269,15.806123],[-16.499239,15.805827],[-16.499602,15.805996],[-16.500072,15.806873],[-16.499982,15.808431],[-16.500268,15.809949],[-16.500886,15.810759],[-16.501581,15.810451],[-16.501795,15.809996],[-16.501905,15.808991],[-16.50155,15.807031],[-16.503807,15.805866],[-16.504519,15.805776],[-16.504287,15.805219],[-16.503697,15.804642],[-16.504055,15.804034],[-16.504165,15.803422],[-16.50355,15.802572],[-16.502841,15.801165],[-16.502851,15.800713],[-16.503128,15.800477],[-16.503629,15.800697],[-16.504254,15.802114],[-16.504703,15.802459],[-16.506257,15.800398],[-16.507795,15.797313],[-16.508348,15.796496],[-16.50905,15.795946],[-16.509652,15.795728],[-16.51042,15.795868],[-16.510954,15.79629],[-16.5111,15.796142],[-16.511767,15.795405],[-16.511567,15.794918],[-16.511542,15.794029],[-16.511062,15.792933],[-16.511067,15.79206],[-16.511639,15.791072],[-16.512495,15.790504],[-16.512945,15.790433],[-16.513454,15.790658],[-16.513768,15.790214],[-16.518507,15.791025],[-16.525072,15.79516]],[[-16.512781,15.845142],[-16.512782,15.845233],[-16.512828,15.845187],[-16.512781,15.845142]],[[-16.512644,15.845595],[-16.512738,15.845594],[-16.51269,15.845504],[-16.512644,15.845595]],[[-16.511796,15.847657],[-16.512238,15.847405],[-16.512467,15.846816],[-16.51237,15.84641],[-16.512553,15.845822],[-16.512131,15.845599],[-16.5119,15.846007],[-16.511907,15.846911],[-16.511442,15.847185],[-16.510789,15.84719],[-16.511796,15.847657]],[[-16.510277,15.847419],[-16.510326,15.84769],[-16.510419,15.847644],[-16.510277,15.847419]],[[-16.511552,15.849444],[-16.511691,15.849217],[-16.511687,15.848675],[-16.511364,15.849174],[-16.511551,15.849263],[-16.511552,15.849444]],[[-16.511136,15.849944],[-16.511137,15.850034],[-16.511183,15.849989],[-16.511136,15.849944]],[[-16.511043,15.850035],[-16.511044,15.850125],[-16.51109,15.85008],[-16.511043,15.850035]],[[-16.511007,15.851436],[-16.511193,15.851389],[-16.510911,15.85112],[-16.510819,15.851256],[-16.511007,15.851436]],[[-16.511289,15.85166],[-16.511382,15.851659],[-16.511335,15.851569],[-16.511289,15.85166]],[[-16.511295,15.852428],[-16.511387,15.852292],[-16.511104,15.851932],[-16.511011,15.852023],[-16.511295,15.852428]],[[-16.511157,15.852745],[-16.511158,15.852836],[-16.511204,15.85279],[-16.511157,15.852745]],[[-16.495989,15.861021],[-16.498216,15.859071],[-16.498909,15.858054],[-16.499346,15.856578],[-16.499193,15.854898],[-16.497951,15.851066],[-16.497834,15.84906],[-16.498217,15.847873],[-16.49969,15.846318],[-16.500086,15.845538],[-16.500248,15.843494],[-16.500933,15.8419],[-16.500686,15.840813],[-16.501514,15.840296],[-16.501816,15.839676],[-16.5018,15.839073],[-16.501446,15.838438],[-16.501743,15.837281],[-16.501831,15.835954],[-16.502021,15.835734],[-16.502576,15.836248],[-16.503026,15.83628],[-16.503297,15.836114],[-16.503573,15.835629],[-16.503923,15.83388],[-16.504502,15.833037],[-16.504245,15.83141],[-16.503634,15.830728],[-16.503924,15.829189],[-16.503918,15.828375],[-16.504473,15.827685],[-16.504715,15.827044],[-16.505257,15.826839],[-16.50472,15.825958],[-16.50584,15.825405],[-16.505993,15.823983],[-16.506881,15.822955],[-16.507122,15.82233],[-16.508515,15.822015],[-16.510041,15.820729],[-16.510401,15.820182],[-16.510573,15.819382],[-16.510514,15.816807],[-16.510747,15.814702],[-16.511095,15.814226],[-16.511981,15.813911],[-16.513057,15.812539],[-16.512913,15.8117],[-16.513325,15.810363],[-16.513048,15.808885],[-16.512855,15.805931],[-16.514693,15.803866],[-16.516307,15.802888],[-16.515453,15.800232],[-16.515455,15.799238],[-16.515904,15.798187],[-16.517929,15.795624],[-16.518427,15.792987],[-16.517777,15.792967],[-16.517339,15.793216],[-16.51536,15.795167],[-16.514873,15.796188],[-16.512828,15.79902],[-16.512592,15.800036],[-16.511739,15.801162],[-16.510676,15.804073],[-16.510507,15.804969],[-16.510154,15.805664],[-16.509881,15.806964],[-16.510525,15.808801],[-16.510341,15.8094],[-16.509703,15.809954],[-16.508326,15.810618],[-16.50673,15.812606],[-16.504369,15.813415],[-16.503225,15.814023],[-16.501155,15.816566],[-16.500846,15.818329],[-16.50043,15.819044],[-16.500303,15.819881],[-16.499984,15.820572],[-16.499883,15.822061],[-16.499083,15.823535],[-16.498235,15.825587],[-16.497001,15.827342],[-16.497004,15.82779],[-16.497644,15.829225],[-16.497347,15.830319],[-16.495957,15.831667],[-16.496109,15.832911],[-16.495814,15.833704],[-16.495361,15.834062],[-16.493829,15.834754],[-16.493096,15.835622],[-16.493584,15.83911],[-16.493222,15.839589],[-16.49315,15.840005],[-16.493319,15.840421],[-16.493889,15.84105],[-16.493684,15.841698],[-16.493784,15.843034],[-16.493342,15.843455],[-16.493583,15.843667],[-16.493345,15.854459],[-16.493031,15.856143],[-16.490892,15.861119],[-16.492326,15.863116],[-16.492917,15.863509],[-16.493515,15.863559],[-16.494259,15.863139],[-16.495989,15.861021]],[[-16.502596,15.842909],[-16.503803,15.842964],[-16.504529,15.842218],[-16.505632,15.842103],[-16.505887,15.841724],[-16.505156,15.841258],[-16.502936,15.840955],[-16.502371,15.841265],[-16.502254,15.841533],[-16.50234,15.842716],[-16.502596,15.842909]],[[-16.509411,15.843991],[-16.509412,15.844081],[-16.509458,15.844036],[-16.509411,15.843991]],[[-16.509188,15.845348],[-16.509422,15.845437],[-16.509981,15.845252],[-16.510388,15.843577],[-16.51015,15.842901],[-16.509967,15.843354],[-16.509684,15.843085],[-16.509546,15.843312],[-16.50964,15.843402],[-16.509459,15.844126],[-16.509741,15.84444],[-16.509511,15.844803],[-16.509322,15.844624],[-16.509091,15.844942],[-16.50928,15.845167],[-16.509188,15.845348]],[[-16.509874,15.849727],[-16.510246,15.849588],[-16.509776,15.84914],[-16.509499,15.849548],[-16.509874,15.849727]],[[-16.508216,15.859002],[-16.508216,15.859092],[-16.508263,15.859047],[-16.508216,15.859002]],[[-16.496859,15.868415],[-16.496519,15.868239],[-16.4965,15.868084],[-16.496587,15.867913],[-16.497052,15.867796],[-16.497015,15.867426],[-16.496696,15.867294],[-16.496233,15.867595],[-16.496187,15.867351],[-16.496653,15.86694],[-16.497133,15.867],[-16.49714,15.866774],[-16.496825,15.866459],[-16.496884,15.866127],[-16.496531,15.865814],[-16.495996,15.865645],[-16.495855,15.86598],[-16.49626,15.866301],[-16.496308,15.866526],[-16.495663,15.866666],[-16.495239,15.866941],[-16.494965,15.867795],[-16.495661,15.8685],[-16.49585,15.868911],[-16.496293,15.868733],[-16.496514,15.868901],[-16.496561,15.869232],[-16.496219,15.86979],[-16.496404,15.870091],[-16.496798,15.870046],[-16.49706,15.869755],[-16.496859,15.868415]],[[-16.505721,15.875107],[-16.505721,15.875197],[-16.505768,15.875151],[-16.505721,15.875107]],[[-16.508106,15.875677],[-16.508249,15.875993],[-16.508662,15.875041],[-16.508195,15.875044],[-16.50829,15.875269],[-16.508106,15.875677]],[[-16.507067,15.876745],[-16.506571,15.876389],[-16.506166,15.876456],[-16.505889,15.878192],[-16.506432,15.878483],[-16.507388,15.878327],[-16.507442,15.87728],[-16.507067,15.876745]],[[-16.495717,15.892438],[-16.495718,15.892529],[-16.495811,15.892483],[-16.495717,15.892438]],[[-16.486883,15.864621],[-16.486173,15.867035],[-16.487284,15.867642],[-16.487115,15.868525],[-16.488038,15.868521],[-16.48816,15.865768],[-16.489052,15.865366],[-16.488708,15.8643],[-16.486883,15.864621]],[[-16.499695,15.879592],[-16.499554,15.88001],[-16.499975,15.880036],[-16.500035,15.880265],[-16.500576,15.88031],[-16.501246,15.880155],[-16.502147,15.879323],[-16.503359,15.879491],[-16.503795,15.878922],[-16.503719,15.878646],[-16.502846,15.878075],[-16.502399,15.87803],[-16.502286,15.877685],[-16.501729,15.877554],[-16.501117,15.87806],[-16.500853,15.878066],[-16.500677,15.877727],[-16.500369,15.877677],[-16.49975,15.877897],[-16.499319,15.87837],[-16.49963,15.878797],[-16.499475,15.878829],[-16.499695,15.879592]]],[[[-16.503482,15.886679],[-16.503102,15.887145],[-16.503006,15.886727],[-16.503482,15.886679]]],[[[-16.496692,15.891709],[-16.496763,15.891731],[-16.496663,15.891728],[-16.496692,15.891709]]],[[[-16.495774,15.893884],[-16.495803,15.894001],[-16.495677,15.894783],[-16.495774,15.893884]]],[[[-16.497314,15.89299],[-16.497594,15.893736],[-16.497455,15.895891],[-16.497314,15.89299]]],[[[-16.503551,15.894146],[-16.50376,15.894055],[-16.503484,15.894554],[-16.503489,15.895186],[-16.503868,15.896042],[-16.503786,15.896194],[-16.503344,15.895249],[-16.503434,15.894029],[-16.503551,15.894146]]],[[[-16.498036,15.89658],[-16.497894,15.896445],[-16.498034,15.896309],[-16.498081,15.896444],[-16.498036,15.89658]]],[[[-16.502892,15.896546],[-16.502788,15.896317],[-16.502999,15.896648],[-16.502892,15.896546]]],[[[-16.49813,15.896669],[-16.49813,15.89676],[-16.498083,15.896715],[-16.49813,15.896669]]],[[[-16.486223,15.896892],[-16.486646,15.897075],[-16.486805,15.897441],[-16.486223,15.896892]]],[[[-16.485138,15.897563],[-16.485248,15.896781],[-16.485321,15.896777],[-16.485138,15.897563]]],[[[-16.506631,15.900046],[-16.506668,15.900439],[-16.507088,15.900773],[-16.508342,15.900091],[-16.508449,15.900419],[-16.508278,15.9013],[-16.508381,15.902175],[-16.507632,15.902269],[-16.50791,15.903673],[-16.507747,15.903746],[-16.507663,15.904406],[-16.507867,15.904405],[-16.507788,15.904674],[-16.507386,15.904968],[-16.507536,15.907191],[-16.507142,15.908026],[-16.506797,15.907497],[-16.506561,15.907757],[-16.507026,15.908414],[-16.507118,15.908844],[-16.507179,15.91111],[-16.507047,15.91124],[-16.507028,15.911833],[-16.506841,15.911851],[-16.506853,15.912392],[-16.506682,15.912387],[-16.506843,15.912917],[-16.506827,15.913668],[-16.507043,15.913912],[-16.506791,15.914161],[-16.506959,15.914386],[-16.506749,15.914745],[-16.506448,15.918335],[-16.505871,15.915488],[-16.505522,15.915472],[-16.505599,15.916564],[-16.505252,15.918649],[-16.506022,15.919074],[-16.506406,15.918704],[-16.506216,15.920356],[-16.505669,15.920902],[-16.505375,15.921582],[-16.504935,15.92012],[-16.504063,15.919959],[-16.503986,15.919493],[-16.503649,15.919137],[-16.50328,15.919247],[-16.50278,15.918844],[-16.502474,15.919073],[-16.501945,15.916728],[-16.501523,15.912442],[-16.500438,15.910234],[-16.500519,15.90986],[-16.500908,15.909448],[-16.501627,15.909214],[-16.502643,15.909135],[-16.50317,15.908525],[-16.503118,15.90682],[-16.502667,15.905989],[-16.50256,15.904777],[-16.50237,15.904594],[-16.502011,15.904562],[-16.501584,15.905074],[-16.501059,15.905347],[-16.50037,15.905453],[-16.4999,15.905316],[-16.498628,15.903862],[-16.498076,15.902602],[-16.497265,15.901481],[-16.496811,15.900249],[-16.497334,15.900182],[-16.497843,15.899582],[-16.497887,15.899238],[-16.497352,15.897588],[-16.497469,15.896713],[-16.497711,15.896853],[-16.497942,15.89658],[-16.498179,15.897076],[-16.498087,15.897212],[-16.498513,15.897932],[-16.498699,15.897931],[-16.498985,15.898652],[-16.49978,15.898872],[-16.500156,15.899186],[-16.500435,15.899003],[-16.500246,15.898688],[-16.500432,15.898551],[-16.500761,15.898911],[-16.501088,15.898908],[-16.501137,15.89927],[-16.500996,15.89909],[-16.500904,15.899271],[-16.501093,15.899631],[-16.502299,15.898538],[-16.502439,15.898447],[-16.502767,15.898626],[-16.503163,15.898211],[-16.503201,15.899228],[-16.503743,15.901764],[-16.504158,15.901604],[-16.504322,15.900585],[-16.504313,15.899284],[-16.503984,15.89705],[-16.504208,15.897712],[-16.5043,15.897621],[-16.505004,15.897977],[-16.505143,15.897886],[-16.505473,15.898336],[-16.505659,15.898199],[-16.505565,15.898109],[-16.505703,15.897882],[-16.506132,15.898964],[-16.506963,15.899055],[-16.506631,15.900046]],[[-16.50496,15.89843],[-16.50496,15.898339],[-16.504913,15.898385],[-16.50496,15.89843]],[[-16.508059,15.900667],[-16.508081,15.900464],[-16.508057,15.900396],[-16.508059,15.900667]]]]}},{"type":"Feature","properties":{"categorie":"Culture maraichère"},"geometry":{"type":"MultiPolygon","coordinates":[[[[-16.42777,15.857902],[-16.428013,15.857738],[-16.430419,15.853786],[-16.431211,15.850272],[-16.431873,15.84955],[-16.434045,15.848717],[-16.433521,15.848003],[-16.431633,15.848267],[-16.431508,15.84633],[-16.432354,15.845428],[-16.433091,15.844849],[-16.433832,15.844844],[-16.434941,15.844371],[-16.435946,15.845117],[-16.436101,15.845977],[-16.435811,15.846912],[-16.435998,15.847126],[-16.435632,15.847881],[-16.435151,15.84792],[-16.434601,15.848785],[-16.432731,15.850499],[-16.432457,15.85166],[-16.431804,15.853197],[-16.432996,15.853506],[-16.436679,15.851005],[-16.439571,15.848244],[-16.440195,15.847415],[-16.440722,15.843322],[-16.44209,15.84299],[-16.44244,15.845319],[-16.442187,15.846218],[-16.441596,15.846401],[-16.441598,15.846724],[-16.44261,15.847775],[-16.443183,15.846487],[-16.444272,15.844793],[-16.445568,15.843747],[-16.446501,15.842528],[-16.448157,15.841738],[-16.449123,15.840401],[-16.449298,15.83732],[-16.448113,15.837323],[-16.447469,15.837016],[-16.446927,15.837307],[-16.446757,15.837667],[-16.44696,15.838383],[-16.446845,15.839627],[-16.447146,15.840295],[-16.44688,15.841133],[-16.446288,15.841257],[-16.444113,15.841032],[-16.443581,15.840647],[-16.444178,15.84083],[-16.444761,15.840469],[-16.444491,15.839185],[-16.443689,15.839196],[-16.443827,15.839025],[-16.44484,15.839067],[-16.445601,15.838416],[-16.444804,15.837536],[-16.445785,15.836478],[-16.447005,15.834293],[-16.447446,15.83386],[-16.44802,15.834621],[-16.448177,15.835936],[-16.449157,15.835933],[-16.449109,15.835158],[-16.449502,15.83405],[-16.449524,15.832734],[-16.449107,15.830615],[-16.449446,15.830463],[-16.449788,15.830909],[-16.450013,15.832044],[-16.450418,15.832609],[-16.450849,15.832397],[-16.451308,15.831826],[-16.451803,15.831942],[-16.451592,15.832691],[-16.45083,15.834071],[-16.450931,15.835206],[-16.45119,15.835964],[-16.451665,15.83663],[-16.451003,15.83824],[-16.452232,15.83851],[-16.453181,15.839231],[-16.454494,15.83948],[-16.454854,15.838582],[-16.45571,15.8386],[-16.456289,15.838884],[-16.456267,15.839314],[-16.457503,15.839348],[-16.457529,15.83872],[-16.459525,15.838768],[-16.460474,15.839012],[-16.46185,15.839745],[-16.46239,15.836429],[-16.461633,15.83593],[-16.46206,15.83476],[-16.462727,15.83492],[-16.463345,15.832073],[-16.464536,15.829241],[-16.464925,15.828796],[-16.46552,15.828566],[-16.465627,15.827995],[-16.465108,15.827951],[-16.465153,15.827281],[-16.466014,15.826845],[-16.466799,15.826002],[-16.467028,15.82361],[-16.467371,15.822335],[-16.467338,15.820419],[-16.466572,15.820325],[-16.465921,15.819911],[-16.466529,15.818531],[-16.467455,15.818525],[-16.467852,15.817955],[-16.468736,15.81209],[-16.469337,15.809874],[-16.470375,15.808253],[-16.471335,15.804301],[-16.472014,15.804296],[-16.472448,15.804532],[-16.471609,15.808095],[-16.471849,15.811351],[-16.471089,15.81306],[-16.470659,15.813332],[-16.468605,15.819594],[-16.468793,15.819921],[-16.468264,15.821648],[-16.468582,15.821984],[-16.469069,15.822107],[-16.46917,15.820935],[-16.470532,15.821314],[-16.471155,15.822147],[-16.470637,15.823047],[-16.470047,15.823167],[-16.469386,15.825208],[-16.468249,15.826369],[-16.467385,15.828201],[-16.46707,15.828483],[-16.466204,15.830098],[-16.465919,15.830814],[-16.465724,15.832252],[-16.464816,15.833216],[-16.464722,15.836157],[-16.464856,15.83828],[-16.464485,15.839418],[-16.465474,15.839635],[-16.465537,15.840113],[-16.465263,15.840459],[-16.464218,15.840258],[-16.464233,15.842301],[-16.463652,15.844027],[-16.462753,15.848047],[-16.46397,15.848875],[-16.463338,15.850968],[-16.461418,15.853945],[-16.460756,15.855414],[-16.46043,15.856781],[-16.460186,15.856656],[-16.460081,15.85634],[-16.460238,15.854794],[-16.461413,15.852011],[-16.461499,15.850998],[-16.461474,15.850806],[-16.460056,15.850839],[-16.459448,15.848715],[-16.46057,15.846722],[-16.461101,15.845093],[-16.46169,15.845142],[-16.461787,15.843108],[-16.460516,15.842729],[-16.458784,15.846364],[-16.458167,15.846775],[-16.457474,15.846864],[-16.457146,15.846626],[-16.456971,15.846147],[-16.457548,15.844281],[-16.457535,15.843873],[-16.45605,15.843453],[-16.455864,15.84166],[-16.454719,15.841363],[-16.4542,15.842156],[-16.453456,15.843967],[-16.451859,15.846371],[-16.449772,15.850908],[-16.449442,15.852203],[-16.449606,15.852973],[-16.450208,15.853494],[-16.450669,15.853536],[-16.450977,15.853386],[-16.452828,15.849054],[-16.453923,15.847721],[-16.454689,15.847511],[-16.455437,15.847641],[-16.456012,15.848227],[-16.456154,15.848862],[-16.454113,15.853159],[-16.451269,15.857941],[-16.449737,15.861314],[-16.449278,15.861232],[-16.448689,15.860739],[-16.448208,15.858714],[-16.446352,15.857237],[-16.445855,15.856479],[-16.445587,15.855626],[-16.446274,15.852339],[-16.449174,15.847913],[-16.447806,15.847783],[-16.445989,15.849989],[-16.443701,15.854413],[-16.443106,15.85616],[-16.442942,15.857256],[-16.441629,15.856916],[-16.440195,15.857889],[-16.439834,15.85929],[-16.439169,15.859474],[-16.438389,15.859228],[-16.437798,15.859519],[-16.437217,15.861245],[-16.438183,15.861525],[-16.437415,15.866393],[-16.436631,15.866514],[-16.436653,15.866293],[-16.436223,15.866313],[-16.436238,15.865964],[-16.436002,15.865891],[-16.435874,15.866366],[-16.4353,15.866334],[-16.435111,15.866696],[-16.435403,15.866857],[-16.435324,15.867047],[-16.42987,15.860709],[-16.42777,15.857902]],[[-16.450089,15.857766],[-16.451428,15.856272],[-16.451612,15.856271],[-16.451678,15.855662],[-16.452394,15.854414],[-16.452422,15.8537],[-16.452277,15.853424],[-16.451699,15.853897],[-16.450935,15.855627],[-16.450249,15.856721],[-16.449977,15.85751],[-16.450089,15.857766]],[[-16.437681,15.856891],[-16.438282,15.857068],[-16.438384,15.855413],[-16.438083,15.855375],[-16.437568,15.855792],[-16.437622,15.856453],[-16.437826,15.856431],[-16.437681,15.856891]]],[[[-16.437398,15.867047],[-16.437296,15.866974],[-16.437366,15.866927],[-16.437398,15.867047]]],[[[-16.437545,15.86751],[-16.437874,15.867961],[-16.438874,15.868317],[-16.438988,15.868681],[-16.438656,15.869558],[-16.437761,15.869569],[-16.437482,15.870012],[-16.437388,15.869445],[-16.435692,15.867475],[-16.436002,15.867672],[-16.436498,15.867104],[-16.437545,15.86751]]],[[[-16.424891,15.848534],[-16.426535,15.847072],[-16.426822,15.845827],[-16.428133,15.842566],[-16.429051,15.843062],[-16.428392,15.844262],[-16.427859,15.8457],[-16.428357,15.846295],[-16.429483,15.844757],[-16.430207,15.845144],[-16.429653,15.846725],[-16.42981,15.847919],[-16.429295,15.850842],[-16.428589,15.851924],[-16.427926,15.851798],[-16.42723,15.851061],[-16.427347,15.850175],[-16.426951,15.850106],[-16.426029,15.850483],[-16.425578,15.85225],[-16.425623,15.854192],[-16.425904,15.854689],[-16.425603,15.855111],[-16.424635,15.85384],[-16.42485,15.848153],[-16.424891,15.848534]]]]}},{"type":"Feature","properties":{"categorie":"Dune"},"geometry":{"type":"Polygon","coordinates":[[[-16.503358,15.788431],[-16.503742,15.788961],[-16.504281,15.78916],[-16.505121,15.789136],[-16.505504,15.788798],[-16.513768,15.790214],[-16.513454,15.790658],[-16.512794,15.790428],[-16.512065,15.790729],[-16.511511,15.791218],[-16.51112,15.791893],[-16.511062,15.792933],[-16.511542,15.794029],[-16.511567,15.794918],[-16.511767,15.795405],[-16.510954,15.79629],[-16.51042,15.795868],[-16.509652,15.795728],[-16.50905,15.795946],[-16.508348,15.796496],[-16.507795,15.797313],[-16.506257,15.800398],[-16.504771,15.802406],[-16.504562,15.802461],[-16.504306,15.802197],[-16.503629,15.800697],[-16.503128,15.800477],[-16.502885,15.800652],[-16.502841,15.801165],[-16.50355,15.802572],[-16.504165,15.803422],[-16.504055,15.804034],[-16.503697,15.804642],[-16.504287,15.805219],[-16.504519,15.805776],[-16.503807,15.805866],[-16.50155,15.807031],[-16.501899,15.808836],[-16.50182,15.809854],[-16.501581,15.810451],[-16.500981,15.810782],[-16.500581,15.810458],[-16.500158,15.809641],[-16.499977,15.808338],[-16.500081,15.806943],[-16.499821,15.806288],[-16.499362,15.805834],[-16.498381,15.806137],[-16.498108,15.805896],[-16.497997,15.805352],[-16.498775,15.804515],[-16.498137,15.803977],[-16.497909,15.803554],[-16.497819,15.801726],[-16.49855,15.799285],[-16.498853,15.798964],[-16.499779,15.798504],[-16.499989,15.798177],[-16.499698,15.796869],[-16.499839,15.795614],[-16.499729,15.793382],[-16.50001,15.790887],[-16.499681,15.78939],[-16.500625,15.789903],[-16.500996,15.789758],[-16.501213,15.789228],[-16.500951,15.788019],[-16.503358,15.788431]]]}},{"type":"Feature","properties":{"categorie":"Plaine inondable"},"geometry":{"type":"Polygon","coordinates":[[[-16.505504,15.788798],[-16.505121,15.789136],[-16.504281,15.78916],[-16.503742,15.788961],[-16.503358,15.788431],[-16.505504,15.788798]]]}},{"type":"Feature","properties":{"categorie":"Plaine inondable"},"geometry":{"type":"Polygon","coordinates":[[[-16.494495,15.786912],[-16.494585,15.787311],[-16.495215,15.787921],[-16.495204,15.788791],[-16.49489,15.789597],[-16.495221,15.789806],[-16.495863,15.78975],[-16.49643,15.78923],[-16.497075,15.787354],[-16.498446,15.787589],[-16.498127,15.788286],[-16.497261,15.789176],[-16.496688,15.790027],[-16.496252,15.791547],[-16.495929,15.792135],[-16.495427,15.792637],[-16.494806,15.79278],[-16.49426,15.792709],[-16.494061,15.79249],[-16.49412,15.791479],[-16.493666,15.790119],[-16.493617,15.788229],[-16.493456,15.787704],[-16.493594,15.786758],[-16.494495,15.786912]]]}},{"type":"Feature","properties":{"categorie":"Plaine inondable"},"geometry":{"type":"Polygon","coordinates":[[[-16.487223,15.805037],[-16.487896,15.800134],[-16.48845,15.79928],[-16.489159,15.7967],[-16.489108,15.79604],[-16.488593,15.794571],[-16.488726,15.793666],[-16.489366,15.793029],[-16.489457,15.792694],[-16.491074,15.79308],[-16.491149,15.795574],[-16.49147,15.79738],[-16.49033,15.798499],[-16.490091,15.800299],[-16.490483,15.801607],[-16.490092,15.801764],[-16.489941,15.802714],[-16.489323,15.803766],[-16.48758,15.805441],[-16.487223,15.805037]]]}},{"type":"Feature","properties":{"categorie":"Plaine inondable"},"geometry":{"type":"Polygon","coordinates":[[[-16.491364,15.804593],[-16.491599,15.80348],[-16.491617,15.802124],[-16.493184,15.800793],[-16.492471,15.800274],[-16.492194,15.799426],[-16.492275,15.798983],[-16.493488,15.7977],[-16.493946,15.797742],[-16.495024,15.798359],[-16.495276,15.798384],[-16.495776,15.798063],[-16.496441,15.798069],[-16.496672,15.79741],[-16.497419,15.796312],[-16.497576,15.79575],[-16.497561,15.795423],[-16.497116,15.794977],[-16.496928,15.794513],[-16.497428,15.793877],[-16.498216,15.793239],[-16.49884,15.793054],[-16.499607,15.793248],[-16.499729,15.793382],[-16.499839,15.795538],[-16.4997,15.796944],[-16.499983,15.798216],[-16.499779,15.798504],[-16.498853,15.798964],[-16.498515,15.799343],[-16.497804,15.801873],[-16.497909,15.803554],[-16.498137,15.803977],[-16.498718,15.804389],[-16.498739,15.804687],[-16.4982,15.805034],[-16.498022,15.805527],[-16.497996,15.805353],[-16.497737,15.805525],[-16.497559,15.805454],[-16.496967,15.804834],[-16.496377,15.804685],[-16.49607,15.804795],[-16.495759,15.808187],[-16.495325,15.808759],[-16.494645,15.808972],[-16.493157,15.808539],[-16.492114,15.807516],[-16.491534,15.806182],[-16.491364,15.804593]]]}},{"type":"Feature","properties":{"categorie":"Plaine inondable"},"geometry":{"type":"Polygon","coordinates":[[[-16.467331,15.837564],[-16.467358,15.836163],[-16.467155,15.835107],[-16.467431,15.834635],[-16.467407,15.833786],[-16.467686,15.832392],[-16.468366,15.830933],[-16.468509,15.830064],[-16.46817,15.82825],[-16.467888,15.828053],[-16.467385,15.828201],[-16.468249,15.826369],[-16.46842,15.826775],[-16.469666,15.827372],[-16.470016,15.827939],[-16.469464,15.830401],[-16.468341,15.832632],[-16.468227,15.833546],[-16.468438,15.834457],[-16.469266,15.835301],[-16.469725,15.835506],[-16.470266,15.835466],[-16.470769,15.835218],[-16.471472,15.834373],[-16.474155,15.829637],[-16.474663,15.827699],[-16.474927,15.825474],[-16.47567,15.823671],[-16.475629,15.823111],[-16.47523,15.822092],[-16.475244,15.821514],[-16.475565,15.820716],[-16.476175,15.819898],[-16.477669,15.818668],[-16.478277,15.818791],[-16.478654,15.819258],[-16.478687,15.819927],[-16.478413,15.820778],[-16.478013,15.821043],[-16.477295,15.821075],[-16.477092,15.821402],[-16.477545,15.823459],[-16.477408,15.825105],[-16.477655,15.825682],[-16.478134,15.826049],[-16.478554,15.826137],[-16.478852,15.825963],[-16.480121,15.824616],[-16.481662,15.823422],[-16.482078,15.822823],[-16.482184,15.822054],[-16.481651,15.819265],[-16.480726,15.817879],[-16.481285,15.816483],[-16.481427,15.815425],[-16.48119,15.815002],[-16.48043,15.814492],[-16.480062,15.813907],[-16.479481,15.813604],[-16.479516,15.812022],[-16.480418,15.81028],[-16.481342,15.80768],[-16.482601,15.804978],[-16.48378,15.800234],[-16.484293,15.798821],[-16.485481,15.796625],[-16.485937,15.795104],[-16.48628,15.794812],[-16.486981,15.794934],[-16.487442,15.795437],[-16.48754,15.796069],[-16.486895,15.79723],[-16.486913,15.798459],[-16.486699,15.799771],[-16.486311,15.800334],[-16.484974,15.801311],[-16.484069,15.802672],[-16.481428,15.81049],[-16.481422,15.810996],[-16.481792,15.811798],[-16.482697,15.812931],[-16.482374,15.814714],[-16.482876,15.815759],[-16.482822,15.816057],[-16.481631,15.817864],[-16.481838,15.81807],[-16.483032,15.81799],[-16.483429,15.818611],[-16.483747,15.818663],[-16.484639,15.818123],[-16.485378,15.816989],[-16.48618,15.814362],[-16.486105,15.813007],[-16.485688,15.812196],[-16.484281,15.811284],[-16.483998,15.810852],[-16.48412,15.811014],[-16.484342,15.810705],[-16.485355,15.810048],[-16.48612,15.809943],[-16.48684,15.8102],[-16.487264,15.810749],[-16.488499,15.811066],[-16.489746,15.80934],[-16.490297,15.81052],[-16.490663,15.810906],[-16.491141,15.811056],[-16.492185,15.810841],[-16.492484,15.810993],[-16.492626,15.811227],[-16.492554,15.81158],[-16.491453,15.812898],[-16.490803,15.814692],[-16.490579,15.81717],[-16.491132,15.818784],[-16.491145,15.819236],[-16.488676,15.823754],[-16.488578,15.824486],[-16.488818,15.82537],[-16.488825,15.826301],[-16.488566,15.826583],[-16.487783,15.826787],[-16.487259,15.82783],[-16.48608,15.828796],[-16.48451,15.83113],[-16.484211,15.832379],[-16.483895,15.832553],[-16.482522,15.832572],[-16.482104,15.832746],[-16.481617,15.833861],[-16.480353,15.835949],[-16.479627,15.83627],[-16.479383,15.836109],[-16.479428,15.835828],[-16.480666,15.834012],[-16.481587,15.832262],[-16.48197,15.831066],[-16.481881,15.830416],[-16.481457,15.829786],[-16.480989,15.829708],[-16.480394,15.830065],[-16.479723,15.831542],[-16.477524,15.83463],[-16.477321,15.836222],[-16.476673,15.837058],[-16.476437,15.837946],[-16.475722,15.83852],[-16.475794,15.839369],[-16.47562,15.839885],[-16.47393,15.841108],[-16.473502,15.841282],[-16.473267,15.841121],[-16.4739,15.838261],[-16.473512,15.837523],[-16.473147,15.837462],[-16.472822,15.837645],[-16.472307,15.838751],[-16.471313,15.839454],[-16.470834,15.840379],[-16.470443,15.840589],[-16.470126,15.840546],[-16.469993,15.84033],[-16.47041,15.838484],[-16.470313,15.838032],[-16.470022,15.83779],[-16.469639,15.83773],[-16.468614,15.838098],[-16.466452,15.842487],[-16.466326,15.843175],[-16.466663,15.844637],[-16.466442,15.845045],[-16.465997,15.845391],[-16.465688,15.843984],[-16.465195,15.842966],[-16.465162,15.842315],[-16.465446,15.8415],[-16.466794,15.839466],[-16.467331,15.837564]]]}},{"type":"Feature","properties":{"categorie":"Sol nu"},"geometry":{"type":"Polygon","coordinates":[[[-16.535525,15.801743],[-16.533969,15.807135],[-16.53258,15.811274],[-16.531418,15.815566],[-16.530579,15.819718],[-16.528338,15.828566],[-16.527407,15.833354],[-16.525228,15.841666],[-16.522918,15.855278],[-16.52176,15.85851],[-16.521679,15.860124],[-16.52121,15.8608],[-16.521766,15.853096],[-16.52284,15.845677],[-16.526403,15.832665],[-16.526942,15.829877],[-16.528366,15.825593],[-16.529925,15.814393],[-16.53158,15.809763],[-16.531785,15.80724],[-16.532081,15.805647],[-16.532483,15.804523],[-16.533514,15.8026],[-16.533815,15.801703],[-16.533868,15.8007],[-16.535525,15.801743]]]}},{"type":"Feature","properties":{"categorie":"Sol nu"},"geometry":{"type":"Polygon","coordinates":[[[-16.494335,15.813312],[-16.494143,15.813384],[-16.493812,15.814183],[-16.49327,15.81443],[-16.492957,15.814362],[-16.492753,15.813049],[-16.492956,15.812174],[-16.493256,15.811791],[-16.494046,15.811945],[-16.494177,15.811692],[-16.494023,15.810897],[-16.493259,15.810061],[-16.493691,15.80877],[-16.494841,15.808961],[-16.49564,15.808441],[-16.495904,15.807598],[-16.495987,15.804904],[-16.4962,15.804713],[-16.496583,15.804711],[-16.497079,15.804897],[-16.497559,15.805454],[-16.496907,15.806514],[-16.496931,15.807836],[-16.497598,15.809288],[-16.499122,15.811051],[-16.499321,15.811833],[-16.49917,15.812758],[-16.499277,15.813228],[-16.498006,15.812491],[-16.497592,15.813166],[-16.496265,15.813236],[-16.496148,15.813537],[-16.496236,15.813983],[-16.49698,15.814336],[-16.496706,15.814917],[-16.495005,15.813522],[-16.494335,15.813312]]]}},{"type":"Feature","properties":{"categorie":"Savane"},"geometry":{"type":"Polygon","coordinates":[[[-16.493068,15.835735],[-16.493728,15.834826],[-16.495361,15.834062],[-16.495814,15.833704],[-16.496109,15.832911],[-16.495957,15.831667],[-16.497347,15.830319],[-16.497644,15.829225],[-16.497004,15.82779],[-16.497001,15.827342],[-16.498235,15.825587],[-16.499083,15.823535],[-16.499883,15.822061],[-16.499984,15.820572],[-16.500303,15.819881],[-16.50043,15.819044],[-16.500846,15.818329],[-16.501155,15.816566],[-16.503225,15.814023],[-16.504369,15.813415],[-16.50673,15.812606],[-16.508326,15.810618],[-16.509703,15.809954],[-16.510341,15.8094],[-16.510525,15.808801],[-16.509881,15.806964],[-16.510154,15.805664],[-16.510507,15.804969],[-16.510676,15.804073],[-16.511739,15.801162],[-16.512592,15.800036],[-16.512828,15.79902],[-16.514873,15.796188],[-16.51536,15.795167],[-16.517339,15.793216],[-16.517777,15.792967],[-16.518427,15.792987],[-16.517929,15.795624],[-16.515904,15.798187],[-16.515455,15.799238],[-16.515453,15.800232],[-16.516307,15.802888],[-16.514693,15.803866],[-16.512855,15.805931],[-16.513048,15.808885],[-16.513325,15.810363],[-16.512913,15.8117],[-16.513057,15.812539],[-16.511981,15.813911],[-16.511095,15.814226],[-16.510747,15.814702],[-16.510514,15.816807],[-16.510573,15.819382],[-16.510401,15.820182],[-16.510041,15.820729],[-16.508515,15.822015],[-16.507122,15.82233],[-16.506881,15.822955],[-16.505993,15.823983],[-16.50584,15.825405],[-16.50472,15.825958],[-16.505257,15.826839],[-16.504715,15.827044],[-16.504473,15.827685],[-16.503918,15.828375],[-16.503924,15.829189],[-16.503634,15.830728],[-16.504245,15.83141],[-16.504502,15.833037],[-16.503923,15.83388],[-16.503573,15.835629],[-16.503297,15.836114],[-16.503026,15.83628],[-16.502576,15.836248],[-16.502021,15.835734],[-16.501831,15.835954],[-16.501743,15.837281],[-16.501446,15.838438],[-16.5018,15.839073],[-16.501816,15.839676],[-16.501514,15.840296],[-16.500686,15.840813],[-16.500933,15.8419],[-16.500248,15.843494],[-16.500086,15.845538],[-16.49969,15.846318],[-16.498217,15.847873],[-16.497834,15.84906],[-16.497951,15.851066],[-16.49929,15.855376],[-16.499346,15.856578],[-16.499129,15.857556],[-16.498216,15.859071],[-16.495989,15.861021],[-16.494537,15.862866],[-16.493897,15.863403],[-16.493263,15.863579],[-16.49272,15.863429],[-16.492326,15.863116],[-16.490892,15.861119],[-16.493031,15.856143],[-16.493345,15.854459],[-16.493583,15.843667],[-16.493342,15.843455],[-16.493784,15.843034],[-16.493684,15.841698],[-16.493889,15.84105],[-16.493319,15.840421],[-16.49315,15.840005],[-16.493222,15.839589],[-16.493584,15.83911],[-16.493068,15.835735]]]}},{"type":"Feature","properties":{"categorie":"Steppe"},"geometry":{"type":"MultiPolygon","coordinates":[[[[-16.497075,15.787354],[-16.496573,15.78897],[-16.49623,15.789468],[-16.495664,15.789818],[-16.494922,15.78968],[-16.495204,15.788791],[-16.495225,15.787971],[-16.495067,15.787654],[-16.494585,15.787311],[-16.494495,15.786912],[-16.497075,15.787354]]],[[[-16.454117,15.891333],[-16.455746,15.891021],[-16.456374,15.890167],[-16.456762,15.888149],[-16.456807,15.886739],[-16.456448,15.886109],[-16.455566,15.885464],[-16.454415,15.885192],[-16.45344,15.885152],[-16.453773,15.884515],[-16.453768,15.883783],[-16.453648,15.883655],[-16.451862,15.883983],[-16.451363,15.882645],[-16.450744,15.882096],[-16.450913,15.881229],[-16.451339,15.880747],[-16.45154,15.880213],[-16.45248,15.879905],[-16.453075,15.879998],[-16.453286,15.880524],[-16.453341,15.881957],[-16.453617,15.882457],[-16.45483,15.883237],[-16.456213,15.883515],[-16.457231,15.884798],[-16.458441,15.885093],[-16.459425,15.8849],[-16.459633,15.884283],[-16.459481,15.883408],[-16.458151,15.882442],[-16.457576,15.881523],[-16.457535,15.881083],[-16.457804,15.880119],[-16.457748,15.879337],[-16.456614,15.875753],[-16.456806,15.875412],[-16.457565,15.875023],[-16.45898,15.874828],[-16.459736,15.874534],[-16.460697,15.873735],[-16.461211,15.871989],[-16.461583,15.871162],[-16.461969,15.870879],[-16.462042,15.870607],[-16.46161,15.870257],[-16.459929,15.87016],[-16.459741,15.870044],[-16.459748,15.869719],[-16.459999,15.869536],[-16.460289,15.869616],[-16.460792,15.869468],[-16.462987,15.868323],[-16.463633,15.868463],[-16.463973,15.868976],[-16.464654,15.868953],[-16.465489,15.869454],[-16.467066,15.867997],[-16.467392,15.867941],[-16.468075,15.868153],[-16.469031,15.868635],[-16.469427,15.869102],[-16.468928,15.869855],[-16.469067,15.871057],[-16.46881,15.871592],[-16.469577,15.873005],[-16.469675,15.873719],[-16.470068,15.873852],[-16.470243,15.873424],[-16.470226,15.872377],[-16.47059,15.871118],[-16.470189,15.869874],[-16.469989,15.868077],[-16.469192,15.866329],[-16.469469,15.865947],[-16.470864,15.865097],[-16.472428,15.863207],[-16.473496,15.862377],[-16.473549,15.861997],[-16.473259,15.861855],[-16.472849,15.862029],[-16.471152,15.863568],[-16.468299,15.865558],[-16.467674,15.865616],[-16.466529,15.866094],[-16.464707,15.865998],[-16.463161,15.866487],[-16.462601,15.866473],[-16.462364,15.866023],[-16.463217,15.86514],[-16.463075,15.864906],[-16.462597,15.864692],[-16.462502,15.864395],[-16.463224,15.863604],[-16.463117,15.862963],[-16.463409,15.862084],[-16.463457,15.860963],[-16.464508,15.860368],[-16.465238,15.860544],[-16.465807,15.861833],[-16.466372,15.862507],[-16.466045,15.863684],[-16.466121,15.863964],[-16.466337,15.864053],[-16.467043,15.863614],[-16.467488,15.863096],[-16.467578,15.862661],[-16.467309,15.86156],[-16.468003,15.860715],[-16.46773,15.860392],[-16.466723,15.860652],[-16.466694,15.860453],[-16.467277,15.859744],[-16.467199,15.859329],[-16.464846,15.858241],[-16.464421,15.857599],[-16.464394,15.85724],[-16.464097,15.857194],[-16.463242,15.859491],[-16.462446,15.86001],[-16.460845,15.86005],[-16.460553,15.860596],[-16.460767,15.861495],[-16.460073,15.861585],[-16.459716,15.861799],[-16.459744,15.862898],[-16.459571,15.86355],[-16.459938,15.864939],[-16.45977,15.866514],[-16.459583,15.867578],[-16.458603,15.86957],[-16.458703,15.869857],[-16.459051,15.870022],[-16.457259,15.871684],[-16.456995,15.872671],[-16.456726,15.872749],[-16.456432,15.872118],[-16.456659,15.87066],[-16.45791,15.869479],[-16.458959,15.867631],[-16.458759,15.867274],[-16.457916,15.866921],[-16.457325,15.866445],[-16.457463,15.866164],[-16.457384,15.865604],[-16.457884,15.864977],[-16.458555,15.863545],[-16.458875,15.862657],[-16.45889,15.862133],[-16.458653,15.861619],[-16.457343,15.861185],[-16.456852,15.860519],[-16.456787,15.859273],[-16.45756,15.857568],[-16.457642,15.85604],[-16.457471,15.85559],[-16.456855,15.855702],[-16.455952,15.857326],[-16.455383,15.860023],[-16.455452,15.860529],[-16.45603,15.861664],[-16.456409,15.863785],[-16.455875,15.866157],[-16.455719,15.867875],[-16.455007,15.870139],[-16.452798,15.872495],[-16.452509,15.873473],[-16.450493,15.876356],[-16.45,15.876493],[-16.449587,15.876384],[-16.4497,15.874902],[-16.450317,15.872412],[-16.450557,15.872031],[-16.451366,15.871483],[-16.451789,15.870649],[-16.451549,15.869656],[-16.451869,15.868669],[-16.451328,15.86757],[-16.452147,15.865847],[-16.451844,15.865235],[-16.451707,15.864404],[-16.451453,15.864153],[-16.450184,15.869412],[-16.44925,15.872094],[-16.448142,15.873819],[-16.44648,15.875203],[-16.445416,15.876539],[-16.444581,15.87725],[-16.443543,15.879733],[-16.442345,15.881501],[-16.440523,15.879525],[-16.440417,15.87866],[-16.440724,15.877294],[-16.440515,15.876771],[-16.440131,15.876556],[-16.43973,15.876622],[-16.438921,15.877787],[-16.438743,15.877594],[-16.437482,15.870012],[-16.437761,15.869569],[-16.438656,15.869558],[-16.438988,15.868681],[-16.43885,15.868298],[-16.437766,15.867876],[-16.437527,15.867461],[-16.437704,15.867264],[-16.437366,15.866927],[-16.437602,15.866767],[-16.437765,15.866338],[-16.437415,15.866393],[-16.438183,15.861525],[-16.437217,15.861245],[-16.437798,15.859519],[-16.438389,15.859228],[-16.439169,15.859474],[-16.439834,15.85929],[-16.440195,15.857889],[-16.441629,15.856916],[-16.442942,15.857256],[-16.443106,15.85616],[-16.443701,15.854413],[-16.445989,15.849989],[-16.447806,15.847783],[-16.449174,15.847913],[-16.446274,15.852339],[-16.445587,15.855626],[-16.445855,15.856479],[-16.446352,15.857237],[-16.448208,15.858714],[-16.448713,15.860771],[-16.449407,15.861293],[-16.44984,15.861229],[-16.451269,15.857941],[-16.454113,15.853159],[-16.456154,15.848862],[-16.456012,15.848227],[-16.455437,15.847641],[-16.454689,15.847511],[-16.453923,15.847721],[-16.452828,15.849054],[-16.450977,15.853386],[-16.450669,15.853536],[-16.450208,15.853494],[-16.449606,15.852973],[-16.449442,15.852203],[-16.449772,15.850908],[-16.451859,15.846371],[-16.453456,15.843967],[-16.4542,15.842156],[-16.454719,15.841363],[-16.455864,15.84166],[-16.45605,15.843453],[-16.457535,15.843873],[-16.457548,15.844281],[-16.456971,15.846147],[-16.457146,15.846626],[-16.457474,15.846864],[-16.458167,15.846775],[-16.458784,15.846364],[-16.460516,15.842729],[-16.461787,15.843108],[-16.46169,15.845142],[-16.461101,15.845093],[-16.46057,15.846722],[-16.459448,15.848715],[-16.460056,15.850839],[-16.461474,15.850806],[-16.461499,15.850998],[-16.461413,15.852011],[-16.460238,15.854794],[-16.460081,15.85634],[-16.460186,15.856656],[-16.46043,15.856781],[-16.460756,15.855414],[-16.461418,15.853945],[-16.463338,15.850968],[-16.46397,15.848875],[-16.462753,15.848047],[-16.463652,15.844027],[-16.464233,15.842301],[-16.464218,15.840258],[-16.465263,15.840459],[-16.465537,15.840113],[-16.465474,15.839635],[-16.464485,15.839418],[-16.464856,15.83828],[-16.464722,15.836157],[-16.464816,15.833216],[-16.465724,15.832252],[-16.466011,15.830524],[-16.46707,15.828483],[-16.467385,15.828201],[-16.467888,15.828053],[-16.46817,15.82825],[-16.468477,15.829504],[-16.468502,15.830371],[-16.467686,15.832392],[-16.467407,15.833786],[-16.467431,15.834635],[-16.467155,15.835107],[-16.467369,15.836326],[-16.46717,15.838478],[-16.466794,15.839466],[-16.465446,15.8415],[-16.465162,15.842315],[-16.465195,15.842966],[-16.465688,15.843984],[-16.465997,15.845391],[-16.466442,15.845045],[-16.466663,15.844637],[-16.466326,15.843175],[-16.466452,15.842487],[-16.468614,15.838098],[-16.469639,15.83773],[-16.470022,15.83779],[-16.470313,15.838032],[-16.47041,15.838484],[-16.469993,15.84033],[-16.470126,15.840546],[-16.470443,15.840589],[-16.470834,15.840379],[-16.471313,15.839454],[-16.472307,15.838751],[-16.472822,15.837645],[-16.473147,15.837462],[-16.473512,15.837523],[-16.4739,15.838261],[-16.473267,15.841121],[-16.473641,15.841254],[-16.47562,15.839885],[-16.475794,15.839369],[-16.475722,15.83852],[-16.476437,15.837946],[-16.476673,15.837058],[-16.477321,15.836222],[-16.477524,15.83463],[-16.479723,15.831542],[-16.480506,15.829964],[-16.480989,15.829708],[-16.481457,15.829786],[-16.481881,15.830416],[-16.48197,15.831066],[-16.481587,15.832262],[-16.480666,15.834012],[-16.479428,15.835828],[-16.479487,15.836217],[-16.480084,15.836176],[-16.480353,15.835949],[-16.481617,15.833861],[-16.482104,15.832746],[-16.482522,15.832572],[-16.483895,15.832553],[-16.484211,15.832379],[-16.48451,15.83113],[-16.48608,15.828796],[-16.487259,15.82783],[-16.487783,15.826787],[-16.488566,15.826583],[-16.488825,15.826301],[-16.488818,15.82537],[-16.488578,15.824486],[-16.488676,15.823754],[-16.491145,15.819236],[-16.491132,15.818784],[-16.490579,15.81717],[-16.490803,15.814692],[-16.491453,15.812898],[-16.492636,15.811344],[-16.492484,15.810993],[-16.492185,15.810841],[-16.491141,15.811056],[-16.490663,15.810906],[-16.490297,15.81052],[-16.489746,15.80934],[-16.488499,15.811066],[-16.487264,15.810749],[-16.48684,15.8102],[-16.48612,15.809943],[-16.485355,15.810048],[-16.484342,15.810705],[-16.48412,15.811014],[-16.483998,15.810852],[-16.484281,15.811284],[-16.485688,15.812196],[-16.486105,15.813007],[-16.48618,15.814362],[-16.485378,15.816989],[-16.484639,15.818123],[-16.483747,15.818663],[-16.483429,15.818611],[-16.483032,15.81799],[-16.481669,15.817981],[-16.481686,15.817719],[-16.482693,15.816275],[-16.482876,15.815759],[-16.482374,15.814714],[-16.482697,15.812931],[-16.481792,15.811798],[-16.481422,15.810996],[-16.481428,15.81049],[-16.484069,15.802672],[-16.484974,15.801311],[-16.486311,15.800334],[-16.486699,15.799771],[-16.486913,15.798459],[-16.486895,15.79723],[-16.48754,15.796069],[-16.48731,15.795212],[-16.486981,15.794934],[-16.48641,15.794802],[-16.486047,15.79495],[-16.485881,15.795222],[-16.485481,15.796625],[-16.484027,15.799464],[-16.482601,15.804978],[-16.481342,15.80768],[-16.480418,15.81028],[-16.479516,15.812022],[-16.479481,15.813604],[-16.480062,15.813907],[-16.48043,15.814492],[-16.48119,15.815002],[-16.481427,15.815425],[-16.481285,15.816483],[-16.480726,15.817879],[-16.481651,15.819265],[-16.482184,15.822054],[-16.482078,15.822823],[-16.481662,15.823422],[-16.480121,15.824616],[-16.478852,15.825963],[-16.478554,15.826137],[-16.478134,15.826049],[-16.477655,15.825682],[-16.477408,15.825105],[-16.477545,15.823459],[-16.477092,15.821402],[-16.477295,15.821075],[-16.478013,15.821043],[-16.478413,15.820778],[-16.478687,15.819927],[-16.478654,15.819258],[-16.478277,15.818791],[-16.477669,15.818668],[-16.476175,15.819898],[-16.475565,15.820716],[-16.475244,15.821514],[-16.47523,15.822092],[-16.475629,15.823111],[-16.47567,15.823671],[-16.474927,15.825474],[-16.474663,15.827699],[-16.474301,15.82922],[-16.473621,15.830761],[-16.470945,15.835036],[-16.470471,15.835392],[-16.469725,15.835506],[-16.469266,15.835301],[-16.468438,15.834457],[-16.468227,15.833546],[-16.468259,15.832895],[-16.469309,15.830854],[-16.470016,15.827939],[-16.469666,15.827372],[-16.46842,15.826775],[-16.468249,15.826369],[-16.469386,15.825208],[-16.470047,15.823167],[-16.470637,15.823047],[-16.471155,15.822147],[-16.470532,15.821314],[-16.46917,15.820935],[-16.469069,15.822107],[-16.468582,15.821984],[-16.468264,15.821648],[-16.468793,15.819921],[-16.468605,15.819594],[-16.470659,15.813332],[-16.471089,15.81306],[-16.471849,15.811351],[-16.471609,15.808095],[-16.472448,15.804532],[-16.472014,15.804296],[-16.471335,15.804301],[-16.470375,15.808253],[-16.469337,15.809874],[-16.469125,15.810658],[-16.469042,15.810258],[-16.468779,15.810008],[-16.468299,15.809993],[-16.467877,15.810259],[-16.467888,15.810758],[-16.468275,15.811197],[-16.468898,15.811269],[-16.46905,15.810932],[-16.468736,15.81209],[-16.467852,15.817955],[-16.467455,15.818525],[-16.466529,15.818531],[-16.465921,15.819911],[-16.466572,15.820325],[-16.467338,15.820419],[-16.467371,15.822335],[-16.467028,15.82361],[-16.466799,15.826002],[-16.466014,15.826845],[-16.465153,15.827281],[-16.465108,15.827951],[-16.465627,15.827995],[-16.46552,15.828566],[-16.464925,15.828796],[-16.464536,15.829241],[-16.463345,15.832073],[-16.462727,15.83492],[-16.46206,15.83476],[-16.461633,15.83593],[-16.46239,15.836429],[-16.46185,15.839745],[-16.460474,15.839012],[-16.459525,15.838768],[-16.457529,15.83872],[-16.457503,15.839348],[-16.456267,15.839314],[-16.456289,15.838884],[-16.45571,15.8386],[-16.454854,15.838582],[-16.454494,15.83948],[-16.453181,15.839231],[-16.452232,15.83851],[-16.451003,15.83824],[-16.451665,15.83663],[-16.45119,15.835964],[-16.450931,15.835206],[-16.45083,15.834071],[-16.451592,15.832691],[-16.451803,15.831942],[-16.451308,15.831826],[-16.450849,15.832397],[-16.450418,15.832609],[-16.450013,15.832044],[-16.449788,15.830909],[-16.449446,15.830463],[-16.449107,15.830615],[-16.449524,15.832734],[-16.449502,15.83405],[-16.449109,15.835158],[-16.449157,15.835933],[-16.448177,15.835936],[-16.44802,15.834621],[-16.447446,15.83386],[-16.447005,15.834293],[-16.445785,15.836478],[-16.444804,15.837536],[-16.445601,15.838416],[-16.44484,15.839067],[-16.443827,15.839025],[-16.443689,15.839196],[-16.442928,15.839318],[-16.443268,15.840551],[-16.444113,15.841032],[-16.446288,15.841257],[-16.44688,15.841133],[-16.447146,15.840295],[-16.446845,15.839627],[-16.44696,15.838383],[-16.446757,15.837667],[-16.446927,15.837307],[-16.447469,15.837016],[-16.448113,15.837323],[-16.449298,15.83732],[-16.449123,15.840401],[-16.448157,15.841738],[-16.446501,15.842528],[-16.445568,15.843747],[-16.444272,15.844793],[-16.443183,15.846487],[-16.44261,15.847775],[-16.441598,15.846724],[-16.441596,15.846401],[-16.442187,15.846218],[-16.44244,15.845319],[-16.44209,15.84299],[-16.440722,15.843322],[-16.440195,15.847415],[-16.439571,15.848244],[-16.436679,15.851005],[-16.432996,15.853506],[-16.431804,15.853197],[-16.432457,15.85166],[-16.432731,15.850499],[-16.434601,15.848785],[-16.435151,15.84792],[-16.435632,15.847881],[-16.435998,15.847126],[-16.435811,15.846912],[-16.436101,15.845977],[-16.435946,15.845117],[-16.434941,15.844371],[-16.433832,15.844844],[-16.433091,15.844849],[-16.432354,15.845428],[-16.431508,15.84633],[-16.431633,15.848267],[-16.433521,15.848003],[-16.434045,15.848717],[-16.431873,15.84955],[-16.431211,15.850272],[-16.430419,15.853786],[-16.428013,15.857738],[-16.427746,15.857922],[-16.425603,15.855111],[-16.425904,15.854689],[-16.425623,15.854192],[-16.425578,15.85225],[-16.426029,15.850483],[-16.426951,15.850106],[-16.427347,15.850175],[-16.42723,15.851061],[-16.427926,15.851798],[-16.428589,15.851924],[-16.429295,15.850842],[-16.42981,15.847919],[-16.429653,15.846725],[-16.430476,15.844376],[-16.431768,15.844048],[-16.432485,15.842019],[-16.433013,15.83972],[-16.435423,15.834881],[-16.435591,15.838543],[-16.435098,15.841379],[-16.435714,15.842496],[-16.436097,15.842726],[-16.436512,15.842731],[-16.437376,15.842283],[-16.438195,15.840133],[-16.43823,15.839465],[-16.437907,15.837919],[-16.43813,15.836666],[-16.438638,15.835769],[-16.439608,15.836373],[-16.439462,15.836999],[-16.439626,15.838256],[-16.438976,15.838986],[-16.438834,15.83942],[-16.43895,15.839803],[-16.43926,15.840027],[-16.439681,15.839823],[-16.440153,15.839307],[-16.441014,15.837005],[-16.441127,15.836258],[-16.441704,15.835296],[-16.442209,15.835108],[-16.442646,15.835286],[-16.442897,15.836101],[-16.441967,15.838716],[-16.441856,15.839386],[-16.442027,15.839411],[-16.444024,15.837929],[-16.445902,15.832101],[-16.445895,15.831168],[-16.444914,15.831138],[-16.445341,15.829689],[-16.444793,15.829047],[-16.444765,15.82845],[-16.444342,15.828141],[-16.443825,15.828288],[-16.443658,15.829126],[-16.443664,15.829987],[-16.444362,15.830383],[-16.444237,15.831178],[-16.443059,15.832306],[-16.442667,15.833155],[-16.442362,15.833453],[-16.440644,15.833583],[-16.440985,15.831703],[-16.441879,15.829659],[-16.442749,15.828389],[-16.442628,15.828214],[-16.442077,15.828159],[-16.441697,15.828392],[-16.440135,15.830181],[-16.439604,15.831378],[-16.439404,15.832684],[-16.438852,15.833061],[-16.438271,15.833102],[-16.437521,15.83243],[-16.437432,15.832107],[-16.438269,15.828668],[-16.438846,15.82728],[-16.438834,15.826783],[-16.438621,15.826783],[-16.438165,15.827152],[-16.437335,15.829221],[-16.436988,15.829642],[-16.43702,15.828231],[-16.435756,15.827688],[-16.435798,15.827281],[-16.436255,15.826527],[-16.437611,15.82557],[-16.438874,15.824063],[-16.440066,15.823024],[-16.44167,15.822236],[-16.443741,15.821625],[-16.444275,15.821785],[-16.445422,15.823637],[-16.446202,15.824317],[-16.446967,15.824578],[-16.447871,15.823992],[-16.44827,15.824444],[-16.448876,15.825769],[-16.449653,15.826037],[-16.450223,15.825906],[-16.451818,15.825134],[-16.452162,15.824804],[-16.452405,15.823047],[-16.452374,15.820236],[-16.452598,15.819235],[-16.455553,15.814488],[-16.45668,15.813199],[-16.457877,15.812603],[-16.45934,15.812424],[-16.4599,15.812699],[-16.461018,15.813632],[-16.461808,15.814014],[-16.46325,15.81454],[-16.464509,15.814707],[-16.465543,15.814346],[-16.466525,15.813136],[-16.467041,15.812759],[-16.467386,15.811544],[-16.467008,15.810305],[-16.467081,15.809654],[-16.468934,15.807103],[-16.469045,15.806497],[-16.468739,15.805212],[-16.468941,15.8041],[-16.469495,15.802916],[-16.471129,15.801268],[-16.471265,15.800569],[-16.471182,15.799862],[-16.470479,15.79929],[-16.469166,15.799031],[-16.467909,15.799261],[-16.46672,15.799894],[-16.465945,15.800801],[-16.465886,15.802473],[-16.465625,15.803283],[-16.464339,15.805103],[-16.462049,15.8046],[-16.456681,15.804145],[-16.455805,15.803671],[-16.455181,15.802919],[-16.458517,15.794386],[-16.458751,15.792651],[-16.459239,15.79181],[-16.460039,15.791446],[-16.461892,15.791494],[-16.467815,15.793374],[-16.470499,15.794903],[-16.471983,15.795252],[-16.473278,15.795977],[-16.473969,15.796069],[-16.474521,15.795699],[-16.475188,15.794821],[-16.476426,15.791577],[-16.476741,15.791437],[-16.477583,15.791769],[-16.477919,15.791442],[-16.478023,15.790821],[-16.477042,15.789724],[-16.476734,15.788795],[-16.47978,15.786301],[-16.480071,15.785579],[-16.47978,15.784391],[-16.484107,15.785133],[-16.484005,15.786384],[-16.48411,15.787476],[-16.483354,15.78762],[-16.482899,15.78812],[-16.482593,15.789388],[-16.482445,15.791341],[-16.482163,15.791628],[-16.481493,15.791667],[-16.481298,15.791948],[-16.481293,15.792634],[-16.481536,15.793281],[-16.481087,15.796899],[-16.480447,15.79719],[-16.479673,15.799443],[-16.478396,15.800456],[-16.475649,15.803995],[-16.474918,15.806088],[-16.474302,15.809996],[-16.473873,15.811409],[-16.471509,15.816261],[-16.471594,15.81767],[-16.471343,15.820419],[-16.471628,15.82105],[-16.472282,15.821181],[-16.473409,15.82074],[-16.473409,15.818218],[-16.473965,15.817573],[-16.475036,15.817267],[-16.475509,15.816893],[-16.475932,15.815905],[-16.475999,15.814947],[-16.476335,15.814863],[-16.477234,15.815336],[-16.477729,15.815333],[-16.477887,15.81516],[-16.47776,15.81442],[-16.476939,15.812783],[-16.477087,15.812934],[-16.477474,15.812887],[-16.47731,15.811818],[-16.47796,15.811147],[-16.477961,15.810808],[-16.47842,15.810428],[-16.477912,15.810666],[-16.477963,15.810288],[-16.477341,15.809379],[-16.477507,15.807905],[-16.476918,15.807755],[-16.476266,15.807986],[-16.476026,15.807084],[-16.477302,15.804029],[-16.477424,15.802871],[-16.477755,15.802417],[-16.478314,15.802704],[-16.478621,15.804137],[-16.47853,15.805333],[-16.478732,15.805906],[-16.479572,15.8059],[-16.480059,15.804988],[-16.483351,15.795783],[-16.484278,15.791777],[-16.48504,15.791998],[-16.485702,15.790766],[-16.485249,15.790641],[-16.485412,15.790318],[-16.485059,15.790194],[-16.484812,15.79087],[-16.484277,15.790684],[-16.485425,15.788916],[-16.485421,15.787466],[-16.48567,15.7854],[-16.487588,15.785729],[-16.48712,15.786511],[-16.486919,15.787578],[-16.486309,15.78876],[-16.486221,15.790137],[-16.485668,15.79128],[-16.485218,15.79306],[-16.485251,15.793392],[-16.485531,15.793752],[-16.486405,15.794167],[-16.48733,15.794018],[-16.48788,15.793147],[-16.487857,15.792908],[-16.486966,15.791651],[-16.48725,15.790727],[-16.487096,15.789939],[-16.487304,15.789186],[-16.488097,15.787895],[-16.489296,15.78691],[-16.489817,15.786111],[-16.490104,15.786161],[-16.490139,15.786507],[-16.4899,15.787847],[-16.490546,15.788312],[-16.491108,15.788198],[-16.491665,15.78778],[-16.491795,15.78645],[-16.493594,15.786758],[-16.493456,15.787704],[-16.493617,15.788229],[-16.493621,15.789835],[-16.49412,15.791479],[-16.49407,15.792523],[-16.494459,15.792762],[-16.495315,15.79269],[-16.495874,15.792212],[-16.496252,15.791547],[-16.496688,15.790027],[-16.497261,15.789176],[-16.498127,15.788286],[-16.498446,15.787589],[-16.500951,15.788019],[-16.501213,15.789228],[-16.501033,15.789718],[-16.500666,15.789913],[-16.499672,15.789412],[-16.500014,15.791075],[-16.499729,15.793382],[-16.499046,15.793071],[-16.498393,15.793157],[-16.497428,15.793877],[-16.496928,15.794513],[-16.497116,15.794977],[-16.497561,15.795423],[-16.497576,15.79575],[-16.497419,15.796312],[-16.496672,15.79741],[-16.496466,15.798045],[-16.495776,15.798063],[-16.495276,15.798384],[-16.495024,15.798359],[-16.493946,15.797742],[-16.493488,15.7977],[-16.492275,15.798983],[-16.492194,15.799426],[-16.492471,15.800274],[-16.493184,15.800793],[-16.491617,15.802124],[-16.491599,15.80348],[-16.491334,15.804304],[-16.491409,15.805596],[-16.491697,15.806742],[-16.492622,15.808136],[-16.493691,15.80877],[-16.493259,15.810061],[-16.493921,15.810746],[-16.494168,15.811275],[-16.49411,15.811917],[-16.493294,15.811778],[-16.492931,15.812232],[-16.492753,15.813049],[-16.492935,15.814331],[-16.49321,15.81444],[-16.493752,15.814225],[-16.493994,15.813992],[-16.494143,15.813384],[-16.49445,15.813323],[-16.495005,15.813522],[-16.496309,15.814713],[-16.496741,15.814911],[-16.49698,15.814336],[-16.496247,15.813998],[-16.496212,15.81329],[-16.497592,15.813166],[-16.497893,15.812536],[-16.49816,15.812535],[-16.499277,15.813228],[-16.498127,15.816875],[-16.497462,15.818225],[-16.497091,15.818664],[-16.496939,15.817341],[-16.496677,15.816789],[-16.496126,15.816217],[-16.495686,15.816536],[-16.495686,15.817964],[-16.494705,15.819308],[-16.494322,15.820245],[-16.494463,15.820332],[-16.495349,15.820022],[-16.495594,15.820124],[-16.495814,15.820782],[-16.495757,15.821834],[-16.494036,15.82427],[-16.492867,15.826385],[-16.491275,15.830197],[-16.489383,15.832731],[-16.489148,15.83347],[-16.488605,15.833923],[-16.487544,15.8353],[-16.486097,15.836419],[-16.485392,15.837541],[-16.484776,15.839488],[-16.484483,15.84156],[-16.48467,15.842887],[-16.485377,15.845024],[-16.485458,15.845919],[-16.4848,15.845228],[-16.483639,15.844856],[-16.483041,15.843504],[-16.482168,15.842913],[-16.481533,15.842873],[-16.480805,15.844188],[-16.480577,15.844958],[-16.480584,15.845871],[-16.480162,15.846913],[-16.480065,15.847727],[-16.479487,15.847731],[-16.479242,15.85386],[-16.478917,15.854197],[-16.478822,15.855246],[-16.47813,15.85761],[-16.47797,15.858686],[-16.477535,15.859286],[-16.47733,15.85935],[-16.476642,15.858406],[-16.476162,15.85925],[-16.475389,15.859508],[-16.475107,15.863044],[-16.474498,15.864133],[-16.474385,15.865155],[-16.473377,15.86527],[-16.472409,15.865647],[-16.472953,15.866014],[-16.473729,15.866117],[-16.474316,15.866014],[-16.475042,15.865629],[-16.476357,15.866804],[-16.476083,15.86762],[-16.475817,15.869465],[-16.475504,15.870199],[-16.474382,15.871228],[-16.471947,15.872781],[-16.471513,15.873498],[-16.470789,15.874075],[-16.471273,15.87478],[-16.471321,15.875552],[-16.470611,15.877776],[-16.469835,15.879041],[-16.469728,15.880258],[-16.469923,15.880424],[-16.470894,15.880456],[-16.472131,15.881425],[-16.472849,15.881329],[-16.473754,15.880567],[-16.474649,15.877977],[-16.475163,15.877599],[-16.475699,15.877465],[-16.476054,15.87778],[-16.476296,15.878417],[-16.475999,15.879736],[-16.476278,15.88125],[-16.476288,15.882235],[-16.477216,15.882231],[-16.478463,15.88168],[-16.479093,15.882038],[-16.479385,15.882501],[-16.478508,15.883403],[-16.478281,15.88468],[-16.477708,15.886424],[-16.476997,15.88672],[-16.476362,15.887935],[-16.474764,15.892863],[-16.473566,15.895076],[-16.472887,15.898099],[-16.472436,15.898943],[-16.471971,15.899235],[-16.47073,15.899415],[-16.470279,15.899043],[-16.470264,15.898298],[-16.471633,15.897656],[-16.471889,15.896976],[-16.471489,15.895831],[-16.4703,15.894167],[-16.470127,15.893527],[-16.470421,15.892811],[-16.471621,15.892251],[-16.472161,15.89072],[-16.47331,15.889483],[-16.474045,15.889135],[-16.474305,15.888817],[-16.474385,15.888301],[-16.474259,15.88776],[-16.473694,15.887031],[-16.473216,15.886763],[-16.471946,15.886835],[-16.47149,15.887064],[-16.47112,15.887555],[-16.470968,15.888514],[-16.470499,15.889448],[-16.468503,15.891043],[-16.467181,15.891703],[-16.466796,15.8927],[-16.466609,15.893885],[-16.46625,15.894665],[-16.46563,15.895392],[-16.464413,15.896259],[-16.464098,15.896677],[-16.464038,15.8974],[-16.464376,15.899007],[-16.464984,15.900347],[-16.465383,15.900785],[-16.467133,15.901745],[-16.467928,15.901929],[-16.468182,15.902189],[-16.467739,15.902988],[-16.46667,15.903646],[-16.466259,15.903558],[-16.46572,15.90264],[-16.465108,15.90202],[-16.46432,15.901511],[-16.463252,15.901111],[-16.462679,15.900663],[-16.46026,15.897093],[-16.459803,15.896771],[-16.459031,15.896623],[-16.457439,15.895895],[-16.453676,15.891685],[-16.454117,15.891333]],[[-16.490483,15.801607],[-16.490091,15.800299],[-16.49033,15.798499],[-16.49147,15.79738],[-16.491149,15.795574],[-16.491074,15.79308],[-16.489457,15.792694],[-16.489366,15.793029],[-16.488828,15.793484],[-16.488599,15.79411],[-16.488661,15.794886],[-16.489108,15.79604],[-16.489159,15.7967],[-16.48845,15.79928],[-16.48775,15.800596],[-16.487223,15.805037],[-16.48758,15.805441],[-16.489323,15.803766],[-16.489941,15.802714],[-16.490092,15.801764],[-16.490483,15.801607]],[[-16.455333,15.825474],[-16.453405,15.829485],[-16.453354,15.830595],[-16.452801,15.833487],[-16.452927,15.834501],[-16.453284,15.834689],[-16.454368,15.834242],[-16.454523,15.833782],[-16.454236,15.832349],[-16.454745,15.831695],[-16.455571,15.831135],[-16.456526,15.831989],[-16.456917,15.834187],[-16.457135,15.834358],[-16.45749,15.834221],[-16.457756,15.832727],[-16.457555,15.832174],[-16.457665,15.831102],[-16.458229,15.829835],[-16.458382,15.829107],[-16.458219,15.828324],[-16.457784,15.828289],[-16.457413,15.829037],[-16.456348,15.829331],[-16.455478,15.829127],[-16.454583,15.828444],[-16.455087,15.826968],[-16.456304,15.825946],[-16.456794,15.825273],[-16.456749,15.824489],[-16.456332,15.8243],[-16.455333,15.825474]],[[-16.471108,15.844733],[-16.470466,15.844954],[-16.470114,15.845373],[-16.470163,15.84699],[-16.470037,15.847605],[-16.469685,15.84806],[-16.4675,15.849429],[-16.466891,15.85051],[-16.466455,15.851804],[-16.466796,15.854552],[-16.46614,15.856227],[-16.466264,15.856533],[-16.466959,15.85708],[-16.467115,15.858019],[-16.467728,15.857572],[-16.467805,15.856659],[-16.468164,15.855924],[-16.468081,15.854786],[-16.468882,15.853217],[-16.468597,15.851276],[-16.468686,15.850642],[-16.469613,15.84975],[-16.470064,15.84878],[-16.471292,15.848103],[-16.471703,15.84688],[-16.472303,15.846017],[-16.4723,15.845484],[-16.47211,15.845088],[-16.47165,15.844775],[-16.471108,15.844733]],[[-16.446421,15.858372],[-16.44407,15.861329],[-16.443748,15.861164],[-16.44367,15.860615],[-16.443346,15.860258],[-16.442676,15.859832],[-16.441747,15.861225],[-16.442246,15.861916],[-16.442275,15.862513],[-16.442774,15.863203],[-16.441939,15.863926],[-16.440992,15.866252],[-16.440649,15.866613],[-16.440204,15.866544],[-16.439936,15.867072],[-16.439888,15.867317],[-16.440038,15.867531],[-16.439678,15.869016],[-16.4401,15.869276],[-16.440345,15.869035],[-16.440634,15.868005],[-16.443197,15.863516],[-16.443637,15.862987],[-16.44413,15.862793],[-16.444974,15.863337],[-16.445394,15.863329],[-16.445949,15.86146],[-16.446368,15.861314],[-16.446858,15.860737],[-16.446556,15.860022],[-16.447022,15.859492],[-16.447068,15.859038],[-16.446694,15.85849],[-16.446421,15.858372]],[[-16.464437,15.88234],[-16.465541,15.882153],[-16.466198,15.881731],[-16.467015,15.879619],[-16.468088,15.8784],[-16.468346,15.877602],[-16.468239,15.877164],[-16.467478,15.876192],[-16.466476,15.874371],[-16.46549,15.873475],[-16.464716,15.873179],[-16.463857,15.873343],[-16.463236,15.873779],[-16.462696,15.87618],[-16.462498,15.876502],[-16.458952,15.877918],[-16.458734,15.8784],[-16.45838,15.88047],[-16.45852,15.881036],[-16.459247,15.881546],[-16.460988,15.881648],[-16.462152,15.881944],[-16.462675,15.883135],[-16.462985,15.883343],[-16.463656,15.883325],[-16.464437,15.88234]],[[-16.46517,15.886666],[-16.464952,15.885654],[-16.464469,15.885469],[-16.463723,15.885496],[-16.463197,15.885783],[-16.462275,15.887275],[-16.462192,15.887697],[-16.4628,15.888466],[-16.463053,15.889438],[-16.462467,15.890003],[-16.461355,15.89039],[-16.460863,15.891049],[-16.460575,15.891893],[-16.460516,15.892647],[-16.460673,15.893087],[-16.46115,15.893506],[-16.461999,15.893795],[-16.462956,15.893611],[-16.463792,15.892572],[-16.465323,15.891343],[-16.465421,15.891029],[-16.465258,15.890316],[-16.46517,15.886666]],[[-16.439194,15.845054],[-16.439168,15.845966],[-16.439457,15.845996],[-16.439876,15.844625],[-16.439296,15.844449],[-16.439286,15.843815],[-16.438846,15.843786],[-16.438779,15.843449],[-16.438309,15.843526],[-16.438273,15.843995],[-16.437902,15.843917],[-16.437847,15.843453],[-16.437556,15.843368],[-16.437408,15.844063],[-16.437942,15.844273],[-16.437901,15.844703],[-16.439194,15.845054]]]]}},{"type":"Feature","properties":{"categorie":"Steppe"},"geometry":{"type":"Polygon","coordinates":[[[-16.533868,15.8007],[-16.533815,15.801703],[-16.533514,15.8026],[-16.532483,15.804523],[-16.532081,15.805647],[-16.531785,15.80724],[-16.53158,15.809763],[-16.529925,15.814393],[-16.528366,15.825593],[-16.526942,15.829877],[-16.526403,15.832665],[-16.52466,15.839374],[-16.522957,15.845062],[-16.521766,15.853096],[-16.521245,15.859516],[-16.521154,15.862637],[-16.520749,15.863808],[-16.520631,15.864779],[-16.520131,15.864647],[-16.519858,15.864769],[-16.518978,15.862334],[-16.519247,15.860859],[-16.5189,15.85937],[-16.518976,15.85824],[-16.518786,15.857916],[-16.518233,15.857558],[-16.518032,15.8569],[-16.518194,15.856058],[-16.51905,15.854452],[-16.518583,15.851871],[-16.518643,15.851256],[-16.519203,15.849887],[-16.519242,15.847727],[-16.521216,15.84445],[-16.522152,15.841064],[-16.52253,15.840419],[-16.523364,15.839591],[-16.523882,15.837644],[-16.525498,15.834099],[-16.525879,15.832614],[-16.526205,15.830045],[-16.526615,15.828628],[-16.526197,15.82765],[-16.526475,15.827377],[-16.527019,15.827753],[-16.527316,15.827561],[-16.527065,15.826451],[-16.526667,15.825568],[-16.527298,15.825166],[-16.527768,15.824331],[-16.527866,15.823644],[-16.527709,15.822714],[-16.527881,15.821972],[-16.527678,15.820979],[-16.52826,15.820225],[-16.528462,15.818551],[-16.528265,15.818354],[-16.528051,15.818518],[-16.527803,15.818945],[-16.527661,15.819931],[-16.526882,15.820623],[-16.526468,15.821467],[-16.5263,15.82154],[-16.52585,15.821281],[-16.525595,15.820903],[-16.525738,15.820044],[-16.525551,15.819281],[-16.526257,15.819507],[-16.526526,15.819279],[-16.526598,15.818926],[-16.526241,15.81863],[-16.525889,15.81894],[-16.525689,15.818499],[-16.526049,15.817918],[-16.526754,15.817289],[-16.5267,15.81634],[-16.526846,15.815942],[-16.528577,15.81395],[-16.528816,15.813488],[-16.528878,15.812945],[-16.528628,15.812043],[-16.528714,15.811021],[-16.528455,15.810065],[-16.528993,15.80847],[-16.529253,15.808288],[-16.52988,15.8085],[-16.530821,15.808223],[-16.531275,15.807759],[-16.530413,15.804791],[-16.531334,15.801947],[-16.532108,15.800577],[-16.532744,15.800717],[-16.532568,15.799881],[-16.533868,15.8007]]]}},{"type":"Feature","properties":{"categorie":"Steppe"},"geometry":{"type":"MultiPolygon","coordinates":[[[[-16.529111,15.797704],[-16.52826,15.800324],[-16.526267,15.804703],[-16.524321,15.810284],[-16.523087,15.812615],[-16.522664,15.814643],[-16.520873,15.81865],[-16.520621,15.819818],[-16.520124,15.824575],[-16.519233,15.827886],[-16.518708,15.82793],[-16.517799,15.829266],[-16.517102,15.829305],[-16.517648,15.828391],[-16.517261,15.827372],[-16.517293,15.826512],[-16.518901,15.824019],[-16.519173,15.822289],[-16.518509,15.822474],[-16.517682,15.823159],[-16.516904,15.822572],[-16.517635,15.820865],[-16.517395,15.820349],[-16.517987,15.818304],[-16.518312,15.81484],[-16.51923,15.81131],[-16.521075,15.811571],[-16.521097,15.811131],[-16.521996,15.811194],[-16.522558,15.810853],[-16.522254,15.810017],[-16.522212,15.808738],[-16.52103,15.808278],[-16.520783,15.807999],[-16.520855,15.80593],[-16.520476,15.805609],[-16.519809,15.805802],[-16.519357,15.80566],[-16.519159,15.805302],[-16.519189,15.804757],[-16.519696,15.804134],[-16.521332,15.80342],[-16.52209,15.802623],[-16.52322,15.799799],[-16.5239,15.798645],[-16.524723,15.797788],[-16.525024,15.796285],[-16.525072,15.79516],[-16.529111,15.797704]]],[[[-16.519334,15.810853],[-16.519404,15.810755],[-16.519275,15.811111],[-16.519334,15.810853]]],[[[-16.519549,15.810353],[-16.519614,15.80948],[-16.519995,15.809119],[-16.519549,15.810353]]]]}},{"type":"Feature","properties":{"categorie":"Culture maraichère"},"geometry":{"type":"Polygon","coordinates":[[[-16.453354,15.830595],[-16.453405,15.829485],[-16.455333,15.825474],[-16.456332,15.8243],[-16.456749,15.824489],[-16.456794,15.825273],[-16.456304,15.825946],[-16.455087,15.826968],[-16.454583,15.828444],[-16.455478,15.829127],[-16.456348,15.829331],[-16.457413,15.829037],[-16.457784,15.828289],[-16.458219,15.828324],[-16.458382,15.829107],[-16.458229,15.829835],[-16.457665,15.831102],[-16.457555,15.832174],[-16.457756,15.832727],[-16.45749,15.834221],[-16.457135,15.834358],[-16.456917,15.834187],[-16.456526,15.831989],[-16.455571,15.831135],[-16.454745,15.831695],[-16.454236,15.832349],[-16.454523,15.833782],[-16.454368,15.834242],[-16.453284,15.834689],[-16.452927,15.834501],[-16.452801,15.833487],[-16.453354,15.830595]]]}},{"type":"Feature","properties":{"categorie":"Culture maraichère"},"geometry":{"type":"Polygon","coordinates":[[[-16.435407,15.83573],[-16.435561,15.833646],[-16.436129,15.831157],[-16.436606,15.830156],[-16.437335,15.829221],[-16.438078,15.827311],[-16.43835,15.82695],[-16.438801,15.826743],[-16.438862,15.827202],[-16.438269,15.828668],[-16.437429,15.832196],[-16.437544,15.832457],[-16.438371,15.833133],[-16.438852,15.833061],[-16.439383,15.832711],[-16.439604,15.831378],[-16.440177,15.830115],[-16.44176,15.828331],[-16.442356,15.828158],[-16.442749,15.828389],[-16.441518,15.83041],[-16.440885,15.831984],[-16.440611,15.833451],[-16.440644,15.833583],[-16.442362,15.833453],[-16.442667,15.833155],[-16.443059,15.832306],[-16.444237,15.831178],[-16.444362,15.830383],[-16.443664,15.829987],[-16.443825,15.828288],[-16.444342,15.828141],[-16.444765,15.82845],[-16.444793,15.829047],[-16.445341,15.829689],[-16.444914,15.831138],[-16.445895,15.831168],[-16.445902,15.832101],[-16.444634,15.835737],[-16.444129,15.837687],[-16.443691,15.8383],[-16.44187,15.839429],[-16.442001,15.838592],[-16.442911,15.835963],[-16.442582,15.835222],[-16.441872,15.835165],[-16.441147,15.836209],[-16.441014,15.837005],[-16.440153,15.839307],[-16.43961,15.839875],[-16.439155,15.840011],[-16.438839,15.839373],[-16.438976,15.838986],[-16.439626,15.838256],[-16.439462,15.836999],[-16.439608,15.836373],[-16.438638,15.835769],[-16.43813,15.836666],[-16.437907,15.837919],[-16.43824,15.839549],[-16.43817,15.840209],[-16.437305,15.842378],[-16.436732,15.842684],[-16.436097,15.842726],[-16.435526,15.842289],[-16.435098,15.841379],[-16.435591,15.838543],[-16.435407,15.83573]]]}},{"type":"Feature","properties":{"categorie":"Culture maraichère"},"geometry":{"type":"Polygon","coordinates":[[[-16.440204,15.866544],[-16.440649,15.866613],[-16.440992,15.866252],[-16.441939,15.863926],[-16.442774,15.863203],[-16.442275,15.862513],[-16.442246,15.861916],[-16.441747,15.861225],[-16.442676,15.859832],[-16.443346,15.860258],[-16.44367,15.860615],[-16.443748,15.861164],[-16.44407,15.861329],[-16.446102,15.858685],[-16.446421,15.858372],[-16.446694,15.85849],[-16.447068,15.859038],[-16.447022,15.859492],[-16.446556,15.860022],[-16.446858,15.860737],[-16.446368,15.861314],[-16.445949,15.86146],[-16.445394,15.863329],[-16.444974,15.863337],[-16.44413,15.862793],[-16.443637,15.862987],[-16.443197,15.863516],[-16.440634,15.868005],[-16.440345,15.869035],[-16.4401,15.869276],[-16.439678,15.869016],[-16.440038,15.867531],[-16.439888,15.867317],[-16.439936,15.867072],[-16.440204,15.866544]]]}},{"type":"Feature","properties":{"categorie":"Culture pluviale"},"geometry":{"type":"Polygon","coordinates":[[[-16.462346,15.882175],[-16.462014,15.881874],[-16.461094,15.881665],[-16.459313,15.881568],[-16.458562,15.881086],[-16.458385,15.880392],[-16.458772,15.878259],[-16.459213,15.877725],[-16.462498,15.876502],[-16.462696,15.87618],[-16.462998,15.874401],[-16.463275,15.873727],[-16.464034,15.87328],[-16.464998,15.873224],[-16.466052,15.873922],[-16.466746,15.874739],[-16.467447,15.876142],[-16.468278,15.877239],[-16.468273,15.878015],[-16.467058,15.879543],[-16.466359,15.881469],[-16.465992,15.881915],[-16.465403,15.882195],[-16.464539,15.882272],[-16.463686,15.883299],[-16.463435,15.883399],[-16.462704,15.883174],[-16.462346,15.882175]]]}},{"type":"Feature","properties":{"categorie":"Culture pluviale"},"geometry":{"type":"Polygon","coordinates":[[[-16.46416,15.885449],[-16.464856,15.885587],[-16.465108,15.885961],[-16.465402,15.89117],[-16.464941,15.891759],[-16.463792,15.892572],[-16.463074,15.893542],[-16.462465,15.893765],[-16.4617,15.893747],[-16.460984,15.893394],[-16.460599,15.892961],[-16.46051,15.892353],[-16.460639,15.891645],[-16.461265,15.890462],[-16.462291,15.890097],[-16.463013,15.889552],[-16.462909,15.888717],[-16.462216,15.887756],[-16.462195,15.887453],[-16.463255,15.885718],[-16.46416,15.885449]]]}},{"type":"Feature","properties":{"categorie":"Culture pluviale"},"geometry":{"type":"MultiPolygon","coordinates":[[[[-16.474304,15.943175],[-16.474931,15.942651],[-16.474979,15.942922],[-16.475491,15.942557],[-16.476449,15.939523],[-16.476261,15.939298],[-16.476029,15.93948],[-16.475655,15.939483],[-16.475332,15.940028],[-16.475427,15.940208],[-16.475152,15.940978],[-16.474498,15.940937],[-16.474067,15.940661],[-16.474307,15.940351],[-16.474303,15.939899],[-16.474,15.93962],[-16.473869,15.937602],[-16.47418,15.935878],[-16.474877,15.935268],[-16.475903,15.935134],[-16.476577,15.935337],[-16.476702,15.935806],[-16.476654,15.937126],[-16.476921,15.937567],[-16.477022,15.939926],[-16.476496,15.940824],[-16.47646,15.942288],[-16.474377,15.943845],[-16.474304,15.943175]]],[[[-16.475108,15.941385],[-16.475108,15.941294],[-16.475155,15.941339],[-16.475108,15.941385]]],[[[-16.474364,15.941751],[-16.474363,15.941661],[-16.47441,15.941706],[-16.474364,15.941751]]],[[[-16.474458,15.941841],[-16.474457,15.941751],[-16.474504,15.941796],[-16.474458,15.941841]]]]}},{"type":"Feature","properties":{"categorie":"Culture pluviale"},"geometry":{"type":"MultiPolygon","coordinates":[[[[-16.498735,15.946549],[-16.498665,15.946001],[-16.498318,15.945765],[-16.497179,15.945581],[-16.497226,15.94527],[-16.497918,15.945146],[-16.499225,15.945052],[-16.499947,15.945562],[-16.500143,15.945226],[-16.4994,15.94174],[-16.498462,15.941866],[-16.498337,15.941723],[-16.498078,15.940099],[-16.497479,15.93814],[-16.497536,15.937582],[-16.497913,15.937358],[-16.499055,15.938204],[-16.499446,15.937972],[-16.499029,15.936214],[-16.498272,15.935319],[-16.498111,15.934421],[-16.497703,15.933655],[-16.497784,15.933212],[-16.498394,15.932376],[-16.498392,15.932024],[-16.499332,15.932885],[-16.500015,15.934227],[-16.500416,15.935444],[-16.500488,15.93632],[-16.500274,15.937704],[-16.500543,15.93867],[-16.500475,15.939673],[-16.500811,15.940855],[-16.500583,15.942781],[-16.50091,15.944081],[-16.501368,15.944105],[-16.501438,15.944701],[-16.501226,15.945867],[-16.498735,15.946549]]],[[[-16.497194,15.947031],[-16.497989,15.94653],[-16.498418,15.946648],[-16.497194,15.947031]]]]}},{"type":"Feature","properties":{"categorie":"Culture pluviale"},"geometry":{"type":"MultiPolygon","coordinates":[[[[-16.48911,15.938758],[-16.488976,15.93828],[-16.49032,15.936852],[-16.490891,15.935763],[-16.491474,15.93378],[-16.491623,15.932522],[-16.491206,15.930338],[-16.491747,15.930334],[-16.492197,15.930494],[-16.492069,15.930999],[-16.492363,15.931808],[-16.492299,15.932686],[-16.492759,15.933309],[-16.493226,15.93509],[-16.492845,15.936262],[-16.492839,15.936782],[-16.49286,15.937021],[-16.492893,15.937275],[-16.49292,15.937454],[-16.492729,15.936745],[-16.492499,15.937243],[-16.491824,15.937679],[-16.491735,15.938107],[-16.491107,15.938518],[-16.490639,15.938386],[-16.490337,15.938636],[-16.490003,15.939424],[-16.48911,15.938758]]],[[[-16.493829,15.942636],[-16.493699,15.94297],[-16.493847,15.942518],[-16.493829,15.942636]]],[[[-16.490586,15.943809],[-16.490701,15.944533],[-16.490589,15.943767],[-16.490586,15.943809]]],[[[-16.493829,15.944131],[-16.493849,15.944552],[-16.493779,15.943999],[-16.493829,15.944131]]],[[[-16.493894,15.945033],[-16.494164,15.945678],[-16.493912,15.945232],[-16.493894,15.945033]]],[[[-16.491236,15.946269],[-16.491774,15.946602],[-16.491803,15.94694],[-16.491236,15.946269]]],[[[-16.493898,15.947864],[-16.494109,15.946586],[-16.4942,15.946316],[-16.493898,15.947864]]],[[[-16.491813,15.947047],[-16.491933,15.947989],[-16.491637,15.948008],[-16.491813,15.947047]]]]}},{"type":"Feature","properties":{"categorie":"Mangrove"},"geometry":{"type":"Polygon","coordinates":[[[-16.491006,15.923552],[-16.490168,15.923919],[-16.490429,15.922616],[-16.490165,15.918461],[-16.489869,15.916239],[-16.49018,15.912803],[-16.489842,15.908865],[-16.490105,15.907742],[-16.491374,15.905058],[-16.492683,15.900768],[-16.493445,15.899557],[-16.49416,15.899164],[-16.494657,15.899459],[-16.494782,15.899856],[-16.493952,15.902555],[-16.493855,15.903378],[-16.494052,15.904705],[-16.494482,15.906103],[-16.494177,15.907795],[-16.494833,15.909372],[-16.495175,15.912615],[-16.49518,15.914612],[-16.494947,15.915879],[-16.494616,15.916631],[-16.493237,15.918376],[-16.492971,15.919029],[-16.492988,15.920014],[-16.493542,15.92161],[-16.493137,15.921251],[-16.492782,15.921253],[-16.49256,15.921481],[-16.49322,15.922398],[-16.493308,15.922813],[-16.493171,15.923221],[-16.491777,15.924198],[-16.491306,15.923631],[-16.491006,15.923552]]]}},{"type":"Feature","properties":{"categorie":"Mangrove"},"geometry":{"type":"Polygon","coordinates":[[[-16.486342,15.924611],[-16.486434,15.924158],[-16.485647,15.924159],[-16.485711,15.923687],[-16.486557,15.923016],[-16.487578,15.922969],[-16.487719,15.922777],[-16.48727,15.922492],[-16.486771,15.92173],[-16.487054,15.920483],[-16.486522,15.920126],[-16.486355,15.919141],[-16.486862,15.918581],[-16.486215,15.91838],[-16.486274,15.917249],[-16.486062,15.917181],[-16.484939,15.917736],[-16.485259,15.918004],[-16.485138,15.918339],[-16.484736,15.918335],[-16.484434,15.918065],[-16.484964,15.914304],[-16.485166,15.913813],[-16.48553,15.914536],[-16.485423,15.916026],[-16.485523,15.916503],[-16.485822,15.916646],[-16.486257,15.916461],[-16.486679,15.916709],[-16.487345,15.916703],[-16.487552,15.916836],[-16.487378,15.918159],[-16.487798,15.919235],[-16.487222,15.919289],[-16.48713,15.919516],[-16.488242,15.920139],[-16.488489,15.921532],[-16.488114,15.921693],[-16.488888,15.922515],[-16.489189,15.923183],[-16.488948,15.923998],[-16.488165,15.925166],[-16.487902,15.925074],[-16.487641,15.924623],[-16.487462,15.924651],[-16.487026,15.925188],[-16.486342,15.924611]]]}},{"type":"Feature","properties":{"categorie":"Mangrove"},"geometry":{"type":"Polygon","coordinates":[[[-16.503565,15.927512],[-16.503598,15.926555],[-16.503328,15.927456],[-16.503633,15.92864],[-16.50303,15.929036],[-16.502912,15.930013],[-16.502656,15.930195],[-16.502976,15.926751],[-16.502949,15.92512],[-16.503341,15.924429],[-16.502983,15.922735],[-16.503383,15.922235],[-16.503439,15.921763],[-16.503629,15.921558],[-16.503943,15.921781],[-16.504078,15.92305],[-16.504505,15.924505],[-16.503957,15.925657],[-16.504294,15.928078],[-16.504051,15.930046],[-16.504111,15.931134],[-16.503878,15.931039],[-16.503751,15.929854],[-16.504029,15.928666],[-16.503976,15.928198],[-16.503565,15.927512]]]}},{"type":"Feature","properties":{"categorie":"Mangrove"},"geometry":{"type":"Polygon","coordinates":[[[-16.476702,15.935806],[-16.477232,15.936734],[-16.476921,15.937567],[-16.476654,15.937126],[-16.476702,15.935806]]]}},{"type":"Feature","properties":{"categorie":"Mangrove"},"geometry":{"type":"Polygon","coordinates":[[[-16.474744,15.932751],[-16.475075,15.932962],[-16.476468,15.933205],[-16.477069,15.933608],[-16.477814,15.934624],[-16.477642,15.935339],[-16.477354,15.935522],[-16.476868,15.93548],[-16.476702,15.935806],[-16.476577,15.935337],[-16.475315,15.935138],[-16.474877,15.935268],[-16.47418,15.935878],[-16.474744,15.932751]]]}},{"type":"Feature","properties":{"categorie":"Mangrove"},"geometry":{"type":"Polygon","coordinates":[[[-16.482683,15.936974],[-16.484606,15.939774],[-16.484452,15.940516],[-16.48348,15.941626],[-16.483251,15.942628],[-16.4828,15.942203],[-16.482262,15.940721],[-16.482327,15.93953],[-16.482127,15.937185],[-16.482683,15.936974]]]}},{"type":"Feature","properties":{"categorie":"Mangrove"},"geometry":{"type":"Polygon","coordinates":[[[-16.501356,15.941956],[-16.501268,15.942036],[-16.501184,15.941727],[-16.501564,15.940979],[-16.50162,15.94051],[-16.502065,15.940507],[-16.502493,15.940915],[-16.502718,15.942735],[-16.501356,15.941956]]]}},{"type":"Feature","properties":{"categorie":"Mangrove"},"geometry":{"type":"Polygon","coordinates":[[[-16.496061,15.945586],[-16.495656,15.943862],[-16.496851,15.938008],[-16.497318,15.936959],[-16.497685,15.934803],[-16.498023,15.934669],[-16.498288,15.935346],[-16.499029,15.936214],[-16.499446,15.937972],[-16.499081,15.938212],[-16.498072,15.937388],[-16.497556,15.937546],[-16.49749,15.938208],[-16.498018,15.939944],[-16.497766,15.940056],[-16.497747,15.940702],[-16.497231,15.941232],[-16.496648,15.942503],[-16.496822,15.942693],[-16.497292,15.94269],[-16.499094,15.942367],[-16.499831,15.945159],[-16.499485,15.945306],[-16.499225,15.945052],[-16.497678,15.94483],[-16.496815,15.945099],[-16.496061,15.945586]]]}},{"type":"Feature","properties":{"categorie":"Mangrove"},"geometry":{"type":"Polygon","coordinates":[[[-16.481663,15.948777],[-16.478343,15.948867],[-16.477775,15.948407],[-16.477304,15.947841],[-16.477047,15.94712],[-16.477234,15.945898],[-16.477736,15.946642],[-16.477869,15.947481],[-16.478014,15.947595],[-16.478805,15.946858],[-16.480479,15.946167],[-16.481374,15.945281],[-16.481586,15.945365],[-16.481456,15.945869],[-16.48215,15.946262],[-16.482377,15.94664],[-16.482328,15.947662],[-16.481663,15.948777]]]}},{"type":"Feature","properties":{"categorie":"Mangrove"},"geometry":{"type":"Polygon","coordinates":[[[-16.48364,15.948616],[-16.483292,15.948319],[-16.483476,15.94741],[-16.484454,15.94452],[-16.484722,15.942927],[-16.485635,15.939957],[-16.485224,15.938694],[-16.485085,15.937602],[-16.485172,15.936779],[-16.485568,15.935972],[-16.485583,15.935547],[-16.484338,15.933901],[-16.483964,15.932539],[-16.484083,15.932168],[-16.484704,15.931594],[-16.48485,15.931123],[-16.484853,15.930183],[-16.484591,15.92892],[-16.484601,15.927627],[-16.485293,15.926574],[-16.48589,15.926398],[-16.489456,15.927467],[-16.490438,15.927587],[-16.489496,15.929279],[-16.48864,15.929956],[-16.488269,15.930938],[-16.487884,15.931429],[-16.487594,15.931311],[-16.486739,15.930248],[-16.486099,15.930174],[-16.486072,15.93083],[-16.486272,15.931643],[-16.485982,15.932506],[-16.486342,15.933188],[-16.487573,15.934317],[-16.488409,15.9345],[-16.489203,15.934288],[-16.489938,15.932921],[-16.489829,15.930238],[-16.490012,15.929644],[-16.490443,15.929196],[-16.49071,15.930706],[-16.49068,15.932808],[-16.491184,15.934821],[-16.49055,15.936488],[-16.488958,15.938388],[-16.489204,15.938866],[-16.490003,15.939424],[-16.490622,15.942363],[-16.490631,15.944435],[-16.490922,15.945072],[-16.491117,15.946155],[-16.491803,15.94694],[-16.49178,15.947383],[-16.491637,15.948008],[-16.48364,15.948616]]]}},{"type":"Feature","properties":{"categorie":"Mangrove"},"geometry":{"type":"Polygon","coordinates":[[[-16.472482,15.924859],[-16.472546,15.924393],[-16.472189,15.922787],[-16.471847,15.922039],[-16.471359,15.921644],[-16.471225,15.921193],[-16.472061,15.919254],[-16.472141,15.918693],[-16.471365,15.91351],[-16.471684,15.913106],[-16.472332,15.912898],[-16.472534,15.912454],[-16.472048,15.911147],[-16.471014,15.905008],[-16.470748,15.904486],[-16.471343,15.905014],[-16.472274,15.905209],[-16.473492,15.906951],[-16.475046,15.908189],[-16.475666,15.908317],[-16.476404,15.908084],[-16.476548,15.907742],[-16.476781,15.907696],[-16.477072,15.909145],[-16.47703,15.909959],[-16.476832,15.910277],[-16.476278,15.910345],[-16.475422,15.909991],[-16.474808,15.909297],[-16.474424,15.909094],[-16.474096,15.909109],[-16.473835,15.909317],[-16.474157,15.910047],[-16.475288,15.910522],[-16.47531,15.911111],[-16.476042,15.910873],[-16.476838,15.91091],[-16.477191,15.91042],[-16.477663,15.910144],[-16.477754,15.910358],[-16.477141,15.911683],[-16.475975,15.912649],[-16.475193,15.913039],[-16.474637,15.914563],[-16.475867,15.916104],[-16.475897,15.91764],[-16.475728,15.919055],[-16.476013,15.92014],[-16.475425,15.921672],[-16.475828,15.923547],[-16.476454,15.924687],[-16.477101,15.924809],[-16.478601,15.926455],[-16.47895,15.926212],[-16.479264,15.92545],[-16.479547,15.925603],[-16.479636,15.926138],[-16.479286,15.926721],[-16.479289,15.927153],[-16.479919,15.929355],[-16.480544,15.929986],[-16.480643,15.930574],[-16.480738,15.932109],[-16.480592,15.933864],[-16.480159,15.934581],[-16.479358,15.934948],[-16.480114,15.937437],[-16.480072,15.939281],[-16.479382,15.94165],[-16.478033,15.942784],[-16.477907,15.942179],[-16.478447,15.940612],[-16.478462,15.938822],[-16.478829,15.936741],[-16.478798,15.936253],[-16.478513,15.93564],[-16.478714,15.935061],[-16.478674,15.934591],[-16.478418,15.934096],[-16.47775,15.933504],[-16.477314,15.932621],[-16.475512,15.93276],[-16.475175,15.932663],[-16.475108,15.93241],[-16.475335,15.931514],[-16.475116,15.93069],[-16.472482,15.924859]]]}},{"type":"Feature","properties":{"categorie":"Mare"},"geometry":{"type":"Polygon","coordinates":[[[-16.449997,15.85731],[-16.450935,15.855627],[-16.451699,15.853897],[-16.452047,15.853526],[-16.452333,15.853454],[-16.452394,15.854414],[-16.451678,15.855662],[-16.451612,15.856271],[-16.451428,15.856272],[-16.450089,15.857766],[-16.449997,15.85731]]]}},{"type":"Feature","properties":{"categorie":"Mare"},"geometry":{"type":"Polygon","coordinates":[[[-16.509466,15.875397],[-16.509835,15.875801],[-16.50996,15.877346],[-16.508918,15.878181],[-16.508626,15.877898],[-16.508356,15.876963],[-16.508468,15.87572],[-16.508802,15.875491],[-16.509466,15.875397]]]}},{"type":"Feature","properties":{"categorie":"Mare"},"geometry":{"type":"Polygon","coordinates":[[[-16.506571,15.876389],[-16.507067,15.876745],[-16.507442,15.87728],[-16.507388,15.878327],[-16.506432,15.878483],[-16.505889,15.878192],[-16.506166,15.876456],[-16.506571,15.876389]]]}},{"type":"Feature","properties":{"categorie":"Mare"},"geometry":{"type":"Polygon","coordinates":[[[-16.507021,15.881335],[-16.506671,15.884067],[-16.506301,15.884714],[-16.506138,15.884687],[-16.505941,15.884418],[-16.506279,15.882432],[-16.506194,15.881333],[-16.506574,15.880933],[-16.506881,15.880951],[-16.507021,15.881335]]]}},{"type":"Feature","properties":{"categorie":"Mare"},"geometry":{"type":"Polygon","coordinates":[[[-16.503006,15.886727],[-16.502999,15.885881],[-16.503277,15.885517],[-16.503465,15.885787],[-16.503482,15.886679],[-16.503006,15.886727]]]}},{"type":"Feature","properties":{"categorie":"Mare"},"geometry":{"type":"Polygon","coordinates":[[[-16.500584,15.884497],[-16.50047,15.884814],[-16.500797,15.884811],[-16.501032,15.88499],[-16.501038,15.885894],[-16.500169,15.887058],[-16.499764,15.887257],[-16.49905,15.886035],[-16.499104,15.885673],[-16.499547,15.885091],[-16.500584,15.884497]]]}},{"type":"Feature","properties":{"categorie":"Mare"},"geometry":{"type":"Polygon","coordinates":[[[-16.496856,15.891775],[-16.497314,15.89299],[-16.497455,15.895891],[-16.497335,15.896539],[-16.497469,15.896713],[-16.497352,15.897588],[-16.497887,15.899238],[-16.497687,15.89989],[-16.496961,15.900293],[-16.496483,15.900034],[-16.496094,15.899277],[-16.495638,15.898023],[-16.495519,15.897077],[-16.495916,15.892835],[-16.496035,15.892427],[-16.496553,15.8918],[-16.496856,15.891775]]]}},{"type":"Feature","properties":{"categorie":"Mare"},"geometry":{"type":"Polygon","coordinates":[[[-16.466221,15.90077],[-16.466096,15.898169],[-16.466377,15.897276],[-16.46771,15.895727],[-16.468291,15.894609],[-16.468229,15.893411],[-16.468424,15.892792],[-16.471341,15.889864],[-16.471401,15.888495],[-16.471679,15.887902],[-16.472145,15.887553],[-16.472683,15.887579],[-16.47296,15.887861],[-16.473212,15.888505],[-16.472995,15.889224],[-16.471722,15.890906],[-16.471358,15.891793],[-16.470843,15.892299],[-16.469785,15.892928],[-16.469495,15.893767],[-16.469727,15.895152],[-16.469587,15.896229],[-16.469122,15.89683],[-16.467524,15.897941],[-16.467381,15.898683],[-16.46773,15.898797],[-16.468007,15.899231],[-16.468508,15.899312],[-16.468574,15.899632],[-16.469651,15.900121],[-16.469663,15.900513],[-16.468106,15.900367],[-16.468115,15.899993],[-16.467937,15.89986],[-16.466993,15.899762],[-16.466776,15.900529],[-16.466481,15.900855],[-16.466221,15.90077]]]}},{"type":"Feature","properties":{"categorie":"Mare"},"geometry":{"type":"Polygon","coordinates":[[[-16.503344,15.895249],[-16.503786,15.896194],[-16.504313,15.899284],[-16.504158,15.901604],[-16.503743,15.901764],[-16.503171,15.898975],[-16.503163,15.898211],[-16.503412,15.897401],[-16.503221,15.89695],[-16.503314,15.896859],[-16.502788,15.896317],[-16.502699,15.895824],[-16.502449,15.893567],[-16.50254,15.89325],[-16.502773,15.893112],[-16.503007,15.893156],[-16.50343,15.89365],[-16.503344,15.895249]]]}},{"type":"Feature","properties":{"categorie":"Mare"},"geometry":{"type":"Polygon","coordinates":[[[-16.475285,15.902857],[-16.474928,15.902429],[-16.475338,15.902121],[-16.475612,15.901524],[-16.475459,15.901307],[-16.474595,15.901499],[-16.473902,15.900844],[-16.473419,15.900771],[-16.473116,15.900977],[-16.472878,15.900947],[-16.472413,15.900701],[-16.472146,15.900322],[-16.472569,15.900349],[-16.472765,15.900621],[-16.473151,15.900653],[-16.473265,15.900265],[-16.473667,15.900028],[-16.474466,15.900237],[-16.475331,15.89989],[-16.475795,15.89952],[-16.475993,15.899017],[-16.477086,15.897654],[-16.476947,15.896772],[-16.477551,15.896213],[-16.477885,15.895324],[-16.47776,15.894601],[-16.47745,15.894585],[-16.476446,15.893695],[-16.476372,15.893259],[-16.476652,15.892197],[-16.477095,15.891486],[-16.47864,15.890835],[-16.478993,15.890345],[-16.479109,15.889809],[-16.479596,15.889153],[-16.479818,15.888461],[-16.479737,15.887894],[-16.479431,15.88742],[-16.479436,15.886738],[-16.480014,15.886139],[-16.480826,15.884729],[-16.482551,15.885082],[-16.483321,15.884728],[-16.483587,15.885371],[-16.482733,15.887095],[-16.48212,15.888994],[-16.482404,15.889122],[-16.482894,15.890089],[-16.483501,15.892045],[-16.484092,15.893109],[-16.48465,15.893639],[-16.484951,15.894355],[-16.484871,15.896932],[-16.484505,15.896875],[-16.484444,15.896132],[-16.483718,15.89555],[-16.483204,15.894651],[-16.482853,15.894642],[-16.482553,15.895],[-16.481864,15.895044],[-16.481268,15.895401],[-16.4806,15.89526],[-16.480116,15.894945],[-16.479414,15.895224],[-16.478353,15.896376],[-16.477785,15.898372],[-16.477506,15.898813],[-16.477322,15.902124],[-16.476171,15.902691],[-16.475479,15.902699],[-16.475285,15.902857]],[[-16.480767,15.894588],[-16.482116,15.893769],[-16.482777,15.892685],[-16.482955,15.891424],[-16.482891,15.890766],[-16.482387,15.890053],[-16.481806,15.889744],[-16.481362,15.889806],[-16.481132,15.890032],[-16.480355,15.892458],[-16.479584,15.892026],[-16.479299,15.892188],[-16.479499,15.89291],[-16.480465,15.894119],[-16.480472,15.894545],[-16.480767,15.894588]]]}},{"type":"Feature","properties":{"categorie":"Mare"},"geometry":{"type":"Polygon","coordinates":[[[-16.505522,15.915472],[-16.505871,15.915488],[-16.506448,15.918335],[-16.506406,15.918704],[-16.506022,15.919074],[-16.505252,15.918649],[-16.505599,15.916564],[-16.505522,15.915472]]]}},{"type":"Feature","properties":{"categorie":"Mare"},"geometry":{"type":"Polygon","coordinates":[[[-16.457061,15.856278],[-16.457342,15.85656],[-16.457398,15.857329],[-16.457022,15.858465],[-16.456747,15.858647],[-16.456475,15.859319],[-16.456484,15.860581],[-16.45717,15.861347],[-16.458405,15.862158],[-16.458716,15.862851],[-16.45719,15.865282],[-16.456958,15.865934],[-16.456642,15.865994],[-16.455946,15.86585],[-16.45633,15.864509],[-16.456387,15.863379],[-16.45603,15.861664],[-16.455452,15.860529],[-16.455383,15.860023],[-16.45563,15.858643],[-16.456084,15.857355],[-16.456517,15.856666],[-16.457061,15.856278]]]}},{"type":"Feature","properties":{"categorie":"Mare"},"geometry":{"type":"Polygon","coordinates":[[[-16.465621,15.866871],[-16.464989,15.866913],[-16.462585,15.867867],[-16.461366,15.868793],[-16.460335,15.868322],[-16.460331,15.867825],[-16.460564,15.867211],[-16.460201,15.867001],[-16.460903,15.864726],[-16.461519,15.863412],[-16.46175,15.862204],[-16.461634,15.86184],[-16.460817,15.861497],[-16.460789,15.861112],[-16.461195,15.860823],[-16.462316,15.86051],[-16.463526,15.859685],[-16.465209,15.859315],[-16.465604,15.859334],[-16.465553,15.860176],[-16.464624,15.860105],[-16.463854,15.860244],[-16.463203,15.860383],[-16.462613,15.860769],[-16.462537,15.861229],[-16.462885,15.861338],[-16.463172,15.862011],[-16.462629,15.863008],[-16.462869,15.863248],[-16.462572,15.863993],[-16.4623,15.863985],[-16.462145,15.864388],[-16.462435,15.864712],[-16.462221,15.866399],[-16.462397,15.866946],[-16.462819,15.86712],[-16.464913,15.866139],[-16.46553,15.866102],[-16.46643,15.866398],[-16.467379,15.865984],[-16.467829,15.866198],[-16.467793,15.866609],[-16.467318,15.86731],[-16.466771,15.86736],[-16.465773,15.868649],[-16.465359,15.8689],[-16.464699,15.868535],[-16.46491,15.868074],[-16.465626,15.867487],[-16.465621,15.866871]]]}},{"type":"Feature","properties":{"categorie":"Mare"},"geometry":{"type":"Polygon","coordinates":[[[-16.438921,15.877787],[-16.439618,15.876686],[-16.440131,15.876556],[-16.440515,15.876771],[-16.440724,15.877294],[-16.440417,15.87866],[-16.440523,15.879525],[-16.438921,15.877787]]]}},{"type":"Feature","properties":{"categorie":"Mare"},"geometry":{"type":"Polygon","coordinates":[[[-16.442345,15.881501],[-16.443543,15.879733],[-16.444581,15.87725],[-16.445416,15.876539],[-16.44648,15.875203],[-16.448142,15.873819],[-16.44925,15.872094],[-16.450184,15.869412],[-16.451298,15.864579],[-16.451537,15.864143],[-16.452147,15.865847],[-16.451328,15.86757],[-16.451869,15.868669],[-16.451549,15.869656],[-16.451789,15.870649],[-16.451366,15.871483],[-16.450557,15.872031],[-16.450317,15.872412],[-16.4497,15.874902],[-16.449407,15.877325],[-16.449517,15.878073],[-16.45019,15.878895],[-16.450442,15.879675],[-16.450387,15.880436],[-16.449956,15.881708],[-16.450129,15.882421],[-16.44971,15.882389],[-16.449422,15.881924],[-16.449457,15.881343],[-16.449945,15.880624],[-16.449996,15.880184],[-16.449824,15.87953],[-16.449264,15.878937],[-16.449076,15.878254],[-16.449295,15.874742],[-16.449203,15.874267],[-16.44891,15.873843],[-16.448012,15.874463],[-16.446541,15.876563],[-16.446323,15.877127],[-16.446418,15.878012],[-16.445617,15.878685],[-16.44555,15.87958],[-16.444753,15.880438],[-16.444501,15.881366],[-16.44355,15.882808],[-16.442345,15.881501]]]}},{"type":"Feature","properties":{"categorie":"Mare"},"geometry":{"type":"Polygon","coordinates":[[[-16.475209,15.910853],[-16.475328,15.910605],[-16.475204,15.910438],[-16.474556,15.910279],[-16.474062,15.909954],[-16.473858,15.909281],[-16.474152,15.909088],[-16.474489,15.909115],[-16.475422,15.909991],[-16.476591,15.910349],[-16.476898,15.910228],[-16.47703,15.909959],[-16.477021,15.908691],[-16.476743,15.907673],[-16.476548,15.907742],[-16.476404,15.908084],[-16.475605,15.908332],[-16.47482,15.90786],[-16.474674,15.907308],[-16.474621,15.905227],[-16.474091,15.904381],[-16.476189,15.903127],[-16.476632,15.903054],[-16.477107,15.903326],[-16.477414,15.90383],[-16.477389,15.904592],[-16.476992,15.905199],[-16.477203,15.905556],[-16.479251,15.906156],[-16.479614,15.905876],[-16.480146,15.904786],[-16.480239,15.906204],[-16.479923,15.906845],[-16.479263,15.907168],[-16.478949,15.907537],[-16.479098,15.908932],[-16.478499,15.909666],[-16.478615,15.910044],[-16.477663,15.910144],[-16.477191,15.91042],[-16.476838,15.91091],[-16.476042,15.910873],[-16.475372,15.911133],[-16.475209,15.910853]]]}},{"type":"Feature","properties":{"categorie":"Mare"},"geometry":{"type":"Polygon","coordinates":[[[-16.467872,15.913218],[-16.465207,15.907416],[-16.465756,15.907665],[-16.46652,15.907444],[-16.467355,15.907592],[-16.467801,15.907757],[-16.468002,15.90821],[-16.468448,15.908608],[-16.467872,15.913218]]]}},{"type":"Feature","properties":{"categorie":"Plaine inondable"},"geometry":{"type":"Polygon","coordinates":[[[-16.471304,15.844723],[-16.47211,15.845088],[-16.4723,15.845484],[-16.472303,15.846017],[-16.471703,15.84688],[-16.471292,15.848103],[-16.470064,15.84878],[-16.469613,15.84975],[-16.468686,15.850642],[-16.468597,15.851276],[-16.468882,15.853217],[-16.468081,15.854786],[-16.468164,15.855924],[-16.467805,15.856659],[-16.467728,15.857572],[-16.467115,15.858019],[-16.466959,15.85708],[-16.466264,15.856533],[-16.46614,15.856227],[-16.466796,15.854552],[-16.466455,15.851804],[-16.466891,15.85051],[-16.4675,15.849429],[-16.469685,15.84806],[-16.470037,15.847605],[-16.470163,15.84699],[-16.470069,15.845635],[-16.470206,15.845182],[-16.47067,15.844854],[-16.471304,15.844723]]]}},{"type":"Feature","properties":{"categorie":"Plaine inondable"},"geometry":{"type":"Polygon","coordinates":[[[-16.495915,15.924323],[-16.494572,15.924594],[-16.493758,15.924383],[-16.493466,15.924086],[-16.493837,15.923677],[-16.49402,15.923179],[-16.493891,15.92214],[-16.495022,15.922259],[-16.495764,15.92276],[-16.496339,15.922295],[-16.496837,15.922644],[-16.497107,15.922507],[-16.497108,15.921368],[-16.496549,15.919085],[-16.496451,15.917125],[-16.496102,15.915446],[-16.496265,15.914713],[-16.496792,15.914077],[-16.497045,15.914201],[-16.497198,15.914652],[-16.49746,15.915997],[-16.497562,15.918364],[-16.498077,15.919861],[-16.498451,15.919849],[-16.499013,15.918797],[-16.499199,15.918778],[-16.499322,15.918985],[-16.499718,15.92201],[-16.499631,15.922751],[-16.499318,15.92344],[-16.499479,15.923665],[-16.500022,15.923869],[-16.500333,15.924301],[-16.500574,15.925239],[-16.500527,15.926532],[-16.499204,15.925637],[-16.497996,15.925257],[-16.497271,15.924557],[-16.495915,15.924323]]]}},{"type":"Feature","properties":{"categorie":"Plaine inondable"},"geometry":{"type":"Polygon","coordinates":[[[-16.490661,15.930274],[-16.490374,15.929169],[-16.489966,15.929732],[-16.489829,15.930238],[-16.489938,15.932921],[-16.489498,15.93393],[-16.48911,15.93435],[-16.488409,15.9345],[-16.487645,15.934354],[-16.486962,15.933842],[-16.486082,15.932827],[-16.485987,15.932415],[-16.486272,15.931643],[-16.486086,15.930189],[-16.486739,15.930248],[-16.487594,15.931311],[-16.487884,15.931429],[-16.488269,15.930938],[-16.48864,15.929956],[-16.489496,15.929279],[-16.490438,15.927587],[-16.492604,15.929922],[-16.492578,15.930202],[-16.492197,15.930494],[-16.491206,15.930338],[-16.491258,15.931106],[-16.491631,15.932233],[-16.491555,15.933345],[-16.491184,15.934821],[-16.490664,15.932672],[-16.490661,15.930274]]]}},{"type":"Feature","properties":{"categorie":"Plaine inondable"},"geometry":{"type":"Polygon","coordinates":[[[-16.501913,15.945831],[-16.502131,15.945003],[-16.50207,15.94428],[-16.501839,15.943414],[-16.501386,15.942722],[-16.501356,15.941956],[-16.502718,15.942735],[-16.503328,15.945756],[-16.501913,15.945831]]]}},{"type":"Feature","properties":{"categorie":"Plaine inondable"},"geometry":{"type":"MultiPolygon","coordinates":[[[[-16.453405,15.891381],[-16.454748,15.890107],[-16.455597,15.888523],[-16.454752,15.886463],[-16.454364,15.886193],[-16.453728,15.886341],[-16.452884,15.886562],[-16.451591,15.887235],[-16.451402,15.886929],[-16.451705,15.886285],[-16.451264,15.885999],[-16.448577,15.887435],[-16.445931,15.88539],[-16.44355,15.882808],[-16.444501,15.881366],[-16.444753,15.880438],[-16.44555,15.87958],[-16.445617,15.878685],[-16.446418,15.878012],[-16.446323,15.877127],[-16.446541,15.876563],[-16.448012,15.874463],[-16.44891,15.873843],[-16.449203,15.874267],[-16.449295,15.874742],[-16.449076,15.878254],[-16.449264,15.878937],[-16.449824,15.87953],[-16.449996,15.880184],[-16.449945,15.880624],[-16.449457,15.881343],[-16.449422,15.881924],[-16.44971,15.882389],[-16.450129,15.882421],[-16.449956,15.881708],[-16.450456,15.87979],[-16.45019,15.878895],[-16.449458,15.877915],[-16.449407,15.877325],[-16.449587,15.876384],[-16.45,15.876493],[-16.450493,15.876356],[-16.452509,15.873473],[-16.452798,15.872495],[-16.454887,15.870339],[-16.45531,15.869414],[-16.455719,15.867875],[-16.455946,15.86585],[-16.456958,15.865934],[-16.45719,15.865282],[-16.458716,15.862851],[-16.458405,15.862158],[-16.45717,15.861347],[-16.456484,15.860581],[-16.456475,15.859319],[-16.456747,15.858647],[-16.457022,15.858465],[-16.457378,15.857447],[-16.457392,15.85675],[-16.457211,15.856345],[-16.456895,15.856318],[-16.456348,15.856882],[-16.45563,15.858643],[-16.456181,15.8568],[-16.4568,15.855757],[-16.457386,15.855563],[-16.457632,15.855896],[-16.457613,15.857224],[-16.457468,15.857867],[-16.456787,15.859273],[-16.456776,15.860231],[-16.457183,15.861069],[-16.458653,15.861619],[-16.458892,15.862322],[-16.458802,15.862901],[-16.458206,15.864333],[-16.457384,15.865604],[-16.457463,15.866164],[-16.457325,15.866445],[-16.457916,15.866921],[-16.458759,15.867274],[-16.458959,15.867631],[-16.45791,15.869479],[-16.456659,15.87066],[-16.456432,15.872118],[-16.456726,15.872749],[-16.456995,15.872671],[-16.457259,15.871684],[-16.459051,15.870022],[-16.458703,15.869857],[-16.458603,15.86957],[-16.459583,15.867578],[-16.45977,15.866514],[-16.459938,15.864939],[-16.459571,15.86355],[-16.459744,15.862898],[-16.459716,15.861799],[-16.460073,15.861585],[-16.460767,15.861495],[-16.460553,15.860596],[-16.460845,15.86005],[-16.462446,15.86001],[-16.463242,15.859491],[-16.464097,15.857194],[-16.464394,15.85724],[-16.464421,15.857599],[-16.464846,15.858241],[-16.467199,15.859329],[-16.467277,15.859744],[-16.466694,15.860453],[-16.466723,15.860652],[-16.46773,15.860392],[-16.468003,15.860715],[-16.467309,15.86156],[-16.467578,15.862661],[-16.467488,15.863096],[-16.467043,15.863614],[-16.466337,15.864053],[-16.466121,15.863964],[-16.466045,15.863684],[-16.466372,15.862507],[-16.465807,15.861833],[-16.465238,15.860544],[-16.464508,15.860368],[-16.463457,15.860963],[-16.463409,15.862084],[-16.463117,15.862963],[-16.463224,15.863604],[-16.462502,15.864395],[-16.462597,15.864692],[-16.463075,15.864906],[-16.463217,15.86514],[-16.462364,15.866023],[-16.462601,15.866473],[-16.463161,15.866487],[-16.464707,15.865998],[-16.466529,15.866094],[-16.467674,15.865616],[-16.468299,15.865558],[-16.471152,15.863568],[-16.472849,15.862029],[-16.473333,15.861854],[-16.473597,15.862159],[-16.472428,15.863207],[-16.470864,15.865097],[-16.469469,15.865947],[-16.469192,15.866329],[-16.469989,15.868077],[-16.470189,15.869874],[-16.47059,15.871118],[-16.470226,15.872377],[-16.470243,15.873424],[-16.470068,15.873852],[-16.469675,15.873719],[-16.469577,15.873005],[-16.46881,15.871592],[-16.469067,15.871057],[-16.468928,15.869855],[-16.469427,15.869102],[-16.469031,15.868635],[-16.468075,15.868153],[-16.467392,15.867941],[-16.467066,15.867997],[-16.465489,15.869454],[-16.464654,15.868953],[-16.463973,15.868976],[-16.463633,15.868463],[-16.462987,15.868323],[-16.460792,15.869468],[-16.460289,15.869616],[-16.459999,15.869536],[-16.459748,15.869719],[-16.459741,15.870044],[-16.459929,15.87016],[-16.46161,15.870257],[-16.462042,15.870607],[-16.461969,15.870879],[-16.461583,15.871162],[-16.461211,15.871989],[-16.460697,15.873735],[-16.459736,15.874534],[-16.45898,15.874828],[-16.457565,15.875023],[-16.456806,15.875412],[-16.456614,15.875753],[-16.457748,15.879337],[-16.457804,15.880119],[-16.457535,15.881083],[-16.457576,15.881523],[-16.458151,15.882442],[-16.459481,15.883408],[-16.459633,15.884283],[-16.459425,15.8849],[-16.458441,15.885093],[-16.457231,15.884798],[-16.456213,15.883515],[-16.45483,15.883237],[-16.453617,15.882457],[-16.453341,15.881957],[-16.453286,15.880524],[-16.453075,15.879998],[-16.45248,15.879905],[-16.45154,15.880213],[-16.451339,15.880747],[-16.450913,15.881229],[-16.450744,15.882096],[-16.451363,15.882645],[-16.451862,15.883983],[-16.453648,15.883655],[-16.453768,15.883783],[-16.453773,15.884515],[-16.45344,15.885152],[-16.454415,15.885192],[-16.455566,15.885464],[-16.456448,15.886109],[-16.456807,15.886739],[-16.45662,15.889244],[-16.456098,15.890639],[-16.455746,15.891021],[-16.454117,15.891333],[-16.453676,15.891685],[-16.453405,15.891381]],[[-16.464989,15.866913],[-16.465621,15.866871],[-16.465626,15.867487],[-16.46491,15.868074],[-16.464699,15.868535],[-16.465359,15.8689],[-16.465773,15.868649],[-16.466771,15.86736],[-16.467318,15.86731],[-16.467793,15.866609],[-16.467829,15.866198],[-16.467379,15.865984],[-16.46643,15.866398],[-16.465647,15.866123],[-16.465039,15.866116],[-16.464266,15.866337],[-16.463114,15.86704],[-16.462638,15.867103],[-16.462242,15.866615],[-16.462435,15.864712],[-16.462145,15.864388],[-16.4623,15.863985],[-16.462572,15.863993],[-16.462869,15.863248],[-16.462629,15.863008],[-16.463172,15.862011],[-16.462885,15.861338],[-16.462537,15.861229],[-16.462613,15.860769],[-16.463203,15.860383],[-16.463854,15.860244],[-16.464624,15.860105],[-16.465553,15.860176],[-16.465649,15.859716],[-16.465604,15.859334],[-16.465478,15.859319],[-16.463526,15.859685],[-16.462316,15.86051],[-16.461195,15.860823],[-16.460789,15.861112],[-16.460817,15.861497],[-16.461634,15.86184],[-16.46175,15.862204],[-16.461519,15.863412],[-16.460903,15.864726],[-16.460201,15.867001],[-16.460564,15.867211],[-16.460331,15.867825],[-16.460335,15.868322],[-16.461366,15.868793],[-16.462585,15.867867],[-16.464989,15.866913]]],[[[-16.462256,15.901283],[-16.457439,15.895895],[-16.459031,15.896623],[-16.459803,15.896771],[-16.46026,15.897093],[-16.460852,15.897794],[-16.462519,15.900492],[-16.463252,15.901111],[-16.46432,15.901511],[-16.465108,15.90202],[-16.46572,15.90264],[-16.466352,15.903621],[-16.466754,15.903618],[-16.467591,15.903106],[-16.468153,15.902376],[-16.468866,15.902266],[-16.469462,15.902645],[-16.470921,15.903078],[-16.471741,15.903671],[-16.471919,15.904363],[-16.47284,15.905265],[-16.47354,15.906408],[-16.474063,15.906931],[-16.474334,15.906857],[-16.474298,15.905246],[-16.473401,15.904248],[-16.473527,15.904135],[-16.474091,15.904381],[-16.474621,15.905227],[-16.474753,15.907743],[-16.475051,15.90809],[-16.475604,15.908332],[-16.475229,15.908281],[-16.474497,15.907833],[-16.473492,15.906951],[-16.472274,15.905209],[-16.471343,15.905014],[-16.470504,15.904297],[-16.470085,15.904472],[-16.469468,15.90566],[-16.469034,15.906085],[-16.468665,15.908229],[-16.468448,15.908608],[-16.468002,15.90821],[-16.467801,15.907757],[-16.46652,15.907444],[-16.467206,15.906603],[-16.468214,15.905879],[-16.46826,15.905472],[-16.468136,15.905305],[-16.467765,15.905332],[-16.467615,15.905117],[-16.467687,15.904782],[-16.468913,15.903411],[-16.468983,15.902956],[-16.468735,15.902766],[-16.468365,15.902817],[-16.467607,15.903994],[-16.466892,15.90419],[-16.465431,15.903745],[-16.464632,15.902603],[-16.464086,15.902248],[-16.463144,15.901943],[-16.462576,15.901947],[-16.462256,15.901283]]]]}},{"type":"Feature","properties":{"categorie":"Sol nu"},"geometry":{"type":"Polygon","coordinates":[[[-16.513181,15.930089],[-16.513882,15.931897],[-16.515297,15.936807],[-16.515306,15.938278],[-16.515913,15.941023],[-16.516227,15.941741],[-16.516226,15.942903],[-16.515418,15.942961],[-16.514072,15.943406],[-16.513916,15.942805],[-16.513969,15.942262],[-16.514296,15.94161],[-16.513822,15.94122],[-16.513534,15.940588],[-16.513248,15.940705],[-16.512828,15.941535],[-16.51293,15.941963],[-16.512826,15.942218],[-16.512161,15.942921],[-16.512114,15.942832],[-16.512587,15.941782],[-16.51268,15.940346],[-16.513022,15.940473],[-16.513554,15.940312],[-16.5133,15.940012],[-16.513327,15.939696],[-16.512834,15.939226],[-16.512877,15.93886],[-16.513266,15.939238],[-16.513795,15.939462],[-16.513979,15.939333],[-16.513793,15.938635],[-16.513366,15.938236],[-16.512528,15.937934],[-16.512299,15.938054],[-16.51246,15.938454],[-16.51216,15.93827],[-16.511764,15.937156],[-16.511907,15.937039],[-16.512427,15.937189],[-16.512714,15.937061],[-16.512935,15.937324],[-16.513439,15.937291],[-16.513238,15.936216],[-16.512983,15.935974],[-16.512234,15.935778],[-16.511531,15.935154],[-16.510627,15.934777],[-16.510187,15.934266],[-16.510288,15.933859],[-16.51142,15.932725],[-16.511825,15.932607],[-16.511461,15.932005],[-16.511184,15.930808],[-16.510015,15.930493],[-16.509707,15.929794],[-16.509944,15.927355],[-16.510858,15.925603],[-16.510705,15.924504],[-16.510928,15.924157],[-16.511482,15.923896],[-16.51209,15.923807],[-16.512451,15.926758],[-16.513181,15.930089]]]}},{"type":"Feature","properties":{"categorie":"Sol nu"},"geometry":{"type":"Polygon","coordinates":[[[-16.504114,15.934749],[-16.504278,15.934963],[-16.504515,15.934875],[-16.504524,15.9341],[-16.504893,15.933361],[-16.504796,15.932821],[-16.505375,15.930165],[-16.505843,15.929152],[-16.506102,15.926452],[-16.506377,15.926052],[-16.506393,15.925601],[-16.505725,15.92467],[-16.505161,15.922866],[-16.505503,15.921219],[-16.506216,15.920356],[-16.506813,15.915164],[-16.506749,15.914745],[-16.506959,15.914386],[-16.506791,15.914161],[-16.507043,15.913912],[-16.506827,15.913668],[-16.506843,15.912917],[-16.506682,15.912387],[-16.506853,15.912392],[-16.506841,15.911851],[-16.507028,15.911833],[-16.507047,15.91124],[-16.507179,15.91111],[-16.507118,15.908844],[-16.50659,15.907585],[-16.506797,15.907497],[-16.507142,15.908026],[-16.507536,15.907191],[-16.507386,15.904968],[-16.507788,15.904674],[-16.507867,15.904405],[-16.507663,15.904406],[-16.507747,15.903746],[-16.50791,15.903673],[-16.507632,15.902269],[-16.508381,15.902175],[-16.508977,15.903589],[-16.509271,15.903593],[-16.509159,15.902992],[-16.508755,15.902648],[-16.508628,15.902144],[-16.508752,15.901765],[-16.50914,15.901366],[-16.509224,15.900371],[-16.509994,15.899333],[-16.509683,15.898419],[-16.510046,15.897997],[-16.510177,15.895671],[-16.509637,15.894317],[-16.510116,15.893479],[-16.509928,15.892812],[-16.51199,15.890375],[-16.512116,15.888854],[-16.511544,15.887074],[-16.511755,15.886695],[-16.51333,15.885162],[-16.513339,15.884668],[-16.512756,15.883951],[-16.512674,15.883372],[-16.51292,15.882875],[-16.513792,15.882294],[-16.5137,15.881086],[-16.513939,15.880474],[-16.513651,15.879118],[-16.513813,15.878848],[-16.514258,15.87867],[-16.514308,15.880393],[-16.515262,15.884046],[-16.515072,15.887293],[-16.51422,15.890175],[-16.514179,15.890781],[-16.513529,15.892611],[-16.513494,15.893326],[-16.513077,15.894245],[-16.513024,15.89538],[-16.512734,15.896387],[-16.512273,15.897057],[-16.512085,15.897732],[-16.512071,15.898623],[-16.511633,15.900291],[-16.51151,15.902055],[-16.511249,15.902693],[-16.510666,15.903222],[-16.510297,15.903986],[-16.510243,15.905311],[-16.509998,15.905581],[-16.510122,15.906979],[-16.510342,15.907127],[-16.510398,15.90744],[-16.510339,15.908186],[-16.510022,15.908543],[-16.510606,15.909239],[-16.510545,15.910536],[-16.509097,15.913667],[-16.507963,15.917381],[-16.507711,15.919152],[-16.507168,15.92002],[-16.506641,15.923678],[-16.506585,15.925938],[-16.506073,15.930005],[-16.505286,15.933559],[-16.504946,15.934327],[-16.50472,15.935883],[-16.504458,15.936477],[-16.504377,15.937616],[-16.504223,15.938153],[-16.503712,15.938625],[-16.503514,15.93856],[-16.503453,15.938292],[-16.503631,15.936733],[-16.503831,15.936687],[-16.503974,15.935912],[-16.50373,15.935038],[-16.503817,15.934765],[-16.504114,15.934749]]]}},{"type":"Feature","properties":{"categorie":"Sol nu"},"geometry":{"type":"Polygon","coordinates":[[[-16.511497,15.910826],[-16.511412,15.910714],[-16.511489,15.910407],[-16.511497,15.910826]]]}},{"type":"Feature","properties":{"categorie":"Sol nu"},"geometry":{"type":"Polygon","coordinates":[[[-16.509239,15.889777],[-16.509458,15.892607],[-16.508882,15.89483],[-16.508831,15.896016],[-16.509177,15.897353],[-16.508708,15.898064],[-16.508354,15.899197],[-16.508442,15.895694],[-16.508576,15.89488],[-16.508807,15.894607],[-16.508522,15.893886],[-16.508744,15.892348],[-16.509293,15.890898],[-16.509239,15.889777]]]}},{"type":"Feature","properties":{"categorie":"Sol nu"},"geometry":{"type":"Polygon","coordinates":[[[-16.485248,15.896781],[-16.485483,15.895247],[-16.485556,15.892875],[-16.486415,15.892318],[-16.486277,15.891216],[-16.486393,15.890659],[-16.486974,15.890059],[-16.487238,15.889101],[-16.488426,15.889333],[-16.488688,15.889765],[-16.488468,15.890143],[-16.488792,15.890262],[-16.489165,15.890169],[-16.489461,15.890544],[-16.488837,15.891409],[-16.488794,15.892489],[-16.488271,15.893025],[-16.488115,15.89391],[-16.488279,15.894724],[-16.488185,15.895589],[-16.488541,15.896186],[-16.488064,15.896667],[-16.488043,15.897815],[-16.487396,15.897467],[-16.486848,15.897487],[-16.486646,15.897075],[-16.486173,15.896846],[-16.485347,15.896669],[-16.485248,15.896781]]]}},{"type":"Feature","properties":{"categorie":"Sol nu"},"geometry":{"type":"Polygon","coordinates":[[[-16.515532,15.876323],[-16.515475,15.875828],[-16.515727,15.875615],[-16.516058,15.875824],[-16.516041,15.876347],[-16.516266,15.876262],[-16.516538,15.875267],[-16.516518,15.873735],[-16.51686,15.874085],[-16.518448,15.871486],[-16.5189,15.868584],[-16.519107,15.868425],[-16.519109,15.866833],[-16.519578,15.866072],[-16.519717,15.864866],[-16.520131,15.864647],[-16.520631,15.864779],[-16.520517,15.865722],[-16.519701,15.868209],[-16.518984,15.871382],[-16.517979,15.873302],[-16.517436,15.87492],[-16.517293,15.876565],[-16.516803,15.876926],[-16.516426,15.87699],[-16.515532,15.876323]]]}},{"type":"Feature","properties":{"categorie":"Sol nu"},"geometry":{"type":"Polygon","coordinates":[[[-16.475042,15.865629],[-16.474316,15.866014],[-16.473729,15.866117],[-16.472953,15.866014],[-16.472409,15.865647],[-16.473377,15.86527],[-16.474385,15.865155],[-16.474498,15.864133],[-16.475107,15.863044],[-16.475389,15.859508],[-16.476162,15.85925],[-16.476642,15.858406],[-16.47733,15.85935],[-16.477535,15.859286],[-16.47797,15.858686],[-16.47813,15.85761],[-16.478822,15.855246],[-16.478917,15.854197],[-16.479242,15.85386],[-16.479487,15.847731],[-16.480065,15.847727],[-16.480162,15.846913],[-16.480584,15.845871],[-16.480649,15.844569],[-16.481487,15.842927],[-16.482168,15.842913],[-16.483041,15.843504],[-16.483356,15.844451],[-16.483828,15.845171],[-16.484335,15.846794],[-16.484388,15.847715],[-16.48296,15.847816],[-16.482228,15.847242],[-16.481719,15.846595],[-16.481505,15.846624],[-16.481313,15.84723],[-16.481915,15.847868],[-16.482002,15.848202],[-16.481234,15.849237],[-16.481153,15.849654],[-16.481587,15.850292],[-16.48177,15.851068],[-16.483183,15.852227],[-16.48438,15.854214],[-16.485391,15.855324],[-16.484534,15.855458],[-16.482833,15.854691],[-16.482524,15.854704],[-16.481229,15.856749],[-16.481213,15.85917],[-16.480909,15.859669],[-16.479379,15.861126],[-16.478935,15.861744],[-16.478043,15.864931],[-16.476357,15.866804],[-16.475042,15.865629]]]}},{"type":"Feature","properties":{"categorie":"Sol nu"},"geometry":{"type":"Polygon","coordinates":[[[-16.503803,15.842964],[-16.502596,15.842909],[-16.50234,15.842716],[-16.502254,15.841533],[-16.502371,15.841265],[-16.502936,15.840955],[-16.505156,15.841258],[-16.505887,15.841724],[-16.505632,15.842103],[-16.504529,15.842218],[-16.503803,15.842964]]]}},{"type":"Feature","properties":{"categorie":"Savane"},"geometry":{"type":"Polygon","coordinates":[[[-16.496293,15.868733],[-16.49585,15.868911],[-16.495661,15.8685],[-16.494965,15.867795],[-16.495239,15.866941],[-16.495663,15.866666],[-16.496308,15.866526],[-16.49626,15.866301],[-16.495855,15.86598],[-16.496016,15.865639],[-16.496884,15.866127],[-16.496825,15.866459],[-16.497146,15.866799],[-16.497133,15.867],[-16.496653,15.86694],[-16.496187,15.867351],[-16.496233,15.867595],[-16.496731,15.867289],[-16.497066,15.867556],[-16.497052,15.867796],[-16.496587,15.867913],[-16.4965,15.868084],[-16.496528,15.868247],[-16.496844,15.868381],[-16.497048,15.869235],[-16.49705,15.869784],[-16.496721,15.870081],[-16.496404,15.870091],[-16.49624,15.869927],[-16.496573,15.869145],[-16.496293,15.868733]]]}},{"type":"Feature","properties":{"categorie":"Steppe"},"geometry":{"type":"MultiPolygon","coordinates":[[[[-16.512888,15.941895],[-16.512794,15.941632],[-16.513204,15.940782],[-16.513573,15.940603],[-16.513822,15.94122],[-16.513312,15.94121],[-16.512888,15.941895]]],[[[-16.511564,15.944234],[-16.512,15.94312],[-16.512912,15.942054],[-16.51337,15.942656],[-16.513743,15.942653],[-16.513969,15.942262],[-16.513916,15.942805],[-16.514072,15.943406],[-16.511564,15.944234]]]]}},{"type":"Feature","properties":{"categorie":"Steppe"},"geometry":{"type":"Polygon","coordinates":[[[-16.478285,15.944056],[-16.478346,15.943396],[-16.478033,15.942784],[-16.479382,15.94165],[-16.480002,15.93955],[-16.480141,15.939814],[-16.480186,15.939633],[-16.480092,15.939453],[-16.480006,15.939537],[-16.480114,15.937437],[-16.479358,15.934948],[-16.480307,15.934435],[-16.480647,15.933592],[-16.480744,15.93163],[-16.480435,15.928966],[-16.480879,15.924499],[-16.48093,15.921281],[-16.480782,15.918959],[-16.480971,15.917927],[-16.481653,15.916694],[-16.481785,15.915608],[-16.481451,15.914652],[-16.481029,15.914366],[-16.47969,15.913969],[-16.479407,15.913591],[-16.479367,15.913175],[-16.479699,15.912604],[-16.481216,15.911879],[-16.482833,15.91072],[-16.483082,15.910357],[-16.48304,15.90968],[-16.481973,15.908096],[-16.481763,15.907492],[-16.481992,15.904364],[-16.482316,15.904018],[-16.484629,15.90346],[-16.484878,15.90316],[-16.484689,15.9028],[-16.483422,15.901904],[-16.483184,15.901282],[-16.483395,15.900874],[-16.484604,15.90008],[-16.484972,15.899408],[-16.48496,15.898948],[-16.484677,15.89866],[-16.484257,15.898582],[-16.482928,15.899027],[-16.481838,15.896113],[-16.482056,15.895367],[-16.483174,15.894929],[-16.484479,15.897116],[-16.484818,15.897475],[-16.485138,15.897563],[-16.485145,15.898177],[-16.485413,15.898544],[-16.486326,15.898305],[-16.486346,15.902101],[-16.486715,15.903942],[-16.486715,15.906473],[-16.485574,15.911425],[-16.484447,15.914415],[-16.484496,15.915969],[-16.484064,15.918168],[-16.484315,15.919233],[-16.485694,15.92142],[-16.485881,15.922639],[-16.485579,15.923544],[-16.484154,15.925308],[-16.483981,15.925878],[-16.483977,15.926728],[-16.483151,15.92742],[-16.483051,15.927819],[-16.482524,15.928509],[-16.482701,15.931048],[-16.482392,15.932197],[-16.483054,15.933259],[-16.482828,15.934291],[-16.483105,15.935076],[-16.482523,15.935974],[-16.482683,15.936974],[-16.482127,15.937185],[-16.482101,15.93774],[-16.482275,15.938532],[-16.482287,15.940901],[-16.4828,15.942203],[-16.483251,15.942628],[-16.483156,15.943354],[-16.482659,15.944397],[-16.481586,15.945365],[-16.481374,15.945281],[-16.480479,15.946167],[-16.478805,15.946858],[-16.477977,15.947595],[-16.477776,15.946733],[-16.477234,15.945898],[-16.478285,15.944056]],[[-16.482455,15.930579],[-16.482549,15.930579],[-16.482501,15.930489],[-16.482455,15.930579]],[[-16.482231,15.931846],[-16.482232,15.931936],[-16.482278,15.931891],[-16.482231,15.931846]],[[-16.482326,15.932117],[-16.482327,15.932207],[-16.482373,15.932161],[-16.482326,15.932117]],[[-16.482311,15.933179],[-16.482193,15.932976],[-16.482379,15.932884],[-16.482238,15.93284],[-16.482006,15.933068],[-16.482311,15.933179]],[[-16.480136,15.939181],[-16.480277,15.93918],[-16.480229,15.93909],[-16.480136,15.939181]],[[-16.482207,15.941246],[-16.482207,15.941336],[-16.482254,15.941291],[-16.482207,15.941246]]]}},{"type":"Feature","properties":{"categorie":"Steppe"},"geometry":{"type":"Polygon","coordinates":[[[-16.512557,15.937934],[-16.513677,15.938476],[-16.51395,15.939405],[-16.513776,15.939456],[-16.513013,15.939067],[-16.512343,15.938266],[-16.512308,15.938025],[-16.512557,15.937934]]]}},{"type":"Feature","properties":{"categorie":"Steppe"},"geometry":{"type":"MultiPolygon","coordinates":[[[[-16.506102,15.926973],[-16.506081,15.926687],[-16.506082,15.926683],[-16.506102,15.926973]]],[[[-16.505982,15.927915],[-16.505979,15.928365],[-16.505941,15.928482],[-16.505982,15.927915]]],[[[-16.505056,15.931934],[-16.5052,15.930693],[-16.505375,15.930165],[-16.505056,15.931934]]],[[[-16.504813,15.933223],[-16.504839,15.932322],[-16.50505,15.931999],[-16.504813,15.933223]]],[[[-16.503957,15.925657],[-16.504498,15.924426],[-16.504078,15.92305],[-16.503943,15.921781],[-16.503606,15.921559],[-16.503383,15.922235],[-16.502983,15.922735],[-16.503341,15.924429],[-16.502949,15.92512],[-16.502976,15.926751],[-16.502859,15.928225],[-16.502731,15.928664],[-16.502654,15.927457],[-16.502376,15.92764],[-16.502047,15.927461],[-16.501059,15.926474],[-16.500828,15.926747],[-16.500901,15.927114],[-16.500527,15.926532],[-16.500574,15.925239],[-16.500333,15.924301],[-16.500022,15.923869],[-16.499479,15.923665],[-16.499318,15.92344],[-16.499631,15.922751],[-16.499718,15.92201],[-16.499322,15.918985],[-16.499199,15.918778],[-16.499013,15.918797],[-16.498451,15.919849],[-16.498077,15.919861],[-16.49762,15.918662],[-16.49742,15.915663],[-16.49715,15.914436],[-16.496932,15.914094],[-16.496523,15.914268],[-16.496191,15.914876],[-16.496102,15.915446],[-16.496451,15.917125],[-16.496549,15.919085],[-16.497108,15.921368],[-16.497107,15.922507],[-16.496837,15.922644],[-16.496339,15.922295],[-16.495764,15.92276],[-16.495022,15.922259],[-16.493891,15.92214],[-16.493237,15.920862],[-16.492939,15.919743],[-16.492971,15.919029],[-16.493237,15.918376],[-16.494782,15.916296],[-16.495224,15.914142],[-16.494833,15.909372],[-16.494177,15.907795],[-16.494482,15.906103],[-16.494052,15.904705],[-16.493855,15.903378],[-16.493952,15.902555],[-16.494782,15.899856],[-16.494657,15.899459],[-16.49416,15.899164],[-16.494679,15.898564],[-16.495099,15.898498],[-16.495708,15.898765],[-16.495879,15.898687],[-16.496398,15.89989],[-16.496811,15.900249],[-16.497265,15.901481],[-16.498076,15.902602],[-16.498628,15.903862],[-16.4999,15.905316],[-16.50037,15.905453],[-16.501059,15.905347],[-16.501584,15.905074],[-16.502011,15.904562],[-16.502398,15.904605],[-16.502575,15.904818],[-16.502667,15.905989],[-16.503118,15.90682],[-16.50317,15.908525],[-16.502643,15.909135],[-16.500952,15.909421],[-16.500558,15.9098],[-16.500432,15.910178],[-16.501523,15.912442],[-16.501945,15.916728],[-16.502474,15.919073],[-16.50278,15.918844],[-16.50328,15.919247],[-16.503649,15.919137],[-16.503986,15.919493],[-16.504063,15.919959],[-16.504935,15.92012],[-16.505375,15.921582],[-16.505167,15.922442],[-16.505229,15.923246],[-16.505725,15.92467],[-16.506393,15.925601],[-16.506377,15.926052],[-16.506102,15.926452],[-16.505958,15.925807],[-16.506049,15.925535],[-16.505578,15.924951],[-16.50567,15.92477],[-16.505147,15.923553],[-16.505009,15.92378],[-16.505198,15.924095],[-16.505201,15.924502],[-16.504828,15.92464],[-16.504553,15.92532],[-16.50521,15.925677],[-16.504839,15.926086],[-16.50503,15.926672],[-16.504614,15.927263],[-16.504473,15.927128],[-16.504565,15.926901],[-16.504378,15.926903],[-16.504221,15.927467],[-16.503957,15.925657]]],[[[-16.504239,15.927532],[-16.504243,15.927536],[-16.504244,15.927552],[-16.504239,15.927532]]],[[[-16.502682,15.931153],[-16.503302,15.931691],[-16.503247,15.931845],[-16.501947,15.931619],[-16.501183,15.93176],[-16.501326,15.930928],[-16.500552,15.928583],[-16.50084,15.928048],[-16.500747,15.928419],[-16.500892,15.929096],[-16.501882,15.930354],[-16.501653,15.930898],[-16.501747,15.930988],[-16.502071,15.930715],[-16.502601,15.929967],[-16.502682,15.931153]]],[[[-16.504111,15.931134],[-16.504177,15.931242],[-16.504197,15.931405],[-16.504111,15.931134]]],[[[-16.503178,15.932605],[-16.503449,15.932513],[-16.503861,15.932647],[-16.503909,15.932871],[-16.504142,15.932869],[-16.503866,15.933368],[-16.504148,15.933638],[-16.503964,15.934],[-16.504245,15.934134],[-16.504243,15.933772],[-16.504382,15.933681],[-16.504522,15.933725],[-16.504479,15.934132],[-16.504571,15.933951],[-16.504714,15.93376],[-16.504524,15.9341],[-16.504515,15.934875],[-16.504278,15.934963],[-16.504114,15.934749],[-16.503817,15.934765],[-16.50373,15.935038],[-16.503974,15.935912],[-16.503831,15.936687],[-16.503631,15.936733],[-16.503178,15.932605]]]]}},{"type":"Feature","properties":{"categorie":"Steppe"},"geometry":{"type":"MultiPolygon","coordinates":[[[[-16.458582,15.897166],[-16.458611,15.897205],[-16.458537,15.897123],[-16.458582,15.897166]]],[[[-16.462832,15.90247],[-16.464233,15.904729],[-16.464707,15.905748],[-16.464405,15.90575],[-16.462832,15.90247]]]]}},{"type":"Feature","properties":{"categorie":"Steppe"},"geometry":{"type":"Polygon","coordinates":[[[-16.452777,15.890679],[-16.448577,15.887435],[-16.451264,15.885999],[-16.451705,15.886285],[-16.451402,15.886929],[-16.451591,15.887235],[-16.452884,15.886562],[-16.453728,15.886341],[-16.454364,15.886193],[-16.454752,15.886463],[-16.455597,15.888523],[-16.455437,15.888984],[-16.454748,15.890107],[-16.453405,15.891381],[-16.452777,15.890679]]]}},{"type":"Feature","properties":{"categorie":"Steppe"},"geometry":{"type":"Polygon","coordinates":[[[-16.51656,15.873692],[-16.516673,15.868084],[-16.516892,15.867594],[-16.517216,15.867391],[-16.517394,15.867419],[-16.517176,15.867922],[-16.51728,15.867965],[-16.519109,15.866833],[-16.519107,15.868425],[-16.5189,15.868584],[-16.518448,15.871486],[-16.51686,15.874085],[-16.51656,15.873692]]]}},{"type":"Feature","properties":{"categorie":"Tanne"},"geometry":{"type":"Polygon","coordinates":[[[-16.480455,15.894449],[-16.480438,15.894074],[-16.479424,15.892778],[-16.479308,15.892153],[-16.479611,15.892033],[-16.480355,15.892458],[-16.481132,15.890032],[-16.481409,15.889786],[-16.481877,15.889761],[-16.482425,15.89009],[-16.482891,15.890766],[-16.482955,15.891424],[-16.482777,15.892685],[-16.481988,15.893869],[-16.481042,15.894507],[-16.480879,15.894448],[-16.480642,15.894641],[-16.480455,15.894449]]]}},{"type":"Feature","properties":{"categorie":"Tanne"},"geometry":{"type":"Polygon","coordinates":[[[-16.464405,15.90575],[-16.464707,15.905748],[-16.462576,15.901947],[-16.463144,15.901943],[-16.464086,15.902248],[-16.464632,15.902603],[-16.465431,15.903745],[-16.466892,15.90419],[-16.467607,15.903994],[-16.468365,15.902817],[-16.468735,15.902766],[-16.468983,15.902956],[-16.468913,15.903411],[-16.467687,15.904782],[-16.467615,15.905117],[-16.467765,15.905332],[-16.468136,15.905305],[-16.46826,15.905472],[-16.468214,15.905879],[-16.467206,15.906603],[-16.46652,15.907444],[-16.465756,15.907665],[-16.465384,15.907596],[-16.464405,15.90575]]]}},{"type":"Feature","properties":{"categorie":"Tanne"},"geometry":{"type":"Polygon","coordinates":[[[-16.479308,15.925419],[-16.47895,15.926212],[-16.478629,15.926469],[-16.477101,15.924809],[-16.476454,15.924687],[-16.475919,15.923775],[-16.475425,15.921672],[-16.476013,15.92014],[-16.475728,15.919055],[-16.475897,15.91764],[-16.475867,15.916104],[-16.475715,15.915762],[-16.474915,15.915071],[-16.474637,15.914527],[-16.475198,15.913033],[-16.475975,15.912649],[-16.477141,15.911683],[-16.477682,15.910646],[-16.477665,15.910147],[-16.478615,15.910044],[-16.478499,15.909666],[-16.479098,15.908932],[-16.478949,15.907537],[-16.479263,15.907168],[-16.479854,15.906916],[-16.480218,15.906301],[-16.480208,15.904856],[-16.48005,15.90485],[-16.479614,15.905876],[-16.479251,15.906156],[-16.478325,15.90579],[-16.477283,15.90561],[-16.476992,15.905199],[-16.477389,15.904592],[-16.477389,15.903731],[-16.476846,15.903128],[-16.476277,15.903084],[-16.474132,15.904376],[-16.473527,15.904135],[-16.473401,15.904248],[-16.474298,15.905246],[-16.474334,15.906857],[-16.474063,15.906931],[-16.47354,15.906408],[-16.47284,15.905265],[-16.471919,15.904363],[-16.471741,15.903671],[-16.470921,15.903078],[-16.469462,15.902645],[-16.468866,15.902266],[-16.468153,15.902376],[-16.468182,15.902189],[-16.467928,15.901929],[-16.467133,15.901745],[-16.465383,15.900785],[-16.464584,15.899623],[-16.464017,15.897048],[-16.464292,15.896368],[-16.46563,15.895392],[-16.46625,15.894665],[-16.466609,15.893885],[-16.466796,15.8927],[-16.467181,15.891703],[-16.468503,15.891043],[-16.470499,15.889448],[-16.470968,15.888514],[-16.47112,15.887555],[-16.47149,15.887064],[-16.471946,15.886835],[-16.473216,15.886763],[-16.473694,15.887031],[-16.474259,15.88776],[-16.474385,15.888301],[-16.474305,15.888817],[-16.474045,15.889135],[-16.47331,15.889483],[-16.472161,15.89072],[-16.471621,15.892251],[-16.470421,15.892811],[-16.470127,15.893527],[-16.4703,15.894167],[-16.471489,15.895831],[-16.471889,15.896976],[-16.471633,15.897656],[-16.470264,15.898298],[-16.470279,15.899043],[-16.470543,15.899335],[-16.470954,15.899432],[-16.471971,15.899235],[-16.472436,15.898943],[-16.473006,15.897764],[-16.473566,15.895076],[-16.474764,15.892863],[-16.476362,15.887935],[-16.476997,15.88672],[-16.477708,15.886424],[-16.478281,15.88468],[-16.478529,15.88336],[-16.479384,15.88248],[-16.479847,15.882342],[-16.480249,15.881862],[-16.480146,15.881606],[-16.480277,15.880283],[-16.481692,15.877786],[-16.483487,15.87665],[-16.483759,15.876648],[-16.483727,15.879904],[-16.482936,15.881437],[-16.482406,15.883113],[-16.482137,15.883386],[-16.481504,15.883598],[-16.481245,15.883934],[-16.481229,15.884282],[-16.481968,15.884462],[-16.483655,15.882779],[-16.485154,15.88209],[-16.485602,15.882142],[-16.486271,15.882941],[-16.486973,15.888215],[-16.486716,15.888876],[-16.485959,15.889993],[-16.485725,15.89004],[-16.485143,15.88961],[-16.484774,15.889622],[-16.484031,15.890802],[-16.483997,15.891263],[-16.484149,15.891569],[-16.485227,15.892158],[-16.485548,15.892635],[-16.485483,15.895247],[-16.485108,15.897546],[-16.484818,15.897475],[-16.484479,15.897116],[-16.483174,15.894929],[-16.482056,15.895367],[-16.481838,15.896113],[-16.482928,15.899027],[-16.484257,15.898582],[-16.484677,15.89866],[-16.48496,15.898948],[-16.484972,15.899408],[-16.484604,15.90008],[-16.483395,15.900874],[-16.483184,15.901282],[-16.483422,15.901904],[-16.484689,15.9028],[-16.484878,15.90316],[-16.484629,15.90346],[-16.482316,15.904018],[-16.481992,15.904364],[-16.481763,15.907492],[-16.481973,15.908096],[-16.48304,15.90968],[-16.483082,15.910357],[-16.482833,15.91072],[-16.481216,15.911879],[-16.479699,15.912604],[-16.479367,15.913175],[-16.479407,15.913591],[-16.47969,15.913969],[-16.481029,15.914366],[-16.481451,15.914652],[-16.481785,15.915608],[-16.481653,15.916694],[-16.480971,15.917927],[-16.480782,15.918959],[-16.48093,15.921281],[-16.480879,15.924499],[-16.480451,15.928623],[-16.480544,15.929986],[-16.479947,15.929417],[-16.479445,15.927783],[-16.479266,15.92683],[-16.479646,15.925902],[-16.479308,15.925419]],[[-16.475194,15.902835],[-16.476205,15.902682],[-16.477337,15.902098],[-16.477506,15.898813],[-16.477785,15.898372],[-16.478353,15.896376],[-16.479414,15.895224],[-16.480116,15.894945],[-16.4806,15.89526],[-16.481268,15.895401],[-16.481864,15.895044],[-16.482553,15.895],[-16.482853,15.894642],[-16.483204,15.894651],[-16.483718,15.89555],[-16.484444,15.896132],[-16.484505,15.896875],[-16.484871,15.896932],[-16.484951,15.894355],[-16.48465,15.893639],[-16.484092,15.893109],[-16.483501,15.892045],[-16.482894,15.890089],[-16.482404,15.889122],[-16.48212,15.888994],[-16.482733,15.887095],[-16.483587,15.885371],[-16.483321,15.884728],[-16.482551,15.885082],[-16.480826,15.884729],[-16.480014,15.886139],[-16.479436,15.886738],[-16.479431,15.88742],[-16.479737,15.887894],[-16.479818,15.888461],[-16.479596,15.889153],[-16.479109,15.889809],[-16.478993,15.890345],[-16.47864,15.890835],[-16.477095,15.891486],[-16.476652,15.892197],[-16.476372,15.893259],[-16.476446,15.893695],[-16.47745,15.894585],[-16.47776,15.894601],[-16.477885,15.895324],[-16.477551,15.896213],[-16.476947,15.896772],[-16.477086,15.897654],[-16.475993,15.899017],[-16.475795,15.89952],[-16.475331,15.89989],[-16.474466,15.900237],[-16.473667,15.900028],[-16.473265,15.900265],[-16.473151,15.900653],[-16.472765,15.900621],[-16.472569,15.900349],[-16.472146,15.900322],[-16.472413,15.900701],[-16.472878,15.900947],[-16.473116,15.900977],[-16.473419,15.900771],[-16.473902,15.900844],[-16.474595,15.901499],[-16.475459,15.901307],[-16.475612,15.901524],[-16.475503,15.901812],[-16.474923,15.902474],[-16.475194,15.902835]],[[-16.466776,15.900529],[-16.466993,15.899762],[-16.467937,15.89986],[-16.468115,15.899993],[-16.468106,15.900367],[-16.469663,15.900513],[-16.469651,15.900121],[-16.468574,15.899632],[-16.468508,15.899312],[-16.468007,15.899231],[-16.46773,15.898797],[-16.467381,15.898683],[-16.467524,15.897941],[-16.469122,15.89683],[-16.469587,15.896229],[-16.469727,15.895152],[-16.469495,15.893767],[-16.469785,15.892928],[-16.470843,15.892299],[-16.471358,15.891793],[-16.471722,15.890906],[-16.472995,15.889224],[-16.473212,15.888505],[-16.47296,15.887861],[-16.472683,15.887579],[-16.472145,15.887553],[-16.471679,15.887902],[-16.471401,15.888495],[-16.471341,15.889864],[-16.470657,15.890683],[-16.468855,15.892262],[-16.468317,15.893008],[-16.468291,15.894609],[-16.46771,15.895727],[-16.466599,15.896883],[-16.466135,15.897956],[-16.466169,15.900662],[-16.466481,15.900855],[-16.466776,15.900529]]]}},{"type":"Feature","properties":{"categorie":"Tanne"},"geometry":{"type":"Polygon","coordinates":[[[-16.467872,15.913218],[-16.468308,15.910169],[-16.468325,15.909093],[-16.468665,15.908229],[-16.469034,15.906085],[-16.469468,15.90566],[-16.469194,15.906557],[-16.469494,15.907965],[-16.469514,15.909374],[-16.468828,15.911377],[-16.469,15.913273],[-16.468346,15.914564],[-16.467872,15.913218]]]}},{"type":"Feature","properties":{"categorie":"Vasière"},"geometry":{"type":"Polygon","coordinates":[[[-16.499094,15.942367],[-16.497292,15.94269],[-16.496822,15.942693],[-16.496648,15.942503],[-16.497231,15.941232],[-16.497747,15.940702],[-16.497766,15.940056],[-16.498018,15.939944],[-16.498337,15.941723],[-16.498462,15.941866],[-16.4994,15.94174],[-16.500143,15.945226],[-16.499947,15.945562],[-16.499485,15.945306],[-16.499831,15.945159],[-16.499828,15.944801],[-16.499094,15.942367]]]}},{"type":"Feature","properties":{"categorie":"Vasière"},"geometry":{"type":"Polygon","coordinates":[[[-16.498418,15.946648],[-16.497989,15.94653],[-16.497194,15.947031],[-16.496156,15.947356],[-16.496061,15.945586],[-16.497012,15.945026],[-16.497678,15.94483],[-16.49842,15.944849],[-16.498859,15.945078],[-16.497226,15.94527],[-16.497179,15.945581],[-16.498318,15.945765],[-16.498665,15.946001],[-16.498735,15.946549],[-16.498418,15.946648]]]}},{"type":"Feature","properties":{"categorie":"Vasière"},"geometry":{"type":"Polygon","coordinates":[[[-16.483168,15.948654],[-16.483292,15.948319],[-16.48364,15.948616],[-16.483168,15.948654]]]}},{"type":"Feature","properties":{"categorie":"Cours d'eau"},"geometry":{"type":"MultiPolygon","coordinates":[[[[-16.519228,15.874539],[-16.515452,15.887992],[-16.515168,15.892012],[-16.514409,15.895278],[-16.514418,15.896415],[-16.513186,15.899305],[-16.512113,15.902573],[-16.511454,15.908643],[-16.5117,15.920622],[-16.51209,15.923807],[-16.511125,15.924036],[-16.510731,15.924434],[-16.510665,15.924765],[-16.510858,15.925603],[-16.509944,15.927355],[-16.50971,15.929847],[-16.510053,15.930519],[-16.511184,15.930808],[-16.511461,15.932005],[-16.511825,15.932594],[-16.51142,15.932725],[-16.510288,15.933859],[-16.510248,15.934415],[-16.510627,15.934777],[-16.511663,15.935232],[-16.512234,15.935778],[-16.513003,15.935983],[-16.513247,15.936238],[-16.513439,15.937291],[-16.512935,15.937324],[-16.512735,15.937064],[-16.512427,15.937189],[-16.511943,15.937037],[-16.511762,15.937278],[-16.51216,15.93827],[-16.512821,15.938767],[-16.512834,15.939226],[-16.513327,15.939696],[-16.5133,15.940012],[-16.513554,15.940312],[-16.513022,15.940473],[-16.51268,15.940346],[-16.512572,15.941839],[-16.511564,15.944234],[-16.507654,15.945526],[-16.503328,15.945756],[-16.502812,15.94349],[-16.502493,15.940915],[-16.501847,15.940422],[-16.50162,15.94051],[-16.501564,15.940979],[-16.501184,15.941727],[-16.501386,15.942722],[-16.501925,15.943613],[-16.502131,15.945003],[-16.501913,15.945831],[-16.501226,15.945867],[-16.501406,15.944186],[-16.50091,15.944081],[-16.500583,15.942781],[-16.500811,15.940855],[-16.500475,15.939673],[-16.500543,15.93867],[-16.500274,15.937704],[-16.500488,15.93632],[-16.500416,15.935444],[-16.500015,15.934227],[-16.499332,15.932885],[-16.498392,15.932024],[-16.498394,15.932376],[-16.497784,15.933212],[-16.497703,15.933565],[-16.498111,15.934421],[-16.498196,15.935063],[-16.498055,15.934681],[-16.4977,15.934775],[-16.497318,15.936959],[-16.496851,15.938008],[-16.495656,15.943862],[-16.496098,15.945796],[-16.496156,15.947356],[-16.494699,15.947813],[-16.493923,15.947862],[-16.494245,15.946043],[-16.493894,15.945033],[-16.493665,15.94329],[-16.494028,15.941842],[-16.493586,15.938998],[-16.492974,15.937804],[-16.49286,15.937021],[-16.492874,15.936076],[-16.493219,15.935049],[-16.492759,15.933309],[-16.492307,15.932721],[-16.492363,15.931808],[-16.492069,15.930999],[-16.492197,15.930494],[-16.492578,15.930202],[-16.492546,15.929769],[-16.491945,15.929294],[-16.490795,15.927838],[-16.490438,15.927587],[-16.489456,15.927467],[-16.486479,15.926485],[-16.485768,15.92639],[-16.485293,15.926574],[-16.484601,15.927627],[-16.484591,15.92892],[-16.484853,15.930183],[-16.48485,15.931123],[-16.484704,15.931594],[-16.484083,15.932168],[-16.483956,15.932702],[-16.484338,15.933901],[-16.485583,15.935547],[-16.485568,15.935972],[-16.485172,15.936779],[-16.485085,15.937602],[-16.485224,15.938694],[-16.485635,15.939957],[-16.484722,15.942927],[-16.484454,15.94452],[-16.483168,15.948654],[-16.481663,15.948777],[-16.482228,15.947952],[-16.482426,15.946938],[-16.482263,15.946415],[-16.481503,15.945941],[-16.481454,15.945598],[-16.482844,15.944124],[-16.483156,15.943354],[-16.48348,15.941626],[-16.484351,15.940671],[-16.484616,15.939928],[-16.48435,15.939252],[-16.482755,15.937121],[-16.482497,15.936273],[-16.482559,15.935848],[-16.483105,15.935076],[-16.482828,15.934291],[-16.483054,15.933259],[-16.482392,15.932197],[-16.482701,15.931048],[-16.482508,15.928862],[-16.482588,15.928301],[-16.483051,15.927819],[-16.483151,15.92742],[-16.483765,15.927],[-16.484226,15.926274],[-16.484775,15.925972],[-16.4853,15.924911],[-16.485709,15.92461],[-16.486391,15.924632],[-16.487913,15.925941],[-16.48823,15.925822],[-16.490549,15.923646],[-16.491221,15.923596],[-16.491608,15.924144],[-16.491991,15.924115],[-16.493013,15.923394],[-16.493281,15.922985],[-16.49322,15.922398],[-16.49256,15.921481],[-16.492782,15.921253],[-16.493362,15.921376],[-16.493891,15.92214],[-16.49402,15.923179],[-16.493837,15.923677],[-16.493484,15.923996],[-16.493618,15.924311],[-16.494572,15.924594],[-16.495915,15.924323],[-16.497018,15.92445],[-16.497459,15.924673],[-16.497996,15.925257],[-16.499204,15.925637],[-16.500687,15.926693],[-16.500926,15.927379],[-16.500883,15.927921],[-16.500552,15.928583],[-16.501326,15.930928],[-16.501183,15.93176],[-16.501947,15.931619],[-16.502687,15.931831],[-16.503322,15.931763],[-16.502729,15.931252],[-16.502585,15.930666],[-16.502656,15.930195],[-16.502912,15.930013],[-16.50303,15.929036],[-16.503633,15.92864],[-16.503328,15.927456],[-16.503598,15.926555],[-16.503565,15.927512],[-16.503976,15.928198],[-16.504029,15.928666],[-16.503777,15.929443],[-16.503806,15.930686],[-16.503878,15.931039],[-16.504111,15.931134],[-16.504227,15.931649],[-16.503861,15.932647],[-16.503355,15.932495],[-16.503151,15.932677],[-16.503614,15.935855],[-16.503474,15.938483],[-16.50385,15.938567],[-16.504223,15.938153],[-16.504946,15.934327],[-16.505286,15.933559],[-16.506073,15.930005],[-16.506585,15.925938],[-16.506641,15.923678],[-16.507168,15.92002],[-16.507711,15.919152],[-16.507963,15.917381],[-16.509097,15.913667],[-16.510545,15.910536],[-16.510606,15.909239],[-16.510022,15.908543],[-16.510339,15.908186],[-16.510398,15.90744],[-16.510342,15.907127],[-16.510122,15.906979],[-16.509998,15.905581],[-16.510243,15.905311],[-16.510297,15.903986],[-16.510666,15.903222],[-16.511249,15.902693],[-16.51151,15.902055],[-16.511633,15.900291],[-16.512071,15.898623],[-16.512085,15.897732],[-16.512273,15.897057],[-16.512734,15.896387],[-16.513024,15.89538],[-16.513077,15.894245],[-16.513512,15.893263],[-16.513529,15.892611],[-16.514179,15.890781],[-16.51422,15.890175],[-16.515088,15.887192],[-16.515262,15.884046],[-16.514308,15.880393],[-16.514348,15.878769],[-16.514196,15.878673],[-16.513813,15.878848],[-16.513651,15.879118],[-16.513939,15.880474],[-16.5137,15.881086],[-16.513792,15.882294],[-16.51292,15.882875],[-16.512674,15.883372],[-16.512756,15.883951],[-16.513339,15.884668],[-16.51333,15.885162],[-16.511755,15.886695],[-16.511544,15.887074],[-16.512116,15.888854],[-16.51199,15.890375],[-16.509928,15.892812],[-16.510116,15.893479],[-16.509637,15.894317],[-16.510177,15.895671],[-16.510046,15.897997],[-16.509683,15.898419],[-16.509998,15.899291],[-16.509224,15.900371],[-16.50914,15.901366],[-16.50865,15.901991],[-16.508704,15.902553],[-16.509127,15.902939],[-16.509254,15.903328],[-16.509264,15.903605],[-16.508977,15.903589],[-16.508606,15.902943],[-16.508282,15.901836],[-16.508449,15.900419],[-16.508342,15.900091],[-16.508578,15.899796],[-16.508354,15.899197],[-16.508708,15.898064],[-16.509177,15.897353],[-16.508831,15.896016],[-16.508882,15.89483],[-16.509458,15.892607],[-16.509239,15.889777],[-16.510194,15.886463],[-16.510025,15.882502],[-16.510112,15.880399],[-16.510552,15.878055],[-16.510451,15.875824],[-16.510533,15.874543],[-16.510744,15.873806],[-16.510782,15.872667],[-16.511814,15.870816],[-16.511714,15.869913],[-16.512338,15.868418],[-16.512641,15.865171],[-16.513552,15.863411],[-16.513507,15.862381],[-16.513962,15.860751],[-16.514013,15.857606],[-16.514392,15.854621],[-16.514273,15.851232],[-16.514818,15.847912],[-16.51533,15.84639],[-16.515293,15.845278],[-16.515615,15.844517],[-16.515378,15.844085],[-16.515154,15.84414],[-16.51472,15.844722],[-16.514194,15.846849],[-16.513417,15.84775],[-16.513685,15.848633],[-16.513594,15.849077],[-16.513037,15.849397],[-16.512825,15.84976],[-16.51308,15.850174],[-16.513451,15.849855],[-16.513854,15.850015],[-16.513696,15.851489],[-16.513768,15.852347],[-16.513318,15.853309],[-16.5134,15.854338],[-16.512737,15.8555],[-16.512721,15.857181],[-16.512406,15.857427],[-16.512048,15.857122],[-16.511872,15.857214],[-16.511912,15.857575],[-16.512408,15.857798],[-16.512438,15.858051],[-16.512179,15.858333],[-16.511685,15.858426],[-16.511407,15.858808],[-16.511748,15.85942],[-16.511867,15.860296],[-16.511658,15.861093],[-16.511915,15.861724],[-16.511816,15.862203],[-16.511602,15.862431],[-16.511248,15.862424],[-16.510975,15.862227],[-16.510662,15.86157],[-16.510279,15.861554],[-16.510505,15.863071],[-16.510106,15.864664],[-16.510248,15.864889],[-16.511204,15.86538],[-16.511384,15.865668],[-16.51104,15.867089],[-16.511236,15.8696],[-16.511475,15.870448],[-16.511216,15.870721],[-16.510638,15.870816],[-16.510048,15.870389],[-16.51001,15.868045],[-16.510575,15.866143],[-16.510394,15.865602],[-16.509962,15.865289],[-16.509665,15.865562],[-16.509106,15.865738],[-16.509007,15.866181],[-16.509125,15.866654],[-16.508616,15.867684],[-16.508697,15.868488],[-16.50899,15.86909],[-16.509098,15.870971],[-16.509055,15.871378],[-16.508869,15.87156],[-16.508598,15.871553],[-16.508207,15.870911],[-16.50835,15.87075],[-16.508059,15.869397],[-16.508238,15.868311],[-16.50804,15.866821],[-16.508287,15.866105],[-16.508385,15.864216],[-16.507918,15.862981],[-16.507808,15.860731],[-16.508134,15.859364],[-16.508468,15.859081],[-16.50939,15.85875],[-16.50972,15.857862],[-16.510145,15.857271],[-16.51033,15.855797],[-16.5107,15.855342],[-16.511277,15.855139],[-16.511432,15.854551],[-16.511913,15.85396],[-16.51192,15.853644],[-16.511389,15.852617],[-16.511719,15.851684],[-16.511202,15.851263],[-16.511124,15.850893],[-16.511364,15.850421],[-16.512032,15.849965],[-16.512387,15.848634],[-16.51225,15.847776],[-16.513155,15.846423],[-16.5133,15.844402],[-16.514128,15.843397],[-16.515363,15.843287],[-16.51629,15.842433],[-16.515842,15.841262],[-16.516159,15.839904],[-16.515868,15.838424],[-16.51606,15.836588],[-16.516479,15.835229],[-16.518365,15.831492],[-16.5183,15.830291],[-16.518476,15.829557],[-16.519435,15.827336],[-16.520124,15.824575],[-16.520621,15.819818],[-16.520873,15.81865],[-16.522664,15.814643],[-16.523087,15.812615],[-16.524321,15.810284],[-16.526267,15.804703],[-16.52826,15.800324],[-16.529111,15.797704],[-16.532568,15.799881],[-16.532762,15.80068],[-16.532557,15.800754],[-16.532192,15.80054],[-16.532043,15.800667],[-16.531334,15.801947],[-16.53108,15.802979],[-16.530448,15.804475],[-16.530462,15.805188],[-16.531275,15.807759],[-16.530821,15.808223],[-16.52988,15.8085],[-16.529253,15.808288],[-16.528993,15.80847],[-16.528455,15.810065],[-16.528714,15.811021],[-16.528628,15.812043],[-16.528878,15.812945],[-16.528816,15.813488],[-16.528577,15.81395],[-16.526846,15.815942],[-16.5267,15.81634],[-16.526754,15.817289],[-16.526049,15.817918],[-16.525689,15.818499],[-16.525889,15.81894],[-16.526241,15.81863],[-16.526598,15.818926],[-16.526526,15.819279],[-16.526257,15.819507],[-16.525551,15.819281],[-16.525738,15.820044],[-16.525595,15.820903],[-16.526216,15.821532],[-16.526468,15.821467],[-16.526882,15.820623],[-16.527661,15.819931],[-16.527803,15.818945],[-16.528162,15.818391],[-16.528396,15.818416],[-16.528483,15.818768],[-16.52826,15.820225],[-16.527678,15.820979],[-16.527881,15.821972],[-16.527709,15.822714],[-16.527866,15.823644],[-16.527768,15.824331],[-16.527298,15.825166],[-16.526667,15.825568],[-16.527065,15.826451],[-16.527316,15.827561],[-16.527019,15.827753],[-16.526475,15.827377],[-16.526197,15.82765],[-16.526615,15.828628],[-16.526205,15.830045],[-16.525879,15.832614],[-16.525498,15.834099],[-16.523882,15.837644],[-16.523364,15.839591],[-16.52253,15.840419],[-16.522152,15.841064],[-16.521216,15.84445],[-16.519242,15.847727],[-16.519203,15.849887],[-16.518643,15.851256],[-16.518583,15.851871],[-16.51905,15.854452],[-16.518194,15.856058],[-16.518032,15.8569],[-16.518233,15.857558],[-16.518786,15.857916],[-16.518976,15.85824],[-16.5189,15.85937],[-16.519247,15.860859],[-16.518978,15.862334],[-16.519858,15.864769],[-16.519717,15.864866],[-16.519578,15.866072],[-16.519109,15.866833],[-16.51728,15.867965],[-16.517176,15.867922],[-16.517394,15.867419],[-16.517216,15.867391],[-16.516892,15.867594],[-16.516673,15.868084],[-16.516723,15.870557],[-16.516444,15.874211],[-16.516538,15.875267],[-16.516186,15.876336],[-16.516036,15.87634],[-16.516079,15.875896],[-16.515878,15.875636],[-16.515563,15.875683],[-16.515436,15.876054],[-16.515745,15.876585],[-16.516384,15.876981],[-16.516803,15.876926],[-16.517293,15.876565],[-16.517436,15.87492],[-16.517979,15.873302],[-16.518984,15.871382],[-16.519701,15.868209],[-16.520517,15.865722],[-16.520749,15.863808],[-16.521154,15.862637],[-16.52121,15.8608],[-16.521679,15.860124],[-16.52176,15.85851],[-16.522273,15.856952],[-16.522729,15.855973],[-16.522289,15.857061],[-16.522195,15.858784],[-16.521944,15.859713],[-16.521631,15.862717],[-16.520773,15.865888],[-16.519714,15.873645],[-16.519228,15.874539]],[[-16.510593,15.877332],[-16.510592,15.877242],[-16.510546,15.877287],[-16.510593,15.877332]]],[[[-16.515297,15.936807],[-16.516227,15.941741],[-16.515913,15.941023],[-16.515306,15.938278],[-16.515297,15.936807]]],[[[-16.474377,15.943845],[-16.476265,15.942479],[-16.476524,15.942125],[-16.476496,15.940824],[-16.477049,15.939754],[-16.476885,15.937757],[-16.477243,15.936887],[-16.47671,15.935644],[-16.476868,15.93548],[-16.477503,15.935458],[-16.477844,15.934877],[-16.477691,15.934381],[-16.476853,15.933419],[-16.476328,15.933161],[-16.475075,15.932962],[-16.474744,15.932751],[-16.47508,15.930887],[-16.475335,15.931514],[-16.475108,15.93241],[-16.475175,15.932663],[-16.475512,15.93276],[-16.477314,15.932621],[-16.47775,15.933504],[-16.47855,15.934294],[-16.478722,15.934808],[-16.478513,15.93564],[-16.478798,15.936253],[-16.478829,15.936741],[-16.478462,15.938822],[-16.478482,15.940358],[-16.477907,15.942179],[-16.478346,15.943396],[-16.478359,15.943866],[-16.47739,15.945554],[-16.477025,15.946677],[-16.477304,15.947841],[-16.478343,15.948867],[-16.477519,15.948872],[-16.474904,15.946066],[-16.474377,15.943845]]]]}},{"type":"Feature","properties":{"categorie":"Culture pluviale"},"geometry":{"type":"Polygon","coordinates":[[[-16.424908,15.846622],[-16.427147,15.835714],[-16.42743,15.835436],[-16.428274,15.83188],[-16.431698,15.822355],[-16.432021,15.822366],[-16.432285,15.822103],[-16.432159,15.821074],[-16.431882,15.821843],[-16.439816,15.799771],[-16.456667,15.784675],[-16.471282,15.782934],[-16.47978,15.784391],[-16.480071,15.785579],[-16.47978,15.786301],[-16.476734,15.788795],[-16.477042,15.789724],[-16.478023,15.790821],[-16.477952,15.791375],[-16.477583,15.791769],[-16.476741,15.791437],[-16.476426,15.791577],[-16.475231,15.794742],[-16.474577,15.795638],[-16.474047,15.796046],[-16.473394,15.796017],[-16.471983,15.795252],[-16.470499,15.794903],[-16.467815,15.793374],[-16.461892,15.791494],[-16.460039,15.791446],[-16.459239,15.79181],[-16.458751,15.792651],[-16.458517,15.794386],[-16.455181,15.802919],[-16.455805,15.803671],[-16.456681,15.804145],[-16.462049,15.8046],[-16.464339,15.805103],[-16.465625,15.803283],[-16.465886,15.802473],[-16.465945,15.800801],[-16.46672,15.799894],[-16.467909,15.799261],[-16.469166,15.799031],[-16.470585,15.799335],[-16.471201,15.799916],[-16.471253,15.800752],[-16.471086,15.801348],[-16.469495,15.802916],[-16.468941,15.8041],[-16.468739,15.805212],[-16.469045,15.806497],[-16.468934,15.807103],[-16.467081,15.809654],[-16.467008,15.810305],[-16.467383,15.811467],[-16.467225,15.812357],[-16.466983,15.812837],[-16.466525,15.813136],[-16.465854,15.81406],[-16.464917,15.814651],[-16.463391,15.814576],[-16.461169,15.81372],[-16.459837,15.812654],[-16.459194,15.812402],[-16.457877,15.812603],[-16.456777,15.813125],[-16.455632,15.814372],[-16.452598,15.819235],[-16.452374,15.820236],[-16.452405,15.823047],[-16.452162,15.824804],[-16.451818,15.825134],[-16.450025,15.825988],[-16.44955,15.826023],[-16.448876,15.825769],[-16.44827,15.824444],[-16.447871,15.823992],[-16.446967,15.824578],[-16.446036,15.824204],[-16.445422,15.823637],[-16.444374,15.821913],[-16.444044,15.821638],[-16.443012,15.821752],[-16.441426,15.822329],[-16.439636,15.823355],[-16.43768,15.825506],[-16.436255,15.826527],[-16.435749,15.827398],[-16.435756,15.827688],[-16.43702,15.828231],[-16.436988,15.829642],[-16.436447,15.830426],[-16.436076,15.831317],[-16.435423,15.834881],[-16.433013,15.83972],[-16.432485,15.842019],[-16.431768,15.844048],[-16.430476,15.844376],[-16.430207,15.845144],[-16.429483,15.844757],[-16.428357,15.846295],[-16.427859,15.8457],[-16.428392,15.844262],[-16.429051,15.843062],[-16.428133,15.842566],[-16.426822,15.845827],[-16.426535,15.847072],[-16.424891,15.848534],[-16.424908,15.846622]],[[-16.467041,15.807488],[-16.467165,15.806846],[-16.466869,15.806796],[-16.466906,15.806349],[-16.466284,15.806257],[-16.46613,15.807222],[-16.467041,15.807488]]]}},{"type":"Feature","properties":{"categorie":"Steppe"},"geometry":{"type":"Polygon","coordinates":[[[-16.470172,15.919742],[-16.468346,15.914564],[-16.469,15.913273],[-16.468828,15.911377],[-16.469514,15.909374],[-16.469494,15.907965],[-16.469206,15.906846],[-16.46923,15.906331],[-16.469974,15.904626],[-16.470504,15.904297],[-16.471014,15.905008],[-16.472048,15.911147],[-16.472534,15.912454],[-16.472332,15.912898],[-16.471684,15.913106],[-16.471365,15.91351],[-16.472141,15.918693],[-16.472061,15.919254],[-16.471225,15.921193],[-16.471359,15.921644],[-16.471847,15.922039],[-16.472189,15.922787],[-16.472546,15.924393],[-16.472482,15.924859],[-16.470172,15.919742]]]}},{"type":"Feature","properties":{"categorie":"Empreinte urbaine"},"geometry":{"type":"Polygon","coordinates":[[[-16.513696,15.942631],[-16.51337,15.942656],[-16.512898,15.942027],[-16.513312,15.94121],[-16.51392,15.941251],[-16.514296,15.94161],[-16.514205,15.941972],[-16.513696,15.942631]]]}},{"type":"Feature","properties":{"categorie":"Empreinte urbaine"},"geometry":{"type":"Polygon","coordinates":[[[-16.482207,15.941336],[-16.482207,15.941246],[-16.482254,15.941291],[-16.482207,15.941336]]]}},{"type":"Feature","properties":{"categorie":"Empreinte urbaine"},"geometry":{"type":"Polygon","coordinates":[[[-16.480117,15.939769],[-16.479999,15.939544],[-16.480092,15.939453],[-16.480186,15.939633],[-16.480117,15.939769]]]}},{"type":"Feature","properties":{"categorie":"Empreinte urbaine"},"geometry":{"type":"MultiPolygon","coordinates":[[[[-16.474021,15.93963],[-16.474303,15.939899],[-16.474307,15.940351],[-16.474064,15.940607],[-16.474021,15.93963]]],[[[-16.474076,15.940669],[-16.474498,15.940937],[-16.475152,15.940978],[-16.475427,15.940208],[-16.475332,15.940028],[-16.475655,15.939483],[-16.476029,15.93948],[-16.476261,15.939298],[-16.476401,15.939388],[-16.476223,15.940564],[-16.475491,15.942557],[-16.474979,15.942922],[-16.474931,15.942651],[-16.474257,15.943342],[-16.474076,15.940669]],[[-16.475155,15.941339],[-16.475061,15.94134],[-16.475108,15.941385],[-16.475155,15.941339]],[[-16.474364,15.941751],[-16.474363,15.941661],[-16.474317,15.941706],[-16.474364,15.941751]],[[-16.474458,15.941841],[-16.474457,15.941751],[-16.474411,15.941796],[-16.474458,15.941841]]]]}},{"type":"Feature","properties":{"categorie":"Empreinte urbaine"},"geometry":{"type":"Polygon","coordinates":[[[-16.480277,15.93918],[-16.48009,15.939227],[-16.480229,15.93909],[-16.480277,15.93918]]]}},{"type":"Feature","properties":{"categorie":"Empreinte urbaine"},"geometry":{"type":"Polygon","coordinates":[[[-16.482311,15.933179],[-16.482006,15.933068],[-16.482238,15.93284],[-16.482379,15.932884],[-16.482193,15.932976],[-16.482311,15.933179]]]}},{"type":"Feature","properties":{"categorie":"Empreinte urbaine"},"geometry":{"type":"Polygon","coordinates":[[[-16.482327,15.932207],[-16.482326,15.932117],[-16.482373,15.932161],[-16.482327,15.932207]]]}},{"type":"Feature","properties":{"categorie":"Empreinte urbaine"},"geometry":{"type":"Polygon","coordinates":[[[-16.482232,15.931936],[-16.482231,15.931846],[-16.482278,15.931891],[-16.482232,15.931936]]]}},{"type":"Feature","properties":{"categorie":"Empreinte urbaine"},"geometry":{"type":"Polygon","coordinates":[[[-16.482549,15.930579],[-16.482455,15.930579],[-16.482501,15.930489],[-16.482549,15.930579]]]}},{"type":"Feature","properties":{"categorie":"Empreinte urbaine"},"geometry":{"type":"Polygon","coordinates":[[[-16.501723,15.930966],[-16.501605,15.930808],[-16.501882,15.930354],[-16.500892,15.929096],[-16.500747,15.928419],[-16.500926,15.927379],[-16.500828,15.926747],[-16.501059,15.926474],[-16.502047,15.927461],[-16.502376,15.92764],[-16.502654,15.927457],[-16.5028,15.928224],[-16.502673,15.929897],[-16.501723,15.930966]]]}},{"type":"Feature","properties":{"categorie":"Empreinte urbaine"},"geometry":{"type":"Polygon","coordinates":[[[-16.508059,15.900667],[-16.508011,15.900532],[-16.508057,15.900396],[-16.508059,15.900667]]]}},{"type":"Feature","properties":{"categorie":"Empreinte urbaine"},"geometry":{"type":"Polygon","coordinates":[[[-16.50496,15.89843],[-16.50496,15.898339],[-16.505007,15.898384],[-16.50496,15.89843]]]}},{"type":"Feature","properties":{"categorie":"Empreinte urbaine"},"geometry":{"type":"Polygon","coordinates":[[[-16.495323,15.895966],[-16.495349,15.893164],[-16.495674,15.892891],[-16.495821,15.893839],[-16.495599,15.895422],[-16.495323,15.895966]]]}},{"type":"Feature","properties":{"categorie":"Empreinte urbaine"},"geometry":{"type":"Polygon","coordinates":[[[-16.495861,15.89298],[-16.49586,15.892889],[-16.495907,15.892934],[-16.495861,15.89298]]]}},{"type":"Feature","properties":{"categorie":"Empreinte urbaine"},"geometry":{"type":"Polygon","coordinates":[[[-16.495718,15.892529],[-16.495717,15.892438],[-16.495811,15.892483],[-16.495718,15.892529]]]}},{"type":"Feature","properties":{"categorie":"Empreinte urbaine"},"geometry":{"type":"Polygon","coordinates":[[[-16.510593,15.877332],[-16.510592,15.877242],[-16.510639,15.877287],[-16.510593,15.877332]]]}},{"type":"Feature","properties":{"categorie":"Empreinte urbaine"},"geometry":{"type":"Polygon","coordinates":[[[-16.510499,15.877242],[-16.510451,15.877062],[-16.510496,15.876881],[-16.510499,15.877242]]]}},{"type":"Feature","properties":{"categorie":"Empreinte urbaine"},"geometry":{"type":"Polygon","coordinates":[[[-16.505721,15.875197],[-16.505721,15.875107],[-16.505768,15.875151],[-16.505721,15.875197]]]}},{"type":"Feature","properties":{"categorie":"Empreinte urbaine"},"geometry":{"type":"Polygon","coordinates":[[[-16.508225,15.875925],[-16.508106,15.875677],[-16.50829,15.875269],[-16.508195,15.875044],[-16.508662,15.875041],[-16.508225,15.875925]]]}},{"type":"Feature","properties":{"categorie":"Empreinte urbaine"},"geometry":{"type":"Polygon","coordinates":[[[-16.510174,15.877516],[-16.509404,15.874448],[-16.509395,15.873183],[-16.509061,15.872282],[-16.508359,15.87197],[-16.508682,15.871471],[-16.508869,15.87156],[-16.509055,15.871378],[-16.508898,15.86921],[-16.509037,15.869028],[-16.509691,15.869024],[-16.510075,15.870467],[-16.510896,15.870981],[-16.511157,15.871499],[-16.510648,15.87218],[-16.510488,15.875706],[-16.510348,15.875843],[-16.510447,15.876565],[-16.51017,15.877019],[-16.510174,15.877516]]]}},{"type":"Feature","properties":{"categorie":"Empreinte urbaine"},"geometry":{"type":"Polygon","coordinates":[[[-16.509123,15.867988],[-16.508841,15.867764],[-16.508744,15.867313],[-16.509022,15.86704],[-16.509666,15.86568],[-16.510179,15.865631],[-16.51037,15.866172],[-16.510145,15.867394],[-16.509543,15.867985],[-16.509123,15.867988]]]}},{"type":"Feature","properties":{"categorie":"Empreinte urbaine"},"geometry":{"type":"Polygon","coordinates":[[[-16.511415,15.86856],[-16.511363,15.867837],[-16.511686,15.867428],[-16.51131,15.867024],[-16.511488,15.865848],[-16.511391,15.865442],[-16.511898,15.864489],[-16.512411,15.864441],[-16.512693,15.864619],[-16.512373,15.865571],[-16.51229,15.866927],[-16.51174,15.868377],[-16.511415,15.86856]]]}},{"type":"Feature","properties":{"categorie":"Empreinte urbaine"},"geometry":{"type":"Polygon","coordinates":[[[-16.508216,15.859092],[-16.508216,15.859002],[-16.508263,15.859047],[-16.508216,15.859092]]]}},{"type":"Feature","properties":{"categorie":"Empreinte urbaine"},"geometry":{"type":"Polygon","coordinates":[[[-16.511158,15.852836],[-16.511157,15.852745],[-16.511204,15.85279],[-16.511158,15.852836]]]}},{"type":"Feature","properties":{"categorie":"Empreinte urbaine"},"geometry":{"type":"Polygon","coordinates":[[[-16.511318,15.85245],[-16.511011,15.852023],[-16.511104,15.851932],[-16.511387,15.852292],[-16.511318,15.85245]]]}},{"type":"Feature","properties":{"categorie":"Empreinte urbaine"},"geometry":{"type":"Polygon","coordinates":[[[-16.511382,15.851659],[-16.511289,15.85166],[-16.511335,15.851569],[-16.511382,15.851659]]]}},{"type":"Feature","properties":{"categorie":"Empreinte urbaine"},"geometry":{"type":"Polygon","coordinates":[[[-16.511054,15.851458],[-16.510819,15.851256],[-16.510911,15.85112],[-16.511193,15.851389],[-16.511054,15.851458]]]}},{"type":"Feature","properties":{"categorie":"Empreinte urbaine"},"geometry":{"type":"Polygon","coordinates":[[[-16.511044,15.850125],[-16.511043,15.850035],[-16.51109,15.85008],[-16.511044,15.850125]]]}},{"type":"Feature","properties":{"categorie":"Empreinte urbaine"},"geometry":{"type":"Polygon","coordinates":[[[-16.511137,15.850034],[-16.511136,15.849944],[-16.511183,15.849989],[-16.511137,15.850034]]]}},{"type":"Feature","properties":{"categorie":"Empreinte urbaine"},"geometry":{"type":"Polygon","coordinates":[[[-16.509944,15.849749],[-16.509499,15.849548],[-16.509776,15.84914],[-16.510246,15.849588],[-16.509944,15.849749]]]}},{"type":"Feature","properties":{"categorie":"Empreinte urbaine"},"geometry":{"type":"Polygon","coordinates":[[[-16.511576,15.849466],[-16.511364,15.849174],[-16.511687,15.848675],[-16.511735,15.848945],[-16.511576,15.849466]]]}},{"type":"Feature","properties":{"categorie":"Empreinte urbaine"},"geometry":{"type":"Polygon","coordinates":[[[-16.514532,15.848384],[-16.514439,15.848384],[-16.514485,15.848294],[-16.514532,15.848384]]]}},{"type":"Feature","properties":{"categorie":"Empreinte urbaine"},"geometry":{"type":"Polygon","coordinates":[[[-16.510419,15.847644],[-16.510231,15.847555],[-16.510277,15.847419],[-16.510419,15.847644]]]}},{"type":"Feature","properties":{"categorie":"Empreinte urbaine"},"geometry":{"type":"Polygon","coordinates":[[[-16.511796,15.847657],[-16.510789,15.84719],[-16.511442,15.847185],[-16.511907,15.846911],[-16.5119,15.846007],[-16.512131,15.845599],[-16.512553,15.845822],[-16.51237,15.84641],[-16.512467,15.846816],[-16.512238,15.847405],[-16.511796,15.847657]]]}},{"type":"Feature","properties":{"categorie":"Empreinte urbaine"},"geometry":{"type":"Polygon","coordinates":[[[-16.512738,15.845594],[-16.512644,15.845595],[-16.51269,15.845504],[-16.512738,15.845594]]]}},{"type":"Feature","properties":{"categorie":"Empreinte urbaine"},"geometry":{"type":"Polygon","coordinates":[[[-16.512782,15.845233],[-16.512781,15.845142],[-16.512828,15.845187],[-16.512782,15.845233]]]}},{"type":"Feature","properties":{"categorie":"Empreinte urbaine"},"geometry":{"type":"Polygon","coordinates":[[[-16.509412,15.844081],[-16.509411,15.843991],[-16.509458,15.844036],[-16.509412,15.844081]]]}},{"type":"Feature","properties":{"categorie":"Empreinte urbaine"},"geometry":{"type":"Polygon","coordinates":[[[-16.509305,15.845392],[-16.509091,15.844942],[-16.509322,15.844624],[-16.509511,15.844803],[-16.509741,15.84444],[-16.509459,15.844126],[-16.50964,15.843402],[-16.509546,15.843312],[-16.509684,15.843085],[-16.509967,15.843354],[-16.51015,15.842901],[-16.510388,15.843577],[-16.509981,15.845252],[-16.509305,15.845392]]]}},{"type":"Feature","properties":{"categorie":"Empreinte urbaine"},"geometry":{"type":"Polygon","coordinates":[[[-16.491933,15.947989],[-16.491774,15.946602],[-16.491117,15.946155],[-16.490637,15.944351],[-16.490622,15.942363],[-16.489993,15.939384],[-16.490222,15.93875],[-16.490523,15.938454],[-16.490967,15.938564],[-16.491735,15.938107],[-16.491838,15.937661],[-16.492499,15.937243],[-16.492729,15.936745],[-16.492974,15.937804],[-16.493586,15.938998],[-16.493779,15.93981],[-16.494028,15.941842],[-16.493665,15.94329],[-16.493912,15.945232],[-16.494245,15.946043],[-16.493898,15.947864],[-16.491933,15.947989]]]}},{"type":"Feature","properties":{"categorie":"Empreinte urbaine"},"geometry":{"type":"Polygon","coordinates":[[[-16.509969,15.882325],[-16.510194,15.886463],[-16.509234,15.889796],[-16.509293,15.890898],[-16.508744,15.892348],[-16.508566,15.893524],[-16.508571,15.894247],[-16.508807,15.894607],[-16.508576,15.89488],[-16.508416,15.89601],[-16.508462,15.89836],[-16.508326,15.899084],[-16.508558,15.899825],[-16.507953,15.900398],[-16.507245,15.900749],[-16.50696,15.900739],[-16.506612,15.900182],[-16.506963,15.899055],[-16.506132,15.898964],[-16.505703,15.897882],[-16.505565,15.898109],[-16.505659,15.898199],[-16.505473,15.898336],[-16.505143,15.897886],[-16.505004,15.897977],[-16.5043,15.897621],[-16.504208,15.897712],[-16.503922,15.896991],[-16.503776,15.896224],[-16.503868,15.896042],[-16.503489,15.895186],[-16.503484,15.894554],[-16.50376,15.894055],[-16.503528,15.894192],[-16.503242,15.89338],[-16.502773,15.893112],[-16.50254,15.89325],[-16.502449,15.893567],[-16.502699,15.895824],[-16.502892,15.896546],[-16.503314,15.896859],[-16.503221,15.89695],[-16.503412,15.897401],[-16.503046,15.898443],[-16.502767,15.898626],[-16.502439,15.898447],[-16.501093,15.899631],[-16.500904,15.899271],[-16.500996,15.89909],[-16.501137,15.89927],[-16.501088,15.898908],[-16.500761,15.898911],[-16.500432,15.898551],[-16.500246,15.898688],[-16.500435,15.899003],[-16.500156,15.899186],[-16.49978,15.898872],[-16.499032,15.898697],[-16.498699,15.897931],[-16.498513,15.897932],[-16.498087,15.897212],[-16.498179,15.897076],[-16.497942,15.89658],[-16.497711,15.896853],[-16.497335,15.896539],[-16.497594,15.893736],[-16.49688,15.891798],[-16.496553,15.8918],[-16.496044,15.892436],[-16.495479,15.891898],[-16.495341,15.89217],[-16.495285,15.890905],[-16.495476,15.891446],[-16.495664,15.891535],[-16.495709,15.891399],[-16.495518,15.890813],[-16.49561,15.890541],[-16.495515,15.890451],[-16.49533,15.890633],[-16.495233,15.890182],[-16.49537,15.889729],[-16.496063,15.88873],[-16.496009,15.887737],[-16.496285,15.887192],[-16.496612,15.88719],[-16.497263,15.886824],[-16.497544,15.886913],[-16.497729,15.886731],[-16.498103,15.886773],[-16.498799,15.886181],[-16.499223,15.886675],[-16.499132,15.886992],[-16.499508,15.887306],[-16.500067,15.887166],[-16.501038,15.885894],[-16.501032,15.88499],[-16.500797,15.884811],[-16.500564,15.884903],[-16.500469,15.884633],[-16.5007,15.884315],[-16.502004,15.883899],[-16.502329,15.883626],[-16.503079,15.883982],[-16.503405,15.883935],[-16.503823,15.883615],[-16.504058,15.883885],[-16.504244,15.883793],[-16.504386,15.883973],[-16.504525,15.883882],[-16.504853,15.88406],[-16.505457,15.883649],[-16.50578,15.88306],[-16.50602,15.883962],[-16.50598,15.884866],[-16.506123,15.885226],[-16.506403,15.885224],[-16.507027,15.881288],[-16.506931,15.880882],[-16.507716,15.879702],[-16.507895,15.878707],[-16.508126,15.878389],[-16.507843,15.877984],[-16.507837,15.877216],[-16.507647,15.876765],[-16.50788,15.876628],[-16.508155,15.875993],[-16.508071,15.877169],[-16.508683,15.877843],[-16.50859,15.877934],[-16.508874,15.878474],[-16.509388,15.878515],[-16.510037,15.877969],[-16.510552,15.878055],[-16.510274,15.878374],[-16.510138,15.878872],[-16.509834,15.881963],[-16.509842,15.882342],[-16.509969,15.882325]],[[-16.508259,15.877439],[-16.50826,15.877529],[-16.508306,15.877484],[-16.508259,15.877439]],[[-16.503311,15.887031],[-16.503516,15.886284],[-16.503277,15.885517],[-16.502999,15.885881],[-16.502957,15.886514],[-16.503102,15.887145],[-16.503311,15.887031]],[[-16.498081,15.896444],[-16.497894,15.896445],[-16.498036,15.89658],[-16.498081,15.896444]],[[-16.49813,15.896669],[-16.49813,15.89676],[-16.498177,15.896714],[-16.49813,15.896669]]]}},{"type":"Feature","properties":{"categorie":"Empreinte urbaine"},"geometry":{"type":"Polygon","coordinates":[[[-16.504476,15.933771],[-16.504243,15.933772],[-16.504245,15.934134],[-16.503964,15.934],[-16.504148,15.933638],[-16.503866,15.933368],[-16.504142,15.932869],[-16.503909,15.932871],[-16.503861,15.932645],[-16.504227,15.931649],[-16.504031,15.930385],[-16.504294,15.928078],[-16.504196,15.927491],[-16.504378,15.926903],[-16.504565,15.926901],[-16.504473,15.927128],[-16.504614,15.927263],[-16.50503,15.926672],[-16.504839,15.926086],[-16.50521,15.925677],[-16.504553,15.92532],[-16.504828,15.92464],[-16.505201,15.924502],[-16.505198,15.924095],[-16.505009,15.92378],[-16.505147,15.923553],[-16.50567,15.92477],[-16.505578,15.924951],[-16.506049,15.925535],[-16.505958,15.925807],[-16.506148,15.926303],[-16.505843,15.929152],[-16.505291,15.930331],[-16.504975,15.931824],[-16.50507,15.931959],[-16.504704,15.933001],[-16.504893,15.933361],[-16.504479,15.934132],[-16.504476,15.933771]]]}},{"type":"Feature","properties":{"categorie":"Empreinte urbaine"},"geometry":{"type":"Polygon","coordinates":[[[-16.444178,15.84083],[-16.443268,15.840551],[-16.442928,15.839318],[-16.444491,15.839185],[-16.444761,15.840469],[-16.444178,15.84083]]]}},{"type":"Feature","properties":{"categorie":"Empreinte urbaine"},"geometry":{"type":"Polygon","coordinates":[[[-16.439457,15.845996],[-16.439168,15.845966],[-16.439194,15.845054],[-16.437901,15.844703],[-16.437942,15.844273],[-16.437408,15.844063],[-16.437556,15.843368],[-16.437847,15.843453],[-16.437902,15.843917],[-16.438273,15.843995],[-16.438309,15.843526],[-16.438779,15.843449],[-16.438846,15.843786],[-16.439286,15.843815],[-16.439296,15.844449],[-16.439876,15.844625],[-16.439457,15.845996]]]}},{"type":"Feature","properties":{"categorie":"Empreinte urbaine"},"geometry":{"type":"Polygon","coordinates":[[[-16.438282,15.857068],[-16.437681,15.856891],[-16.437826,15.856431],[-16.437622,15.856453],[-16.437568,15.855792],[-16.438083,15.855375],[-16.438384,15.855413],[-16.438282,15.857068]]]}},{"type":"Feature","properties":{"categorie":"Empreinte urbaine"},"geometry":{"type":"Polygon","coordinates":[[[-16.436002,15.867672],[-16.435324,15.867047],[-16.435403,15.866857],[-16.435111,15.866696],[-16.4353,15.866334],[-16.435874,15.866366],[-16.436002,15.865891],[-16.436238,15.865964],[-16.436223,15.866313],[-16.436653,15.866293],[-16.436631,15.866514],[-16.437765,15.866338],[-16.437602,15.866767],[-16.437296,15.866974],[-16.437704,15.867264],[-16.437477,15.867516],[-16.436498,15.867104],[-16.436002,15.867672]]]}},{"type":"Feature","properties":{"categorie":"Empreinte urbaine"},"geometry":{"type":"Polygon","coordinates":[[[-16.50341,15.865978],[-16.503491,15.865734],[-16.502988,15.865455],[-16.502938,15.865004],[-16.503076,15.864731],[-16.503262,15.86464],[-16.503543,15.864819],[-16.504287,15.864316],[-16.504192,15.864181],[-16.504468,15.863547],[-16.503997,15.863098],[-16.504133,15.862465],[-16.504595,15.861829],[-16.50505,15.860199],[-16.506305,15.859422],[-16.507052,15.859552],[-16.508123,15.859093],[-16.507625,15.861187],[-16.507834,15.861766],[-16.507959,15.863157],[-16.508375,15.864107],[-16.508295,15.865956],[-16.50804,15.866821],[-16.508238,15.868311],[-16.508059,15.869397],[-16.50835,15.87075],[-16.507932,15.871115],[-16.506874,15.873291],[-16.506127,15.873296],[-16.505757,15.873706],[-16.50604,15.874155],[-16.505856,15.874473],[-16.505386,15.874115],[-16.505173,15.87371],[-16.504625,15.872132],[-16.504014,15.871594],[-16.503678,15.870421],[-16.504417,15.869331],[-16.504225,15.868655],[-16.504318,15.868564],[-16.503659,15.867845],[-16.503331,15.867712],[-16.503374,15.867124],[-16.502951,15.866811],[-16.502859,15.866992],[-16.50267,15.866723],[-16.502581,15.867266],[-16.50206,15.86632],[-16.502294,15.866364],[-16.502525,15.866001],[-16.5029,15.866179],[-16.50341,15.865978]]]}},{"type":"Feature","properties":{"categorie":"Empreinte urbaine"},"geometry":{"type":"Polygon","coordinates":[[[-16.512344,15.844347],[-16.512078,15.84425],[-16.51203,15.844605],[-16.511841,15.844335],[-16.511471,15.84479],[-16.511331,15.844746],[-16.511423,15.844655],[-16.511234,15.84434],[-16.511605,15.84393],[-16.511461,15.843434],[-16.510427,15.842447],[-16.510513,15.841452],[-16.510653,15.841542],[-16.510883,15.841088],[-16.510876,15.840094],[-16.510734,15.839824],[-16.510964,15.839371],[-16.510957,15.838377],[-16.509507,15.83798],[-16.509876,15.83739],[-16.509873,15.837074],[-16.509732,15.836939],[-16.509639,15.83703],[-16.509356,15.83658],[-16.509302,15.835631],[-16.509437,15.834953],[-16.50976,15.834453],[-16.509711,15.834137],[-16.509942,15.833819],[-16.509938,15.833187],[-16.509515,15.832783],[-16.509404,15.830524],[-16.509263,15.83039],[-16.509446,15.829891],[-16.510145,15.829706],[-16.514255,15.829482],[-16.514239,15.828918],[-16.514545,15.828764],[-16.515151,15.828793],[-16.516094,15.829393],[-16.518591,15.82924],[-16.518364,15.830191],[-16.517445,15.832095],[-16.51736,15.83318],[-16.516344,15.834633],[-16.515888,15.836173],[-16.515812,15.838433],[-16.515467,15.838531],[-16.515305,15.839341],[-16.515821,15.839698],[-16.51587,15.839924],[-16.515368,15.841509],[-16.514393,15.842176],[-16.514179,15.84306],[-16.513239,15.844527],[-16.51311,15.844411],[-16.512873,15.844961],[-16.512776,15.84451],[-16.512544,15.844692],[-16.512344,15.844347]]]}},{"type":"Feature","properties":{"categorie":"Empreinte urbaine"},"geometry":{"type":"Polygon","coordinates":[[[-16.488038,15.868521],[-16.487115,15.868525],[-16.487284,15.867642],[-16.486173,15.867035],[-16.486589,15.865231],[-16.486883,15.864621],[-16.488708,15.8643],[-16.489052,15.865366],[-16.48816,15.865768],[-16.488038,15.868521]]]}},{"type":"Feature","properties":{"categorie":"Empreinte urbaine"},"geometry":{"type":"Polygon","coordinates":[[[-16.500035,15.880265],[-16.499975,15.880036],[-16.499554,15.88001],[-16.49969,15.879326],[-16.499475,15.878829],[-16.49963,15.878797],[-16.499319,15.87837],[-16.49975,15.877897],[-16.500369,15.877677],[-16.500677,15.877727],[-16.500853,15.878066],[-16.501117,15.87806],[-16.501729,15.877554],[-16.502286,15.877685],[-16.502399,15.87803],[-16.502846,15.878075],[-16.503719,15.878646],[-16.503795,15.878922],[-16.503359,15.879491],[-16.502147,15.879323],[-16.501246,15.880155],[-16.500035,15.880265]]]}},{"type":"Feature","properties":{"categorie":"Empreinte urbaine"},"geometry":{"type":"Polygon","coordinates":[[[-16.486862,15.898168],[-16.485413,15.898544],[-16.485145,15.898177],[-16.48512,15.89778],[-16.485347,15.896669],[-16.486173,15.896846],[-16.486848,15.897487],[-16.487396,15.897467],[-16.487911,15.897689],[-16.488196,15.898365],[-16.487872,15.898819],[-16.487168,15.898236],[-16.486862,15.898168]]]}},{"type":"Feature","properties":{"categorie":"Empreinte urbaine"},"geometry":{"type":"Polygon","coordinates":[[[-16.521075,15.811571],[-16.519204,15.811306],[-16.520139,15.808719],[-16.520861,15.808533],[-16.521142,15.810232],[-16.521075,15.811571]]]}},{"type":"Feature","properties":{"categorie":"Empreinte urbaine"},"geometry":{"type":"Polygon","coordinates":[[[-16.477474,15.812887],[-16.477087,15.812934],[-16.475969,15.812249],[-16.475918,15.81179],[-16.476175,15.811506],[-16.47664,15.810319],[-16.477015,15.810231],[-16.4778,15.810732],[-16.47842,15.810428],[-16.477659,15.810997],[-16.47731,15.811818],[-16.477474,15.812887]]]}},{"type":"Feature","properties":{"categorie":"Empreinte urbaine"},"geometry":{"type":"Polygon","coordinates":[[[-16.432021,15.822366],[-16.431697,15.822355],[-16.432159,15.821074],[-16.432285,15.822103],[-16.432021,15.822366]]]}},{"type":"Feature","properties":{"categorie":"Empreinte urbaine"},"geometry":{"type":"Polygon","coordinates":[[[-16.468898,15.811269],[-16.468275,15.811197],[-16.467969,15.81091],[-16.467841,15.81041],[-16.467965,15.810149],[-16.468648,15.809979],[-16.468962,15.810133],[-16.469123,15.810917],[-16.468898,15.811269]]]}},{"type":"Feature","properties":{"categorie":"Empreinte urbaine"},"geometry":{"type":"Polygon","coordinates":[[[-16.467041,15.807488],[-16.46613,15.807222],[-16.466284,15.806257],[-16.466906,15.806349],[-16.466869,15.806796],[-16.467165,15.806846],[-16.467041,15.807488]]]}},{"type":"Feature","properties":{"categorie":"Empreinte urbaine"},"geometry":{"type":"Polygon","coordinates":[[[-16.48504,15.791998],[-16.484161,15.791743],[-16.484094,15.790621],[-16.484812,15.79087],[-16.485059,15.790194],[-16.485412,15.790318],[-16.485249,15.790641],[-16.485702,15.790766],[-16.48504,15.791998]]]}}]}