{"type":"FeatureCollection","name":"topo-courbes-niveau-5m.geojson","features":[{"type":"Feature","properties":{"elevation":0.0},"geometry":{"type":"LineString","coordinates":[[-16.4907798,15.9472719],[-16.4906409,15.9475457],[-16.4906429,15.9478186],[-16.4907859,15.9480904],[-16.4910669,15.9479521],[-16.4912068,15.9478147],[-16.4913458,15.9475409],[-16.4910618,15.94727],[-16.4907798,15.9472719]]}},{"type":"Feature","properties":{"elevation":5.0},"geometry":{"type":"LineString","coordinates":[[-16.487114,15.9472973],[-16.4873959,15.9472953],[-16.487398,15.9475682],[-16.487118,15.9478429],[-16.486834,15.947572],[-16.487114,15.9472973]]}},{"type":"Feature","properties":{"elevation":5.0},"geometry":{"type":"MultiLineString","coordinates":[[[-16.485136,15.9467652],[-16.485138,15.9470381]],[[-16.485138,15.9470381],[-16.485706,15.9475798],[-16.48627,15.9475759],[-16.486554,15.9478468],[-16.486556,15.9481196],[-16.48684,15.9483905],[-16.486943949421484,15.948389799631558]],[[-16.484867128412528,15.948544401179],[-16.4848661,15.9484041],[-16.4845821,15.9481333],[-16.4843021,15.948408],[-16.48420794145818,15.948593472005399]],[[-16.48391592085036,15.948615210440083],[-16.4840201,15.94841],[-16.4840181,15.9481371],[-16.4838751,15.9478653],[-16.4840141,15.9475915],[-16.484294,15.9473167],[-16.484858,15.9473128],[-16.485138,15.9470381]]]}},{"type":"Feature","properties":{"elevation":5.0},"geometry":{"type":"LineString","coordinates":[[-16.486264,15.9467574],[-16.486266,15.9470303]]}},{"type":"Feature","properties":{"elevation":5.0},"geometry":{"type":"LineString","coordinates":[[-16.4933097,15.9461631],[-16.4941587,15.9465664],[-16.4942067,15.9467025],[-16.4941607,15.9468393],[-16.4940207,15.9469767],[-16.4938817,15.9472505],[-16.4938837,15.9475233],[-16.4933198,15.9475272],[-16.4928948,15.9472573],[-16.4928927,15.9469845],[-16.4930317,15.9467107],[-16.4933117,15.9464359],[-16.4933097,15.9461631]]}},{"type":"Feature","properties":{"elevation":5.0},"geometry":{"type":"MultiLineString","coordinates":[[[-16.4890798,15.9461923],[-16.4890818,15.9464652]],[[-16.4890818,15.9464652],[-16.4893658,15.946736]],[[-16.4893658,15.946736],[-16.4896478,15.9467341],[-16.4893679,15.9470089],[-16.4893658,15.946736]]]}},{"type":"Feature","properties":{"elevation":0.0},"geometry":{"type":"LineString","coordinates":[[-16.4775152,15.9458627],[-16.4772343,15.946001],[-16.4773772,15.9462729],[-16.4776612,15.9465438],[-16.4778042,15.9468156],[-16.4780842,15.9465409],[-16.4779412,15.946269],[-16.4779392,15.9459962],[-16.4777972,15.9458607],[-16.4775152,15.9458627]]}},{"type":"Feature","properties":{"elevation":0.0},"geometry":{"type":"MultiLineString","coordinates":[[[-16.5020472,15.9455567],[-16.5018613,15.9458308],[-16.501862997730065,15.945833225966904]],[[-16.50245909500722,15.94580159134939],[-16.5023292,15.9455547],[-16.5020472,15.9455567]]]}},{"type":"Feature","properties":{"elevation":5.0},"geometry":{"type":"LineString","coordinates":[[-16.485412,15.9459448],[-16.4856939,15.9459429]]}},{"type":"Feature","properties":{"elevation":5.0},"geometry":{"type":"LineString","coordinates":[[-16.493587611,15.94561545],[-16.493587611,15.945615451]]}},{"type":"Feature","properties":{"elevation":0.0},"geometry":{"type":"LineString","coordinates":[[-16.4969688,15.9452282],[-16.4966885,15.9454575],[-16.4964065,15.9454595],[-16.4962665,15.9455969],[-16.4964095,15.9458687],[-16.4972555,15.9458628],[-16.4978154,15.9453133],[-16.4975314,15.9450424],[-16.4972494,15.9450444],[-16.4969688,15.9452282]]}},{"type":"Feature","properties":{"elevation":5.0},"geometry":{"type":"LineString","coordinates":[[-16.4941496,15.9453387],[-16.4944312,15.9452913],[-16.4944786,15.9453364],[-16.4944336,15.9456096],[-16.4941496,15.9453387]]}},{"type":"Feature","properties":{"elevation":5.0},"geometry":{"type":"LineString","coordinates":[[-16.4876598,15.9448379],[-16.4882238,15.944834],[-16.4885078,15.9451049],[-16.4887898,15.945103],[-16.4882258,15.9451069],[-16.4876659,15.9456564],[-16.4876679,15.9459292],[-16.4873859,15.9459312],[-16.4873798,15.9451127],[-16.4876598,15.9448379]]}},{"type":"Feature","properties":{"elevation":5.0},"geometry":{"type":"LineString","coordinates":[[-16.4865319,15.9448457],[-16.4868139,15.9448438],[-16.4868159,15.9451166],[-16.4862519,15.9451205],[-16.4865319,15.9448457]]}},{"type":"Feature","properties":{"elevation":5.0},"geometry":{"type":"LineString","coordinates":[[-16.4790592,15.9448971],[-16.4791992,15.9447597],[-16.4794822,15.9448942],[-16.4794842,15.945167],[-16.4792062,15.9457146],[-16.4792082,15.9459875],[-16.4789272,15.9461258],[-16.4787852,15.9459904],[-16.4786422,15.9457185],[-16.4787812,15.9454447],[-16.4790612,15.94517],[-16.4790592,15.9448971]]}},{"type":"Feature","properties":{"elevation":5.0},"geometry":{"type":"LineString","coordinates":[[-16.5017591,15.9447401],[-16.5023231,15.9447362]]}},{"type":"Feature","properties":{"elevation":5.0},"geometry":{"type":"LineString","coordinates":[[-16.4986533,15.9442161],[-16.4989352,15.9442141],[-16.4986553,15.9444889],[-16.4986533,15.9442161]]}},{"type":"Feature","properties":{"elevation":5.0},"geometry":{"type":"MultiLineString","coordinates":[[[-16.4814501,15.9440622],[-16.4817341,15.9443331],[-16.4817381,15.9448787],[-16.4820221,15.9451496],[-16.4820261,15.9456953],[-16.4823091,15.9458297],[-16.4825901,15.9456914],[-16.4831554,15.9458694],[-16.4834374,15.9458675],[-16.48372,15.9459565],[-16.4837281,15.9470478],[-16.4835891,15.9473216],[-16.4834491,15.947459],[-16.4831674,15.9475064],[-16.4828861,15.9475992],[-16.4826061,15.947874],[-16.4823241,15.947876],[-16.4820441,15.9481507],[-16.4811981,15.9481565],[-16.4809182,15.9484313],[-16.4809202,15.9487041],[-16.481050623320762,15.948828507315474]],[[-16.478358320498455,15.948866522041596],[-16.4783822,15.9487216],[-16.4786632,15.9485832],[-16.4789452,15.9485813],[-16.4792262,15.9484429],[-16.4797902,15.9484391],[-16.4800702,15.9481643],[-16.4797862,15.9478934],[-16.4800662,15.9476186],[-16.4806302,15.9476148],[-16.4809101,15.94734],[-16.4809081,15.9470672],[-16.4811901,15.9470652],[-16.4814731,15.9471997],[-16.4817551,15.9471978],[-16.4820381,15.9473322],[-16.4823201,15.9473303],[-16.4826001,15.9470555],[-16.4831621,15.9467788],[-16.4834441,15.9467769],[-16.483724,15.9465021],[-16.4831581,15.9462332],[-16.4828761,15.9462351],[-16.4825934,15.9461461],[-16.4823111,15.9461026],[-16.4820281,15.9459681],[-16.4817481,15.9462429],[-16.4817461,15.94597],[-16.4814621,15.9456991],[-16.4814581,15.9451535],[-16.4811741,15.9448826],[-16.4808921,15.9448845],[-16.4808881,15.9443389],[-16.4811701,15.9443369],[-16.4814501,15.9440622]]]}},{"type":"Feature","properties":{"elevation":5.0},"geometry":{"type":"LineString","coordinates":[[-16.4924475,15.9439863],[-16.4927295,15.9439843],[-16.4930122,15.9440733],[-16.4932955,15.9442533],[-16.4934385,15.9445251],[-16.4932986,15.9446625],[-16.4930166,15.9446645],[-16.4927336,15.94453],[-16.4924516,15.944532],[-16.4923556,15.9442598],[-16.4924475,15.9439863]]}},{"type":"Feature","properties":{"elevation":5.0},"geometry":{"type":"LineString","coordinates":[[-16.5000611,15.9439334],[-16.5003425,15.9438405],[-16.5006251,15.9439295],[-16.5011891,15.9439256],[-16.5011911,15.9441984],[-16.5000632,15.9442063],[-16.5000611,15.9439334]]}},{"type":"Feature","properties":{"elevation":5.0},"geometry":{"type":"LineString","coordinates":[[-16.4958314,15.9439628],[-16.4958334,15.9442357]]}},{"type":"Feature","properties":{"elevation":5.0},"geometry":{"type":"MultiLineString","coordinates":[[[-16.4794762,15.9440757],[-16.4797582,15.9440738]],[[-16.4797582,15.9440738],[-16.4800391,15.9439354],[-16.4803221,15.9440699],[-16.4800411,15.9442083],[-16.4797582,15.9440738]]]}},{"type":"Feature","properties":{"elevation":0.0},"geometry":{"type":"MultiLineString","coordinates":[[[-16.4743954,15.9434284],[-16.474299777146992,15.943522247000024]],[[-16.47446730350674,15.944228026339399],[-16.4745884,15.9441092],[-16.4745394,15.9438367],[-16.4748194,15.943562],[-16.4746764,15.9432901],[-16.4743954,15.9434284]]]}},{"type":"Feature","properties":{"elevation":5.0},"geometry":{"type":"MultiLineString","coordinates":[[[-16.5130283,15.9432971],[-16.5133103,15.9432951],[-16.513592575707644,15.943564355243666]],[[-16.513170589355575,15.943703745317688],[-16.5130303,15.94357],[-16.5130283,15.9432971]]]}},{"type":"Feature","properties":{"elevation":5.0},"geometry":{"type":"LineString","coordinates":[[-16.4915976,15.9434465],[-16.4915996,15.9437193]]}},{"type":"Feature","properties":{"elevation":5.0},"geometry":{"type":"LineString","coordinates":[[-16.4966713,15.9431385],[-16.4975172,15.9431326],[-16.4980832,15.9434015],[-16.4980852,15.9436743],[-16.4978032,15.9436763],[-16.4975233,15.9439511],[-16.4975253,15.9442239],[-16.4972453,15.9444987],[-16.4966814,15.9445026],[-16.4966794,15.9442298],[-16.4969593,15.943955],[-16.4969553,15.9434094],[-16.4966713,15.9431385]]}},{"type":"Feature","properties":{"elevation":5.0},"geometry":{"type":"MultiLineString","coordinates":[[[-16.4842599,15.9426786],[-16.4845419,15.9426767],[-16.4846849,15.9429485],[-16.4845459,15.9432223],[-16.4845479,15.9434952],[-16.4848319,15.9437661]],[[-16.4848319,15.9437661],[-16.4851139,15.9437641],[-16.4856739,15.9432146],[-16.4859579,15.9434855],[-16.4859619,15.9440311],[-16.4856819,15.9443059],[-16.4856839,15.9445787],[-16.4854019,15.9445807],[-16.4853999,15.9443078],[-16.4851159,15.9440369],[-16.4848319,15.9437661]],[[-16.4848319,15.9437661],[-16.4845499,15.943768],[-16.48399,15.9443175],[-16.483994,15.9448632]],[[-16.483994,15.9448632],[-16.48456,15.9451321]],[[-16.48456,15.9451321],[-16.484842,15.9451302],[-16.484842000345562,15.945130199660733]],[[-16.484842000345562,15.945130199660733],[-16.4851219,15.9448554],[-16.4851239,15.9451283],[-16.484842000345562,15.945130199660733]],[[-16.484842000345562,15.945130199660733],[-16.48456,15.9451321]],[[-16.48456,15.9451321],[-16.48428,15.9454069],[-16.483999,15.9455453],[-16.483857,15.9454098],[-16.483714,15.945138],[-16.483994,15.9448632]],[[-16.483994,15.9448632],[-16.48371,15.9445923],[-16.483706,15.9440467],[-16.483422,15.9437758],[-16.483326,15.9435036],[-16.4834193,15.943412],[-16.4837,15.9432282],[-16.4842599,15.9426786]]]}},{"type":"Feature","properties":{"elevation":0.0},"geometry":{"type":"LineString","coordinates":[[-16.4757974,15.9423275],[-16.4755164,15.9424658],[-16.4757994,15.9426003],[-16.4759394,15.9424629],[-16.4757974,15.9423275]]}},{"type":"Feature","properties":{"elevation":5.0},"geometry":{"type":"LineString","coordinates":[[-16.4856638,15.9418504],[-16.4859458,15.9418485],[-16.4859478,15.9421213],[-16.4856678,15.9423961],[-16.4853838,15.9421252],[-16.4856638,15.9418504]]}},{"type":"Feature","properties":{"elevation":5.0},"geometry":{"type":"LineString","coordinates":[[-16.4939333,15.9415204],[-16.4941207,15.9414412],[-16.4944053,15.94179],[-16.4941223,15.9416555],[-16.4939333,15.9415204]]}},{"type":"Feature","properties":{"elevation":5.0},"geometry":{"type":"LineString","coordinates":[[-16.4836839,15.9410455],[-16.4839659,15.9410436],[-16.4841089,15.9413155],[-16.4839699,15.9415893],[-16.4836859,15.9413184],[-16.4836839,15.9410455]]}},{"type":"Feature","properties":{"elevation":5.0},"geometry":{"type":"LineString","coordinates":[[-16.476634332,15.941093949],[-16.476634333,15.941093948],[-16.476634333,15.941093949],[-16.476634332,15.941093949]]}},{"type":"Feature","properties":{"elevation":5.0},"geometry":{"type":"LineString","coordinates":[[-16.4989089,15.9406674],[-16.4989109,15.9409402]]}},{"type":"Feature","properties":{"elevation":5.0},"geometry":{"type":"MultiLineString","coordinates":[[[-16.4927033,15.9404376],[-16.4927053,15.940710400000002]],[[-16.4927053,15.940710400000002],[-16.4927073,15.9409832],[-16.4929913,15.9412541],[-16.4932774,15.9417978],[-16.4932874,15.943162],[-16.4924415,15.9431678],[-16.4924354,15.9423493],[-16.4921514,15.9420785],[-16.4920084,15.9418066],[-16.4922884,15.9415318],[-16.4924274,15.941258],[-16.4924254,15.9409852],[-16.4927053,15.940710400000002]],[[-16.4927053,15.940710400000002],[-16.4927053,15.9407104],[-16.4927033,15.9404376]]]}},{"type":"Feature","properties":{"elevation":5.0},"geometry":{"type":"LineString","coordinates":[[-16.496369,15.9404122],[-16.496653,15.940683],[-16.497217,15.9406791],[-16.497219,15.940952],[-16.4963792,15.9417763],[-16.4963771,15.9415035],[-16.4966571,15.9412287],[-16.4966551,15.9409559],[-16.4963711,15.940685],[-16.496369,15.9404122]]}},{"type":"Feature","properties":{"elevation":5.0},"geometry":{"type":"LineString","coordinates":[[-16.4994708,15.9403906],[-16.5000348,15.9403867],[-16.5001778,15.9406585],[-16.5000378,15.9407959],[-16.4997548,15.9406615],[-16.4994728,15.9406635],[-16.4994708,15.9403906]]}},{"type":"Feature","properties":{"elevation":5.0},"geometry":{"type":"LineString","coordinates":[[-16.4934062,15.9401599],[-16.4935462,15.9400225],[-16.4935942,15.9401586],[-16.4938312,15.9404298],[-16.4938353,15.9409754],[-16.4935533,15.9409774],[-16.4934103,15.9407055],[-16.4934062,15.9401599]]}},{"type":"Feature","properties":{"elevation":5.0},"geometry":{"type":"LineString","coordinates":[[-16.51593755995396,15.939729776879759],[-16.5158215,15.9397306],[-16.5158205,15.9395942]]}},{"type":"Feature","properties":{"elevation":5.0},"geometry":{"type":"LineString","coordinates":[[-16.488469559,15.939921185],[-16.48846956,15.939921185]]}},{"type":"Feature","properties":{"elevation":5.0},"geometry":{"type":"LineString","coordinates":[[-16.488749527,15.93964641],[-16.488749528,15.93964641]]}},{"type":"Feature","properties":{"elevation":5.0},"geometry":{"type":"LineString","coordinates":[[-16.4969229,15.9390441],[-16.4969249,15.939317]]}},{"type":"Feature","properties":{"elevation":5.0},"geometry":{"type":"Point","coordinates":[-16.500306619,15.939020609]}},{"type":"Feature","properties":{"elevation":5.0},"geometry":{"type":"LineString","coordinates":[[-16.4746455,15.9390612],[-16.4743645,15.9391996],[-16.4740845,15.9394743],[-16.4740865,15.9397472],[-16.4746545,15.940289],[-16.4749345,15.9400142],[-16.4752124,15.9394666],[-16.4752105,15.9391938],[-16.4749275,15.9390593],[-16.4746455,15.9390612]]}},{"type":"Feature","properties":{"elevation":5.0},"geometry":{"type":"LineString","coordinates":[[-16.493255146,15.938796725],[-16.493255147,15.938796724],[-16.493255147,15.938796725],[-16.493255146,15.938796725]]}},{"type":"Feature","properties":{"elevation":5.0},"geometry":{"type":"LineString","coordinates":[[-16.490717341,15.938814287],[-16.490717341,15.938814288]]}},{"type":"Feature","properties":{"elevation":5.0},"geometry":{"type":"LineString","coordinates":[[-16.51560855611843,15.938095023006252],[-16.5155272,15.9380956],[-16.5149653,15.9383724],[-16.5146833,15.9383744],[-16.5145444,15.9386482],[-16.5146874,15.9389201],[-16.5149704,15.9390545],[-16.5152534,15.9391889],[-16.5156764,15.9391859]]}},{"type":"Feature","properties":{"elevation":5.0},"geometry":{"type":"LineString","coordinates":[[-16.489867377,15.938274479],[-16.489867377,15.93827448]]}},{"type":"Feature","properties":{"elevation":5.0},"geometry":{"type":"LineString","coordinates":[[-16.4802771,15.9379313],[-16.4799961,15.9380696],[-16.4800001,15.9386153],[-16.4802841,15.9388862],[-16.4805641,15.9386114],[-16.4808461,15.9386095],[-16.4809146,15.9383362],[-16.4809126,15.9380633],[-16.4808401,15.937791],[-16.4805581,15.9377929],[-16.4802771,15.9379313]]}},{"type":"Feature","properties":{"elevation":5.0},"geometry":{"type":"LineString","coordinates":[[-16.4969148,15.9379528],[-16.4971988,15.9382237],[-16.4969178,15.9383621],[-16.4966348,15.9382276],[-16.4969148,15.9379528]]}},{"type":"Feature","properties":{"elevation":5.0},"geometry":{"type":"LineString","coordinates":[[-16.5112935,15.9375797],[-16.5115775,15.9378505],[-16.5112966,15.9379889],[-16.5112485,15.9378528],[-16.5112935,15.9375797]]}},{"type":"Feature","properties":{"elevation":10.0},"geometry":{"type":"LineString","coordinates":[[-16.481404,15.9377871],[-16.481688,15.938058],[-16.4817464,15.9383304],[-16.481691,15.9384672],[-16.481551,15.9386046],[-16.4814105,15.9386738],[-16.481316,15.9386062],[-16.481267,15.9383337],[-16.481406,15.9380599],[-16.481404,15.9377871]]}},{"type":"Feature","properties":{"elevation":5.0},"geometry":{"type":"MultiLineString","coordinates":[[[-16.5156784,15.9394588],[-16.5149735,15.9394637],[-16.5146936,15.9397385],[-16.5146977,15.9402842],[-16.5149817,15.940555],[-16.5149837,15.9408278],[-16.5147038,15.9411026],[-16.5147059,15.9413755],[-16.5149899,15.9416463],[-16.5152719,15.9416443],[-16.5155518,15.9413695],[-16.5158338,15.9413675],[-16.5156948,15.9416414],[-16.5156989,15.942187],[-16.515559,15.9423244],[-16.515278,15.9424628],[-16.5149919,15.9419191],[-16.514428,15.9419231],[-16.514148,15.9421979],[-16.5141501,15.9424707],[-16.5138661,15.9421999]],[[-16.5138661,15.9421999],[-16.5135841,15.9422019],[-16.5133001,15.941931],[-16.513582,15.941929],[-16.5138661,15.9421999]],[[-16.5138661,15.9421999],[-16.514146,15.9419251],[-16.5141439,15.9416523],[-16.5144218,15.9411046],[-16.5141388,15.9409702],[-16.5138572,15.9410176],[-16.5135738,15.9408377],[-16.5134308,15.9405659],[-16.5135698,15.9402921],[-16.5135677,15.9400193],[-16.5138476,15.9397445],[-16.5138456,15.9394716],[-16.5137026,15.9391998],[-16.5137005,15.938927],[-16.5136515,15.9386545],[-16.5138374,15.9383803],[-16.5143973,15.9378307],[-16.5143911,15.9370123],[-16.5149551,15.9370083],[-16.515235,15.9367335],[-16.515234,15.9365971]]]}},{"type":"Feature","properties":{"elevation":5.0},"geometry":{"type":"LineString","coordinates":[[-16.4847807,15.9368089],[-16.4844998,15.9369473],[-16.4842198,15.9372221],[-16.4842218,15.9374949],[-16.4845058,15.9377658],[-16.4847857,15.937491],[-16.4850637,15.9369434],[-16.4847807,15.9368089]]}},{"type":"Feature","properties":{"elevation":0.0},"geometry":{"type":"LineString","coordinates":[[-16.4988765,15.9363022],[-16.4985965,15.9365769],[-16.4988805,15.9368478],[-16.4991605,15.936573],[-16.4988765,15.9363022]]}},{"type":"Feature","properties":{"elevation":5.0},"geometry":{"type":"Point","coordinates":[-16.477448327,15.936722884]}},{"type":"Feature","properties":{"elevation":5.0},"geometry":{"type":"LineString","coordinates":[[-16.474064596,15.936746043],[-16.474064596,15.936746044]]}},{"type":"Feature","properties":{"elevation":5.0},"geometry":{"type":"LineString","coordinates":[[-16.5042319,15.935992],[-16.5047959,15.9359881],[-16.5047999,15.9365337],[-16.5045159,15.9362629],[-16.504234,15.9362648],[-16.5042319,15.935992]]}},{"type":"Feature","properties":{"elevation":5.0},"geometry":{"type":"LineString","coordinates":[[-16.5150899,15.9361888],[-16.5149489,15.9361898],[-16.5149438,15.9355078]]}},{"type":"Feature","properties":{"elevation":5.0},"geometry":{"type":"MultiLineString","coordinates":[[[-16.492667,15.9355267],[-16.492949,15.9355247],[-16.492953,15.9360704],[-16.492673,15.9363452],[-16.4926811,15.9374365],[-16.4929651,15.9377074]],[[-16.4929651,15.9377074],[-16.4932467,15.9376508],[-16.4933411,15.9377048],[-16.4932474,15.9377509],[-16.4929651,15.9377074]],[[-16.4929651,15.9377074],[-16.4926851,15.9379821],[-16.4929681,15.9381166],[-16.4930161,15.9382527],[-16.4929701,15.9383894],[-16.4928302,15.9385268],[-16.4926912,15.9388006]],[[-16.4926912,15.9388006],[-16.4926952,15.9393463]],[[-16.4926952,15.9393463],[-16.4929792,15.9396172]],[[-16.4929792,15.9396172],[-16.4929833,15.9401628]],[[-16.4926952,15.9393463],[-16.4924153,15.9396211],[-16.4918533,15.9398978],[-16.4918513,15.939625],[-16.4921313,15.9393502],[-16.4924132,15.9393482],[-16.4926932,15.9390735],[-16.4926912,15.9388006]],[[-16.4926912,15.9388006],[-16.4921232,15.9382589],[-16.4918419,15.9383518],[-16.4917002,15.9382618],[-16.4915572,15.93799],[-16.4918382,15.9378516],[-16.4921202,15.9378496],[-16.4924011,15.9377113],[-16.4923971,15.9371656],[-16.4918311,15.9368967],[-16.4917351,15.9366245],[-16.4918271,15.936351],[-16.4918251,15.9360782],[-16.492389,15.9360743],[-16.492667,15.9355267]]]}},{"type":"Feature","properties":{"elevation":5.0},"geometry":{"type":"LineString","coordinates":[[-16.4781433,15.9353539],[-16.4782833,15.9352165],[-16.4785662,15.935351],[-16.4791342,15.9358928],[-16.4791362,15.9361656],[-16.4785682,15.9356238],[-16.4782863,15.9356258],[-16.4781433,15.9353539]]}},{"type":"Feature","properties":{"elevation":5.0},"geometry":{"type":"MultiLineString","coordinates":[[[-16.4980184,15.9346711],[-16.4980204,15.9349439]],[[-16.4980204,15.9349439],[-16.4983044,15.9352148],[-16.4980245,15.9354895],[-16.4977415,15.9353551],[-16.4976935,15.935219],[-16.4980204,15.9349439]]]}},{"type":"Feature","properties":{"elevation":5.0},"geometry":{"type":"LineString","coordinates":[[-16.492379,15.9347102],[-16.4926609,15.9347082]]}},{"type":"Feature","properties":{"elevation":5.0},"geometry":{"type":"LineString","coordinates":[[-16.4994262,15.9343884],[-16.4997072,15.9342501],[-16.4999902,15.9343845],[-16.5003212,15.9346551],[-16.5002752,15.9347918],[-16.4999922,15.9346573],[-16.4997102,15.9346593],[-16.4994303,15.9349341],[-16.4994262,15.9343884]]}},{"type":"Feature","properties":{"elevation":5.0},"geometry":{"type":"LineString","coordinates":[[-16.4765864,15.934546],[-16.4771504,15.9345422],[-16.4774343,15.9348131],[-16.4777163,15.9348111],[-16.4771564,15.9353607],[-16.4771584,15.9356335],[-16.4765904,15.9350917],[-16.4765864,15.934546]]}},{"type":"Feature","properties":{"elevation":5.0},"geometry":{"type":"LineString","coordinates":[[-16.4887073,15.933917],[-16.4889913,15.9341879],[-16.4887093,15.9341899],[-16.4887073,15.933917]]}},{"type":"Feature","properties":{"elevation":5.0},"geometry":{"type":"LineString","coordinates":[[-16.5147998,15.9350995],[-16.5146588,15.9351005],[-16.5143788,15.9353753],[-16.5143809,15.9356481],[-16.5140989,15.9356501],[-16.5140969,15.9353773],[-16.5139538,15.9351055],[-16.5140928,15.9348316],[-16.5143727,15.9345568],[-16.5140887,15.934286],[-16.5143686,15.9340112],[-16.514364204687134,15.933423348449331]]}},{"type":"Feature","properties":{"elevation":5.0},"geometry":{"type":"LineString","coordinates":[[-16.4836298,15.9336792],[-16.4839137,15.9339501],[-16.4836318,15.933952],[-16.4836298,15.9336792]]}},{"type":"Feature","properties":{"elevation":5.0},"geometry":{"type":"LineString","coordinates":[[-16.5142215,15.9331937],[-16.5140805,15.9331947],[-16.5140785,15.9329219],[-16.5142194,15.9329209]]}},{"type":"Feature","properties":{"elevation":5.0},"geometry":{"type":"LineString","coordinates":[[-16.5050555,15.932985],[-16.5053385,15.9331195],[-16.5054805,15.9332549],[-16.5050595,15.9335307],[-16.5050555,15.932985]]}},{"type":"Feature","properties":{"elevation":5.0},"geometry":{"type":"LineString","coordinates":[[-16.4901111,15.9330888],[-16.4903931,15.9330869],[-16.4901131,15.9333616],[-16.4901111,15.9330888]]}},{"type":"Feature","properties":{"elevation":5.0},"geometry":{"type":"LineString","coordinates":[[-16.4760105,15.9329129],[-16.4760145,15.9334586],[-16.4757345,15.9337333],[-16.4757325,15.9334605],[-16.4760125,15.9331858],[-16.4760105,15.9329129]]}},{"type":"Feature","properties":{"elevation":5.0},"geometry":{"type":"LineString","coordinates":[[-16.50618132,15.932704328],[-16.50618132,15.932704327]]}},{"type":"Feature","properties":{"elevation":5.0},"geometry":{"type":"LineString","coordinates":[[-16.490952973,15.932537301],[-16.490952973,15.932537302]]}},{"type":"Feature","properties":{"elevation":0.0},"geometry":{"type":"LineString","coordinates":[[-16.4830548,15.9321825],[-16.4829618,15.9323196],[-16.4829638,15.9325924],[-16.4830588,15.9327282],[-16.4833418,15.9328626],[-16.4834808,15.9325888],[-16.4834083,15.9323165],[-16.4833368,15.9321806],[-16.4830548,15.9321825]]}},{"type":"Feature","properties":{"elevation":5.0},"geometry":{"type":"LineString","coordinates":[[-16.4976125,15.9322183],[-16.4977175,15.9321153],[-16.4979992,15.9320792],[-16.4981412,15.9322146],[-16.4980012,15.932352],[-16.4977197,15.9324222],[-16.4976125,15.9322183]]}},{"type":"Feature","properties":{"elevation":5.0},"geometry":{"type":"LineString","coordinates":[[-16.479390179,15.932344084],[-16.47939018,15.932344084]]}},{"type":"Feature","properties":{"elevation":5.0},"geometry":{"type":"MultiLineString","coordinates":[[[-16.4838057,15.9320409],[-16.4838987,15.9319038],[-16.4841817,15.9320383],[-16.4844657,15.9323092]],[[-16.4844657,15.9323092],[-16.4853116,15.9323034],[-16.4861635,15.933116],[-16.4858835,15.9333908],[-16.4858855,15.9336636],[-16.4861695,15.9339345],[-16.4861755,15.934753],[-16.4864595,15.9350239],[-16.4867395,15.9347491],[-16.4870215,15.9347472],[-16.4864615,15.9352967],[-16.4867455,15.9355676],[-16.4864656,15.9358424],[-16.4864676,15.9361152],[-16.4861876,15.93639],[-16.4859036,15.9361191],[-16.4859016,15.9358463],[-16.4861796,15.9352987],[-16.4856116,15.9347569],[-16.4853296,15.9347588],[-16.4853276,15.934486],[-16.4850436,15.9342151],[-16.4850396,15.9336695],[-16.4853196,15.9333947],[-16.4853156,15.932849],[-16.4847476,15.9323073],[-16.4844657,15.9323092]],[[-16.4844657,15.9323092],[-16.4841857,15.932584],[-16.4839037,15.9325859],[-16.4838077,15.9323137],[-16.4838057,15.9320409]]]}},{"type":"Feature","properties":{"elevation":5.0},"geometry":{"type":"MultiLineString","coordinates":[[[-16.4889752,15.9320053],[-16.489259048337445,15.93227615070311]],[[-16.489259048337445,15.93227615070311],[-16.4892591,15.9322762],[-16.4895411,15.9322742],[-16.489259048337445,15.93227615070311]],[[-16.489259048337445,15.93227615070311],[-16.4889772,15.9322781],[-16.4889752,15.9320053]]]}},{"type":"Feature","properties":{"elevation":5.0},"geometry":{"type":"LineString","coordinates":[[-16.5033515,15.9313599],[-16.5033535,15.9316327]]}},{"type":"Feature","properties":{"elevation":5.0},"geometry":{"type":"LineString","coordinates":[[-16.490379,15.9311771],[-16.4906609,15.9311751],[-16.4906629,15.9314479],[-16.490381,15.9314499],[-16.490379,15.9311771]]}},{"type":"Feature","properties":{"elevation":5.0},"geometry":{"type":"LineString","coordinates":[[-16.4892511,15.9311849],[-16.4895331,15.9311829],[-16.4895351,15.9314557],[-16.4892531,15.9314577],[-16.4892511,15.9311849]]}},{"type":"Feature","properties":{"elevation":0.0},"geometry":{"type":"LineString","coordinates":[[-16.4923467,15.9303449],[-16.4920667,15.9306197],[-16.4923507,15.9308906],[-16.4926307,15.9306158],[-16.4923467,15.9303449]]}},{"type":"Feature","properties":{"elevation":0.0},"geometry":{"type":"LineString","coordinates":[[-16.4776844,15.9304459],[-16.4775924,15.9307194],[-16.4776884,15.9309915],[-16.4779703,15.9309896],[-16.4782503,15.9307148],[-16.4779663,15.9304439],[-16.4776844,15.9304459]]}},{"type":"Feature","properties":{"elevation":5.0},"geometry":{"type":"LineString","coordinates":[[-16.4765585,15.9307264],[-16.4768405,15.9307245],[-16.4771244,15.9309954],[-16.4762785,15.9310012],[-16.4765585,15.9307264]]}},{"type":"Feature","properties":{"elevation":5.0},"geometry":{"type":"Point","coordinates":[-16.50362329,15.929993774]}},{"type":"Feature","properties":{"elevation":5.0},"geometry":{"type":"LineString","coordinates":[[-16.4790902,15.9298906],[-16.4793722,15.9298886],[-16.4793742,15.9301615],[-16.4790922,15.9301634],[-16.4790902,15.9298906]]}},{"type":"Feature","properties":{"elevation":5.0},"geometry":{"type":"LineString","coordinates":[[-16.4920607,15.9298012],[-16.4923427,15.9297993]]}},{"type":"Feature","properties":{"elevation":5.0},"geometry":{"type":"LineString","coordinates":[[-16.505309,15.9291635],[-16.5047491,15.9297131],[-16.5050331,15.9299839],[-16.5053151,15.929982],[-16.505595,15.9297072],[-16.505593,15.9294344],[-16.505309,15.9291635]]}},{"type":"Feature","properties":{"elevation":5.0},"geometry":{"type":"LineString","coordinates":[[-16.475009448406507,15.931278418823279],[-16.4750117,15.9312827],[-16.4750136,15.9315555],[-16.47494781502718,15.93162010940147]]}},{"type":"Feature","properties":{"elevation":0.0},"geometry":{"type":"LineString","coordinates":[[-16.4835947,15.9289047],[-16.4834547,15.9290421],[-16.4834567,15.9293149],[-16.4835987,15.9294503],[-16.4838817,15.9295848],[-16.4841616,15.92931],[-16.4838767,15.9289027],[-16.4835947,15.9289047]]}},{"type":"Feature","properties":{"elevation":5.0},"geometry":{"type":"LineString","coordinates":[[-16.4914887,15.9287138],[-16.4915377,15.9289863],[-16.4914917,15.9291231],[-16.4912108,15.9292614],[-16.4909308,15.9295362],[-16.4906468,15.9292653],[-16.4909268,15.9289905],[-16.4912088,15.9289886],[-16.4914887,15.9287138]]}},{"type":"Feature","properties":{"elevation":5.0},"geometry":{"type":"LineString","coordinates":[[-16.4895149,15.9287275],[-16.4897969,15.9287255]]}},{"type":"Feature","properties":{"elevation":0.0},"geometry":{"type":"LineString","coordinates":[[-16.4768238,15.9284509],[-16.4765425,15.9285438],[-16.4768265,15.9288147],[-16.4769655,15.9285409],[-16.4768238,15.9284509]]}},{"type":"Feature","properties":{"elevation":5.0},"geometry":{"type":"LineString","coordinates":[[-16.476536555,15.927725305],[-16.476536555,15.927725304]]}},{"type":"Feature","properties":{"elevation":0.0},"geometry":{"type":"LineString","coordinates":[[-16.5069855,15.9271055],[-16.5067045,15.9272439],[-16.5064246,15.9275187],[-16.5064267,15.9277915],[-16.5069926,15.9280604],[-16.5071316,15.9277866],[-16.5071275,15.9272409],[-16.5069855,15.9271055]]}},{"type":"Feature","properties":{"elevation":0.0},"geometry":{"type":"LineString","coordinates":[[-16.4770975,15.9273122],[-16.4769575,15.9274496],[-16.4770995,15.927585],[-16.4772395,15.9274476],[-16.4770975,15.9273122]]}},{"type":"Feature","properties":{"elevation":5.0},"geometry":{"type":"MultiLineString","coordinates":[[[-16.4831607,15.927407],[-16.4833007,15.9272696],[-16.4835837,15.9274041],[-16.4835857,15.9276769]],[[-16.4835857,15.9276769],[-16.4838696,15.9279478]],[[-16.4838696,15.9279478],[-16.4841506,15.9278095],[-16.4842926,15.9279449],[-16.4841526,15.9280823],[-16.4838696,15.9279478]],[[-16.4835857,15.9276769],[-16.4833037,15.9276789],[-16.4831607,15.927407]]]}},{"type":"Feature","properties":{"elevation":5.0},"geometry":{"type":"Point","coordinates":[-16.489786851,15.927361365]}},{"type":"Feature","properties":{"elevation":5.0},"geometry":{"type":"LineString","coordinates":[[-16.4804781,15.9268798],[-16.4803391,15.9271536],[-16.4804821,15.9274254],[-16.480762,15.9271507],[-16.4804781,15.9268798]]}},{"type":"Feature","properties":{"elevation":5.0},"geometry":{"type":"LineString","coordinates":[[-16.480759,15.9267414],[-16.4804781,15.9268798],[-16.480762,15.9271507],[-16.480901,15.9268769],[-16.480759,15.9267414]]}},{"type":"Feature","properties":{"elevation":5.0},"geometry":{"type":"LineString","coordinates":[[-16.4827318,15.9265914],[-16.4830127,15.9264531],[-16.4831547,15.9265885],[-16.4830147,15.9267259],[-16.4827318,15.9265914]]}},{"type":"Feature","properties":{"elevation":5.0},"geometry":{"type":"MultiLineString","coordinates":[[[-16.5050046,15.9261644],[-16.5052866,15.9261624],[-16.5052927,15.9269809],[-16.5058607,15.9275226],[-16.5057218,15.9277964],[-16.5057238,15.9280692],[-16.5055838,15.9282066],[-16.5053008,15.9280722],[-16.504741,15.9286218]],[[-16.504741,15.9286218],[-16.505593,15.9294344],[-16.5058749,15.9294324],[-16.505877,15.9297052],[-16.505597,15.92998],[-16.506449,15.9307926],[-16.5058871,15.9310693],[-16.5056031,15.9307985],[-16.5053212,15.9308005],[-16.5044814,15.9316248]],[[-16.5044814,15.9316248],[-16.5047654,15.9318957],[-16.5047674,15.9321685],[-16.5044854,15.9321705],[-16.5042014,15.9318996],[-16.5044814,15.9316248]],[[-16.5044814,15.9316248],[-16.5044793,15.931352],[-16.5047593,15.9310772],[-16.5044753,15.9308064],[-16.5044732,15.9305335],[-16.5047552,15.9305316],[-16.5050351,15.9302568],[-16.5050331,15.9299839],[-16.5047491,15.9297131],[-16.5044672,15.929715],[-16.5043241,15.9294432],[-16.5044631,15.9291694],[-16.504743,15.9288946],[-16.504741,15.9286218]],[[-16.504741,15.9286218],[-16.504457,15.9283509],[-16.504175,15.9283529],[-16.5038951,15.9286277],[-16.5038931,15.9283549],[-16.504173,15.9280801],[-16.5041689,15.9275344],[-16.5044489,15.9272596],[-16.5044448,15.926714],[-16.5050046,15.9261644]]]}},{"type":"Feature","properties":{"elevation":5.0},"geometry":{"type":"LineString","coordinates":[[-16.4866742,15.9258822],[-16.4863933,15.9260206],[-16.4861113,15.9260225],[-16.4858313,15.9262973],[-16.4858333,15.9265701],[-16.4861173,15.926841],[-16.4863993,15.926839],[-16.4864013,15.9271119],[-16.4866853,15.9273828],[-16.4869672,15.9273808],[-16.4875271,15.9268313],[-16.4872432,15.9265604],[-16.4870297,15.926289],[-16.4869572,15.9260167],[-16.4866742,15.9258822]]}},{"type":"Feature","properties":{"elevation":5.0},"geometry":{"type":"Point","coordinates":[-16.502744917,15.925634447]}},{"type":"Feature","properties":{"elevation":5.0},"geometry":{"type":"LineString","coordinates":[[-16.488081,15.9254632],[-16.488083,15.9257361]]}},{"type":"Feature","properties":{"elevation":0.0},"geometry":{"type":"LineString","coordinates":[[-16.4875131,15.9249215],[-16.4873741,15.9251953],[-16.4875157,15.9252852],[-16.4876561,15.9251933],[-16.4875131,15.9249215]]}},{"type":"Feature","properties":{"elevation":5.0},"geometry":{"type":"LineString","coordinates":[[-16.5058424,15.9250672],[-16.5061243,15.9250652],[-16.5062674,15.925337],[-16.5062694,15.9256099],[-16.5064114,15.9257453],[-16.5066944,15.9258797],[-16.5066984,15.9264254],[-16.5064175,15.9265638],[-16.5061355,15.9265657],[-16.5059935,15.9264303],[-16.5059874,15.9256118],[-16.5058444,15.92534],[-16.5058424,15.9250672]]}},{"type":"Feature","properties":{"elevation":5.0},"geometry":{"type":"MultiLineString","coordinates":[[[-16.5007672,15.9251025],[-16.5010491,15.9251006],[-16.5013331,15.9253714],[-16.5016151,15.9253695],[-16.5010552,15.9259191],[-16.5010572,15.9261919]],[[-16.5010572,15.9261919],[-16.5013412,15.9264627]],[[-16.5013412,15.9264627],[-16.5016211,15.926188],[-16.5019024,15.926095],[-16.502184,15.9260476],[-16.502326,15.926183],[-16.5021871,15.9264569],[-16.5019061,15.9265952],[-16.5016232,15.9264608],[-16.5013412,15.9264627]],[[-16.5013412,15.9264627],[-16.5007813,15.9270123],[-16.5004994,15.9270143],[-16.5004974,15.9267415],[-16.5010572,15.9261919]],[[-16.5010572,15.9261919],[-16.5004892,15.9256501],[-16.5004872,15.9253773],[-16.5007672,15.9251025]]]}},{"type":"Feature","properties":{"elevation":0.0},"geometry":{"type":"LineString","coordinates":[[-16.4773615,15.9248548],[-16.4772685,15.9249919],[-16.4773645,15.925264],[-16.4775035,15.9249903],[-16.4773615,15.9248548]]}},{"type":"Feature","properties":{"elevation":5.0},"geometry":{"type":"LineString","coordinates":[[-16.474824844,15.925008578],[-16.474824844,15.925008579]]}},{"type":"Feature","properties":{"elevation":0.0},"geometry":{"type":"LineString","coordinates":[[-16.4798961,15.9244282],[-16.4797572,15.924702],[-16.4794772,15.9249767],[-16.4793382,15.9252505],[-16.4796222,15.9255214],[-16.4801861,15.9255176],[-16.4803251,15.9252438],[-16.4803231,15.9249709],[-16.4802506,15.9246986],[-16.4801781,15.9244262],[-16.4798961,15.9244282]]}},{"type":"Feature","properties":{"elevation":5.0},"geometry":{"type":"LineString","coordinates":[[-16.5021729,15.9245471],[-16.5030188,15.9245412],[-16.5027388,15.924816],[-16.5021749,15.9248199],[-16.5021729,15.9245471]]}},{"type":"Feature","properties":{"elevation":0.0},"geometry":{"type":"LineString","coordinates":[[-16.4968116,15.9240386],[-16.4965317,15.9243134],[-16.4968147,15.9244479],[-16.4969077,15.9243108],[-16.4968116,15.9240386]]}},{"type":"Feature","properties":{"elevation":5.0},"geometry":{"type":"LineString","coordinates":[[-16.4973776,15.9243076],[-16.4976616,15.9245784],[-16.4970976,15.9245823],[-16.4973776,15.9243076]]}},{"type":"Feature","properties":{"elevation":0.0},"geometry":{"type":"LineString","coordinates":[[-16.495119,15.9239334],[-16.4948379,15.9240523],[-16.4951214,15.924255],[-16.4956852,15.9242284],[-16.4958718,15.9240452],[-16.495683,15.9239373],[-16.495119,15.9239334]]}},{"type":"Feature","properties":{"elevation":0.0},"geometry":{"type":"LineString","coordinates":[[-16.4753808,15.9239134],[-16.4751008,15.9241882],[-16.4753838,15.9243226],[-16.4755238,15.9241853],[-16.4753808,15.9239134]]}},{"type":"Feature","properties":{"elevation":5.0},"geometry":{"type":"LineString","coordinates":[[-16.4818659,15.923869],[-16.4815859,15.9241437],[-16.4821538,15.9246855],[-16.4824358,15.9246836],[-16.4827157,15.9244088],[-16.4827137,15.924136],[-16.4824298,15.9238651],[-16.4818659,15.923869]]}},{"type":"Feature","properties":{"elevation":5.0},"geometry":{"type":"LineString","coordinates":[[-16.4789073,15.9241621],[-16.4790473,15.9240247],[-16.4793322,15.924432],[-16.4791932,15.9247058],[-16.4787723,15.9249816],[-16.4784903,15.9249835],[-16.4789073,15.9241621]]}},{"type":"Feature","properties":{"elevation":5.0},"geometry":{"type":"LineString","coordinates":[[-16.492582285,15.924067942],[-16.492582286,15.924067942]]}},{"type":"Feature","properties":{"elevation":0.0},"geometry":{"type":"LineString","coordinates":[[-16.4781994,15.9237577],[-16.4781064,15.9238947],[-16.4780144,15.9241682],[-16.4782044,15.9244398],[-16.4784843,15.924165],[-16.4784824,15.9238922],[-16.4781994,15.9237577]]}},{"type":"Feature","properties":{"elevation":5.0},"geometry":{"type":"LineString","coordinates":[[-16.4900427,15.9238127],[-16.4903266,15.9240835],[-16.4900467,15.9243583],[-16.4894828,15.9243622],[-16.4900427,15.9238127]]}},{"type":"Feature","properties":{"elevation":5.0},"geometry":{"type":"LineString","coordinates":[[-16.496245712,15.923769728],[-16.496245713,15.923769728],[-16.496245713,15.923769729],[-16.496245712,15.923769728]]}},{"type":"Feature","properties":{"elevation":5.0},"geometry":{"type":"LineString","coordinates":[[-16.4866551,15.9232903],[-16.4863752,15.9235651],[-16.4866592,15.923836],[-16.4869391,15.9235612],[-16.4866551,15.9232903]]}},{"type":"Feature","properties":{"elevation":5.0},"geometry":{"type":"MultiLineString","coordinates":[[[-16.5049823,15.9231633],[-16.5052642,15.9231613],[-16.505268266678208,15.923706968215233]],[[-16.505268266678208,15.923706968215233],[-16.505268267155408,15.923707032246138]],[[-16.505268267155408,15.923707032246138],[-16.5052703,15.9239798],[-16.5052724,15.9242526],[-16.5049925,15.9245274],[-16.5049945,15.9248002],[-16.5047146,15.925075],[-16.5044306,15.9248042],[-16.5035847,15.9248101],[-16.5035786,15.9239916],[-16.5038585,15.9237168]],[[-16.5038585,15.9237168],[-16.5038565,15.923444]],[[-16.5038585,15.9237168],[-16.5044265,15.9242585],[-16.5047085,15.9242566],[-16.505268267155408,15.923707032246138]],[[-16.505268267155408,15.923707032246138],[-16.5052683,15.923707],[-16.505268266678208,15.923706968215233]],[[-16.505268266678208,15.923706968215233],[-16.5049843,15.9234361],[-16.5049823,15.9231633]]]}},{"type":"Feature","properties":{"elevation":5.0},"geometry":{"type":"LineString","coordinates":[[-16.4776325,15.9233523],[-16.4779138,15.9232594],[-16.4779708,15.92335],[-16.4779164,15.9236232],[-16.4776365,15.923898],[-16.4773525,15.9236271],[-16.4776325,15.9233523]]}},{"type":"Feature","properties":{"elevation":0.0},"geometry":{"type":"LineString","coordinates":[[-16.4793212,15.9229315],[-16.4790403,15.9230698],[-16.4787603,15.9233446],[-16.4790429,15.9234336],[-16.4793262,15.9236135],[-16.4794652,15.9233398],[-16.4794632,15.9230669],[-16.4793212,15.9229315]]}},{"type":"Feature","properties":{"elevation":5.0},"geometry":{"type":"MultiLineString","coordinates":[[[-16.494266,15.9229649],[-16.4948299,15.922961],[-16.4948319,15.9232338]],[[-16.4948319,15.9232338],[-16.4951159,15.9235047]],[[-16.4951159,15.9235047],[-16.4953978,15.9235028]],[[-16.4948319,15.9232338],[-16.494268,15.9232378],[-16.494266,15.9229649]]]}},{"type":"Feature","properties":{"elevation":5.0},"geometry":{"type":"MultiLineString","coordinates":[[[-16.4880589,15.9224621],[-16.4883409,15.9224602],[-16.4883429,15.922733],[-16.4884859,15.9230049],[-16.4883469,15.9232787],[-16.4883489,15.9235515],[-16.4880669,15.9235534],[-16.4880649,15.9232806],[-16.487781,15.9230097],[-16.487501,15.9232845],[-16.487505,15.9238302],[-16.4866592,15.923836],[-16.4863792,15.9241108],[-16.4863812,15.9243836],[-16.4865242,15.9246554],[-16.4865262,15.9249283],[-16.4865752,15.9252008],[-16.4866702,15.9253365],[-16.4875191,15.92574],[-16.4878031,15.9260108],[-16.4878071,15.9265565],[-16.4880911,15.9268274],[-16.488373,15.9268254],[-16.488377,15.9273711],[-16.488661,15.927642],[-16.488943,15.92764],[-16.4892239,15.9275017],[-16.4893659,15.9276371],[-16.4893679,15.9279099],[-16.489228,15.9280473],[-16.488947,15.9281857],[-16.488379,15.9276439],[-16.4880991,15.9279187],[-16.4878171,15.9279206],[-16.4872492,15.9273789],[-16.4869692,15.9276536],[-16.4869712149173,15.927928485092394]],[[-16.4869712149173,15.927928485092394],[-16.4869732,15.9281993],[-16.48697325036099,15.928199348037998]],[[-16.48697325036099,15.928199348037998],[-16.4872572,15.9284702],[-16.4869753,15.9284721],[-16.48697325036099,15.928199348037998]],[[-16.48697325036099,15.928199348037998],[-16.4869712149173,15.927928485092394]],[[-16.4869712149173,15.927928485092394],[-16.4869712,15.9279265],[-16.4866873,15.9276556],[-16.4864053,15.9276575],[-16.4858454,15.9282071],[-16.4858474,15.9284799],[-16.4861314,15.9287508],[-16.4855715,15.9293003],[-16.4850075,15.9293042],[-16.4847235,15.9290333],[-16.4847215,15.9287605],[-16.4849995,15.9282129],[-16.4849895,15.9268488],[-16.4847055,15.9265779],[-16.4848445,15.9263041],[-16.4847015,15.9260322],[-16.4844175,15.9257613],[-16.4846995,15.9257594],[-16.4848385,15.9254856],[-16.4851184,15.9252108],[-16.4852587,15.9251189],[-16.4855404,15.9250715],[-16.4856333,15.9249344],[-16.4855373,15.9246622],[-16.4855333,15.9241166],[-16.4858133,15.9238418],[-16.4860952,15.9238399],[-16.4863752,15.9235651],[-16.4863732,15.9232923],[-16.4866551,15.9232903],[-16.4869391,15.9235612],[-16.4872191,15.9232864],[-16.487217,15.9230136],[-16.487499,15.9230117],[-16.4880589,15.9224621]]]}},{"type":"Feature","properties":{"elevation":5.0},"geometry":{"type":"MultiLineString","coordinates":[[[-16.473961,15.9225589],[-16.474243,15.922557],[-16.474247,15.9231026],[-16.4736811,15.9228336]],[[-16.4736811,15.9228336],[-16.4733991,15.9228356]],[[-16.4736811,15.9228336],[-16.473961,15.9225589]]]}},{"type":"Feature","properties":{"elevation":5.0},"geometry":{"type":"MultiLineString","coordinates":[[[-16.4719853,15.9222995],[-16.4719873,15.9225724]],[[-16.4719873,15.9225724],[-16.4722703,15.9227069],[-16.4724123,15.9228423],[-16.4725552,15.9231142],[-16.4731231,15.923656],[-16.4731251,15.9239288],[-16.473693,15.9244706],[-16.4742569,15.9244668],[-16.4742589,15.9247396],[-16.473695,15.9247435],[-16.473417,15.925291],[-16.4728531,15.9252949],[-16.472732629000838,15.925413090655251]],[[-16.473248534263547,15.926555557003894],[-16.473425,15.9263824],[-16.473427,15.9266552],[-16.473334506870657,15.926745942366537]],[[-16.474096166707014,15.94111162710326],[-16.4740965,15.9411113],[-16.4743775,15.940973],[-16.4745175,15.9408356],[-16.4746565,15.9405618],[-16.4746545,15.940289],[-16.4743705,15.9400181],[-16.474025511764044,15.940020424388823]],[[-16.474012520091875,15.93981977957415],[-16.4740865,15.9397472],[-16.4740845,15.9394743],[-16.47398393951808,15.939378378047353]],[[-16.473928872318947,15.938527914164036],[-16.4749165,15.9375587],[-16.4747735,15.9372869],[-16.4747715,15.9370141],[-16.4749105,15.9367403],[-16.4751905,15.9364655]],[[-16.4751905,15.9364655],[-16.4749065,15.9361946]],[[-16.4749065,15.9361946],[-16.4743426,15.9361985],[-16.4746246,15.9361965],[-16.4749045,15.9359218],[-16.4749065,15.9361946]],[[-16.4751905,15.9364655],[-16.4754715,15.9363272],[-16.4757545,15.9364616],[-16.4757565,15.9367345],[-16.4751965,15.937284],[-16.4754805,15.9375549],[-16.4757624,15.937553],[-16.4757644,15.9378258],[-16.4754845,15.9381005],[-16.4754865,15.9383734],[-16.4757704,15.9386443],[-16.4757724,15.9389171],[-16.4760564,15.939188],[-16.4760664,15.9405522],[-16.4757864,15.9408269],[-16.4760704,15.9410978],[-16.4757904,15.9413726],[-16.4752264,15.9413764],[-16.4746664,15.9419259],[-16.4743824,15.941655],[-16.474123380579744,15.941531921148425]],[[-16.47421530182536,15.94295156298123],[-16.4742514,15.9430202],[-16.474221033655,15.943040085988876]],[[-16.472556963971368,15.925024082441329],[-16.4725692,15.925024],[-16.4728491,15.9247492],[-16.4728471,15.9244764],[-16.4731271,15.9242016],[-16.4728432,15.9239307],[-16.4728412,15.9236579],[-16.4725572,15.923387],[-16.4722743,15.9232525],[-16.4719933,15.9233909],[-16.47177196275083,15.923285706148361]],[[-16.471602924715494,15.922911373337731],[-16.4716134,15.9228478],[-16.4717064,15.9227107],[-16.4719873,15.9225724]]]}},{"type":"Feature","properties":{"elevation":5.0},"geometry":{"type":"LineString","coordinates":[[-16.5046922,15.9220739],[-16.5049742,15.922072],[-16.5052581,15.9223428],[-16.5052602,15.9226157],[-16.5049782,15.9226176],[-16.5046942,15.9223468],[-16.5046922,15.9220739]]}},{"type":"Feature","properties":{"elevation":5.0},"geometry":{"type":"LineString","coordinates":[[-16.4897446,15.921632],[-16.4894647,15.9219067],[-16.4897486,15.9221776],[-16.4900286,15.9219029],[-16.4897446,15.921632]]}},{"type":"Feature","properties":{"elevation":0.0},"geometry":{"type":"LineString","coordinates":[[-16.47761652,15.921169672],[-16.477616521,15.921169672]]}},{"type":"Feature","properties":{"elevation":5.0},"geometry":{"type":"LineString","coordinates":[[-16.4764182,15.9211779],[-16.476488,15.9210864],[-16.4767697,15.921039],[-16.476827,15.9211751],[-16.4767726,15.9214483],[-16.4764912,15.9215184],[-16.4763967,15.9214509],[-16.4764182,15.9211779]]}},{"type":"Feature","properties":{"elevation":0.0},"geometry":{"type":"LineString","coordinates":[[-16.4773319,15.9208078],[-16.4771916,15.9208997],[-16.4771936,15.9211726],[-16.4774775,15.9214435],[-16.4774795,15.9217163],[-16.4776215,15.9218517],[-16.4779035,15.9218498],[-16.4781844,15.9217115],[-16.4784644,15.9214367],[-16.4783214,15.9211648],[-16.4781794,15.9210294],[-16.4778965,15.9208949],[-16.4776139,15.9208059],[-16.4773319,15.9208078]]}},{"type":"Feature","properties":{"elevation":5.0},"geometry":{"type":"MultiLineString","coordinates":[[[-16.4894546,15.9205426],[-16.4894586,15.9210883],[-16.48945860024607,15.921088300234633]],[[-16.48945860024607,15.921088300234633],[-16.4897426,15.9213591],[-16.4897446,15.921632],[-16.4903125,15.9221737],[-16.4897526,15.9227233],[-16.4897567,15.9232689],[-16.4894727,15.9229981],[-16.4894707,15.9227252],[-16.4891867,15.9224544],[-16.4891807,15.9216359],[-16.4894606,15.9213611],[-16.48945860024607,15.921088300234633]],[[-16.48945860024607,15.921088300234633],[-16.4894546,15.9205426]]]}},{"type":"Feature","properties":{"elevation":5.0},"geometry":{"type":"LineString","coordinates":[[-16.4979091,15.9199384],[-16.4981911,15.9199365]]}},{"type":"Feature","properties":{"elevation":0.0},"geometry":{"type":"LineString","coordinates":[[-16.4784484,15.9192541],[-16.4778885,15.9198036],[-16.4777495,15.9200774],[-16.4778915,15.9202128],[-16.4781744,15.9203473],[-16.4784564,15.9203454],[-16.4787344,15.9197978],[-16.4787324,15.919525],[-16.4784484,15.9192541]]}},{"type":"Feature","properties":{"elevation":5.0},"geometry":{"type":"MultiLineString","coordinates":[[[-16.4733752,15.9195616],[-16.4739392,15.9195578],[-16.4742231,15.9198287],[-16.4745051,15.9198267],[-16.474789,15.9200976],[-16.474791,15.9203705],[-16.4742271,15.9203743],[-16.4739471,15.9206491],[-16.4736652,15.920651],[-16.4733852,15.9209258]],[[-16.4733852,15.9209258],[-16.4736691,15.9211967]],[[-16.4736691,15.9211967],[-16.4739511,15.9211947],[-16.474235,15.9214656],[-16.474799,15.9214618],[-16.4748009,15.9217346],[-16.474521,15.9220094],[-16.4739531,15.9214676],[-16.4736711,15.9214695],[-16.4736691,15.9211967]],[[-16.4733852,15.9209258],[-16.4731052,15.9212005],[-16.4731032,15.9209277],[-16.4736632,15.9203782],[-16.4736592,15.9198325],[-16.4733752,15.9195616]]]}},{"type":"Feature","properties":{"elevation":5.0},"geometry":{"type":"LineString","coordinates":[[-16.504669862,15.91907286],[-16.504669863,15.91907286],[-16.504669863,15.919072861],[-16.504669862,15.91907286]]}},{"type":"Feature","properties":{"elevation":5.0},"geometry":{"type":"LineString","coordinates":[[-16.4821118,15.9189561],[-16.4818318,15.9192309],[-16.4821158,15.9195018],[-16.4823958,15.919227],[-16.4821118,15.9189561]]}},{"type":"Feature","properties":{"elevation":5.0},"geometry":{"type":"LineString","coordinates":[[-16.5029741,15.918539],[-16.5032561,15.918537],[-16.5032581,15.9188099],[-16.5029741,15.918539]]}},{"type":"Feature","properties":{"elevation":5.0},"geometry":{"type":"LineString","coordinates":[[-16.486619,15.9183794],[-16.486903,15.9186503],[-16.486905,15.9189231],[-16.486623,15.9189251],[-16.486619,15.9183794]]}},{"type":"Feature","properties":{"elevation":5.0},"geometry":{"type":"LineString","coordinates":[[-16.4939477,15.918056],[-16.4942296,15.918054],[-16.4942317,15.9183269],[-16.4939477,15.918056]]}},{"type":"Feature","properties":{"elevation":5.0},"geometry":{"type":"LineString","coordinates":[[-16.46970125754182,15.918407636581785],[-16.4696999,15.9182224],[-16.469603526458783,15.91813043947758]]}},{"type":"Feature","properties":{"elevation":5.0},"geometry":{"type":"LineString","coordinates":[[-16.4829476,15.9175861],[-16.4826677,15.9178609],[-16.4826697,15.9181337],[-16.4829536,15.9184046],[-16.4832336,15.9181299],[-16.4832316,15.917857],[-16.4829476,15.9175861]]}},{"type":"Feature","properties":{"elevation":5.0},"geometry":{"type":"MultiLineString","coordinates":[[[-16.4961992,15.9174947],[-16.4964812,15.9174927],[-16.4967621,15.9173544],[-16.4970451,15.9174888],[-16.4973291,15.9177597],[-16.497893,15.9177558],[-16.497895,15.9180286],[-16.498179,15.9182995],[-16.497897,15.9183014],[-16.497613,15.9180306],[-16.4973311,15.9180325],[-16.4970471,15.9177617],[-16.4964832,15.9177656],[-16.4962033,15.9180404]],[[-16.4962033,15.9180404],[-16.4962134,15.9194045],[-16.4964974,15.9196754],[-16.4964994,15.9199482],[-16.4967834,15.9202191],[-16.4965034,15.9204938],[-16.4959375,15.9202249],[-16.4956535,15.9199541],[-16.4959314,15.9194064],[-16.4956475,15.9191356],[-16.4953655,15.9191375],[-16.4953635,15.9188647],[-16.4956434,15.9185899],[-16.4956414,15.9183171],[-16.4959234,15.9183151],[-16.4962033,15.9180404]],[[-16.4962033,15.9180404],[-16.4961992,15.9174947]]]}},{"type":"Feature","properties":{"elevation":5.0},"geometry":{"type":"LineString","coordinates":[[-16.4782955,15.9176181],[-16.4784354,15.9174807],[-16.4785304,15.9176164],[-16.4784374,15.9177535],[-16.4782955,15.9176181]]}},{"type":"Feature","properties":{"elevation":5.0},"geometry":{"type":"LineString","coordinates":[[-16.4719516,15.9176614],[-16.4722335,15.9176595]]}},{"type":"Feature","properties":{"elevation":5.0},"geometry":{"type":"LineString","coordinates":[[-16.506065376,15.917153244],[-16.506065377,15.917153244]]}},{"type":"Feature","properties":{"elevation":5.0},"geometry":{"type":"LineString","coordinates":[[-16.4829436,15.9170405],[-16.4828047,15.9173143],[-16.4829476,15.9175861],[-16.4830866,15.9173123],[-16.4829436,15.9170405]]}},{"type":"Feature","properties":{"elevation":0.0},"geometry":{"type":"LineString","coordinates":[[-16.4767394,15.9169011],[-16.4764588,15.9170849],[-16.4761788,15.9173597],[-16.4764628,15.9176306],[-16.4767447,15.9176287],[-16.4770257,15.9174903],[-16.4773066,15.917352],[-16.4775866,15.9170772],[-16.4773027,15.9168063],[-16.4770214,15.9168992],[-16.4767394,15.9169011]]}},{"type":"Feature","properties":{"elevation":5.0},"geometry":{"type":"LineString","coordinates":[[-16.4795582,15.9167909],[-16.4798402,15.9167889],[-16.4799832,15.9170608],[-16.4798432,15.9171982],[-16.4797012,15.9170627],[-16.4795582,15.9167909]]}},{"type":"Feature","properties":{"elevation":5.0},"geometry":{"type":"LineString","coordinates":[[-16.49196,15.9161598],[-16.4922419,15.9161579],[-16.4922459,15.9167035],[-16.4925299,15.9169744],[-16.4928118,15.9169725],[-16.4930958,15.9172433],[-16.4931918,15.9175155],[-16.4930998,15.917789],[-16.4928186,15.9178819],[-16.4925359,15.9177929],[-16.4925339,15.9175201],[-16.49225,15.9172492],[-16.491684,15.9169803],[-16.49168,15.9164346],[-16.49196,15.9161598]]}},{"type":"Feature","properties":{"elevation":5.0},"geometry":{"type":"LineString","coordinates":[[-16.4733514,15.9162876],[-16.4742032,15.9171004],[-16.4742052,15.9173732],[-16.4739232,15.9173751],[-16.4733554,15.9168333],[-16.4730734,15.9168352],[-16.4730714,15.9165624],[-16.4733514,15.9162876]]}},{"type":"Feature","properties":{"elevation":5.0},"geometry":{"type":"MultiLineString","coordinates":[[[-16.4975989,15.9161208],[-16.4978828,15.9163917]],[[-16.4978828,15.9163917],[-16.4984467,15.9163877],[-16.4984488,15.9166606],[-16.4987327,15.9169314],[-16.4984528,15.9172062],[-16.4981709,15.9172082],[-16.4981668,15.9166625],[-16.4978828,15.9163917]],[[-16.4978828,15.9163917],[-16.4976009,15.9163936],[-16.4975989,15.9161208]]]}},{"type":"Feature","properties":{"elevation":0.0},"geometry":{"type":"LineString","coordinates":[[-16.4803974,15.9158756],[-16.4801162,15.9159685],[-16.4802591,15.9162404],[-16.4804008,15.9163304],[-16.480682,15.9162375],[-16.4806801,15.9159647],[-16.4803974,15.9158756]]}},{"type":"Feature","properties":{"elevation":0.0},"geometry":{"type":"LineString","coordinates":[[-16.4764448,15.9151751],[-16.4761649,15.9154499],[-16.4767308,15.9157189],[-16.4768698,15.9154451],[-16.4767268,15.9151732],[-16.4764448,15.9151751]]}},{"type":"Feature","properties":{"elevation":5.0},"geometry":{"type":"MultiLineString","coordinates":[[[-16.4956192,15.915316],[-16.4959011,15.915314],[-16.4961851,15.9155849],[-16.4959052,15.9158597]],[[-16.4959052,15.9158597],[-16.4961892,15.9161306],[-16.4961912,15.9164034],[-16.4960522,15.9166772],[-16.4959123,15.9168146],[-16.4956313,15.916953],[-16.4953494,15.9169549],[-16.4950654,15.916684],[-16.4950634,15.9164112],[-16.4947804,15.9162767],[-16.4946854,15.916141],[-16.4947774,15.9158675],[-16.4950593,15.9158655],[-16.4950614,15.9161384],[-16.4953443,15.9162728],[-16.4956242,15.9159981],[-16.4959052,15.9158597]],[[-16.4959052,15.9158597],[-16.4956212,15.9155888],[-16.4956192,15.915316]]]}},{"type":"Feature","properties":{"elevation":5.0},"geometry":{"type":"LineString","coordinates":[[-16.4978748,15.9153003],[-16.4981567,15.9152984]]}},{"type":"Feature","properties":{"elevation":5.0},"geometry":{"type":"Point","coordinates":[-16.480958001,15.915417063]}},{"type":"Feature","properties":{"elevation":5.0},"geometry":{"type":"LineString","coordinates":[[-16.4990005,15.9150197],[-16.4992825,15.9150177],[-16.4998504,15.9155595],[-16.5004143,15.9155556],[-16.5004163,15.9158284],[-16.5007003,15.9160992],[-16.5007043,15.9166449],[-16.5009883,15.9169158],[-16.5011313,15.9171876],[-16.5011333,15.9174604],[-16.5008534,15.9177352],[-16.5007145,15.918009],[-16.5004345,15.9182838],[-16.5010025,15.9188256],[-16.5012844,15.9188236],[-16.5015644,15.9185488],[-16.5018483,15.9188197],[-16.5015664,15.9188216],[-16.5012865,15.9190964],[-16.5012885,15.9193692],[-16.5015725,15.9196401],[-16.5010086,15.919644],[-16.5007286,15.9199188],[-16.5007307,15.9201917],[-16.5010147,15.9204625],[-16.5013007,15.9210062],[-16.5010228,15.9215538],[-16.5007428,15.9218286],[-16.5010268,15.9220995],[-16.5010288,15.9223723],[-16.5013128,15.9226432],[-16.5015948,15.9226412],[-16.5010349,15.9231908],[-16.500753,15.9231927],[-16.500469,15.9229219],[-16.4999091,15.9234715],[-16.4996272,15.9234734],[-16.4993432,15.9232025],[-16.4993371,15.9223841],[-16.499897,15.9218345],[-16.4998868,15.9204704],[-16.4996029,15.9201995],[-16.5001627,15.9196499],[-16.5001587,15.9191043],[-16.5000157,15.9188324],[-16.5001546,15.9185586],[-16.5001506,15.918013],[-16.5004305,15.9177382],[-16.5002875,15.9174663],[-16.5001455,15.9173309],[-16.4998625,15.9171964],[-16.4997195,15.9169246],[-16.4998585,15.9166508],[-16.5004183,15.9161012],[-16.5001344,15.9158303],[-16.4998524,15.9158323],[-16.4995685,15.9155614],[-16.4990046,15.9155653],[-16.4990005,15.9150197]]}},{"type":"Feature","properties":{"elevation":5.0},"geometry":{"type":"MultiLineString","coordinates":[[[-16.4820838,15.9151365],[-16.4829296,15.9151307],[-16.4829316,15.9154035],[-16.4832156,15.9156744],[-16.4832216,15.9164929],[-16.4835045,15.9166274],[-16.4837855,15.916489],[-16.4837875,15.9167618],[-16.4839305,15.9170337],[-16.4839325,15.9173065],[-16.4836545,15.9178541],[-16.4836565,15.918127],[-16.4837995,15.9183988],[-16.4838075,15.9194901],[-16.4835256,15.9194921],[-16.4835236,15.9192192],[-16.4832396,15.9189484],[-16.4826797,15.9194979],[-16.4829637,15.9197688],[-16.4832456,15.9197668],[-16.4832476,15.9200397],[-16.4838155,15.9205815],[-16.4838175,15.9208543],[-16.4835376,15.921129],[-16.4838215,15.9213999],[-16.4843854,15.9213961],[-16.4849453,15.9208465],[-16.4852273,15.9208446],[-16.4855113,15.9211155],[-16.4855133,15.9213883],[-16.4857972,15.9216592],[-16.4855153,15.9216611],[-16.4852353,15.9219359],[-16.4846734,15.9222126],[-16.4843945,15.9226238],[-16.4842545,15.9227612],[-16.4838376,15.9235826],[-16.4835576,15.9238573],[-16.4835596,15.9241302],[-16.4838436,15.9244011],[-16.4835636,15.9246758],[-16.4830017,15.9249525],[-16.4827238,15.9255001],[-16.4821598,15.925504],[-16.4818799,15.9257788],[-16.4821658,15.9263225],[-16.4821738,15.9274138],[-16.4823168,15.9276857],[-16.4823658,15.9279582],[-16.4823208,15.9282313],[-16.4823228,15.9285042],[-16.4824658,15.928776],[-16.4823268,15.9290498],[-16.4821869,15.9291872],[-16.4819059,15.9293255],[-16.4816259,15.9296003],[-16.4819099,15.9298712],[-16.4819139,15.9304169],[-16.4827658,15.9312295],[-16.4829048,15.9309557],[-16.4831848,15.930681],[-16.4832512,15.9301348],[-16.4833207,15.9299979],[-16.4836017,15.9298596],[-16.483885,15.9300395],[-16.4841676,15.9301285],[-16.4844486,15.9299902],[-16.4847316,15.9301246],[-16.4850155,15.9303955],[-16.4847356,15.9306703],[-16.4844576,15.9312179],[-16.4844596,15.9314907],[-16.4841757,15.9312198],[-16.4833298,15.9312257],[-16.4824899,15.93205],[-16.4823509,15.9323238],[-16.4822109,15.9324611],[-16.4819299,15.9325995],[-16.4817909,15.9328733],[-16.4819359,15.933418],[-16.4819379,15.9336908],[-16.481658,15.9339656],[-16.48167,15.9356025],[-16.48139,15.9358773],[-16.481674,15.9361482],[-16.4822379,15.9361443],[-16.4825186,15.9359605],[-16.4828019,15.9361404],[-16.4825212,15.9363243],[-16.4822399,15.9364172],[-16.4822439,15.9369628],[-16.4830959,15.9377755],[-16.4836558,15.9372259],[-16.4836538,15.9369531],[-16.4839338,15.9366783],[-16.4836498,15.9364075],[-16.4836478,15.9361346],[-16.4842077,15.9355851],[-16.4842057,15.9353123]],[[-16.4842057,15.9353123],[-16.4839218,15.9350414],[-16.4836408,15.9351797],[-16.4833592,15.9352271],[-16.4831698,15.9350465],[-16.4830738,15.9347744],[-16.4833538,15.9344996],[-16.4839198,15.9347685],[-16.4842037,15.9350394],[-16.4844857,15.9350375],[-16.4842057,15.9353123]],[[-16.4842057,15.9353123],[-16.4842098,15.9358579],[-16.4844937,15.9361288],[-16.4850577,15.9361249],[-16.4852007,15.9363968],[-16.4852027,15.9366696],[-16.4853457,15.9369415],[-16.4859096,15.9369376],[-16.4859137,15.9374832],[-16.4861976,15.9377541],[-16.4864796,15.9377522],[-16.4864836,15.9382978],[-16.4867676,15.9385687],[-16.4870496,15.9385668],[-16.4873296,15.938292],[-16.4870456,15.9380211],[-16.4870436,15.9377483],[-16.4867596,15.9374774],[-16.4867576,15.9372046],[-16.4873256,15.9377463],[-16.4878895,15.9377425],[-16.4876095,15.9380172],[-16.4876176,15.9391085],[-16.4870576,15.9396581],[-16.4864937,15.939662],[-16.4862137,15.9399367],[-16.4862157,15.9402096],[-16.4859378,15.9407572],[-16.4853738,15.9407611],[-16.4850932,15.9409449],[-16.4848105,15.9408559],[-16.4847158,15.9407656],[-16.4847138,15.9404928],[-16.4848058,15.9402193],[-16.4842398,15.9399503],[-16.4836759,15.9399542],[-16.4833959,15.940229],[-16.4833939,15.9399562],[-16.4836739,15.9396814],[-16.4836719,15.9394086],[-16.4839559,15.9396795],[-16.4842378,15.9396775],[-16.4845178,15.9394027],[-16.4853638,15.9393969],[-16.4859237,15.9388474],[-16.4859177,15.9380289],[-16.4856337,15.937758],[-16.4845058,15.9377658],[-16.4843668,15.9380396],[-16.4842268,15.938177],[-16.4839458,15.9383153],[-16.4839478,15.9385881],[-16.4836679,15.9388629],[-16.4836659,15.9385901],[-16.4833819,15.9383192],[-16.4830999,15.9383211],[-16.4828199,15.9385959],[-16.4825359,15.938325],[-16.482254,15.938327],[-16.481696,15.9391493],[-16.48198,15.9394202],[-16.481984,15.9399659],[-16.482127,15.9402377],[-16.482411,15.9405086],[-16.482554,15.9407805],[-16.482556,15.9410533],[-16.482464,15.9413268],[-16.482278,15.9416009],[-16.482282,15.9421466],[-16.482566,15.9424174],[-16.482286,15.9426922],[-16.482288,15.942965],[-16.482572,15.9432359],[-16.482574,15.9435088],[-16.482294,15.9437835],[-16.482296,15.9440564],[-16.4820121,15.9437855],[-16.4817301,15.9437874],[-16.48172,15.9424233],[-16.482,15.9421485],[-16.481716,15.9418776],[-16.481855,15.9416038],[-16.481806,15.9413313],[-16.48171,15.9410591],[-16.481426,15.9407882],[-16.481565,15.9405144],[-16.481422,15.9402426],[-16.481514,15.9399691],[-16.481418,15.9396969],[-16.4811341,15.939426],[-16.481414,15.9391513],[-16.4808481,15.9388823],[-16.4802841,15.9388862],[-16.4800041,15.9391609],[-16.4797261,15.9397085],[-16.4800101,15.9399794]],[[-16.4800101,15.9399794],[-16.4802921,15.9399775]],[[-16.4800101,15.9399794],[-16.4797301,15.9402542]],[[-16.4797301,15.9402542],[-16.4797321,15.940527],[-16.4802981,15.940796],[-16.4805821,15.9410669],[-16.4805841,15.9413397]],[[-16.4805841,15.9413397],[-16.4811521,15.9418815],[-16.4811541,15.9421543],[-16.4808721,15.9421562],[-16.4805881,15.9418854],[-16.4805841,15.9413397]],[[-16.4805841,15.9413397],[-16.4800181,15.9410707],[-16.4797368,15.9411636],[-16.4794542,15.9410746],[-16.4791742,15.9413494],[-16.4786102,15.9413532],[-16.4780502,15.9419028],[-16.4780522,15.9421756],[-16.4781952,15.9424475],[-16.4780562,15.9427213],[-16.4783422,15.943265],[-16.4783442,15.9435378],[-16.4780642,15.9438126],[-16.4780152,15.9435401],[-16.4780132,15.9432672],[-16.4776957,15.9429966],[-16.4776665,15.9424511],[-16.4777213,15.941905],[-16.4776857,15.9416324],[-16.4779657,15.9413577],[-16.4780442,15.9410843],[-16.4783262,15.9410824],[-16.4786062,15.9408076],[-16.4786042,15.9405348],[-16.4794502,15.940529],[-16.4797301,15.9402542]],[[-16.4797301,15.9402542],[-16.4797281,15.9399814],[-16.4794442,15.9397105],[-16.4791622,15.9397124],[-16.4791602,15.9394396],[-16.4797201,15.93889],[-16.4794362,15.9386192],[-16.4794342,15.9383463],[-16.4797141,15.9380716],[-16.4797121,15.9377987],[-16.4797101,15.9375259],[-16.4794262,15.937255],[-16.4794242,15.9369822],[-16.4799881,15.9369783],[-16.4802681,15.9367035],[-16.4802661,15.9364307],[-16.4801231,15.9361589],[-16.4801211,15.935886],[-16.4799781,15.9356142],[-16.4796951,15.9354797],[-16.4795532,15.9353442],[-16.4795512,15.9350714],[-16.4796911,15.934934],[-16.4799728,15.9348866],[-16.4802551,15.9349302],[-16.4805361,15.9347918],[-16.480814,15.9342442],[-16.481094,15.9339694],[-16.481092,15.9336966],[-16.480902,15.9334251],[-16.480947,15.9331519],[-16.480945,15.9328791],[-16.480803,15.9327437],[-16.4805201,15.9326092],[-16.4805181,15.9323363],[-16.480798,15.9320616],[-16.480794,15.9315159],[-16.481358,15.931512],[-16.4816379,15.9312373],[-16.4816339,15.9306916],[-16.48135,15.9304207],[-16.481068,15.9304227],[-16.481066,15.9301498],[-16.4805007,15.9299718],[-16.4803591,15.9298819],[-16.4802161,15.92961],[-16.4804961,15.9293352],[-16.4804941,15.9290624],[-16.480633,15.9287886],[-16.480631,15.9285158],[-16.4804881,15.9282439],[-16.4799221,15.9279749],[-16.4796402,15.9279769],[-16.4796362,15.9274312],[-16.4797282,15.9271578],[-16.4797262,15.9268849],[-16.4799121,15.9266108],[-16.4801934,15.9265179],[-16.4804741,15.9263341],[-16.480752,15.9257865],[-16.481034,15.9257846],[-16.4813139,15.9255098],[-16.4813099,15.9249642],[-16.481026,15.9246933],[-16.480744,15.9246952],[-16.4804581,15.9241515],[-16.4803856,15.9238791],[-16.4804551,15.9237422],[-16.480736,15.9236039],[-16.480734,15.923331],[-16.4813019,15.9238728],[-16.4815819,15.9235981],[-16.4817209,15.9233243],[-16.4815779,15.9230524],[-16.4817169,15.9227786],[-16.4815739,15.9225068],[-16.4815719,15.9222339],[-16.4818519,15.9219592],[-16.4821338,15.9219572],[-16.4821358,15.9222301],[-16.4824198,15.9225009],[-16.4827017,15.922499],[-16.4829817,15.9222242],[-16.4824138,15.9216825],[-16.4824078,15.920864],[-16.4821238,15.9205931],[-16.4815599,15.9205969],[-16.4814169,15.9203251],[-16.4815559,15.9200513],[-16.4815539,15.9197785],[-16.480986,15.9192367],[-16.4815459,15.9186871],[-16.4815439,15.9184143],[-16.4815419,15.9181415],[-16.4812579,15.9178706],[-16.480976,15.9178725],[-16.480974,15.9175997],[-16.4812559,15.9175978],[-16.4815399,15.9178687],[-16.4818218,15.9178667],[-16.4821018,15.917592],[-16.4820998,15.9173191],[-16.4818158,15.9170482],[-16.4818118,15.9165026],[-16.4823717,15.915953],[-16.4823677,15.9154074],[-16.4820838,15.9151365]]]}},{"type":"Feature","properties":{"elevation":5.0},"geometry":{"type":"Point","coordinates":[-16.502947735,15.914992248]}},{"type":"Feature","properties":{"elevation":5.0},"geometry":{"type":"LineString","coordinates":[[-16.48659493,15.915105476],[-16.486594931,15.915105476],[-16.486594931,15.915105477],[-16.48659493,15.915105476]]}},{"type":"Feature","properties":{"elevation":5.0},"geometry":{"type":"LineString","coordinates":[[-16.4781365,15.9151636],[-16.4784185,15.9151616]]}},{"type":"Feature","properties":{"elevation":5.0},"geometry":{"type":"LineString","coordinates":[[-16.472779528,15.91520017],[-16.472779528,15.915200171]]}},{"type":"Feature","properties":{"elevation":5.0},"geometry":{"type":"Point","coordinates":[-16.475878961,15.914906159]}},{"type":"Feature","properties":{"elevation":0.0},"geometry":{"type":"LineString","coordinates":[[-16.4741833,15.9143721],[-16.4739033,15.9146468],[-16.4741863,15.9147813],[-16.4743263,15.9146439],[-16.4741833,15.9143721]]}},{"type":"Feature","properties":{"elevation":5.0},"geometry":{"type":"LineString","coordinates":[[-16.4970229,15.9144877],[-16.4973048,15.9144858]]}},{"type":"Feature","properties":{"elevation":5.0},"geometry":{"type":"Point","coordinates":[-16.488000644,15.914550107]}},{"type":"Feature","properties":{"elevation":5.0},"geometry":{"type":"MultiLineString","coordinates":[[[-16.5040694,15.9141659],[-16.5043514,15.9141639],[-16.5049193,15.9147057],[-16.5049213,15.9149785],[-16.5043575,15.9149824],[-16.5040775,15.9152572]],[[-16.5040775,15.9152572],[-16.5040796,15.91553],[-16.5035197,15.9160796],[-16.5035218,15.9163525],[-16.5036648,15.9166243],[-16.5035258,15.9168981],[-16.5032439,15.9169001],[-16.5029579,15.9163564],[-16.5032378,15.9160816],[-16.5032358,15.9158088],[-16.5035157,15.915534],[-16.5037976,15.915532],[-16.5040775,15.9152572]],[[-16.5040775,15.9152572],[-16.5035096,15.9147155],[-16.5040694,15.9141659]]]}},{"type":"Feature","properties":{"elevation":5.0},"geometry":{"type":"MultiLineString","coordinates":[[[-16.4944813,15.9139597],[-16.4956091,15.9139518],[-16.495611099278996,15.914224601619006]],[[-16.495611099278996,15.914224601619006],[-16.4956111,15.9142247],[-16.4958951,15.9144955]],[[-16.4958951,15.9144955],[-16.4958971,15.9147684]],[[-16.4958951,15.9144955],[-16.495611099278996,15.914224601619006]],[[-16.495611099278996,15.914224601619006],[-16.4953272,15.9139538],[-16.4950452,15.9139558],[-16.4947653,15.9142305],[-16.4947673,15.9145034],[-16.4942075,15.9150529],[-16.4939255,15.9150549],[-16.4939235,15.914782],[-16.4942034,15.9145073],[-16.4942014,15.9142344],[-16.4944813,15.9139597]]]}},{"type":"Feature","properties":{"elevation":5.0},"geometry":{"type":"LineString","coordinates":[[-16.4922258,15.9139753],[-16.4925097,15.9142461],[-16.4922278,15.9142481],[-16.4922258,15.9139753]]}},{"type":"Feature","properties":{"elevation":5.0},"geometry":{"type":"LineString","coordinates":[[-16.4815119,15.914049],[-16.4815139,15.9143219]]}},{"type":"Feature","properties":{"elevation":5.0},"geometry":{"type":"LineString","coordinates":[[-16.500966024,15.913914671],[-16.500966025,15.913914671],[-16.500966025,15.913914672],[-16.500966024,15.913914671]]}},{"type":"Feature","properties":{"elevation":0.0},"geometry":{"type":"LineString","coordinates":[[-16.4882759,15.9136387],[-16.4881356,15.9137306],[-16.4882776,15.9138661],[-16.4885585,15.9137277],[-16.4882759,15.9136387]]}},{"type":"Feature","properties":{"elevation":5.0},"geometry":{"type":"LineString","coordinates":[[-16.4978626,15.9136634],[-16.4984306,15.9142051],[-16.4984326,15.914478],[-16.4981506,15.9144799],[-16.4975827,15.9139382],[-16.4978626,15.9136634]]}},{"type":"Feature","properties":{"elevation":5.0},"geometry":{"type":"LineString","coordinates":[[-16.4998342,15.9133769],[-16.4998403,15.9141953],[-16.4995563,15.9139245],[-16.4995543,15.9136516],[-16.4998342,15.9133769]]}},{"type":"Feature","properties":{"elevation":5.0},"geometry":{"type":"LineString","coordinates":[[-16.4730495,15.9135613],[-16.4733315,15.9135593],[-16.4736154,15.9138302],[-16.4733335,15.9138322],[-16.4730495,15.9135613]]}},{"type":"Feature","properties":{"elevation":5.0},"geometry":{"type":"LineString","coordinates":[[-16.4874267,15.9131898],[-16.4879906,15.913186],[-16.4878516,15.9134598],[-16.4877117,15.9135972],[-16.4874307,15.9137355],[-16.4874267,15.9131898]]}},{"type":"Feature","properties":{"elevation":5.0},"geometry":{"type":"LineString","coordinates":[[-16.476994789,15.913261467],[-16.476994789,15.913261466],[-16.47699479,15.913261467],[-16.476994789,15.913261467]]}},{"type":"Feature","properties":{"elevation":5.0},"geometry":{"type":"LineString","coordinates":[[-16.4716339,15.9127524],[-16.4719158,15.9127505],[-16.4719178,15.9130233],[-16.4716358,15.9130252],[-16.4716339,15.9127524]]}},{"type":"Feature","properties":{"elevation":5.0},"geometry":{"type":"Point","coordinates":[-16.506876641,15.912509296]}},{"type":"Feature","properties":{"elevation":5.0},"geometry":{"type":"MultiLineString","coordinates":[[[-16.4862929,15.9123791],[-16.486576900352183,15.91265004803806]],[[-16.486576900352183,15.91265004803806],[-16.4868608,15.9129209],[-16.4868648,15.9134666],[-16.4863009,15.9134704],[-16.4862989,15.9131976],[-16.4865789,15.9129228],[-16.486576900352183,15.91265004803806]],[[-16.486576900352183,15.91265004803806],[-16.4865769,15.91265],[-16.4862929,15.9123791]]]}},{"type":"Feature","properties":{"elevation":5.0},"geometry":{"type":"LineString","coordinates":[[-16.5015178,15.9122738],[-16.5017997,15.9122718],[-16.5018037,15.9128175],[-16.5020877,15.9130883],[-16.5018058,15.9130903],[-16.5015259,15.9133651],[-16.5012419,15.9130942],[-16.5015218,15.9128194],[-16.5015178,15.9122738]]}},{"type":"Feature","properties":{"elevation":5.0},"geometry":{"type":"LineString","coordinates":[[-16.4953151,15.9123168],[-16.495599,15.9125877],[-16.495881,15.9125858],[-16.495883,15.9128586],[-16.4953191,15.9128625],[-16.4953151,15.9123168]]}},{"type":"Feature","properties":{"elevation":5.0},"geometry":{"type":"LineString","coordinates":[[-16.4792444,15.9124275],[-16.4795283,15.9126984],[-16.4798102,15.9126965],[-16.4798122,15.9129693],[-16.4795323,15.9132441],[-16.4795343,15.9135169],[-16.4792543,15.9137917],[-16.4789724,15.9137936],[-16.4789704,15.9135208],[-16.4786865,15.9132499],[-16.4786845,15.9129771],[-16.4792444,15.9124275]]}},{"type":"Feature","properties":{"elevation":5.0},"geometry":{"type":"MultiLineString","coordinates":[[[-16.5034913,15.9122601],[-16.5040552,15.9122561],[-16.5043392,15.912527],[-16.5040593,15.9128018],[-16.5043432,15.9130726]],[[-16.5043432,15.9130726],[-16.5046252,15.9130707],[-16.5049092,15.9133415],[-16.5046272,15.9133435],[-16.5043432,15.9130726]],[[-16.5043432,15.9130726],[-16.5040613,15.9130746],[-16.5032216,15.913899],[-16.5032236,15.9141718],[-16.5026597,15.9141757],[-16.5026516,15.9130844],[-16.5029315,15.9128096],[-16.5032134,15.9128077],[-16.5034934,15.9125329],[-16.5034913,15.9122601]]]}},{"type":"Feature","properties":{"elevation":5.0},"geometry":{"type":"LineString","coordinates":[[-16.4840374,15.9123946],[-16.4846013,15.9123908],[-16.4846033,15.9126636],[-16.4840394,15.9126675],[-16.4840374,15.9123946]]}},{"type":"Feature","properties":{"elevation":0.0},"geometry":{"type":"LineString","coordinates":[[-16.4767039,15.9120357],[-16.4765189,15.9124462],[-16.4764259,15.9125832],[-16.476145,15.9127216],[-16.475959,15.9129957],[-16.475961,15.9132685],[-16.47601,15.913541],[-16.4761519,15.9136765],[-16.4764349,15.913811],[-16.4765739,15.9135372],[-16.4765014,15.9132648],[-16.4765229,15.9129919],[-16.4767095,15.9128087],[-16.4769912,15.9127704],[-16.4771318,15.9127148],[-16.4772708,15.912441],[-16.4771748,15.9121689],[-16.4769848,15.9118973],[-16.4767039,15.9120357]]}},{"type":"Feature","properties":{"elevation":5.0},"geometry":{"type":"LineString","coordinates":[[-16.4879806,15.9118218],[-16.4882625,15.9118199],[-16.4882665,15.9123655],[-16.4879856,15.9125039],[-16.4878436,15.9123684],[-16.4878416,15.9120956],[-16.4879806,15.9118218]]}},{"type":"Feature","properties":{"elevation":5.0},"geometry":{"type":"MultiLineString","coordinates":[[[-16.4775487,15.9118935],[-16.4778307,15.9118915],[-16.4781146,15.9121624]],[[-16.4781146,15.9121624],[-16.4783965,15.9121605]],[[-16.4781146,15.9121624],[-16.4778346,15.9124372],[-16.4775507,15.9121663],[-16.4775487,15.9118935]]]}},{"type":"Feature","properties":{"elevation":0.0},"geometry":{"type":"LineString","coordinates":[[-16.4783905,15.911342],[-16.4782516,15.9116158],[-16.4783935,15.9117513],[-16.4786745,15.9116129],[-16.4783905,15.911342]]}},{"type":"Feature","properties":{"elevation":5.0},"geometry":{"type":"MultiLineString","coordinates":[[[-16.4806481,15.9115994],[-16.480932,15.9118703]],[[-16.480932,15.9118703],[-16.481214,15.9118683],[-16.4817818,15.9124101],[-16.4823457,15.9124063],[-16.4826257,15.9121315],[-16.4829096,15.9124024],[-16.4831916,15.9124005],[-16.4831936,15.9126733],[-16.4830546,15.9129471],[-16.4831976,15.9132189],[-16.4840434,15.9132131],[-16.4843273,15.913484],[-16.4843313,15.9140297],[-16.4840514,15.9143044],[-16.4840534,15.9145773],[-16.4837715,15.9145792],[-16.4834875,15.9143083],[-16.4832046,15.9141738],[-16.4830626,15.9140384],[-16.4829196,15.9137665],[-16.4826357,15.9134956],[-16.4823527,15.9133612],[-16.4820718,15.9134995],[-16.4817878,15.9132286],[-16.4817838,15.912683],[-16.4814999,15.9124121],[-16.480936,15.9124159],[-16.480932,15.9118703]]]}},{"type":"Feature","properties":{"elevation":5.0},"geometry":{"type":"LineString","coordinates":[[-16.500102,15.9114651],[-16.5003839,15.9114631],[-16.5003859,15.911736],[-16.4998221,15.9117399],[-16.500102,15.9114651]]}},{"type":"Feature","properties":{"elevation":5.0},"geometry":{"type":"MultiLineString","coordinates":[[[-16.4972806,15.9112118],[-16.4975625,15.9112099],[-16.4977055,15.9114817],[-16.4977075,15.9117546],[-16.4978505,15.9120264]],[[-16.4978505,15.9120264],[-16.4984144,15.9120225],[-16.4985574,15.9122944],[-16.4984184,15.9125682]],[[-16.4984184,15.9125682],[-16.4984205,15.912841]],[[-16.4984184,15.9125682],[-16.4978505,15.9120264]],[[-16.4978505,15.9120264],[-16.4975706,15.9123012],[-16.4972886,15.9123032],[-16.4967227,15.9120342],[-16.4964408,15.9120362],[-16.4967207,15.9117614],[-16.4970017,15.911623],[-16.4971416,15.9114857],[-16.4972806,15.9112118]]]}},{"type":"Feature","properties":{"elevation":5.0},"geometry":{"type":"MultiLineString","coordinates":[[[-16.504611,15.9111609],[-16.5048949,15.9114318],[-16.50489500166243,15.91143179927899]],[[-16.50489500166243,15.91143179927899],[-16.5051769,15.9114298],[-16.5054568,15.911155],[-16.5057408,15.9114259],[-16.5054588,15.9114278],[-16.5051789,15.9117026],[-16.50489500166243,15.91143179927899]],[[-16.50489500166243,15.91143179927899],[-16.504611,15.9111609]]]}},{"type":"Feature","properties":{"elevation":5.0},"geometry":{"type":"LineString","coordinates":[[-16.4678983,15.9108679],[-16.4679537,15.9107311],[-16.4680487,15.9108669],[-16.4679567,15.9111404],[-16.4678983,15.9108679]]}},{"type":"Feature","properties":{"elevation":0.0},"geometry":{"type":"LineString","coordinates":[[-16.4769739,15.9103968],[-16.4766929,15.9105351],[-16.4767889,15.9108073],[-16.4766969,15.9110808],[-16.4769808,15.9113517],[-16.4775427,15.911075],[-16.4778227,15.9108002],[-16.4778207,15.9105274],[-16.4772555,15.9103494],[-16.4769739,15.9103968]]}},{"type":"Feature","properties":{"elevation":5.0},"geometry":{"type":"LineString","coordinates":[[-16.5046049,15.9103424],[-16.5048858,15.910204],[-16.5051688,15.9103385],[-16.5054527,15.9106093],[-16.5046069,15.9106152],[-16.5046049,15.9103424]]}},{"type":"Feature","properties":{"elevation":0.0},"geometry":{"type":"LineString","coordinates":[[-16.4758441,15.9101316],[-16.4757041,15.910269],[-16.4757061,15.9105418],[-16.4758491,15.9108137],[-16.476129,15.910539],[-16.476127,15.9102661],[-16.4758441,15.9101316]]}},{"type":"Feature","properties":{"elevation":5.0},"geometry":{"type":"LineString","coordinates":[[-16.5065764,15.9100558],[-16.5071403,15.9100519],[-16.5068604,15.9103267],[-16.5065784,15.9103287],[-16.5065764,15.9100558]]}},{"type":"Feature","properties":{"elevation":0.0},"geometry":{"type":"LineString","coordinates":[[-16.480916,15.9096876],[-16.4806361,15.9099624],[-16.4806381,15.9102352],[-16.4807811,15.9105071],[-16.480923,15.9106425],[-16.481204,15.9105042],[-16.4813429,15.9102304],[-16.4812,15.9099585],[-16.480916,15.9096876]]}},{"type":"Feature","properties":{"elevation":5.0},"geometry":{"type":"LineString","coordinates":[[-16.4795063,15.9096973],[-16.4797883,15.9096954],[-16.4800698,15.9096389],[-16.4801642,15.9096928],[-16.4800712,15.9098299],[-16.4797903,15.9099682],[-16.4795083,15.9099701],[-16.4795063,15.9096973]]}},{"type":"Feature","properties":{"elevation":5.0},"geometry":{"type":"MultiLineString","coordinates":[[[-16.503469,15.909259],[-16.5034791665531,15.910623068095896]],[[-16.5034791665531,15.910623068095896],[-16.5034812,15.9108959]],[[-16.5034812,15.9108959],[-16.5037652,15.9111668],[-16.5032013,15.9111707]],[[-16.5032013,15.9111707],[-16.5026415,15.9117203],[-16.5026435,15.9119931],[-16.5026394,15.9114475],[-16.5023555,15.9111766]],[[-16.5023555,15.9111766],[-16.5017916,15.9111805],[-16.5017855,15.910362],[-16.5012176,15.9098203],[-16.5014995,15.9098183],[-16.5020674,15.9103601],[-16.5020715,15.9109057],[-16.5023555,15.9111766]],[[-16.5023555,15.9111766],[-16.5032013,15.9111707]],[[-16.5032013,15.9111707],[-16.5034812,15.9108959]],[[-16.5034812,15.9108959],[-16.5034792,15.9106231],[-16.5034791665531,15.910623068095896]],[[-16.5034791665531,15.910623068095896],[-16.5031952,15.9103522],[-16.5029133,15.9103542],[-16.5031932,15.9100794],[-16.5031911,15.9098066],[-16.503471,15.9095318],[-16.503469,15.909259]]]}},{"type":"Feature","properties":{"elevation":5.0},"geometry":{"type":"MultiLineString","coordinates":[[[-16.4710442,15.9092094],[-16.4713251,15.9090711],[-16.471608,15.9092056],[-16.471751,15.9094775],[-16.471753,15.9097503],[-16.471614,15.9100241],[-16.471618,15.9105697],[-16.4719019,15.9108406],[-16.47162,15.9108426],[-16.47134,15.9111173],[-16.4707761,15.9111212],[-16.4702162,15.9116707],[-16.4702182,15.9119435],[-16.4705021,15.9122144],[-16.4707841,15.9122125],[-16.4705041,15.9124872],[-16.4705061,15.9127601],[-16.4699382,15.9122182],[-16.4696563,15.9122202]],[[-16.4696563,15.9122202],[-16.46937633309923,15.912494867527291]],[[-16.46937633309923,15.912494867527291],[-16.4693763,15.9124949],[-16.46937827985321,15.912767719772633]],[[-16.46937827985321,15.912767719772633],[-16.4693862,15.9138591],[-16.4695292,15.9141309],[-16.4693902,15.9144047],[-16.4696741,15.9146756],[-16.4699551,15.9145373],[-16.470237,15.9145354],[-16.47052,15.9146699],[-16.470522,15.9149427],[-16.470242,15.9152175],[-16.4702479,15.916036],[-16.469968,15.9163107],[-16.469686,15.9163126],[-16.4694061,15.9165874],[-16.46969,15.9168583],[-16.469692,15.9171311],[-16.4699759,15.917402],[-16.4708218,15.9173963],[-16.4708238,15.9176691],[-16.4711097,15.9182128],[-16.4711156,15.9190313],[-16.4708357,15.9193061],[-16.4709786,15.919578],[-16.4711206,15.9197134],[-16.4714036,15.9198479],[-16.4714055,15.9201207],[-16.4716895,15.9203916],[-16.4716915,15.9206645],[-16.4714135,15.9212121],[-16.4714175,15.9217577],[-16.4711335,15.9214868],[-16.471041479797286,15.92166805993887]],[[-16.46894624616377,15.916266179011362],[-16.4694021,15.9160417],[-16.4696821,15.915767],[-16.4693981,15.9154961],[-16.4691162,15.915498],[-16.468586663332474,15.915246285273785]],[[-16.468428847924923,15.91479866950394],[-16.4688263,15.9144086],[-16.4688223,15.9138629],[-16.4685384,15.913592],[-16.4685364,15.9133192],[-16.4690983,15.9130425],[-16.46937827985321,15.912767719772633]],[[-16.46937827985321,15.912767719772633],[-16.4693783,15.9127677],[-16.46937633309923,15.912494867527291]],[[-16.46937633309923,15.912494867527291],[-16.4693724,15.9119493],[-16.4696563,15.9122202]],[[-16.4696563,15.9122202],[-16.4699362,15.9119454],[-16.4699323,15.9113998],[-16.4702122,15.911125],[-16.4702102,15.9108522],[-16.4704902,15.9105774],[-16.4704862,15.9100318],[-16.4707642,15.9094842],[-16.4710442,15.9092094]]]}},{"type":"Feature","properties":{"elevation":5.0},"geometry":{"type":"LineString","coordinates":[[-16.4755552,15.909178653],[-16.4755552,15.909178654]]}},{"type":"Feature","properties":{"elevation":5.0},"geometry":{"type":"LineString","coordinates":[[-16.4955708,15.9087681],[-16.4958527,15.9087662],[-16.4958547,15.909039],[-16.4961387,15.9093099],[-16.4967046,15.9095788],[-16.4967106,15.9103973],[-16.4964307,15.9106721],[-16.4967147,15.9109429],[-16.4964347,15.9112177],[-16.4961528,15.9112197],[-16.4958719,15.911358],[-16.4955899,15.91136],[-16.495448,15.9112245],[-16.495305,15.9109527],[-16.495023,15.9109546],[-16.495021,15.9106818],[-16.4955809,15.9101323],[-16.4955768,15.9095866],[-16.4952929,15.9093157],[-16.4950109,15.9093177],[-16.4950089,15.9090449],[-16.4952908,15.9090429],[-16.4955708,15.9087681]]}},{"type":"Feature","properties":{"elevation":5.0},"geometry":{"type":"LineString","coordinates":[[-16.4769629,15.9088962],[-16.4772465,15.9091216],[-16.4775288,15.9091652],[-16.4775308,15.909438],[-16.4776267,15.9097102],[-16.4775348,15.9099836],[-16.4772508,15.9097127],[-16.4771548,15.9094406],[-16.4771059,15.9091681],[-16.4769629,15.9088962]]}},{"type":"Feature","properties":{"elevation":5.0},"geometry":{"type":"LineString","coordinates":[[-16.467377,15.9089615],[-16.4676599,15.909096],[-16.4678019,15.9092315],[-16.4676615,15.9093234],[-16.467377,15.9089615]]}},{"type":"Feature","properties":{"elevation":5.0},"geometry":{"type":"Point","coordinates":[-16.506848177,15.908689728]}},{"type":"Feature","properties":{"elevation":5.0},"geometry":{"type":"LineString","coordinates":[[-16.493597213,15.908781781],[-16.493597213,15.90878178],[-16.493597214,15.908781781],[-16.493597213,15.908781781]]}},{"type":"Feature","properties":{"elevation":5.0},"geometry":{"type":"LineString","coordinates":[[-16.4786055,15.9086121],[-16.4786515,15.9084754],[-16.4787935,15.9086108],[-16.4786545,15.9088846],[-16.4783726,15.9088865],[-16.4786055,15.9086121]]}},{"type":"Feature","properties":{"elevation":0.0},"geometry":{"type":"LineString","coordinates":[[-16.4747024,15.9082295],[-16.4745624,15.9083669],[-16.4745644,15.9086397],[-16.4747064,15.9087752],[-16.4749883,15.9087733],[-16.4752693,15.9086349],[-16.4752673,15.9083621],[-16.4749844,15.9082276],[-16.4747024,15.9082295]]}},{"type":"Feature","properties":{"elevation":5.0},"geometry":{"type":"MultiLineString","coordinates":[[[-16.4848532,15.9082964],[-16.4848572,15.9088421]],[[-16.4848572,15.9088421],[-16.4854251,15.9093838],[-16.4854311,15.9102023],[-16.4851511,15.9104771],[-16.4848732,15.9110247],[-16.4848752,15.9112975],[-16.4851591,15.9115684],[-16.4848792,15.9118432],[-16.4845953,15.9115723],[-16.4845933,15.9112995],[-16.4843093,15.9110286],[-16.4840294,15.9113033],[-16.4840334,15.911849],[-16.4837494,15.9115781],[-16.4834675,15.91158],[-16.4831866,15.9117184],[-16.4829036,15.9115839],[-16.4823357,15.9110421],[-16.4823337,15.9107693],[-16.4826137,15.9104945],[-16.4831755,15.9102178],[-16.4834555,15.9099431],[-16.4840194,15.9099392],[-16.4842993,15.9096644],[-16.4845812,15.9096625],[-16.4847202,15.9093887],[-16.4847182,15.9091159],[-16.4848572,15.9088421]],[[-16.4848572,15.9088421],[-16.4845732,15.9085712],[-16.4848532,15.9082964]]]}},{"type":"Feature","properties":{"elevation":5.0},"geometry":{"type":"MultiLineString","coordinates":[[[-16.4868267,15.9082828],[-16.4871087,15.9082809],[-16.4871127,15.9088265],[-16.4873966,15.9090974],[-16.4874006,15.9096431],[-16.4871207,15.9099178],[-16.4871267,15.9107363],[-16.4868468,15.911011099999998]],[[-16.4868468,15.911011099999998],[-16.4868468,15.9110111],[-16.4868488,15.9112839],[-16.4868468,15.911011099999998]],[[-16.4868468,15.911011099999998],[-16.4868448,15.9107383],[-16.4865608,15.9104674],[-16.4865588,15.9101946],[-16.4871187,15.909645],[-16.4871107,15.9085537],[-16.4868267,15.9082828]]]}},{"type":"Feature","properties":{"elevation":0.0},"geometry":{"type":"LineString","coordinates":[[-16.4690607,15.9078587],[-16.4685008,15.9084082],[-16.4685047,15.9089539],[-16.4687877,15.9090884],[-16.4690686,15.90895],[-16.4690666,15.9086772],[-16.4692056,15.9084034],[-16.4692036,15.9081306],[-16.4690607,15.9078587]]}},{"type":"Feature","properties":{"elevation":5.0},"geometry":{"type":"MultiLineString","coordinates":[[[-16.4981021,15.9079321],[-16.4983861,15.9082029],[-16.4983881,15.9084758]],[[-16.4983881,15.9084758],[-16.4986721,15.9087466],[-16.498954,15.9087447],[-16.499238,15.9090155],[-16.4995199,15.9090136],[-16.4998039,15.9092844],[-16.4995239,15.9095592],[-16.499528,15.9101049],[-16.4998119,15.9103758],[-16.49953,15.9103777],[-16.499246,15.9101068],[-16.4989631,15.9099724],[-16.4986822,15.9101108],[-16.4984023,15.9103855],[-16.4978404,15.9106623],[-16.4976974,15.9103904],[-16.4976934,15.9098448],[-16.4975504,15.9095729],[-16.4975463,15.9090273],[-16.4978263,15.9087525],[-16.4981082,15.9087505],[-16.4983881,15.9084758]],[[-16.4983881,15.9084758],[-16.4981041,15.9082049],[-16.4981021,15.9079321]]]}},{"type":"Feature","properties":{"elevation":5.0},"geometry":{"type":"LineString","coordinates":[[-16.495282778,15.907951591],[-16.495282779,15.907951591]]}},{"type":"Feature","properties":{"elevation":5.0},"geometry":{"type":"LineString","coordinates":[[-16.4964085,15.907671],[-16.4966904,15.907669]]}},{"type":"Feature","properties":{"elevation":5.0},"geometry":{"type":"LineString","coordinates":[[-16.484849156,15.907750735],[-16.484849156,15.907750736]]}},{"type":"Feature","properties":{"elevation":0.0},"geometry":{"type":"LineString","coordinates":[[-16.4792064,15.9072438],[-16.4790675,15.9075176],[-16.4790695,15.9077904],[-16.4792111,15.9078804],[-16.4794924,15.9077875],[-16.4797723,15.9075127],[-16.4792064,15.9072438]]}},{"type":"Feature","properties":{"elevation":5.0},"geometry":{"type":"LineString","coordinates":[[-16.4704684,15.9075763],[-16.4707503,15.9075744],[-16.4707523,15.9078472],[-16.4710362,15.9081181],[-16.4713182,15.9081162],[-16.4713202,15.908389],[-16.4710382,15.9083909],[-16.4707543,15.90812],[-16.4704724,15.9081219],[-16.4704684,15.9075763]]}},{"type":"Feature","properties":{"elevation":5.0},"geometry":{"type":"LineString","coordinates":[[-16.5071199,15.9073236],[-16.507122,15.9075965]]}},{"type":"Feature","properties":{"elevation":5.0},"geometry":{"type":"LineString","coordinates":[[-16.494151007,15.90741374],[-16.494151008,15.90741374],[-16.494151007,15.907413741],[-16.494151007,15.90741374]]}},{"type":"Feature","properties":{"elevation":5.0},"geometry":{"type":"LineString","coordinates":[[-16.4803342,15.907236],[-16.4808967,15.9070503],[-16.48118,15.9072302],[-16.4814659,15.907774],[-16.4817479,15.907772],[-16.4820278,15.9074973],[-16.4825957,15.9080391],[-16.4828776,15.9080371],[-16.4828796,15.90831],[-16.4823197,15.9088595],[-16.4820378,15.9088614],[-16.4817549,15.9087269],[-16.4816129,15.9085915],[-16.4814699,15.9083196],[-16.481188,15.9083216],[-16.480998,15.90805],[-16.480902,15.9077778],[-16.4806181,15.9075069],[-16.4803362,15.9075089],[-16.4803342,15.907236]]}},{"type":"Feature","properties":{"elevation":5.0},"geometry":{"type":"LineString","coordinates":[[-16.4755413,15.9072688],[-16.475824,15.907376],[-16.4761048,15.9072195],[-16.4763871,15.9072631],[-16.4763891,15.9075359],[-16.4761111,15.9080835],[-16.4758292,15.9080854],[-16.4752633,15.9078164],[-16.4752613,15.9075436],[-16.4755413,15.9072688]]}},{"type":"Feature","properties":{"elevation":5.0},"geometry":{"type":"LineString","coordinates":[[-16.4978101,15.9065699],[-16.498094,15.9068407],[-16.4980961,15.9071136],[-16.4978141,15.9071155],[-16.4975302,15.9068447],[-16.4978101,15.9065699]]}},{"type":"Feature","properties":{"elevation":5.0},"geometry":{"type":"LineString","coordinates":[[-16.4738457,15.9067347],[-16.4741296,15.9070056],[-16.4741316,15.9072785],[-16.4738506,15.9074168],[-16.4737087,15.9072814],[-16.4738477,15.9070076],[-16.4738457,15.9067347]]}},{"type":"Feature","properties":{"elevation":5.0},"geometry":{"type":"LineString","coordinates":[[-16.5026029,15.9065366],[-16.502605,15.9068094],[-16.502323,15.9068114],[-16.5026029,15.9065366]]}},{"type":"Feature","properties":{"elevation":5.0},"geometry":{"type":"MultiLineString","coordinates":[[[-16.5048584,15.9065209],[-16.5051403,15.9065189],[-16.504860424634924,15.906793675813942]],[[-16.504860424634924,15.906793675813942],[-16.5048604,15.9067937],[-16.504860424991378,15.906793723838405]],[[-16.504860424991378,15.906793723838405],[-16.5054283,15.9073354],[-16.5057103,15.9073335]],[[-16.5057103,15.9073335],[-16.5059902,15.9070587],[-16.5062741,15.9073295],[-16.5059942,15.9076043],[-16.5057103,15.9073335]],[[-16.5057103,15.9073335],[-16.5051505,15.907883],[-16.5054344,15.9081539],[-16.5051545,15.9084287],[-16.5048726,15.9084307],[-16.5045927,15.9087055],[-16.5048767,15.9089763],[-16.5045947,15.9089783],[-16.5043108,15.9087074],[-16.5043087,15.9084346],[-16.5040248,15.9081637],[-16.5040227,15.9078909],[-16.5045866,15.907887],[-16.5048665,15.9076122],[-16.504860424991378,15.906793723838405]],[[-16.504860424991378,15.906793723838405],[-16.504860424634924,15.906793675813942]],[[-16.504860424634924,15.906793675813942],[-16.5048584,15.9065209]]]}},{"type":"Feature","properties":{"elevation":5.0},"geometry":{"type":"LineString","coordinates":[[-16.5040126,15.9065268],[-16.5042945,15.9065248]]}},{"type":"Feature","properties":{"elevation":5.0},"geometry":{"type":"MultiLineString","coordinates":[[[-16.4930152,15.9063302],[-16.4930172,15.9066031]],[[-16.4930172,15.9066031],[-16.4935851,15.9071448]]]}},{"type":"Feature","properties":{"elevation":5.0},"geometry":{"type":"LineString","coordinates":[[-16.4696146,15.9064907],[-16.4698966,15.9064888],[-16.4698986,15.9067616],[-16.4696176,15.9069],[-16.4693347,15.9067655],[-16.4696146,15.9064907]]}},{"type":"Feature","properties":{"elevation":5.0},"geometry":{"type":"LineString","coordinates":[[-16.5054182,15.9059713],[-16.5057001,15.9059693],[-16.5057022,15.9062422],[-16.5054202,15.9062441],[-16.5054182,15.9059713]]}},{"type":"Feature","properties":{"elevation":5.0},"geometry":{"type":"LineString","coordinates":[[-16.4913216,15.9060691],[-16.4916035,15.9060671]]}},{"type":"Feature","properties":{"elevation":0.0},"geometry":{"type":"LineString","coordinates":[[-16.4791955,15.9057432],[-16.4790555,15.9058806],[-16.4791985,15.9061525],[-16.4794784,15.9058777],[-16.4791955,15.9057432]]}},{"type":"Feature","properties":{"elevation":5.0},"geometry":{"type":"LineString","coordinates":[[-16.4822977,15.9058584],[-16.4825797,15.9058564],[-16.4828636,15.9061273],[-16.4828676,15.906673],[-16.4823037,15.9066768],[-16.4822977,15.9058584]]}},{"type":"Feature","properties":{"elevation":5.0},"geometry":{"type":"LineString","coordinates":[[-16.489342,15.9052642],[-16.4890621,15.905539],[-16.4893461,15.9058099],[-16.489626,15.9055351],[-16.489342,15.9052642]]}},{"type":"Feature","properties":{"elevation":5.0},"geometry":{"type":"MultiLineString","coordinates":[[[-16.4890581,15.9049933],[-16.489622,15.9049894],[-16.48963,15.9060808],[-16.4899139,15.9063516],[-16.4901959,15.9063497],[-16.4901979,15.9066225],[-16.489918,15.9068973],[-16.489636,15.9068992],[-16.4890762,15.9074488],[-16.4893601,15.9077197],[-16.4893621,15.9079925],[-16.4896461,15.9082634],[-16.4890862,15.9088129],[-16.4893702,15.9090838],[-16.489934,15.9090799],[-16.4899401,15.9098984],[-16.4891003,15.9107227],[-16.4893842,15.9109936],[-16.4893883,15.9115393],[-16.4896722,15.9118102],[-16.4896843,15.9134471],[-16.4894043,15.9137219],[-16.4894063,15.9139947],[-16.4896903,15.9142656],[-16.4896963,15.9150841],[-16.4899803,15.915355],[-16.4902622,15.915353],[-16.4905462,15.9156239],[-16.4908261,15.9153491],[-16.4908161,15.913985],[-16.4906731,15.9137131],[-16.490812,15.9134393],[-16.490808,15.9128937],[-16.490665,15.9126218],[-16.490663,15.912349],[-16.490802,15.9120752],[-16.4913618,15.9115257],[-16.4913538,15.9104343],[-16.4905019,15.9096217],[-16.4904979,15.909076],[-16.4910618,15.9090721],[-16.4910638,15.909345],[-16.4919157,15.9101576],[-16.4919197,15.9107033],[-16.4922036,15.9109742],[-16.4922097,15.9117926],[-16.4924936,15.9120635],[-16.4924956,15.9123363],[-16.4927796,15.9126072],[-16.4930615,15.9126053],[-16.4933415,15.9123305],[-16.4933395,15.9120577],[-16.4936194,15.9117829],[-16.4936174,15.9115101]],[[-16.4936174,15.9115101],[-16.4933334,15.9112392]],[[-16.4933334,15.9112392],[-16.4930515,15.9112411],[-16.4930474,15.9106955],[-16.4927635,15.9104246],[-16.4927615,15.9101518],[-16.4924775,15.9098809],[-16.4924715,15.9090624],[-16.4930354,15.9090585],[-16.4927554,15.9093333],[-16.4927574,15.9096061],[-16.4933233,15.909875],[-16.4933254,15.9101479],[-16.4938933,15.9106896],[-16.4933334,15.9112392]],[[-16.4936174,15.9115101],[-16.4941812,15.9115062],[-16.4941833,15.911779],[-16.4944672,15.9120499],[-16.4941853,15.9120518],[-16.4936254,15.9126014],[-16.4939094,15.9128722],[-16.4939134,15.9134179],[-16.4933495,15.9134218],[-16.4930656,15.9131509],[-16.4925017,15.9131548],[-16.4922177,15.9128839],[-16.4916538,15.9128878],[-16.4913739,15.9131626],[-16.4913759,15.9134354],[-16.4916599,15.9137063],[-16.4916659,15.9145248],[-16.4919499,15.9147957]],[[-16.4919499,15.9147957],[-16.4922318,15.9147937]],[[-16.4919499,15.9147957],[-16.49167,15.9150705],[-16.491388,15.9150724],[-16.4908281,15.915622],[-16.4908302,15.9158948],[-16.4902703,15.9164443],[-16.4902723,15.9167172],[-16.4905563,15.9169881],[-16.4905583,15.9172609],[-16.4902763,15.9172628],[-16.4899924,15.9169919],[-16.4897124,15.9172667],[-16.4898554,15.9175386],[-16.4897164,15.9178124],[-16.4897205,15.918358]],[[-16.4897205,15.918358],[-16.4898635,15.9186299],[-16.4898675,15.9191755],[-16.4900105,15.9194474],[-16.4902924,15.9194455]],[[-16.4902924,15.9194455],[-16.4914122,15.9183464],[-16.4914102,15.9180735]],[[-16.4914102,15.9180735],[-16.4911262,15.9178026]],[[-16.4911262,15.9178026],[-16.4911242,15.9175298]],[[-16.4914102,15.9180735],[-16.4916931,15.918208],[-16.4919741,15.9180696],[-16.492256,15.9180677],[-16.4922641,15.919159],[-16.492548,15.9194299],[-16.4925521,15.9199755],[-16.4922741,15.9205231],[-16.4925601,15.9210668],[-16.4931281,15.9216086],[-16.493271,15.9218804],[-16.493413,15.9220159],[-16.493696,15.9221503],[-16.4939759,15.9218756],[-16.4939739,15.9216027],[-16.4936899,15.9213319],[-16.4936859,15.9207862],[-16.4942539,15.921328],[-16.4942599,15.9221464],[-16.49398,15.9224212],[-16.493698,15.9224232],[-16.4934201,15.9229708],[-16.4928542,15.9227019],[-16.4925722,15.9227038],[-16.4922923,15.9229786],[-16.4914464,15.9229844],[-16.4911624,15.9227136],[-16.4914424,15.9224388],[-16.4911584,15.9221679],[-16.4912974,15.9218941],[-16.4911544,15.9216222],[-16.4912933,15.9213484],[-16.4910074,15.9208047],[-16.4910013,15.9199862],[-16.4908583,15.9197144],[-16.4905744,15.9194435],[-16.4902924,15.9194455]],[[-16.4902924,15.9194455],[-16.4900125,15.9197202],[-16.4897295,15.9195858],[-16.4894476,15.9195877],[-16.4891666,15.9197261],[-16.4888867,15.9200008],[-16.4887437,15.919729],[-16.4885067,15.9194578],[-16.4885987,15.9191843],[-16.4891606,15.9189076],[-16.4897205,15.918358]],[[-16.4897205,15.918358],[-16.4894365,15.9180872],[-16.4891535,15.9179527],[-16.4890116,15.9178172],[-16.4885826,15.9170017],[-16.4883027,15.9172764],[-16.4882987,15.9167308],[-16.4884376,15.916457],[-16.4885776,15.9163196],[-16.4888605,15.9164541],[-16.4894224,15.9161774],[-16.4897024,15.9159026],[-16.4891345,15.9153608],[-16.4891304,15.9148152],[-16.4889875,15.9145433],[-16.4887035,15.9142724],[-16.4888435,15.914135],[-16.4891244,15.9139967],[-16.4891224,15.9137238],[-16.4888344,15.9129073],[-16.4886914,15.9126354],[-16.4888314,15.9124981],[-16.4891123,15.9123597],[-16.4893923,15.9120849],[-16.4891083,15.911814],[-16.4891063,15.9115412],[-16.4888224,15.9112703],[-16.4888163,15.9104518],[-16.4890983,15.9104499],[-16.4896581,15.9099004],[-16.4896561,15.9096275],[-16.4893722,15.9093566],[-16.4888083,15.9093605],[-16.4890882,15.9090858],[-16.4888043,15.9088149],[-16.4888023,15.908542],[-16.4890842,15.9085401],[-16.4893641,15.9082653],[-16.4890802,15.9079944],[-16.4885163,15.9079983],[-16.4883734,15.9077265],[-16.4885123,15.9074527],[-16.4885063,15.9066342],[-16.4887862,15.9063594],[-16.4887802,15.9055409],[-16.4890601,15.9052662],[-16.4890581,15.9049933]]]}},{"type":"Feature","properties":{"elevation":5.0},"geometry":{"type":"MultiLineString","coordinates":[[[-16.5059739,15.9048761],[-16.506257900378376,15.905146950360857]],[[-16.506257900378376,15.905146950360857],[-16.5065419,15.9054178],[-16.5068238,15.9054158],[-16.5071077,15.9056867],[-16.5068279,15.9059615],[-16.5065439,15.9056906],[-16.506262,15.9056926],[-16.506257900378376,15.905146950360857]],[[-16.506257900378376,15.905146950360857],[-16.5062579,15.9051469],[-16.5059739,15.9048761]]]}},{"type":"Feature","properties":{"elevation":5.0},"geometry":{"type":"LineString","coordinates":[[-16.503436567,15.904893732],[-16.503436568,15.904893732],[-16.503436568,15.904893733],[-16.503436567,15.904893732]]}},{"type":"Feature","properties":{"elevation":5.0},"geometry":{"type":"LineString","coordinates":[[-16.493850937,15.904960238],[-16.493850938,15.904960238],[-16.493850938,15.904960239],[-16.493850937,15.904960238]]}},{"type":"Feature","properties":{"elevation":5.0},"geometry":{"type":"Point","coordinates":[-16.482289736,15.904767042]}},{"type":"Feature","properties":{"elevation":5.0},"geometry":{"type":"LineString","coordinates":[[-16.4910276,15.9044341],[-16.4910316,15.9049797],[-16.4907517,15.9052545],[-16.4906087,15.9049826],[-16.4907477,15.9047088],[-16.4910276,15.9044341]]}},{"type":"Feature","properties":{"elevation":5.0},"geometry":{"type":"LineString","coordinates":[[-16.481160009,15.904501948],[-16.48116001,15.904501948]]}},{"type":"Feature","properties":{"elevation":0.0},"geometry":{"type":"LineString","coordinates":[[-16.4735445,15.9040993],[-16.4733579,15.9042825],[-16.4731719,15.9045566],[-16.4731269,15.9048297],[-16.4732699,15.9051016],[-16.4735548,15.9055089],[-16.4740217,15.9050965],[-16.4740197,15.9048236],[-16.4739707,15.9045511],[-16.4740157,15.904278],[-16.4738258,15.9040064],[-16.4735445,15.9040993]]}},{"type":"Feature","properties":{"elevation":5.0},"geometry":{"type":"MultiLineString","coordinates":[[[-16.4834135,15.9042136],[-16.4836974,15.9044845]],[[-16.4836974,15.9044845],[-16.4839793,15.9044826],[-16.4839813,15.9047554],[-16.4836994,15.9047574],[-16.4836974,15.9044845]]]}},{"type":"Feature","properties":{"elevation":5.0},"geometry":{"type":"LineString","coordinates":[[-16.4704446,15.9043023],[-16.4707285,15.9045732],[-16.4707305,15.9048461],[-16.4704466,15.9045751],[-16.4704446,15.9043023]]}},{"type":"Feature","properties":{"elevation":5.0},"geometry":{"type":"LineString","coordinates":[[-16.4794664,15.9042407],[-16.4794684,15.9045135]]}},{"type":"Feature","properties":{"elevation":5.0},"geometry":{"type":"MultiLineString","coordinates":[[[-16.464522,15.9040697],[-16.4648039,15.9040678],[-16.4650878,15.9043387]],[[-16.4650878,15.9043387],[-16.4653698,15.9043368]],[[-16.4650878,15.9043387],[-16.4648069,15.904477],[-16.464524,15.9043425],[-16.464522,15.9040697]]]}},{"type":"Feature","properties":{"elevation":5.0},"geometry":{"type":"LineString","coordinates":[[-16.503426429,15.903529598],[-16.50342643,15.903529598]]}},{"type":"Feature","properties":{"elevation":5.0},"geometry":{"type":"LineString","coordinates":[[-16.480308224,15.903689257],[-16.480308224,15.903689256]]}},{"type":"Feature","properties":{"elevation":5.0},"geometry":{"type":"LineString","coordinates":[[-16.4774869,15.9034357],[-16.4777689,15.9034338]]}},{"type":"Feature","properties":{"elevation":0.0},"geometry":{"type":"LineString","coordinates":[[-16.4738178,15.9029151],[-16.4736789,15.9031889],[-16.4738218,15.9034608],[-16.4741018,15.903186],[-16.4738178,15.9029151]]}},{"type":"Feature","properties":{"elevation":5.0},"geometry":{"type":"LineString","coordinates":[[-16.463560884628517,15.90399528271939],[-16.4636752,15.903939],[-16.4639581,15.9040735],[-16.4641011,15.9043454],[-16.4639611,15.9044828],[-16.46379600530887,15.904483912734705]]}},{"type":"Feature","properties":{"elevation":5.0},"geometry":{"type":"LineString","coordinates":[[-16.484533179,15.903114577],[-16.48453318,15.903114577]]}},{"type":"Feature","properties":{"elevation":5.0},"geometry":{"type":"MultiLineString","coordinates":[[[-16.489042,15.9028107],[-16.489326,15.9030816]],[[-16.489326,15.9030816],[-16.489327999757396,15.903354400238184]],[[-16.489327999757396,15.903354400238184],[-16.489332,15.9039001],[-16.4890501,15.903902],[-16.4890481,15.9036292],[-16.489327999757396,15.903354400238184]],[[-16.489327999757396,15.903354400238184],[-16.489328,15.9033544],[-16.489326,15.9030816]]]}},{"type":"Feature","properties":{"elevation":5.0},"geometry":{"type":"LineString","coordinates":[[-16.481146,15.9025921],[-16.48115,15.9031378],[-16.4808681,15.9031397],[-16.481148,15.902865],[-16.481146,15.9025921]]}},{"type":"Feature","properties":{"elevation":5.0},"geometry":{"type":"MultiLineString","coordinates":[[[-16.5008769,15.9019103],[-16.5014408,15.9019064],[-16.5020087,15.9024481],[-16.5011629,15.902454],[-16.500883,15.9027288],[-16.501167,15.9029996],[-16.501169,15.9032725],[-16.5014529,15.9035433],[-16.5020168,15.9035394],[-16.5023007,15.9038103],[-16.5025827,15.9038083]],[[-16.5025827,15.9038083],[-16.5028626,15.9035335],[-16.5031465,15.9038044],[-16.5025827,15.9038083]],[[-16.5025827,15.9038083],[-16.5023028,15.9040831],[-16.5017409,15.9043598],[-16.501743,15.9046327],[-16.5011751,15.9040909],[-16.5010361,15.9043647],[-16.5010381,15.9046376],[-16.5011811,15.9049094],[-16.5011913,15.9062736],[-16.5017571,15.9065425],[-16.5017592,15.9068153],[-16.5020431,15.9070862],[-16.5021861,15.907358],[-16.5021881,15.9076308],[-16.5020482,15.9077682],[-16.5017673,15.9079066],[-16.5017693,15.9081794],[-16.5014914,15.908727],[-16.5012115,15.9090018],[-16.5009296,15.9090038],[-16.5009275,15.908731],[-16.5006436,15.9084601],[-16.5003616,15.908462],[-16.5003596,15.9081892],[-16.5002166,15.9079174],[-16.5002146,15.9076445],[-16.5000716,15.9073727],[-16.5000696,15.9070999],[-16.4997856,15.906829],[-16.4997816,15.9062833],[-16.4994976,15.9060125],[-16.4992157,15.9060144],[-16.4989297,15.9054707],[-16.4986458,15.9051999],[-16.4975181,15.9052077],[-16.4972381,15.9054825],[-16.4969562,15.9054844]],[[-16.4969562,15.9054844],[-16.4958366,15.9065835],[-16.4958386,15.9068564],[-16.4952787,15.9074059],[-16.4952747,15.9068603],[-16.4949908,15.9065894],[-16.494145,15.9065953],[-16.4944249,15.9063205],[-16.4947068,15.9063185],[-16.4949867,15.9060437],[-16.4955546,15.9065855],[-16.4958345,15.9063107],[-16.4958285,15.9054922],[-16.4956855,15.9052204],[-16.4958245,15.9049466],[-16.4958224,15.9046738]],[[-16.4958224,15.9046738],[-16.4949706,15.9038611],[-16.4946887,15.9038631],[-16.4944047,15.9035922],[-16.4944027,15.9033194],[-16.4949666,15.9033155],[-16.4952465,15.9030407],[-16.4952445,15.9027679],[-16.4955264,15.9027659],[-16.4955284,15.9030387],[-16.4958123,15.9033096],[-16.4960943,15.9033077],[-16.4963752,15.9031693],[-16.4966581,15.9033038],[-16.4969421,15.9035746],[-16.4963823,15.9041242],[-16.4958184,15.9041281],[-16.4955385,15.9044029],[-16.4958224,15.9046738]],[[-16.4958224,15.9046738],[-16.4961044,15.9046718],[-16.4963873,15.9048063],[-16.4965293,15.9049417],[-16.4966723,15.9052135],[-16.4969562,15.9054844]],[[-16.4969562,15.9054844],[-16.497516,15.9049349],[-16.4980799,15.9049309],[-16.4983598,15.9046562],[-16.4983578,15.9043833],[-16.4986377,15.9041086],[-16.4986357,15.9038357],[-16.4989156,15.9035609],[-16.4991995,15.9038318],[-16.4994815,15.9038299],[-16.4994835,15.9041027],[-16.4997674,15.9043736],[-16.4997695,15.9046464],[-16.5003374,15.9051881],[-16.5006173,15.9049133],[-16.5003333,15.9046425],[-16.5004723,15.9043687],[-16.5006122,15.9042313],[-16.5008931,15.9040929],[-16.5006092,15.903822],[-16.5006071,15.9035492],[-16.5008871,15.9032744],[-16.500885,15.9030016],[-16.5006011,15.9027307],[-16.4997553,15.9027366],[-16.4994754,15.9030114]],[[-16.4994754,15.9030114],[-16.4994774,15.9032842],[-16.4991955,15.9032862],[-16.4994754,15.9030114]],[[-16.4994754,15.9030114],[-16.4994713,15.9024657],[-16.4997513,15.9021909],[-16.500597,15.9021851],[-16.5008769,15.9019103]]]}},{"type":"Feature","properties":{"elevation":5.0},"geometry":{"type":"LineString","coordinates":[[-16.493828776,15.901959129],[-16.493828777,15.901959129]]}},{"type":"Feature","properties":{"elevation":5.0},"geometry":{"type":"Point","coordinates":[-16.466199765,15.902148407]}},{"type":"Feature","properties":{"elevation":0.0},"geometry":{"type":"LineString","coordinates":[[-16.4749356,15.9015433],[-16.4746577,15.9020908],[-16.4746597,15.9023637],[-16.4749436,15.9026346],[-16.4752235,15.9023598],[-16.4752195,15.9018142],[-16.4749356,15.9015433]]}},{"type":"Feature","properties":{"elevation":5.0},"geometry":{"type":"LineString","coordinates":[[-16.4879043,15.9014543],[-16.4884722,15.9019961],[-16.4884742,15.9022689],[-16.4881942,15.9025437],[-16.4879163,15.9030913],[-16.4876344,15.9030932],[-16.4874914,15.9028214],[-16.4876304,15.9025476],[-16.4879123,15.9025456],[-16.4881922,15.9022709],[-16.4876244,15.9017291],[-16.4879043,15.9014543]]}},{"type":"Feature","properties":{"elevation":5.0},"geometry":{"type":"LineString","coordinates":[[-16.4839573,15.9014815],[-16.4839593,15.9017543],[-16.4836774,15.9017562],[-16.4839573,15.9014815]]}},{"type":"Feature","properties":{"elevation":5.0},"geometry":{"type":"LineString","coordinates":[[-16.471834399,15.901564404],[-16.4718344,15.901564404]]}},{"type":"Feature","properties":{"elevation":0.0},"geometry":{"type":"LineString","coordinates":[[-16.4709846,15.9010245],[-16.4707067,15.9015721],[-16.4709906,15.901843],[-16.4712686,15.9012954],[-16.4709846,15.9010245]]}},{"type":"Feature","properties":{"elevation":5.0},"geometry":{"type":"MultiLineString","coordinates":[[[-16.4763413,15.900988],[-16.4763473,15.9018065],[-16.4766312,15.9020774],[-16.4769131,15.9020754],[-16.4769151,15.9023483]],[[-16.4769151,15.9023483],[-16.477058,15.9026201],[-16.4769181,15.9027575],[-16.4766352,15.902623],[-16.4769151,15.9023483]],[[-16.4769151,15.9023483],[-16.4763472,15.9018065],[-16.4763413,15.900988]]]}},{"type":"Feature","properties":{"elevation":5.0},"geometry":{"type":"LineString","coordinates":[[-16.5081989,15.9007679],[-16.5083419,15.9010398],[-16.5082029,15.9013136],[-16.5080599,15.9010417],[-16.5081989,15.9007679]]}},{"type":"Feature","properties":{"elevation":5.0},"geometry":{"type":"MultiLineString","coordinates":[[[-16.4898718,15.9006222],[-16.4901537,15.9006203],[-16.4898738,15.9008951]],[[-16.4898738,15.9008951],[-16.4898778,15.9014407],[-16.4895979,15.9017155],[-16.4895999,15.9019883]],[[-16.4895999,15.9019883],[-16.4901677,15.9025301]],[[-16.4901677,15.9025301],[-16.4904497,15.9025282]],[[-16.4904497,15.9025282],[-16.4907276,15.9019806],[-16.4910075,15.9017058],[-16.4910035,15.9011601],[-16.4912834,15.9008853],[-16.4915673,15.9011562],[-16.4915713,15.9017019],[-16.4918553,15.9019728],[-16.4918573,15.9022456],[-16.4921412,15.9025165],[-16.4913015,15.9033408],[-16.4913055,15.9038865],[-16.4907417,15.9038904],[-16.4904577,15.9036195],[-16.4904537,15.9030738],[-16.4907336,15.902799],[-16.4904497,15.9025282]],[[-16.4901677,15.9025301],[-16.4898878,15.9028049],[-16.4898858,15.902532],[-16.4896019,15.9022612],[-16.48932,15.9022631],[-16.4895999,15.9019883]],[[-16.4895999,15.9019883],[-16.4895938,15.9011698],[-16.4898738,15.9008951]],[[-16.4898738,15.9008951],[-16.4898718,15.9006222]]]}},{"type":"Feature","properties":{"elevation":5.0},"geometry":{"type":"LineString","coordinates":[[-16.4822598,15.9006746],[-16.4828236,15.9006707],[-16.4831055,15.9006688],[-16.4822598,15.9006746]]}},{"type":"Feature","properties":{"elevation":5.0},"geometry":{"type":"LineString","coordinates":[[-16.4932528,15.9003261],[-16.4935348,15.9003241],[-16.4935368,15.9005969],[-16.4932549,15.9005989],[-16.4932528,15.9003261]]}},{"type":"Feature","properties":{"elevation":0.0},"geometry":{"type":"LineString","coordinates":[[-16.4768982,15.9000292],[-16.4766179,15.9002585],[-16.4764783,15.9004413],[-16.4766206,15.9006223],[-16.4769026,15.9006431],[-16.4771841,15.9005729],[-16.477465,15.9004346],[-16.477604,15.9001608],[-16.477462,15.9000254],[-16.4771798,15.8999818],[-16.4768982,15.9000292]]}},{"type":"Feature","properties":{"elevation":0.0},"geometry":{"type":"LineString","coordinates":[[-16.4757705,15.9000369],[-16.4754895,15.9001753],[-16.4757734,15.9004462],[-16.4760534,15.9001714],[-16.4757705,15.9000369]]}},{"type":"Feature","properties":{"elevation":5.0},"geometry":{"type":"LineString","coordinates":[[-16.5053695,15.8994235],[-16.5053776,15.9005148],[-16.5050957,15.9005167],[-16.5050916,15.8999711],[-16.5053715,15.8996963],[-16.5053695,15.8994235]]}},{"type":"Feature","properties":{"elevation":5.0},"geometry":{"type":"LineString","coordinates":[[-16.4732301,15.899645],[-16.4735141,15.8999159],[-16.4732361,15.9004635],[-16.4729548,15.9005563],[-16.4728602,15.900466],[-16.4728112,15.9001935],[-16.4728092,15.8999207],[-16.4732301,15.899645]]}},{"type":"Feature","properties":{"elevation":5.0},"geometry":{"type":"LineString","coordinates":[[-16.4938086,15.8992308],[-16.4938106,15.8995037]]}},{"type":"Feature","properties":{"elevation":5.0},"geometry":{"type":"LineString","coordinates":[[-16.4759514,15.8990807],[-16.4760448,15.8989891],[-16.4763277,15.8991327],[-16.4766113,15.8993491],[-16.4767542,15.8996209],[-16.4766857,15.8998942],[-16.4766156,15.8999493],[-16.4763346,15.9000785],[-16.4761924,15.8998976],[-16.4757675,15.8996277],[-16.475836,15.8993544],[-16.4759514,15.8990807]]}},{"type":"Feature","properties":{"elevation":5.0},"geometry":{"type":"MultiLineString","coordinates":[[[-16.4991631,15.8989209],[-16.4994491,15.8994646],[-16.4997331,15.8997355],[-16.500013,15.8994607],[-16.5002939,15.8993223],[-16.5005768,15.8994568],[-16.5008587,15.8994548],[-16.5011427,15.8997257],[-16.5014246,15.8997237],[-16.5017085,15.8999946],[-16.5019905,15.8999927],[-16.5019925,15.9002655],[-16.50171261801223,15.900540282315966]],[[-16.50171261801223,15.900540282315966],[-16.5017126,15.9005403],[-16.5019965,15.9008111]],[[-16.5019965,15.9008111],[-16.50256036604368,15.900807233337606]],[[-16.50256036604368,15.900807233337606],[-16.5028423,15.9008053],[-16.5025604,15.9008072],[-16.50256036604368,15.900807233337606]],[[-16.50256036604368,15.900807233337606],[-16.5022805,15.901082],[-16.5019986,15.901084],[-16.5019965,15.9008111]],[[-16.5019965,15.9008111],[-16.50171261801223,15.900540282315966]],[[-16.50171261801223,15.900540282315966],[-16.5011447,15.8999985],[-16.500017,15.9000064],[-16.4997371,15.9002811],[-16.4998801,15.900553],[-16.4997411,15.9008268],[-16.4997452,15.9013725],[-16.4994643,15.9015108],[-16.4991813,15.9013764],[-16.4986175,15.9013803],[-16.4983376,15.9016551],[-16.4983436,15.9024735],[-16.4980617,15.9024755],[-16.4980557,15.901657],[-16.4983356,15.9013822],[-16.4988994,15.9013783],[-16.4991793,15.9011035],[-16.4991773,15.9008307],[-16.4988933,15.9005598],[-16.4980476,15.9005657]],[[-16.4980476,15.9005657],[-16.4977677,15.9008405],[-16.4977656,15.9005677],[-16.4980476,15.9005657]],[[-16.4980476,15.9005657],[-16.4983275,15.9002909],[-16.4988893,15.9000142],[-16.4988873,15.8997414],[-16.4986033,15.8994705]],[[-16.4986033,15.8994705],[-16.4983214,15.8994724]],[[-16.4986033,15.8994705],[-16.4991631,15.8989209]]]}},{"type":"Feature","properties":{"elevation":5.0},"geometry":{"type":"MultiLineString","coordinates":[[[-16.4644865,15.8991587],[-16.4647684,15.8991568],[-16.464770350016348,15.899429652287534]],[[-16.464770350016348,15.899429652287534],[-16.4647723,15.8997025],[-16.4647704,15.8994297],[-16.464770350016348,15.899429652287534]],[[-16.464770350016348,15.899429652287534],[-16.4644865,15.8991587]]]}},{"type":"Feature","properties":{"elevation":5.0},"geometry":{"type":"LineString","coordinates":[[-16.4746358,15.8990897],[-16.4749177,15.8990878],[-16.4749197,15.8993606],[-16.4746388,15.8994989],[-16.4743568,15.8995009],[-16.4742149,15.8993654],[-16.4743549,15.899228],[-16.4746358,15.8990897]]}},{"type":"Feature","properties":{"elevation":5.0},"geometry":{"type":"LineString","coordinates":[[-16.5073368,15.8985912],[-16.5070569,15.898866],[-16.5073409,15.8991369],[-16.5076208,15.8988621],[-16.5073368,15.8985912]]}},{"type":"Feature","properties":{"elevation":5.0},"geometry":{"type":"MultiLineString","coordinates":[[[-16.4751957,15.8985402],[-16.4754776,15.8985383]],[[-16.4754776,15.8985383],[-16.4757595,15.8985363]],[[-16.4754776,15.8985383],[-16.4751977,15.898813],[-16.4751957,15.8985402]]]}},{"type":"Feature","properties":{"elevation":5.0},"geometry":{"type":"MultiLineString","coordinates":[[[-16.4952102,15.8981298],[-16.4952122,15.8984026]],[[-16.4952122,15.8984026],[-16.4953552,15.8986745],[-16.4954042,15.898947],[-16.4952182,15.8992211],[-16.4949383,15.8994959]],[[-16.4949383,15.8994959],[-16.4952223,15.8997668],[-16.4955042,15.8997648],[-16.4955082,15.9003105],[-16.4960761,15.9008522],[-16.496642,15.9011211],[-16.4969239,15.9011192],[-16.4969259,15.901392],[-16.496646,15.9016668],[-16.496648,15.9019396],[-16.496932,15.9022105],[-16.4966521,15.9024853],[-16.4963712,15.9026236],[-16.4960882,15.9024892],[-16.4960842,15.9019435],[-16.4958002,15.9016726],[-16.4955183,15.9016746],[-16.4955143,15.9011289],[-16.4952303,15.9008581],[-16.4950874,15.9005862],[-16.4952263,15.9003124],[-16.4949424,15.9000415],[-16.4949383,15.8994959]],[[-16.4949383,15.8994959],[-16.4946544,15.899225],[-16.4946524,15.8989522],[-16.4947913,15.8986784],[-16.4949313,15.898541],[-16.4952122,15.8984026]]]}},{"type":"Feature","properties":{"elevation":5.0},"geometry":{"type":"LineString","coordinates":[[-16.4980294,15.8981103],[-16.4980314,15.8983831]]}},{"type":"Feature","properties":{"elevation":5.0},"geometry":{"type":"LineString","coordinates":[[-16.4839333,15.8982075],[-16.4842152,15.8982056],[-16.4844992,15.8984765],[-16.4839353,15.8984804],[-16.4839333,15.8982075]]}},{"type":"Feature","properties":{"elevation":5.0},"geometry":{"type":"Point","coordinates":[-16.476603296,15.898257735]}},{"type":"Feature","properties":{"elevation":5.0},"geometry":{"type":"LineString","coordinates":[[-16.47406598,15.898275059],[-16.474065981,15.898275059]]}},{"type":"Feature","properties":{"elevation":0.0},"geometry":{"type":"LineString","coordinates":[[-16.4968987,15.8977088],[-16.4963371,15.8980128],[-16.4960559,15.8981239],[-16.495964,15.8983974],[-16.495966,15.8986702],[-16.496062,15.8989424],[-16.4963459,15.8992133],[-16.4964849,15.8989395],[-16.4964829,15.8986667],[-16.4966232,15.8985747],[-16.4969057,15.8986637],[-16.4971857,15.8983889],[-16.4969957,15.8981174],[-16.4969937,15.8978446],[-16.4968987,15.8977088]]}},{"type":"Feature","properties":{"elevation":5.0},"geometry":{"type":"MultiLineString","coordinates":[[[-16.5014104,15.897814],[-16.5014145,15.8983596]],[[-16.5014145,15.8983596],[-16.5016984,15.8986305]],[[-16.5016984,15.8986305],[-16.5019803,15.8986285],[-16.5019824,15.8989013],[-16.5028342,15.8997139],[-16.5025523,15.8997159],[-16.5025503,15.8994431],[-16.5022663,15.8991722],[-16.5019844,15.8991742],[-16.5017004,15.8989033],[-16.5016984,15.8986305]],[[-16.5014145,15.8983596],[-16.5011346,15.8986344],[-16.5011305,15.8980887],[-16.5014104,15.897814]]]}},{"type":"Feature","properties":{"elevation":5.0},"geometry":{"type":"LineString","coordinates":[[-16.4929528,15.8978726],[-16.4932367,15.8981434],[-16.4929548,15.8981454],[-16.4929528,15.8978726]]}},{"type":"Feature","properties":{"elevation":5.0},"geometry":{"type":"LineString","coordinates":[[-16.4901336,15.897892],[-16.4901356,15.8981648],[-16.4898537,15.8981668],[-16.4901336,15.897892]]}},{"type":"Feature","properties":{"elevation":5.0},"geometry":{"type":"LineString","coordinates":[[-16.467577757,15.897773532],[-16.467577757,15.897773533]]}},{"type":"Feature","properties":{"elevation":5.0},"geometry":{"type":"LineString","coordinates":[[-16.48139,15.8974064],[-16.481392,15.8976793]]}},{"type":"Feature","properties":{"elevation":5.0},"geometry":{"type":"LineString","coordinates":[[-16.502815967,15.897258499],[-16.502815968,15.897258499]]}},{"type":"Feature","properties":{"elevation":5.0},"geometry":{"type":"LineString","coordinates":[[-16.4825157,15.8971259],[-16.4825177,15.8973987]]}},{"type":"Feature","properties":{"elevation":5.0},"geometry":{"type":"MultiLineString","coordinates":[[[-16.4616534,15.897268],[-16.4619353,15.897266100000001]],[[-16.4619353,15.897266100000001],[-16.4622172,15.8972642],[-16.4619353,15.8972661],[-16.4619353,15.897266100000001]],[[-16.4619353,15.897266100000001],[-16.4616554,15.8975408],[-16.4616534,15.897268]]]}},{"type":"Feature","properties":{"elevation":5.0},"geometry":{"type":"LineString","coordinates":[[-16.5056291,15.8964204],[-16.5053492,15.8966952],[-16.5053512,15.896968],[-16.5056352,15.8972389],[-16.5061949,15.8966893],[-16.505911,15.8964184],[-16.5056291,15.8964204]]}},{"type":"Feature","properties":{"elevation":5.0},"geometry":{"type":"LineString","coordinates":[[-16.483075538,15.896576351],[-16.483075538,15.89657635],[-16.483075539,15.896576351],[-16.483075538,15.896576351]]}},{"type":"Feature","properties":{"elevation":5.0},"geometry":{"type":"Point","coordinates":[-16.468979457,15.896672629]}},{"type":"Feature","properties":{"elevation":5.0},"geometry":{"type":"LineString","coordinates":[[-16.458134968250317,15.896672994701],[-16.4582654,15.8966088],[-16.4585483,15.8967433],[-16.458361568156405,15.896926497276555]]}},{"type":"Feature","properties":{"elevation":-5.0},"geometry":{"type":"LineString","coordinates":[[-16.4966037,15.8959374],[-16.4965654,15.8962105],[-16.4966077,15.8964831],[-16.4968876,15.8962083],[-16.4966037,15.8959374]]}},{"type":"Feature","properties":{"elevation":5.0},"geometry":{"type":"MultiLineString","coordinates":[[[-16.4994249,15.8961907],[-16.4994269,15.8964635]],[[-16.4994269,15.8964635],[-16.4997108,15.8967344],[-16.5005566,15.8967285],[-16.5002767,15.8970033],[-16.5002787,15.8972761],[-16.4999968,15.8972781],[-16.4997169,15.8975529]],[[-16.4997169,15.8975529],[-16.4997209,15.8980985],[-16.499439,15.8981005],[-16.499437,15.8978277],[-16.4997169,15.8975529]],[[-16.4997169,15.8975529],[-16.4994329,15.897282],[-16.4994309,15.8970092],[-16.499147,15.8967383],[-16.4994269,15.8964635]]]}},{"type":"Feature","properties":{"elevation":5.0},"geometry":{"type":"LineString","coordinates":[[-16.5016802,15.896175],[-16.5019621,15.8961731],[-16.5022461,15.8964439],[-16.5025259,15.8961692],[-16.502528,15.896442],[-16.5019682,15.8969916],[-16.5016863,15.8969935],[-16.5016802,15.896175]]}},{"type":"Feature","properties":{"elevation":5.0},"geometry":{"type":"LineString","coordinates":[[-16.4901215,15.896255],[-16.4906854,15.8962511],[-16.4901256,15.8968007],[-16.4898416,15.8965298],[-16.4901215,15.896255]]}},{"type":"Feature","properties":{"elevation":5.0},"geometry":{"type":"LineString","coordinates":[[-16.4765874,15.8960751],[-16.4765933,15.8968936],[-16.4763114,15.8968955],[-16.4763074,15.8963498],[-16.4765874,15.8960751]]}},{"type":"Feature","properties":{"elevation":5.0},"geometry":{"type":"LineString","coordinates":[[-16.4613636,15.8961786],[-16.4616445,15.8960402],[-16.4619265,15.8960383],[-16.4620684,15.8961738],[-16.4619294,15.8964476],[-16.4616495,15.8967223],[-16.4613675,15.8967242],[-16.4612246,15.8964524],[-16.4613636,15.8961786]]}},{"type":"Feature","properties":{"elevation":-5.0},"geometry":{"type":"LineString","coordinates":[[-16.4966006,15.8955282],[-16.4964607,15.8956656],[-16.4966037,15.8959374],[-16.4968836,15.8956626],[-16.4966006,15.8955282]]}},{"type":"Feature","properties":{"elevation":0.0},"geometry":{"type":"LineString","coordinates":[[-16.4695367,15.8957594],[-16.4694434,15.8958509],[-16.4695393,15.8961231],[-16.4698213,15.8961212],[-16.4701012,15.8958465],[-16.4698173,15.8955756],[-16.4695367,15.8957594]]}},{"type":"Feature","properties":{"elevation":0.0},"geometry":{"type":"LineString","coordinates":[[-16.4585414,15.8957884],[-16.4584014,15.8959257],[-16.4585444,15.8961976],[-16.4588243,15.8959229],[-16.4585414,15.8957884]]}},{"type":"Feature","properties":{"elevation":5.0},"geometry":{"type":"MultiLineString","coordinates":[[[-16.4833495,15.8954831],[-16.4836334,15.895754]],[[-16.4836334,15.895754],[-16.4839153,15.8957521]]]}},{"type":"Feature","properties":{"elevation":5.0},"geometry":{"type":"LineString","coordinates":[[-16.5044933,15.8953369],[-16.5047752,15.895335]]}},{"type":"Feature","properties":{"elevation":5.0},"geometry":{"type":"LineString","coordinates":[[-16.5067446,15.8947756],[-16.5064647,15.8950504],[-16.5064708,15.8958688],[-16.5067547,15.8961397],[-16.5070407,15.8966834],[-16.5073236,15.8968178],[-16.5076045,15.8966795],[-16.5075984,15.895861],[-16.5073145,15.8955901],[-16.5070326,15.8955921],[-16.5070305,15.8953193],[-16.5073104,15.8950445],[-16.5067446,15.8947756]]}},{"type":"Feature","properties":{"elevation":5.0},"geometry":{"type":"Point","coordinates":[-16.457410775,15.895386728]}},{"type":"Feature","properties":{"elevation":10.0},"geometry":{"type":"LineString","coordinates":[[-16.463895,15.8953429],[-16.4641769,15.895341],[-16.4640379,15.8956148],[-16.4638979,15.8957522],[-16.463616,15.8957541],[-16.4635211,15.8956183],[-16.463614,15.8954812],[-16.463895,15.8953429]]}},{"type":"Feature","properties":{"elevation":0.0},"geometry":{"type":"LineString","coordinates":[[-16.4799604,15.8946878],[-16.4796805,15.8949626],[-16.4797765,15.8952347],[-16.4799664,15.8955063],[-16.4802493,15.8956408],[-16.4805303,15.8955024],[-16.4806222,15.895229],[-16.4805263,15.8949568],[-16.480243,15.8947768],[-16.4799604,15.8946878]]}},{"type":"Feature","properties":{"elevation":5.0},"geometry":{"type":"LineString","coordinates":[[-16.5008223,15.8945439],[-16.5005424,15.8948187],[-16.5005465,15.8953644],[-16.5008304,15.8956352],[-16.5011103,15.8953605],[-16.5011062,15.8948148],[-16.5008223,15.8945439]]}},{"type":"Feature","properties":{"elevation":5.0},"geometry":{"type":"LineString","coordinates":[[-16.4954679,15.8948539],[-16.4954699,15.8951267]]}},{"type":"Feature","properties":{"elevation":5.0},"geometry":{"type":"LineString","coordinates":[[-16.490957243,15.894885062],[-16.490957243,15.894885061],[-16.490957244,15.894885062],[-16.490957243,15.894885062]]}},{"type":"Feature","properties":{"elevation":5.0},"geometry":{"type":"LineString","coordinates":[[-16.4870064,15.8943666],[-16.4867265,15.8946414],[-16.4870104,15.8949123],[-16.4871494,15.8946385],[-16.4870064,15.8943666]]}},{"type":"Feature","properties":{"elevation":5.0},"geometry":{"type":"LineString","coordinates":[[-16.470939034,15.894749387],[-16.470939035,15.894749387],[-16.470939035,15.894749388],[-16.470939034,15.894749387]]}},{"type":"Feature","properties":{"elevation":0.0},"geometry":{"type":"LineString","coordinates":[[-16.4841852,15.8941131],[-16.4839053,15.8943879],[-16.4841892,15.8946588],[-16.4843282,15.894385],[-16.4841852,15.8941131]]}},{"type":"Feature","properties":{"elevation":5.0},"geometry":{"type":"MultiLineString","coordinates":[[[-16.4599422,15.8945511],[-16.4599441,15.8948239]],[[-16.4599441,15.8948239],[-16.460228,15.8950949]],[[-16.460228,15.8950949],[-16.460509900350633,15.895093000334576]],[[-16.460509900350633,15.895093000334576],[-16.4607919,15.8950911],[-16.4607938,15.8953639],[-16.460509900350633,15.895093000334576]],[[-16.460509900350633,15.895093000334576],[-16.4605099,15.895093],[-16.460228,15.8950949]],[[-16.4599441,15.8948239],[-16.4596642,15.8950987],[-16.4596622,15.8948258],[-16.4599422,15.8945511]]]}},{"type":"Feature","properties":{"elevation":5.0},"geometry":{"type":"LineString","coordinates":[[-16.4674131,15.8945005],[-16.467553,15.8943631],[-16.4678349,15.8943612],[-16.4679769,15.8944967],[-16.4678379,15.8947705],[-16.4678399,15.8950433],[-16.467556,15.8947724],[-16.4674131,15.8945005]]}},{"type":"Feature","properties":{"elevation":0.0},"geometry":{"type":"LineString","coordinates":[[-16.4796705,15.8935984],[-16.4793906,15.8938732],[-16.4799584,15.894415],[-16.4800974,15.8941412],[-16.4799545,15.8938693],[-16.4796705,15.8935984]]}},{"type":"Feature","properties":{"elevation":5.0},"geometry":{"type":"LineString","coordinates":[[-16.4805183,15.8938654],[-16.4810821,15.8938616]]}},{"type":"Feature","properties":{"elevation":-5.0},"geometry":{"type":"LineString","coordinates":[[-16.4968661,15.8932981],[-16.4967265,15.893481],[-16.4968688,15.8936619],[-16.4970104,15.8937519],[-16.4971516,15.8937899],[-16.4972453,15.8937502],[-16.4972903,15.8934771],[-16.4971487,15.8933871],[-16.4968661,15.8932981]]}},{"type":"Feature","properties":{"elevation":5.0},"geometry":{"type":"LineString","coordinates":[[-16.4901014,15.8935268],[-16.4903834,15.8935248],[-16.4906673,15.8937957],[-16.4906693,15.8940685],[-16.4903884,15.8942069],[-16.4902464,15.8940714],[-16.4903854,15.8937976],[-16.4901014,15.8935268]]}},{"type":"Feature","properties":{"elevation":5.0},"geometry":{"type":"LineString","coordinates":[[-16.4630354,15.8934388],[-16.4627555,15.8937135],[-16.4627574,15.8939864],[-16.4630413,15.8942573],[-16.4633232,15.8942554],[-16.4636012,15.8937078],[-16.4633173,15.8934369],[-16.4630354,15.8934388]]}},{"type":"Feature","properties":{"elevation":5.0},"geometry":{"type":"Point","coordinates":[-16.483335466,15.89357329]}},{"type":"Feature","properties":{"elevation":0.0},"geometry":{"type":"LineString","coordinates":[[-16.4822038,15.8930354],[-16.4819239,15.8933101],[-16.4822078,15.893581],[-16.4824877,15.8933063],[-16.4822038,15.8930354]]}},{"type":"Feature","properties":{"elevation":5.0},"geometry":{"type":"LineString","coordinates":[[-16.4991187,15.8929187],[-16.4988388,15.8931935],[-16.4988408,15.8934663],[-16.4994087,15.8940081],[-16.4996906,15.8940061],[-16.5002564,15.894275],[-16.5005384,15.8942731],[-16.5008183,15.8939983],[-16.5008162,15.8937255],[-16.5005323,15.8934546],[-16.4999664,15.8931857],[-16.4996855,15.893324],[-16.4995436,15.8931886],[-16.4994006,15.8929168],[-16.4991187,15.8929187]]}},{"type":"Feature","properties":{"elevation":5.0},"geometry":{"type":"LineString","coordinates":[[-16.4706472,15.8933871],[-16.4709291,15.8933852],[-16.4709311,15.8936581],[-16.4706472,15.8933871]]}},{"type":"Feature","properties":{"elevation":0.0},"geometry":{"type":"LineString","coordinates":[[-16.4965784,15.8925271],[-16.496509,15.892664],[-16.496511,15.8929368],[-16.496372,15.8932106],[-16.4963741,15.8934834],[-16.4960237,15.8937587],[-16.4958143,15.894033],[-16.4958398,15.8943056],[-16.4958183,15.8945786],[-16.4958908,15.894851],[-16.4960338,15.8951228],[-16.4963157,15.8951209],[-16.4960358,15.8953957],[-16.4958968,15.8956695],[-16.4960398,15.8959413],[-16.4963217,15.8959394],[-16.4963728,15.8964847],[-16.4964708,15.8970297],[-16.4966127,15.8971651],[-16.4968957,15.8972996],[-16.4971756,15.8970248],[-16.4973145,15.896751],[-16.4971695,15.8962063],[-16.4972145,15.8959332],[-16.4973064,15.8956597],[-16.4972574,15.8953872],[-16.4971614,15.895115],[-16.4971594,15.8948422],[-16.4968762,15.8946623],[-16.4967815,15.894572],[-16.496662,15.8942999],[-16.496871,15.8939711],[-16.4971531,15.8939847],[-16.4972943,15.8940227],[-16.4974363,15.8941582],[-16.4975762,15.8940208],[-16.4977152,15.893747],[-16.4978071,15.8934735],[-16.4975232,15.8932026],[-16.4974977,15.8929299],[-16.4974265,15.8928395],[-16.49686,15.8924796],[-16.4965784,15.8925271]]}},{"type":"Feature","properties":{"elevation":0.0},"geometry":{"type":"LineString","coordinates":[[-16.4836089,15.8924118],[-16.4834684,15.892481],[-16.4833285,15.8926184],[-16.4830476,15.8927567],[-16.4829086,15.8930305],[-16.4830506,15.893166],[-16.4833321,15.8931186],[-16.4838946,15.8929328],[-16.4840812,15.8927496],[-16.4840323,15.8924771],[-16.4838906,15.8923872],[-16.4836089,15.8924118]]}},{"type":"Feature","properties":{"elevation":5.0},"geometry":{"type":"LineString","coordinates":[[-16.480790233,15.892499368],[-16.480790233,15.892499367],[-16.480790234,15.892499368],[-16.480790233,15.892499368]]}},{"type":"Feature","properties":{"elevation":5.0},"geometry":{"type":"MultiLineString","coordinates":[[[-16.4596445,15.8923703],[-16.4596484,15.892916]],[[-16.4596484,15.892916],[-16.4599323,15.8931869]],[[-16.4599323,15.8931869],[-16.4602143,15.893185],[-16.4604981,15.893456],[-16.4607801,15.8934541],[-16.460784,15.8939997],[-16.4605021,15.8940016],[-16.4599343,15.8934598],[-16.4599323,15.8931869]]]}},{"type":"Feature","properties":{"elevation":5.0},"geometry":{"type":"LineString","coordinates":[[-16.471485,15.8922901],[-16.4717669,15.8922881],[-16.4717709,15.8928338],[-16.471489,15.8928357],[-16.4712051,15.8925648],[-16.471485,15.8922901]]}},{"type":"Feature","properties":{"elevation":5.0},"geometry":{"type":"MultiLineString","coordinates":[[[-16.4703574,15.8922977],[-16.4703593,15.8925706]],[[-16.4703593,15.8925706],[-16.4703613,15.8928434]]]}},{"type":"Feature","properties":{"elevation":5.0},"geometry":{"type":"LineString","coordinates":[[-16.5047458,15.891379],[-16.5044649,15.8915174],[-16.504469,15.892063],[-16.5047529,15.8923339],[-16.5053127,15.8917843],[-16.5053106,15.8915115],[-16.5050267,15.8912406],[-16.5047458,15.891379]]}},{"type":"Feature","properties":{"elevation":5.0},"geometry":{"type":"LineString","coordinates":[[-16.4852949,15.8916499],[-16.4855768,15.891648]]}},{"type":"Feature","properties":{"elevation":5.0},"geometry":{"type":"LineString","coordinates":[[-16.4556918,15.8915785],[-16.4554118,15.8918532],[-16.4556957,15.8921241],[-16.4559757,15.8918494],[-16.4556918,15.8915785]]}},{"type":"Feature","properties":{"elevation":5.0},"geometry":{"type":"LineString","coordinates":[[-16.5005141,15.8909991],[-16.5002342,15.8912739],[-16.5002403,15.8920924],[-16.5005242,15.8923633],[-16.5008051,15.8922249],[-16.5010867,15.8921775],[-16.5013679,15.8920846],[-16.5013619,15.8912661],[-16.5010779,15.8909952],[-16.5005141,15.8909991]]}},{"type":"Feature","properties":{"elevation":5.0},"geometry":{"type":"LineString","coordinates":[[-16.4689418,15.8914888],[-16.4692238,15.8914869],[-16.4692821,15.8917594],[-16.4689462,15.8920891],[-16.4686659,15.8923092],[-16.4683839,15.8923112],[-16.4689438,15.8917617],[-16.4689418,15.8914888]]}},{"type":"Feature","properties":{"elevation":5.0},"geometry":{"type":"LineString","coordinates":[[-16.4996684,15.891005],[-16.4993885,15.8912798],[-16.4992495,15.8915536],[-16.4993925,15.8918254],[-16.4996744,15.8918235],[-16.4999543,15.8915487],[-16.4999523,15.8912759],[-16.4996684,15.891005]]}},{"type":"Feature","properties":{"elevation":5.0},"geometry":{"type":"LineString","coordinates":[[-16.4737324,15.8911834],[-16.4734525,15.8914581],[-16.4737364,15.891729],[-16.4740163,15.8914543],[-16.4737324,15.8911834]]}},{"type":"Feature","properties":{"elevation":5.0},"geometry":{"type":"LineString","coordinates":[[-16.4554079,15.8913075],[-16.4556898,15.8913056],[-16.4556918,15.8915785],[-16.4559757,15.8918494],[-16.4559796,15.8923951],[-16.4562635,15.892666],[-16.4564064,15.8929379],[-16.4562674,15.8932117],[-16.4557016,15.8929426],[-16.4554177,15.8926717],[-16.4554157,15.8923989],[-16.4551319,15.8921279],[-16.4551279,15.8915823],[-16.4554079,15.8913075]]}},{"type":"Feature","properties":{"elevation":5.0},"geometry":{"type":"LineString","coordinates":[[-16.45338989004434,15.891364565552928],[-16.4534345,15.8913208],[-16.453435174847318,15.891415226713328]]}},{"type":"Feature","properties":{"elevation":10.0},"geometry":{"type":"LineString","coordinates":[[-16.465273,15.890968],[-16.4658368,15.8909642],[-16.4664046,15.8915061],[-16.4665005,15.8917783],[-16.4664086,15.8920517],[-16.4661296,15.8924629],[-16.4658497,15.8927376],[-16.4655687,15.892876],[-16.4661345,15.893145],[-16.4659956,15.8934187],[-16.4659975,15.8936916],[-16.4658572,15.8937835],[-16.4655747,15.8936944],[-16.4652934,15.8937873],[-16.4650128,15.8939711],[-16.4647309,15.893973],[-16.464447,15.8937021],[-16.464445,15.8934293],[-16.464631,15.8931552],[-16.464723,15.8928817],[-16.464719,15.892336],[-16.4650009,15.8923341],[-16.4652809,15.8920594],[-16.465273,15.890968]]}},{"type":"Feature","properties":{"elevation":5.0},"geometry":{"type":"LineString","coordinates":[[-16.4624499,15.8904415],[-16.4621699,15.8907162],[-16.4621719,15.890989],[-16.4627397,15.8915309],[-16.4627436,15.8920766],[-16.4630275,15.8923475],[-16.4635874,15.891798],[-16.4641493,15.8915213],[-16.4641453,15.8909757],[-16.4638614,15.8907048],[-16.4632976,15.8907086],[-16.4630137,15.8904377],[-16.4624499,15.8904415]]}},{"type":"Feature","properties":{"elevation":5.0},"geometry":{"type":"LineString","coordinates":[[-16.4590689,15.8907372],[-16.4590708,15.89101]]}},{"type":"Feature","properties":{"elevation":5.0},"geometry":{"type":"LineString","coordinates":[[-16.5013538,15.8901748],[-16.5010739,15.8904496],[-16.5013578,15.8907204],[-16.5016377,15.8904457],[-16.5013538,15.8901748]]}},{"type":"Feature","properties":{"elevation":0.0},"geometry":{"type":"LineString","coordinates":[[-16.4790818,15.8901919],[-16.4788009,15.8903302],[-16.4786619,15.890604],[-16.4788039,15.8907395],[-16.4790868,15.890874],[-16.4793647,15.8903264],[-16.4790818,15.8901919]]}},{"type":"Feature","properties":{"elevation":5.0},"geometry":{"type":"LineString","coordinates":[[-16.4556839,15.8904871],[-16.4556859,15.89076]]}},{"type":"Feature","properties":{"elevation":5.0},"geometry":{"type":"LineString","coordinates":[[-16.5081175,15.8898549],[-16.5075578,15.8904045],[-16.5075598,15.8906773],[-16.5078438,15.8909481],[-16.5081236,15.8906733],[-16.5084015,15.8901257],[-16.5081175,15.8898549]]}},{"type":"Feature","properties":{"elevation":5.0},"geometry":{"type":"MultiLineString","coordinates":[[[-16.4926125,15.8899625],[-16.4931764,15.8899586],[-16.4928965,15.8902334],[-16.4929005,15.890779],[-16.4931844,15.8910499],[-16.4931904,15.8918684],[-16.4934744,15.8921393],[-16.4940382,15.8921354],[-16.4937583,15.8924101],[-16.4937603,15.892683],[-16.4943262,15.8929519],[-16.4946081,15.8929499],[-16.494888,15.8926752],[-16.4951658,15.8921276],[-16.4954457,15.8918528],[-16.4957277,15.8918508],[-16.4958706,15.8921227],[-16.4958726,15.8923955],[-16.4957337,15.8926693],[-16.4954538,15.8929441],[-16.4954599,15.8937626],[-16.4951759,15.8934917],[-16.4951739,15.8932189],[-16.49489,15.892948],[-16.4946101,15.8932228],[-16.4943322,15.8937704],[-16.4943382,15.8945889],[-16.4937764,15.8948656],[-16.4934965,15.8951404],[-16.4934985,15.8954132],[-16.4936415,15.8956851],[-16.4935026,15.8959589],[-16.4932206,15.8959608],[-16.4929367,15.8956899],[-16.4926548,15.8956919],[-16.4923749,15.8959666],[-16.4923789,15.8965123],[-16.4926628,15.8967832],[-16.4929448,15.8967812],[-16.4932247,15.8965065],[-16.4932267,15.8967793],[-16.4929468,15.8970541],[-16.4926648,15.897056],[-16.492097,15.8965143],[-16.4915352,15.896791]],[[-16.4915352,15.896791],[-16.4915412,15.8976095],[-16.4918251,15.8978803],[-16.4923869,15.8976036],[-16.492389,15.8978764],[-16.49225,15.8981502],[-16.492393,15.8984221],[-16.4929609,15.8989639],[-16.492397,15.8989678],[-16.4921171,15.8992425],[-16.4919781,15.8995163],[-16.4919802,15.8997892],[-16.4918412,15.900063],[-16.4915613,15.9003377],[-16.4914183,15.9000659],[-16.4913693,15.8997934],[-16.4915553,15.8995193],[-16.4915532,15.8992464],[-16.4912693,15.8989755],[-16.4909894,15.8992503],[-16.4907075,15.8992523],[-16.4912673,15.8987027],[-16.4912653,15.8984299],[-16.4915452,15.8981551],[-16.4912613,15.8978842],[-16.4912552,15.8970657],[-16.4915352,15.896791]],[[-16.4915352,15.896791],[-16.4915331,15.8965181],[-16.4914372,15.896246],[-16.4914351,15.8959731],[-16.4915281,15.8958361],[-16.491809,15.8956977],[-16.4916661,15.8954259],[-16.491805,15.8951521],[-16.491662,15.8948802],[-16.491801,15.8946064],[-16.491799,15.8943336],[-16.4920809,15.8943316],[-16.4923648,15.8946025],[-16.4926467,15.8946006],[-16.4929246,15.894053]],[[-16.4929246,15.894053],[-16.4926407,15.8937821]],[[-16.4929246,15.894053],[-16.4930636,15.8937792],[-16.4930616,15.8935063],[-16.4927776,15.8932354],[-16.4926347,15.8929636],[-16.492350716310995,15.892692667859299]],[[-16.492350716310995,15.892692667859299],[-16.4920668,15.8924218]],[[-16.4920668,15.8924218],[-16.4917869,15.8926966],[-16.4909412,15.8927024],[-16.4906572,15.8924315],[-16.4906532,15.8918859],[-16.4912171,15.891882],[-16.491501,15.8921529],[-16.4920648,15.892149],[-16.4920668,15.8924218]],[[-16.4920668,15.8924218],[-16.4923507,15.8926927],[-16.492350716310995,15.892692667859299]],[[-16.492350716310995,15.892692667859299],[-16.4926286,15.8921451],[-16.4923427,15.8916014],[-16.4920588,15.8913305],[-16.4914949,15.8913344],[-16.4923346,15.8905101],[-16.4923326,15.8902372],[-16.4926125,15.8899625]]]}},{"type":"Feature","properties":{"elevation":5.0},"geometry":{"type":"LineString","coordinates":[[-16.486692415,15.890003266],[-16.486692416,15.890003266]]}},{"type":"Feature","properties":{"elevation":5.0},"geometry":{"type":"LineString","coordinates":[[-16.4850009,15.8900149],[-16.4852829,15.890013]]}},{"type":"Feature","properties":{"elevation":5.0},"geometry":{"type":"LineString","coordinates":[[-16.473442553,15.890093979],[-16.473442553,15.890093978]]}},{"type":"Feature","properties":{"elevation":5.0},"geometry":{"type":"LineString","coordinates":[[-16.4641374,15.8898844],[-16.4638575,15.8901591],[-16.4641414,15.89043],[-16.4644213,15.8901553],[-16.4641374,15.8898844]]}},{"type":"Feature","properties":{"elevation":0.0},"geometry":{"type":"LineString","coordinates":[[-16.4796386,15.8892331],[-16.4793607,15.8897807],[-16.4796446,15.8900516],[-16.4799245,15.8897769],[-16.4799226,15.889504],[-16.4796386,15.8892331]]}},{"type":"Feature","properties":{"elevation":5.0},"geometry":{"type":"LineString","coordinates":[[-16.4787949,15.8895117],[-16.4787969,15.8897846]]}},{"type":"Feature","properties":{"elevation":5.0},"geometry":{"type":"LineString","coordinates":[[-16.4534227,15.8896838],[-16.4537046,15.8896819],[-16.4534247,15.8899566],[-16.4534227,15.8896838]]}},{"type":"Feature","properties":{"elevation":5.0},"geometry":{"type":"MultiLineString","coordinates":[[[-16.4833035,15.889208],[-16.4835854,15.8892061],[-16.4838693,15.889477],[-16.4838713,15.8897498]],[[-16.4838713,15.8897498],[-16.4841552,15.8900207],[-16.4844371,15.8900188],[-16.4842982,15.8902926],[-16.4843002,15.8905654],[-16.4841602,15.8907028],[-16.4838793,15.8908411],[-16.4835954,15.8905702],[-16.4838733,15.8900226],[-16.4838713,15.8897498]],[[-16.4838713,15.8897498],[-16.4833035,15.889208]]]}},{"type":"Feature","properties":{"elevation":5.0},"geometry":{"type":"MultiLineString","coordinates":[[[-16.4517293,15.8894223],[-16.4520132,15.8896933],[-16.452577,15.8896895],[-16.4525809,15.8902352],[-16.452299,15.8902371],[-16.452257628221233,15.890277688670098]],[[-16.451474263860845,15.889672599753714],[-16.4517293,15.8894223]]]}},{"type":"Feature","properties":{"elevation":5.0},"geometry":{"type":"LineString","coordinates":[[-16.4708974,15.8890199],[-16.4709014,15.8895656],[-16.4706195,15.8895675],[-16.4708994,15.8892928],[-16.4708974,15.8890199]]}},{"type":"Feature","properties":{"elevation":5.0},"geometry":{"type":"LineString","coordinates":[[-16.4999321,15.8885476],[-16.4996522,15.8888224],[-16.4996542,15.8890952],[-16.4999381,15.8893661],[-16.5004979,15.8888165],[-16.500214,15.8885456],[-16.4999321,15.8885476]]}},{"type":"Feature","properties":{"elevation":5.0},"geometry":{"type":"LineString","coordinates":[[-16.4948577,15.8885827],[-16.4945779,15.8888575],[-16.4948618,15.8891284],[-16.4950007,15.8888546],[-16.4948577,15.8885827]]}},{"type":"Feature","properties":{"elevation":10.0},"geometry":{"type":"MultiLineString","coordinates":[[[-16.4663868,15.8890506],[-16.4669506,15.8890467],[-16.4670936,15.8893186],[-16.4670956,15.8895915],[-16.4669566,15.8898652],[-16.4669585,15.8901381],[-16.4666786,15.8904128]],[[-16.4666786,15.8904128],[-16.4669625,15.8906837],[-16.4666806,15.8906857],[-16.4666786,15.8904128]],[[-16.4666786,15.8904128],[-16.4663947,15.8901419],[-16.4663927,15.8898691],[-16.4658269,15.8896001],[-16.465547,15.8898748],[-16.465549,15.8901476],[-16.465545,15.889602],[-16.465825,15.8893272],[-16.4663868,15.8890506]]]}},{"type":"Feature","properties":{"elevation":5.0},"geometry":{"type":"LineString","coordinates":[[-16.4968291,15.8882963],[-16.4965492,15.888571],[-16.497401,15.8893837],[-16.4976829,15.8893817],[-16.4979628,15.8891069],[-16.4979608,15.8888341],[-16.4976768,15.8885632],[-16.4973949,15.8885652],[-16.497111,15.8882943],[-16.4968291,15.8882963]]}},{"type":"Feature","properties":{"elevation":5.0},"geometry":{"type":"LineString","coordinates":[[-16.4863985,15.8883682],[-16.4864045,15.8891867],[-16.4861206,15.8889158],[-16.4864005,15.8886411],[-16.4863985,15.8883682]]}},{"type":"Feature","properties":{"elevation":5.0},"geometry":{"type":"LineString","coordinates":[[-16.453133,15.8885944],[-16.4531369,15.88914],[-16.4531349,15.8888672],[-16.453133,15.8885944]]}},{"type":"Feature","properties":{"elevation":5.0},"geometry":{"type":"LineString","coordinates":[[-16.4734306,15.888457],[-16.4734326,15.8887298]]}},{"type":"Feature","properties":{"elevation":5.0},"geometry":{"type":"LineString","coordinates":[[-16.4545425,15.8885849],[-16.4548245,15.888583],[-16.4548264,15.8888558],[-16.4545465,15.8891306],[-16.4548303,15.8894015],[-16.4551123,15.8893996],[-16.4548323,15.8896743],[-16.4542685,15.8896781],[-16.4539846,15.8894072],[-16.4539826,15.8891343],[-16.4545445,15.8888577],[-16.4545425,15.8885849]]}},{"type":"Feature","properties":{"elevation":5.0},"geometry":{"type":"MultiLineString","coordinates":[[[-16.459615,15.8882779],[-16.4598969,15.888276],[-16.4598989,15.8885488]],[[-16.4598989,15.8885488],[-16.4601828,15.8888197],[-16.4601847,15.8890925],[-16.4599028,15.8890945],[-16.4596229,15.8893692],[-16.4599068,15.8896401],[-16.4601887,15.8896382],[-16.4599087,15.889913],[-16.459063,15.8899187],[-16.4587791,15.8896477],[-16.4587771,15.8893749],[-16.459341,15.8893711],[-16.4596209,15.8890964],[-16.4596189,15.8888235],[-16.4598989,15.8885488]],[[-16.4598989,15.8885488],[-16.459615,15.8882779]]]}},{"type":"Feature","properties":{"elevation":5.0},"geometry":{"type":"LineString","coordinates":[[-16.478501042,15.88787669],[-16.478501042,15.887876691]]}},{"type":"Feature","properties":{"elevation":5.0},"geometry":{"type":"LineString","coordinates":[[-16.462150246,15.887987883],[-16.462150247,15.887987883]]}},{"type":"Feature","properties":{"elevation":5.0},"geometry":{"type":"LineString","coordinates":[[-16.4859696,15.8875526],[-16.4861096,15.8874153],[-16.4863925,15.8875497],[-16.4861126,15.8878245],[-16.4859696,15.8875526]]}},{"type":"Feature","properties":{"elevation":5.0},"geometry":{"type":"MultiLineString","coordinates":[[[-16.4488965,15.8875314],[-16.449029273604225,15.887784032211256]],[[-16.449404290209912,15.88807370379071],[-16.4494642,15.8880733],[-16.449464538364253,15.88812024087137]],[[-16.448810922614065,15.88761537280995],[-16.4488965,15.8875314]]]}},{"type":"Feature","properties":{"elevation":5.0},"geometry":{"type":"LineString","coordinates":[[-16.496821,15.887205],[-16.4971029,15.887203]]}},{"type":"Feature","properties":{"elevation":5.0},"geometry":{"type":"LineString","coordinates":[[-16.4570699,15.8872036],[-16.4582054,15.8882874],[-16.4584874,15.8882855],[-16.4584893,15.8885583],[-16.4582113,15.8891059],[-16.4579314,15.8893806],[-16.4576495,15.8893825],[-16.4576475,15.8891097],[-16.4573636,15.8888387],[-16.4570837,15.8891135],[-16.4572266,15.8893854],[-16.4570876,15.8896591],[-16.4576554,15.890201],[-16.4576613,15.8910195],[-16.4579451,15.8912904],[-16.4580881,15.8915623],[-16.45809,15.8918351],[-16.458233,15.892107],[-16.4576731,15.8926565],[-16.4573911,15.8926584],[-16.4573852,15.8918399],[-16.4572423,15.891568],[-16.4572404,15.8912952],[-16.4573793,15.8910214],[-16.4573774,15.8907486],[-16.4570935,15.8904776],[-16.4568106,15.8903431],[-16.4567157,15.8902073],[-16.4566667,15.8899348],[-16.4566647,15.889662],[-16.4565218,15.8893901],[-16.4567998,15.8888425],[-16.45679,15.8874784],[-16.4570699,15.8872036]]}},{"type":"Feature","properties":{"elevation":0.0},"geometry":{"type":"LineString","coordinates":[[-16.4782107,15.8867191],[-16.4780702,15.8867883],[-16.4778373,15.8870627],[-16.4779322,15.8871985],[-16.4782145,15.887242],[-16.4784961,15.8871946],[-16.478777,15.8870563],[-16.4784931,15.8867854],[-16.4782107,15.8867191]]}},{"type":"Feature","properties":{"elevation":5.0},"geometry":{"type":"LineString","coordinates":[[-16.4517117,15.8869668],[-16.4519955,15.8872378],[-16.4522775,15.8872359],[-16.4522814,15.8877816],[-16.4517195,15.8880582],[-16.4514376,15.8880601],[-16.4514356,15.8877872],[-16.4517156,15.8875125],[-16.4517117,15.8869668]]}},{"type":"Feature","properties":{"elevation":5.0},"geometry":{"type":"LineString","coordinates":[[-16.4842722,15.8867458],[-16.4844121,15.8866084],[-16.484695,15.8867429],[-16.484838,15.8870147],[-16.484699,15.8872885],[-16.4844171,15.8872905],[-16.4841332,15.8870196],[-16.4842722,15.8867458]]}},{"type":"Feature","properties":{"elevation":10.0},"geometry":{"type":"LineString","coordinates":[[-16.4658072,15.8868717],[-16.466371,15.8868679],[-16.466373,15.8871407],[-16.4658111,15.8874174],[-16.4658131,15.8876902],[-16.4655322,15.8878286],[-16.4652493,15.8876941],[-16.4658092,15.8871446],[-16.4658072,15.8868717]]}},{"type":"Feature","properties":{"elevation":5.0},"geometry":{"type":"LineString","coordinates":[[-16.4900472,15.8861604],[-16.4897693,15.886708],[-16.4900533,15.8869789],[-16.4903332,15.8867041],[-16.4903312,15.8864313],[-16.4900472,15.8861604]]}},{"type":"Feature","properties":{"elevation":5.0},"geometry":{"type":"LineString","coordinates":[[-16.4542469,15.886677],[-16.4548127,15.886946],[-16.4550946,15.8869441],[-16.4545347,15.8874936],[-16.4542528,15.8874955],[-16.4541099,15.8872236],[-16.4541079,15.8869507],[-16.4542469,15.886677]]}},{"type":"Feature","properties":{"elevation":5.0},"geometry":{"type":"LineString","coordinates":[[-16.4483268,15.8867167],[-16.4486087,15.8867148],[-16.4486107,15.8869876],[-16.4483287,15.8869895],[-16.4483268,15.8867167]]}},{"type":"Feature","properties":{"elevation":0.0},"geometry":{"type":"LineString","coordinates":[[-16.5030138,15.8859342],[-16.5026665,15.8866187],[-16.502739,15.8868911],[-16.503025,15.8874348],[-16.5031639,15.887161],[-16.5031619,15.8868881],[-16.5034417,15.8866133],[-16.5035807,15.8863395],[-16.5035786,15.8860667],[-16.5032947,15.8857958],[-16.5030138,15.8859342]]}},{"type":"Feature","properties":{"elevation":5.0},"geometry":{"type":"LineString","coordinates":[[-16.5007596,15.8860863],[-16.5010415,15.8860843]]}},{"type":"Feature","properties":{"elevation":5.0},"geometry":{"type":"LineString","coordinates":[[-16.457064058,15.886385141],[-16.457064058,15.886385142]]}},{"type":"Feature","properties":{"elevation":10.0},"geometry":{"type":"LineString","coordinates":[[-16.4691861,15.8863031],[-16.4694671,15.8861648],[-16.46975,15.8862993],[-16.4697519,15.8865721],[-16.4694707,15.886665],[-16.4691881,15.8865759],[-16.4689082,15.8868507],[-16.4689102,15.8871235],[-16.4686302,15.8873983],[-16.4683483,15.8874002],[-16.4680644,15.8871293],[-16.4672187,15.887135],[-16.4674986,15.8868603],[-16.4680625,15.8868564],[-16.4683424,15.8865817],[-16.4689062,15.8865779],[-16.4691861,15.8863031]]}},{"type":"Feature","properties":{"elevation":10.0},"geometry":{"type":"LineString","coordinates":[[-16.467212785,15.886316516],[-16.467212786,15.886316516]]}},{"type":"Feature","properties":{"elevation":5.0},"geometry":{"type":"LineString","coordinates":[[-16.4751022,15.8857172],[-16.4745424,15.8862667],[-16.4745464,15.8868123],[-16.4748303,15.8870832],[-16.4751122,15.8870813],[-16.4753921,15.8868066],[-16.4753941,15.8870794],[-16.475678,15.8873503],[-16.4759579,15.8870755],[-16.4759559,15.8868027],[-16.475672,15.8865318],[-16.47567,15.886259],[-16.4751022,15.8857172]]}},{"type":"Feature","properties":{"elevation":0.0},"geometry":{"type":"MultiLineString","coordinates":[[[-16.4466275,15.8856367],[-16.446460925317727,15.885800180047232]],[[-16.44691308373672,15.886149437763843],[-16.4469114,15.8859076],[-16.4466275,15.8856367]]]}},{"type":"Feature","properties":{"elevation":5.0},"geometry":{"type":"LineString","coordinates":[[-16.4491667,15.8858925],[-16.4497305,15.8858887],[-16.4502982,15.8864306],[-16.4497344,15.8864344],[-16.4494505,15.8861635],[-16.4491686,15.8861654],[-16.4491667,15.8858925]]}},{"type":"Feature","properties":{"elevation":5.0},"geometry":{"type":"LineString","coordinates":[[-16.484405127,15.885653489],[-16.484405128,15.885653489]]}},{"type":"Feature","properties":{"elevation":5.0},"geometry":{"type":"Point","coordinates":[-16.462416397,15.885803317]}},{"type":"Feature","properties":{"elevation":5.0},"geometry":{"type":"LineString","coordinates":[[-16.4531114,15.8855932],[-16.4533934,15.8855913],[-16.4533953,15.8858641],[-16.4531134,15.885866],[-16.4531114,15.8855932]]}},{"type":"Feature","properties":{"elevation":5.0},"geometry":{"type":"LineString","coordinates":[[-16.4948326,15.8851724],[-16.4946926,15.8853098],[-16.4948356,15.8855816],[-16.4951175,15.8855797],[-16.4952564,15.8853059],[-16.4951135,15.885034],[-16.4948326,15.8851724]]}},{"type":"Feature","properties":{"elevation":5.0},"geometry":{"type":"LineString","coordinates":[[-16.4922944,15.8850535],[-16.4917347,15.885603],[-16.4920186,15.8858739],[-16.4920206,15.8861468],[-16.4923045,15.8864176],[-16.4923085,15.8869633],[-16.4925924,15.8872342],[-16.4928723,15.8869594],[-16.4930113,15.8866856],[-16.4928683,15.8864138],[-16.4928663,15.8861409],[-16.4931462,15.8858662],[-16.4922944,15.8850535]]}},{"type":"Feature","properties":{"elevation":5.0},"geometry":{"type":"LineString","coordinates":[[-16.4581858,15.885559],[-16.4584677,15.8855571],[-16.4581878,15.8858319],[-16.4581858,15.885559]]}},{"type":"Feature","properties":{"elevation":5.0},"geometry":{"type":"LineString","coordinates":[[-16.455084808,15.88557993],[-16.455084809,15.88557993]]}},{"type":"Feature","properties":{"elevation":5.0},"geometry":{"type":"LineString","coordinates":[[-16.4855267,15.8848273],[-16.4858107,15.8850981],[-16.4852488,15.8853749],[-16.4849669,15.8853768],[-16.4849649,15.885104],[-16.4855267,15.8848273]]}},{"type":"Feature","properties":{"elevation":5.0},"geometry":{"type":"LineString","coordinates":[[-16.473122932,15.884912109],[-16.473122932,15.88491211]]}},{"type":"Feature","properties":{"elevation":10.0},"geometry":{"type":"LineString","coordinates":[[-16.4705858,15.8849294],[-16.4705878,15.8852022]]}},{"type":"Feature","properties":{"elevation":5.0},"geometry":{"type":"LineString","coordinates":[[-16.5046941,15.8844219],[-16.504975,15.8842835],[-16.5052579,15.884418],[-16.5055398,15.884416],[-16.5058237,15.8846869],[-16.5058258,15.8849597],[-16.5055439,15.8849617],[-16.505264,15.8852365],[-16.5044183,15.8852423],[-16.5041384,15.8855171],[-16.5041364,15.8852443],[-16.5044163,15.8849695],[-16.5044142,15.8846967],[-16.5046941,15.8844219]]}},{"type":"Feature","properties":{"elevation":5.0},"geometry":{"type":"LineString","coordinates":[[-16.4680457,15.8845374],[-16.4676258,15.8849495],[-16.4677687,15.8852214],[-16.4680506,15.8852194],[-16.4683305,15.8849447],[-16.4683286,15.8846719],[-16.4680457,15.8845374]]}},{"type":"Feature","properties":{"elevation":5.0},"geometry":{"type":"LineString","coordinates":[[-16.450568399,15.884791733],[-16.450568399,15.884791732]]}},{"type":"Feature","properties":{"elevation":5.0},"geometry":{"type":"LineString","coordinates":[[-16.4920045,15.8839641],[-16.4917246,15.8842389],[-16.4917266,15.8845117],[-16.4925784,15.8853244],[-16.4928562,15.8847768],[-16.4928542,15.884504],[-16.4922864,15.8839622],[-16.4920045,15.8839641]]}},{"type":"Feature","properties":{"elevation":5.0},"geometry":{"type":"MultiLineString","coordinates":[[[-16.4612789,15.8844468],[-16.4615608,15.8844449],[-16.4618447,15.8847158],[-16.4618467,15.8849886],[-16.461001,15.8849943],[-16.460862,15.8852681],[-16.4607217,15.88536],[-16.460535,15.8855432],[-16.460443,15.8858167],[-16.4610088,15.8860857],[-16.4612907,15.8860838],[-16.4615746,15.8863547],[-16.4621384,15.8863509],[-16.4621404,15.8866237],[-16.4610206,15.8877227],[-16.4613045,15.8879936]],[[-16.4613045,15.8879936],[-16.4615864,15.8879917],[-16.4615884,15.8882645],[-16.4613045,15.8879936]],[[-16.4613045,15.8879936],[-16.4607407,15.8879974],[-16.4604568,15.8877265],[-16.4604529,15.8871808],[-16.4607328,15.8869061],[-16.4607308,15.8866332],[-16.4607289,15.8863604],[-16.460445,15.8860895],[-16.4601631,15.8860914],[-16.4596032,15.8866409],[-16.4598871,15.8869118],[-16.4598891,15.8871846],[-16.4593252,15.8871884],[-16.4590453,15.8874632],[-16.4590473,15.887736],[-16.4587673,15.8880107],[-16.4587634,15.8874651],[-16.4584795,15.8871941],[-16.4584756,15.8866485],[-16.4587555,15.8863737],[-16.4596012,15.886368],[-16.4598812,15.8860933],[-16.4598753,15.8852748],[-16.4601542,15.8848636],[-16.4604352,15.8847253],[-16.460999,15.8847215],[-16.4612789,15.8844468]]]}},{"type":"Feature","properties":{"elevation":10.0},"geometry":{"type":"LineString","coordinates":[[-16.4767837,15.8843415],[-16.4767857,15.8846143],[-16.4765038,15.8846162],[-16.4767837,15.8843415]]}},{"type":"Feature","properties":{"elevation":10.0},"geometry":{"type":"LineString","coordinates":[[-16.467199,15.8844067],[-16.4674809,15.8844048]]}},{"type":"Feature","properties":{"elevation":5.0},"geometry":{"type":"LineString","coordinates":[[-16.4911568,15.8836971],[-16.4908789,15.8842447],[-16.490599,15.8845195],[-16.4908829,15.8847904],[-16.4908849,15.8850632],[-16.4911688,15.8853341],[-16.4914487,15.8850593],[-16.4914467,15.8847865],[-16.4917266,15.8845117],[-16.4917226,15.8839661],[-16.4914387,15.8836952],[-16.4911568,15.8836971]]}},{"type":"Feature","properties":{"elevation":5.0},"geometry":{"type":"Point","coordinates":[-16.448027321,15.884263068]}},{"type":"Feature","properties":{"elevation":5.0},"geometry":{"type":"MultiLineString","coordinates":[[[-16.4536635,15.8839524],[-16.4539474,15.8842233],[-16.4539493,15.8844962]],[[-16.4539493,15.8844962],[-16.4542332,15.8847671],[-16.4542352,15.88504],[-16.4536733,15.8853166],[-16.4536694,15.8847709],[-16.4539493,15.8844962]],[[-16.4539493,15.8844962],[-16.4536655,15.8842252],[-16.4536635,15.8839524]]]}},{"type":"Feature","properties":{"elevation":5.0},"geometry":{"type":"MultiLineString","coordinates":[[[-16.5010213,15.8833561],[-16.5007414,15.8836308],[-16.5001776,15.8836347],[-16.4998967,15.8837731],[-16.4996168,15.8840479],[-16.499336,15.8841863],[-16.4990541,15.8841882],[-16.4987701,15.8839173],[-16.4984882,15.8839193],[-16.4979285,15.8844689],[-16.4982124,15.8847397],[-16.4984943,15.8847378],[-16.4987782,15.8850087],[-16.4987843,15.8858271],[-16.4985064,15.8863748],[-16.4985084,15.8866476],[-16.4982285,15.8869224],[-16.4979466,15.8869243],[-16.4982265,15.8866495],[-16.4982245,15.8863767],[-16.4979406,15.8861058],[-16.4973768,15.8861097],[-16.496817,15.8866593],[-16.496815,15.8863865],[-16.4965311,15.8861156],[-16.4962512,15.8863904],[-16.4959693,15.8863923],[-16.4956853,15.8861214],[-16.4951256,15.886671],[-16.4945617,15.8866749],[-16.4939999,15.8869516],[-16.4937201,15.8872264],[-16.494004,15.8874973],[-16.4942859,15.8874953],[-16.4945698,15.8877662],[-16.4948517,15.8877643],[-16.4951316,15.8874895],[-16.4956934,15.8872128],[-16.4959753,15.8872108],[-16.4962592,15.8874817],[-16.4965411,15.8874797],[-16.4965431,15.8877526],[-16.4968271,15.8880234],[-16.4973889,15.8877467],[-16.4979567,15.8882885],[-16.4979587,15.8885613],[-16.4982427,15.8888322],[-16.4985225,15.8885574],[-16.4982366,15.8880137],[-16.4979527,15.8877428]],[[-16.4979527,15.8877428],[-16.4976688,15.8874719]],[[-16.4979527,15.8877428],[-16.4982326,15.887468],[-16.4987964,15.8874641],[-16.4993622,15.887733],[-16.4999301,15.8882748],[-16.500212,15.8882728],[-16.5004929,15.8881344],[-16.5006328,15.8879971],[-16.5007717,15.8877233],[-16.5010516,15.8874485],[-16.5010476,15.8869028],[-16.5016073,15.8863532],[-16.5016053,15.8860804],[-16.5013214,15.8858095],[-16.5016013,15.8855348],[-16.5015912,15.8841706],[-16.5013072,15.8838998],[-16.5013052,15.8836269],[-16.5010213,15.8833561]]]}},{"type":"Feature","properties":{"elevation":5.0},"geometry":{"type":"LineString","coordinates":[[-16.4973566,15.8833815],[-16.4970767,15.8836562],[-16.4973596,15.8837907],[-16.4976405,15.8836523],[-16.4973566,15.8833815]]}},{"type":"Feature","properties":{"elevation":5.0},"geometry":{"type":"LineString","coordinates":[[-16.4733949,15.883546],[-16.4733969,15.8838189],[-16.473115,15.8838208],[-16.4733949,15.883546]]}},{"type":"Feature","properties":{"elevation":5.0},"geometry":{"type":"LineString","coordinates":[[-16.5089124,15.8830283],[-16.5086326,15.8833031],[-16.5084937,15.8835769],[-16.5086366,15.8838487],[-16.5086407,15.8843944],[-16.5089246,15.8846653],[-16.5092045,15.8843905],[-16.5092964,15.884117],[-16.5092924,15.8835713],[-16.509479,15.8833881],[-16.5096192,15.8832962],[-16.5094762,15.8830244],[-16.5089124,15.8830283]]}},{"type":"Feature","properties":{"elevation":5.0},"geometry":{"type":"Point","coordinates":[-16.452533931,15.883687152]}},{"type":"Feature","properties":{"elevation":5.0},"geometry":{"type":"MultiLineString","coordinates":[[[-16.4545053,15.8834011],[-16.4547892,15.883672]],[[-16.4547892,15.883672],[-16.4547911,15.8839448]]]}},{"type":"Feature","properties":{"elevation":5.0},"geometry":{"type":"LineString","coordinates":[[-16.4908689,15.8828806],[-16.490589,15.8831554],[-16.4911568,15.8836971],[-16.4914367,15.8834224],[-16.4915756,15.8831486],[-16.4914337,15.8830131],[-16.4911508,15.8828786],[-16.4908689,15.8828806]]}},{"type":"Feature","properties":{"elevation":5.0},"geometry":{"type":"LineString","coordinates":[[-16.4810043,15.8832212],[-16.4812862,15.8832193],[-16.4812882,15.8834921],[-16.4807244,15.883496],[-16.4810043,15.8832212]]}},{"type":"Feature","properties":{"elevation":5.0},"geometry":{"type":"LineString","coordinates":[[-16.4587339,15.8833726],[-16.4590158,15.8833707],[-16.4590178,15.8836435],[-16.4587378,15.8839182],[-16.458454,15.8836473],[-16.4587339,15.8833726]]}},{"type":"Feature","properties":{"elevation":0.0},"geometry":{"type":"LineString","coordinates":[[-16.4852288,15.8826466],[-16.4850899,15.8829204],[-16.4852328,15.8831922],[-16.4855127,15.8829174],[-16.4852288,15.8826466]]}},{"type":"Feature","properties":{"elevation":5.0},"geometry":{"type":"MultiLineString","coordinates":[[[-16.4576043,15.8831073],[-16.4577472,15.8833792],[-16.4576082,15.883653],[-16.4570444,15.8836568]],[[-16.4570444,15.8836568],[-16.4564806,15.8836606],[-16.4564787,15.8833878],[-16.4567606,15.8833859],[-16.4570444,15.8836568]],[[-16.4570444,15.8836568],[-16.4576043,15.8831073]]]}},{"type":"Feature","properties":{"elevation":5.0},"geometry":{"type":"LineString","coordinates":[[-16.5018609,15.8825317],[-16.5010213,15.8833561],[-16.5013052,15.8836269],[-16.501867,15.8833502],[-16.5021449,15.8828026],[-16.5018609,15.8825317]]}},{"type":"Feature","properties":{"elevation":5.0},"geometry":{"type":"LineString","coordinates":[[-16.445764267,15.883186819],[-16.445764267,15.88318682]]}},{"type":"Feature","properties":{"elevation":5.0},"geometry":{"type":"LineString","coordinates":[[-16.4967847,15.882294],[-16.496225,15.8828436],[-16.4965089,15.8831145],[-16.4967908,15.8831125],[-16.4970747,15.8833834],[-16.4973546,15.8831086],[-16.4973526,15.8828358],[-16.4967847,15.882294]]}},{"type":"Feature","properties":{"elevation":5.0},"geometry":{"type":"LineString","coordinates":[[-16.4897382,15.8824791],[-16.4894573,15.8826175],[-16.4891775,15.8828922],[-16.4891795,15.8831651],[-16.4893224,15.8834369],[-16.4894654,15.8837088],[-16.4897493,15.8839797],[-16.4900292,15.8837049],[-16.4900272,15.8834321],[-16.4903071,15.8831573],[-16.4901641,15.8828854],[-16.4897382,15.8824791]]}},{"type":"Feature","properties":{"elevation":5.0},"geometry":{"type":"LineString","coordinates":[[-16.479308908,15.882687129],[-16.479308908,15.882687128]]}},{"type":"Feature","properties":{"elevation":5.0},"geometry":{"type":"LineString","coordinates":[[-16.4750784,15.8824432],[-16.4747985,15.8827179],[-16.4750824,15.8829888],[-16.4753623,15.8827141],[-16.4750784,15.8824432]]}},{"type":"Feature","properties":{"elevation":5.0},"geometry":{"type":"Point","coordinates":[-16.458446104,15.882555977]}},{"type":"Feature","properties":{"elevation":5.0},"geometry":{"type":"LineString","coordinates":[[-16.4556251,15.8823021],[-16.455629,15.8828478],[-16.4553452,15.8825769],[-16.4556251,15.8823021]]}},{"type":"Feature","properties":{"elevation":5.0},"geometry":{"type":"LineString","coordinates":[[-16.5024187,15.8817093],[-16.5021388,15.8819841],[-16.5021408,15.8822569],[-16.5024247,15.8825278],[-16.5029845,15.8819782],[-16.5027006,15.8817073],[-16.5024187,15.8817093]]}},{"type":"Feature","properties":{"elevation":5.0},"geometry":{"type":"LineString","coordinates":[[-16.4669012,15.882226],[-16.4669012,15.8822259]]}},{"type":"Feature","properties":{"elevation":5.0},"geometry":{"type":"LineString","coordinates":[[-16.4570346,15.8822926],[-16.4573165,15.8822907]]}},{"type":"Feature","properties":{"elevation":5.0},"geometry":{"type":"LineString","coordinates":[[-16.4539317,15.8820407],[-16.4542136,15.8820388],[-16.4544975,15.8823097],[-16.4544994,15.8825826],[-16.4539317,15.8820407]]}},{"type":"Feature","properties":{"elevation":5.0},"geometry":{"type":"LineString","coordinates":[[-16.4950883,15.8816237],[-16.4948074,15.881762],[-16.4946685,15.8820358],[-16.4946725,15.8825815],[-16.4948155,15.8828534],[-16.4950994,15.8831242],[-16.4953793,15.8828495],[-16.4953772,15.8825766],[-16.4950933,15.8823057],[-16.4952323,15.8820319],[-16.4953722,15.8818946],[-16.4956531,15.8817562],[-16.4953692,15.8814853],[-16.4950883,15.8816237]]}},{"type":"Feature","properties":{"elevation":10.0},"geometry":{"type":"LineString","coordinates":[[-16.4764819,15.8816151],[-16.4764839,15.8818879]]}},{"type":"Feature","properties":{"elevation":5.0},"geometry":{"type":"LineString","coordinates":[[-16.4559011,15.8814817],[-16.456182,15.8813434],[-16.4564649,15.8814779],[-16.4564669,15.8817508],[-16.4559031,15.8817546],[-16.4559011,15.8814817]]}},{"type":"Feature","properties":{"elevation":5.0},"geometry":{"type":"LineString","coordinates":[[-16.4936738,15.8809513],[-16.4933939,15.8812261],[-16.493112,15.8812281],[-16.4928321,15.8815028],[-16.493116,15.8817737],[-16.4939617,15.8817679],[-16.4942416,15.8814931],[-16.4942396,15.8812203],[-16.4939557,15.8809494],[-16.4936738,15.8809513]]}},{"type":"Feature","properties":{"elevation":5.0},"geometry":{"type":"LineString","coordinates":[[-16.4832455,15.8812959],[-16.4838093,15.8812921],[-16.4832495,15.8818416],[-16.4835334,15.8821125],[-16.4835354,15.8823853],[-16.4832555,15.8826601],[-16.4829736,15.882662],[-16.4832535,15.8823873],[-16.4832515,15.8821144],[-16.4829676,15.8818435],[-16.4829656,15.8815707],[-16.4832455,15.8812959]]}},{"type":"Feature","properties":{"elevation":5.0},"geometry":{"type":"LineString","coordinates":[[-16.4747866,15.8810809],[-16.4745066,15.8813557],[-16.4747905,15.8816266],[-16.4750724,15.8816247],[-16.4753523,15.8813499],[-16.4750685,15.881079],[-16.4747866,15.8810809]]}},{"type":"Feature","properties":{"elevation":5.0},"geometry":{"type":"LineString","coordinates":[[-16.4578744,15.8814684],[-16.4581563,15.8814665]]}},{"type":"Feature","properties":{"elevation":0.0},"geometry":{"type":"LineString","coordinates":[[-16.4536434,15.8811559],[-16.453362,15.881226],[-16.4535049,15.8814979],[-16.4536465,15.8815879],[-16.4539278,15.881495],[-16.4539258,15.8812222],[-16.4536434,15.8811559]]}},{"type":"Feature","properties":{"elevation":5.0},"geometry":{"type":"LineString","coordinates":[[-16.4652,15.8808733],[-16.46492,15.881148],[-16.4649259,15.8819665],[-16.4650689,15.8822384],[-16.4650708,15.8825112],[-16.4647929,15.8830588],[-16.4649358,15.8833307],[-16.4652187,15.8834652],[-16.4654996,15.8833268],[-16.4657815,15.8833249],[-16.4659205,15.8830511],[-16.4656347,15.8825074],[-16.4657736,15.8822336],[-16.4660575,15.8825045],[-16.4666213,15.8825007],[-16.4669052,15.8827716],[-16.4671881,15.8829061],[-16.467328,15.8827687],[-16.467467,15.882495],[-16.467465,15.8822221],[-16.467604,15.8819483],[-16.4676001,15.8814027],[-16.4674571,15.8811308],[-16.4671772,15.8814055],[-16.4668953,15.8814075],[-16.4666154,15.8816822],[-16.4663335,15.8816841],[-16.4660496,15.8814132],[-16.4657687,15.8815515],[-16.4654858,15.881417],[-16.4654838,15.8811442],[-16.4652,15.8808733]]}},{"type":"Feature","properties":{"elevation":5.0},"geometry":{"type":"LineString","coordinates":[[-16.4959269,15.8806629],[-16.4956471,15.8809377],[-16.4956511,15.8814834],[-16.495935,15.8817542],[-16.4962169,15.8817523],[-16.4964968,15.8814775],[-16.4964928,15.8809319],[-16.4962088,15.880661],[-16.4959269,15.8806629]]}},{"type":"Feature","properties":{"elevation":5.0},"geometry":{"type":"MultiLineString","coordinates":[[[-16.5052295,15.8805984],[-16.5049497,15.8808732],[-16.5049517,15.881146],[-16.5048128,15.8814198],[-16.5048148,15.8816926],[-16.5046759,15.8819664],[-16.5046779,15.8822393],[-16.5052437,15.8825082],[-16.5055276,15.882779],[-16.5058095,15.8827771],[-16.5060924,15.8829115],[-16.5062344,15.883047],[-16.5060955,15.8833208],[-16.5055317,15.8833247],[-16.5052478,15.8830538],[-16.5049679,15.8833286],[-16.504687,15.883467],[-16.5044041,15.8833325],[-16.5044021,15.8830597],[-16.504541,15.8827859],[-16.5042571,15.882515],[-16.5041141,15.8822432],[-16.5038302,15.8819723],[-16.5035483,15.8819743],[-16.5032684,15.8822491],[-16.5032704,15.8825219],[-16.5027107,15.8830715],[-16.5025717,15.8833453],[-16.5027147,15.8836171],[-16.5029976,15.8837516],[-16.5032785,15.8836132],[-16.50355839963612,15.88333840035725]],[[-16.50355839963612,15.88333840035725],[-16.5035584,15.8833384],[-16.5035564,15.8830656],[-16.50355839963612,15.88333840035725]],[[-16.50355839963612,15.88333840035725],[-16.5035604,15.8836113],[-16.5038443,15.8838821],[-16.5032826,15.8841589],[-16.5027167,15.88389],[-16.5024328,15.8836191],[-16.5021529,15.8838939],[-16.502155,15.8841667],[-16.5024409,15.8847104],[-16.502445,15.8852561],[-16.5027309,15.8857998],[-16.502639,15.8860732],[-16.5022671,15.8866215],[-16.5022692,15.8868943],[-16.5021772,15.8871678],[-16.5024612,15.8874387],[-16.5024632,15.8877115],[-16.5027471,15.8879824],[-16.5027512,15.888528],[-16.5024693,15.88853],[-16.5021853,15.8882591],[-16.5019054,15.8885339],[-16.5021894,15.8888048],[-16.5021914,15.8890776],[-16.5019115,15.8893524],[-16.5019135,15.8896252],[-16.5021975,15.8898961],[-16.5021995,15.8901689],[-16.5016397,15.8907185],[-16.5019237,15.8909894],[-16.5019257,15.8912622],[-16.5022096,15.891533],[-16.5030553,15.8915272],[-16.5036171,15.8912504],[-16.503899,15.8912485],[-16.504038,15.8909747],[-16.5040829,15.8907015],[-16.503893,15.89043],[-16.5038909,15.8901571],[-16.5033231,15.8896154],[-16.5030412,15.8896174],[-16.5028982,15.8893455],[-16.5030371,15.8890717],[-16.503317,15.8887969],[-16.5033129,15.8882513],[-16.5034519,15.8879775],[-16.5035918,15.8878401],[-16.5038737,15.8878381],[-16.5041546,15.8876997],[-16.5044365,15.8876978],[-16.5047164,15.887423]],[[-16.5047164,15.887423],[-16.5047144,15.8871502],[-16.5044304,15.8868793],[-16.5044284,15.8866065],[-16.5049922,15.8866025],[-16.5051352,15.8868744],[-16.5049963,15.8871482],[-16.5047164,15.887423]],[[-16.5047164,15.887423],[-16.5047205,15.8879686],[-16.5050064,15.8885123],[-16.5050105,15.889058],[-16.5052944,15.8893289],[-16.5055763,15.8893269],[-16.5055804,15.8898725],[-16.5052985,15.8898745],[-16.5052964,15.8896017],[-16.5050125,15.8893308],[-16.5047306,15.8893328],[-16.5044507,15.8896076],[-16.5044548,15.8901532],[-16.5050226,15.890695],[-16.5053045,15.890693],[-16.5055885,15.8909639],[-16.5058684,15.8906891],[-16.5061523,15.8909599],[-16.5064342,15.890958],[-16.5067141,15.8906832],[-16.506853,15.8904094],[-16.5068469,15.8895909],[-16.5067039,15.889319],[-16.5067019,15.8890462],[-16.5061361,15.8887773],[-16.506134,15.8885045],[-16.5064159,15.8885025],[-16.5069777,15.8882258],[-16.5071166,15.887952],[-16.5068327,15.8876811],[-16.5066897,15.8874093],[-16.5061239,15.8871404],[-16.5061219,15.8868675],[-16.5064017,15.8865927],[-16.5065407,15.8863189],[-16.5065856,15.8860458],[-16.5066776,15.8857723],[-16.5066755,15.8854995],[-16.5069554,15.8852247],[-16.5069534,15.8849518],[-16.5066694,15.884681],[-16.5066613,15.8835897],[-16.5069432,15.8835877],[-16.5072231,15.8833129],[-16.5072211,15.8830401],[-16.5075009,15.8827653],[-16.507217,15.8824944],[-16.506931,15.8819507],[-16.5066491,15.8819527],[-16.5063652,15.8816818],[-16.5060853,15.8819566],[-16.5058035,15.8819586],[-16.5055195,15.8816877],[-16.5057994,15.8814129],[-16.5057974,15.8811401],[-16.5052295,15.8805984]]]}},{"type":"Feature","properties":{"elevation":5.0},"geometry":{"type":"LineString","coordinates":[[-16.50382,15.8806082],[-16.5035402,15.880883],[-16.5032623,15.8814306],[-16.5035462,15.8817015],[-16.5038281,15.8816995],[-16.5043879,15.8811499],[-16.5043859,15.8808771],[-16.5041019,15.8806062],[-16.50382,15.8806082]]}},{"type":"Feature","properties":{"elevation":5.0},"geometry":{"type":"LineString","coordinates":[[-16.498464,15.8806454],[-16.4981841,15.8809201],[-16.4987499,15.8811891],[-16.4990298,15.8809143],[-16.4987459,15.8806434],[-16.498464,15.8806454]]}},{"type":"Feature","properties":{"elevation":5.0},"geometry":{"type":"LineString","coordinates":[[-16.4609714,15.8809019],[-16.4608325,15.8811756],[-16.4609754,15.8814475],[-16.4611144,15.8811737],[-16.4609714,15.8809019]]}},{"type":"Feature","properties":{"elevation":5.0},"geometry":{"type":"LineString","coordinates":[[-16.4888785,15.8805751],[-16.4885976,15.8807135],[-16.4886016,15.8812592],[-16.4888855,15.88153],[-16.4891674,15.8815281],[-16.4894513,15.881799],[-16.4897312,15.8815242],[-16.4891634,15.8809824],[-16.4891614,15.8807096],[-16.4888785,15.8805751]]}},{"type":"Feature","properties":{"elevation":5.0},"geometry":{"type":"LineString","coordinates":[[-16.4809864,15.8807657],[-16.4809884,15.8810386]]}},{"type":"Feature","properties":{"elevation":5.0},"geometry":{"type":"LineString","coordinates":[[-16.5024085,15.8803452],[-16.5015689,15.8811695],[-16.5018528,15.8814404],[-16.5024166,15.8814365],[-16.5026965,15.8811617],[-16.5028354,15.8808879],[-16.5026925,15.880616],[-16.5024085,15.8803452]]}},{"type":"Feature","properties":{"elevation":5.0},"geometry":{"type":"LineString","coordinates":[[-16.487468,15.8804484],[-16.4866283,15.8812727],[-16.4866303,15.8815456],[-16.4869142,15.8818164],[-16.4869202,15.8826349],[-16.4872041,15.8829058],[-16.4872062,15.8831787],[-16.4880579,15.8839913],[-16.4883378,15.8837166],[-16.4883358,15.8834437],[-16.4886157,15.883169],[-16.4886137,15.8828961],[-16.4880458,15.8823543],[-16.4880438,15.8820815],[-16.4881828,15.8818077],[-16.4880398,15.8815359],[-16.4880378,15.881263],[-16.4877539,15.8809921],[-16.4877519,15.8807193],[-16.487468,15.8804484]]}},{"type":"Feature","properties":{"elevation":5.0},"geometry":{"type":"LineString","coordinates":[[-16.4654799,15.8805985],[-16.4652,15.8808733],[-16.4654838,15.8811442],[-16.4657638,15.8808694],[-16.4654799,15.8805985]]}},{"type":"Feature","properties":{"elevation":5.0},"geometry":{"type":"LineString","coordinates":[[-16.46379045,15.880882798],[-16.463790451,15.880882797],[-16.463790451,15.880882798],[-16.46379045,15.880882798]]}},{"type":"Feature","properties":{"elevation":5.0},"geometry":{"type":"LineString","coordinates":[[-16.4629447,15.8808885],[-16.4632266,15.8808866],[-16.4629467,15.8811614],[-16.4629447,15.8808885]]}},{"type":"Feature","properties":{"elevation":10.0},"geometry":{"type":"LineString","coordinates":[[-16.5097398,15.880567],[-16.5100207,15.8804286],[-16.5100474,15.8805648],[-16.5103313,15.8808357],[-16.5103077,15.8811087],[-16.5103374,15.8816541],[-16.510312,15.8816791],[-16.5100301,15.8816811],[-16.509749,15.8817947],[-16.509607,15.8816592],[-16.5097459,15.8813854],[-16.5097439,15.8811126],[-16.5096479,15.8808404],[-16.5097398,15.880567]]}},{"type":"Feature","properties":{"elevation":5.0},"geometry":{"type":"LineString","coordinates":[[-16.500153374,15.880360814],[-16.500153374,15.880360813],[-16.500153375,15.880360814],[-16.500153374,15.880360814]]}},{"type":"Feature","properties":{"elevation":5.0},"geometry":{"type":"LineString","coordinates":[[-16.4657598,15.8803238],[-16.4654799,15.8805985],[-16.4657638,15.8808694],[-16.4660457,15.8808675],[-16.4661846,15.8805937],[-16.4660417,15.8803219],[-16.4657598,15.8803238]]}},{"type":"Feature","properties":{"elevation":5.0},"geometry":{"type":"LineString","coordinates":[[-16.4798548,15.8802278],[-16.4801367,15.8802259],[-16.4801427,15.8810444],[-16.4795789,15.8810482],[-16.4795749,15.8805026],[-16.4798548,15.8802278]]}},{"type":"Feature","properties":{"elevation":5.0},"geometry":{"type":"LineString","coordinates":[[-16.5046607,15.8799202],[-16.5043798,15.8800586],[-16.5043818,15.8803314],[-16.5046657,15.8806023],[-16.5049456,15.8803275],[-16.5049436,15.8800547],[-16.5046607,15.8799202]]}},{"type":"Feature","properties":{"elevation":5.0},"geometry":{"type":"LineString","coordinates":[[-16.4536381,15.8804056],[-16.4539219,15.8806765],[-16.45364,15.8806784],[-16.4536381,15.8804056]]}},{"type":"Feature","properties":{"elevation":10.0},"geometry":{"type":"MultiLineString","coordinates":[[[-16.4699883,15.8802951],[-16.4699903,15.8805679],[-16.4698513,15.8808417],[-16.4699942,15.8811136],[-16.4702781,15.8813845],[-16.470838,15.880835],[-16.4708439,15.8816535]],[[-16.4708439,15.8816535],[-16.4711268,15.881788],[-16.4712687,15.8819234],[-16.4715546,15.8824672],[-16.4714156,15.882741],[-16.4715586,15.8830128],[-16.4714196,15.8832866],[-16.4708558,15.8832905],[-16.4705759,15.8835652],[-16.4707188,15.8838371],[-16.4705798,15.8841109],[-16.4702989,15.8842492],[-16.470016,15.8841147],[-16.4697321,15.8838438],[-16.470014,15.8838419],[-16.470294,15.8835671],[-16.470292,15.8832943],[-16.4700081,15.8830234],[-16.4701471,15.8827496],[-16.470287,15.8826122],[-16.4705689,15.8826103],[-16.4708499,15.882472],[-16.4708439,15.8816535]],[[-16.4708439,15.8816535],[-16.47056,15.8813826],[-16.4700002,15.8819321],[-16.4697183,15.881934],[-16.4694374,15.8820723],[-16.4691545,15.8819378],[-16.4685867,15.881396],[-16.4685847,15.8811231],[-16.4688647,15.8808484],[-16.4694285,15.8808446],[-16.4699883,15.8802951]]]}},{"type":"Feature","properties":{"elevation":5.0},"geometry":{"type":"LineString","coordinates":[[-16.5177677,15.8796923],[-16.5176268,15.8796932]]}},{"type":"Feature","properties":{"elevation":5.0},"geometry":{"type":"LineString","coordinates":[[-16.4747766,15.8797168],[-16.4742168,15.8802663],[-16.4742208,15.880812],[-16.4745047,15.8810829],[-16.4747846,15.8808081],[-16.4747826,15.8805353],[-16.4750665,15.8808062],[-16.4753484,15.8808043],[-16.4756283,15.8805295],[-16.4753444,15.8802586],[-16.4756243,15.8799839],[-16.4753404,15.8797129],[-16.4750595,15.8798513],[-16.4747766,15.8797168]]}},{"type":"Feature","properties":{"elevation":10.0},"geometry":{"type":"MultiLineString","coordinates":[[[-16.4415143,15.8802139],[-16.4417962,15.880212],[-16.441801157548774,15.880911612702304]],[[-16.4413271612985,15.880397496433222],[-16.4415143,15.8802139]]]}},{"type":"Feature","properties":{"elevation":5.0},"geometry":{"type":"LineString","coordinates":[[-16.4945074,15.8793085],[-16.4942275,15.8795833],[-16.4945114,15.8798542],[-16.4947933,15.8798522],[-16.4950772,15.8801231],[-16.4953571,15.8798483],[-16.4953551,15.8795755],[-16.4950712,15.8793046],[-16.4945074,15.8793085]]}},{"type":"Feature","properties":{"elevation":5.0},"geometry":{"type":"Point","coordinates":[-16.482669764,15.879662833]}},{"type":"Feature","properties":{"elevation":5.0},"geometry":{"type":"LineString","coordinates":[[-16.4680091,15.87949],[-16.4677292,15.8797647],[-16.468013,15.8800356],[-16.468293,15.8797609],[-16.4680091,15.87949]]}},{"type":"Feature","properties":{"elevation":5.0},"geometry":{"type":"LineString","coordinates":[[-16.4618073,15.879532],[-16.4616683,15.8798058],[-16.4618112,15.8800776],[-16.4619502,15.8798039],[-16.4618073,15.879532]]}},{"type":"Feature","properties":{"elevation":5.0},"geometry":{"type":"LineString","coordinates":[[-16.4519427,15.8798713],[-16.4522246,15.8798694]]}},{"type":"Feature","properties":{"elevation":0.0},"geometry":{"type":"LineString","coordinates":[[-16.4587054,15.8794165],[-16.4585655,15.8795539],[-16.4587084,15.8798257],[-16.4588474,15.879552],[-16.4587054,15.8794165]]}},{"type":"Feature","properties":{"elevation":5.0},"geometry":{"type":"LineString","coordinates":[[-16.4905589,15.8790629],[-16.490279,15.8793377],[-16.490281,15.8796105],[-16.4905669,15.8801542],[-16.4905689,15.8804271],[-16.4908528,15.880698],[-16.4914126,15.8801484],[-16.4914106,15.8798756],[-16.4911267,15.8796047],[-16.4911247,15.8793319],[-16.4908408,15.879061],[-16.4905589,15.8790629]]}},{"type":"Feature","properties":{"elevation":5.0},"geometry":{"type":"LineString","coordinates":[[-16.4472894,15.8796296],[-16.4474294,15.8794922],[-16.4479932,15.8794885],[-16.4482761,15.879623],[-16.44828,15.8801687],[-16.447999,15.880307],[-16.4477162,15.8801724],[-16.4474343,15.8801743],[-16.4471543,15.880449],[-16.4471563,15.8807219],[-16.4474401,15.8809928],[-16.4463125,15.8810004],[-16.4460325,15.8812751],[-16.4457506,15.881277],[-16.4456116,15.8815508],[-16.4454717,15.8816881],[-16.4451907,15.8818264],[-16.4451849,15.8810079],[-16.4454648,15.8807332],[-16.4457467,15.8807313],[-16.4460267,15.8804566],[-16.4460228,15.8799109],[-16.4463041,15.8798181],[-16.446586,15.8798162],[-16.4468695,15.8800417],[-16.4471504,15.8799034],[-16.4472894,15.8796296]]}},{"type":"Feature","properties":{"elevation":5.0},"geometry":{"type":"LineString","coordinates":[[-16.4891494,15.8790726],[-16.4888695,15.8793474],[-16.4888715,15.8796202],[-16.4891554,15.8798911],[-16.4894373,15.8798892],[-16.4897172,15.8796144],[-16.4897152,15.8793416],[-16.4894313,15.8790707],[-16.4891494,15.8790726]]}},{"type":"Feature","properties":{"elevation":5.0},"geometry":{"type":"LineString","coordinates":[[-16.4539141,15.8795852],[-16.4539161,15.879858]]}},{"type":"Feature","properties":{"elevation":10.0},"geometry":{"type":"LineString","coordinates":[[-16.4781574,15.8794209],[-16.4784393,15.8794189]]}},{"type":"Feature","properties":{"elevation":5.0},"geometry":{"type":"LineString","coordinates":[[-16.456449237,15.879295276],[-16.456449237,15.879295275]]}},{"type":"Feature","properties":{"elevation":5.0},"geometry":{"type":"LineString","coordinates":[[-16.4854827,15.878825],[-16.4857646,15.8788231],[-16.4863324,15.8793649],[-16.4860525,15.8796396],[-16.4859566,15.8793674],[-16.4857666,15.8790959],[-16.4854827,15.878825]]}},{"type":"Feature","properties":{"elevation":5.0},"geometry":{"type":"LineString","coordinates":[[-16.4454532,15.8790962],[-16.4454551,15.879369]]}},{"type":"Feature","properties":{"elevation":5.0},"geometry":{"type":"LineString","coordinates":[[-16.4953481,15.8786206],[-16.4950672,15.878759],[-16.4949282,15.8790328],[-16.4950712,15.8793046],[-16.495635,15.8793007],[-16.4959149,15.879026],[-16.495631,15.8787551],[-16.4953481,15.8786206]]}},{"type":"Feature","properties":{"elevation":5.0},"geometry":{"type":"LineString","coordinates":[[-16.454755878,15.879033824],[-16.454755878,15.879033823]]}},{"type":"Feature","properties":{"elevation":0.0},"geometry":{"type":"LineString","coordinates":[[-16.4815322,15.8783064],[-16.4812523,15.8785812],[-16.4815362,15.8788521],[-16.4818161,15.8785773],[-16.4815322,15.8783064]]}},{"type":"Feature","properties":{"elevation":5.0},"geometry":{"type":"LineString","coordinates":[[-16.4586985,15.8784616],[-16.4589804,15.8784597],[-16.4595482,15.8790015],[-16.4598301,15.8789996],[-16.4595501,15.8792744],[-16.4589824,15.8787325],[-16.4587005,15.8787344],[-16.4586985,15.8784616]]}},{"type":"Feature","properties":{"elevation":5.0},"geometry":{"type":"LineString","coordinates":[[-16.5180404,15.8784626],[-16.5178984,15.8783271],[-16.5176165,15.8783291],[-16.5176145,15.8780563],[-16.5178964,15.8780543],[-16.5181793,15.8781887],[-16.51819683408337,15.878188588000887]]}},{"type":"Feature","properties":{"elevation":5.0},"geometry":{"type":"LineString","coordinates":[[-16.4830826,15.8782958],[-16.4832226,15.8781584],[-16.4835055,15.8782929],[-16.4832256,15.8785676],[-16.4830826,15.8782958]]}},{"type":"Feature","properties":{"elevation":5.0},"geometry":{"type":"LineString","coordinates":[[-16.4471407,15.8785392],[-16.4474226,15.8785373]]}},{"type":"Feature","properties":{"elevation":10.0},"geometry":{"type":"LineString","coordinates":[[-16.478431348,15.878327622],[-16.478431349,15.878327622]]}},{"type":"Feature","properties":{"elevation":15.0},"geometry":{"type":"LineString","coordinates":[[-16.4417846,15.878575],[-16.4420665,15.8785731],[-16.4420684,15.8788459],[-16.4417846,15.878575]]}},{"type":"Feature","properties":{"elevation":5.0},"geometry":{"type":"LineString","coordinates":[[-16.5156392,15.8777973],[-16.5157822,15.8780691],[-16.5156416,15.8781156],[-16.5155943,15.8780705],[-16.5156392,15.8777973]]}},{"type":"Feature","properties":{"elevation":5.0},"geometry":{"type":"LineString","coordinates":[[-16.486322416,15.878000705],[-16.486322417,15.878000705]]}},{"type":"Feature","properties":{"elevation":5.0},"geometry":{"type":"MultiLineString","coordinates":[[[-16.4843472,15.8777414],[-16.484631,15.8780123],[-16.484633,15.8782851],[-16.4849189,15.8788289],[-16.484639,15.8791036],[-16.4840773,15.8793803],[-16.4840792,15.8796532]],[[-16.4840792,15.8796532],[-16.4843631,15.8799241]],[[-16.4843631,15.8799241],[-16.484645,15.8799221],[-16.4849289,15.880193],[-16.4849309,15.8804659],[-16.4840852,15.8804717],[-16.4838013,15.8802008],[-16.4835195,15.8802027],[-16.4837994,15.8799279],[-16.4840832,15.8801988],[-16.4843631,15.8799241]],[[-16.4840792,15.8796532],[-16.4840753,15.8791075],[-16.4842142,15.8788337],[-16.4842592,15.8785606],[-16.4843512,15.8782871],[-16.4840673,15.8780162],[-16.4843472,15.8777414]]]}},{"type":"Feature","properties":{"elevation":5.0},"geometry":{"type":"LineString","coordinates":[[-16.4553118,15.8779387],[-16.4555937,15.8779368],[-16.4558776,15.8782077],[-16.4557386,15.8784815],[-16.4553177,15.8787572],[-16.4550358,15.8787591],[-16.4553158,15.8784844],[-16.4553118,15.8779387]]}},{"type":"Feature","properties":{"elevation":5.0},"geometry":{"type":"LineString","coordinates":[[-16.4905478,15.8775624],[-16.4902669,15.8777007],[-16.489987,15.8779755],[-16.4902709,15.8782464],[-16.4911166,15.8782406],[-16.4913965,15.8779658],[-16.4913945,15.877693],[-16.4911116,15.8775585],[-16.4905478,15.8775624]]}},{"type":"Feature","properties":{"elevation":5.0},"geometry":{"type":"LineString","coordinates":[[-16.4866003,15.8774531],[-16.4868822,15.8774512],[-16.4868842,15.877724],[-16.4866023,15.8777259],[-16.4866003,15.8774531]]}},{"type":"Feature","properties":{"elevation":5.0},"geometry":{"type":"LineString","coordinates":[[-16.4519271,15.8776886],[-16.452209,15.8776867],[-16.4524929,15.8779576],[-16.451933,15.8785071],[-16.451652,15.8786454],[-16.4513692,15.8785109],[-16.4515082,15.8782371],[-16.4517881,15.8779624],[-16.4519271,15.8776886]]}},{"type":"Feature","properties":{"elevation":5.0},"geometry":{"type":"LineString","coordinates":[[-16.4939275,15.8771298],[-16.4936476,15.8774046],[-16.4939315,15.8776754],[-16.4942114,15.8774007],[-16.4939275,15.8771298]]}},{"type":"Feature","properties":{"elevation":5.0},"geometry":{"type":"LineString","coordinates":[[-16.4533366,15.8776791],[-16.4536185,15.8776772]]}},{"type":"Feature","properties":{"elevation":5.0},"geometry":{"type":"LineString","coordinates":[[-16.5080221,15.877032],[-16.5085859,15.8770281],[-16.5086819,15.8773002],[-16.5085899,15.8775737],[-16.508592,15.8778466],[-16.5083121,15.8781213],[-16.5083101,15.8778485],[-16.5080261,15.8775777],[-16.5078832,15.8773058],[-16.5080221,15.877032]]}},{"type":"Feature","properties":{"elevation":5.0},"geometry":{"type":"LineString","coordinates":[[-16.5035098,15.8767906],[-16.5032299,15.8770654],[-16.5037978,15.8776071],[-16.5040797,15.8776051],[-16.5043595,15.8773303],[-16.5040756,15.8770595],[-16.5035098,15.8767906]]}},{"type":"Feature","properties":{"elevation":5.0},"geometry":{"type":"LineString","coordinates":[[-16.515915,15.8769768],[-16.5161969,15.8769749]]}},{"type":"Feature","properties":{"elevation":5.0},"geometry":{"type":"LineString","coordinates":[[-16.5009708,15.8765354],[-16.5006929,15.877083],[-16.500697,15.8776286],[-16.5002802,15.87845],[-16.5001402,15.8785874],[-16.4998594,15.8787258],[-16.5001453,15.8792695],[-16.5000064,15.8795433],[-16.4998664,15.8796807],[-16.4995849,15.8797281],[-16.4993036,15.879821],[-16.4993057,15.8800938],[-16.4990278,15.8806415],[-16.4990359,15.8817328],[-16.498756,15.8820076],[-16.4984741,15.8820095],[-16.4981942,15.8822843],[-16.4976304,15.8822882],[-16.4973505,15.882563],[-16.4979184,15.8831047],[-16.4981993,15.8829664],[-16.4984822,15.8831008],[-16.4987641,15.8830989],[-16.4993238,15.8825493],[-16.4996057,15.8825473],[-16.4998897,15.8828182],[-16.5004535,15.8828143],[-16.5007333,15.8825395],[-16.5001655,15.8819978],[-16.4998836,15.8819997],[-16.4995997,15.8817289],[-16.4998796,15.8814541],[-16.4998775,15.8811813],[-16.5001615,15.8814521],[-16.5004444,15.8815866],[-16.5007252,15.8814482],[-16.5010071,15.8814463],[-16.501287,15.8811715],[-16.501285,15.8808986],[-16.5007172,15.8803569],[-16.5007111,15.8795384],[-16.500993,15.8795365],[-16.5015608,15.8800782],[-16.5018427,15.8800762],[-16.5021226,15.8798015],[-16.5021246,15.8800743],[-16.5024085,15.8803452],[-16.5032482,15.8795208],[-16.5029642,15.8792499],[-16.5021186,15.8792558],[-16.5018346,15.8789849],[-16.5018326,15.8787121],[-16.5021125,15.8784373],[-16.5021105,15.8781645],[-16.5018265,15.8778936],[-16.5018245,15.8776208],[-16.5015406,15.8773499],[-16.5012547,15.8768062],[-16.5009708,15.8765354]]}},{"type":"Feature","properties":{"elevation":5.0},"geometry":{"type":"LineString","coordinates":[[-16.463480962,15.877065051],[-16.463480962,15.87706505]]}},{"type":"Feature","properties":{"elevation":15.0},"geometry":{"type":"LineString","coordinates":[[-16.4705284,15.8770173],[-16.4708093,15.8768789],[-16.4709512,15.8770144],[-16.4710941,15.8772863],[-16.4708132,15.8774246],[-16.4705303,15.8772901],[-16.4705284,15.8770173]]}},{"type":"Feature","properties":{"elevation":10.0},"geometry":{"type":"Point","coordinates":[-16.510555022,15.876468651]}},{"type":"Feature","properties":{"elevation":0.0},"geometry":{"type":"LineString","coordinates":[[-16.5091415,15.8759328],[-16.5088617,15.8762076],[-16.5091446,15.8763421],[-16.5092845,15.8762047],[-16.5091415,15.8759328]]}},{"type":"Feature","properties":{"elevation":5.0},"geometry":{"type":"LineString","coordinates":[[-16.4586848,15.8765517],[-16.4589687,15.8768227],[-16.4598143,15.876817],[-16.4600982,15.8770879],[-16.4603801,15.877086],[-16.4603821,15.8773588],[-16.4598222,15.8779083],[-16.4595403,15.8779102],[-16.4592564,15.8776393],[-16.4592545,15.8773664],[-16.4589706,15.8770955],[-16.4586887,15.8770974],[-16.4584049,15.8768265],[-16.4586848,15.8765517]]}},{"type":"Feature","properties":{"elevation":5.0},"geometry":{"type":"LineString","coordinates":[[-16.5173183,15.8761485],[-16.5173204,15.8764213],[-16.5173203,15.8764213],[-16.5173183,15.8761485]]}},{"type":"Feature","properties":{"elevation":5.0},"geometry":{"type":"LineString","coordinates":[[-16.495047,15.8760307],[-16.4947692,15.8765783],[-16.4950531,15.8768492],[-16.4956148,15.8765724],[-16.495047,15.8760307]]}},{"type":"Feature","properties":{"elevation":5.0},"geometry":{"type":"LineString","coordinates":[[-16.4465632,15.8766331],[-16.4465652,15.876906]]}},{"type":"Feature","properties":{"elevation":5.0},"geometry":{"type":"LineString","coordinates":[[-16.506324653,15.876225305],[-16.506324653,15.876225306]]}},{"type":"Feature","properties":{"elevation":5.0},"geometry":{"type":"LineString","coordinates":[[-16.5046313,15.8759642],[-16.5043514,15.876239],[-16.5046353,15.8765099],[-16.5047743,15.8762361],[-16.5046313,15.8759642]]}},{"type":"Feature","properties":{"elevation":5.0},"geometry":{"type":"LineString","coordinates":[[-16.4961746,15.8760229],[-16.4958947,15.8762977],[-16.4961786,15.8765686],[-16.4964605,15.8765666],[-16.4967404,15.8762918],[-16.4964565,15.8760209],[-16.4961746,15.8760229]]}},{"type":"Feature","properties":{"elevation":5.0},"geometry":{"type":"LineString","coordinates":[[-16.4817961,15.875849],[-16.4815162,15.8761238],[-16.4815202,15.8766694],[-16.4818041,15.8769403],[-16.482086,15.8769384],[-16.4823659,15.8766636],[-16.48227,15.8763914],[-16.4823619,15.876118],[-16.482078,15.8758471],[-16.4817961,15.875849]]}},{"type":"Feature","properties":{"elevation":5.0},"geometry":{"type":"LineString","coordinates":[[-16.4674196,15.875947],[-16.4671397,15.8762217],[-16.4674226,15.8763562],[-16.4677035,15.8762179],[-16.4674196,15.875947]]}},{"type":"Feature","properties":{"elevation":5.0},"geometry":{"type":"LineString","coordinates":[[-16.5099851,15.8756541],[-16.5102665,15.8755742],[-16.5106567,15.8759223],[-16.510696,15.8764677],[-16.5106081,15.8772868],[-16.5105621,15.8774235],[-16.5104202,15.8772881],[-16.5099953,15.8770182],[-16.5098054,15.8767467],[-16.5097094,15.8764746],[-16.5098013,15.8762011],[-16.5099872,15.8759269],[-16.5099851,15.8756541]]}},{"type":"Feature","properties":{"elevation":5.0},"geometry":{"type":"LineString","coordinates":[[-16.447405,15.8760818],[-16.4474089,15.8766275],[-16.4476928,15.8768984],[-16.447129,15.8769022],[-16.4471251,15.8763565],[-16.447405,15.8760818]]}},{"type":"Feature","properties":{"elevation":5.0},"geometry":{"type":"LineString","coordinates":[[-16.4564257,15.8760213],[-16.4567076,15.8760194],[-16.4568505,15.8762913],[-16.4567115,15.876565],[-16.4561497,15.8768417],[-16.4561517,15.8771145],[-16.4558678,15.8768436],[-16.4558658,15.8765707],[-16.4564257,15.8760213]]}},{"type":"Feature","properties":{"elevation":5.0},"geometry":{"type":"MultiLineString","coordinates":[[[-16.4595246,15.8757275],[-16.4598084,15.8759985]],[[-16.4598084,15.8759985],[-16.4600903,15.8759966]]]}},{"type":"Feature","properties":{"elevation":5.0},"geometry":{"type":"LineString","coordinates":[[-16.4485287,15.8755286],[-16.4485307,15.8758014],[-16.4482507,15.8760762],[-16.4482488,15.8758033],[-16.4485287,15.8755286]]}},{"type":"Feature","properties":{"elevation":5.0},"geometry":{"type":"LineString","coordinates":[[-16.4964484,15.8749296],[-16.4961686,15.8752044],[-16.4964515,15.8753389],[-16.4967323,15.8752005],[-16.4964484,15.8749296]]}},{"type":"Feature","properties":{"elevation":0.0},"geometry":{"type":"LineString","coordinates":[[-16.4600838,15.8750871],[-16.4599905,15.8751787],[-16.4600864,15.8754509],[-16.4603663,15.8751762],[-16.4600838,15.8750871]]}},{"type":"Feature","properties":{"elevation":0.0},"geometry":{"type":"LineString","coordinates":[[-16.4569817,15.8749261],[-16.4567017,15.8752009],[-16.4569856,15.8754718],[-16.4571246,15.875198],[-16.4569817,15.8749261]]}},{"type":"Feature","properties":{"elevation":5.0},"geometry":{"type":"LineString","coordinates":[[-16.4578293,15.8751933],[-16.4581112,15.8751914],[-16.458395,15.8754623],[-16.458397,15.8757351],[-16.4578332,15.8757389],[-16.4581132,15.8754642],[-16.4578293,15.8751933]]}},{"type":"Feature","properties":{"elevation":5.0},"geometry":{"type":"LineString","coordinates":[[-16.497574,15.874649],[-16.4970142,15.8751986],[-16.4970162,15.8754714],[-16.4973001,15.8757423],[-16.4973022,15.8760151],[-16.4967404,15.8762918],[-16.4973082,15.8768336],[-16.4970283,15.8771084],[-16.4970303,15.8773812],[-16.4967505,15.877656],[-16.4967545,15.8782016],[-16.4973223,15.8787434],[-16.4976042,15.8787414],[-16.4978841,15.8784666],[-16.4978821,15.8781938],[-16.4981619,15.877919],[-16.497878,15.8776482],[-16.497872,15.8768297],[-16.4975881,15.8765588],[-16.497868,15.876284],[-16.4984297,15.8760073],[-16.4984277,15.8757345],[-16.4981438,15.8754636],[-16.4981398,15.8749179],[-16.4978559,15.874647],[-16.497574,15.874649]]}},{"type":"Feature","properties":{"elevation":5.0},"geometry":{"type":"LineString","coordinates":[[-16.4967283,15.8746549],[-16.4964484,15.8749296],[-16.4967323,15.8752005],[-16.4970122,15.8749257],[-16.4967283,15.8746549]]}},{"type":"Feature","properties":{"elevation":5.0},"geometry":{"type":"LineString","coordinates":[[-16.4784055,15.8747808],[-16.4781256,15.8750556],[-16.4784095,15.8753265],[-16.4786894,15.8750517],[-16.4784055,15.8747808]]}},{"type":"Feature","properties":{"elevation":5.0},"geometry":{"type":"LineString","coordinates":[[-16.4682574,15.8748499],[-16.4679775,15.8751247],[-16.4682613,15.8753956],[-16.4685412,15.8751208],[-16.4682574,15.8748499]]}},{"type":"Feature","properties":{"elevation":5.0},"geometry":{"type":"MultiLineString","coordinates":[[[-16.4411965,15.8751683],[-16.4409156,15.8753066],[-16.4406337,15.8753085],[-16.4403537,15.8755832],[-16.4402167,15.8761298],[-16.4397996,15.8769511],[-16.4395187,15.8770894],[-16.4390988,15.8775015],[-16.4389597,15.8777752],[-16.438960092170475,15.87783007369927]],[[-16.43946534947545,15.87837809702311],[-16.4398074,15.8780424],[-16.4400912,15.8783134],[-16.4403731,15.8783115],[-16.440933,15.8777621],[-16.4412091,15.8769417],[-16.4412072,15.8766689],[-16.4409233,15.8763979],[-16.4409195,15.8758523],[-16.4412014,15.8758504],[-16.4414813,15.8755757],[-16.4413384,15.8753038],[-16.4411965,15.8751683]]]}},{"type":"Feature","properties":{"elevation":15.0},"geometry":{"type":"Point","coordinates":[-16.438942305,15.875319715]}},{"type":"Feature","properties":{"elevation":5.0},"geometry":{"type":"LineString","coordinates":[[-16.4516257,15.8749621],[-16.4516335,15.8760535],[-16.4522012,15.8765954],[-16.4513555,15.876601],[-16.4510726,15.8764665],[-16.4509777,15.8763307],[-16.4509287,15.8760582],[-16.4507868,15.8759227],[-16.4507295,15.8757867],[-16.4507849,15.8756499],[-16.4509248,15.8755125],[-16.4513457,15.8752369],[-16.4516257,15.8749621]]}},{"type":"Feature","properties":{"elevation":5.0},"geometry":{"type":"LineString","coordinates":[[-16.4657184,15.8745943],[-16.4654385,15.874869],[-16.4654404,15.8751419],[-16.4653014,15.8754157],[-16.4653034,15.8756885],[-16.4651644,15.8759623],[-16.4648845,15.876237],[-16.4650274,15.8765089],[-16.4650294,15.8767817],[-16.4648904,15.8770555],[-16.4654582,15.8775974],[-16.466022,15.8775935],[-16.4665838,15.8773169],[-16.4668677,15.8775878],[-16.4671496,15.8775859],[-16.4674295,15.8773111],[-16.4671456,15.8770402],[-16.4668637,15.8770421],[-16.4668598,15.8764965],[-16.466294,15.8762275],[-16.4660121,15.8762294],[-16.4660062,15.8754109],[-16.4662861,15.8751361],[-16.4662841,15.8748633],[-16.4660003,15.8745924],[-16.4657184,15.8745943]]}},{"type":"Feature","properties":{"elevation":5.0},"geometry":{"type":"LineString","coordinates":[[-16.4674097,15.8745828],[-16.4668499,15.8751323],[-16.4671338,15.8754032],[-16.4676956,15.8751266],[-16.4676936,15.8748537],[-16.4674097,15.8745828]]}},{"type":"Feature","properties":{"elevation":5.0},"geometry":{"type":"LineString","coordinates":[[-16.455008394,15.874939424],[-16.455008395,15.874939424],[-16.455008395,15.874939425],[-16.455008394,15.874939424]]}},{"type":"Feature","properties":{"elevation":10.0},"geometry":{"type":"LineString","coordinates":[[-16.4800968,15.8747693],[-16.4803827,15.875313],[-16.4798189,15.8753168],[-16.4798169,15.875044],[-16.4800968,15.8747693]]}},{"type":"Feature","properties":{"elevation":5.0},"geometry":{"type":"LineString","coordinates":[[-16.4902419,15.8742904],[-16.489961,15.8744287],[-16.489965,15.8749744],[-16.4901079,15.8752462],[-16.4901099,15.8755191],[-16.4902519,15.8756545],[-16.4905348,15.875789],[-16.4913804,15.8757832],[-16.4915194,15.8755094],[-16.4913764,15.8752375],[-16.4910945,15.8752394],[-16.4908106,15.8749685],[-16.4908086,15.8746957],[-16.4905247,15.8744248],[-16.4902419,15.8742904]]}},{"type":"Feature","properties":{"elevation":5.0},"geometry":{"type":"LineString","coordinates":[[-16.5009536,15.8742163],[-16.5006727,15.8743547],[-16.5006747,15.8746275],[-16.5009586,15.8748984],[-16.5012385,15.8746236],[-16.5012365,15.8743508],[-16.5009536,15.8742163]]}},{"type":"Feature","properties":{"elevation":5.0},"geometry":{"type":"LineString","coordinates":[[-16.4831936,15.8742024],[-16.4823539,15.8750267],[-16.4823559,15.8752995],[-16.4826398,15.8755704],[-16.4829217,15.8755684],[-16.4832056,15.8758393],[-16.4834855,15.8755646],[-16.4834775,15.8744733],[-16.4831936,15.8742024]]}},{"type":"Feature","properties":{"elevation":10.0},"geometry":{"type":"MultiLineString","coordinates":[[[-16.4418983,15.8747543],[-16.4420383,15.874617],[-16.4423212,15.8747515],[-16.4426031,15.8747496],[-16.4428859,15.8748842],[-16.4430279,15.8750197],[-16.4431708,15.8752916],[-16.4437384,15.8758335]],[[-16.4437384,15.8758335],[-16.4443022,15.8758297],[-16.4448621,15.8752803],[-16.444958,15.8755525],[-16.445007,15.875825],[-16.4449243,15.8760984],[-16.4448686,15.8761897],[-16.444682,15.8763729],[-16.44459,15.8766463],[-16.4444509,15.8769201],[-16.4443106,15.877012],[-16.4440291,15.8770593],[-16.4438421,15.877197],[-16.4437491,15.8773341],[-16.4434682,15.8774724],[-16.4433762,15.8777458],[-16.4433781,15.8780186],[-16.4432391,15.8782924],[-16.4432504,15.8785652],[-16.4430551,15.8788393],[-16.4430218,15.8791124],[-16.442824,15.8793866],[-16.442732,15.87966],[-16.4426388,15.8797698],[-16.4424285,15.8799349],[-16.44236,15.8802082],[-16.4420771,15.8800737],[-16.4419352,15.8799382],[-16.4418863,15.8796657],[-16.4417904,15.8793935],[-16.4416005,15.8791219],[-16.441561,15.8788493],[-16.4414087,15.8785775],[-16.4413316,15.8783051],[-16.4414993,15.8780994],[-16.4415927,15.8780306],[-16.4416378,15.8777574],[-16.4414949,15.8774855],[-16.4415869,15.877212],[-16.441632,15.8769389],[-16.441771,15.8766651],[-16.4420522,15.8765723],[-16.4421938,15.8766623],[-16.4423367,15.8769342],[-16.4423387,15.877207],[-16.4426218,15.877387],[-16.4431844,15.8772014],[-16.4434643,15.8769267],[-16.4440262,15.8766501],[-16.4441652,15.8763763],[-16.4440223,15.8761044],[-16.4437384,15.8758335]],[[-16.4437384,15.8758335],[-16.4434565,15.8758353],[-16.4431766,15.8761101],[-16.4428957,15.8762484],[-16.4426128,15.8761138],[-16.4426089,15.8755681],[-16.442326,15.8754336],[-16.4420438,15.87539],[-16.4419022,15.8753],[-16.4417593,15.8750281],[-16.4418983,15.8747543]]]}},{"type":"Feature","properties":{"elevation":5.0},"geometry":{"type":"LineString","coordinates":[[-16.4981317,15.8738266],[-16.4978518,15.8741014],[-16.4978559,15.874647],[-16.4981398,15.8749179],[-16.4984196,15.8746431],[-16.4984156,15.8740975],[-16.4981317,15.8738266]]}},{"type":"Feature","properties":{"elevation":5.0},"geometry":{"type":"LineString","coordinates":[[-16.4597947,15.8740886],[-16.4600786,15.8743596],[-16.4600805,15.8746324],[-16.4595167,15.8746362],[-16.4595148,15.8743634],[-16.4597947,15.8740886]]}},{"type":"Feature","properties":{"elevation":5.0},"geometry":{"type":"LineString","coordinates":[[-16.4530293,15.8741342],[-16.4533112,15.8741323],[-16.4533131,15.8744051],[-16.4530312,15.874407],[-16.4530293,15.8741342]]}},{"type":"Feature","properties":{"elevation":5.0},"geometry":{"type":"LineString","coordinates":[[-16.4440067,15.8739217],[-16.4437268,15.8741965],[-16.4437287,15.8744693],[-16.4440126,15.8747402],[-16.4442925,15.8744655],[-16.4441966,15.8741933],[-16.4440067,15.8739217]]}},{"type":"Feature","properties":{"elevation":10.0},"geometry":{"type":"LineString","coordinates":[[-16.4803727,15.8739488],[-16.480654,15.873856],[-16.4809365,15.873945],[-16.4806566,15.8742197],[-16.4803757,15.8743581],[-16.4800928,15.8742236],[-16.4803727,15.8739488]]}},{"type":"Feature","properties":{"elevation":10.0},"geometry":{"type":"LineString","coordinates":[[-16.510532655,15.873467557],[-16.510532656,15.873467557]]}},{"type":"Feature","properties":{"elevation":5.0},"geometry":{"type":"LineString","coordinates":[[-16.4941792,15.8730354],[-16.4938994,15.8733102],[-16.4941823,15.8734447],[-16.4944631,15.8733063],[-16.4941792,15.8730354]]}},{"type":"Feature","properties":{"elevation":5.0},"geometry":{"type":"LineString","coordinates":[[-16.5194503,15.8738144],[-16.5194141,15.8736782],[-16.5192711,15.8734064],[-16.5187093,15.8736832],[-16.5184254,15.8734123],[-16.5185643,15.8731385],[-16.5187046,15.8730466],[-16.5189865,15.8730446],[-16.519269,15.8731336],[-16.5195489,15.8728587],[-16.519856000268067,15.872856593588512]]}},{"type":"Feature","properties":{"elevation":5.0},"geometry":{"type":"LineString","coordinates":[[-16.4984065,15.8728698],[-16.4981256,15.8730081],[-16.4981317,15.8738266],[-16.4984156,15.8740975],[-16.4986955,15.8738227],[-16.4986935,15.8735499],[-16.4988324,15.8732761],[-16.4986894,15.8730042],[-16.4984065,15.8728698]]}},{"type":"Feature","properties":{"elevation":5.0},"geometry":{"type":"LineString","coordinates":[[-16.4885395,15.8728014],[-16.4882596,15.8730762],[-16.4884026,15.8733481],[-16.4882636,15.8736219],[-16.4882656,15.8738947],[-16.4885495,15.8741656],[-16.4888294,15.8738908],[-16.4891113,15.8738889],[-16.4893952,15.8741598],[-16.4896751,15.873885],[-16.4896691,15.8730665],[-16.4893862,15.872932],[-16.4891053,15.8730704],[-16.4885395,15.8728014]]}},{"type":"Feature","properties":{"elevation":5.0},"geometry":{"type":"LineString","coordinates":[[-16.4840293,15.8728324],[-16.4837494,15.8731072],[-16.4837514,15.87338],[-16.4840353,15.8736509],[-16.4843172,15.873649],[-16.4845971,15.8733742],[-16.4840293,15.8728324]]}},{"type":"Feature","properties":{"elevation":5.0},"geometry":{"type":"LineString","coordinates":[[-16.487412,15.8728092],[-16.4871321,15.873084],[-16.487416,15.8733549],[-16.4875549,15.8730811],[-16.487412,15.8728092]]}},{"type":"Feature","properties":{"elevation":5.0},"geometry":{"type":"LineString","coordinates":[[-16.4806467,15.8728556],[-16.4803668,15.8731303],[-16.4806506,15.8734012],[-16.4809305,15.8731265],[-16.4806467,15.8728556]]}},{"type":"Feature","properties":{"elevation":0.0},"geometry":{"type":"LineString","coordinates":[[-16.4552727,15.872482],[-16.4551337,15.8727558],[-16.4551356,15.8730286],[-16.4552785,15.8733005],[-16.4552805,15.8735734],[-16.4555643,15.8738443],[-16.4558423,15.8732967],[-16.455627,15.8727525],[-16.4555546,15.8724801],[-16.4552727,15.872482]]}},{"type":"Feature","properties":{"elevation":5.0},"geometry":{"type":"LineString","coordinates":[[-16.457247854,15.872741581],[-16.457247855,15.87274158],[-16.457247855,15.872741581],[-16.457247854,15.872741581]]}},{"type":"Feature","properties":{"elevation":10.0},"geometry":{"type":"LineString","coordinates":[[-16.5102426,15.8723782],[-16.5102447,15.872651]]}},{"type":"Feature","properties":{"elevation":5.0},"geometry":{"type":"LineString","coordinates":[[-16.4969911,15.872061],[-16.4967102,15.8721994],[-16.4967122,15.8724722],[-16.4969981,15.8730159],[-16.497278,15.8727412],[-16.4975558,15.8721935],[-16.4972719,15.8719227],[-16.4969911,15.872061]]}},{"type":"Feature","properties":{"elevation":5.0},"geometry":{"type":"LineString","coordinates":[[-16.4924799,15.8719558],[-16.4922,15.8722305],[-16.492204,15.8727762],[-16.4919221,15.8727781],[-16.4916423,15.8730529],[-16.49221,15.8735947],[-16.4922121,15.8738675],[-16.4919322,15.8741423],[-16.4916483,15.8738714],[-16.4910845,15.8738753],[-16.4908036,15.8740136],[-16.4906637,15.874151],[-16.4905247,15.8744248],[-16.4908086,15.8746957],[-16.4910905,15.8746938],[-16.4913744,15.8749647],[-16.4919382,15.8749608],[-16.4922181,15.874686],[-16.4922321,15.8765958],[-16.4919503,15.8765978],[-16.4913905,15.8771473],[-16.4913945,15.877693],[-16.4919623,15.8782347],[-16.4913985,15.8782386],[-16.4911186,15.8785134],[-16.4914025,15.8787843],[-16.4914126,15.8801484],[-16.4919804,15.8806902],[-16.4922623,15.8806882],[-16.4925422,15.8804135],[-16.4928241,15.8804115],[-16.4933919,15.8809533],[-16.4936738,15.8809513],[-16.4945134,15.880127],[-16.4942295,15.8798561],[-16.4931019,15.8798639],[-16.492818,15.879593],[-16.492816,15.8793202],[-16.4930959,15.8790454],[-16.492812,15.8787745],[-16.49281,15.8785017],[-16.4930919,15.8784998],[-16.4933718,15.878225],[-16.4933698,15.8779522],[-16.4930859,15.8776813],[-16.4927999,15.8771376],[-16.4927979,15.8768647],[-16.4930778,15.87659],[-16.4930758,15.8763171],[-16.4933557,15.8760424],[-16.4936376,15.8760404],[-16.4939175,15.8757656],[-16.4947631,15.8757598],[-16.495044,15.8756214],[-16.4956078,15.8756175],[-16.4958887,15.8754792],[-16.4958867,15.8752064],[-16.4956028,15.8749355],[-16.4953209,15.8749374],[-16.495038,15.874803],[-16.4947571,15.8749413],[-16.4939114,15.8749472],[-16.4939094,15.8746743],[-16.4936235,15.8741306],[-16.4936195,15.873585],[-16.4938994,15.8733102],[-16.4938974,15.8730374],[-16.4936135,15.8727665],[-16.4936094,15.8722208],[-16.4933255,15.8719499],[-16.4924799,15.8719558]]}},{"type":"Feature","properties":{"elevation":5.0},"geometry":{"type":"LineString","coordinates":[[-16.5082674,15.8721192],[-16.5082695,15.872392],[-16.5079896,15.8726668],[-16.5080038,15.8745766],[-16.5082877,15.8748474],[-16.5082898,15.8751202],[-16.5084327,15.8753921],[-16.5084348,15.8756649],[-16.5082948,15.8758023],[-16.508014,15.8759407],[-16.5077311,15.8758062],[-16.5075891,15.8756708],[-16.5074461,15.875399],[-16.5072562,15.8751275],[-16.5074421,15.8748533],[-16.5077219,15.8745785],[-16.5077199,15.8743057],[-16.5075769,15.8740339],[-16.5077158,15.87376],[-16.5077057,15.8723959],[-16.5079876,15.8723939],[-16.5082674,15.8721192]]}},{"type":"Feature","properties":{"elevation":5.0},"geometry":{"type":"LineString","coordinates":[[-16.4561183,15.8724763],[-16.4564002,15.8724744],[-16.4564022,15.8727473],[-16.4561213,15.8728856],[-16.4560263,15.8727498],[-16.4561183,15.8724763]]}},{"type":"Feature","properties":{"elevation":5.0},"geometry":{"type":"LineString","coordinates":[[-16.4961444,15.8719305],[-16.4958645,15.8722052],[-16.4961484,15.8724761],[-16.4964283,15.8722013],[-16.4961444,15.8719305]]}},{"type":"Feature","properties":{"elevation":5.0},"geometry":{"type":"LineString","coordinates":[[-16.4795131,15.8720448],[-16.4792332,15.8723196],[-16.4795171,15.8725905],[-16.479797,15.8723157],[-16.4795131,15.8720448]]}},{"type":"Feature","properties":{"elevation":5.0},"geometry":{"type":"LineString","coordinates":[[-16.4640113,15.8724231],[-16.4642931,15.8724212]]}},{"type":"Feature","properties":{"elevation":15.0},"geometry":{"type":"LineString","coordinates":[[-16.4713404,15.8723734],[-16.4716213,15.872235],[-16.4719028,15.8721877],[-16.472185,15.8722312],[-16.472327,15.8723667],[-16.4724699,15.8726385],[-16.4724719,15.8729114],[-16.4723329,15.8731852],[-16.472193,15.8733225],[-16.4719101,15.873188],[-16.4716262,15.8729171],[-16.4715538,15.8726448],[-16.4713404,15.8723734]]}},{"type":"Feature","properties":{"elevation":5.0},"geometry":{"type":"LineString","coordinates":[[-16.509111,15.8718404],[-16.5105205,15.8718306],[-16.5107104,15.8721021],[-16.5107124,15.8723749],[-16.5105251,15.8724542],[-16.5103856,15.8726501],[-16.5106539,15.872921],[-16.5106736,15.8734666],[-16.5106152,15.8737398],[-16.5103354,15.8740146],[-16.5103394,15.8745603],[-16.509979,15.8748356],[-16.5096951,15.8745648],[-16.5096226,15.8742924],[-16.5096911,15.8740191],[-16.5094051,15.8734754],[-16.509397,15.8723841],[-16.5091131,15.8721133],[-16.509111,15.8718404]]}},{"type":"Feature","properties":{"elevation":5.0},"geometry":{"type":"LineString","coordinates":[[-16.4978337,15.8716459],[-16.4975538,15.8719207],[-16.4975558,15.8721935],[-16.4981216,15.8724625],[-16.4984015,15.8721877],[-16.4983995,15.8719149],[-16.4981156,15.871644],[-16.4978337,15.8716459]]}},{"type":"Feature","properties":{"elevation":15.0},"geometry":{"type":"LineString","coordinates":[[-16.4462502,15.8722697],[-16.4462521,15.8725425],[-16.4459702,15.8725444],[-16.4462502,15.8722697]]}},{"type":"Feature","properties":{"elevation":0.0},"geometry":{"type":"LineString","coordinates":[[-16.4580867,15.871781],[-16.4579467,15.8719183],[-16.4578077,15.8721921],[-16.4580916,15.8724631],[-16.4583744,15.8725976],[-16.4585144,15.8724602],[-16.4586534,15.8721864],[-16.4584635,15.8719149],[-16.4583689,15.8718245],[-16.4580867,15.871781]]}},{"type":"Feature","properties":{"elevation":5.0},"geometry":{"type":"LineString","coordinates":[[-16.4941682,15.8715349],[-16.4940282,15.8716722],[-16.4938893,15.871946],[-16.4941752,15.8724898],[-16.4944571,15.8724878],[-16.494737,15.872213],[-16.494733,15.8716674],[-16.4944491,15.8713965],[-16.4941682,15.8715349]]}},{"type":"Feature","properties":{"elevation":5.0},"geometry":{"type":"LineString","coordinates":[[-16.4845831,15.8714644],[-16.4843032,15.8717392],[-16.4843052,15.872012],[-16.4845891,15.8722829],[-16.484728,15.8720091],[-16.484726,15.8717363],[-16.4845831,15.8714644]]}},{"type":"Feature","properties":{"elevation":5.0},"geometry":{"type":"LineString","coordinates":[[-16.4766893,15.871382],[-16.4764084,15.8715203],[-16.4764104,15.8717932],[-16.4766943,15.8720641],[-16.4769751,15.8719257],[-16.4771151,15.8717883],[-16.4769722,15.8715165],[-16.4766893,15.871382]]}},{"type":"Feature","properties":{"elevation":5.0},"geometry":{"type":"LineString","coordinates":[[-16.4676699,15.8715798],[-16.4682376,15.8721216],[-16.4688014,15.8721178],[-16.4690813,15.871843],[-16.4693652,15.872114],[-16.4693671,15.8723868],[-16.4682396,15.8723944],[-16.4679557,15.8721235],[-16.4676748,15.8722618],[-16.4673919,15.8721273],[-16.46739,15.8718545],[-16.4676699,15.8715798]]}},{"type":"Feature","properties":{"elevation":15.0},"geometry":{"type":"MultiLineString","coordinates":[[[-16.4394809,15.8717691],[-16.4397638,15.8719036],[-16.4399076,15.872312],[-16.4399565,15.8725845],[-16.4397706,15.8728586],[-16.4392106,15.873408]],[[-16.4392106,15.873408],[-16.4400621,15.8742209],[-16.4397841,15.8747684],[-16.4395022,15.8747703],[-16.4392194,15.8746358],[-16.4389355,15.8743648],[-16.4388406,15.874229],[-16.4389326,15.8739555],[-16.4389307,15.8736827],[-16.4392106,15.873408]],[[-16.4392106,15.873408],[-16.4383592,15.8725951],[-16.4383553,15.8720494],[-16.4386362,15.8719111],[-16.4392,15.8719074],[-16.4394809,15.8717691]]]}},{"type":"Feature","properties":{"elevation":5.0},"geometry":{"type":"LineString","coordinates":[[-16.4955736,15.8709795],[-16.4952927,15.8711178],[-16.4952947,15.8713907],[-16.4958625,15.8719324],[-16.4961424,15.8716576],[-16.4961383,15.871112],[-16.4958555,15.8709775],[-16.4955736,15.8709795]]}},{"type":"Feature","properties":{"elevation":5.0},"geometry":{"type":"LineString","coordinates":[[-16.5178433,15.8709608],[-16.5181251,15.8709589],[-16.5181272,15.8712317],[-16.5178453,15.8712337],[-16.5178433,15.8709608]]}},{"type":"Feature","properties":{"elevation":5.0},"geometry":{"type":"LineString","coordinates":[[-16.4890902,15.8710242],[-16.4888094,15.8711625],[-16.4882496,15.8717121],[-16.4879677,15.871714],[-16.4876878,15.8719888],[-16.4879717,15.8722597],[-16.4882526,15.8721213],[-16.4885345,15.8721194],[-16.4888154,15.871981],[-16.4890973,15.8719791],[-16.4893771,15.8717043],[-16.4893731,15.8711586],[-16.4890902,15.8710242]]}},{"type":"Feature","properties":{"elevation":5.0},"geometry":{"type":"LineString","coordinates":[[-16.4617463,15.8710742],[-16.4620282,15.8710723],[-16.462312,15.8713432],[-16.462314,15.871616],[-16.4620341,15.8718908],[-16.4617522,15.8718927],[-16.4616132,15.8721664],[-16.4616152,15.8724393],[-16.4617581,15.8727112],[-16.4617601,15.872984],[-16.4620439,15.8732549],[-16.4626097,15.8735239],[-16.4626116,15.8737968],[-16.4628955,15.8740677],[-16.4628975,15.8743405],[-16.4626176,15.8746153],[-16.4623396,15.8751628],[-16.4620557,15.8748919],[-16.4617729,15.8747574],[-16.4616309,15.8746219],[-16.461488,15.8743501],[-16.461766,15.8738025],[-16.4614821,15.8735316],[-16.4612022,15.8738063],[-16.4609203,15.8738082],[-16.4614801,15.8732587],[-16.4603447,15.872175],[-16.4604837,15.8719012],[-16.4609036,15.8714891],[-16.4611845,15.8713508],[-16.4614664,15.8713489],[-16.4617463,15.8710742]]}},{"type":"Feature","properties":{"elevation":5.0},"geometry":{"type":"LineString","coordinates":[[-16.4500479,15.8711529],[-16.4501879,15.8710155],[-16.4504695,15.8709681],[-16.4506117,15.8711491],[-16.4506606,15.8714216],[-16.4507565,15.8716938],[-16.4504756,15.8718321],[-16.4501928,15.8716976],[-16.4499109,15.8716995],[-16.449768,15.8714276],[-16.4499083,15.8713357],[-16.4500479,15.8711529]]}},{"type":"Feature","properties":{"elevation":5.0},"geometry":{"type":"LineString","coordinates":[[-16.4873959,15.8706266],[-16.4871161,15.8709013],[-16.4873999,15.8711722],[-16.4879637,15.8711683],[-16.4882476,15.8714392],[-16.4885275,15.8711645],[-16.4885255,15.8708916],[-16.4882416,15.8706207],[-16.4873959,15.8706266]]}},{"type":"Feature","properties":{"elevation":5.0},"geometry":{"type":"LineString","coordinates":[[-16.504027,15.8705116],[-16.5037472,15.8707864],[-16.5040311,15.8710573],[-16.50417,15.8707835],[-16.504027,15.8705116]]}},{"type":"Feature","properties":{"elevation":15.0},"geometry":{"type":"MultiLineString","coordinates":[[[-16.4727399,15.8709996],[-16.4730218,15.8709977],[-16.4727419,15.8712725]],[[-16.4727419,15.8712725],[-16.4727458,15.8718181],[-16.472464,15.87182],[-16.472462,15.8715472],[-16.4727419,15.8712725]],[[-16.4727419,15.8712725],[-16.4727399,15.8709996]]]}},{"type":"Feature","properties":{"elevation":5.0},"geometry":{"type":"LineString","coordinates":[[-16.5096626,15.8701995],[-16.5102264,15.8701956],[-16.5105103,15.8704665],[-16.5105123,15.8707393],[-16.5102304,15.8707413],[-16.5099506,15.8710161],[-16.5096667,15.8707452],[-16.5093848,15.8707472],[-16.5093828,15.8704743],[-16.5096626,15.8701995]]}},{"type":"Feature","properties":{"elevation":5.0},"geometry":{"type":"LineString","coordinates":[[-16.5169915,15.8701483],[-16.5175553,15.8701443],[-16.5175573,15.8704172],[-16.5172775,15.870692],[-16.5169956,15.8706939],[-16.5169466,15.8704214],[-16.5169915,15.8701483]]}},{"type":"Feature","properties":{"elevation":5.0},"geometry":{"type":"LineString","coordinates":[[-16.460051,15.8705399],[-16.460053,15.8708127]]}},{"type":"Feature","properties":{"elevation":10.0},"geometry":{"type":"LineString","coordinates":[[-16.4738615,15.8701735],[-16.4737225,15.8704473],[-16.4738655,15.8707191],[-16.4741493,15.87099],[-16.4747131,15.8709862],[-16.474993,15.8707114],[-16.4744272,15.8704425],[-16.4741434,15.8701715],[-16.4738615,15.8701735]]}},{"type":"Feature","properties":{"elevation":15.0},"geometry":{"type":"LineString","coordinates":[[-16.4470842,15.870627],[-16.4473661,15.8706251],[-16.447368,15.870898],[-16.4470881,15.8711727],[-16.4473739,15.8717165],[-16.4472349,15.8719902],[-16.4470949,15.8721276],[-16.446813,15.8721295],[-16.4466711,15.871994],[-16.4465282,15.8717221],[-16.4467142,15.871448],[-16.4468062,15.8711746],[-16.4470861,15.8708998],[-16.4470842,15.870627]]}},{"type":"Feature","properties":{"elevation":5.0},"geometry":{"type":"LineString","coordinates":[[-16.5051485,15.8696853],[-16.5048686,15.8699601],[-16.5048727,15.8705057],[-16.5051566,15.8707766],[-16.5054364,15.8705018],[-16.5054324,15.8699562],[-16.5051485,15.8696853]]}},{"type":"Feature","properties":{"elevation":5.0},"geometry":{"type":"LineString","coordinates":[[-16.5200932,15.8702629],[-16.5200901,15.8698537],[-16.5202311,15.8698527]]}},{"type":"Feature","properties":{"elevation":5.0},"geometry":{"type":"LineString","coordinates":[[-16.5113519,15.8699149],[-16.5114009,15.8701874],[-16.5113549,15.8703241],[-16.5112599,15.8701884],[-16.5113519,15.8699149]]}},{"type":"Feature","properties":{"elevation":5.0},"geometry":{"type":"LineString","coordinates":[[-16.4995109,15.8697244],[-16.499231,15.8699992],[-16.499233,15.870272],[-16.4990941,15.8705458],[-16.4990961,15.8708187],[-16.4992391,15.8710905],[-16.4995209,15.8710886],[-16.4996599,15.8708148],[-16.4996579,15.8705419],[-16.4999357,15.8699943],[-16.4997927,15.8697225],[-16.4995109,15.8697244]]}},{"type":"Feature","properties":{"elevation":5.0},"geometry":{"type":"LineString","coordinates":[[-16.4845711,15.8698274],[-16.4842912,15.8701022],[-16.4845751,15.8703731],[-16.484855,15.8700983],[-16.4845711,15.8698274]]}},{"type":"Feature","properties":{"elevation":5.0},"geometry":{"type":"LineString","coordinates":[[-16.4451084,15.8702764],[-16.4449681,15.8703683],[-16.4447351,15.8706427],[-16.444831,15.8709149],[-16.4445511,15.8711896],[-16.4442692,15.8711915],[-16.4439892,15.8714662],[-16.4437132,15.8722866],[-16.443719,15.8731051],[-16.4440028,15.8733761],[-16.4441888,15.873102],[-16.4442808,15.8728285],[-16.4442789,15.8725557],[-16.4445569,15.8720081],[-16.4448368,15.8717334],[-16.4453987,15.8714568],[-16.4453967,15.871184],[-16.4454888,15.8709105],[-16.4455338,15.8706374],[-16.4455318,15.8703645],[-16.4453899,15.8702291],[-16.4451084,15.8702764]]}},{"type":"Feature","properties":{"elevation":5.0},"geometry":{"type":"LineString","coordinates":[[-16.5189606,15.8695888],[-16.5192424,15.8695868],[-16.5192445,15.8698596],[-16.5189606,15.8695888]]}},{"type":"Feature","properties":{"elevation":5.0},"geometry":{"type":"LineString","coordinates":[[-16.4935893,15.8694925],[-16.4927497,15.8703169],[-16.4927517,15.8705897],[-16.4930356,15.8708606],[-16.4935994,15.8708567],[-16.4938793,15.8705819],[-16.4938772,15.8703091],[-16.4941591,15.8703071],[-16.494439,15.8700323],[-16.494437,15.8697595],[-16.4941531,15.8694886],[-16.4935893,15.8694925]]}},{"type":"Feature","properties":{"elevation":5.0},"geometry":{"type":"LineString","coordinates":[[-16.4637097,15.8696967],[-16.4634297,15.8699714],[-16.4637136,15.8702423],[-16.4639935,15.8699676],[-16.4637097,15.8696967]]}},{"type":"Feature","properties":{"elevation":15.0},"geometry":{"type":"LineString","coordinates":[[-16.4389055,15.8701358],[-16.4389074,15.8704087]]}},{"type":"Feature","properties":{"elevation":15.0},"geometry":{"type":"LineString","coordinates":[[-16.4473622,15.8700794],[-16.4473622,15.8700795]]}},{"type":"Feature","properties":{"elevation":5.0},"geometry":{"type":"LineString","coordinates":[[-16.4856946,15.869274],[-16.4855557,15.8695478],[-16.4855577,15.8698206],[-16.4854178,15.869958],[-16.4851369,15.8700964],[-16.4851389,15.8703692],[-16.484859,15.870644],[-16.4850019,15.8709158],[-16.4851439,15.8710513],[-16.4854267,15.8711858],[-16.4859905,15.8711819],[-16.4862704,15.8709071],[-16.4862664,15.8703615],[-16.4859825,15.8700906],[-16.4859785,15.8695449],[-16.4856946,15.869274]]}},{"type":"Feature","properties":{"elevation":5.0},"geometry":{"type":"LineString","coordinates":[[-16.4831577,15.8692914],[-16.4828778,15.8695662],[-16.4831617,15.8698371],[-16.4833006,15.8695633],[-16.4831577,15.8692914]]}},{"type":"Feature","properties":{"elevation":5.0},"geometry":{"type":"Point","coordinates":[-16.455816849,15.869749898]}},{"type":"Feature","properties":{"elevation":10.0},"geometry":{"type":"LineString","coordinates":[[-16.4532799,15.8697669],[-16.4532818,15.8700398]]}},{"type":"Feature","properties":{"elevation":10.0},"geometry":{"type":"LineString","coordinates":[[-16.4432728,15.8698339],[-16.4434131,15.869742],[-16.4435547,15.869832],[-16.4436976,15.8701039],[-16.4435586,15.8703777],[-16.4437015,15.8706496],[-16.4434235,15.8711971],[-16.4435194,15.8714694],[-16.4434274,15.8717428],[-16.4434293,15.8720157],[-16.4432433,15.8722897],[-16.4432923,15.8725623],[-16.4432942,15.8728351],[-16.4432492,15.8731082],[-16.4432981,15.8733808],[-16.443535,15.873652],[-16.4434429,15.8739255],[-16.443162,15.8740638],[-16.4428801,15.8740657],[-16.4425972,15.8739311],[-16.4423154,15.873933],[-16.4420344,15.8740713],[-16.4417516,15.8739368],[-16.4416557,15.8736646],[-16.4417477,15.8733911],[-16.4417438,15.8728454],[-16.4416479,15.8725732],[-16.4417399,15.8722998],[-16.4420218,15.8722979],[-16.4425817,15.8717485],[-16.4425778,15.8712028],[-16.4428578,15.8709281],[-16.4429968,15.8706543],[-16.4429948,15.8703815],[-16.442852,15.8701096],[-16.4431329,15.8699713],[-16.4432728,15.8698339]]}},{"type":"Feature","properties":{"elevation":0.0},"geometry":{"type":"LineString","coordinates":[[-16.450739,15.8692383],[-16.4506,15.8695121],[-16.45046,15.8696494],[-16.4501785,15.8696968],[-16.4500851,15.8697884],[-16.4500401,15.8700615],[-16.450183,15.8703334],[-16.4504649,15.8703315],[-16.4506039,15.8700577],[-16.4510238,15.8696457],[-16.4511168,15.8695086],[-16.4510209,15.8692364],[-16.450739,15.8692383]]}},{"type":"Feature","properties":{"elevation":5.0},"geometry":{"type":"LineString","coordinates":[[-16.5090907,15.8691122],[-16.5093726,15.8691102],[-16.5095156,15.869382],[-16.5093767,15.8696558],[-16.5090948,15.8696578],[-16.5090907,15.8691122]]}},{"type":"Feature","properties":{"elevation":5.0},"geometry":{"type":"LineString","coordinates":[[-16.4958404,15.8689313],[-16.4955605,15.8692061],[-16.4955625,15.8694789],[-16.4958464,15.8697498],[-16.4961283,15.8697478],[-16.4962672,15.869474],[-16.4961243,15.8692022],[-16.4958404,15.8689313]]}},{"type":"Feature","properties":{"elevation":5.0},"geometry":{"type":"LineString","coordinates":[[-16.4789285,15.8691839],[-16.4786476,15.8693223],[-16.4789314,15.8695932],[-16.4792113,15.8693184],[-16.4789285,15.8691839]]}},{"type":"Feature","properties":{"elevation":15.0},"geometry":{"type":"LineString","coordinates":[[-16.4726575,15.8693631],[-16.472727,15.8692262],[-16.4730089,15.8692243],[-16.4732918,15.8693588],[-16.4734347,15.8696307],[-16.4732957,15.8699045],[-16.4730158,15.8701792],[-16.472733,15.8700447],[-16.472638,15.8699089],[-16.472589,15.8696364],[-16.4726575,15.8693631]]}},{"type":"Feature","properties":{"elevation":5.0},"geometry":{"type":"MultiLineString","coordinates":[[[-16.458068,15.8691891],[-16.45807,15.8694619]],[[-16.45807,15.8694619],[-16.4586357,15.8697309],[-16.4587786,15.8700028],[-16.4586396,15.8702766],[-16.4586455,15.8710951],[-16.4580798,15.8708261],[-16.457518,15.8711027],[-16.457238,15.8713774],[-16.4569568,15.8714703],[-16.4566743,15.8713812],[-16.4566684,15.8705627],[-16.4569493,15.8704244],[-16.4572312,15.8704225],[-16.4575121,15.8702842],[-16.4577959,15.8705551],[-16.4580759,15.8702804],[-16.4580739,15.8700076],[-16.457931,15.8697357],[-16.45807,15.8694619]]]}},{"type":"Feature","properties":{"elevation":5.0},"geometry":{"type":"LineString","coordinates":[[-16.4456611,15.8687266],[-16.4453812,15.8690013],[-16.4453851,15.869547],[-16.4456689,15.8698179],[-16.4459488,15.8695432],[-16.445945,15.8689975],[-16.4456611,15.8687266]]}},{"type":"Feature","properties":{"elevation":5.0},"geometry":{"type":"MultiLineString","coordinates":[[[-16.46314,15.868882],[-16.4634212,15.8687891],[-16.4635628,15.8688791],[-16.4634238,15.8691529],[-16.4628601,15.8691567]],[[-16.4628601,15.8691567],[-16.4625802,15.8694315],[-16.4622983,15.8694334],[-16.4621593,15.8697071],[-16.4621613,15.86998],[-16.4620223,15.8702538],[-16.4617411,15.8703466],[-16.4614585,15.8702576],[-16.4611747,15.8699866],[-16.4613136,15.8697129],[-16.4614536,15.8695755],[-16.4617345,15.8694372],[-16.4617325,15.8691643],[-16.4620134,15.869026],[-16.4625772,15.8690222],[-16.4628601,15.8691567]],[[-16.4628601,15.8691567],[-16.46314,15.868882]]]}},{"type":"Feature","properties":{"elevation":5.0},"geometry":{"type":"LineString","coordinates":[[-16.501757824,15.868617479],[-16.501757825,15.868617479],[-16.501757825,15.86861748],[-16.501757824,15.868617479]]}},{"type":"Feature","properties":{"elevation":5.0},"geometry":{"type":"LineString","coordinates":[[-16.4901987,15.8684245],[-16.4899189,15.8686993],[-16.4902027,15.8689702],[-16.4904846,15.8689682],[-16.4907645,15.8686935],[-16.4904806,15.8684226],[-16.4901987,15.8684245]]}},{"type":"Feature","properties":{"elevation":5.0},"geometry":{"type":"LineString","coordinates":[[-16.4961162,15.8681109],[-16.4958383,15.8686585],[-16.4958404,15.8689313],[-16.4961243,15.8692022],[-16.496684,15.8686526],[-16.4961162,15.8681109]]}},{"type":"Feature","properties":{"elevation":5.0},"geometry":{"type":"LineString","coordinates":[[-16.4811765,15.8682136],[-16.4808967,15.8684884],[-16.4810396,15.8687602],[-16.4810416,15.8690331],[-16.4811845,15.8693049],[-16.4814624,15.8687573],[-16.4814604,15.8684845],[-16.4811765,15.8682136]]}},{"type":"Feature","properties":{"elevation":5.0},"geometry":{"type":"LineString","coordinates":[[-16.5203628,15.868624],[-16.5203597,15.8682148],[-16.520490183224467,15.86821387458706]]}},{"type":"Feature","properties":{"elevation":5.0},"geometry":{"type":"LineString","coordinates":[[-16.4834326,15.8683346],[-16.4831517,15.8684729],[-16.4831537,15.8687458],[-16.4834376,15.8690167],[-16.4837195,15.8690147],[-16.4839993,15.86874],[-16.4837155,15.8684691],[-16.4834326,15.8683346]]}},{"type":"Feature","properties":{"elevation":5.0},"geometry":{"type":"LineString","coordinates":[[-16.512185299,15.868272038],[-16.5121853,15.868272038]]}},{"type":"Feature","properties":{"elevation":10.0},"geometry":{"type":"LineString","coordinates":[[-16.453272,15.8686756],[-16.4535539,15.8686737],[-16.4536968,15.8689456],[-16.4535569,15.869083],[-16.4534149,15.8689475],[-16.453272,15.8686756]]}},{"type":"Feature","properties":{"elevation":5.0},"geometry":{"type":"LineString","coordinates":[[-16.510492,15.868011],[-16.510494,15.8682838]]}},{"type":"Feature","properties":{"elevation":10.0},"geometry":{"type":"LineString","coordinates":[[-16.474693257,15.86825788],[-16.474693258,15.86825788],[-16.474693258,15.868257881],[-16.474693257,15.86825788]]}},{"type":"Feature","properties":{"elevation":0.0},"geometry":{"type":"LineString","coordinates":[[-16.4636969,15.8679233],[-16.4635569,15.8680606],[-16.4635307,15.8683336],[-16.4637018,15.8686053],[-16.4639843,15.8686944],[-16.4642656,15.8686015],[-16.4642636,15.8683287],[-16.4639797,15.8680578],[-16.4636969,15.8679233]]}},{"type":"Feature","properties":{"elevation":5.0},"geometry":{"type":"MultiLineString","coordinates":[[[-16.5023145,15.8676587],[-16.5020336,15.867797],[-16.5017538,15.8680718],[-16.5014699,15.867801],[-16.5009081,15.8680777],[-16.5009102,15.8683505],[-16.501478,15.8688923],[-16.501339,15.8691661],[-16.501482,15.8694379],[-16.5017659,15.8697088]],[[-16.5017659,15.8697088],[-16.5026116,15.8697029],[-16.5026136,15.8699758],[-16.5020498,15.8699797],[-16.5017659,15.8697088]],[[-16.5017659,15.8697088],[-16.501484,15.8697107],[-16.5012042,15.8699855],[-16.5012082,15.8705312],[-16.5014921,15.8708021],[-16.5014962,15.8713477],[-16.5026318,15.8724312],[-16.5029137,15.8724292],[-16.5031976,15.8727001],[-16.5031996,15.8729729],[-16.5037674,15.8735147],[-16.5037735,15.8743332],[-16.5040574,15.874604],[-16.5043373,15.8743292],[-16.5043292,15.8732379],[-16.504609,15.8729631],[-16.5047479,15.8726893],[-16.504605,15.8724175],[-16.5043211,15.8721466],[-16.504319,15.8718738],[-16.5040351,15.8716029],[-16.5040311,15.8710573],[-16.5037472,15.8707864],[-16.5034673,15.8710612],[-16.5029035,15.8710651],[-16.5023438,15.8716147],[-16.5020599,15.8713438],[-16.5020579,15.871071],[-16.5026217,15.8710671],[-16.5034612,15.8702427],[-16.5043069,15.8702368],[-16.5048666,15.8696873],[-16.5048646,15.8694144],[-16.5045807,15.8691436],[-16.5031713,15.8691534],[-16.5028874,15.8688825],[-16.503733,15.8688766],[-16.5040129,15.8686018],[-16.5040088,15.8680562],[-16.503443,15.8677873],[-16.5031612,15.8677892],[-16.5028783,15.8676548],[-16.5023145,15.8676587]]]}},{"type":"Feature","properties":{"elevation":5.0},"geometry":{"type":"LineString","coordinates":[[-16.4983672,15.8675496],[-16.4980873,15.8678244],[-16.4983712,15.8680953],[-16.4986511,15.8678205],[-16.4983672,15.8675496]]}},{"type":"Feature","properties":{"elevation":10.0},"geometry":{"type":"LineString","coordinates":[[-16.4775101,15.8679658],[-16.477653,15.8682377],[-16.4775141,15.8685115],[-16.4772328,15.8686044],[-16.4770912,15.8685144],[-16.4770893,15.8682415],[-16.4772292,15.8681042],[-16.4775101,15.8679658]]}},{"type":"Feature","properties":{"elevation":5.0},"geometry":{"type":"LineString","coordinates":[[-16.4701792,15.8677429],[-16.4704611,15.867741],[-16.470604,15.8680129],[-16.470465,15.8682866],[-16.4701851,15.8685614],[-16.4699039,15.8686543],[-16.4696213,15.8685652],[-16.4694784,15.8682933],[-16.4698983,15.8678812],[-16.4701792,15.8677429]]}},{"type":"Feature","properties":{"elevation":5.0},"geometry":{"type":"LineString","coordinates":[[-16.4876538,15.8673507],[-16.4873739,15.8676254],[-16.4873759,15.8678983],[-16.4876598,15.8681691],[-16.4879397,15.8678944],[-16.4879377,15.8676216],[-16.4876538,15.8673507]]}},{"type":"Feature","properties":{"elevation":5.0},"geometry":{"type":"LineString","coordinates":[[-16.4783524,15.8675053],[-16.4780719,15.8676891],[-16.4780739,15.867962],[-16.4783564,15.868051],[-16.4786381,15.8680263],[-16.4787786,15.8679572],[-16.4788235,15.867684],[-16.4786343,15.8675034],[-16.4783524,15.8675053]]}},{"type":"Feature","properties":{"elevation":10.0},"geometry":{"type":"LineString","coordinates":[[-16.4794813,15.8676795],[-16.4794833,15.8679523]]}},{"type":"Feature","properties":{"elevation":5.0},"geometry":{"type":"Point","coordinates":[-16.462002612,15.867525432]}},{"type":"Feature","properties":{"elevation":15.0},"geometry":{"type":"LineString","coordinates":[[-16.43917,15.8676784],[-16.4394519,15.8676766],[-16.4395947,15.8679485],[-16.4394557,15.8682222],[-16.4391719,15.8679513],[-16.43917,15.8676784]]}},{"type":"Feature","properties":{"elevation":5.0},"geometry":{"type":"LineString","coordinates":[[-16.5071003,15.8668069],[-16.5068195,15.8669453],[-16.5065376,15.8669472],[-16.5062578,15.867222],[-16.5062598,15.8674948],[-16.5065437,15.8677657],[-16.5071074,15.8677618],[-16.5076671,15.8672122],[-16.5073832,15.8669413],[-16.5071003,15.8668069]]}},{"type":"Feature","properties":{"elevation":10.0},"geometry":{"type":"LineString","coordinates":[[-16.472994,15.8671781],[-16.4732759,15.8671762],[-16.4735598,15.8674471],[-16.4732779,15.867449],[-16.472998,15.8677237],[-16.473002,15.8682694],[-16.4732858,15.8685403],[-16.4735717,15.8690841],[-16.4738555,15.869355],[-16.4744193,15.8693511],[-16.4747022,15.8694856],[-16.4749841,15.8694837],[-16.4752669,15.8696182],[-16.4755468,15.8693434],[-16.4758274,15.8691596],[-16.4761086,15.8690668],[-16.4763905,15.8690648],[-16.4766714,15.8689265],[-16.4769543,15.869061],[-16.4770972,15.8693329],[-16.4770992,15.8696057],[-16.4772421,15.8698776],[-16.4772461,15.8704232],[-16.4766784,15.8698814],[-16.4763975,15.8700198],[-16.4763045,15.8701568],[-16.4762595,15.87043],[-16.4761192,15.8705219],[-16.4759326,15.870705],[-16.4759346,15.8709779],[-16.4758413,15.8710695],[-16.4755578,15.870844],[-16.4752769,15.8709824],[-16.4752888,15.8726193],[-16.4750069,15.8726213],[-16.474726,15.8727596],[-16.4744441,15.8727615],[-16.4741612,15.872627],[-16.4738774,15.8723561],[-16.4741553,15.8718085],[-16.4741513,15.8712629],[-16.4738674,15.870992],[-16.4735875,15.8712667],[-16.4733096,15.8718143],[-16.4733176,15.8729056],[-16.4727577,15.8734551],[-16.4726188,15.8737289],[-16.4724798,15.8740027],[-16.4724838,15.8745484],[-16.4722019,15.8745503],[-16.471921,15.8746886],[-16.4716391,15.8746905],[-16.4714991,15.8748279],[-16.4715481,15.8751004],[-16.471644,15.8753726],[-16.4715051,15.8756464],[-16.4710842,15.8759221],[-16.4708983,15.8761962],[-16.4712781,15.8767393],[-16.4713727,15.8768296],[-16.4716559,15.8770096],[-16.4716639,15.8781009],[-16.4713839,15.8783757],[-16.4711001,15.8781048],[-16.4705363,15.8781086],[-16.4702564,15.8783833],[-16.4702583,15.8786562],[-16.4705422,15.8789271],[-16.4706851,15.879199],[-16.4705462,15.8794727],[-16.4702643,15.8794747],[-16.4699784,15.8789309],[-16.4699764,15.8786581],[-16.4696926,15.8783872],[-16.4695496,15.8781153],[-16.4696886,15.8778415],[-16.4696846,15.8772958],[-16.4695887,15.8770236],[-16.4695867,15.8767508],[-16.4696787,15.8764773],[-16.4705185,15.8756531],[-16.4706104,15.8753796],[-16.4706554,15.8751065],[-16.4703696,15.8745627],[-16.4703676,15.8742899],[-16.4705066,15.8740161],[-16.4710704,15.8740123],[-16.4712093,15.8737385],[-16.4711604,15.873466],[-16.4712054,15.8731928],[-16.4710634,15.8730574],[-16.4707786,15.87265],[-16.4706826,15.8723778],[-16.4710558,15.8720115],[-16.4713364,15.8718277],[-16.4716176,15.8717349],[-16.4718982,15.871551],[-16.4720372,15.8712773],[-16.4722466,15.871003],[-16.4723131,15.8704568],[-16.4723111,15.870184],[-16.4722387,15.8699117],[-16.472279,15.8696385],[-16.4722562,15.869093],[-16.4724422,15.8688189],[-16.4727201,15.8682713],[-16.473,15.8679966],[-16.4727161,15.8677257],[-16.4727141,15.8674528],[-16.472994,15.8671781]]}},{"type":"Feature","properties":{"elevation":5.0},"geometry":{"type":"LineString","coordinates":[[-16.4851109,15.8665496],[-16.484831,15.8668244],[-16.484835,15.86737],[-16.4851189,15.8676409],[-16.4854008,15.867639],[-16.4854048,15.8681846],[-16.4851249,15.8684594],[-16.4854088,15.8687303],[-16.4854108,15.8690031],[-16.4856946,15.869274],[-16.4859745,15.8689993],[-16.4862564,15.8689973],[-16.4865403,15.8692682],[-16.4865463,15.8700867],[-16.4868302,15.8703576],[-16.4871101,15.8700828],[-16.487249,15.869809],[-16.4875289,15.8695343],[-16.4873859,15.8692624],[-16.4879517,15.8695314],[-16.4879537,15.8698042],[-16.4882376,15.8700751],[-16.4885195,15.8700731],[-16.4886584,15.8697993],[-16.4887034,15.8695262],[-16.4887953,15.8692527],[-16.4885095,15.868709],[-16.4882276,15.8687109],[-16.4879467,15.8688493],[-16.4876638,15.8687148],[-16.4876618,15.868442],[-16.4873779,15.8681711],[-16.487098,15.8684459],[-16.4862524,15.8684517],[-16.4862444,15.8673603],[-16.4859605,15.8670894],[-16.4859585,15.8668166],[-16.4856746,15.8665457],[-16.4851109,15.8665496]]}},{"type":"Feature","properties":{"elevation":15.0},"geometry":{"type":"LineString","coordinates":[[-16.4486562,15.8670695],[-16.4487492,15.8669324],[-16.4490311,15.8669305],[-16.4493149,15.8672015],[-16.4495968,15.8671996],[-16.4497387,15.8673351],[-16.4496937,15.8676082],[-16.4496004,15.8676998],[-16.4493188,15.8677472],[-16.4487531,15.8674781],[-16.4486112,15.8673426],[-16.4486562,15.8670695]]}},{"type":"Feature","properties":{"elevation":10.0},"geometry":{"type":"LineString","coordinates":[[-16.4783458,15.8665959],[-16.4786267,15.8664576],[-16.4787686,15.866593],[-16.4786297,15.8668668],[-16.4783458,15.8665959]]}},{"type":"Feature","properties":{"elevation":5.0},"geometry":{"type":"LineString","coordinates":[[-16.4698874,15.8663807],[-16.4701693,15.8663787],[-16.4701713,15.8666516],[-16.4698894,15.8666535],[-16.4698874,15.8663807]]}},{"type":"Feature","properties":{"elevation":5.0},"geometry":{"type":"LineString","coordinates":[[-16.4653773,15.8664112],[-16.4656612,15.8666822],[-16.4653793,15.8666841],[-16.4653773,15.8664112]]}},{"type":"Feature","properties":{"elevation":5.0},"geometry":{"type":"LineString","coordinates":[[-16.4958182,15.8659302],[-16.4955384,15.866205],[-16.4952605,15.8667526],[-16.4955444,15.8670234],[-16.496384,15.8661991],[-16.4961001,15.8659282],[-16.4958182,15.8659302]]}},{"type":"Feature","properties":{"elevation":15.0},"geometry":{"type":"LineString","coordinates":[[-16.4357796,15.8666096],[-16.4360615,15.8666077],[-16.4357815,15.8668824],[-16.4357796,15.8666096]]}},{"type":"Feature","properties":{"elevation":20.0},"geometry":{"type":"LineString","coordinates":[[-16.4402898,15.8665796],[-16.4402917,15.8668524]]}},{"type":"Feature","properties":{"elevation":5.0},"geometry":{"type":"LineString","coordinates":[[-16.4605834,15.8661708],[-16.4608692,15.8667145],[-16.4605893,15.8669893],[-16.4603074,15.8669912],[-16.4600275,15.8672659],[-16.4600255,15.8669931],[-16.4597417,15.8667222],[-16.4600216,15.8664474],[-16.4603035,15.8664455],[-16.4605834,15.8661708]]}},{"type":"Feature","properties":{"elevation":5.0},"geometry":{"type":"LineString","coordinates":[[-16.5068083,15.8654447],[-16.5066684,15.8655821],[-16.5066725,15.8661278],[-16.5068154,15.8663996],[-16.5070953,15.8661248],[-16.5070912,15.8655792],[-16.5068083,15.8654447]]}},{"type":"Feature","properties":{"elevation":20.0},"geometry":{"type":"Point","coordinates":[-16.440285887,15.86603393]}},{"type":"Feature","properties":{"elevation":5.0},"geometry":{"type":"LineString","coordinates":[[-16.4986309,15.8650922],[-16.4983511,15.865367],[-16.498635,15.8656379],[-16.4989148,15.8653631],[-16.4986309,15.8650922]]}},{"type":"Feature","properties":{"elevation":5.0},"geometry":{"type":"LineString","coordinates":[[-16.4834096,15.865197],[-16.4831298,15.8654718],[-16.4828519,15.8660194],[-16.482572,15.8662941],[-16.4828549,15.8664286],[-16.4831371,15.8664722],[-16.483419,15.8664702],[-16.4837005,15.8664228],[-16.4839814,15.8662845],[-16.4839794,15.8660117],[-16.4838364,15.8657398],[-16.4836935,15.8654679],[-16.4834096,15.865197]]}},{"type":"Feature","properties":{"elevation":10.0},"geometry":{"type":"LineString","coordinates":[[-16.4538143,15.8656707],[-16.4543781,15.8656669],[-16.4538182,15.8662163],[-16.4538241,15.8670348],[-16.4535422,15.8670367],[-16.4532593,15.8669022],[-16.4529775,15.8669041],[-16.4526946,15.8667696],[-16.4529726,15.866222],[-16.4532525,15.8659473],[-16.4535363,15.8662182],[-16.4538163,15.8659435],[-16.4538143,15.8656707]]}},{"type":"Feature","properties":{"elevation":5.0},"geometry":{"type":"LineString","coordinates":[[-16.5117381,15.8650011],[-16.511878,15.8648637],[-16.5124438,15.8651326],[-16.5124918,15.8652686],[-16.5124938,15.8655415],[-16.5124489,15.8658146],[-16.5124509,15.8660875],[-16.5124999,15.86636],[-16.5122201,15.8666347],[-16.5121751,15.8669079],[-16.5121792,15.8674536],[-16.5118973,15.8674555],[-16.5116134,15.8671847],[-16.5118933,15.8669099],[-16.5118912,15.866637],[-16.5116073,15.8663662],[-16.5116053,15.8660934],[-16.5118871,15.8660914],[-16.512167,15.8658166],[-16.5118831,15.8655457],[-16.5116012,15.8655477],[-16.5115992,15.8652749],[-16.5117381,15.8650011]]}},{"type":"Feature","properties":{"elevation":5.0},"geometry":{"type":"LineString","coordinates":[[-16.4611412,15.8653485],[-16.4614231,15.8653466],[-16.4617063,15.8655266],[-16.4619888,15.8656156],[-16.4619908,15.8658884],[-16.4618518,15.8661622],[-16.4617116,15.8662541],[-16.4614297,15.866256],[-16.4612881,15.866166],[-16.4612861,15.8658932],[-16.4611432,15.8656213],[-16.4611412,15.8653485]]}},{"type":"Feature","properties":{"elevation":10.0},"geometry":{"type":"LineString","coordinates":[[-16.4749513,15.864982],[-16.4746714,15.8652567],[-16.4746734,15.8655296],[-16.4749573,15.8658005],[-16.4752392,15.8657986],[-16.4754251,15.8655244],[-16.4754231,15.8652516],[-16.4752332,15.8649801],[-16.4749513,15.864982]]}},{"type":"Feature","properties":{"elevation":5.0},"geometry":{"type":"LineString","coordinates":[[-16.520615013,15.86466606],[-16.520615013,15.864666061]]}},{"type":"Feature","properties":{"elevation":5.0},"geometry":{"type":"LineString","coordinates":[[-16.4467624,15.8650358],[-16.4460136,15.8654501],[-16.4458276,15.8657241],[-16.445641,15.8659073],[-16.4455853,15.8659986],[-16.4455731,15.8662715],[-16.4456456,15.8665439],[-16.4459294,15.8668149],[-16.4459333,15.8673605],[-16.4456533,15.8676352],[-16.4457492,15.8679074],[-16.4457982,15.86818],[-16.4457531,15.8684531],[-16.4456611,15.8687266],[-16.4465126,15.8695394],[-16.4467926,15.8692647],[-16.447143,15.8689895],[-16.4469746,15.868445],[-16.4471606,15.8681709],[-16.4473472,15.8679877],[-16.4476289,15.8679495],[-16.4476849,15.8678945],[-16.4477675,15.8676211],[-16.4476246,15.8673492],[-16.4473408,15.8670783],[-16.4474797,15.8668045],[-16.4474308,15.866532],[-16.4473349,15.8662598],[-16.447192,15.8659879],[-16.4471881,15.8654422],[-16.4473271,15.8651684],[-16.4470433,15.8648975],[-16.4467624,15.8650358]]}},{"type":"Feature","properties":{"elevation":5.0},"geometry":{"type":"LineString","coordinates":[[-16.5101273,15.8644666],[-16.5101827,15.8643298],[-16.5103246,15.8644653],[-16.5103287,15.8650109],[-16.5104717,15.8652828],[-16.5104778,15.8661012],[-16.5101959,15.8661032],[-16.5099161,15.866378],[-16.5099181,15.8666508],[-16.5096382,15.8669256],[-16.5090765,15.8672024],[-16.5089376,15.8674762],[-16.5090796,15.8676116],[-16.5093625,15.8677461],[-16.5096443,15.8677441],[-16.5096484,15.8682897],[-16.5090846,15.8682937],[-16.5088007,15.8680228],[-16.508237,15.8680267],[-16.508235,15.8677539],[-16.5083739,15.8674801],[-16.5086537,15.8672053],[-16.5087926,15.8669315],[-16.5090725,15.8666567],[-16.5090684,15.8661111],[-16.5093482,15.8658363],[-16.5093462,15.8655634],[-16.5092878,15.865291],[-16.5098099,15.8647417],[-16.5101273,15.8644666]]}},{"type":"Feature","properties":{"elevation":5.0},"geometry":{"type":"LineString","coordinates":[[-16.4898868,15.864334],[-16.4896069,15.8646088],[-16.4896149,15.8657001],[-16.4898988,15.865971],[-16.4901807,15.8659691],[-16.4907404,15.8654195],[-16.4901747,15.8651506],[-16.4901707,15.8646049],[-16.4898868,15.864334]]}},{"type":"Feature","properties":{"elevation":10.0},"geometry":{"type":"LineString","coordinates":[[-16.4912982,15.8645972],[-16.4913002,15.86487]]}},{"type":"Feature","properties":{"elevation":15.0},"geometry":{"type":"MultiLineString","coordinates":[[[-16.4450701,15.8649107],[-16.4450721,15.8651835]],[[-16.4450721,15.8651835],[-16.4452619,15.8654551],[-16.4452169,15.8657282],[-16.4450773,15.865911],[-16.444795,15.8658675],[-16.4447001,15.8657317],[-16.4446512,15.8654591],[-16.4447912,15.8653218],[-16.4450721,15.8651835]]]}},{"type":"Feature","properties":{"elevation":15.0},"geometry":{"type":"LineString","coordinates":[[-16.4760749,15.8644286],[-16.4766406,15.8646976],[-16.4766426,15.8649705],[-16.4763627,15.8652452],[-16.4760808,15.8652471],[-16.4760788,15.8649743],[-16.4759359,15.8647024],[-16.4760749,15.8644286]]}},{"type":"Feature","properties":{"elevation":20.0},"geometry":{"type":"LineString","coordinates":[[-16.4410279,15.8646647],[-16.4411209,15.8645277],[-16.4414024,15.8644804],[-16.4415916,15.864661],[-16.4414761,15.8649346],[-16.4414061,15.8650033],[-16.4411244,15.8650279],[-16.4410298,15.8649376],[-16.4410279,15.8646647]]}},{"type":"Feature","properties":{"elevation":5.0},"geometry":{"type":"LineString","coordinates":[[-16.5118709,15.8639088],[-16.5127165,15.8639029],[-16.5128595,15.8641747],[-16.5127206,15.8644485],[-16.5121568,15.8644525],[-16.5118729,15.8641816],[-16.5118709,15.8639088]]}},{"type":"Feature","properties":{"elevation":5.0},"geometry":{"type":"LineString","coordinates":[[-16.4980571,15.863732],[-16.4977773,15.8640067],[-16.4977793,15.8642796],[-16.4980632,15.8645504],[-16.4982021,15.8642766],[-16.4982001,15.8640038],[-16.4980571,15.863732]]}},{"type":"Feature","properties":{"elevation":5.0},"geometry":{"type":"LineString","coordinates":[[-16.4963659,15.8637437],[-16.496086,15.8640184],[-16.496088,15.8642913],[-16.4958082,15.864566],[-16.4956692,15.8648398],[-16.4958122,15.8651117],[-16.4960941,15.8651097],[-16.4963739,15.864835],[-16.4969357,15.8645582],[-16.4972175,15.8645563],[-16.4974974,15.8642815],[-16.4972135,15.8640106],[-16.4966498,15.8640145],[-16.4963659,15.8637437]]}},{"type":"Feature","properties":{"elevation":5.0},"geometry":{"type":"LineString","coordinates":[[-16.4636683,15.8639672],[-16.4633884,15.8642419],[-16.4636722,15.8645128],[-16.4639522,15.8642381],[-16.4636683,15.8639672]]}},{"type":"Feature","properties":{"elevation":5.0},"geometry":{"type":"LineString","coordinates":[[-16.4884714,15.8635252],[-16.4881915,15.8638],[-16.4884754,15.8640709],[-16.4887553,15.8637961],[-16.4884714,15.8635252]]}},{"type":"Feature","properties":{"elevation":10.0},"geometry":{"type":"LineString","coordinates":[[-16.4788897,15.8638637],[-16.4788916,15.8641366],[-16.4786098,15.8641385],[-16.4788897,15.8638637]]}},{"type":"Feature","properties":{"elevation":5.0},"geometry":{"type":"LineString","coordinates":[[-16.4828319,15.8632911],[-16.482552,15.8635658],[-16.482554,15.8638387],[-16.4828379,15.8641096],[-16.482558,15.8643843],[-16.4819943,15.8643882],[-16.4817144,15.864663],[-16.4819973,15.8647974],[-16.4821392,15.8649329],[-16.4822821,15.8652048],[-16.4828479,15.8654737],[-16.4831278,15.865199],[-16.4831238,15.8646533],[-16.4834076,15.8649242],[-16.4839714,15.8649203],[-16.4842493,15.8643727],[-16.4839654,15.8641019],[-16.4836835,15.8641038],[-16.4834037,15.8643785],[-16.4834017,15.8641057],[-16.4832587,15.8638338],[-16.4831158,15.863562],[-16.4828319,15.8632911]]}},{"type":"Feature","properties":{"elevation":5.0},"geometry":{"type":"LineString","coordinates":[[-16.4433701,15.8636942],[-16.4432301,15.8638315],[-16.4430911,15.8641053],[-16.4426703,15.864381],[-16.4425303,15.8645183],[-16.4424608,15.8646552],[-16.4423923,15.8649285],[-16.4422523,15.8650659],[-16.4421828,15.8652028],[-16.4421162,15.8657489],[-16.4419772,15.8660227],[-16.4416972,15.8662974],[-16.4415582,15.8665712],[-16.4416072,15.8668437],[-16.4417031,15.8671159],[-16.4414231,15.8673906],[-16.4410022,15.8676663],[-16.4408623,15.8678036],[-16.4405833,15.8682147],[-16.4405852,15.8684876],[-16.4403992,15.8687617],[-16.4403072,15.8690351],[-16.4403091,15.869308],[-16.4404238,15.86958],[-16.440454,15.8698527],[-16.4404578,15.8703984],[-16.4405068,15.8706709],[-16.4406027,15.8709431],[-16.4403227,15.8712178],[-16.4402683,15.871491],[-16.4403256,15.8716271],[-16.4406104,15.8720344],[-16.4407063,15.8723066],[-16.4407552,15.8725792],[-16.4408972,15.8727146],[-16.4410371,15.8725773],[-16.4411761,15.8723035],[-16.4412682,15.8720301],[-16.4413132,15.8717569],[-16.4411703,15.871485],[-16.4414503,15.8712103],[-16.4415893,15.8709365],[-16.4414464,15.8706646],[-16.4414445,15.8703918],[-16.4415835,15.870118],[-16.4414406,15.8698461],[-16.4415326,15.8695727],[-16.4415307,15.8692998],[-16.4417166,15.8690257],[-16.4419966,15.868751],[-16.4419946,15.8684782],[-16.4420867,15.8682047],[-16.4421317,15.8679316],[-16.4419888,15.8676597],[-16.4422688,15.867385],[-16.4425468,15.8668374],[-16.4425448,15.8665646],[-16.4426838,15.8662908],[-16.4429638,15.8660161],[-16.4431028,15.8657423],[-16.442911,15.8651979],[-16.442956,15.8649248],[-16.4433756,15.8644672],[-16.4436568,15.8643744],[-16.4438428,15.8641003],[-16.4439348,15.8638268],[-16.443651,15.8635559],[-16.4433701,15.8636942]]}},{"type":"Feature","properties":{"elevation":5.0},"geometry":{"type":"LineString","coordinates":[[-16.48706,15.8632621],[-16.4869211,15.8635359],[-16.487063,15.8636713],[-16.4873439,15.863533],[-16.48706,15.8632621]]}},{"type":"Feature","properties":{"elevation":5.0},"geometry":{"type":"LineString","coordinates":[[-16.470995141,15.863644674],[-16.470995142,15.863644673],[-16.470995142,15.863644674],[-16.470995141,15.863644674]]}},{"type":"Feature","properties":{"elevation":5.0},"geometry":{"type":"LineString","coordinates":[[-16.457746908,15.86373428],[-16.457746908,15.863734279],[-16.457746909,15.86373428],[-16.457746908,15.86373428]]}},{"type":"Feature","properties":{"elevation":5.0},"geometry":{"type":"LineString","coordinates":[[-16.4473167,15.8637133],[-16.4470355,15.8638061],[-16.4469435,15.8640796],[-16.4469454,15.8643524],[-16.4470404,15.8644882],[-16.4473232,15.8646228],[-16.4476032,15.864348],[-16.4476952,15.8640746],[-16.4475993,15.8638024],[-16.4473167,15.8637133]]}},{"type":"Feature","properties":{"elevation":15.0},"geometry":{"type":"MultiLineString","coordinates":[[[-16.4540825,15.8637589],[-16.4543644,15.863757],[-16.4543683,15.8643027]],[[-16.4543683,15.8643027],[-16.4546521,15.8645736],[-16.4543722,15.8648484],[-16.4542293,15.8645765],[-16.4543683,15.8643027]],[[-16.4543683,15.8643027],[-16.4543663,15.8640299],[-16.4540825,15.8637589]]]}},{"type":"Feature","properties":{"elevation":20.0},"geometry":{"type":"LineString","coordinates":[[-16.4385791,15.8638625],[-16.4391429,15.8638587],[-16.4392388,15.864131],[-16.4391453,15.8641998],[-16.4390039,15.8641325],[-16.438861,15.8638606],[-16.4385791,15.8638625]]}},{"type":"Feature","properties":{"elevation":5.0},"geometry":{"type":"LineString","coordinates":[[-16.5053811,15.8630445],[-16.5050999,15.8631374],[-16.5051019,15.8634103],[-16.5056677,15.8636792],[-16.5059495,15.8636772],[-16.5060885,15.8634034],[-16.5059465,15.863268],[-16.5056636,15.8631335],[-16.5053811,15.8630445]]}},{"type":"Feature","properties":{"elevation":5.0},"geometry":{"type":"LineString","coordinates":[[-16.4977692,15.8629154],[-16.4974893,15.8631902],[-16.4977732,15.8634611],[-16.498337,15.8634572],[-16.4986168,15.8631824],[-16.4983329,15.8629115],[-16.4977692,15.8629154]]}},{"type":"Feature","properties":{"elevation":5.0},"geometry":{"type":"LineString","coordinates":[[-16.4755022,15.8632047],[-16.4752213,15.8633431],[-16.4755052,15.863614],[-16.475785,15.8633392],[-16.4755022,15.8632047]]}},{"type":"Feature","properties":{"elevation":5.0},"geometry":{"type":"LineString","coordinates":[[-16.458026825,15.863459548],[-16.458026826,15.863459548]]}},{"type":"Feature","properties":{"elevation":10.0},"geometry":{"type":"LineString","coordinates":[[-16.4368852,15.8635099],[-16.436604,15.8636028],[-16.4363241,15.8638775],[-16.436326,15.8641503],[-16.436046,15.864425],[-16.436048,15.8646978],[-16.4363318,15.8649688],[-16.4363337,15.8652416],[-16.4364296,15.8655139],[-16.4364315,15.8657867],[-16.4365274,15.8660589],[-16.4367643,15.8663302],[-16.4369071,15.8666021],[-16.437467,15.8660527],[-16.4374651,15.8657798],[-16.437747,15.865778],[-16.437886,15.8655042],[-16.4377431,15.8652323],[-16.4376472,15.8649601],[-16.4377393,15.8646866],[-16.4376434,15.8644144],[-16.437383,15.8641433],[-16.4373106,15.8638709],[-16.4373087,15.8635981],[-16.4371668,15.8634626],[-16.4368852,15.8635099]]}},{"type":"Feature","properties":{"elevation":15.0},"geometry":{"type":"LineString","coordinates":[[-16.4492886,15.8635182],[-16.4492905,15.8637911],[-16.4490087,15.8637929],[-16.4492886,15.8635182]]}},{"type":"Feature","properties":{"elevation":15.0},"geometry":{"type":"MultiLineString","coordinates":[[[-16.4461879,15.863539],[-16.4461899,15.8638118],[-16.445909949651803,15.864086451288037]],[[-16.445909949651803,15.864086451288037],[-16.4459099,15.8640865],[-16.4459119,15.8643593],[-16.445909949651803,15.864086451288037]],[[-16.445909949651803,15.864086451288037],[-16.445908,15.8638137],[-16.4461879,15.863539]]]}},{"type":"Feature","properties":{"elevation":5.0},"geometry":{"type":"LineString","coordinates":[[-16.5213136,15.8638426],[-16.5206089,15.8638476],[-16.520325,15.8635767],[-16.5206068,15.8635748],[-16.5208867,15.8633],[-16.5208826,15.8627543],[-16.5211644,15.8627523],[-16.5214453,15.8626139],[-16.5215862,15.8626129]]}},{"type":"Feature","properties":{"elevation":5.0},"geometry":{"type":"LineString","coordinates":[[-16.513554,15.8628057],[-16.513603,15.8630782],[-16.5132762,15.8633533],[-16.5129943,15.8633552],[-16.5131332,15.8630814],[-16.5132731,15.862944],[-16.513554,15.8628057]]}},{"type":"Feature","properties":{"elevation":5.0},"geometry":{"type":"LineString","coordinates":[[-16.4850829,15.86273],[-16.484803,15.8630047],[-16.484805,15.8632776],[-16.4850889,15.8635485],[-16.4859345,15.8635427],[-16.4862144,15.8632679],[-16.4856467,15.8627261],[-16.4850829,15.86273]]}},{"type":"Feature","properties":{"elevation":5.0},"geometry":{"type":"LineString","coordinates":[[-16.5028409,15.8626074],[-16.5020013,15.8634318],[-16.5020134,15.8650688],[-16.5018745,15.8653426],[-16.5020175,15.8656144],[-16.5023004,15.8657489],[-16.5025812,15.8656105],[-16.5028611,15.8653357],[-16.5028591,15.8650629],[-16.5025752,15.864792],[-16.502855,15.8645172],[-16.502851,15.8639716],[-16.5031328,15.8639696],[-16.5034127,15.8636948],[-16.5034066,15.8628764],[-16.5028409,15.8626074]]}},{"type":"Feature","properties":{"elevation":5.0},"geometry":{"type":"LineString","coordinates":[[-16.4833897,15.8624687],[-16.4831098,15.8627435],[-16.4831118,15.8630163],[-16.4833957,15.8632872],[-16.4836775,15.8632853],[-16.4839574,15.8630105],[-16.4836746,15.862876],[-16.4835326,15.8627406],[-16.4833897,15.8624687]]}},{"type":"Feature","properties":{"elevation":5.0},"geometry":{"type":"LineString","coordinates":[[-16.511578841,15.862546613],[-16.511578842,15.862546612],[-16.511578842,15.862546613],[-16.511578841,15.862546613]]}},{"type":"Feature","properties":{"elevation":5.0},"geometry":{"type":"LineString","coordinates":[[-16.487054,15.8624436],[-16.4864943,15.8629931],[-16.4867782,15.863264],[-16.48706,15.8632621],[-16.4876198,15.8627126],[-16.4873359,15.8624417],[-16.487054,15.8624436]]}},{"type":"Feature","properties":{"elevation":15.0},"geometry":{"type":"MultiLineString","coordinates":[[[-16.4506941,15.8629631],[-16.450696,15.8632359]],[[-16.450696,15.8632359],[-16.4507919,15.8635081],[-16.4507939,15.863781],[-16.4507029,15.8641909],[-16.4504239,15.864602],[-16.450143,15.8647403],[-16.450003,15.8648777],[-16.4501459,15.8651496],[-16.4504298,15.8654205],[-16.4504317,15.8656933],[-16.4501518,15.8659681],[-16.4498699,15.86597],[-16.4495841,15.8654262],[-16.4493042,15.8657009]],[[-16.4493042,15.8657009],[-16.4493061,15.8659737]],[[-16.4493042,15.8657009],[-16.4490204,15.8654299]],[[-16.4490204,15.8654299],[-16.4487385,15.8654318]],[[-16.4490204,15.8654299],[-16.4493003,15.8651552],[-16.4492983,15.8648824],[-16.4498582,15.8643329],[-16.4498563,15.8640601],[-16.4501381,15.8640582],[-16.4504171,15.8636471],[-16.4505571,15.8635097],[-16.450696,15.8632359]]]}},{"type":"Feature","properties":{"elevation":0.0},"geometry":{"type":"LineString","coordinates":[[-16.4571734,15.8623739],[-16.4568934,15.8626486],[-16.4568974,15.8631943],[-16.4571805,15.8633743],[-16.4574621,15.8633269],[-16.457743,15.8631886],[-16.4577391,15.8626429],[-16.4574552,15.862372],[-16.4571734,15.8623739]]}},{"type":"Feature","properties":{"elevation":5.0},"geometry":{"type":"LineString","coordinates":[[-16.4732422,15.862538],[-16.4735261,15.8628089],[-16.4743717,15.8628032],[-16.4738119,15.8633527],[-16.4735281,15.8630818],[-16.4732472,15.8632201],[-16.4729643,15.8630856],[-16.4729623,15.8628128],[-16.4732422,15.862538]]}},{"type":"Feature","properties":{"elevation":5.0},"geometry":{"type":"LineString","coordinates":[[-16.467604726,15.862576299],[-16.467604726,15.8625763]]}},{"type":"Feature","properties":{"elevation":15.0},"geometry":{"type":"LineString","coordinates":[[-16.4360344,15.862788],[-16.4363163,15.8627861],[-16.4364592,15.863058],[-16.4363202,15.8633318],[-16.4360383,15.8633337],[-16.4358485,15.8630621],[-16.4360344,15.862788]]}},{"type":"Feature","properties":{"elevation":5.0},"geometry":{"type":"MultiLineString","coordinates":[[[-16.4687303,15.8622958],[-16.4690141,15.8625667]],[[-16.4690141,15.8625667],[-16.4690161,15.8628396]],[[-16.4690161,15.8628396],[-16.4692999,15.8631105],[-16.4695818,15.8631086],[-16.4698597,15.862561],[-16.4704235,15.8625572],[-16.4705664,15.862829],[-16.4704274,15.8631028],[-16.4698657,15.8633795],[-16.4698696,15.8639252],[-16.4698716,15.864198],[-16.4701554,15.8644689],[-16.4704373,15.864467],[-16.4701574,15.8647417],[-16.4698736,15.8644708],[-16.4695937,15.8647456],[-16.4695917,15.8644727],[-16.4693078,15.8642018],[-16.469026,15.8642037]],[[-16.469026,15.8642037],[-16.4681863,15.865028],[-16.4679024,15.864757],[-16.4676215,15.8648954],[-16.4674796,15.8647599],[-16.4678965,15.8639385],[-16.4681793,15.8640731],[-16.4684612,15.8640711],[-16.4687421,15.8639328],[-16.469026,15.8642037]],[[-16.469026,15.8642037],[-16.4693059,15.863929],[-16.4694448,15.8636552],[-16.4693019,15.8633833],[-16.4690181,15.8631124],[-16.4687362,15.8631143],[-16.4690161,15.8628396]]]}},{"type":"Feature","properties":{"elevation":5.0},"geometry":{"type":"LineString","coordinates":[[-16.5203127,15.8619398],[-16.5203147,15.8622126]]}},{"type":"Feature","properties":{"elevation":5.0},"geometry":{"type":"LineString","coordinates":[[-16.5124204,15.8619951],[-16.5127012,15.8618567],[-16.5129841,15.8619911],[-16.5129862,15.8622639],[-16.5128942,15.8625374],[-16.5127077,15.8627206],[-16.5124265,15.8628135],[-16.5121426,15.8625427],[-16.5122345,15.8622692],[-16.5124204,15.8619951]]}},{"type":"Feature","properties":{"elevation":5.0},"geometry":{"type":"LineString","coordinates":[[-16.4481523,15.862298],[-16.4480123,15.8624354],[-16.4481552,15.8627073],[-16.4482942,15.8624335],[-16.4481523,15.862298]]}},{"type":"Feature","properties":{"elevation":5.0},"geometry":{"type":"LineString","coordinates":[[-16.4442064,15.8623698],[-16.4439251,15.8624627],[-16.4436452,15.8627374],[-16.4435062,15.8630112],[-16.4436491,15.863283],[-16.4439329,15.863554],[-16.4442128,15.8632793],[-16.4444937,15.863141],[-16.4447753,15.8630936],[-16.4449156,15.8630017],[-16.4450555,15.8628644],[-16.445125,15.8627275],[-16.4450526,15.8624551],[-16.4447688,15.8621842],[-16.4444882,15.862368],[-16.4442064,15.8623698]]}},{"type":"Feature","properties":{"elevation":10.0},"geometry":{"type":"LineString","coordinates":[[-16.4754952,15.8622498],[-16.4757771,15.8622479],[-16.476061,15.8625188],[-16.4762039,15.8627907],[-16.4760636,15.8628826],[-16.4757811,15.8627936],[-16.4754996,15.8628501],[-16.4754052,15.8627961],[-16.4753093,15.8625239],[-16.4754952,15.8622498]]}},{"type":"Feature","properties":{"elevation":15.0},"geometry":{"type":"LineString","coordinates":[[-16.449844553,15.862423104],[-16.449844554,15.862423104],[-16.449844553,15.862423105],[-16.449844553,15.862423104]]}},{"type":"Feature","properties":{"elevation":10.0},"geometry":{"type":"LineString","coordinates":[[-16.4371562,15.861962],[-16.4370172,15.8622358],[-16.43716,15.8625077],[-16.43744,15.862233],[-16.4371562,15.861962]]}},{"type":"Feature","properties":{"elevation":15.0},"geometry":{"type":"LineString","coordinates":[[-16.4411025,15.8619358],[-16.4408225,15.8622105],[-16.4408245,15.8624833],[-16.4405426,15.8624852],[-16.4402626,15.8627599],[-16.4399846,15.8633074],[-16.4397047,15.8635822],[-16.4395939,15.8638557],[-16.4395958,15.8641286],[-16.4395226,15.8644019],[-16.4394293,15.8644935],[-16.4391487,15.8646772],[-16.4391506,15.8649501],[-16.4397182,15.865492],[-16.4400001,15.8654901],[-16.440562,15.8652135],[-16.4405581,15.8646679],[-16.4406501,15.8643944],[-16.4408361,15.8641203],[-16.441116,15.8638456],[-16.4416798,15.8638419],[-16.4417718,15.8635684],[-16.4417679,15.8630227],[-16.441672,15.8627505],[-16.4413882,15.8624796],[-16.4415272,15.8622058],[-16.4413843,15.8619339],[-16.4411025,15.8619358]]}},{"type":"Feature","properties":{"elevation":5.0},"geometry":{"type":"LineString","coordinates":[[-16.4718269,15.8617291],[-16.4721088,15.8617272],[-16.4723926,15.8619981],[-16.4723946,15.8622709],[-16.4721127,15.8622729],[-16.4718289,15.8620019],[-16.4718269,15.8617291]]}},{"type":"Feature","properties":{"elevation":5.0},"geometry":{"type":"LineString","coordinates":[[-16.4966296,15.8612862],[-16.4963498,15.861561],[-16.4966337,15.8618319],[-16.4969155,15.86183],[-16.4971954,15.8615552],[-16.4969115,15.8612843],[-16.4966296,15.8612862]]}},{"type":"Feature","properties":{"elevation":5.0},"geometry":{"type":"LineString","coordinates":[[-16.4864823,15.8613561],[-16.4862024,15.8616309],[-16.4864863,15.8619018],[-16.4867662,15.861627],[-16.4864823,15.8613561]]}},{"type":"Feature","properties":{"elevation":15.0},"geometry":{"type":"LineString","coordinates":[[-16.4780281,15.8616869],[-16.47831,15.8616849],[-16.478312,15.8619578],[-16.4780311,15.8620961],[-16.4777482,15.8619616],[-16.4780281,15.8616869]]}},{"type":"Feature","properties":{"elevation":20.0},"geometry":{"type":"LineString","coordinates":[[-16.4340555,15.8619826],[-16.4343374,15.8619807],[-16.4344803,15.8622526],[-16.4343398,15.8623217],[-16.4340581,15.8623463],[-16.4339635,15.862256],[-16.4340555,15.8619826]]}},{"type":"Feature","properties":{"elevation":5.0},"geometry":{"type":"LineString","coordinates":[[-16.4997282,15.860992],[-16.4994483,15.8612667],[-16.4994503,15.8615396],[-16.5000181,15.8620813],[-16.4997383,15.8623561],[-16.5000222,15.862627],[-16.500304,15.862625],[-16.5005879,15.8628959],[-16.5011496,15.8626192],[-16.5008637,15.8620755],[-16.5008577,15.861257],[-16.5005738,15.8609861],[-16.5002939,15.8612609],[-16.5000121,15.8612628],[-16.4997282,15.860992]]}},{"type":"Feature","properties":{"elevation":5.0},"geometry":{"type":"LineString","coordinates":[[-16.472952426,15.861448605],[-16.472952427,15.861448605]]}},{"type":"Feature","properties":{"elevation":15.0},"geometry":{"type":"LineString","coordinates":[[-16.4506843,15.8615989],[-16.4509662,15.861597],[-16.4511091,15.8618689],[-16.4509701,15.8621427],[-16.4506882,15.8621446],[-16.4506843,15.8615989]]}},{"type":"Feature","properties":{"elevation":15.0},"geometry":{"type":"LineString","coordinates":[[-16.4467381,15.8616253],[-16.4470199,15.8616235],[-16.4473038,15.8618944],[-16.4473057,15.8621672],[-16.4471667,15.862441],[-16.4470264,15.8625329],[-16.4467452,15.8626257],[-16.446463,15.8625821],[-16.4461801,15.8624476],[-16.4461763,15.8619019],[-16.4467381,15.8616253]]}},{"type":"Feature","properties":{"elevation":5.0},"geometry":{"type":"LineString","coordinates":[[-16.4985987,15.8607269],[-16.498039,15.8612765],[-16.4986047,15.8615454],[-16.4986088,15.8620911],[-16.4987517,15.8623629],[-16.4987537,15.8626358],[-16.4986148,15.8629096],[-16.4988987,15.8631805],[-16.4991806,15.8631785],[-16.4994604,15.8629037],[-16.4997423,15.8629018],[-16.5000222,15.862627],[-16.4991705,15.8618144],[-16.4991685,15.8615415],[-16.4988846,15.8612707],[-16.4988826,15.8609978],[-16.4985987,15.8607269]]}},{"type":"Feature","properties":{"elevation":10.0},"geometry":{"type":"LineString","coordinates":[[-16.4365876,15.8612836],[-16.4363067,15.8614219],[-16.4365895,15.8615565],[-16.4366825,15.8614194],[-16.4365876,15.8612836]]}},{"type":"Feature","properties":{"elevation":0.0},"geometry":{"type":"LineString","coordinates":[[-16.5110002,15.8605498],[-16.5109069,15.8606414],[-16.5110029,15.8609136],[-16.5112827,15.8606388],[-16.5110002,15.8605498]]}},{"type":"Feature","properties":{"elevation":5.0},"geometry":{"type":"LineString","coordinates":[[-16.520020603,15.860577632],[-16.520020604,15.860577632]]}},{"type":"Feature","properties":{"elevation":5.0},"geometry":{"type":"LineString","coordinates":[[-16.4329203,15.8608987],[-16.4327813,15.8611724],[-16.4329232,15.8613079],[-16.4332041,15.8611696],[-16.4329203,15.8608987]]}},{"type":"Feature","properties":{"elevation":10.0},"geometry":{"type":"LineString","coordinates":[[-16.4954981,15.8607484],[-16.49578,15.8607464],[-16.495782,15.8610193],[-16.495878,15.8612914],[-16.495786,15.8615649],[-16.4955048,15.8616578],[-16.4952223,15.8615688],[-16.4949384,15.8612979],[-16.4946565,15.8612999],[-16.4946545,15.861027],[-16.4952183,15.8610232],[-16.4954981,15.8607484]]}},{"type":"Feature","properties":{"elevation":10.0},"geometry":{"type":"LineString","coordinates":[[-16.4450421,15.8609818],[-16.444902,15.8610919],[-16.4448569,15.8613651],[-16.4450468,15.8616366],[-16.4453287,15.8616348],[-16.4456093,15.861451],[-16.4457495,15.8613591],[-16.4458885,15.8610853],[-16.4456057,15.8609508],[-16.4453235,15.8609072],[-16.4450421,15.8609818]]}},{"type":"Feature","properties":{"elevation":15.0},"geometry":{"type":"Point","coordinates":[-16.437150369,15.861143488]}},{"type":"Feature","properties":{"elevation":5.0},"geometry":{"type":"MultiLineString","coordinates":[[[-16.4644903,15.8606875],[-16.4647722,15.8606856],[-16.465056,15.8609565],[-16.465058,15.8612293],[-16.4653418,15.8615002],[-16.4659076,15.8617693],[-16.4659095,15.8620421],[-16.4661934,15.862313],[-16.4660544,15.8625868],[-16.4661034,15.8628593],[-16.4660584,15.8631325],[-16.4662013,15.8634043],[-16.4664851,15.8636753],[-16.4656395,15.863681],[-16.4653596,15.8639557],[-16.4653635,15.8645014],[-16.4656474,15.8647723],[-16.4656493,15.8650452],[-16.4653694,15.8653199],[-16.4650866,15.8651854],[-16.4648047,15.8651873],[-16.4645238,15.8653256],[-16.4645258,15.8655985],[-16.4642459,15.8658732],[-16.463964,15.8658751],[-16.4636801,15.8656042],[-16.4638191,15.8653304],[-16.4636772,15.8651949],[-16.4633943,15.8650604],[-16.4631105,15.8647895],[-16.4628246,15.8642457]],[[-16.4628246,15.8642457],[-16.4622609,15.8642495],[-16.46198,15.8643879],[-16.4616971,15.8642533],[-16.461977,15.8639786],[-16.4625408,15.8639748],[-16.4628246,15.8642457]],[[-16.4628246,15.8642457],[-16.4631065,15.8642438],[-16.4633864,15.8639691],[-16.4636644,15.8634215],[-16.4636624,15.8631487],[-16.4633786,15.8628777],[-16.4633766,15.8626049],[-16.4636565,15.8623302],[-16.4636545,15.8620573],[-16.4642183,15.8620535],[-16.4644982,15.8617788],[-16.4642143,15.8615079],[-16.4640714,15.861236],[-16.4642104,15.8609622],[-16.4644903,15.8606875]]]}},{"type":"Feature","properties":{"elevation":5.0},"geometry":{"type":"LineString","coordinates":[[-16.4625172,15.8607008],[-16.4627991,15.8606989],[-16.462803,15.8612446],[-16.4625231,15.8615193],[-16.4622393,15.8612484],[-16.4622373,15.8609755],[-16.4625172,15.8607008]]}},{"type":"Feature","properties":{"elevation":10.0},"geometry":{"type":"LineString","coordinates":[[-16.489295,15.8605183],[-16.4895769,15.8605163],[-16.4897198,15.8607882],[-16.4898647,15.8613329],[-16.4898667,15.8616057],[-16.4904345,15.8621475],[-16.4904365,15.8624203],[-16.4910043,15.8629621],[-16.4910083,15.8635078],[-16.4907264,15.8635097],[-16.4901586,15.8629679],[-16.4901546,15.8624223],[-16.4895869,15.8618805],[-16.4894909,15.8616083],[-16.4893017,15.8614277],[-16.4891601,15.8613377],[-16.4890171,15.8610659],[-16.4890151,15.8607931],[-16.489295,15.8605183]]}},{"type":"Feature","properties":{"elevation":5.0},"geometry":{"type":"LineString","coordinates":[[-16.4331993,15.8604876],[-16.4330593,15.8606249],[-16.4329203,15.8608987],[-16.4332041,15.8611696],[-16.433764,15.8606202],[-16.4334802,15.8603493],[-16.4331993,15.8604876]]}},{"type":"Feature","properties":{"elevation":5.0},"geometry":{"type":"LineString","coordinates":[[-16.5124061,15.8600853],[-16.5129699,15.8600813],[-16.512878,15.8603548],[-16.51288,15.8606276],[-16.512835,15.8609008],[-16.5126951,15.8610382],[-16.5121334,15.861315],[-16.5119915,15.8611795],[-16.5119425,15.860907],[-16.5121263,15.8603601],[-16.5124061,15.8600853]]}},{"type":"Feature","properties":{"elevation":5.0},"geometry":{"type":"LineString","coordinates":[[-16.4856267,15.8599978],[-16.4854878,15.8602716],[-16.4856307,15.8605435],[-16.4859126,15.8605415],[-16.4861924,15.8602668],[-16.4859086,15.8599959],[-16.4856267,15.8599978]]}},{"type":"Feature","properties":{"elevation":10.0},"geometry":{"type":"LineString","coordinates":[[-16.4754813,15.86034],[-16.4757622,15.8602017],[-16.4760451,15.8603362],[-16.4754853,15.8608857],[-16.4754813,15.86034]]}},{"type":"Feature","properties":{"elevation":15.0},"geometry":{"type":"LineString","coordinates":[[-16.4477168,15.8605274],[-16.4478573,15.8604583],[-16.4481387,15.8603882],[-16.4484222,15.8606136],[-16.4484939,15.8607951],[-16.4484243,15.8609047],[-16.4478617,15.8610721],[-16.4475779,15.8608012],[-16.4477168,15.8605274]]}},{"type":"Feature","properties":{"elevation":0.0},"geometry":{"type":"LineString","coordinates":[[-16.5118383,15.8595435],[-16.5117464,15.859817],[-16.5117485,15.8600899],[-16.5118444,15.860362],[-16.5119813,15.8598154],[-16.5118383,15.8595435]]}},{"type":"Feature","properties":{"elevation":5.0},"geometry":{"type":"LineString","coordinates":[[-16.487034,15.8597153],[-16.4867562,15.8602629],[-16.48704,15.8605338],[-16.4875998,15.8599843],[-16.4873159,15.8597134],[-16.487034,15.8597153]]}},{"type":"Feature","properties":{"elevation":5.0},"geometry":{"type":"LineString","coordinates":[[-16.4861884,15.8597211],[-16.4859086,15.8599959],[-16.4861924,15.8602668],[-16.4864723,15.859992],[-16.4861884,15.8597211]]}},{"type":"Feature","properties":{"elevation":5.0},"geometry":{"type":"LineString","coordinates":[[-16.456312054,15.860196926],[-16.456312054,15.860196925],[-16.456312055,15.860196926],[-16.456312054,15.860196926]]}},{"type":"Feature","properties":{"elevation":5.0},"geometry":{"type":"LineString","coordinates":[[-16.4836496,15.8594657],[-16.4833697,15.8597404],[-16.4833717,15.8600133],[-16.4836556,15.8602842],[-16.4839385,15.8604186],[-16.4842193,15.8602803],[-16.4844972,15.8597327],[-16.4842133,15.8594618],[-16.4836496,15.8594657]]}},{"type":"Feature","properties":{"elevation":5.0},"geometry":{"type":"LineString","coordinates":[[-16.514093268,15.859527794],[-16.514093268,15.859527795]]}},{"type":"Feature","properties":{"elevation":5.0},"geometry":{"type":"LineString","coordinates":[[-16.4875958,15.8594386],[-16.4873159,15.8597134],[-16.4875998,15.8599843],[-16.4877387,15.8597105],[-16.4875958,15.8594386]]}},{"type":"Feature","properties":{"elevation":5.0},"geometry":{"type":"MultiLineString","coordinates":[[[-16.4718111,15.8595464],[-16.4723788,15.8600883],[-16.472378801575687,15.860088299989098]],[[-16.472378801575687,15.860088299989098],[-16.4729425,15.8600844],[-16.4726626,15.8603592],[-16.472378801575687,15.860088299989098]],[[-16.472378801575687,15.860088299989098],[-16.4718111,15.8595464]]]}},{"type":"Feature","properties":{"elevation":10.0},"geometry":{"type":"LineString","coordinates":[[-16.4905084,15.8594186],[-16.490695,15.8592354],[-16.4909772,15.8592789],[-16.4915429,15.8595479],[-16.4918251,15.8595914],[-16.492107,15.8595895],[-16.4922486,15.8596794],[-16.4925325,15.8599503],[-16.4926754,15.8602222],[-16.4926774,15.860495],[-16.4923956,15.8604969],[-16.4921127,15.8603625],[-16.4918308,15.8603644],[-16.4915499,15.8605028],[-16.491552,15.8607756],[-16.4909882,15.8607795],[-16.4907043,15.8605086],[-16.4905614,15.8602367],[-16.4905124,15.8599642],[-16.4905574,15.8596911],[-16.4905084,15.8594186]]}},{"type":"Feature","properties":{"elevation":10.0},"geometry":{"type":"LineString","coordinates":[[-16.4884414,15.8594328],[-16.4887222,15.8592944],[-16.4888642,15.8594299],[-16.4890071,15.8597017],[-16.4890091,15.8599746],[-16.4884434,15.8597056],[-16.4884414,15.8594328]]}},{"type":"Feature","properties":{"elevation":10.0},"geometry":{"type":"LineString","coordinates":[[-16.5219261,15.8596093],[-16.5218915,15.8594731],[-16.5218895,15.8592003],[-16.5219827,15.8591087],[-16.5221237,15.8591077]]}},{"type":"Feature","properties":{"elevation":10.0},"geometry":{"type":"LineString","coordinates":[[-16.4534894,15.8596702],[-16.4537713,15.8596683],[-16.4537732,15.8599411],[-16.4534894,15.8596702]]}},{"type":"Feature","properties":{"elevation":15.0},"geometry":{"type":"LineString","coordinates":[[-16.438832,15.8597681],[-16.4391138,15.8597662],[-16.4392567,15.8600381],[-16.4392117,15.8603113],[-16.4391196,15.8605847],[-16.4388387,15.860723],[-16.4385569,15.8607249],[-16.4382766,15.8609541],[-16.4379941,15.860865],[-16.4378512,15.8605931],[-16.4379902,15.8603194],[-16.4382701,15.8600447],[-16.438832,15.8597681]]}},{"type":"Feature","properties":{"elevation":5.0},"geometry":{"type":"LineString","coordinates":[[-16.4825181,15.8589277],[-16.4822383,15.8592025],[-16.4822403,15.8594753],[-16.4825231,15.8596098],[-16.482805,15.8596079],[-16.4830859,15.8594695],[-16.4825181,15.8589277]]}},{"type":"Feature","properties":{"elevation":5.0},"geometry":{"type":"LineString","coordinates":[[-16.51183428,15.858997895],[-16.51183428,15.858997894]]}},{"type":"Feature","properties":{"elevation":10.0},"geometry":{"type":"LineString","coordinates":[[-16.461661746,15.859342343],[-16.461661747,15.859342343]]}},{"type":"Feature","properties":{"elevation":15.0},"geometry":{"type":"LineString","coordinates":[[-16.447849992,15.859435124],[-16.447849992,15.859435125]]}},{"type":"Feature","properties":{"elevation":5.0},"geometry":{"type":"LineString","coordinates":[[-16.4856167,15.8586336],[-16.4853368,15.8589084],[-16.4853388,15.8591812],[-16.4859066,15.859723],[-16.4861864,15.8594483],[-16.4859026,15.8591774],[-16.4859006,15.8589045],[-16.4856167,15.8586336]]}},{"type":"Feature","properties":{"elevation":5.0},"geometry":{"type":"LineString","coordinates":[[-16.501965,15.8585209],[-16.5016851,15.8587957],[-16.5011234,15.8590724],[-16.5016912,15.8596142],[-16.501973,15.8596122],[-16.5022529,15.8593374],[-16.5022488,15.8587918],[-16.501965,15.8585209]]}},{"type":"Feature","properties":{"elevation":5.0},"geometry":{"type":"LineString","coordinates":[[-16.4836416,15.8583743],[-16.4833618,15.8586491],[-16.4842133,15.8594618],[-16.4844952,15.8594599],[-16.485055,15.8589103],[-16.4847711,15.8586394],[-16.4844882,15.858505],[-16.4839245,15.8585088],[-16.4836416,15.8583743]]}},{"type":"Feature","properties":{"elevation":10.0},"geometry":{"type":"LineString","coordinates":[[-16.4467167,15.8586242],[-16.4466246,15.8588976],[-16.4467206,15.8591698],[-16.4468595,15.858896],[-16.4467167,15.8586242]]}},{"type":"Feature","properties":{"elevation":15.0},"geometry":{"type":"LineString","coordinates":[[-16.430088,15.8590074],[-16.4303699,15.8590056],[-16.4306537,15.8592766],[-16.4309356,15.8592747],[-16.4309375,15.8595475],[-16.4306556,15.8595494],[-16.4300957,15.8600988],[-16.4298139,15.8601007],[-16.4298119,15.8598278],[-16.4297395,15.8595554],[-16.4297376,15.8592826],[-16.4298071,15.8591457],[-16.430088,15.8590074]]}},{"type":"Feature","properties":{"elevation":5.0},"geometry":{"type":"LineString","coordinates":[[-16.4695462,15.8581976],[-16.4692663,15.8584723],[-16.469834,15.8590142],[-16.4701139,15.8587394],[-16.4701119,15.8584666],[-16.4698281,15.8581957],[-16.4695462,15.8581976]]}},{"type":"Feature","properties":{"elevation":5.0},"geometry":{"type":"LineString","coordinates":[[-16.5185459,15.8581324],[-16.5185919,15.8579957],[-16.5188748,15.8581301],[-16.5185939,15.8582685],[-16.5185459,15.8581324]]}},{"type":"Feature","properties":{"elevation":10.0},"geometry":{"type":"LineString","coordinates":[[-16.4469966,15.8583494],[-16.4467167,15.8586242],[-16.4469995,15.8587587],[-16.4472804,15.8586204],[-16.4469966,15.8583494]]}},{"type":"Feature","properties":{"elevation":10.0},"geometry":{"type":"MultiLineString","coordinates":[[[-16.4283925,15.8584047],[-16.428252,15.8584739],[-16.42825278836953,15.858587093267287]],[[-16.42906231916908,15.859649249996144],[-16.4292463,15.8595587],[-16.4293383,15.8592852],[-16.4293834,15.8590121],[-16.4293814,15.8587393],[-16.4292386,15.8584674],[-16.4289561,15.8583783],[-16.4286739,15.8583347],[-16.4283925,15.8584047]]]}},{"type":"Feature","properties":{"elevation":10.0},"geometry":{"type":"LineString","coordinates":[[-16.4543252,15.8583003],[-16.4546071,15.8582985]]}},{"type":"Feature","properties":{"elevation":15.0},"geometry":{"type":"LineString","coordinates":[[-16.4362854,15.8584207],[-16.4365663,15.8582824],[-16.4368482,15.8582806],[-16.437131,15.8584151],[-16.4374148,15.8586861],[-16.436853,15.8589627],[-16.4365731,15.8592374],[-16.4362922,15.8593757],[-16.4357284,15.8593794],[-16.4355885,15.8595168],[-16.4357313,15.8597887],[-16.4362989,15.8603306],[-16.4363009,15.8606034],[-16.4360209,15.8608781],[-16.4358819,15.8611519],[-16.4357423,15.8613347],[-16.435602,15.8614266],[-16.435322,15.8617013],[-16.435277,15.8619745],[-16.4351849,15.8622479],[-16.434905,15.8625226],[-16.4346238,15.8626154],[-16.4343432,15.8627992],[-16.4340651,15.8633467],[-16.4338557,15.863621],[-16.433977,15.8641659],[-16.4337903,15.864349],[-16.4335091,15.8644418],[-16.4333192,15.8641702],[-16.4333173,15.8638974],[-16.4331255,15.863353],[-16.4332176,15.8630795],[-16.4334036,15.8628054],[-16.4335641,15.8622587],[-16.433773,15.8618935],[-16.4342396,15.8614356],[-16.4343316,15.8611622],[-16.4346096,15.8606146],[-16.4348896,15.8603399],[-16.4348857,15.8597943],[-16.4350247,15.8595205],[-16.4351647,15.8593831],[-16.4354456,15.8592449],[-16.4355846,15.8589711],[-16.4356296,15.8586979],[-16.435723,15.8586064],[-16.4362854,15.8584207]]}},{"type":"Feature","properties":{"elevation":15.0},"geometry":{"type":"LineString","coordinates":[[-16.479693492,15.85812851],[-16.479693492,15.858128509],[-16.479693493,15.85812851],[-16.479693492,15.85812851]]}},{"type":"Feature","properties":{"elevation":0.0},"geometry":{"type":"LineString","coordinates":[[-16.4768708,15.8576021],[-16.4767319,15.8578759],[-16.4768738,15.8580113],[-16.4771547,15.857873],[-16.4768708,15.8576021]]}},{"type":"Feature","properties":{"elevation":5.0},"geometry":{"type":"MultiLineString","coordinates":[[[-16.5135153,15.8576219],[-16.513519367155407,15.858167632246138]],[[-16.513519367155407,15.858167632246138],[-16.5135214,15.8584404],[-16.5132416,15.8587152],[-16.5132395,15.8584424],[-16.513519367155407,15.858167632246138]],[[-16.513519367155407,15.858167632246138],[-16.5135194,15.8581676],[-16.5135153,15.8576219]]]}},{"type":"Feature","properties":{"elevation":5.0},"geometry":{"type":"LineString","coordinates":[[-16.4670055,15.8576691],[-16.4667256,15.8579439],[-16.4667295,15.8584895],[-16.4670134,15.8587605],[-16.4675771,15.8587566],[-16.467858,15.8586183],[-16.4679979,15.8584809],[-16.4681369,15.8582072],[-16.4675692,15.8576653],[-16.4670055,15.8576691]]}},{"type":"Feature","properties":{"elevation":5.0},"geometry":{"type":"LineString","coordinates":[[-16.5081599,15.8576593],[-16.5084418,15.8576573],[-16.5084438,15.8579302],[-16.5081619,15.8579321],[-16.5081599,15.8576593]]}},{"type":"Feature","properties":{"elevation":5.0},"geometry":{"type":"LineString","coordinates":[[-16.4966015,15.8574666],[-16.4963216,15.8577414],[-16.4966055,15.8580123],[-16.4968853,15.8577375],[-16.4966015,15.8574666]]}},{"type":"Feature","properties":{"elevation":5.0},"geometry":{"type":"LineString","coordinates":[[-16.4748978,15.8576155],[-16.4746179,15.8578903],[-16.4749017,15.8581612],[-16.4751816,15.8578864],[-16.4748978,15.8576155]]}},{"type":"Feature","properties":{"elevation":15.0},"geometry":{"type":"MultiLineString","coordinates":[[[-16.4416391,15.8581123],[-16.44192,15.857974],[-16.4422015,15.8579267],[-16.4426256,15.8581057],[-16.4426276,15.8583786],[-16.4420677,15.858928],[-16.4416468,15.8592037],[-16.4416488,15.8594765],[-16.4419326,15.8597475],[-16.4422145,15.8597456],[-16.4425002,15.8602894],[-16.4425021,15.8605622],[-16.4423162,15.8608363],[-16.4422229,15.8609279],[-16.4416604,15.8611135],[-16.4416662,15.861932],[-16.4425138,15.8621992],[-16.4427937,15.8619245],[-16.4427918,15.8616517],[-16.4429308,15.8613779],[-16.4433507,15.8609658],[-16.4436316,15.8608275],[-16.4439135,15.8608256],[-16.4441973,15.8610966],[-16.4441992,15.8613694],[-16.4439193,15.8616442],[-16.4433565,15.8617843],[-16.4432165,15.8619217],[-16.4428559,15.8627426],[-16.442576,15.8630173],[-16.4425779,15.8632902],[-16.4425235,15.8635634],[-16.4423375,15.8638375],[-16.4419636,15.8641128],[-16.4419655,15.8643857],[-16.4416888,15.8651151],[-16.4414089,15.8653898],[-16.4412686,15.8654817],[-16.4410356,15.8657561],[-16.4411315,15.8660283],[-16.4408516,15.866303],[-16.4407831,15.8665763],[-16.4407991,15.8668491],[-16.4406695,15.8671228],[-16.4397318,15.8674019],[-16.4395889,15.86713],[-16.43954,15.8668574],[-16.4396555,15.8665838],[-16.4395831,15.8663115],[-16.4394412,15.866176],[-16.4391584,15.8660414],[-16.4385907,15.8654995],[-16.4384478,15.8652276],[-16.4385868,15.8649538],[-16.438583,15.8644082],[-16.4380179,15.86423],[-16.4377344,15.8640045],[-16.437663,15.8638686],[-16.4378255,15.8635946],[-16.4377296,15.8633224],[-16.4378686,15.8630487],[-16.4380086,15.8629113],[-16.4382895,15.862773],[-16.4385714,15.8627711],[-16.4387142,15.863043],[-16.4388561,15.8631785],[-16.439139,15.8633131],[-16.4397008,15.8630365],[-16.4399808,15.8627618],[-16.4396969,15.8624908],[-16.439415134647987,15.862492665995708]],[[-16.439415134647987,15.862492665995708],[-16.4388513,15.8624964],[-16.4394151,15.8624927],[-16.439415134647987,15.862492665995708]],[[-16.439415134647987,15.862492665995708],[-16.439695,15.862218],[-16.4405406,15.8622124],[-16.4408206,15.8619376],[-16.4407247,15.8616654],[-16.4405348,15.8613938],[-16.440251,15.8611229]],[[-16.440251,15.8611229],[-16.4399691,15.8611248],[-16.4396892,15.8613995],[-16.4394083,15.8615378],[-16.439128,15.861767],[-16.4389864,15.861677],[-16.4390315,15.8614038],[-16.4391245,15.8612668],[-16.4394054,15.8611285],[-16.440251,15.8611229]],[[-16.440251,15.8611229],[-16.44039,15.8608491],[-16.44067,15.8605744],[-16.440809,15.8603006],[-16.4402413,15.8597587],[-16.4402394,15.8594859],[-16.4405213,15.859484],[-16.4408019,15.8593002],[-16.4410837,15.8592984],[-16.441224,15.8592065],[-16.4412201,15.8586608],[-16.4413591,15.858387],[-16.4416391,15.8581123]]]}},{"type":"Feature","properties":{"elevation":5.0},"geometry":{"type":"LineString","coordinates":[[-16.5002637,15.8571685],[-16.4994241,15.8579928],[-16.499708,15.8582637],[-16.4994282,15.8585385],[-16.4994302,15.8588113],[-16.4988705,15.8593609],[-16.4985896,15.8594992],[-16.4983078,15.8595012],[-16.4981678,15.8596386],[-16.4981698,15.8599114],[-16.4983118,15.8600468],[-16.4985947,15.8601813],[-16.5005677,15.8601676],[-16.5008456,15.85962],[-16.5008435,15.8593472],[-16.5011234,15.8590724],[-16.5011194,15.8585267],[-16.5008355,15.8582559],[-16.5011153,15.8579811],[-16.5011133,15.8577083],[-16.5005455,15.8571665],[-16.5002637,15.8571685]]}},{"type":"Feature","properties":{"elevation":10.0},"geometry":{"type":"Point","coordinates":[-16.481944447,15.85756743]}},{"type":"Feature","properties":{"elevation":5.0},"geometry":{"type":"LineString","coordinates":[[-16.5137931,15.8570743],[-16.5140749,15.8570724],[-16.5137951,15.8573472],[-16.5137931,15.8570743]]}},{"type":"Feature","properties":{"elevation":5.0},"geometry":{"type":"LineString","coordinates":[[-16.4689756,15.8572465],[-16.4686947,15.8573848],[-16.4685557,15.8576586],[-16.4686987,15.8579305],[-16.4692624,15.8579267],[-16.4695423,15.8576519],[-16.4695403,15.8573791],[-16.4692565,15.8571082],[-16.4689756,15.8572465]]}},{"type":"Feature","properties":{"elevation":10.0},"geometry":{"type":"LineString","coordinates":[[-16.4326134,15.8573537],[-16.4325213,15.8576271],[-16.4324763,15.8579003],[-16.4326191,15.8581722],[-16.4328991,15.8578975],[-16.4328972,15.8576246],[-16.4326134,15.8573537]]}},{"type":"Feature","properties":{"elevation":10.0},"geometry":{"type":"LineString","coordinates":[[-16.4585455,15.8571806],[-16.4588264,15.8570423],[-16.4591082,15.8570404],[-16.4593921,15.8573113],[-16.459487,15.8574471],[-16.459394,15.8575841],[-16.4591131,15.8577224],[-16.4588332,15.8579972],[-16.4592619,15.8588128],[-16.4591229,15.8590866],[-16.4594058,15.8592211],[-16.4596896,15.8594921],[-16.4597846,15.8596279],[-16.4596913,15.8597194],[-16.45941,15.8598123],[-16.4588489,15.8601799],[-16.4585661,15.8600453],[-16.4582842,15.8600472],[-16.4580033,15.8601855],[-16.4577214,15.8601874],[-16.4580013,15.8599127],[-16.4577175,15.8596418],[-16.4577136,15.8590961],[-16.4578526,15.8588223],[-16.4578506,15.8585495],[-16.4579896,15.8582757],[-16.4582695,15.858001],[-16.4582656,15.8574553],[-16.4585455,15.8571806]]}},{"type":"Feature","properties":{"elevation":5.0},"geometry":{"type":"LineString","coordinates":[[-16.5129434,15.8565346],[-16.5129455,15.8568074]]}},{"type":"Feature","properties":{"elevation":5.0},"geometry":{"type":"Point","coordinates":[-16.519424183,15.856216372]}},{"type":"Feature","properties":{"elevation":5.0},"geometry":{"type":"LineString","coordinates":[[-16.513786978,15.856255844],[-16.513786979,15.856255844]]}},{"type":"Feature","properties":{"elevation":5.0},"geometry":{"type":"LineString","coordinates":[[-16.5011012,15.8560713],[-16.5008213,15.8563461],[-16.5011052,15.8566169],[-16.5013871,15.856615],[-16.5016669,15.8563402],[-16.5013831,15.8560693],[-16.5011012,15.8560713]]}},{"type":"Feature","properties":{"elevation":5.0},"geometry":{"type":"LineString","coordinates":[[-16.4963095,15.8561044],[-16.4961706,15.8563782],[-16.4963136,15.8566501],[-16.4965954,15.8566482],[-16.4968753,15.8563734],[-16.4965914,15.8561025],[-16.4963095,15.8561044]]}},{"type":"Feature","properties":{"elevation":5.0},"geometry":{"type":"Point","coordinates":[-16.476581034,15.856512683]}},{"type":"Feature","properties":{"elevation":5.0},"geometry":{"type":"LineString","coordinates":[[-16.5226639,15.8559663],[-16.5225229,15.8559672],[-16.5222428,15.8561966],[-16.5222822,15.8563327],[-16.5223853,15.85641]]}},{"type":"Feature","properties":{"elevation":0.0},"geometry":{"type":"LineString","coordinates":[[-16.4509282,15.8562768],[-16.4507882,15.8564141],[-16.4506492,15.8566879],[-16.4506512,15.8569607],[-16.450934,15.8570953],[-16.4512149,15.856957],[-16.4514929,15.8564094],[-16.4512091,15.8561385],[-16.4509282,15.8562768]]}},{"type":"Feature","properties":{"elevation":5.0},"geometry":{"type":"LineString","coordinates":[[-16.5050473,15.8560439],[-16.5058928,15.856038],[-16.5064606,15.8565798],[-16.5059009,15.8571293],[-16.5061869,15.857673],[-16.5061889,15.8579459],[-16.5064728,15.8582167],[-16.5067587,15.8587604],[-16.5070405,15.8587585],[-16.5073244,15.8590293],[-16.5070466,15.8595769],[-16.5067648,15.8595789],[-16.5064849,15.8598537],[-16.5062031,15.8598557],[-16.5059192,15.8595848],[-16.5056366,15.8594958],[-16.5053534,15.8593159],[-16.5053473,15.8584974],[-16.5047816,15.8582285],[-16.5050594,15.8576809],[-16.5050574,15.857408],[-16.5051963,15.8571342],[-16.5053362,15.8569968],[-16.5056171,15.8568585],[-16.5053332,15.8565876],[-16.5050513,15.8565896],[-16.5047715,15.8568644],[-16.5042077,15.8568683],[-16.5050473,15.8560439]]}},{"type":"Feature","properties":{"elevation":10.0},"geometry":{"type":"LineString","coordinates":[[-16.4898247,15.8558763],[-16.4903904,15.8561453],[-16.4901105,15.85642],[-16.4895468,15.8564239],[-16.4895448,15.8561511],[-16.4898247,15.8558763]]}},{"type":"Feature","properties":{"elevation":10.0},"geometry":{"type":"LineString","coordinates":[[-16.4323228,15.8561278],[-16.4320419,15.856266],[-16.4318559,15.8565401],[-16.4318578,15.856813],[-16.4320477,15.8570846],[-16.4323296,15.8570827],[-16.4326134,15.8573537],[-16.4328933,15.857079],[-16.4328914,15.8568061],[-16.4326076,15.8565351],[-16.4326057,15.8562623],[-16.4323228,15.8561278]]}},{"type":"Feature","properties":{"elevation":15.0},"geometry":{"type":"Point","coordinates":[-16.485314861,15.855907278]}},{"type":"Feature","properties":{"elevation":5.0},"geometry":{"type":"LineString","coordinates":[[-16.5218486,15.8600191],[-16.5217077,15.8600201],[-16.5211481,15.8605697],[-16.521291,15.8608416],[-16.5212931,15.8611144],[-16.5211532,15.8612518],[-16.5208713,15.8612538],[-16.5205884,15.8611193],[-16.5205864,15.8608465],[-16.5208662,15.8605717],[-16.5208621,15.860026],[-16.5214258,15.8600221],[-16.5215177,15.8597486],[-16.5214217,15.8594764],[-16.5211358,15.8589328],[-16.5216995,15.8589288],[-16.5218384,15.858655],[-16.5217518,15.8583828],[-16.5216947,15.8582922],[-16.5214125,15.8582487],[-16.5211297,15.8581143],[-16.5211276,15.8578415],[-16.5214074,15.8575667],[-16.5216883,15.8574283],[-16.5218282,15.8572909],[-16.5219686,15.8572217],[-16.5221362,15.8570159],[-16.5222469,15.8567422],[-16.5221885,15.8564698],[-16.5222428,15.8561966],[-16.5219589,15.8559257],[-16.5213972,15.8562025],[-16.5211133,15.8559317],[-16.5216729,15.8553821],[-16.5219548,15.8553801],[-16.5222387,15.8556509],[-16.5226631,15.8558696]]}},{"type":"Feature","properties":{"elevation":5.0},"geometry":{"type":"LineString","coordinates":[[-16.5030682,15.8552391],[-16.5027883,15.8555139],[-16.5025105,15.8560615],[-16.5027944,15.8563324],[-16.5030762,15.8563304],[-16.5036359,15.8557809],[-16.5036339,15.855508],[-16.50335,15.8552372],[-16.5030682,15.8552391]]}},{"type":"Feature","properties":{"elevation":10.0},"geometry":{"type":"LineString","coordinates":[[-16.4583947,15.8558174],[-16.458535,15.8557255],[-16.4588165,15.8556781],[-16.4589585,15.8558136],[-16.4589604,15.8560864],[-16.4588215,15.8563602],[-16.4585396,15.8563621],[-16.4582558,15.8560911],[-16.4583947,15.8558174]]}},{"type":"Feature","properties":{"elevation":10.0},"geometry":{"type":"LineString","coordinates":[[-16.481648,15.8555686],[-16.4815077,15.8556605],[-16.4813688,15.8559343],[-16.4816516,15.8560688],[-16.4819325,15.8559304],[-16.4819305,15.8556576],[-16.481648,15.8555686]]}},{"type":"Feature","properties":{"elevation":15.0},"geometry":{"type":"Point","coordinates":[-16.484749137,15.855638312]}},{"type":"Feature","properties":{"elevation":5.0},"geometry":{"type":"LineString","coordinates":[[-16.520261587,15.855119135],[-16.520261587,15.855119134]]}},{"type":"Feature","properties":{"elevation":5.0},"geometry":{"type":"LineString","coordinates":[[-16.4985544,15.8547247],[-16.4982745,15.8549995],[-16.4982765,15.8552723],[-16.4985604,15.8555432],[-16.4991241,15.8555393],[-16.499408,15.8558102],[-16.4996899,15.8558082],[-16.4999717,15.8558063],[-16.5002516,15.8555315],[-16.5002496,15.8552587],[-16.4999657,15.8549878],[-16.499402,15.8549917],[-16.4991181,15.8547208],[-16.4985544,15.8547247]]}},{"type":"Feature","properties":{"elevation":5.0},"geometry":{"type":"LineString","coordinates":[[-16.5137768,15.8548917],[-16.5137788,15.8551645]]}},{"type":"Feature","properties":{"elevation":5.0},"geometry":{"type":"LineString","coordinates":[[-16.5182845,15.8545873],[-16.5185664,15.8545853],[-16.5185684,15.8548582],[-16.5182865,15.8548601],[-16.5182845,15.8545873]]}},{"type":"Feature","properties":{"elevation":10.0},"geometry":{"type":"MultiLineString","coordinates":[[[-16.4929171,15.8547636],[-16.4929272,15.8561278],[-16.4923635,15.8561317],[-16.4920856,15.8566793]],[[-16.4920856,15.8566793],[-16.4923695,15.8569502],[-16.4926503,15.8568118],[-16.4929332,15.8569463],[-16.4927473,15.8572204],[-16.4926553,15.8574939],[-16.4920916,15.8574978],[-16.4920856,15.8566793]],[[-16.4920856,15.8566793],[-16.4919427,15.8564074],[-16.4920816,15.8561336],[-16.4920796,15.8558608],[-16.4917957,15.8555899],[-16.4917937,15.8553171],[-16.4923574,15.8553132],[-16.4929171,15.8547636]]]}},{"type":"Feature","properties":{"elevation":10.0},"geometry":{"type":"LineString","coordinates":[[-16.463039,15.8548766],[-16.4627578,15.8549694],[-16.4629007,15.8552413],[-16.4631845,15.8555122],[-16.4633274,15.8557841],[-16.4636093,15.8557822],[-16.4638872,15.8552346],[-16.4636014,15.8546909],[-16.4633195,15.8546928],[-16.463039,15.8548766]]}},{"type":"Feature","properties":{"elevation":15.0},"geometry":{"type":"LineString","coordinates":[[-16.44951,15.8550585],[-16.4497939,15.8553294],[-16.4497958,15.8556022],[-16.4495159,15.855877],[-16.4489522,15.8558807],[-16.4492321,15.855606],[-16.44951,15.8550585]]}},{"type":"Feature","properties":{"elevation":5.0},"geometry":{"type":"LineString","coordinates":[[-16.5223694,15.8542858],[-16.5225093,15.8541484],[-16.5225573,15.8542845],[-16.5225929,15.8545571],[-16.5225144,15.8548305],[-16.5222305,15.8545596],[-16.5223694,15.8542858]]}},{"type":"Feature","properties":{"elevation":5.0},"geometry":{"type":"LineString","coordinates":[[-16.4466875,15.8545316],[-16.4465035,15.8550786],[-16.4465524,15.8553511],[-16.4466953,15.855623],[-16.4469771,15.8556211],[-16.4471161,15.8553473],[-16.4473491,15.8550729],[-16.4473941,15.8547998],[-16.4472522,15.8546643],[-16.4469694,15.8545297],[-16.4466875,15.8545316]]}},{"type":"Feature","properties":{"elevation":10.0},"geometry":{"type":"LineString","coordinates":[[-16.4404864,15.854573],[-16.4402065,15.8548477],[-16.4402123,15.8556662],[-16.4396485,15.8556699],[-16.4395565,15.8559434],[-16.4395115,15.8562165],[-16.4392785,15.8564909],[-16.4391865,15.8567644],[-16.4392354,15.8570369],[-16.4393783,15.8573088],[-16.4399459,15.8578507],[-16.4402278,15.8578489],[-16.4403668,15.8575751],[-16.4402239,15.8573032],[-16.440222,15.8570304],[-16.4407818,15.8564809],[-16.4407799,15.8562081],[-16.440637,15.8559362],[-16.441054,15.8551149],[-16.4404864,15.854573]]}},{"type":"Feature","properties":{"elevation":10.0},"geometry":{"type":"LineString","coordinates":[[-16.483048,15.8542857],[-16.482909,15.8545595],[-16.483052,15.8548314],[-16.4833318,15.8545566],[-16.483048,15.8542857]]}},{"type":"Feature","properties":{"elevation":20.0},"geometry":{"type":"LineString","coordinates":[[-16.4266768,15.8549372],[-16.4269596,15.8550718],[-16.4271015,15.8552072],[-16.4272443,15.8554792],[-16.4264016,15.855894],[-16.4263067,15.8557582],[-16.4262108,15.855486],[-16.4263029,15.8552125],[-16.4263959,15.8550755],[-16.4266768,15.8549372]]}},{"type":"Feature","properties":{"elevation":20.0},"geometry":{"type":"Point","coordinates":[-16.434850976,15.854883204]}},{"type":"Feature","properties":{"elevation":10.0},"geometry":{"type":"LineString","coordinates":[[-16.4903764,15.8542354],[-16.4903784,15.8545083],[-16.4906623,15.8547792],[-16.4906643,15.855052],[-16.4903834,15.8551904],[-16.4901005,15.8550559],[-16.4900965,15.8545102],[-16.4903764,15.8542354]]}},{"type":"Feature","properties":{"elevation":15.0},"geometry":{"type":"LineString","coordinates":[[-16.4452782,15.854541],[-16.445562,15.854812],[-16.4456344,15.8550844],[-16.4455649,15.8552212],[-16.4454249,15.8553586],[-16.4453799,15.8556318],[-16.4454288,15.8559043],[-16.4452898,15.856178],[-16.4450089,15.8563163],[-16.444727,15.8563182],[-16.4444442,15.8561837],[-16.4441643,15.8564584],[-16.4444481,15.8567294],[-16.44473,15.8567275],[-16.4447319,15.8570003],[-16.4450157,15.8572713],[-16.4452976,15.8572694],[-16.4455775,15.8569947],[-16.4455795,15.8572675],[-16.4458652,15.8578113],[-16.446429,15.8578075],[-16.4464309,15.8580804],[-16.4465033,15.8583527],[-16.4462939,15.858627],[-16.4461568,15.8591736],[-16.4458788,15.8597211],[-16.445317,15.8599977],[-16.4450371,15.8602725],[-16.445039,15.8605453],[-16.4447591,15.86082],[-16.4444772,15.8608219],[-16.4447572,15.8605472],[-16.4444733,15.8602762],[-16.4439096,15.86028],[-16.4439076,15.8600071],[-16.4437648,15.8597352],[-16.4436229,15.8595998],[-16.443342,15.8597381],[-16.4430601,15.8597399],[-16.4430581,15.8594671],[-16.4433394,15.8593743],[-16.4436209,15.8593269],[-16.4439008,15.8590522],[-16.4441843,15.8592777],[-16.4444656,15.8591849],[-16.4445341,15.8589116],[-16.4444617,15.8586392],[-16.4441788,15.8585047],[-16.443897,15.8585065],[-16.4434712,15.8581001],[-16.4434693,15.8578273],[-16.4436083,15.8575535],[-16.4436064,15.8572807],[-16.4438863,15.857006],[-16.4436025,15.856735],[-16.4438824,15.8564603],[-16.4438766,15.8556418],[-16.4441565,15.8553671],[-16.4444393,15.8555016],[-16.4447215,15.8555452],[-16.4450021,15.8553614],[-16.4451881,15.8550873],[-16.4452801,15.8548139],[-16.4452782,15.854541]]}},{"type":"Feature","properties":{"elevation":15.0},"geometry":{"type":"LineString","coordinates":[[-16.4320304,15.854629],[-16.4320342,15.8551747],[-16.4317523,15.8551766],[-16.4314724,15.8554513],[-16.4314762,15.8559969],[-16.4311963,15.8562716],[-16.4314801,15.8565426],[-16.4314859,15.8573611],[-16.4317697,15.8576321],[-16.4314897,15.8579068],[-16.4314916,15.8581796],[-16.4312117,15.8584543],[-16.4309317,15.858729],[-16.4306499,15.8587309],[-16.4306479,15.8584581],[-16.4303641,15.8581871],[-16.4303603,15.8576414],[-16.4302174,15.8573695],[-16.4302155,15.8570967],[-16.4302606,15.8568235],[-16.4303536,15.8566865],[-16.4306345,15.8565482],[-16.4311944,15.8559988],[-16.4311905,15.8554531],[-16.4314705,15.8551784],[-16.4314685,15.8549056],[-16.4317504,15.8549037],[-16.4320304,15.854629]]}},{"type":"Feature","properties":{"elevation":15.0},"geometry":{"type":"LineString","coordinates":[[-16.4289279,15.8543767],[-16.4286479,15.8546514],[-16.4289308,15.8547859],[-16.4292117,15.8546476],[-16.4289279,15.8543767]]}},{"type":"Feature","properties":{"elevation":5.0},"geometry":{"type":"LineString","coordinates":[[-16.5022105,15.853608],[-16.5019306,15.8538828],[-16.5017917,15.8541566],[-16.5019347,15.8544285],[-16.5022165,15.8544265],[-16.5024964,15.8541517],[-16.5022105,15.853608]]}},{"type":"Feature","properties":{"elevation":5.0},"geometry":{"type":"LineString","coordinates":[[-16.4697965,15.8538304],[-16.4695166,15.8541051],[-16.4698004,15.854376],[-16.4700803,15.8541013],[-16.4697965,15.8538304]]}},{"type":"Feature","properties":{"elevation":5.0},"geometry":{"type":"LineString","coordinates":[[-16.4945983,15.8533878],[-16.4943184,15.8536626],[-16.4943204,15.8539354],[-16.4946043,15.8542063],[-16.4948862,15.8542044],[-16.495166,15.8539296],[-16.495164,15.8536568],[-16.4948801,15.8533859],[-16.4945983,15.8533878]]}},{"type":"Feature","properties":{"elevation":5.0},"geometry":{"type":"LineString","coordinates":[[-16.4362539,15.8539644],[-16.4362232,15.8540556],[-16.4359746,15.8543301],[-16.4358657,15.8548765],[-16.4358414,15.8554223],[-16.4357014,15.8555597],[-16.435646,15.8556965],[-16.4357043,15.8559689],[-16.4359862,15.8559671],[-16.4362661,15.8556924],[-16.4362603,15.8548739],[-16.4365393,15.8544627],[-16.4366793,15.8543254],[-16.4368183,15.8540516],[-16.4365345,15.8537806],[-16.4362539,15.8539644]]}},{"type":"Feature","properties":{"elevation":5.0},"geometry":{"type":"LineString","coordinates":[[-16.4565469,15.853647],[-16.456267,15.8539217],[-16.4565508,15.8541927],[-16.4568307,15.853918],[-16.4565469,15.853647]]}},{"type":"Feature","properties":{"elevation":15.0},"geometry":{"type":"LineString","coordinates":[[-16.4292059,15.8538291],[-16.428926,15.8541038],[-16.4289279,15.8543767],[-16.4292117,15.8546476],[-16.4293977,15.8543736],[-16.4294897,15.8541001],[-16.4292059,15.8538291]]}},{"type":"Feature","properties":{"elevation":5.0},"geometry":{"type":"LineString","coordinates":[[-16.4968511,15.8530994],[-16.4965713,15.8533742],[-16.4968551,15.8536451],[-16.497135,15.8533703],[-16.4968511,15.8530994]]}},{"type":"Feature","properties":{"elevation":15.0},"geometry":{"type":"LineString","coordinates":[[-16.4416081,15.8537469],[-16.4418899,15.8537451]]}},{"type":"Feature","properties":{"elevation":20.0},"geometry":{"type":"LineString","coordinates":[[-16.4802234,15.8534865],[-16.4803193,15.8537587],[-16.4805092,15.8540303],[-16.4806522,15.8543021],[-16.4807941,15.8544376],[-16.480985,15.8548455],[-16.4807991,15.8551197],[-16.4805172,15.8551216],[-16.4799555,15.8553983],[-16.4799535,15.8551254],[-16.4802314,15.8545779],[-16.4796656,15.8543089],[-16.4798328,15.8540349],[-16.4798308,15.8537621],[-16.4799422,15.8535794],[-16.4802234,15.8534865]]}},{"type":"Feature","properties":{"elevation":10.0},"geometry":{"type":"MultiLineString","coordinates":[[[-16.4914958,15.8531364],[-16.4914978,15.8534092],[-16.491218,15.853684],[-16.4909341,15.8534131]],[[-16.4909341,15.8534131],[-16.4906542,15.8536878],[-16.4903704,15.853417],[-16.4909341,15.8534131]],[[-16.4909341,15.8534131],[-16.4914958,15.8531364]]]}},{"type":"Feature","properties":{"elevation":10.0},"geometry":{"type":"LineString","coordinates":[[-16.4872679,15.8531654],[-16.4875498,15.8531635],[-16.4872699,15.8534383],[-16.4872679,15.8531654]]}},{"type":"Feature","properties":{"elevation":20.0},"geometry":{"type":"LineString","coordinates":[[-16.439633063,15.853487231],[-16.439633064,15.853487231]]}},{"type":"Feature","properties":{"elevation":5.0},"geometry":{"type":"LineString","coordinates":[[-16.4565424,15.8530104],[-16.4564725,15.8531018],[-16.456545,15.8533742],[-16.4565469,15.853647],[-16.4568308,15.853918],[-16.4573925,15.8536413],[-16.4576724,15.8533666],[-16.4576705,15.8530938],[-16.4573866,15.8528228],[-16.4568229,15.8528266],[-16.4565424,15.8530104]]}},{"type":"Feature","properties":{"elevation":5.0},"geometry":{"type":"LineString","coordinates":[[-16.5033298,15.8525089],[-16.50305,15.8527837],[-16.503052,15.8530565],[-16.5033349,15.853191],[-16.5036157,15.8530526],[-16.5036137,15.8527798],[-16.5033298,15.8525089]]}},{"type":"Feature","properties":{"elevation":5.0},"geometry":{"type":"LineString","coordinates":[[-16.495156,15.8525655],[-16.4948761,15.8528402],[-16.4948781,15.8531131],[-16.495162,15.8533839],[-16.4954418,15.8531092],[-16.4954398,15.8528363],[-16.495156,15.8525655]]}},{"type":"Feature","properties":{"elevation":5.0},"geometry":{"type":"LineString","coordinates":[[-16.4861365,15.8526275],[-16.4858566,15.8529023],[-16.4858586,15.8531751],[-16.4861425,15.853446],[-16.4862814,15.8531722],[-16.4862794,15.8528994],[-16.4861365,15.8526275]]}},{"type":"Feature","properties":{"elevation":5.0},"geometry":{"type":"LineString","coordinates":[[-16.4697886,15.852739],[-16.4695087,15.8530138],[-16.4695107,15.8532866],[-16.4697945,15.8535575],[-16.4700744,15.8532828],[-16.4700724,15.85301],[-16.4697886,15.852739]]}},{"type":"Feature","properties":{"elevation":5.0},"geometry":{"type":"LineString","coordinates":[[-16.47401848,15.852983149],[-16.474018481,15.852983149]]}},{"type":"Feature","properties":{"elevation":10.0},"geometry":{"type":"LineString","coordinates":[[-16.465562627,15.853040518],[-16.465562627,15.853040519]]}},{"type":"Feature","properties":{"elevation":15.0},"geometry":{"type":"LineString","coordinates":[[-16.435685,15.8532406],[-16.4359669,15.8532387],[-16.4359707,15.8537844],[-16.4357847,15.8540585],[-16.4356937,15.8544683],[-16.4354499,15.8548792],[-16.4354448,15.8551521],[-16.4352072,15.8554265],[-16.4352091,15.8556994],[-16.4349996,15.8559736],[-16.4350016,15.8562465],[-16.4351444,15.8565184],[-16.4350524,15.8567918],[-16.4348664,15.8570659],[-16.4345865,15.8573406],[-16.4343056,15.8574789],[-16.4340237,15.8574808],[-16.4337408,15.8573462],[-16.433459,15.8573481],[-16.4333161,15.8570762],[-16.4333142,15.8568033],[-16.4334532,15.8565296],[-16.434015,15.856253],[-16.4340073,15.8551616],[-16.4341933,15.8548876],[-16.4342148,15.8546146],[-16.4343538,15.8543408],[-16.4345633,15.8540666],[-16.4348433,15.8537919],[-16.4350292,15.8535178],[-16.4351226,15.8534262],[-16.4354041,15.8533789],[-16.435685,15.8532406]]}},{"type":"Feature","properties":{"elevation":15.0},"geometry":{"type":"LineString","coordinates":[[-16.4807811,15.8526642],[-16.4806422,15.852938],[-16.4807851,15.8532098],[-16.481065,15.8529351],[-16.4807811,15.8526642]]}},{"type":"Feature","properties":{"elevation":5.0},"geometry":{"type":"LineString","coordinates":[[-16.5078375,15.8522047],[-16.5075577,15.8524795],[-16.5075617,15.8530252],[-16.5072819,15.8533],[-16.5075658,15.8535708],[-16.5072859,15.8538456],[-16.507292,15.8546641],[-16.5075759,15.854935],[-16.5075779,15.8552078],[-16.5078618,15.8554786],[-16.5084215,15.8549291],[-16.5089832,15.8546523],[-16.5095428,15.8541027],[-16.5098206,15.8535551],[-16.5098186,15.8532823],[-16.5095357,15.8531478],[-16.5092539,15.8531498],[-16.508971,15.8530154],[-16.5086871,15.8527445],[-16.5086851,15.8524717],[-16.5084012,15.8522008],[-16.5078375,15.8522047]]}},{"type":"Feature","properties":{"elevation":5.0},"geometry":{"type":"Point","coordinates":[-16.47429836,15.852708399]}},{"type":"Feature","properties":{"elevation":15.0},"geometry":{"type":"LineString","coordinates":[[-16.4824723,15.8526526],[-16.483036,15.8526488],[-16.483038,15.8529216],[-16.4827582,15.8531964],[-16.4824743,15.8529254],[-16.4824723,15.8526526]]}},{"type":"Feature","properties":{"elevation":20.0},"geometry":{"type":"LineString","coordinates":[[-16.4799356,15.85267],[-16.4802164,15.8525316],[-16.4803114,15.8526674],[-16.4802194,15.8529409],[-16.4799356,15.85267]]}},{"type":"Feature","properties":{"elevation":5.0},"geometry":{"type":"LineString","coordinates":[[-16.4759865,15.8522876],[-16.4757057,15.852426],[-16.4759895,15.8526969],[-16.4762694,15.8524221],[-16.4759865,15.8522876]]}},{"type":"Feature","properties":{"elevation":10.0},"geometry":{"type":"LineString","coordinates":[[-16.5134746,15.8521654],[-16.5137565,15.8521634],[-16.5137585,15.8524363],[-16.5134773,15.8525292],[-16.5134484,15.8524384],[-16.5134746,15.8521654]]}},{"type":"Feature","properties":{"elevation":10.0},"geometry":{"type":"LineString","coordinates":[[-16.501354799,15.852249741],[-16.5013548,15.85224974],[-16.5013548,15.852249741],[-16.501354799,15.852249741]]}},{"type":"Feature","properties":{"elevation":10.0},"geometry":{"type":"LineString","coordinates":[[-16.4931809,15.8523062],[-16.4934628,15.8523043],[-16.4937447,15.8523023],[-16.4934648,15.8525771],[-16.4931829,15.8525791],[-16.4931809,15.8523062]]}},{"type":"Feature","properties":{"elevation":15.0},"geometry":{"type":"LineString","coordinates":[[-16.427507024,15.852748925],[-16.427507024,15.852748924]]}},{"type":"Feature","properties":{"elevation":5.0},"geometry":{"type":"LineString","coordinates":[[-16.506706,15.8516669],[-16.5064262,15.8519417],[-16.5067101,15.8522126],[-16.5069919,15.8522106],[-16.5072718,15.8519358],[-16.5069879,15.8516649],[-16.506706,15.8516669]]}},{"type":"Feature","properties":{"elevation":10.0},"geometry":{"type":"LineString","coordinates":[[-16.4819026,15.851838],[-16.4816227,15.8521127],[-16.4816247,15.8523856],[-16.4815563,15.8526589],[-16.4816277,15.8527948],[-16.4819096,15.8527929],[-16.4820025,15.8526558],[-16.4820005,15.852383],[-16.4820455,15.8521098],[-16.4819026,15.851838]]}},{"type":"Feature","properties":{"elevation":20.0},"geometry":{"type":"LineString","coordinates":[[-16.450618,15.8523226],[-16.4508999,15.8523207],[-16.4508079,15.8525941],[-16.4507629,15.8528673],[-16.4506239,15.8531411],[-16.450344,15.8534158],[-16.4500621,15.8534177],[-16.4500582,15.852872],[-16.4501972,15.8525982],[-16.450618,15.8523226]]}},{"type":"Feature","properties":{"elevation":5.0},"geometry":{"type":"LineString","coordinates":[[-16.513696,15.8516182],[-16.513752,15.8515632],[-16.5138933,15.8516168],[-16.514144,15.8521607],[-16.5141209,15.8524337],[-16.5140424,15.8527071],[-16.5137626,15.8529819],[-16.5140454,15.8531164],[-16.5140934,15.8532525],[-16.5141189,15.8535251],[-16.5140505,15.8537984],[-16.5140526,15.8540713],[-16.5137707,15.8540732],[-16.5134868,15.8538024],[-16.5134827,15.8532567],[-16.5133075,15.8524394],[-16.513318,15.8521665],[-16.5136336,15.8518915],[-16.513696,15.8516182]]}},{"type":"Feature","properties":{"elevation":5.0},"geometry":{"type":"LineString","coordinates":[[-16.5098044,15.8513725],[-16.5092447,15.8519221],[-16.5095286,15.8521929],[-16.5098105,15.852191],[-16.5100903,15.8519162],[-16.5100883,15.8516434],[-16.5098044,15.8513725]]}},{"type":"Feature","properties":{"elevation":10.0},"geometry":{"type":"LineString","coordinates":[[-16.4641454,15.8519587],[-16.4644273,15.8519568],[-16.4647111,15.8522277],[-16.4647131,15.8525006],[-16.4645741,15.8527744],[-16.4641543,15.8531865],[-16.4638734,15.8533248],[-16.4644411,15.8538666],[-16.4647243,15.8540466],[-16.4650058,15.8539992],[-16.4651457,15.8538619],[-16.4652847,15.8535881],[-16.4655666,15.8535862],[-16.4658504,15.8538571],[-16.4662752,15.8541271],[-16.4664181,15.854399],[-16.46642,15.8546718],[-16.4661392,15.8548101],[-16.4658563,15.8546756],[-16.4652965,15.8552251],[-16.464445,15.8544123],[-16.4641651,15.854687],[-16.4647328,15.8552289],[-16.464173,15.8557784],[-16.464175,15.8560512],[-16.4636112,15.856055],[-16.4633333,15.8566026],[-16.4633372,15.8571483],[-16.4631513,15.8574224],[-16.463058,15.8575139],[-16.4624956,15.8576996],[-16.4619338,15.8579763],[-16.4619358,15.8582491],[-16.4616519,15.8579782],[-16.46137,15.8579801],[-16.4619299,15.8574306],[-16.4622078,15.856883],[-16.461924,15.8566121],[-16.4613642,15.8571616],[-16.4610823,15.8571635],[-16.4607965,15.8566197],[-16.4610784,15.8566178],[-16.4613583,15.8563431],[-16.4616362,15.8557955],[-16.4619181,15.8557936],[-16.4624779,15.8552441],[-16.4624759,15.8549713],[-16.462333,15.8546994],[-16.4621911,15.854564],[-16.4619082,15.8544294],[-16.4620002,15.854156],[-16.4621862,15.8538819],[-16.4624661,15.8536071],[-16.4630278,15.8533305],[-16.4633077,15.8530558],[-16.4633058,15.8527829],[-16.4641454,15.8519587]]}},{"type":"Feature","properties":{"elevation":15.0},"geometry":{"type":"MultiLineString","coordinates":[[[-16.4551259,15.8520195],[-16.4554077,15.8520176],[-16.4556916,15.8522885],[-16.4556935,15.8525614],[-16.4555545,15.8528351],[-16.4556974,15.853107],[-16.4551356,15.8533837]],[[-16.4551356,15.8533837],[-16.4551376,15.8536565],[-16.4548577,15.8539312],[-16.4550006,15.8542031],[-16.4548616,15.8544769],[-16.4545797,15.8544788],[-16.4542959,15.8542078],[-16.4544349,15.8539341],[-16.4545749,15.8537967],[-16.4548557,15.8536584],[-16.4551356,15.8533837]],[[-16.4551356,15.8533837],[-16.4548518,15.8531127],[-16.4549908,15.8528389],[-16.4548479,15.852567],[-16.454846,15.8522942],[-16.4551259,15.8520195]]]}},{"type":"Feature","properties":{"elevation":0.0},"geometry":{"type":"LineString","coordinates":[[-16.5224858,15.8510109],[-16.5223469,15.8512847],[-16.5224898,15.8515566],[-16.5226287,15.8512827],[-16.5224858,15.8510109]]}},{"type":"Feature","properties":{"elevation":5.0},"geometry":{"type":"LineString","coordinates":[[-16.5230515,15.8512798],[-16.5230576,15.8520983]]}},{"type":"Feature","properties":{"elevation":5.0},"geometry":{"type":"LineString","coordinates":[[-16.5212195,15.8512926],[-16.5213594,15.8511552],[-16.5216412,15.8511533],[-16.5217832,15.8512887],[-16.5219261,15.8515605],[-16.5216463,15.8518353],[-16.5210826,15.8518393],[-16.5210806,15.8515665],[-16.5212195,15.8512926]]}},{"type":"Feature","properties":{"elevation":5.0},"geometry":{"type":"LineString","coordinates":[[-16.502757,15.8512851],[-16.5024762,15.8514234],[-16.5024782,15.8516963],[-16.5027621,15.8519671],[-16.5033238,15.8516904],[-16.5033217,15.8514176],[-16.5030389,15.8512831],[-16.502757,15.8512851]]}},{"type":"Feature","properties":{"elevation":5.0},"geometry":{"type":"LineString","coordinates":[[-16.4979645,15.8511818],[-16.4976846,15.8514566],[-16.4979685,15.8517275],[-16.4982483,15.8514527],[-16.4979645,15.8511818]]}},{"type":"Feature","properties":{"elevation":10.0},"geometry":{"type":"MultiLineString","coordinates":[[[-16.4909201,15.8515033],[-16.4914838,15.8514994],[-16.4914858,15.8517722]],[[-16.4914858,15.8517722],[-16.4917696,15.8520431]],[[-16.4914858,15.8517722],[-16.4912059,15.852047],[-16.4912099,15.8525927],[-16.4906462,15.8525965],[-16.4903624,15.8523256],[-16.4906422,15.8520509],[-16.4909201,15.8515033]]]}},{"type":"Feature","properties":{"elevation":15.0},"geometry":{"type":"LineString","coordinates":[[-16.4802095,15.8515767],[-16.481055,15.8515709],[-16.481151,15.8518431],[-16.4812,15.8521156],[-16.481061,15.8523894],[-16.481065,15.8529351],[-16.4813479,15.8530696],[-16.4814898,15.853205],[-16.4814918,15.8534779],[-16.4817756,15.8537488],[-16.4817776,15.8540216],[-16.4819205,15.8542935],[-16.4819225,15.8545663],[-16.4816407,15.8545682],[-16.4815487,15.8548417],[-16.4815037,15.8551148],[-16.4813641,15.8552977],[-16.480991,15.855664],[-16.4808755,15.8559377],[-16.480901,15.8562103],[-16.4810909,15.8564819],[-16.4805311,15.8570314],[-16.4799654,15.8567624],[-16.4796835,15.8567644],[-16.4794037,15.8570391],[-16.4791248,15.8574503],[-16.4789848,15.8575877],[-16.4788459,15.8578615],[-16.4788479,15.8581343],[-16.4789908,15.8584062],[-16.4789948,15.8589518],[-16.4791377,15.8592237],[-16.4794216,15.8594946],[-16.4797015,15.8592198],[-16.4796995,15.858947],[-16.4799803,15.8588087],[-16.4802625,15.8588522],[-16.4805451,15.8589412],[-16.4805471,15.8592141],[-16.4802659,15.8593069],[-16.4799843,15.8593543],[-16.4797034,15.8594927],[-16.4798464,15.8597645],[-16.4797074,15.8600383],[-16.4797094,15.8603112],[-16.4794275,15.8603131],[-16.4794255,15.8600403],[-16.4788578,15.8594984],[-16.4785799,15.860046],[-16.478488,15.8603195],[-16.4783014,15.8605027],[-16.4780202,15.8605955],[-16.4777363,15.8603246],[-16.4778283,15.8600512],[-16.4779183,15.8595049],[-16.4779163,15.859232],[-16.4779519,15.8589589],[-16.4781472,15.8586848],[-16.478564,15.8578634],[-16.4784211,15.8575915],[-16.4782792,15.8574561],[-16.4782312,15.85732],[-16.4782292,15.8570471],[-16.4782757,15.8569786],[-16.4785561,15.8567721],[-16.478648,15.8564986],[-16.4786461,15.8562258],[-16.4790414,15.8556774],[-16.4791099,15.855404],[-16.4792958,15.8551299],[-16.4793878,15.8548565],[-16.4793153,15.8545841],[-16.4794308,15.8543105],[-16.4795489,15.853764],[-16.4799395,15.8532156],[-16.4796557,15.8529447],[-16.4796497,15.8521262],[-16.4802095,15.8515767]]}},{"type":"Feature","properties":{"elevation":20.0},"geometry":{"type":"LineString","coordinates":[[-16.4297562,15.8519155],[-16.4300381,15.8519137]]}},{"type":"Feature","properties":{"elevation":5.0},"geometry":{"type":"LineString","coordinates":[[-16.5136919,15.8510725],[-16.5137476,15.8509812],[-16.5138423,15.8510715],[-16.5137487,15.8511267],[-16.5136919,15.8510725]]}},{"type":"Feature","properties":{"elevation":5.0},"geometry":{"type":"MultiLineString","coordinates":[[[-16.4745683,15.8510695],[-16.4740086,15.851619],[-16.473163,15.8516247],[-16.4728831,15.8518995],[-16.4728851,15.8521723],[-16.4723253,15.8527218],[-16.4720435,15.8527237],[-16.4717596,15.8524528],[-16.4714768,15.8523183],[-16.4706342,15.8527333],[-16.4703543,15.853008],[-16.4703563,15.8532809],[-16.4700764,15.8535556],[-16.4700783,15.8538285],[-16.4703622,15.8540994],[-16.4709259,15.8540956],[-16.4714857,15.8535461]],[[-16.4714857,15.8535461],[-16.4712018,15.8532751]],[[-16.4714857,15.8535461],[-16.4717675,15.8535441],[-16.4720514,15.8538151],[-16.4723332,15.8538131],[-16.4726131,15.8535384],[-16.4726112,15.8532656],[-16.472891,15.8529908],[-16.4731729,15.8529889],[-16.4731749,15.8532617],[-16.4730359,15.8535355],[-16.4731788,15.8538074],[-16.4731808,15.8540802],[-16.4734647,15.8543511],[-16.4740284,15.8543473],[-16.4737485,15.8546221],[-16.4737505,15.8548949],[-16.4740343,15.8551658],[-16.4745981,15.855162],[-16.4748779,15.8548872],[-16.474874,15.8543416],[-16.4745901,15.8540706],[-16.4745881,15.8537978],[-16.47487,15.8537959],[-16.4757215,15.8546086],[-16.4760034,15.8546067],[-16.4761424,15.8543329],[-16.4759994,15.854061],[-16.4757156,15.8537901],[-16.4755727,15.8535183],[-16.4757116,15.8532445],[-16.4757096,15.8529716],[-16.4759895,15.8526969],[-16.4757057,15.852426],[-16.4754238,15.8524279],[-16.4751439,15.8527026],[-16.4748621,15.8527046],[-16.4754218,15.8521551],[-16.4754179,15.8516094],[-16.4748502,15.8510676],[-16.4745683,15.8510695]]]}},{"type":"Feature","properties":{"elevation":10.0},"geometry":{"type":"LineString","coordinates":[[-16.4280612,15.851381],[-16.4279221,15.8516548],[-16.428065,15.8519267],[-16.4283449,15.851652],[-16.4280612,15.851381]]}},{"type":"Feature","properties":{"elevation":0.0},"geometry":{"type":"LineString","coordinates":[[-16.4678031,15.8510245],[-16.4676628,15.8511164],[-16.4674299,15.8513908],[-16.4673379,15.8516643],[-16.4675268,15.8517994],[-16.4678083,15.851752],[-16.4683707,15.8515663],[-16.4686513,15.8513825],[-16.4683664,15.8509752],[-16.4680836,15.8508407],[-16.4678031,15.8510245]]}},{"type":"Feature","properties":{"elevation":5.0},"geometry":{"type":"LineString","coordinates":[[-16.4717478,15.8508158],[-16.4714679,15.8510906],[-16.4714699,15.8513634],[-16.4717537,15.8516343],[-16.4717557,15.8519072],[-16.4723234,15.852449],[-16.4728831,15.8518995],[-16.4725993,15.8516286],[-16.4725973,15.8513557],[-16.4723135,15.8510848],[-16.4720316,15.8510867],[-16.4717478,15.8508158]]}},{"type":"Feature","properties":{"elevation":5.0},"geometry":{"type":"LineString","coordinates":[[-16.5021893,15.8507433],[-16.5019084,15.8508817],[-16.5019104,15.8511545],[-16.5021933,15.851289],[-16.5024741,15.8511506],[-16.5024721,15.8508778],[-16.5021893,15.8507433]]}},{"type":"Feature","properties":{"elevation":5.0},"geometry":{"type":"LineString","coordinates":[[-16.5234702,15.8507312],[-16.5233293,15.8507321]]}},{"type":"Feature","properties":{"elevation":10.0},"geometry":{"type":"LineString","coordinates":[[-16.42499277042994,15.854309739036106],[-16.4252626,15.8542644],[-16.4255435,15.8541261],[-16.4255416,15.8538533],[-16.4252559,15.8533094],[-16.4255359,15.8530348],[-16.4256279,15.8527613],[-16.4256025,15.8524886],[-16.4255301,15.8522162],[-16.4252483,15.8522181],[-16.4252425,15.8513996],[-16.4249587,15.8511286],[-16.42473205085436,15.851276980071468]]}},{"type":"Feature","properties":{"elevation":10.0},"geometry":{"type":"LineString","coordinates":[[-16.4384892,15.8511756],[-16.4382083,15.8513139],[-16.4378363,15.8518621],[-16.4376497,15.8520452],[-16.4373685,15.852138],[-16.4370876,15.8522763],[-16.4369006,15.852414],[-16.4367147,15.8526881],[-16.4364582,15.8529626],[-16.4364601,15.8532354],[-16.4363634,15.8535089],[-16.4362514,15.8536188],[-16.4361469,15.8537832],[-16.4360666,15.8540566],[-16.4358465,15.8543309],[-16.4357971,15.8546041],[-16.4356261,15.8548781],[-16.4355858,15.8551512],[-16.4353833,15.8554254],[-16.4353853,15.8556982],[-16.4352815,15.8559717],[-16.4353539,15.8562441],[-16.4354968,15.856516],[-16.4354282,15.8567893],[-16.4351521,15.8576097],[-16.4348732,15.8580208],[-16.4347332,15.8581582],[-16.4345942,15.8584319],[-16.4345961,15.8587048],[-16.4348789,15.8588393],[-16.4351599,15.858701],[-16.4353458,15.858427],[-16.4357197,15.8581516],[-16.4360007,15.8580134],[-16.4362822,15.857966],[-16.4363755,15.8578744],[-16.4365596,15.8573275],[-16.4365576,15.8570547],[-16.4366262,15.8567814],[-16.4364579,15.8562368],[-16.4365514,15.856168],[-16.436719,15.8559622],[-16.4368299,15.8556886],[-16.4373897,15.8551392],[-16.4374817,15.8548658],[-16.4374798,15.8545929],[-16.4375249,15.8543198],[-16.4379419,15.8534985],[-16.4379399,15.8532256],[-16.4381259,15.8529515],[-16.4381475,15.8526786],[-16.438217,15.8525417],[-16.4384979,15.8524034],[-16.4387797,15.8524015],[-16.4390606,15.8522632],[-16.4392006,15.8521259],[-16.4389149,15.8515821],[-16.4384892,15.8511756]]}},{"type":"Feature","properties":{"elevation":10.0},"geometry":{"type":"LineString","coordinates":[[-16.4283411,15.8511063],[-16.4280612,15.851381],[-16.4283449,15.851652],[-16.428484,15.8513782],[-16.4283411,15.8511063]]}},{"type":"Feature","properties":{"elevation":5.0},"geometry":{"type":"LineString","coordinates":[[-16.4993677,15.8503536],[-16.4990879,15.8506284],[-16.4993717,15.8508993],[-16.4996536,15.8508973],[-16.4999334,15.8506225],[-16.4996496,15.8503517],[-16.4993677,15.8503536]]}},{"type":"Feature","properties":{"elevation":20.0},"geometry":{"type":"LineString","coordinates":[[-16.4342602,15.8510672],[-16.4345421,15.8510654],[-16.434546,15.851611],[-16.434266,15.8518857],[-16.4339842,15.8518876],[-16.4337033,15.8520259],[-16.4334214,15.8520277],[-16.4332795,15.8518923],[-16.4332306,15.8516197],[-16.4332757,15.8513466],[-16.4334156,15.8512092],[-16.4336972,15.8511619],[-16.433979,15.85116],[-16.4342602,15.8510672]]}},{"type":"Feature","properties":{"elevation":20.0},"geometry":{"type":"LineString","coordinates":[[-16.4398975,15.8510298],[-16.4401794,15.851028]]}},{"type":"Feature","properties":{"elevation":5.0},"geometry":{"type":"LineString","coordinates":[[-16.5058483,15.8500358],[-16.5055685,15.8503106],[-16.5058524,15.8505815],[-16.5061352,15.8507159],[-16.5064181,15.8508504],[-16.5066999,15.8508484],[-16.506702,15.8511213],[-16.5069858,15.8513921],[-16.5072677,15.8513902],[-16.5078274,15.8508406],[-16.5075435,15.8505697],[-16.5072616,15.8505717],[-16.5066939,15.8500299],[-16.5058483,15.8500358]]}},{"type":"Feature","properties":{"elevation":5.0},"geometry":{"type":"LineString","coordinates":[[-16.4965471,15.8501003],[-16.4962673,15.850375],[-16.4962693,15.8506479],[-16.4965532,15.8509187],[-16.496835,15.8509168],[-16.4971149,15.850642],[-16.4971129,15.8503692],[-16.496829,15.8500983],[-16.4965471,15.8501003]]}},{"type":"Feature","properties":{"elevation":10.0},"geometry":{"type":"LineString","coordinates":[[-16.4816101,15.8503848],[-16.4813289,15.8504777],[-16.4814249,15.8507499],[-16.4816141,15.8509305],[-16.4818956,15.8508831],[-16.4821765,15.8507447],[-16.4818927,15.8504738],[-16.4816101,15.8503848]]}},{"type":"Feature","properties":{"elevation":10.0},"geometry":{"type":"LineString","coordinates":[[-16.4649812,15.8505888],[-16.465263,15.8505869],[-16.4655469,15.8508579],[-16.4649871,15.8514073],[-16.4649812,15.8505888]]}},{"type":"Feature","properties":{"elevation":5.0},"geometry":{"type":"LineString","coordinates":[[-16.5219139,15.8499236],[-16.5221947,15.8497852],[-16.5224796,15.8501924],[-16.5224817,15.8504653],[-16.5219139,15.8499236]]}},{"type":"Feature","properties":{"elevation":15.0},"geometry":{"type":"LineString","coordinates":[[-16.4463765,15.850441],[-16.4466573,15.8503027],[-16.4469392,15.8503008],[-16.4470811,15.8504363],[-16.4470361,15.8507094],[-16.4469428,15.850801],[-16.4466622,15.8509848],[-16.4463823,15.8512595],[-16.4463862,15.8518052],[-16.4461063,15.8520799],[-16.4460142,15.8523533],[-16.4462041,15.8526249],[-16.4462812,15.8528973],[-16.4461704,15.8531708],[-16.4458341,15.8534459],[-16.4449914,15.8538608],[-16.4447096,15.8538627],[-16.4444267,15.8537282],[-16.4444248,15.8534553],[-16.4447057,15.853317],[-16.4449875,15.8533152],[-16.4452675,15.8530404],[-16.4453605,15.8529034],[-16.4454055,15.8526302],[-16.4454035,15.8523574],[-16.4453546,15.8520849],[-16.4453527,15.8518121],[-16.4452568,15.8515398],[-16.4452548,15.851267],[-16.4455361,15.8511742],[-16.4458186,15.8512633],[-16.4460985,15.8509885],[-16.4463765,15.850441]]}},{"type":"Feature","properties":{"elevation":0.0},"geometry":{"type":"LineString","coordinates":[[-16.4680767,15.8498858],[-16.4677958,15.8500241],[-16.4677978,15.8502969],[-16.4678937,15.8505691],[-16.4680836,15.8508407],[-16.4683645,15.8507024],[-16.4684574,15.8505653],[-16.4685494,15.8502918],[-16.4685005,15.8500193],[-16.4683576,15.8497474],[-16.4680767,15.8498858]]}},{"type":"Feature","properties":{"elevation":0.0},"geometry":{"type":"LineString","coordinates":[[-16.5126087,15.849443],[-16.5125168,15.8497165],[-16.5126128,15.8499887],[-16.5128936,15.8498503],[-16.5130335,15.8497129],[-16.5128906,15.8494411],[-16.5126087,15.849443]]}},{"type":"Feature","properties":{"elevation":10.0},"geometry":{"type":"LineString","coordinates":[[-16.4807603,15.8497995],[-16.4804794,15.8499378],[-16.4807632,15.8502087],[-16.4810431,15.8499339],[-16.4807603,15.8497995]]}},{"type":"Feature","properties":{"elevation":20.0},"geometry":{"type":"LineString","coordinates":[[-16.452011722,15.850130443],[-16.452011723,15.850130443]]}},{"type":"Feature","properties":{"elevation":25.0},"geometry":{"type":"LineString","coordinates":[[-16.4373549,15.8502282],[-16.4376368,15.8502263],[-16.4373578,15.8506374],[-16.437075,15.8505029],[-16.4373549,15.8502282]]}},{"type":"Feature","properties":{"elevation":0.0},"geometry":{"type":"LineString","coordinates":[[-16.5230365,15.8492791],[-16.5228963,15.849371],[-16.5228983,15.8496438],[-16.5230399,15.8497338],[-16.5233197,15.849459],[-16.5233754,15.8493676],[-16.5233185,15.8492998],[-16.5230365,15.8492791]]}},{"type":"Feature","properties":{"elevation":5.0},"geometry":{"type":"LineString","coordinates":[[-16.4965411,15.8492818],[-16.4962613,15.8495565],[-16.4965451,15.8498274],[-16.496825,15.8495527],[-16.4965411,15.8492818]]}},{"type":"Feature","properties":{"elevation":10.0},"geometry":{"type":"LineString","coordinates":[[-16.4925972,15.8495818],[-16.4925992,15.8498547],[-16.4925992,15.8498546],[-16.4925972,15.8495818]]}},{"type":"Feature","properties":{"elevation":10.0},"geometry":{"type":"LineString","coordinates":[[-16.4322776,15.8497161],[-16.4321386,15.8499899],[-16.4322805,15.8501253],[-16.4325614,15.8499871],[-16.4322776,15.8497161]]}},{"type":"Feature","properties":{"elevation":0.0},"geometry":{"type":"LineString","coordinates":[[-16.4683552,15.84942],[-16.4682851,15.8494751],[-16.4683576,15.8497474],[-16.4684965,15.8494737],[-16.4683552,15.84942]]}},{"type":"Feature","properties":{"elevation":10.0},"geometry":{"type":"LineString","coordinates":[[-16.4844214,15.8493651],[-16.4847042,15.8494996],[-16.4848462,15.8496351],[-16.4848012,15.8499082],[-16.4847079,15.8499998],[-16.4844254,15.8499108],[-16.4841435,15.8499127],[-16.4841415,15.8496399],[-16.4844214,15.8493651]]}},{"type":"Feature","properties":{"elevation":10.0},"geometry":{"type":"LineString","coordinates":[[-16.4598999,15.8495317],[-16.4601817,15.8495298],[-16.4600428,15.8498036],[-16.4600486,15.8506221],[-16.4606163,15.851164],[-16.4604773,15.8514378],[-16.4604852,15.8525291],[-16.4602053,15.8528038],[-16.4599273,15.8533514],[-16.4593675,15.8539009],[-16.4590837,15.8536299],[-16.4590817,15.8533571],[-16.4593597,15.8528095],[-16.4590759,15.8525386],[-16.4590739,15.8522658],[-16.4587881,15.851722],[-16.4587862,15.8514492],[-16.4590641,15.8509016],[-16.4590621,15.8506288],[-16.4587783,15.8503578],[-16.4590592,15.8502195],[-16.459526,15.8498071],[-16.459619,15.8496701],[-16.4598999,15.8495317]]}},{"type":"Feature","properties":{"elevation":10.0},"geometry":{"type":"LineString","coordinates":[[-16.458772431,15.849539338],[-16.458772432,15.849539337],[-16.458772432,15.849539338],[-16.458772431,15.849539338]]}},{"type":"Feature","properties":{"elevation":15.0},"geometry":{"type":"MultiLineString","coordinates":[[[-16.4272041,15.8497496],[-16.427206,15.8500224]],[[-16.427206,15.8500224],[-16.4274898,15.8502934],[-16.4276326,15.8505653],[-16.4274936,15.8508391],[-16.4272136,15.8511138],[-16.4269356,15.8516613],[-16.4266557,15.851936],[-16.4266595,15.8524817],[-16.4263786,15.8526199],[-16.4260967,15.8526218],[-16.4260018,15.852486],[-16.4259999,15.8522131],[-16.4260929,15.8520761],[-16.4263738,15.8519378],[-16.4266538,15.8516631],[-16.4266518,15.8513903],[-16.426556,15.8511181],[-16.426648,15.8508446],[-16.426926,15.8502971],[-16.427206,15.8500224]]]}},{"type":"Feature","properties":{"elevation":15.0},"geometry":{"type":"LineString","coordinates":[[-16.4562357,15.8495564],[-16.4565163,15.8493726],[-16.4567981,15.8493707],[-16.4570813,15.8495507],[-16.4571772,15.8498229],[-16.4570842,15.84996],[-16.4568043,15.8502347],[-16.4565234,15.850373],[-16.4562435,15.8506477],[-16.4565274,15.8509187],[-16.4564354,15.8511921],[-16.4562494,15.8514662],[-16.4559685,15.8516046],[-16.4556857,15.85147],[-16.4557777,15.8511966],[-16.4558227,15.8509234],[-16.4561006,15.8503759],[-16.4560967,15.8498302],[-16.4562357,15.8495564]]}},{"type":"Feature","properties":{"elevation":5.0},"geometry":{"type":"LineString","coordinates":[[-16.4934367,15.8487575],[-16.4931589,15.8493051],[-16.4934447,15.8498488],[-16.4937246,15.8495741],[-16.4937206,15.8490284],[-16.4934367,15.8487575]]}},{"type":"Feature","properties":{"elevation":5.0},"geometry":{"type":"LineString","coordinates":[[-16.5064019,15.8486678],[-16.5061221,15.8489425],[-16.5058402,15.8489445],[-16.5055604,15.8492193],[-16.5052785,15.8492213],[-16.5047189,15.8497708],[-16.5050028,15.8500417],[-16.5058483,15.8500358],[-16.506408,15.8494862],[-16.5066898,15.8494843],[-16.5072515,15.8492075],[-16.5072495,15.8489347],[-16.5069656,15.8486638],[-16.5064019,15.8486678]]}},{"type":"Feature","properties":{"elevation":10.0},"geometry":{"type":"LineString","coordinates":[[-16.4708903,15.8491846],[-16.4711722,15.8491827],[-16.4712681,15.8494549],[-16.4711761,15.8497283],[-16.4708963,15.8500031],[-16.4710392,15.8502749],[-16.4707613,15.8508225],[-16.4709032,15.850958],[-16.4709746,15.8510939],[-16.4709061,15.8513672],[-16.4709081,15.8516401],[-16.4706282,15.8519148],[-16.4703464,15.8519167],[-16.4700625,15.8516458],[-16.4700586,15.8511001],[-16.4701975,15.8508263],[-16.4702425,15.8505532],[-16.4703345,15.8502797],[-16.4708943,15.8497302],[-16.4707514,15.8494584],[-16.4708903,15.8491846]]}},{"type":"Feature","properties":{"elevation":10.0},"geometry":{"type":"Point","coordinates":[-16.459052329,15.849264606]}},{"type":"Feature","properties":{"elevation":10.0},"geometry":{"type":"LineString","coordinates":[[-16.445803,15.8490806],[-16.445664,15.8493543],[-16.4454311,15.8496287],[-16.445527,15.849901],[-16.4458079,15.8497627],[-16.4459478,15.8496253],[-16.4460868,15.8493515],[-16.445803,15.8490806]]}},{"type":"Feature","properties":{"elevation":20.0},"geometry":{"type":"Point","coordinates":[-16.441858924,15.849379697]}},{"type":"Feature","properties":{"elevation":5.0},"geometry":{"type":"MultiLineString","coordinates":[[[-16.4694778,15.8487394],[-16.4689167,15.849107],[-16.4686355,15.8491999],[-16.4683531,15.8491336],[-16.4680718,15.8492037],[-16.4678858,15.8494778],[-16.4677924,15.8495466],[-16.4675113,15.8496622],[-16.467418,15.8497538],[-16.4673261,15.8500273],[-16.4670932,15.8503017],[-16.4672361,15.8505736],[-16.4669529,15.8503936],[-16.4666713,15.850441],[-16.4665314,15.8505783],[-16.4663924,15.8508521],[-16.4665353,15.851124],[-16.4666773,15.8512595],[-16.4669601,15.851394],[-16.4669621,15.8516668],[-16.4665452,15.8524882],[-16.4665491,15.8530338],[-16.466692,15.8533057],[-16.4669759,15.8535766],[-16.4668369,15.8538504],[-16.4668859,15.8541229],[-16.4671227,15.8543942],[-16.4672656,15.8546661],[-16.4672676,15.8549389],[-16.4675534,15.8554827],[-16.4672716,15.8554846],[-16.4669877,15.8552136],[-16.4667058,15.8552155],[-16.466334,15.8557638],[-16.466242,15.8560372],[-16.4662909,15.8563097],[-16.4662949,15.8568554],[-16.4664378,15.8571273],[-16.4667216,15.8573982],[-16.4670015,15.8571235]],[[-16.4670015,15.8571235],[-16.4669995,15.8568506]],[[-16.4670015,15.8571235],[-16.4675692,15.8576653],[-16.468131,15.8573887],[-16.4682699,15.8571149],[-16.468268,15.856842],[-16.4684069,15.8565683],[-16.468399,15.8554769],[-16.4686769,15.8549293],[-16.468671,15.8541109],[-16.4689509,15.8538361],[-16.4689489,15.8535633],[-16.4686651,15.8532924],[-16.468945,15.8530176],[-16.4683773,15.8524758],[-16.4686572,15.852201],[-16.4687961,15.8519272],[-16.4688411,15.8516541],[-16.4690741,15.8513797],[-16.469213,15.8511059],[-16.4692071,15.8502874],[-16.469487,15.8500126],[-16.469483,15.849467],[-16.4697649,15.8494651],[-16.4700457,15.8493267],[-16.4701857,15.8491894],[-16.4700428,15.8489175],[-16.4697599,15.848783],[-16.4694778,15.8487394]]]}},{"type":"Feature","properties":{"elevation":10.0},"geometry":{"type":"LineString","coordinates":[[-16.4993556,15.8487166],[-16.4996375,15.8487147]]}},{"type":"Feature","properties":{"elevation":15.0},"geometry":{"type":"LineString","coordinates":[[-16.4472123,15.8490712],[-16.447776,15.8490674],[-16.4476371,15.8493412],[-16.447592,15.8496143],[-16.447499,15.8497514],[-16.4472182,15.8498897],[-16.4466544,15.8498934],[-16.4466525,15.8496206],[-16.4468619,15.8493463],[-16.4469314,15.8492095],[-16.4472123,15.8490712]]}},{"type":"Feature","properties":{"elevation":20.0},"geometry":{"type":"LineString","coordinates":[[-16.4521448,15.8490382],[-16.4522851,15.8489463],[-16.4525676,15.8490353],[-16.4524287,15.8493091],[-16.4524306,15.8495819],[-16.4522907,15.8497193],[-16.4520078,15.8495848],[-16.4520059,15.8493119],[-16.4521448,15.8490382]]}},{"type":"Feature","properties":{"elevation":5.0},"geometry":{"type":"LineString","coordinates":[[-16.4624287,15.8484233],[-16.4621488,15.848698],[-16.4621528,15.8492437],[-16.4624366,15.8495146],[-16.4624386,15.8497875],[-16.4621567,15.8497894],[-16.4615949,15.850066],[-16.461315,15.8503407],[-16.4612231,15.8506142],[-16.461178,15.8508874],[-16.4613209,15.8511592],[-16.4616048,15.8514302],[-16.4616067,15.851703],[-16.4613268,15.8519777],[-16.4613288,15.8522506],[-16.4610489,15.8525253],[-16.4609099,15.8527991],[-16.4608649,15.8530722],[-16.4607729,15.8533457],[-16.460634,15.8536195],[-16.4606379,15.8541652],[-16.4604989,15.8544389],[-16.460218,15.8545773],[-16.4599391,15.8549884],[-16.459943,15.8555341],[-16.4602259,15.8556686],[-16.4605077,15.8556667],[-16.4607886,15.8555284],[-16.4609276,15.8552546],[-16.4609256,15.8549818],[-16.4613425,15.8541604],[-16.4613406,15.8538876],[-16.4614795,15.8536138],[-16.4618994,15.8532017],[-16.4621803,15.8530634],[-16.4621783,15.8527905],[-16.4618945,15.8525196],[-16.4618925,15.8522468],[-16.4621734,15.8521085],[-16.4623133,15.8519711],[-16.4625913,15.8514235],[-16.4626363,15.8511504],[-16.4625873,15.8508779],[-16.4627263,15.8506041],[-16.4627243,15.8503312],[-16.4630042,15.8500565],[-16.4632861,15.8500546],[-16.4635699,15.8503255],[-16.4638498,15.8500508],[-16.463566,15.8497799],[-16.463564,15.849507],[-16.4632802,15.8492361],[-16.4629983,15.849238],[-16.4629964,15.8489652],[-16.4624287,15.8484233]]}},{"type":"Feature","properties":{"elevation":5.0},"geometry":{"type":"LineString","coordinates":[[-16.4728584,15.8484891],[-16.4725775,15.8486274],[-16.4725795,15.8489003],[-16.4722986,15.8490386],[-16.4720168,15.8490405],[-16.4717359,15.8491788],[-16.4717399,15.8497245],[-16.4720237,15.8499954],[-16.4725874,15.8499916],[-16.4723075,15.8502663],[-16.473159,15.8510791],[-16.4734389,15.8508043],[-16.4734369,15.8505315],[-16.4737148,15.8499839],[-16.4731472,15.8494421],[-16.4737109,15.8494383],[-16.4739907,15.8491635],[-16.4734231,15.8486217],[-16.4731412,15.8486236],[-16.4728584,15.8484891]]}},{"type":"Feature","properties":{"elevation":5.0},"geometry":{"type":"LineString","coordinates":[[-16.5094982,15.8481005],[-16.5092184,15.8483753],[-16.5086567,15.8486521],[-16.508093,15.848656],[-16.5078132,15.8489308],[-16.5078152,15.8492036],[-16.5080991,15.8494745],[-16.5081011,15.8497473],[-16.5075415,15.8502969],[-16.5075435,15.8505697],[-16.5078274,15.8508406],[-16.5081092,15.8508386],[-16.508677,15.8513803],[-16.5092366,15.8508308],[-16.5092346,15.8505579],[-16.5089507,15.8502871],[-16.5086689,15.850289],[-16.508389,15.8505638],[-16.508387,15.850291],[-16.5089467,15.8497414],[-16.5089446,15.8494686],[-16.5092265,15.8494666],[-16.5095063,15.8491918],[-16.5097841,15.8486442],[-16.5097821,15.8483714],[-16.5094982,15.8481005]]}},{"type":"Feature","properties":{"elevation":5.0},"geometry":{"type":"LineString","coordinates":[[-16.5018892,15.8482898],[-16.5016084,15.8484282],[-16.5013286,15.848703],[-16.5016124,15.8489738],[-16.5018943,15.8489719],[-16.5020332,15.8486981],[-16.5020312,15.8484253],[-16.5018892,15.8482898]]}},{"type":"Feature","properties":{"elevation":5.0},"geometry":{"type":"LineString","coordinates":[[-16.4635562,15.8484157],[-16.4632763,15.8486904],[-16.4635601,15.8489614],[-16.46384,15.8486866],[-16.4635562,15.8484157]]}},{"type":"Feature","properties":{"elevation":5.0},"geometry":{"type":"LineString","coordinates":[[-16.4613013,15.8484309],[-16.4610214,15.8487056],[-16.4613042,15.8488402],[-16.4615851,15.8487018],[-16.4613013,15.8484309]]}},{"type":"Feature","properties":{"elevation":10.0},"geometry":{"type":"Point","coordinates":[-16.499917295,15.848439901]}},{"type":"Feature","properties":{"elevation":5.0},"geometry":{"type":"LineString","coordinates":[[-16.4545358,15.84834],[-16.4543958,15.8484774],[-16.4542568,15.8487511],[-16.4542588,15.849024],[-16.453697,15.8493006],[-16.4535882,15.849847],[-16.4535901,15.8501199],[-16.4535169,15.8503932],[-16.453424,15.8505302],[-16.4528641,15.8510797],[-16.4525852,15.8514908],[-16.4523072,15.8520384],[-16.4522387,15.8523117],[-16.4522172,15.8525847],[-16.452454,15.852856],[-16.4523151,15.8531297],[-16.4520342,15.853268],[-16.4514704,15.8532718],[-16.4513775,15.8534089],[-16.4511249,15.8542291],[-16.4510094,15.8545027],[-16.4506375,15.8550509],[-16.4503576,15.8553256],[-16.4501501,15.8558727],[-16.4499406,15.856147],[-16.4500835,15.8564189],[-16.4499445,15.8566926],[-16.4497116,15.856967],[-16.4497136,15.8572399],[-16.4494336,15.8575146],[-16.4492477,15.8577887],[-16.4489677,15.8580634],[-16.4491106,15.8583353],[-16.4491165,15.8591538],[-16.4489775,15.8594276],[-16.4492613,15.8596985],[-16.4492633,15.8599714],[-16.449829,15.8602404],[-16.4501069,15.8596929],[-16.4501754,15.8594196],[-16.4503849,15.8591453],[-16.450381,15.8585996],[-16.4506609,15.8583249],[-16.4509428,15.858323],[-16.4510818,15.8580493],[-16.4510798,15.8577764],[-16.4513597,15.8575017],[-16.4516377,15.8569541],[-16.4517773,15.8567713],[-16.4520579,15.8565875],[-16.4523378,15.8563128],[-16.4524775,15.85613],[-16.4526164,15.8558562],[-16.4526125,15.8553105],[-16.4527515,15.8550367],[-16.4529845,15.8547623],[-16.4530295,15.8544892],[-16.4528866,15.8542173],[-16.4528846,15.8539445],[-16.4531626,15.8533969],[-16.4531606,15.8531241],[-16.4530178,15.8528522],[-16.4530628,15.852579],[-16.4532957,15.8523046],[-16.4534347,15.8520308],[-16.4537146,15.8517561],[-16.4539955,15.8516178],[-16.4541354,15.8514804],[-16.4545563,15.8512048],[-16.4548362,15.85093],[-16.4545524,15.8506591],[-16.4545504,15.8503863],[-16.4551102,15.8498368],[-16.4551083,15.849564],[-16.4553908,15.849653],[-16.4554841,15.8495615],[-16.4553882,15.8492892],[-16.4553843,15.8487436],[-16.4551014,15.8486091],[-16.4550065,15.8484733],[-16.4548173,15.8482926],[-16.4545358,15.84834]]}},{"type":"Feature","properties":{"elevation":5.0},"geometry":{"type":"Point","coordinates":[-16.515135187,15.848061188]}},{"type":"Feature","properties":{"elevation":5.0},"geometry":{"type":"LineString","coordinates":[[-16.4968129,15.8479157],[-16.4965331,15.8481905],[-16.4968169,15.8484613],[-16.4970968,15.8481866],[-16.4968129,15.8479157]]}},{"type":"Feature","properties":{"elevation":10.0},"geometry":{"type":"LineString","coordinates":[[-16.4900505,15.8482351],[-16.4906162,15.8485041],[-16.4906202,15.8490497],[-16.4900525,15.848508],[-16.4897706,15.8485099],[-16.4900505,15.8482351]]}},{"type":"Feature","properties":{"elevation":10.0},"geometry":{"type":"LineString","coordinates":[[-16.4892049,15.8482409],[-16.4892069,15.8485138]]}},{"type":"Feature","properties":{"elevation":10.0},"geometry":{"type":"LineString","coordinates":[[-16.4567906,15.8483249],[-16.4565097,15.8484632],[-16.4562298,15.8487379],[-16.4565136,15.8490088],[-16.4567955,15.8490069],[-16.4570754,15.8487322],[-16.4570734,15.8484594],[-16.4567906,15.8483249]]}},{"type":"Feature","properties":{"elevation":15.0},"geometry":{"type":"LineString","coordinates":[[-16.4815949,15.8482931],[-16.4818757,15.8481548],[-16.4821586,15.8482893],[-16.4822545,15.8485614],[-16.4820216,15.8488359],[-16.4816048,15.8496573],[-16.481321,15.8493864],[-16.4811781,15.8491145],[-16.4815949,15.8482931]]}},{"type":"Feature","properties":{"elevation":20.0},"geometry":{"type":"LineString","coordinates":[[-16.4373434,15.8485911],[-16.4376252,15.8485893],[-16.4376272,15.8488621],[-16.4379109,15.8491331],[-16.4380068,15.8494053],[-16.4381281,15.8499502],[-16.4378717,15.8502247],[-16.4377797,15.8504982],[-16.4375199,15.8507728],[-16.4373612,15.8511149],[-16.4370802,15.8512304],[-16.436798,15.8511868],[-16.4365152,15.8510523],[-16.4362314,15.8507813],[-16.4363234,15.8505079],[-16.4365094,15.8502338],[-16.4367893,15.8499591],[-16.4369283,15.8496853],[-16.4369264,15.8494125],[-16.4367835,15.8491406],[-16.4373434,15.8485911]]}},{"type":"Feature","properties":{"elevation":20.0},"geometry":{"type":"MultiLineString","coordinates":[[[-16.4308606,15.8486341],[-16.4311424,15.8486322],[-16.4314248,15.8486985],[-16.4317068,15.8487194],[-16.4319899,15.8488994],[-16.4322737,15.8491704],[-16.4318529,15.849446],[-16.4317129,15.8495834],[-16.431432000346987,15.849721699829162]],[[-16.431432000346987,15.849721699829162],[-16.431432,15.8497217],[-16.4314339,15.8499945],[-16.431432000346987,15.849721699829162]],[[-16.431432000346987,15.849721699829162],[-16.4314301,15.8494488],[-16.4311472,15.8493143],[-16.4310054,15.8491788],[-16.4308625,15.8489069],[-16.4308606,15.8486341]]]}},{"type":"Feature","properties":{"elevation":5.0},"geometry":{"type":"LineString","coordinates":[[-16.5131602,15.8478021],[-16.5134421,15.8478002],[-16.5137232,15.8477073],[-16.5140058,15.8477962],[-16.5141487,15.8480681],[-16.5141548,15.8488866],[-16.5140159,15.8491604],[-16.5137341,15.8491623],[-16.5134512,15.8490279],[-16.5130254,15.8486216],[-16.5128804,15.8480769],[-16.5131602,15.8478021]]}},{"type":"Feature","properties":{"elevation":5.0},"geometry":{"type":"LineString","coordinates":[[-16.4934287,15.8476662],[-16.4932898,15.84794],[-16.4932938,15.8484856],[-16.4934367,15.8487575],[-16.4937186,15.8487556],[-16.4939984,15.8484808],[-16.4939964,15.848208],[-16.4937105,15.8476642],[-16.4934287,15.8476662]]}},{"type":"Feature","properties":{"elevation":5.0},"geometry":{"type":"LineString","coordinates":[[-16.520206421,15.84775283],[-16.520206422,15.84775283],[-16.520206421,15.847752831],[-16.520206421,15.84775283]]}},{"type":"Feature","properties":{"elevation":15.0},"geometry":{"type":"LineString","coordinates":[[-16.457635204,15.848182755],[-16.457635204,15.848182756]]}},{"type":"Feature","properties":{"elevation":15.0},"geometry":{"type":"LineString","coordinates":[[-16.4364939,15.8480511],[-16.4363549,15.8483249],[-16.4364968,15.8484603],[-16.4367777,15.8483221],[-16.4364939,15.8480511]]}},{"type":"Feature","properties":{"elevation":20.0},"geometry":{"type":"LineString","coordinates":[[-16.4255033,15.8483965],[-16.4257852,15.8483947],[-16.425928,15.8486666],[-16.425788,15.8488039],[-16.4255052,15.8486694],[-16.4255033,15.8483965]]}},{"type":"Feature","properties":{"elevation":20.0},"geometry":{"type":"LineString","coordinates":[[-16.431986094,15.848353769],[-16.431986095,15.848353769]]}},{"type":"Feature","properties":{"elevation":5.0},"geometry":{"type":"LineString","coordinates":[[-16.5230218,15.8473238],[-16.522741,15.8474622],[-16.5229309,15.8477337],[-16.5232148,15.8480045],[-16.5233098,15.8481403],[-16.5238715,15.8478635],[-16.5240114,15.8477261],[-16.5237744,15.8474549],[-16.5235859,15.8473653],[-16.5233033,15.8472763],[-16.5230218,15.8473238]]}},{"type":"Feature","properties":{"elevation":10.0},"geometry":{"type":"LineString","coordinates":[[-16.4472026,15.847707],[-16.4469227,15.8479817],[-16.4472065,15.8482527],[-16.4473455,15.8479789],[-16.4472026,15.847707]]}},{"type":"Feature","properties":{"elevation":0.0},"geometry":{"type":"LineString","coordinates":[[-16.5128733,15.847122],[-16.5127334,15.8472594],[-16.5128763,15.8475313],[-16.5131582,15.8475293],[-16.513438,15.8472545],[-16.5131541,15.8469837],[-16.5128733,15.847122]]}},{"type":"Feature","properties":{"elevation":5.0},"geometry":{"type":"LineString","coordinates":[[-16.5083627,15.8470171],[-16.5080829,15.8472919],[-16.5080849,15.8475647],[-16.507946,15.8478385],[-16.5076662,15.8481133],[-16.5078091,15.8483851],[-16.508091,15.8483832],[-16.5083708,15.8481084],[-16.5086526,15.8481064],[-16.5089325,15.8478316],[-16.5089304,15.8475588],[-16.5083627,15.8470171]]}},{"type":"Feature","properties":{"elevation":10.0},"geometry":{"type":"LineString","coordinates":[[-16.4280343,15.8475613],[-16.4277544,15.847836],[-16.4278972,15.8481079],[-16.4276173,15.8483826],[-16.4274782,15.8486564],[-16.4273862,15.8489298],[-16.4274821,15.849202],[-16.4280496,15.849744],[-16.4283315,15.8497421],[-16.4286114,15.8494674],[-16.4286095,15.8491946],[-16.4288895,15.8489199],[-16.4288876,15.8486471],[-16.4286019,15.8481033],[-16.4285999,15.8478304],[-16.4283162,15.8475594],[-16.4280343,15.8475613]]}},{"type":"Feature","properties":{"elevation":10.0},"geometry":{"type":"LineString","coordinates":[[-16.523655,15.8471829],[-16.5238653,15.847045],[-16.5240777,15.84718],[-16.5238672,15.8472984],[-16.523655,15.8471829]]}},{"type":"Feature","properties":{"elevation":15.0},"geometry":{"type":"LineString","coordinates":[[-16.4367729,15.84764],[-16.4366329,15.8477773],[-16.4367758,15.8480492],[-16.4368443,15.8477759],[-16.4367729,15.84764]]}},{"type":"Feature","properties":{"elevation":20.0},"geometry":{"type":"LineString","coordinates":[[-16.4311367,15.8478137],[-16.4311386,15.8480865]]}},{"type":"Feature","properties":{"elevation":20.0},"geometry":{"type":"LineString","coordinates":[[-16.437337566,15.847772641],[-16.437337566,15.84777264]]}},{"type":"Feature","properties":{"elevation":5.0},"geometry":{"type":"LineString","coordinates":[[-16.5063877,15.846758],[-16.5061079,15.8470328],[-16.506116,15.8481241],[-16.5063999,15.8483949],[-16.5066817,15.848393],[-16.5069615,15.8481182],[-16.5069595,15.8478454],[-16.5072393,15.8475706],[-16.5069555,15.8472997],[-16.5069534,15.8470269],[-16.5066696,15.846756],[-16.5063877,15.846758]]}},{"type":"Feature","properties":{"elevation":5.0},"geometry":{"type":"LineString","coordinates":[[-16.4793301,15.8469444],[-16.4787704,15.8474939],[-16.4790542,15.8477648],[-16.4796159,15.8474881],[-16.4796139,15.8472153],[-16.4793301,15.8469444]]}},{"type":"Feature","properties":{"elevation":5.0},"geometry":{"type":"LineString","coordinates":[[-16.4438177,15.8473658],[-16.4437244,15.8474573],[-16.4438203,15.8477295],[-16.4439593,15.8474558],[-16.4438177,15.8473658]]}},{"type":"Feature","properties":{"elevation":10.0},"geometry":{"type":"LineString","coordinates":[[-16.4889151,15.8471516],[-16.4891969,15.8471496]]}},{"type":"Feature","properties":{"elevation":5.0},"geometry":{"type":"LineString","coordinates":[[-16.4652365,15.8469037],[-16.4650965,15.8470411],[-16.4649576,15.8473148],[-16.4649595,15.8475877],[-16.4646777,15.8475896],[-16.4643968,15.8477279],[-16.4642569,15.8478653],[-16.4641179,15.8481391],[-16.4644017,15.84841],[-16.4649635,15.8481333],[-16.4658149,15.8489461],[-16.4655351,15.8492209],[-16.4658189,15.8494918],[-16.4661007,15.8494899],[-16.4663816,15.8493516],[-16.4666635,15.8493496],[-16.4669434,15.8490749],[-16.4672242,15.8489366],[-16.4673632,15.8486628],[-16.4673612,15.84839],[-16.4672183,15.8481181],[-16.4669345,15.8478472],[-16.4669305,15.8473015],[-16.4663629,15.8467596],[-16.466082,15.846898],[-16.4658005,15.8469453],[-16.4655193,15.8470382],[-16.4652365,15.8469037]]}},{"type":"Feature","properties":{"elevation":10.0},"geometry":{"type":"LineString","coordinates":[[-16.4274667,15.8470193],[-16.4273277,15.8472931],[-16.4274706,15.847565],[-16.4276096,15.8472912],[-16.4274667,15.8470193]]}},{"type":"Feature","properties":{"elevation":5.0},"geometry":{"type":"LineString","coordinates":[[-16.5245634,15.8461631],[-16.5244224,15.8461641],[-16.5242226,15.8463604],[-16.5241441,15.8466338],[-16.5241451,15.8467702],[-16.5242871,15.8469056]]}},{"type":"Feature","properties":{"elevation":10.0},"geometry":{"type":"LineString","coordinates":[[-16.4404303,15.8466607],[-16.4403382,15.8469342],[-16.4401523,15.8472083],[-16.4401542,15.8474811],[-16.440437,15.8476156],[-16.440577,15.8474783],[-16.440716,15.8472045],[-16.4407141,15.8469317],[-16.4404303,15.8466607]]}},{"type":"Feature","properties":{"elevation":10.0},"geometry":{"type":"LineString","coordinates":[[-16.4728455,15.8467157],[-16.4728475,15.8469885],[-16.4725676,15.8472633],[-16.4725656,15.8469904],[-16.4728455,15.8467157]]}},{"type":"Feature","properties":{"elevation":0.0},"geometry":{"type":"LineString","coordinates":[[-16.5137107,15.8460248],[-16.5134299,15.8461632],[-16.5135446,15.8464353],[-16.5137153,15.8466387],[-16.5139969,15.846614],[-16.5142774,15.8464301],[-16.5142754,15.8461573],[-16.5139925,15.8460229],[-16.5137107,15.8460248]]}},{"type":"Feature","properties":{"elevation":5.0},"geometry":{"type":"LineString","coordinates":[[-16.5237398,15.8490922],[-16.5235988,15.8490932],[-16.523174,15.8488234],[-16.523172,15.8485505],[-16.523029,15.8482787],[-16.5224663,15.8484191],[-16.5221855,15.8485575],[-16.5223285,15.8488293],[-16.5221896,15.8491031],[-16.5219057,15.8488323],[-16.5219036,15.8485594],[-16.5217607,15.8482876],[-16.5217586,15.8480148],[-16.5218975,15.847741],[-16.522741,15.8474622],[-16.522739,15.8471894],[-16.522453,15.8466457],[-16.5230167,15.8466417],[-16.5232992,15.8467307],[-16.5235804,15.8466378],[-16.5237193,15.846364],[-16.5238595,15.846272],[-16.5240461,15.8460888],[-16.524139,15.8459517],[-16.5245614,15.8459033]]}},{"type":"Feature","properties":{"elevation":10.0},"geometry":{"type":"LineString","coordinates":[[-16.4635404,15.846233],[-16.4634015,15.8465068],[-16.4635444,15.8467787],[-16.4638272,15.8469132],[-16.4641081,15.8467749],[-16.4641061,15.8465021],[-16.4638223,15.8462311],[-16.4635404,15.846233]]}},{"type":"Feature","properties":{"elevation":10.0},"geometry":{"type":"LineString","coordinates":[[-16.4440934,15.8464999],[-16.4438145,15.846911],[-16.4435346,15.8471858],[-16.4433674,15.8474597],[-16.4432566,15.8477333],[-16.442976,15.8479171],[-16.4428827,15.8480086],[-16.4426987,15.8485556],[-16.4425597,15.8488293],[-16.4425334,15.8491024],[-16.4425636,15.849375],[-16.4421466,15.8501963],[-16.4420922,15.8504695],[-16.4421495,15.8506056],[-16.4422914,15.8507411],[-16.4424328,15.8508083],[-16.4427161,15.8510111],[-16.442906,15.8512827],[-16.4429314,15.8515553],[-16.4428629,15.8518287],[-16.4430058,15.8521005],[-16.4427278,15.8526481],[-16.4427317,15.8531938],[-16.4424537,15.8537413],[-16.4424556,15.8540142],[-16.4421757,15.8542889],[-16.4418948,15.8544272],[-16.4416158,15.8548383],[-16.4417587,15.8551102],[-16.4420425,15.8553811],[-16.4420464,15.8559268],[-16.4419064,15.8560642],[-16.4416255,15.8562025],[-16.4413436,15.8562043],[-16.4407818,15.8564809],[-16.4413494,15.8570229],[-16.4419151,15.8572919],[-16.442197,15.8572901],[-16.4427569,15.8567406],[-16.442751,15.8559221],[-16.44289,15.8556484],[-16.4429351,15.8553752],[-16.4430271,15.8551017],[-16.4431661,15.854828],[-16.4431603,15.8540095],[-16.444,15.8531853],[-16.444417,15.852364],[-16.4444151,15.8520912],[-16.4446969,15.8520893],[-16.4448359,15.8518155],[-16.444787,15.851543],[-16.4447831,15.8509973],[-16.4446885,15.850907],[-16.4444067,15.8509089],[-16.4441254,15.8510017],[-16.4435617,15.8510055],[-16.4437007,15.8507317],[-16.4436988,15.8504588],[-16.443415,15.8501879],[-16.4434111,15.8496422],[-16.443644,15.8493678],[-16.4438281,15.8488209],[-16.4438261,15.8485481],[-16.444106,15.8482733],[-16.4446678,15.8479967],[-16.4446659,15.8477239],[-16.4447579,15.8474504],[-16.4448029,15.8471773],[-16.4449419,15.8469035],[-16.4443743,15.8463616],[-16.4440934,15.8464999]]}},{"type":"Feature","properties":{"elevation":10.0},"geometry":{"type":"LineString","coordinates":[[-16.4347922,15.8465617],[-16.4345113,15.8467],[-16.4342333,15.8472475],[-16.4343761,15.8475194],[-16.43438,15.8480651],[-16.4345228,15.848337],[-16.4348047,15.8483351],[-16.4350846,15.8480604],[-16.4353636,15.8476493],[-16.4355036,15.8475119],[-16.4355016,15.8472391],[-16.4353588,15.8469672],[-16.435075,15.8466962],[-16.4347922,15.8465617]]}},{"type":"Feature","properties":{"elevation":20.0},"geometry":{"type":"LineString","coordinates":[[-16.4367661,15.846685],[-16.4370473,15.8465922],[-16.4371889,15.8466822],[-16.4370489,15.8468196],[-16.4367661,15.846685]]}},{"type":"Feature","properties":{"elevation":5.0},"geometry":{"type":"LineString","coordinates":[[-16.5199103,15.845845],[-16.5201921,15.845843],[-16.5201942,15.8461159],[-16.5196305,15.8461198],[-16.5199103,15.845845]]}},{"type":"Feature","properties":{"elevation":5.0},"geometry":{"type":"LineString","coordinates":[[-16.4886232,15.8457893],[-16.4883433,15.8460641],[-16.4886272,15.846335],[-16.488907,15.8460602],[-16.4886232,15.8457893]]}},{"type":"Feature","properties":{"elevation":5.0},"geometry":{"type":"LineString","coordinates":[[-16.4618486,15.8461535],[-16.4617553,15.8462451],[-16.4618513,15.8465173],[-16.4619902,15.8462435],[-16.4618486,15.8461535]]}},{"type":"Feature","properties":{"elevation":10.0},"geometry":{"type":"MultiLineString","coordinates":[[[-16.4677682,15.8462044],[-16.4683359,15.8467463]],[[-16.4683359,15.8467463],[-16.4686177,15.8467444],[-16.4691794,15.8464677],[-16.4694613,15.8464658],[-16.4696512,15.8467374],[-16.4697471,15.8470096],[-16.4696082,15.8472833],[-16.4691873,15.847559],[-16.4690484,15.8478328],[-16.4689085,15.8479702],[-16.4686276,15.8481085],[-16.4680599,15.8475667],[-16.4683398,15.8472919],[-16.4683359,15.8467463]],[[-16.4683359,15.8467463],[-16.468052,15.8464754],[-16.4677702,15.8464773],[-16.4677682,15.8462044]]]}},{"type":"Feature","properties":{"elevation":15.0},"geometry":{"type":"LineString","coordinates":[[-16.4459245,15.8463513],[-16.4460648,15.8462594],[-16.4463467,15.8462575],[-16.4466292,15.8463466],[-16.446819,15.8466182],[-16.4467289,15.8471644],[-16.446636,15.8473015],[-16.4463551,15.8474398],[-16.4459342,15.8477155],[-16.4456543,15.8479902],[-16.4456093,15.8482633],[-16.4454253,15.8488102],[-16.4453802,15.8490834],[-16.4452406,15.8492662],[-16.4449604,15.8494955],[-16.4446775,15.8493609],[-16.4443937,15.84909],[-16.4443918,15.8488171],[-16.4446717,15.8485424],[-16.4449526,15.8484041],[-16.4450925,15.8482668],[-16.4451376,15.8479936],[-16.4451168,15.8477209],[-16.4451572,15.8474478],[-16.4455069,15.8470817],[-16.4457875,15.8468979],[-16.4457855,15.846625],[-16.4459245,15.8463513]]}},{"type":"Feature","properties":{"elevation":5.0},"geometry":{"type":"LineString","coordinates":[[-16.520753771,15.845566266],[-16.520753772,15.845566266]]}},{"type":"Feature","properties":{"elevation":5.0},"geometry":{"type":"LineString","coordinates":[[-16.5029954,15.8454173],[-16.5027156,15.8456921],[-16.5029995,15.845963],[-16.5032793,15.8456882],[-16.5029954,15.8454173]]}},{"type":"Feature","properties":{"elevation":5.0},"geometry":{"type":"LineString","coordinates":[[-16.5021499,15.8454232],[-16.5015902,15.8459727],[-16.5018741,15.8462436],[-16.502156,15.8462417],[-16.5024358,15.8459669],[-16.5024338,15.845694],[-16.5021499,15.8454232]]}},{"type":"Feature","properties":{"elevation":10.0},"geometry":{"type":"LineString","coordinates":[[-16.4277419,15.8460625],[-16.4276724,15.8461994],[-16.4274629,15.8464737],[-16.4277467,15.8467446],[-16.4280295,15.8468792],[-16.4281714,15.8470147],[-16.4283142,15.8472866],[-16.4288741,15.8467372],[-16.4288722,15.8464644],[-16.4285894,15.8463298],[-16.4283072,15.8462862],[-16.4280247,15.8461971],[-16.4277419,15.8460625]]}},{"type":"Feature","properties":{"elevation":15.0},"geometry":{"type":"Point","coordinates":[-16.434225557,15.846156162]}},{"type":"Feature","properties":{"elevation":0.0},"geometry":{"type":"LineString","coordinates":[[-16.5232873,15.8451392],[-16.5230085,15.8455504],[-16.5230106,15.8458233],[-16.5231535,15.8460951],[-16.5232951,15.846185],[-16.5235763,15.8460921],[-16.5238551,15.8456809],[-16.5241359,15.8455425],[-16.523852,15.8452717],[-16.5235691,15.8451372],[-16.5232873,15.8451392]]}},{"type":"Feature","properties":{"elevation":5.0},"geometry":{"type":"LineString","coordinates":[[-16.4779089,15.845317],[-16.4776291,15.8455917],[-16.4779129,15.8458626],[-16.4781928,15.8455879],[-16.4779089,15.845317]]}},{"type":"Feature","properties":{"elevation":15.0},"geometry":{"type":"LineString","coordinates":[[-16.460718,15.8457064],[-16.4607219,15.846252],[-16.4610057,15.846523],[-16.4610096,15.8470686],[-16.4604459,15.8470724],[-16.460444,15.8467996],[-16.4607238,15.8465249],[-16.460718,15.8457064]]}},{"type":"Feature","properties":{"elevation":20.0},"geometry":{"type":"MultiLineString","coordinates":[[[-16.4539535,15.8457519],[-16.453957366427822,15.846297532960469]],[[-16.453957366427822,15.846297532960469],[-16.4539593,15.8465704],[-16.4536794,15.8468451]],[[-16.4536794,15.8468451],[-16.4536833,15.8473908],[-16.4534015,15.8473927],[-16.4533995,15.8471198],[-16.4536794,15.8468451]],[[-16.4536794,15.8468451],[-16.4536775,15.8465723],[-16.453957366427822,15.846297532960469]],[[-16.453957366427822,15.846297532960469],[-16.4539574,15.8462975],[-16.4539535,15.8457519]]]}},{"type":"Feature","properties":{"elevation":5.0},"geometry":{"type":"LineString","coordinates":[[-16.5063736,15.8448482],[-16.5060937,15.845123],[-16.5060958,15.8453958],[-16.5063796,15.8456667],[-16.5063837,15.8462123],[-16.5066676,15.8464832],[-16.5069474,15.8462084],[-16.5070863,15.8459346],[-16.5069433,15.8456627],[-16.5066595,15.8453919],[-16.5066574,15.845119],[-16.5063736,15.8448482]]}},{"type":"Feature","properties":{"elevation":5.0},"geometry":{"type":"LineString","coordinates":[[-16.5141263,15.845067],[-16.5142669,15.8450114],[-16.5145491,15.845064],[-16.514833,15.8453349],[-16.5146941,15.8456087],[-16.5145539,15.8457006],[-16.5142723,15.8457481],[-16.51399,15.8456818],[-16.5138955,15.8456143],[-16.5138465,15.8453418],[-16.5139861,15.8451589],[-16.5141263,15.845067]]}},{"type":"Feature","properties":{"elevation":5.0},"geometry":{"type":"LineString","coordinates":[[-16.5117286,15.8448109],[-16.5114488,15.8450857],[-16.5117327,15.8453565],[-16.5120125,15.8450817],[-16.5117286,15.8448109]]}},{"type":"Feature","properties":{"elevation":5.0},"geometry":{"type":"LineString","coordinates":[[-16.5044006,15.8448619],[-16.5041208,15.8451367],[-16.5035591,15.8454134],[-16.5032793,15.8456882],[-16.5035632,15.8459591],[-16.503844,15.8458207],[-16.5041259,15.8458187],[-16.5045517,15.846225],[-16.5048376,15.8467687],[-16.5046976,15.8469061],[-16.5044168,15.8470445],[-16.5038572,15.8475941],[-16.5032935,15.847598],[-16.5030096,15.8473271],[-16.5024439,15.8470582],[-16.502164,15.847333],[-16.5024479,15.8476038],[-16.5025908,15.8478757],[-16.5030156,15.8481456],[-16.5032975,15.8481436],[-16.5035814,15.8484145],[-16.5038632,15.8484126],[-16.504143,15.8481378],[-16.5047067,15.8481339],[-16.5052745,15.8486756],[-16.5055543,15.8484008],[-16.5055503,15.8478552],[-16.5058301,15.8475804],[-16.5058281,15.8473075],[-16.5052603,15.8467658],[-16.5055381,15.8462182],[-16.5055361,15.8459454],[-16.5052522,15.8456745],[-16.5044067,15.8456804],[-16.5046865,15.8454056],[-16.5046845,15.8451327],[-16.5044006,15.8448619]]}},{"type":"Feature","properties":{"elevation":5.0},"geometry":{"type":"LineString","coordinates":[[-16.4976363,15.8449087],[-16.4973565,15.8451835],[-16.4972176,15.8454573],[-16.4972196,15.8457301],[-16.4973625,15.846002],[-16.4979222,15.8454524],[-16.4979202,15.8451796],[-16.4976363,15.8449087]]}},{"type":"Feature","properties":{"elevation":5.0},"geometry":{"type":"LineString","coordinates":[[-16.4756521,15.8450595],[-16.4755132,15.8453333],[-16.4750934,15.8457454],[-16.4748125,15.8458838],[-16.4742528,15.8464333],[-16.4739719,15.8465716],[-16.473832,15.846709],[-16.473693,15.8469828],[-16.473695,15.8472556],[-16.4734152,15.8475303],[-16.473699,15.8478013],[-16.4742627,15.8477974],[-16.4742647,15.8480703],[-16.4741257,15.848344],[-16.4741277,15.8486169],[-16.4739888,15.8488907],[-16.4742726,15.8491616],[-16.4745545,15.8491597],[-16.4748383,15.8494306],[-16.4751202,15.8494287],[-16.4754,15.8491539],[-16.475398,15.8488811],[-16.475537,15.8486073],[-16.4756769,15.8484699],[-16.4759578,15.8483316],[-16.4759558,15.8480587],[-16.4758129,15.8477869],[-16.4758109,15.847514],[-16.475668,15.8472422],[-16.4753842,15.8469713],[-16.4759479,15.8469674],[-16.4762258,15.8464198],[-16.4762238,15.846147],[-16.4765017,15.8455994],[-16.4763587,15.8453275],[-16.4762168,15.8451921],[-16.475934,15.8450576],[-16.4756521,15.8450595]]}},{"type":"Feature","properties":{"elevation":10.0},"geometry":{"type":"LineString","coordinates":[[-16.4646619,15.8454069],[-16.4649438,15.845405],[-16.4650867,15.8456769],[-16.4649477,15.8459507],[-16.4646678,15.8462254],[-16.4643889,15.8466366],[-16.4641081,15.8467749],[-16.464251,15.8470468],[-16.464112,15.8473206],[-16.4638301,15.8473225],[-16.4632645,15.8470534],[-16.4632625,15.8467806],[-16.4629787,15.8465097],[-16.4629747,15.845964],[-16.4632586,15.8462349],[-16.4638183,15.8456855],[-16.4640992,15.8455471],[-16.4643807,15.8454998],[-16.4646619,15.8454069]]}},{"type":"Feature","properties":{"elevation":10.0},"geometry":{"type":"LineString","coordinates":[[-16.4598685,15.8451664],[-16.4595886,15.8454411],[-16.4598724,15.8457121],[-16.4601523,15.8454373],[-16.4598685,15.8451664]]}},{"type":"Feature","properties":{"elevation":15.0},"geometry":{"type":"LineString","coordinates":[[-16.4564882,15.845462],[-16.4564902,15.8457348]]}},{"type":"Feature","properties":{"elevation":20.0},"geometry":{"type":"MultiLineString","coordinates":[[[-16.4263297,15.8456626],[-16.4266135,15.8459336],[-16.4263336,15.8462082],[-16.425769840510416,15.846211920260592]],[[-16.425769840510416,15.846211920260592],[-16.424991456169572,15.846217056835041]],[[-16.424991454872245,15.846217063155768],[-16.4257698,15.846212],[-16.425769840510416,15.846211920260592]],[[-16.425769840510416,15.846211920260592],[-16.4259089,15.8459382],[-16.4263297,15.8456626]]]}},{"type":"Feature","properties":{"elevation":5.0},"geometry":{"type":"LineString","coordinates":[[-16.5097537,15.8445518],[-16.5094739,15.8448266],[-16.5100416,15.8453683],[-16.5103235,15.8453664],[-16.5106012,15.8448187],[-16.5103174,15.8445479],[-16.5097537,15.8445518]]}},{"type":"Feature","properties":{"elevation":5.0},"geometry":{"type":"LineString","coordinates":[[-16.4787515,15.844902],[-16.4784706,15.8450403],[-16.4787545,15.8453112],[-16.4790363,15.8453093],[-16.4793162,15.8450345],[-16.4790324,15.8447636],[-16.4787515,15.844902]]}},{"type":"Feature","properties":{"elevation":5.0},"geometry":{"type":"LineString","coordinates":[[-16.4722689,15.8449461],[-16.4717072,15.8452228],[-16.4714254,15.8452247],[-16.4711425,15.8450902],[-16.4708607,15.8450921],[-16.470299,15.8453687],[-16.4700191,15.8456435],[-16.4700211,15.8459163],[-16.4705887,15.8464582],[-16.4704498,15.8467319],[-16.4702169,15.8470064],[-16.4701249,15.8472798],[-16.4700316,15.8473714],[-16.4697511,15.8475552],[-16.4695651,15.8478293],[-16.4696141,15.8481018],[-16.469757,15.8483737],[-16.4700388,15.8483718],[-16.4703217,15.8485063],[-16.4706032,15.8484589],[-16.4708844,15.8483661],[-16.4711653,15.8482277],[-16.4713522,15.8480901],[-16.4714442,15.8478166],[-16.471725,15.8476783],[-16.4720049,15.8474035],[-16.4720979,15.8472665],[-16.4721389,15.8464476],[-16.471996,15.8461758],[-16.4714323,15.8461796],[-16.4714303,15.8459068],[-16.4717102,15.845632],[-16.4719911,15.8454937],[-16.4722729,15.8454918],[-16.4725538,15.8453534],[-16.4725518,15.8450806],[-16.4722689,15.8449461]]}},{"type":"Feature","properties":{"elevation":5.0},"geometry":{"type":"LineString","coordinates":[[-16.4516941,15.8451304],[-16.4514139,15.8453596],[-16.451133,15.8454979],[-16.4508531,15.8457726],[-16.450949,15.8460448],[-16.450857,15.8463183],[-16.450718,15.8465921],[-16.4504381,15.8468668],[-16.4502991,15.8471406],[-16.4500192,15.8474153],[-16.4500212,15.8476881],[-16.4501171,15.8479603],[-16.4500241,15.8480974],[-16.4497432,15.8482357],[-16.449462,15.8483285],[-16.4489009,15.8486961],[-16.4488076,15.8487877],[-16.4487625,15.8490608],[-16.4486226,15.8491982],[-16.4483436,15.8496093],[-16.4482751,15.8498826],[-16.4482086,15.8504287],[-16.4482124,15.8509744],[-16.4480735,15.8512482],[-16.4477926,15.8513865],[-16.4476526,15.8515239],[-16.4473746,15.8520714],[-16.4471417,15.8523458],[-16.4470967,15.852619],[-16.4469577,15.8528927],[-16.4469596,15.8531656],[-16.4466797,15.8534403],[-16.4466817,15.8537131],[-16.4469655,15.8539841],[-16.4472483,15.8541186],[-16.4475292,15.8539803],[-16.4475272,15.8537075],[-16.4476662,15.8534337],[-16.4480871,15.853158],[-16.448367,15.8528833],[-16.4480832,15.8526124],[-16.4480812,15.8523395],[-16.4483612,15.8520648],[-16.448643,15.8520629],[-16.4492029,15.8515135],[-16.449199,15.8509678],[-16.4493379,15.850694],[-16.449336,15.8504212],[-16.449614,15.8498737],[-16.449659,15.8496005],[-16.4498919,15.8493261],[-16.4503128,15.8490504],[-16.4505907,15.8485029],[-16.4506827,15.8482294],[-16.4507708,15.8474103],[-16.4508638,15.8472732],[-16.4511437,15.8469985],[-16.4514246,15.8468602],[-16.4517045,15.8465855],[-16.4517965,15.846312],[-16.4518415,15.8460389],[-16.4521195,15.8454913],[-16.4521175,15.8452185],[-16.4519756,15.845083],[-16.4516941,15.8451304]]}},{"type":"Feature","properties":{"elevation":10.0},"geometry":{"type":"LineString","coordinates":[[-16.4629689,15.8451455],[-16.4629708,15.8454183]]}},{"type":"Feature","properties":{"elevation":20.0},"geometry":{"type":"LineString","coordinates":[[-16.4500036,15.8452326],[-16.4500995,15.8455048],[-16.4500066,15.8456419],[-16.4497237,15.8455073],[-16.4500036,15.8452326]]}},{"type":"Feature","properties":{"elevation":20.0},"geometry":{"type":"LineString","coordinates":[[-16.4545133,15.8452024],[-16.4547951,15.8452005]]}},{"type":"Feature","properties":{"elevation":20.0},"geometry":{"type":"LineString","coordinates":[[-16.4308375,15.84536],[-16.4311194,15.8453581],[-16.4314012,15.8453563],[-16.4311213,15.845631],[-16.4308375,15.84536]]}},{"type":"Feature","properties":{"elevation":0.0},"geometry":{"type":"LineString","coordinates":[[-16.5142612,15.8442475],[-16.5141223,15.8445213],[-16.5142642,15.8446568],[-16.5145457,15.8446093],[-16.514686,15.8445174],[-16.514543,15.8442456],[-16.5142612,15.8442475]]}},{"type":"Feature","properties":{"elevation":5.0},"geometry":{"type":"LineString","coordinates":[[-16.5015781,15.8443358],[-16.5012983,15.8446105],[-16.5015812,15.844745],[-16.501862,15.8446066],[-16.5015781,15.8443358]]}},{"type":"Feature","properties":{"elevation":5.0},"geometry":{"type":"LineString","coordinates":[[-16.4984778,15.8443572],[-16.4979182,15.8449068],[-16.498202,15.8451777],[-16.4982081,15.8459961],[-16.4979282,15.8462709],[-16.4976464,15.8462729],[-16.4973625,15.846002],[-16.4972236,15.8462758],[-16.4972256,15.8465486],[-16.4970867,15.8468224],[-16.4970887,15.8470952],[-16.4973726,15.8473661],[-16.4982181,15.8473603],[-16.4987798,15.8470836],[-16.4990576,15.8465359],[-16.4993395,15.846534],[-16.5001911,15.8473466],[-16.5004709,15.8470719],[-16.5004669,15.8465262],[-16.500181,15.8459825],[-16.500179,15.8457097],[-16.4998951,15.8454388],[-16.4993314,15.8454427],[-16.4990476,15.8451718],[-16.4990456,15.844899],[-16.4984778,15.8443572]]}},{"type":"Feature","properties":{"elevation":10.0},"geometry":{"type":"LineString","coordinates":[[-16.4601474,15.8447553],[-16.4600074,15.8448926],[-16.4598685,15.8451664],[-16.4601523,15.8454373],[-16.4604322,15.8451626],[-16.4604302,15.8448898],[-16.4601474,15.8447553]]}},{"type":"Feature","properties":{"elevation":10.0},"geometry":{"type":"Point","coordinates":[-16.487769656,15.844703829]}},{"type":"Feature","properties":{"elevation":5.0},"geometry":{"type":"LineString","coordinates":[[-16.5058048,15.84417],[-16.505524,15.8443084],[-16.5058078,15.8445793],[-16.5059467,15.8443055],[-16.5058048,15.84417]]}},{"type":"Feature","properties":{"elevation":5.0},"geometry":{"type":"LineString","coordinates":[[-16.4522536,15.8445354],[-16.4521136,15.8446728],[-16.4522555,15.8448083],[-16.4523955,15.8446709],[-16.4522536,15.8445354]]}},{"type":"Feature","properties":{"elevation":10.0},"geometry":{"type":"LineString","coordinates":[[-16.5066514,15.8443006],[-16.5069322,15.8441622],[-16.507215,15.8442966],[-16.5077828,15.8448384],[-16.5077848,15.8451112],[-16.507503,15.8451132],[-16.5075009,15.8448403],[-16.5072171,15.8445695],[-16.5069352,15.8445714],[-16.5066514,15.8443006]]}},{"type":"Feature","properties":{"elevation":10.0},"geometry":{"type":"LineString","coordinates":[[-16.4406966,15.8444761],[-16.4406583,15.8447493],[-16.4405596,15.8450228],[-16.4404196,15.8451601],[-16.4402366,15.8458435],[-16.4402855,15.846116],[-16.4404283,15.8463879],[-16.4407102,15.846386],[-16.4409901,15.8461113],[-16.441271,15.845973],[-16.441411,15.8458356],[-16.4412681,15.8455637],[-16.4412662,15.8452909],[-16.4409804,15.8447471],[-16.4406966,15.8444761]]}},{"type":"Feature","properties":{"elevation":10.0},"geometry":{"type":"LineString","coordinates":[[-16.4897406,15.8444174],[-16.4900224,15.8444155]]}},{"type":"Feature","properties":{"elevation":20.0},"geometry":{"type":"LineString","coordinates":[[-16.4434232,15.8447309],[-16.4435161,15.8445938],[-16.443798,15.8445919],[-16.4440808,15.8447265],[-16.4442237,15.8449984],[-16.4440847,15.8452721],[-16.4438048,15.8455469],[-16.4436188,15.8458209],[-16.4435973,15.8460939],[-16.4432469,15.8463691],[-16.4431079,15.8466429],[-16.4429709,15.8471895],[-16.442689,15.8471914],[-16.4424058,15.8470114],[-16.4423347,15.8469209],[-16.4424033,15.8466476],[-16.4424953,15.8463741],[-16.4426812,15.8461],[-16.4429592,15.8455525],[-16.4432391,15.8452778],[-16.4433781,15.845004],[-16.4434232,15.8447309]]}},{"type":"Feature","properties":{"elevation":20.0},"geometry":{"type":"LineString","coordinates":[[-16.426042117,15.844845912],[-16.426042117,15.844845911]]}},{"type":"Feature","properties":{"elevation":25.0},"geometry":{"type":"LineString","coordinates":[[-16.4392893,15.8447583],[-16.439853,15.8447546],[-16.4392932,15.845304],[-16.439012,15.8453968],[-16.4387295,15.8453078],[-16.4392893,15.8447583]]}},{"type":"Feature","properties":{"elevation":5.0},"geometry":{"type":"LineString","coordinates":[[-16.499883,15.8438018],[-16.4997441,15.8440756],[-16.4998871,15.8443475],[-16.5001689,15.8443455],[-16.5004487,15.8440707],[-16.5001649,15.8437999],[-16.499883,15.8438018]]}},{"type":"Feature","properties":{"elevation":5.0},"geometry":{"type":"LineString","coordinates":[[-16.4708528,15.8440008],[-16.4705729,15.8442755],[-16.4708567,15.8445464],[-16.4709957,15.8442726],[-16.4708528,15.8440008]]}},{"type":"Feature","properties":{"elevation":10.0},"geometry":{"type":"LineString","coordinates":[[-16.4818459,15.8440623],[-16.4817529,15.8441994],[-16.4817079,15.8444725],[-16.4817569,15.844745],[-16.4817589,15.8450179],[-16.4816434,15.8452915],[-16.4816689,15.8455642],[-16.4818588,15.8458357],[-16.4821407,15.8458338],[-16.4824215,15.8456954],[-16.4825634,15.8458309],[-16.4827063,15.8461027],[-16.4831311,15.8463727],[-16.483274,15.8466446],[-16.4829962,15.8471921],[-16.4835619,15.8474611],[-16.4835639,15.8477339],[-16.4838477,15.8480048],[-16.4841296,15.8480029],[-16.4844094,15.8477282],[-16.4846873,15.8471806],[-16.4844034,15.8469097],[-16.4838397,15.8469135],[-16.4836968,15.8466417],[-16.4838357,15.8463679],[-16.4841156,15.8460931],[-16.4838318,15.8458222],[-16.4835499,15.8458241],[-16.4827024,15.8455571],[-16.4824145,15.8447405],[-16.4821307,15.8444696],[-16.4821287,15.8441968],[-16.4818459,15.8440623]]}},{"type":"Feature","properties":{"elevation":10.0},"geometry":{"type":"LineString","coordinates":[[-16.434213,15.8443827],[-16.4339321,15.844521],[-16.4339341,15.8447938],[-16.4340769,15.8450657],[-16.4342188,15.8452012],[-16.4345016,15.8453358],[-16.4345036,15.8456086],[-16.4347873,15.8458796],[-16.4350692,15.8458777],[-16.4353491,15.845603],[-16.435353,15.8461487],[-16.4356368,15.8464197],[-16.4359167,15.846145],[-16.4361986,15.8461431],[-16.4364785,15.8458684],[-16.4363356,15.8455965],[-16.4363337,15.8453237],[-16.436474,15.8452318],[-16.4366136,15.8450489],[-16.4364708,15.844777],[-16.4361879,15.8446425],[-16.4359071,15.8447808],[-16.4356271,15.8450555],[-16.4356291,15.8453283],[-16.4353453,15.8450574],[-16.4353414,15.8445117],[-16.4350576,15.8442407],[-16.4347758,15.8442426],[-16.4344949,15.8443809],[-16.434213,15.8443827]]}},{"type":"Feature","properties":{"elevation":10.0},"geometry":{"type":"LineString","coordinates":[[-16.4454872,15.8443078],[-16.4453942,15.8444449],[-16.4453492,15.844718],[-16.445633,15.844989],[-16.4457758,15.8452609],[-16.4460586,15.8453954],[-16.4461986,15.8452581],[-16.4463376,15.8449843],[-16.4464296,15.8447108],[-16.4463347,15.844575],[-16.4460509,15.8443041],[-16.4457687,15.8442605],[-16.4454872,15.8443078]]}},{"type":"Feature","properties":{"elevation":10.0},"geometry":{"type":"LineString","coordinates":[[-16.4274488,15.8444729],[-16.4273555,15.8445644],[-16.4271715,15.8451113],[-16.4273143,15.8453832],[-16.4274559,15.8454733],[-16.4277371,15.8453805],[-16.4280161,15.8449693],[-16.428156,15.844832],[-16.4280132,15.8445601],[-16.4277301,15.84438],[-16.4274488,15.8444729]]}},{"type":"Feature","properties":{"elevation":20.0},"geometry":{"type":"LineString","coordinates":[[-16.483256098,15.844189076],[-16.483256099,15.844189076]]}},{"type":"Feature","properties":{"elevation":5.0},"geometry":{"type":"LineString","coordinates":[[-16.5043915,15.8436341],[-16.5041107,15.8437725],[-16.5043946,15.8440434],[-16.5043966,15.8443162],[-16.5046795,15.8444507],[-16.5049613,15.8444487],[-16.5051012,15.8443113],[-16.5050992,15.8440385],[-16.5050502,15.843766],[-16.5049552,15.8436302],[-16.5043915,15.8436341]]}},{"type":"Feature","properties":{"elevation":5.0},"geometry":{"type":"LineString","coordinates":[[-16.4987536,15.8435368],[-16.4984738,15.8438116],[-16.4987577,15.8440824],[-16.4990395,15.8440805],[-16.4993193,15.8438057],[-16.4990355,15.8435348],[-16.4987536,15.8435368]]}},{"type":"Feature","properties":{"elevation":10.0},"geometry":{"type":"MultiLineString","coordinates":[[[-16.4928369,15.8438505],[-16.4931187,15.8438485],[-16.4934026,15.8441194],[-16.4934066,15.8446651],[-16.4934146,15.8457564],[-16.4931348,15.8460312],[-16.4932777,15.846303],[-16.4929999,15.8468506],[-16.4929549,15.8471238],[-16.492863,15.8473972],[-16.492865,15.8476701],[-16.4927261,15.8479439],[-16.4925861,15.8480813],[-16.4923053,15.8482196],[-16.4920244,15.848358],[-16.4914607,15.8483618],[-16.4911779,15.8482274],[-16.4911739,15.8476817]],[[-16.4911739,15.8476817],[-16.49089,15.8474108]],[[-16.49089,15.8474108],[-16.4906082,15.8474128],[-16.4906022,15.8465943],[-16.490886,15.8468652],[-16.49089,15.8474108]],[[-16.4911739,15.8476817],[-16.4914547,15.8475434],[-16.4917362,15.8474959],[-16.4920174,15.8474031],[-16.4922973,15.8471283],[-16.4924362,15.8468545],[-16.4924302,15.846036],[-16.4925691,15.8457622],[-16.4922852,15.8454913],[-16.4922832,15.8452185],[-16.4921873,15.8449463],[-16.4921383,15.8446738],[-16.492698,15.8441243],[-16.4928369,15.8438505]]]}},{"type":"Feature","properties":{"elevation":10.0},"geometry":{"type":"LineString","coordinates":[[-16.4336464,15.8439772],[-16.4335074,15.844251],[-16.4336503,15.8445229],[-16.4339302,15.8442482],[-16.4336464,15.8439772]]}},{"type":"Feature","properties":{"elevation":5.0},"geometry":{"type":"LineString","coordinates":[[-16.4914237,15.8433145],[-16.4911438,15.8435893],[-16.4911458,15.8438621],[-16.4914297,15.844133],[-16.4917115,15.844131],[-16.4919914,15.8438563],[-16.4919894,15.8435834],[-16.4917055,15.8433126],[-16.4914237,15.8433145]]}},{"type":"Feature","properties":{"elevation":5.0},"geometry":{"type":"LineString","coordinates":[[-16.5018499,15.8429697],[-16.5015701,15.8432444],[-16.501713,15.8435163],[-16.5018549,15.8436517],[-16.5021368,15.8436498],[-16.5024176,15.8435114],[-16.5022747,15.8432396],[-16.5021328,15.8431041],[-16.5018499,15.8429697]]}},{"type":"Feature","properties":{"elevation":5.0},"geometry":{"type":"LineString","coordinates":[[-16.5229881,15.8428222],[-16.5227083,15.843097],[-16.523274,15.8433658],[-16.5235538,15.843091],[-16.5232699,15.8428202],[-16.5229881,15.8428222]]}},{"type":"Feature","properties":{"elevation":5.0},"geometry":{"type":"LineString","coordinates":[[-16.477894,15.8432707],[-16.4776132,15.8434091],[-16.4774742,15.8436829],[-16.4776171,15.8439547],[-16.4776191,15.8442276],[-16.4773393,15.8445023],[-16.4770574,15.8445043],[-16.4769185,15.844778],[-16.4770614,15.8450499],[-16.4773432,15.845048],[-16.4776271,15.8453189],[-16.4779089,15.845317],[-16.4784687,15.8447675],[-16.4784667,15.8444946],[-16.4786056,15.8442209],[-16.4784627,15.843949],[-16.4784607,15.8436761],[-16.4781769,15.8434052],[-16.477894,15.8432707]]}},{"type":"Feature","properties":{"elevation":5.0},"geometry":{"type":"LineString","coordinates":[[-16.4491444,15.8433284],[-16.4490055,15.8436022],[-16.4491474,15.8437377],[-16.4494282,15.8435994],[-16.4491444,15.8433284]]}},{"type":"Feature","properties":{"elevation":10.0},"geometry":{"type":"LineString","coordinates":[[-16.4443539,15.8434968],[-16.4442844,15.8436337],[-16.4443559,15.8437697],[-16.4446368,15.8436314],[-16.4443539,15.8434968]]}},{"type":"Feature","properties":{"elevation":10.0},"geometry":{"type":"LineString","coordinates":[[-16.4344891,15.8435623],[-16.4343491,15.8436997],[-16.434492,15.8439716],[-16.4347739,15.8439697],[-16.4349128,15.843696],[-16.43477,15.8434241],[-16.4344891,15.8435623]]}},{"type":"Feature","properties":{"elevation":15.0},"geometry":{"type":"MultiLineString","coordinates":[[[-16.4838138,15.8433667],[-16.4840957,15.8433648],[-16.4846633,15.8439066],[-16.4846653,15.8441794]],[[-16.4846653,15.8441794],[-16.4849492,15.8444503]],[[-16.4849492,15.8444503],[-16.485231,15.8444484],[-16.4849512,15.8447232],[-16.4849492,15.8444503]],[[-16.4846653,15.8441794],[-16.4843835,15.8441814],[-16.4840996,15.8439105],[-16.4839607,15.8441843],[-16.4841036,15.8444561],[-16.4839647,15.8447299],[-16.4835439,15.8450056],[-16.4832631,15.845144],[-16.4829802,15.8450095],[-16.4829782,15.8447367],[-16.4828353,15.8444648],[-16.4825985,15.8441936],[-16.4825965,15.8439207],[-16.4826894,15.8437837],[-16.4829709,15.8437363],[-16.4832521,15.8436434],[-16.4838138,15.8433667]]]}},{"type":"Feature","properties":{"elevation":15.0},"geometry":{"type":"LineString","coordinates":[[-16.4471734,15.8436145],[-16.4474553,15.8436126],[-16.4477391,15.8438835],[-16.4471793,15.844433],[-16.4468974,15.8444348],[-16.4467545,15.8441629],[-16.4467526,15.8438901],[-16.4468922,15.8437073],[-16.4471734,15.8436145]]}},{"type":"Feature","properties":{"elevation":15.0},"geometry":{"type":"MultiLineString","coordinates":[[[-16.4298395,15.8437295],[-16.4299795,15.8435921],[-16.4302613,15.8435903],[-16.4304032,15.8437258],[-16.430546,15.8439977],[-16.4302661,15.8442724],[-16.430268,15.8445452],[-16.4305508,15.8446798],[-16.430833,15.8447234],[-16.4311146,15.8446761],[-16.4312545,15.8445387],[-16.4313935,15.8442649],[-16.4316744,15.8441267],[-16.431956,15.8440793],[-16.4322381,15.8441229],[-16.4325219,15.8443939],[-16.4326168,15.8445297],[-16.4325248,15.8448032],[-16.4328086,15.8450741],[-16.4330943,15.8456179],[-16.4330962,15.8458908],[-16.4328163,15.8461655],[-16.4325344,15.8461673],[-16.4319688,15.8458982],[-16.4318767,15.8461717],[-16.4316908,15.8464458],[-16.4316965,15.8472643],[-16.4322622,15.8475334],[-16.4323581,15.8478056],[-16.4325479,15.8480772],[-16.4328317,15.8483482],[-16.4326927,15.8486219],[-16.4326946,15.8488948],[-16.4327435,15.8491673],[-16.4325575,15.8494414],[-16.4322757,15.8494433],[-16.4319949,15.849601],[-16.4318749,15.8497188],[-16.4317722,15.8499923],[-16.4317177,15.8502655],[-16.4314378,15.8505402],[-16.430874,15.8505439],[-16.4305941,15.8508186],[-16.4308779,15.8510896],[-16.4310207,15.8513615],[-16.4310227,15.8516343],[-16.4312595,15.8519056],[-16.4312614,15.8521785],[-16.4311694,15.8524519],[-16.4308894,15.8527266],[-16.4307504,15.8530004],[-16.4307054,15.8532735],[-16.4306133,15.853547],[-16.4306172,15.8540927],[-16.4305251,15.8543661],[-16.4303391,15.8546402],[-16.4300586,15.8548239],[-16.4297767,15.8548258],[-16.4294955,15.8549186],[-16.4293564,15.8551924],[-16.4293584,15.8554652],[-16.4292194,15.855739],[-16.4289356,15.855468],[-16.4286499,15.8549242],[-16.428368,15.8549261],[-16.4280868,15.8550189],[-16.4278062,15.8552026],[-16.4278081,15.8554754],[-16.4275281,15.8557501],[-16.4273891,15.8560239],[-16.427391,15.8562967],[-16.4275329,15.8564322],[-16.4278158,15.8565668],[-16.4283795,15.8565631],[-16.4286595,15.8562884],[-16.4289413,15.8562865],[-16.4295128,15.8573741],[-16.4295147,15.857647],[-16.4292328,15.8576488],[-16.4289529,15.8579235],[-16.428671,15.8579254],[-16.4283878,15.8577454],[-16.4281072,15.8579291],[-16.4281092,15.858202],[-16.42796001264717,15.8582029525975]],[[-16.42583448265307,15.855414119872576],[-16.4258331,15.8552156],[-16.4261111,15.8546681],[-16.426671,15.8541187],[-16.4263872,15.8538477],[-16.4262914,15.8535755],[-16.4263834,15.853302],[-16.4266643,15.8531638],[-16.4269471,15.8532983],[-16.4272309,15.8535693],[-16.4277927,15.8532927],[-16.4280752,15.8533818],[-16.4283565,15.853289],[-16.4286371,15.8531053],[-16.4289192,15.8531489],[-16.4292021,15.8532834],[-16.429483,15.8531452],[-16.4296229,15.8530078],[-16.429762,15.8527341],[-16.4296191,15.8524621],[-16.4294772,15.8523267],[-16.4291953,15.8523285],[-16.4289125,15.852194],[-16.4289106,15.8519211],[-16.4291886,15.8513736],[-16.4291867,15.8511008],[-16.4290438,15.8508288],[-16.4291829,15.8505551],[-16.429179,15.8500094],[-16.429458,15.8495983],[-16.4300179,15.8490489],[-16.4300874,15.848912],[-16.430015,15.8486396],[-16.4294474,15.8480977],[-16.4294436,15.847552],[-16.4297235,15.8472773],[-16.4297197,15.8467316],[-16.4300015,15.8467298],[-16.4302824,15.8465915],[-16.4305653,15.8467261],[-16.430849,15.846997],[-16.431129,15.8467223],[-16.431315,15.8464483],[-16.4311258,15.8462676],[-16.4309842,15.8461776],[-16.4308414,15.8459057],[-16.4305585,15.8457711],[-16.4304166,15.8456356],[-16.4302738,15.8453637],[-16.4302719,15.8450909],[-16.4299862,15.8445471],[-16.4297043,15.8445489],[-16.4291444,15.8450983],[-16.4285807,15.845102],[-16.4287197,15.8448283],[-16.4287648,15.8445551],[-16.428575,15.8442835],[-16.4285731,15.8440107],[-16.4297005,15.8440033],[-16.4298395,15.8437295]]]}},{"type":"Feature","properties":{"elevation":5.0},"geometry":{"type":"LineString","coordinates":[[-16.5150965,15.8428775],[-16.5156602,15.8428735],[-16.5156622,15.8431464],[-16.5153804,15.8431483],[-16.5150965,15.8428775]]}},{"type":"Feature","properties":{"elevation":10.0},"geometry":{"type":"LineString","coordinates":[[-16.487194,15.8430707],[-16.4874758,15.8430688],[-16.4874778,15.8433416],[-16.4877617,15.8436125],[-16.4877657,15.8441582],[-16.4880495,15.8444291],[-16.4874818,15.8438873],[-16.4872,15.8438892],[-16.487198,15.8436164],[-16.487102,15.8433442],[-16.487194,15.8430707]]}},{"type":"Feature","properties":{"elevation":10.0},"geometry":{"type":"LineString","coordinates":[[-16.4640825,15.8432281],[-16.4643643,15.8432261],[-16.4646482,15.8434971],[-16.4646501,15.8437699],[-16.4643702,15.8440446],[-16.4643722,15.8443175],[-16.4640923,15.8445922],[-16.4635286,15.844596],[-16.462961,15.8440542],[-16.4632428,15.8440523],[-16.4635227,15.8437775],[-16.4638036,15.8436392],[-16.4639435,15.8435018],[-16.4640825,15.8432281]]}},{"type":"Feature","properties":{"elevation":10.0},"geometry":{"type":"LineString","coordinates":[[-16.4446339,15.8432221],[-16.4444939,15.8433595],[-16.4446368,15.8436314],[-16.4447288,15.8433579],[-16.4446339,15.8432221]]}},{"type":"Feature","properties":{"elevation":15.0},"geometry":{"type":"LineString","coordinates":[[-16.4322314,15.843168],[-16.4322333,15.8434408]]}},{"type":"Feature","properties":{"elevation":5.0},"geometry":{"type":"LineString","coordinates":[[-16.4736604,15.842481],[-16.4733795,15.8426194],[-16.4736634,15.8428903],[-16.4739432,15.8426155],[-16.4736604,15.842481]]}},{"type":"Feature","properties":{"elevation":10.0},"geometry":{"type":"LineString","coordinates":[[-16.4931087,15.8424844],[-16.4933896,15.842346],[-16.4936744,15.8427533],[-16.4936764,15.8430261],[-16.4933956,15.8431645],[-16.4931127,15.84303],[-16.4930168,15.8427578],[-16.4931087,15.8424844]]}},{"type":"Feature","properties":{"elevation":10.0},"geometry":{"type":"LineString","coordinates":[[-16.4443487,15.8427602],[-16.4440672,15.8428166],[-16.444351,15.8430876],[-16.4444196,15.8428143],[-16.4443487,15.8427602]]}},{"type":"Feature","properties":{"elevation":5.0},"geometry":{"type":"LineString","coordinates":[[-16.5074797,15.8419756],[-16.5073398,15.842113],[-16.5069231,15.8429345],[-16.5069251,15.8432073],[-16.507209,15.8434782],[-16.5074908,15.8434762],[-16.5077737,15.8436106],[-16.5080555,15.8436087],[-16.5083384,15.8437431],[-16.5086222,15.844014],[-16.5089021,15.8437392],[-16.5089,15.8434664],[-16.5083343,15.8431975],[-16.5080505,15.8429266],[-16.5081893,15.8426528],[-16.5081873,15.84238],[-16.5080444,15.8421081],[-16.5077625,15.8421101],[-16.5074797,15.8419756]]}},{"type":"Feature","properties":{"elevation":5.0},"geometry":{"type":"LineString","coordinates":[[-16.4821138,15.8421506],[-16.4818329,15.8422889],[-16.4815531,15.8425637],[-16.4818369,15.8428346],[-16.4821194,15.8429236],[-16.4824016,15.8429671],[-16.4825415,15.8428297],[-16.4825865,15.8425566],[-16.4825375,15.8422841],[-16.4823956,15.8421486],[-16.4821138,15.8421506]]}},{"type":"Feature","properties":{"elevation":10.0},"geometry":{"type":"LineString","coordinates":[[-16.4310992,15.8424934],[-16.4308183,15.8426316],[-16.4311021,15.8429026],[-16.4313846,15.8429917],[-16.4316658,15.8428989],[-16.4316638,15.8426261],[-16.4313813,15.842537],[-16.4310992,15.8424934]]}},{"type":"Feature","properties":{"elevation":20.0},"geometry":{"type":"LineString","coordinates":[[-16.4271542,15.8426558],[-16.4271561,15.8429286],[-16.4274399,15.8431996],[-16.427158,15.8432015],[-16.4271542,15.8426558]]}},{"type":"Feature","properties":{"elevation":5.0},"geometry":{"type":"MultiLineString","coordinates":[[[-16.5248329,15.8445242],[-16.524692,15.8445252],[-16.5244116,15.844722],[-16.5238459,15.8444532],[-16.523564,15.8444552],[-16.5232829,15.8445481],[-16.5230024,15.844732],[-16.5227226,15.8450068],[-16.5224407,15.8450087],[-16.5224367,15.8444631],[-16.5227165,15.8441883],[-16.5227144,15.8439155],[-16.5224305,15.8436446],[-16.5218668,15.8436486],[-16.5218628,15.8431029],[-16.5221425,15.8428281],[-16.5221405,15.8425553],[-16.5219975,15.8422834],[-16.5219955,15.8420106],[-16.5221344,15.8417368],[-16.5224162,15.8417348],[-16.522697,15.8415964],[-16.5229799,15.8417309],[-16.5235477,15.8422726],[-16.5235497,15.8425454],[-16.5238336,15.8428162],[-16.5243973,15.8428123],[-16.5246784,15.8427193],[-16.5249589,15.8425355]],[[-16.5249589,15.8425355],[-16.5249569,15.8422627]],[[-16.5249569,15.8422627],[-16.5248139,15.8419908],[-16.5249538,15.8418534],[-16.5250018,15.8419895],[-16.5249569,15.8422627]],[[-16.5249589,15.8425355],[-16.5250415,15.8428077],[-16.5247617,15.8430825],[-16.5247302,15.8433556],[-16.524793,15.8439008],[-16.5247363,15.8441741],[-16.5247879,15.8443101],[-16.5248316,15.8443439]]]}},{"type":"Feature","properties":{"elevation":5.0},"geometry":{"type":"LineString","coordinates":[[-16.4953584,15.8417867],[-16.4950776,15.8419251],[-16.4950796,15.8421979],[-16.4953635,15.8424688],[-16.4956433,15.842194],[-16.4956413,15.8419212],[-16.4953584,15.8417867]]}},{"type":"Feature","properties":{"elevation":10.0},"geometry":{"type":"LineString","coordinates":[[-16.458719516,15.842172823],[-16.458719516,15.842172822]]}},{"type":"Feature","properties":{"elevation":15.0},"geometry":{"type":"LineString","coordinates":[[-16.4350441,15.8423308],[-16.4350461,15.8426037],[-16.4351889,15.8428756],[-16.4350499,15.8431494],[-16.4347671,15.8430148],[-16.4346722,15.842879],[-16.4347642,15.8426056],[-16.4350441,15.8423308]]}},{"type":"Feature","properties":{"elevation":20.0},"geometry":{"type":"MultiLineString","coordinates":[[[-16.4398356,15.8422991],[-16.4401175,15.8422972],[-16.4401194,15.84257],[-16.440687,15.843112],[-16.440548,15.8433857],[-16.4404077,15.8434776],[-16.4402211,15.8436608],[-16.4399881,15.8439352],[-16.4402457,15.8444791],[-16.4402288,15.8447521],[-16.4401387,15.8452984],[-16.4398991,15.8455728],[-16.4398608,15.8458459],[-16.4395799,15.8459842],[-16.439297,15.8458497],[-16.4387372,15.8463991],[-16.4387391,15.8466719],[-16.4393048,15.846941],[-16.4392128,15.8472145],[-16.4391677,15.8474876],[-16.4387469,15.8477633]],[[-16.4387469,15.8477633],[-16.4388052,15.8480358],[-16.4387493,15.8481043],[-16.4384669,15.848038],[-16.4387469,15.8477633]],[[-16.4387469,15.8477633],[-16.438604,15.8474914],[-16.4386021,15.8472186],[-16.4387411,15.8469448],[-16.4384573,15.8466738],[-16.4378936,15.8466776],[-16.4376098,15.8464066],[-16.4378878,15.845859],[-16.4378858,15.8455862],[-16.4381658,15.8453115],[-16.438158,15.8442202],[-16.4390036,15.8442145],[-16.4392835,15.8439398],[-16.4392777,15.8431213],[-16.4387121,15.8428522],[-16.4387101,15.8425794],[-16.4395557,15.8425738],[-16.4398356,15.8422991]]]}},{"type":"Feature","properties":{"elevation":20.0},"geometry":{"type":"LineString","coordinates":[[-16.444063361,15.842270953],[-16.444063361,15.842270954]]}},{"type":"Feature","properties":{"elevation":10.0},"geometry":{"type":"LineString","coordinates":[[-16.4874658,15.8417046],[-16.4877477,15.8417027],[-16.4878906,15.8419746],[-16.4877517,15.8422484],[-16.4877537,15.8425212],[-16.4874698,15.8422503],[-16.4874658,15.8417046]]}},{"type":"Feature","properties":{"elevation":10.0},"geometry":{"type":"LineString","coordinates":[[-16.4358868,15.841916],[-16.4357938,15.842053],[-16.4357018,15.8423265],[-16.4357507,15.842599],[-16.4357526,15.8428719],[-16.4358945,15.8430073],[-16.4364582,15.8430036],[-16.4367391,15.8428653],[-16.4367372,15.8425925],[-16.4364534,15.8423215],[-16.4364515,15.8420487],[-16.4361677,15.8417777],[-16.4358868,15.841916]]}},{"type":"Feature","properties":{"elevation":10.0},"geometry":{"type":"LineString","coordinates":[[-16.4688631,15.8416951],[-16.4685822,15.8418334],[-16.468866,15.8421043],[-16.4691459,15.8418296],[-16.4688631,15.8416951]]}},{"type":"Feature","properties":{"elevation":10.0},"geometry":{"type":"LineString","coordinates":[[-16.458999404,15.841898092],[-16.458999405,15.841898092]]}},{"type":"Feature","properties":{"elevation":15.0},"geometry":{"type":"MultiLineString","coordinates":[[[-16.4547717,15.8419265],[-16.4550529,15.8418337],[-16.4551945,15.8419237],[-16.4553373,15.8421956],[-16.4556192,15.8421937],[-16.455809,15.8424652],[-16.4556231,15.8427393],[-16.4547775,15.842745],[-16.4542158,15.8430216]],[[-16.4542158,15.8430216],[-16.4542197,15.8435673],[-16.4545045,15.8439747],[-16.4547873,15.8441092],[-16.4550672,15.8438345],[-16.4550653,15.8435616],[-16.455629,15.8435578],[-16.4556309,15.8438307],[-16.455351,15.8441054],[-16.4550692,15.8441073],[-16.4549302,15.8443811],[-16.455214,15.844652],[-16.4553569,15.8449239],[-16.4554293,15.8451963],[-16.4554313,15.8454691],[-16.4553618,15.845606],[-16.4550809,15.8457443],[-16.454801,15.846019],[-16.4550848,15.84629],[-16.4548049,15.8465647],[-16.4548069,15.8468375],[-16.454525,15.8468394],[-16.4542451,15.8471141],[-16.4540611,15.8476611],[-16.4539678,15.8477526],[-16.4536873,15.8479364],[-16.4534066,15.848102],[-16.4531255,15.848213],[-16.4529865,15.8484868],[-16.4529415,15.84876],[-16.4529239,15.8495786],[-16.4527614,15.8498526],[-16.4526694,15.850126],[-16.4525069,15.8504],[-16.4522975,15.8506742],[-16.4520176,15.8509489],[-16.4518786,15.8512227],[-16.4518805,15.8514956],[-16.4518355,15.8517687],[-16.4517425,15.8519058],[-16.4514617,15.8520441],[-16.4512542,15.8525911],[-16.4510729,15.8528652],[-16.4509527,15.8531389],[-16.4507668,15.853413],[-16.4506278,15.8536867],[-16.4504183,15.853961],[-16.4503498,15.8542343],[-16.4500694,15.8544408],[-16.449788,15.8545109],[-16.4495052,15.8543764],[-16.4492909,15.8539685],[-16.4492184,15.8536962],[-16.4494964,15.8531486],[-16.4494005,15.8528764],[-16.4494925,15.8526029],[-16.4496315,15.8523292],[-16.4497713,15.8521645],[-16.4500523,15.8520535],[-16.4503342,15.8520516],[-16.4506141,15.8517769],[-16.4511769,15.8516367],[-16.4512698,15.8514997],[-16.4514539,15.8509527],[-16.4517338,15.850678],[-16.4517318,15.8504052],[-16.451354,15.8501348],[-16.4513051,15.8498623],[-16.4511622,15.8495904],[-16.4511583,15.8490448],[-16.4514392,15.8489065],[-16.4517191,15.8486317],[-16.452,15.8484934],[-16.4519041,15.8482212],[-16.4519022,15.8479484],[-16.4519237,15.8476754],[-16.4519922,15.8474021],[-16.4528319,15.8465779],[-16.4529709,15.8463041],[-16.4530394,15.8460308],[-16.4532488,15.8457566],[-16.4533878,15.8454828],[-16.4538047,15.8446615],[-16.4535472,15.8441175],[-16.453564,15.8438445],[-16.453656,15.8435711],[-16.4542158,15.8430216]],[[-16.4542158,15.8430216],[-16.4542119,15.842476],[-16.4547717,15.8419265]]]}},{"type":"Feature","properties":{"elevation":15.0},"geometry":{"type":"LineString","coordinates":[[-16.4325056,15.8420748],[-16.4327864,15.8419365],[-16.4330683,15.8419346],[-16.4333511,15.8420692],[-16.4339148,15.8420655],[-16.4341986,15.8423364],[-16.4342005,15.8426093],[-16.4336407,15.8431587],[-16.4327951,15.8431643],[-16.4327913,15.8426186],[-16.4325056,15.8420748]]}},{"type":"Feature","properties":{"elevation":5.0},"geometry":{"type":"LineString","coordinates":[[-16.4942271,15.8412489],[-16.4940871,15.8413863],[-16.4940891,15.8416591],[-16.4942321,15.8419309],[-16.4947917,15.8413814],[-16.4945079,15.8411105],[-16.4942271,15.8412489]]}},{"type":"Feature","properties":{"elevation":5.0},"geometry":{"type":"LineString","coordinates":[[-16.4711149,15.8412705],[-16.470837,15.8418181],[-16.4705571,15.8420928],[-16.4705611,15.8426385],[-16.4708449,15.8429094],[-16.4708488,15.8434551],[-16.4711327,15.843726],[-16.4714125,15.8434513],[-16.4716904,15.8429037],[-16.4719733,15.8430382],[-16.4722571,15.8433091],[-16.4725399,15.8434436],[-16.4726789,15.8431698],[-16.472536,15.8428979],[-16.4722521,15.842627],[-16.4716865,15.842358],[-16.4714026,15.8420871],[-16.4713987,15.8415414],[-16.4711149,15.8412705]]}},{"type":"Feature","properties":{"elevation":5.0},"geometry":{"type":"Point","coordinates":[-16.525230503,15.841169365]}},{"type":"Feature","properties":{"elevation":5.0},"geometry":{"type":"LineString","coordinates":[[-16.5009913,15.8412021],[-16.5008514,15.8413395],[-16.5009943,15.8416114],[-16.5012741,15.8413366],[-16.5009913,15.8412021]]}},{"type":"Feature","properties":{"elevation":5.0},"geometry":{"type":"LineString","coordinates":[[-16.4976082,15.8410891],[-16.4973283,15.8413639],[-16.4970465,15.8413658],[-16.4967667,15.8416406],[-16.4970505,15.8419115],[-16.4970525,15.8421843],[-16.4964888,15.8421882],[-16.496209,15.842463],[-16.496211,15.8427358],[-16.4964949,15.8430067],[-16.4973404,15.8430009],[-16.4979081,15.8435426],[-16.4981879,15.8432678],[-16.4979041,15.842997],[-16.4981839,15.8427222],[-16.4987456,15.8424455],[-16.4990274,15.8424435],[-16.4993073,15.8421687],[-16.4993052,15.8418959],[-16.4990214,15.841625],[-16.497894,15.8416328],[-16.4981739,15.841358],[-16.49789,15.8410872],[-16.4976082,15.8410891]]}},{"type":"Feature","properties":{"elevation":10.0},"geometry":{"type":"MultiLineString","coordinates":[[[-16.5052199,15.8413092],[-16.5052219,15.8415821]],[[-16.5052219,15.8415821],[-16.5055058,15.8418529],[-16.505226,15.8421277],[-16.505083,15.8418559],[-16.5052219,15.8415821]]]}},{"type":"Feature","properties":{"elevation":10.0},"geometry":{"type":"LineString","coordinates":[[-16.4539235,15.8415684],[-16.4537833,15.8416603],[-16.4536443,15.8419341],[-16.4539276,15.8421368],[-16.4542095,15.8421349],[-16.4544194,15.8419289],[-16.4545818,15.8416549],[-16.4544869,15.8415191],[-16.4542047,15.8414756],[-16.4539235,15.8415684]]}},{"type":"Feature","properties":{"elevation":10.0},"geometry":{"type":"LineString","coordinates":[[-16.5035288,15.841321],[-16.5038127,15.8415918],[-16.5040945,15.8415899],[-16.5043744,15.8413151],[-16.5043764,15.8415879],[-16.5040966,15.8418627],[-16.5043804,15.8421336],[-16.5043825,15.8424064],[-16.5041026,15.8426812],[-16.5038188,15.8424103],[-16.5038147,15.8418647],[-16.5035309,15.8415938],[-16.5035288,15.841321]]}},{"type":"Feature","properties":{"elevation":5.0},"geometry":{"type":"LineString","coordinates":[[-16.524101103,15.840904468],[-16.524101103,15.840904469]]}},{"type":"Feature","properties":{"elevation":5.0},"geometry":{"type":"LineString","coordinates":[[-16.5071887,15.8407499],[-16.5069089,15.8410247],[-16.5071918,15.8411591],[-16.5074726,15.8410207],[-16.5071887,15.8407499]]}},{"type":"Feature","properties":{"elevation":10.0},"geometry":{"type":"LineString","coordinates":[[-16.4885892,15.8411512],[-16.4891529,15.8411474],[-16.488873,15.8414221],[-16.4885912,15.8414241],[-16.4885892,15.8411512]]}},{"type":"Feature","properties":{"elevation":0.0},"geometry":{"type":"LineString","coordinates":[[-16.5246622,15.8405595],[-16.5245218,15.8406287],[-16.524385,15.8411753],[-16.5246679,15.8413097],[-16.5250171,15.840898],[-16.5249456,15.8407621],[-16.5248036,15.8406267],[-16.5246622,15.8405595]]}},{"type":"Feature","properties":{"elevation":20.0},"geometry":{"type":"Point","coordinates":[-16.430244976,15.841271167]}},{"type":"Feature","properties":{"elevation":10.0},"geometry":{"type":"LineString","coordinates":[[-16.4324959,15.8407106],[-16.432216,15.8409853],[-16.4322179,15.8412581],[-16.4325017,15.8415291],[-16.4327816,15.8412544],[-16.4327797,15.8409816],[-16.4324959,15.8407106]]}},{"type":"Feature","properties":{"elevation":10.0},"geometry":{"type":"LineString","coordinates":[[-16.4544801,15.8405642],[-16.4543411,15.840838],[-16.454484,15.8411099],[-16.4547639,15.8408352],[-16.4544801,15.8405642]]}},{"type":"Feature","properties":{"elevation":5.0},"geometry":{"type":"LineString","coordinates":[[-16.5026742,15.8400991],[-16.5023934,15.8402375],[-16.5023954,15.8405103],[-16.5026793,15.8407812],[-16.5029591,15.8405064],[-16.5029571,15.8402336],[-16.5026742,15.8400991]]}},{"type":"Feature","properties":{"elevation":5.0},"geometry":{"type":"LineString","coordinates":[[-16.5057735,15.8399412],[-16.5054936,15.840216],[-16.5057775,15.8404868],[-16.5060573,15.840212],[-16.5057735,15.8399412]]}},{"type":"Feature","properties":{"elevation":10.0},"geometry":{"type":"LineString","coordinates":[[-16.4914016,15.8403134],[-16.4916855,15.8405843],[-16.4914056,15.840859],[-16.4914016,15.8403134]]}},{"type":"Feature","properties":{"elevation":5.0},"geometry":{"type":"LineString","coordinates":[[-16.4987255,15.8397172],[-16.4984456,15.839992],[-16.4987295,15.8402628],[-16.4987315,15.8405357],[-16.4984517,15.8408104],[-16.4981698,15.8408124],[-16.49789,15.8410872],[-16.4981739,15.841358],[-16.4995831,15.8413483],[-16.4998609,15.8408007],[-16.4998589,15.8405279],[-16.499573,15.8399842],[-16.4992912,15.8399861],[-16.4990073,15.8397152],[-16.4987255,15.8397172]]}},{"type":"Feature","properties":{"elevation":5.0},"geometry":{"type":"LineString","coordinates":[[-16.4626497,15.8399636],[-16.4625577,15.840237],[-16.4625127,15.8405102],[-16.4623727,15.8406476],[-16.4620938,15.8410587],[-16.4620958,15.8413315],[-16.4626634,15.8418734],[-16.4629453,15.8418715],[-16.4632252,15.8415968],[-16.4633171,15.8413233],[-16.4632212,15.8410511],[-16.4629374,15.8407802],[-16.4632173,15.8405054],[-16.4626497,15.8399636]]}},{"type":"Feature","properties":{"elevation":10.0},"geometry":{"type":"LineString","coordinates":[[-16.4403838,15.8401126],[-16.4401979,15.8403867],[-16.4403877,15.8406583],[-16.4406702,15.8407474],[-16.4409533,15.8409274],[-16.4412371,15.8411984],[-16.441519,15.8411965],[-16.4417998,15.8410582],[-16.4419398,15.8409208],[-16.4420788,15.8406471],[-16.4420769,15.8403742],[-16.4417944,15.8402852],[-16.4415125,15.840287],[-16.4412313,15.8403799],[-16.4409495,15.8403817],[-16.4406657,15.8401108],[-16.4403838,15.8401126]]}},{"type":"Feature","properties":{"elevation":10.0},"geometry":{"type":"LineString","coordinates":[[-16.451096,15.8403141],[-16.4513778,15.8403122],[-16.4513798,15.840585],[-16.4510979,15.8405869],[-16.451096,15.8403141]]}},{"type":"Feature","properties":{"elevation":10.0},"geometry":{"type":"LineString","coordinates":[[-16.510001043,15.839911775],[-16.510001043,15.839911774],[-16.510001044,15.839911775],[-16.510001043,15.839911775]]}},{"type":"Feature","properties":{"elevation":10.0},"geometry":{"type":"LineString","coordinates":[[-16.4609586,15.839975],[-16.4606787,15.8402497],[-16.4609625,15.8405206],[-16.4612424,15.8402459],[-16.4609586,15.839975]]}},{"type":"Feature","properties":{"elevation":10.0},"geometry":{"type":"LineString","coordinates":[[-16.4550399,15.8400148],[-16.4544801,15.8405642],[-16.4547639,15.8408352],[-16.4550457,15.8408333],[-16.4553256,15.8405585],[-16.4553237,15.8402857],[-16.4550399,15.8400148]]}},{"type":"Feature","properties":{"elevation":15.0},"geometry":{"type":"MultiLineString","coordinates":[[[-16.4539144,15.8402952],[-16.4539164,15.840568],[-16.4536365,15.8408427],[-16.4536404,15.8413884],[-16.4533585,15.8413903]],[[-16.4533585,15.8413903],[-16.4530786,15.841665],[-16.4530806,15.8419378],[-16.4533663,15.8424816],[-16.4528046,15.8427582],[-16.4525227,15.8427601],[-16.451963,15.8433096],[-16.4516811,15.8433115],[-16.4514022,15.8437226],[-16.4512622,15.84386],[-16.4511232,15.8441337],[-16.4509373,15.8444078],[-16.4508453,15.8446813],[-16.4509036,15.8449538],[-16.4508479,15.8450451],[-16.4504565,15.8455024],[-16.4502894,15.8457764],[-16.4500095,15.8460511],[-16.4497305,15.8464623],[-16.4495906,15.8465996],[-16.4495221,15.8468729],[-16.4491732,15.8473528],[-16.4488924,15.8475138],[-16.4486109,15.8475612],[-16.4483281,15.8474266],[-16.4480443,15.8471557]],[[-16.4480443,15.8471557],[-16.4477624,15.8471575]],[[-16.4480443,15.8471557],[-16.4483242,15.8468809],[-16.4483222,15.8466081],[-16.4488859,15.8466043],[-16.4491685,15.8466934],[-16.4493087,15.8466015],[-16.4491659,15.8463296],[-16.448883,15.8461951],[-16.4487411,15.8460596],[-16.4486922,15.8457871],[-16.4487842,15.8455136],[-16.4488772,15.8453766],[-16.4491571,15.8451019],[-16.4497189,15.8448253],[-16.4498588,15.8446879],[-16.4499978,15.8444141],[-16.4501818,15.8438672],[-16.4504147,15.8435928],[-16.4505537,15.843319],[-16.4508342,15.8431352],[-16.4511161,15.8431333],[-16.4513973,15.8430405],[-16.4516792,15.8430386],[-16.4519591,15.8427639],[-16.452098,15.8424901],[-16.4520961,15.8422173],[-16.452235,15.8419435],[-16.4525169,15.8419416],[-16.4527968,15.8416669],[-16.4529358,15.8413931],[-16.453076,15.8413012],[-16.4533585,15.8413903]],[[-16.4533585,15.8413903],[-16.4536384,15.8411156],[-16.4536345,15.8405699],[-16.4539144,15.8402952]]]}},{"type":"Feature","properties":{"elevation":5.0},"geometry":{"type":"LineString","coordinates":[[-16.5085888,15.8395123],[-16.508308,15.8396507],[-16.50831,15.8399235],[-16.5085939,15.8401944],[-16.5088717,15.8396468],[-16.5085888,15.8395123]]}},{"type":"Feature","properties":{"elevation":10.0},"geometry":{"type":"LineString","coordinates":[[-16.4572927,15.8397268],[-16.4570128,15.8400015],[-16.4570147,15.8402744],[-16.4567348,15.8405491],[-16.4561731,15.8408257],[-16.456177,15.8413714],[-16.456038,15.8416452],[-16.45604,15.841918],[-16.4561848,15.8424627],[-16.4561868,15.8427355],[-16.4567544,15.8432774],[-16.4570369,15.8433665],[-16.457598,15.8429989],[-16.4577409,15.8432708],[-16.4577428,15.8435436],[-16.4578857,15.8438155],[-16.457324,15.8440921],[-16.4570441,15.8443669],[-16.4573279,15.8446378],[-16.4576097,15.8446359],[-16.4576117,15.8449087],[-16.4573308,15.8450471],[-16.4571909,15.8451844],[-16.4570519,15.8454582],[-16.4569834,15.8457315],[-16.4569854,15.8460043],[-16.4567779,15.8465514],[-16.4570617,15.8468224],[-16.4576274,15.8470914],[-16.4579105,15.8472714],[-16.4579816,15.8473619],[-16.4580071,15.8476346],[-16.458197,15.8479061],[-16.4584788,15.8479042],[-16.4587587,15.8476295],[-16.4587567,15.8473567],[-16.4588957,15.8470829],[-16.4588938,15.8468101],[-16.4590327,15.8465363],[-16.4590308,15.8462634],[-16.4589349,15.8459912],[-16.4590278,15.8458542],[-16.4593087,15.8457159],[-16.4595886,15.8454411],[-16.4595866,15.8451683],[-16.4593968,15.8448967],[-16.4597686,15.8443485],[-16.4598619,15.844257],[-16.4601425,15.8440732],[-16.4600466,15.843801],[-16.4602325,15.8435269],[-16.4601376,15.8433911],[-16.4598548,15.8432566],[-16.4598449,15.8418924],[-16.4589935,15.8410796],[-16.4584338,15.8416291],[-16.4581519,15.8416309],[-16.457872,15.8419057],[-16.457733,15.8421795],[-16.4575928,15.8422714],[-16.4573103,15.8421823],[-16.4573083,15.8419095],[-16.4570226,15.8413657],[-16.4570206,15.8410929],[-16.4575804,15.8405434],[-16.4575765,15.8399977],[-16.4572927,15.8397268]]}},{"type":"Feature","properties":{"elevation":10.0},"geometry":{"type":"LineString","coordinates":[[-16.5251243,15.8395331],[-16.5252177,15.8394642],[-16.5255,15.8395304],[-16.5252459,15.8398051],[-16.5252223,15.8400781],[-16.5251263,15.8398059],[-16.5251243,15.8395331]]}},{"type":"Feature","properties":{"elevation":15.0},"geometry":{"type":"Point","coordinates":[-16.433619477,15.840157478]}},{"type":"Feature","properties":{"elevation":15.0},"geometry":{"type":"LineString","coordinates":[[-16.4296717,15.8399107],[-16.4293917,15.8401854],[-16.4296746,15.84032],[-16.4299554,15.8401817],[-16.4296717,15.8399107]]}},{"type":"Feature","properties":{"elevation":20.0},"geometry":{"type":"LineString","coordinates":[[-16.44883924,15.8400563],[-16.44883924,15.840056299],[-16.448839241,15.8400563],[-16.44883924,15.8400563]]}},{"type":"Feature","properties":{"elevation":5.0},"geometry":{"type":"LineString","coordinates":[[-16.4665925,15.8395277],[-16.4661258,15.8399401],[-16.4660338,15.8402136],[-16.4660377,15.8407592],[-16.4657559,15.8407611],[-16.465476,15.8410359],[-16.4654799,15.8415815],[-16.4652,15.8418563],[-16.4650141,15.8421304],[-16.4649221,15.8424038],[-16.4652059,15.8426748],[-16.4652099,15.8432204],[-16.4654927,15.8433549],[-16.4656346,15.8434904],[-16.4657775,15.8437623],[-16.4656386,15.8440361],[-16.4656425,15.8445817],[-16.4657854,15.8448536],[-16.4660692,15.8451245],[-16.4663511,15.8451226],[-16.466627,15.8443022],[-16.4664841,15.8440304],[-16.4664802,15.8434847],[-16.4667581,15.8429371],[-16.4666152,15.8426652],[-16.4663333,15.8426671],[-16.4663314,15.8423943],[-16.4664703,15.8421205],[-16.4667502,15.8418458],[-16.4668892,15.841572],[-16.467169,15.8412973],[-16.4671671,15.8410244],[-16.4677229,15.8399293],[-16.4674391,15.8396584],[-16.4668754,15.8396622],[-16.4665925,15.8395277]]}},{"type":"Feature","properties":{"elevation":10.0},"geometry":{"type":"LineString","coordinates":[[-16.4685664,15.8396507],[-16.4688483,15.8396488],[-16.4689912,15.8399207],[-16.4688522,15.8401945],[-16.4697037,15.8410072],[-16.4697056,15.8412801],[-16.4699895,15.841551],[-16.4701324,15.8418229],[-16.4699934,15.8420967],[-16.4697135,15.8423714],[-16.4698564,15.8426433],[-16.4698584,15.8429161],[-16.4700013,15.843188],[-16.4698624,15.8434618],[-16.4697224,15.8435992],[-16.4694416,15.8437375],[-16.4688818,15.844287],[-16.4680363,15.8442927],[-16.4678934,15.8440208],[-16.4677515,15.8438854],[-16.4674706,15.8440237],[-16.4671881,15.8439346],[-16.4670458,15.8437537],[-16.4669029,15.8434818],[-16.4669949,15.8432084],[-16.4671818,15.8430707],[-16.4674637,15.8430688],[-16.4676056,15.8432042],[-16.4676545,15.8434767],[-16.4677495,15.8436125],[-16.4680313,15.8436106],[-16.4683122,15.8434723],[-16.4683082,15.8429266],[-16.4680244,15.8426557],[-16.4677426,15.8426576],[-16.4674588,15.8423867],[-16.4673159,15.8421148],[-16.4673139,15.841842],[-16.4674538,15.8417046],[-16.4677347,15.8415663],[-16.4680152,15.8413825],[-16.4681085,15.8412909],[-16.4682944,15.8410168],[-16.4682925,15.840744],[-16.4685704,15.8401964],[-16.4684275,15.8399245],[-16.4685664,15.8396507]]}},{"type":"Feature","properties":{"elevation":5.0},"geometry":{"type":"LineString","coordinates":[[-16.5052017,15.8388538],[-16.5049219,15.8391286],[-16.5052057,15.8393994],[-16.5054856,15.8391247],[-16.5052017,15.8388538]]}},{"type":"Feature","properties":{"elevation":5.0},"geometry":{"type":"LineString","coordinates":[[-16.4798362,15.8390284],[-16.4792764,15.8395779],[-16.4789926,15.839307],[-16.4787108,15.8393089],[-16.4781511,15.8398584],[-16.4784349,15.8401293],[-16.4784369,15.8404022],[-16.478157,15.8406769],[-16.4784408,15.8409478],[-16.4784488,15.8420392],[-16.4787326,15.8423101],[-16.4790135,15.8421717],[-16.4791534,15.8420344],[-16.4792923,15.8417606],[-16.4792904,15.8414877],[-16.4790045,15.840944],[-16.4790026,15.8406712],[-16.4795623,15.8401216],[-16.4798441,15.8401197],[-16.480124,15.839845],[-16.480122,15.8395721],[-16.4798362,15.8390284]]}},{"type":"Feature","properties":{"elevation":10.0},"geometry":{"type":"LineString","coordinates":[[-16.4578524,15.8391773],[-16.4575725,15.8394521],[-16.4578563,15.839723],[-16.4578603,15.8402687],[-16.4580031,15.8405406],[-16.458145,15.840676],[-16.4589876,15.8402611],[-16.4578524,15.8391773]]}},{"type":"Feature","properties":{"elevation":10.0},"geometry":{"type":"LineString","coordinates":[[-16.4361503,15.8393222],[-16.4358704,15.8395969],[-16.4358743,15.8401426],[-16.4357822,15.840416],[-16.4357372,15.8406892],[-16.43588,15.8409611],[-16.4361619,15.8409592],[-16.4363009,15.8406854],[-16.4364409,15.8405481],[-16.4365104,15.8404112],[-16.4365789,15.8401379],[-16.436575,15.8395922],[-16.4364331,15.8394567],[-16.4361503,15.8393222]]}},{"type":"Feature","properties":{"elevation":10.0},"geometry":{"type":"LineString","coordinates":[[-16.4595445,15.8393024],[-16.4592636,15.8394407],[-16.4592656,15.8397135],[-16.4591266,15.8399873],[-16.4592695,15.8402592],[-16.4592754,15.8410777],[-16.459843,15.8416196],[-16.4601239,15.8414813],[-16.4606871,15.8414092],[-16.4609684,15.8413391],[-16.4611074,15.8410654],[-16.4611054,15.8407925],[-16.4609625,15.8405206],[-16.4606807,15.8405225],[-16.4604008,15.8407973],[-16.460117,15.8405263],[-16.460256,15.8402525],[-16.4603959,15.8401152],[-16.4606768,15.8399769],[-16.4606748,15.839704],[-16.4601072,15.8391622],[-16.4598263,15.8393005],[-16.4595445,15.8393024]]}},{"type":"Feature","properties":{"elevation":5.0},"geometry":{"type":"LineString","coordinates":[[-16.4998458,15.8387545],[-16.4995649,15.8388928],[-16.499569,15.8394385],[-16.4998528,15.8397094],[-16.5004125,15.8391598],[-16.5001286,15.8388889],[-16.4998458,15.8387545]]}},{"type":"Feature","properties":{"elevation":5.0},"geometry":{"type":"LineString","coordinates":[[-16.4956172,15.8386473],[-16.4953374,15.838922],[-16.4953414,15.8394677],[-16.4950602,15.8395606],[-16.4947797,15.8397444],[-16.4947817,15.8400172],[-16.4950656,15.8402881],[-16.4953474,15.8402862],[-16.4956272,15.8400114],[-16.4957661,15.8397376],[-16.4959061,15.8396002],[-16.4961869,15.8394619],[-16.4964687,15.8394599],[-16.4967486,15.8391851],[-16.4964647,15.8389143],[-16.4961829,15.8389162],[-16.4956172,15.8386473]]}},{"type":"Feature","properties":{"elevation":10.0},"geometry":{"type":"LineString","coordinates":[[-16.4553149,15.839058],[-16.455034,15.8391963],[-16.454895,15.83947],[-16.454897,15.8397429],[-16.4550399,15.8400148],[-16.4553197,15.83974],[-16.4557406,15.8394644],[-16.4557386,15.8391915],[-16.4555967,15.8390561],[-16.4553149,15.839058]]}},{"type":"Feature","properties":{"elevation":5.0},"geometry":{"type":"LineString","coordinates":[[-16.5136538,15.8383857],[-16.5135139,15.8385231],[-16.513375,15.8387969],[-16.5136588,15.8390677],[-16.5139417,15.8392022],[-16.5142225,15.8390638],[-16.5145023,15.838789],[-16.5142195,15.8386546],[-16.5139356,15.8383837],[-16.5136538,15.8383857]]}},{"type":"Feature","properties":{"elevation":5.0},"geometry":{"type":"LineString","coordinates":[[-16.5153448,15.8383739],[-16.515064,15.8385122],[-16.5145044,15.8390618],[-16.5145145,15.840426],[-16.5147984,15.8406968],[-16.5150782,15.840422],[-16.5152171,15.8401482],[-16.515211,15.8393297],[-16.5153499,15.8390559],[-16.5156317,15.839054],[-16.5159125,15.8389156],[-16.5160524,15.8387782],[-16.5161913,15.8385044],[-16.5159074,15.8382335],[-16.5156256,15.8382355],[-16.5153448,15.8383739]]}},{"type":"Feature","properties":{"elevation":10.0},"geometry":{"type":"LineString","coordinates":[[-16.52521,15.8384411],[-16.5254919,15.8384391]]}},{"type":"Feature","properties":{"elevation":5.0},"geometry":{"type":"LineString","coordinates":[[-16.5077332,15.8381541],[-16.5074524,15.8382925],[-16.5077362,15.8385633],[-16.5077403,15.839109],[-16.5071786,15.8393857],[-16.5071806,15.8396586],[-16.5074645,15.8399294],[-16.5080261,15.8396527],[-16.508306,15.8393779],[-16.5083039,15.8391051],[-16.5084428,15.8388313],[-16.5082999,15.8385594],[-16.508016,15.8382885],[-16.5077332,15.8381541]]}},{"type":"Feature","properties":{"elevation":5.0},"geometry":{"type":"LineString","coordinates":[[-16.5237988,15.8381782],[-16.5240806,15.8381762],[-16.5240827,15.838449],[-16.5238008,15.838451],[-16.5237988,15.8381782]]}},{"type":"Feature","properties":{"elevation":5.0},"geometry":{"type":"LineString","coordinates":[[-16.4956132,15.8381016],[-16.4953333,15.8383764],[-16.4956172,15.8386473],[-16.4957561,15.8383735],[-16.4956132,15.8381016]]}},{"type":"Feature","properties":{"elevation":10.0},"geometry":{"type":"LineString","coordinates":[[-16.5128072,15.8382552],[-16.5130891,15.8382532]]}},{"type":"Feature","properties":{"elevation":15.0},"geometry":{"type":"LineString","coordinates":[[-16.440656,15.8387466],[-16.4409372,15.8386538],[-16.4412187,15.8386064],[-16.4413606,15.8387419],[-16.4412216,15.8390157],[-16.4409417,15.8392904],[-16.4398143,15.8392979],[-16.4400942,15.8390232],[-16.4403761,15.8390213],[-16.440656,15.8387466]]}},{"type":"Feature","properties":{"elevation":20.0},"geometry":{"type":"LineString","coordinates":[[-16.4386831,15.8387597],[-16.438685,15.8390325]]}},{"type":"Feature","properties":{"elevation":5.0},"geometry":{"type":"LineString","coordinates":[[-16.5035026,15.8377742],[-16.5033167,15.8380483],[-16.5033187,15.8383212],[-16.5032268,15.8385946],[-16.5035107,15.8388655],[-16.5037925,15.8388636],[-16.5043521,15.838314],[-16.5043501,15.8380412],[-16.5040663,15.8377703],[-16.5035026,15.8377742]]}},{"type":"Feature","properties":{"elevation":5.0},"geometry":{"type":"LineString","coordinates":[[-16.4829284,15.8379159],[-16.4826486,15.8381906],[-16.4826526,15.8387363],[-16.4829364,15.8390072],[-16.4832163,15.8387325],[-16.4833552,15.8384587],[-16.4833532,15.8381858],[-16.4832103,15.837914],[-16.4829284,15.8379159]]}},{"type":"Feature","properties":{"elevation":5.0},"geometry":{"type":"MultiLineString","coordinates":[[[-16.4758844,15.8382368],[-16.4761683,15.8385077]],[[-16.4761683,15.8385077],[-16.4764501,15.8385058],[-16.4764521,15.8387786],[-16.4761702,15.8387805],[-16.4761683,15.8385077]]]}},{"type":"Feature","properties":{"elevation":5.0},"geometry":{"type":"LineString","coordinates":[[-16.5085767,15.8378754],[-16.5082958,15.8380138],[-16.5082979,15.8382866],[-16.5085817,15.8385574],[-16.5088636,15.8385555],[-16.5091434,15.8382807],[-16.5092823,15.8380069],[-16.5091393,15.837735],[-16.5088575,15.837737],[-16.5085767,15.8378754]]}},{"type":"Feature","properties":{"elevation":5.0},"geometry":{"type":"LineString","coordinates":[[-16.4989942,15.8379418],[-16.4987134,15.8380802],[-16.4984336,15.838355],[-16.4984376,15.8389006],[-16.4987214,15.8391715],[-16.4992811,15.838622],[-16.4992771,15.8380763],[-16.4989942,15.8379418]]}},{"type":"Feature","properties":{"elevation":5.0},"geometry":{"type":"LineString","coordinates":[[-16.4815192,15.8379255],[-16.4809595,15.838475],[-16.4809615,15.8387479],[-16.4806837,15.8392955],[-16.4806876,15.8398411],[-16.4809715,15.840112],[-16.4806916,15.8403868],[-16.4806936,15.8406596],[-16.4805547,15.8409334],[-16.4806976,15.8412053],[-16.4809794,15.8412034],[-16.4812593,15.8409286],[-16.4815411,15.8409267],[-16.481821,15.8406519],[-16.481817,15.8401062],[-16.4815332,15.8398353],[-16.4813903,15.8395635],[-16.4814352,15.8392903],[-16.4817151,15.8390156],[-16.4816661,15.8387431],[-16.4818051,15.8384693],[-16.4818031,15.8381964],[-16.4815192,15.8379255]]}},{"type":"Feature","properties":{"elevation":10.0},"geometry":{"type":"LineString","coordinates":[[-16.4891309,15.8381462],[-16.4894127,15.8381443],[-16.4894147,15.8384171],[-16.4899824,15.8389589],[-16.4898905,15.8392324],[-16.4898925,15.8395052],[-16.4898475,15.8397784],[-16.4897086,15.8400522],[-16.4894267,15.8400541],[-16.4890469,15.839511],[-16.4888551,15.8389667],[-16.4885752,15.8392414],[-16.4882944,15.8393798],[-16.4880115,15.8392453],[-16.4882914,15.8389705],[-16.4882874,15.8384249],[-16.4888511,15.838421],[-16.4891309,15.8381462]]}},{"type":"Feature","properties":{"elevation":10.0},"geometry":{"type":"LineString","coordinates":[[-16.5012499,15.8380627],[-16.5012519,15.8383355]]}},{"type":"Feature","properties":{"elevation":10.0},"geometry":{"type":"LineString","coordinates":[[-16.4369881,15.8382252],[-16.4367082,15.8384999],[-16.4369907,15.838589],[-16.437084,15.8384974],[-16.4369881,15.8382252]]}},{"type":"Feature","properties":{"elevation":15.0},"geometry":{"type":"LineString","coordinates":[[-16.4578466,15.8383588],[-16.4578485,15.8386317],[-16.4575667,15.8386336],[-16.4578466,15.8383588]]}},{"type":"Feature","properties":{"elevation":15.0},"geometry":{"type":"LineString","coordinates":[[-16.441499605,15.838468132],[-16.441499605,15.838468131]]}},{"type":"Feature","properties":{"elevation":5.0},"geometry":{"type":"LineString","coordinates":[[-16.4677071,15.8377466],[-16.4674292,15.8382942],[-16.4668675,15.8385708],[-16.4668695,15.8388437],[-16.4674371,15.8393855],[-16.467717,15.8391108],[-16.4678559,15.838837],[-16.467852,15.8382913],[-16.4679909,15.8380175],[-16.4677071,15.8377466]]}},{"type":"Feature","properties":{"elevation":10.0},"geometry":{"type":"LineString","coordinates":[[-16.5022343,15.837783],[-16.5023742,15.8376456],[-16.5026561,15.8376436],[-16.5029389,15.8377781],[-16.5026611,15.8383257],[-16.5023793,15.8383277],[-16.5020954,15.8380568],[-16.5022343,15.837783]]}},{"type":"Feature","properties":{"elevation":15.0},"geometry":{"type":"LineString","coordinates":[[-16.484619476,15.837904319],[-16.484619476,15.837904318]]}},{"type":"Feature","properties":{"elevation":15.0},"geometry":{"type":"LineString","coordinates":[[-16.428249,15.8380101],[-16.4279691,15.8382848],[-16.4282528,15.8385558],[-16.4285347,15.8385539],[-16.4286737,15.8382802],[-16.4285309,15.8380083],[-16.428249,15.8380101]]}},{"type":"Feature","properties":{"elevation":15.0},"geometry":{"type":"LineString","coordinates":[[-16.4479781,15.8378793],[-16.4482608,15.8379865],[-16.4485438,15.8381483],[-16.4488276,15.8384193],[-16.4491094,15.8384174],[-16.4491133,15.8389631],[-16.4491857,15.8392354],[-16.449401,15.8397797],[-16.4494029,15.8400525],[-16.4492189,15.8405995],[-16.4491256,15.840691],[-16.4485632,15.8408767],[-16.4480015,15.8411533],[-16.4480034,15.8414261],[-16.4482872,15.8416971],[-16.4484301,15.841969],[-16.448432,15.8422418],[-16.448387,15.842515],[-16.448294,15.842652],[-16.4480141,15.8429267],[-16.4474524,15.8432033],[-16.4473105,15.8430678],[-16.4471676,15.8427959],[-16.4468838,15.842525],[-16.4466039,15.8427997],[-16.4466058,15.8430725],[-16.4460441,15.8433491],[-16.4454804,15.8433529],[-16.4457603,15.8430782],[-16.4460421,15.8430763],[-16.446322,15.8428016],[-16.4463201,15.8425288],[-16.446602,15.8425269],[-16.4468819,15.8422522],[-16.4470208,15.8419784],[-16.4470659,15.8417052],[-16.4471579,15.8414318],[-16.4477196,15.8411552],[-16.4474358,15.8408842],[-16.447293,15.8406123],[-16.447291,15.8403395],[-16.4471482,15.8400676],[-16.4471462,15.8397948],[-16.4474271,15.8396565],[-16.447567,15.8395191],[-16.447706,15.8392453],[-16.4475632,15.8389734],[-16.4475612,15.8387006],[-16.4474183,15.8384287],[-16.4475573,15.8381549],[-16.4476973,15.8380176],[-16.4479781,15.8378793]]}},{"type":"Feature","properties":{"elevation":15.0},"geometry":{"type":"MultiLineString","coordinates":[[[-16.4381136,15.8379449],[-16.4383974,15.8382159],[-16.4386787,15.8381458],[-16.4389617,15.8383031],[-16.4391509,15.8384837],[-16.4391782,15.8390293],[-16.4389688,15.8393035],[-16.4388298,15.8395773],[-16.4391136,15.8398482],[-16.4389746,15.840122],[-16.4381348,15.8409461],[-16.4384186,15.8412171],[-16.4389804,15.8409405],[-16.4392622,15.8409386],[-16.4395422,15.8406639],[-16.439824,15.8406621],[-16.4401078,15.840933],[-16.4403909,15.841113],[-16.4404855,15.8412034],[-16.4402996,15.8414774],[-16.4402545,15.8417506],[-16.4403964,15.8418861],[-16.4406773,15.8417478],[-16.4418047,15.8417403]],[[-16.4418047,15.8417403],[-16.4419437,15.8414665],[-16.442084,15.8413746],[-16.4423658,15.8413728],[-16.4429308,15.8415509],[-16.4430711,15.841459],[-16.443351,15.8411843],[-16.4432081,15.8409124],[-16.4429243,15.8406414],[-16.4429224,15.8403686],[-16.4432013,15.8399575],[-16.4433413,15.8398201],[-16.4433863,15.839547],[-16.4434783,15.8392735],[-16.4440407,15.8390879],[-16.4443213,15.8389041],[-16.4446038,15.8389932],[-16.4446096,15.8398117],[-16.4443316,15.8403592],[-16.4443336,15.8406321],[-16.4444764,15.840904],[-16.4444784,15.8411768],[-16.4445273,15.8414493],[-16.4446222,15.8415851],[-16.444905,15.8417196],[-16.4451908,15.8422634],[-16.4451927,15.8425363],[-16.4449121,15.84272],[-16.4446284,15.8424491],[-16.4443467,15.8424737],[-16.4440656,15.8425893],[-16.4437849,15.8427503],[-16.4437149,15.842819],[-16.4436464,15.8430923],[-16.4435074,15.8433661]],[[-16.4435074,15.8433661],[-16.4437902,15.8435006],[-16.4438852,15.8436364],[-16.443981,15.8439086],[-16.444076,15.8440444],[-16.4443598,15.8443153],[-16.4446426,15.8444499],[-16.4447855,15.8447218],[-16.4448344,15.8449943],[-16.4447893,15.8452675],[-16.4446497,15.8454503],[-16.4443685,15.8455431],[-16.4440886,15.8458178],[-16.4439496,15.8460916],[-16.4437167,15.846366],[-16.4435307,15.8466401],[-16.4432532,15.8472558],[-16.4429733,15.8475306],[-16.442411,15.8477389],[-16.442413,15.8480118],[-16.442227,15.8482859],[-16.442135,15.8485593],[-16.4421369,15.8488321],[-16.4422817,15.8493769],[-16.4421897,15.8496503],[-16.4421431,15.8497052],[-16.4417219,15.8499263],[-16.4415829,15.8502001],[-16.4417257,15.850472],[-16.4417747,15.8507445],[-16.4418706,15.8510167],[-16.4421534,15.8511513],[-16.4422953,15.8512867],[-16.4421553,15.8514241],[-16.4418744,15.8515624],[-16.4413107,15.8515661],[-16.4410298,15.8517044],[-16.4406099,15.8521165],[-16.4404709,15.8523903],[-16.4404748,15.8529359],[-16.4401968,15.8534835],[-16.4401987,15.8537563],[-16.4401067,15.8540298],[-16.4399207,15.8543039],[-16.4393609,15.8548533],[-16.4393628,15.8551261],[-16.4390829,15.8554008],[-16.4391788,15.855673],[-16.4391572,15.855946],[-16.4390877,15.8560829],[-16.4388078,15.8563576],[-16.4385269,15.8564959],[-16.4388107,15.8567669],[-16.4386717,15.8570407],[-16.4388145,15.8573126],[-16.4385365,15.8578601],[-16.4382553,15.8579529],[-16.4379728,15.8578638],[-16.437689,15.8575929],[-16.4376851,15.8570472],[-16.4374013,15.8567762],[-16.4371214,15.8570509],[-16.4370255,15.8567787],[-16.4371175,15.8565053],[-16.4368337,15.8562343],[-16.4371137,15.8559596],[-16.4372057,15.8556861],[-16.4373917,15.8554121],[-16.4376721,15.8552056],[-16.4378125,15.8551364],[-16.4379525,15.8549991],[-16.4382334,15.8548608],[-16.4385133,15.8545861],[-16.4385037,15.8532219],[-16.4390635,15.8526725],[-16.4393441,15.8524887],[-16.4396939,15.8521226],[-16.4396215,15.8518502],[-16.4394786,15.8515783],[-16.4393367,15.8514428],[-16.4392653,15.8513069],[-16.4392398,15.8510342],[-16.4394239,15.8504873],[-16.4394689,15.8502141],[-16.4396092,15.8501223],[-16.4398911,15.8501204],[-16.4401736,15.8502095],[-16.4404554,15.8502076],[-16.4405944,15.8499338],[-16.4404516,15.8496619],[-16.4405906,15.8493881],[-16.4407305,15.8492508],[-16.4410124,15.8492489],[-16.4412923,15.8489742],[-16.4415732,15.8488359],[-16.4415713,15.8485631],[-16.4414284,15.8482912],[-16.4414264,15.8480183],[-16.4414715,15.8477452],[-16.4415645,15.8476081],[-16.4419844,15.8471961],[-16.4419354,15.8469235],[-16.4417456,15.846652],[-16.4418376,15.8463785],[-16.4419766,15.8461047],[-16.4419747,15.8458319],[-16.4423916,15.8450106],[-16.4423897,15.8447377],[-16.442104,15.8441939],[-16.442243,15.8439202],[-16.4423829,15.8437828],[-16.4426651,15.8438264],[-16.4428067,15.8439164],[-16.4429495,15.8441883],[-16.4432294,15.8439136],[-16.4433215,15.8436401],[-16.4435074,15.8433661]],[[-16.4435074,15.8433661],[-16.4432236,15.8430951],[-16.4426609,15.8432353],[-16.4423781,15.8431007],[-16.4429379,15.8425513],[-16.4423723,15.8422822],[-16.4423703,15.8420094],[-16.4418047,15.8417403]],[[-16.4418047,15.8417403],[-16.4415228,15.8417422],[-16.4413838,15.8420159],[-16.4414328,15.8422885],[-16.4412468,15.8425625],[-16.4415306,15.8428335],[-16.4418124,15.8428316],[-16.4418144,15.8431045],[-16.4415325,15.8431063],[-16.4412487,15.8428354],[-16.4411399,15.8433818],[-16.4409722,15.8435876],[-16.4405518,15.8439314],[-16.4406008,15.8442039],[-16.4404953,15.8444775],[-16.440457,15.8447506],[-16.4403059,15.8450244],[-16.4402669,15.8452976],[-16.4401004,15.8455715],[-16.4400173,15.8458449],[-16.4398063,15.8461192],[-16.4395847,15.8466663],[-16.4398685,15.8469373],[-16.4397295,15.8472111],[-16.4396845,15.8474842],[-16.4396864,15.847757],[-16.4395934,15.8478941],[-16.4390316,15.8481707],[-16.4387527,15.8485818],[-16.4387546,15.8488546],[-16.4386156,15.8491284],[-16.4384061,15.8494026],[-16.4384081,15.8496755],[-16.4384805,15.8499478],[-16.4386233,15.8502198],[-16.4384837,15.8504026],[-16.4382025,15.8504954],[-16.4379219,15.8506792],[-16.4378286,15.8507707],[-16.4376426,15.8510448],[-16.4376445,15.8513176],[-16.4368028,15.8518689],[-16.4368047,15.8521418],[-16.4365209,15.8518708],[-16.4359563,15.8517381],[-16.4356734,15.8516036],[-16.4351058,15.8510616],[-16.4350138,15.8513351],[-16.4352506,15.8516064],[-16.4351116,15.8518801],[-16.4348307,15.8520184],[-16.434268,15.8521586],[-16.433988,15.8524333],[-16.4341309,15.8527052],[-16.4339919,15.8529789],[-16.433571,15.8532546],[-16.433293,15.8538021],[-16.433153,15.8539395],[-16.432874,15.8543506],[-16.4325935,15.8545343],[-16.4323103,15.8543543],[-16.4321674,15.8540824],[-16.4324455,15.8535349],[-16.4321597,15.8529911],[-16.4321578,15.8527182],[-16.4322978,15.8525809],[-16.4325806,15.8527154],[-16.4328625,15.8527136],[-16.4329545,15.8524401],[-16.4328586,15.8521679],[-16.4327158,15.851896],[-16.4327138,15.8516232],[-16.4327589,15.85135],[-16.4328509,15.8510765],[-16.4329899,15.8508028],[-16.4328471,15.8505309],[-16.4329861,15.8502571],[-16.4330546,15.8499838],[-16.4329822,15.8497114],[-16.4332602,15.8491639],[-16.4334002,15.8490265],[-16.4336811,15.8488883],[-16.4339623,15.8487954],[-16.4342448,15.8488845],[-16.4342487,15.8494302],[-16.4345325,15.8497012],[-16.4345363,15.8502468],[-16.4348211,15.8506542],[-16.4351039,15.8507888],[-16.4353838,15.8505141],[-16.4356628,15.850103],[-16.4358028,15.8499656],[-16.4358008,15.8496928],[-16.435658,15.8494209],[-16.4353742,15.8491499],[-16.4350923,15.8491518],[-16.4350904,15.8488789],[-16.4353703,15.8486042],[-16.4353684,15.8483314],[-16.4356474,15.8479203],[-16.4359283,15.847782],[-16.4362082,15.8475073],[-16.4363472,15.8472335],[-16.4363453,15.8469607],[-16.4363903,15.8466875],[-16.4367632,15.8462758],[-16.4370441,15.8461375],[-16.4370422,15.8458647],[-16.4367594,15.8457301],[-16.436702,15.8455941],[-16.4367001,15.8453212],[-16.4370364,15.8450461],[-16.4370345,15.8447733],[-16.4368916,15.8445014],[-16.4370306,15.8442276],[-16.4375924,15.8439511],[-16.4375905,15.8436782],[-16.4374476,15.8434063],[-16.4374926,15.8431332],[-16.4375847,15.8428597],[-16.4377706,15.8425856],[-16.4380506,15.8423109],[-16.4380486,15.8420381],[-16.4378588,15.8417665],[-16.4375731,15.8412227],[-16.4370055,15.8406808],[-16.4369096,15.8404085],[-16.4370017,15.8401351],[-16.4372816,15.8398604],[-16.4374206,15.8395866],[-16.4374186,15.8393138],[-16.4375576,15.83904],[-16.4378385,15.8389017],[-16.4381204,15.8388998],[-16.4384012,15.8387616],[-16.4383993,15.8384887],[-16.4381155,15.8382178],[-16.4378356,15.8384925],[-16.4375538,15.8384943],[-16.4381136,15.8379449]]]}},{"type":"Feature","properties":{"elevation":5.0},"geometry":{"type":"LineString","coordinates":[[-16.4722146,15.8374432],[-16.4722165,15.837716],[-16.4719347,15.837718],[-16.4722146,15.8374432]]}},{"type":"Feature","properties":{"elevation":10.0},"geometry":{"type":"LineString","coordinates":[[-16.4434648,15.8373637],[-16.4431849,15.8376384],[-16.4434686,15.8379093],[-16.4437485,15.8376346],[-16.4434648,15.8373637]]}},{"type":"Feature","properties":{"elevation":15.0},"geometry":{"type":"LineString","coordinates":[[-16.4296554,15.8375916],[-16.4293745,15.8377299],[-16.4295173,15.8380018],[-16.4298011,15.8382727],[-16.429803,15.8385456],[-16.4298519,15.8388181],[-16.4299478,15.8390903],[-16.4302296,15.8390885],[-16.4303725,15.8393604],[-16.4302335,15.8396341],[-16.4305159,15.8397232],[-16.4307971,15.8396304],[-16.4310771,15.8393557],[-16.4312161,15.839082],[-16.4310742,15.8389465],[-16.4307914,15.8388119],[-16.4305095,15.8388138],[-16.4305038,15.8379953],[-16.430221,15.8378607],[-16.4299372,15.8375897],[-16.4296554,15.8375916]]}},{"type":"Feature","properties":{"elevation":5.0},"geometry":{"type":"LineString","coordinates":[[-16.5243522,15.8368101],[-16.5246336,15.8367399],[-16.5249159,15.8368061],[-16.5251977,15.8368042],[-16.5252702,15.8370765],[-16.5253897,15.8373485],[-16.5254843,15.8374388],[-16.5257662,15.8374368],[-16.5258481,15.8376181],[-16.5258166,15.8378912],[-16.5255703,15.8381657],[-16.5256328,15.8384381],[-16.5255765,15.8389842],[-16.525641,15.8395294],[-16.525374,15.8398042],[-16.5253632,15.8400771],[-16.5253049,15.8403503],[-16.5252254,15.8404873],[-16.5249425,15.8403529],[-16.5246586,15.840082],[-16.5246545,15.8395364],[-16.5249343,15.8392616],[-16.5247914,15.8389897],[-16.5245545,15.8387186],[-16.5246464,15.8384451],[-16.5249266,15.8382385],[-16.5254878,15.8378935],[-16.5252039,15.8376226],[-16.5246402,15.8376266],[-16.5243563,15.8373558],[-16.5242134,15.8370839],[-16.5243522,15.8368101]]}},{"type":"Feature","properties":{"elevation":15.0},"geometry":{"type":"MultiLineString","coordinates":[[[-16.455584,15.8372826],[-16.4558649,15.8371443],[-16.4561464,15.837097],[-16.4564285,15.8371405],[-16.4567114,15.8372751],[-16.4569952,15.837546],[-16.457138,15.8378179],[-16.4568582,15.8380926],[-16.4571439,15.8386364],[-16.4570049,15.8389102],[-16.4570069,15.839183],[-16.456727,15.8394577],[-16.4564432,15.8391868],[-16.4565822,15.838913],[-16.4566272,15.8386399],[-16.4567192,15.8383664],[-16.4565763,15.8380945],[-16.4564344,15.8379591],[-16.4561526,15.8379609],[-16.4558717,15.8380993],[-16.4555918,15.838374],[-16.4550242,15.8378321]],[[-16.4550242,15.8378321],[-16.4547443,15.8381068],[-16.4547424,15.837834],[-16.4550242,15.8378321]],[[-16.4550242,15.8378321],[-16.455308,15.838103],[-16.455586,15.8375555],[-16.455584,15.8372826]]]}},{"type":"Feature","properties":{"elevation":15.0},"geometry":{"type":"LineString","coordinates":[[-16.4443103,15.837358],[-16.4445921,15.8373562],[-16.4443122,15.8376309],[-16.4443103,15.837358]]}},{"type":"Feature","properties":{"elevation":10.0},"geometry":{"type":"LineString","coordinates":[[-16.4437427,15.8368161],[-16.4434628,15.8370908],[-16.4434648,15.8373637],[-16.4437485,15.8376346],[-16.443803,15.8373614],[-16.4440265,15.8370871],[-16.4437427,15.8368161]]}},{"type":"Feature","properties":{"elevation":15.0},"geometry":{"type":"LineString","coordinates":[[-16.4615007,15.83697],[-16.4620683,15.8375119],[-16.4620703,15.8377847],[-16.4615105,15.8383342],[-16.4612287,15.8383361],[-16.4609449,15.8380651],[-16.4609429,15.8377923],[-16.4612247,15.8377904],[-16.4615046,15.8375157],[-16.4615007,15.83697]]}},{"type":"Feature","properties":{"elevation":15.0},"geometry":{"type":"LineString","coordinates":[[-16.4389533,15.8371208],[-16.4392342,15.8369825],[-16.4395164,15.8370261],[-16.4395734,15.8371167],[-16.439518,15.8372535],[-16.4392361,15.8372553],[-16.4389533,15.8371208]]}},{"type":"Feature","properties":{"elevation":15.0},"geometry":{"type":"LineString","coordinates":[[-16.4344438,15.8371507],[-16.4347252,15.8370806],[-16.4350075,15.8371469],[-16.4355712,15.8371432],[-16.4352913,15.8374179],[-16.4352951,15.8379636],[-16.4350152,15.8382383],[-16.435021,15.8390568],[-16.4351639,15.8393287],[-16.4351658,15.8396015],[-16.4350268,15.8398753],[-16.4351696,15.8401472],[-16.4351716,15.8404201],[-16.4350326,15.8406938],[-16.4347517,15.8408321],[-16.4344689,15.8406976],[-16.4347488,15.8404229],[-16.4347469,15.84015],[-16.4344631,15.839879],[-16.4338994,15.8398828],[-16.4341774,15.8393352],[-16.4338936,15.8390643],[-16.4336137,15.839339],[-16.4333319,15.8393408],[-16.4338917,15.8387914],[-16.433606,15.8382476],[-16.4333222,15.8379766],[-16.433041,15.8380695],[-16.4327585,15.8379804],[-16.4330385,15.8377057],[-16.4333203,15.8377038],[-16.4336041,15.8379748],[-16.4338859,15.8379729],[-16.4341668,15.8378346],[-16.4343068,15.8376973],[-16.4344458,15.8374235],[-16.4344438,15.8371507]]}},{"type":"Feature","properties":{"elevation":5.0},"geometry":{"type":"LineString","coordinates":[[-16.5091272,15.8360981],[-16.5088474,15.8363729],[-16.5088514,15.8369185],[-16.5089943,15.8371904],[-16.5088555,15.8374642],[-16.5091393,15.837735],[-16.5094191,15.8374602],[-16.509558,15.8371864],[-16.5094151,15.8369146],[-16.509411,15.8363689],[-16.5091272,15.8360981]]}},{"type":"Feature","properties":{"elevation":5.0},"geometry":{"type":"LineString","coordinates":[[-16.5260391,15.8362526],[-16.5260412,15.8365254]]}},{"type":"Feature","properties":{"elevation":5.0},"geometry":{"type":"LineString","coordinates":[[-16.4984175,15.8361723],[-16.4981376,15.8364471],[-16.4984215,15.836718],[-16.4989852,15.8367141],[-16.499265,15.8364393],[-16.4989811,15.8361684],[-16.4984175,15.8361723]]}},{"type":"Feature","properties":{"elevation":5.0},"geometry":{"type":"Point","coordinates":[-16.471644964,15.83662854]}},{"type":"Feature","properties":{"elevation":10.0},"geometry":{"type":"LineString","coordinates":[[-16.502365165,15.83641787],[-16.502365165,15.836417871]]}},{"type":"Feature","properties":{"elevation":10.0},"geometry":{"type":"LineString","coordinates":[[-16.4598067,15.8365721],[-16.4595259,15.8367105],[-16.4593869,15.8369842],[-16.4593889,15.8372571],[-16.4592499,15.8375309],[-16.4592519,15.8378037],[-16.458971,15.837942],[-16.4586888,15.8378984],[-16.4584063,15.8378094],[-16.4582674,15.8380832],[-16.4583398,15.8383555],[-16.4582713,15.8386288],[-16.4580384,15.8389032],[-16.4578524,15.8391773],[-16.4581362,15.8394483],[-16.4584161,15.8391735],[-16.458697,15.8390352],[-16.4589798,15.8391698],[-16.4592617,15.8391679],[-16.4595415,15.8388931],[-16.4598234,15.8388912],[-16.4601072,15.8391622],[-16.4606669,15.8386127],[-16.4600993,15.8380708],[-16.4603753,15.8372504],[-16.4602324,15.8369785],[-16.4603714,15.8367048],[-16.4600876,15.8364338],[-16.4598067,15.8365721]]}},{"type":"Feature","properties":{"elevation":15.0},"geometry":{"type":"LineString","coordinates":[[-16.4490977,15.8367804],[-16.4493111,15.8370518],[-16.4492895,15.8373248],[-16.4491029,15.837508],[-16.4488211,15.8375098],[-16.4486789,15.8373289],[-16.4486299,15.8370564],[-16.4488165,15.8368732],[-16.4490977,15.8367804]]}},{"type":"Feature","properties":{"elevation":15.0},"geometry":{"type":"LineString","coordinates":[[-16.4860187,15.8365305],[-16.4862995,15.8363922],[-16.4865814,15.8363902],[-16.4868642,15.8365247],[-16.4868662,15.8367975],[-16.4865864,15.8370723],[-16.4860207,15.8368033],[-16.4860187,15.8365305]]}},{"type":"Feature","properties":{"elevation":5.0},"geometry":{"type":"LineString","coordinates":[[-16.514481,15.8359243],[-16.5142002,15.8360627],[-16.5142022,15.8363355],[-16.514486,15.8366064],[-16.5147658,15.8363316],[-16.5147638,15.8360588],[-16.514481,15.8359243]]}},{"type":"Feature","properties":{"elevation":10.0},"geometry":{"type":"LineString","coordinates":[[-16.4502222,15.8363636],[-16.4499413,15.8365019],[-16.4499452,15.8370476],[-16.4498532,15.837321],[-16.4499491,15.8375932],[-16.449951,15.8378661],[-16.449859,15.8381395],[-16.449814,15.8384127],[-16.449675,15.8386865],[-16.4494891,15.8389606],[-16.4496789,15.8392321],[-16.4497513,15.8395045],[-16.4496828,15.8397778],[-16.4496848,15.8400506],[-16.4496163,15.840324],[-16.4496182,15.8405968],[-16.4495497,15.8408701],[-16.4489899,15.8414195],[-16.4488509,15.8416933],[-16.4487824,15.8419666],[-16.4488535,15.8420571],[-16.4491367,15.8422371],[-16.4492795,15.842509],[-16.4488597,15.8429211],[-16.4485788,15.8430594],[-16.4485807,15.8433322],[-16.4484887,15.8436057],[-16.4483028,15.8438798],[-16.4481638,15.8441535],[-16.4478839,15.8444283],[-16.4474631,15.8447039],[-16.4469032,15.8452533],[-16.4469991,15.8455256],[-16.4470481,15.8457981],[-16.4471909,15.84607],[-16.4474747,15.8463409],[-16.4478956,15.8460653],[-16.4480345,15.8457915],[-16.4483145,15.8455168],[-16.4485004,15.8452427],[-16.4485924,15.8449692],[-16.4494341,15.8444179],[-16.4495261,15.8441444],[-16.449712,15.8438703],[-16.4499919,15.8435956],[-16.4502014,15.8433214],[-16.4502699,15.8430481],[-16.4505498,15.8427733],[-16.4508307,15.842635],[-16.4509237,15.842498],[-16.4511103,15.8423148],[-16.4513908,15.8421311],[-16.4515774,15.8419479],[-16.4518103,15.8416735],[-16.4519493,15.8413997],[-16.4522311,15.8413978],[-16.452652,15.8411222],[-16.4527909,15.8408484],[-16.452789,15.8405756],[-16.4529749,15.8403015],[-16.4530669,15.840028],[-16.4527831,15.8397571],[-16.4525006,15.839668],[-16.4522194,15.8397608],[-16.4516577,15.8400374],[-16.4513739,15.8397665],[-16.4510911,15.839632],[-16.4509492,15.8394965],[-16.4508063,15.8392246],[-16.4507946,15.8375876],[-16.4510745,15.8373129],[-16.4511665,15.8370394],[-16.4513531,15.8368563],[-16.4514934,15.8367644],[-16.4514914,15.8364915],[-16.4513495,15.8363561],[-16.4510667,15.8362215],[-16.450503,15.8362253],[-16.4502222,15.8363636]]}},{"type":"Feature","properties":{"elevation":20.0},"geometry":{"type":"LineString","coordinates":[[-16.4527597,15.836483],[-16.4530416,15.8364812],[-16.4533244,15.8366157],[-16.4534663,15.8367512],[-16.4534213,15.8370243],[-16.4534232,15.8372971],[-16.4533299,15.8373887],[-16.4530481,15.8373906],[-16.4527666,15.837438],[-16.4526247,15.8373025],[-16.4526208,15.8367568],[-16.4527597,15.836483]]}},{"type":"Feature","properties":{"elevation":10.0},"geometry":{"type":"LineString","coordinates":[[-16.4347193,15.8362394],[-16.4344387,15.8364231],[-16.4342991,15.8366059],[-16.4344409,15.8367414],[-16.4347228,15.8367396],[-16.435005,15.8367832],[-16.4352855,15.8365994],[-16.4350008,15.836192],[-16.4347193,15.8362394]]}},{"type":"Feature","properties":{"elevation":15.0},"geometry":{"type":"LineString","coordinates":[[-16.4660042,15.8361211],[-16.4662861,15.8361192],[-16.4662881,15.836392],[-16.4664309,15.8366639],[-16.4666678,15.8369351],[-16.4665758,15.8372086],[-16.466294,15.8372105],[-16.4660131,15.8373488],[-16.4657303,15.8372143],[-16.4655404,15.8369427],[-16.4656324,15.8366693],[-16.4658653,15.8363948],[-16.4660042,15.8361211]]}},{"type":"Feature","properties":{"elevation":15.0},"geometry":{"type":"LineString","coordinates":[[-16.438665697,15.836304159],[-16.438665697,15.83630416]]}},{"type":"Feature","properties":{"elevation":5.0},"geometry":{"type":"LineString","coordinates":[[-16.5046124,15.8354019],[-16.5043319,15.8355857],[-16.5040501,15.8355877],[-16.5034885,15.8358644],[-16.5034905,15.8361372],[-16.5040582,15.836679],[-16.504339,15.8365406],[-16.5046209,15.8365387],[-16.5049037,15.8366731],[-16.5051835,15.8363983],[-16.5053224,15.8361245],[-16.5053204,15.8358517],[-16.5054593,15.8355779],[-16.5051754,15.835307],[-16.5048936,15.835309],[-16.5046124,15.8354019]]}},{"type":"Feature","properties":{"elevation":5.0},"geometry":{"type":"LineString","coordinates":[[-16.4812195,15.835472],[-16.48038,15.8362962],[-16.4806638,15.8365671],[-16.4809496,15.8371109],[-16.4826406,15.8370993],[-16.4827796,15.8368255],[-16.4826366,15.8365537],[-16.4823548,15.8365556],[-16.482071,15.8362847],[-16.482067,15.835739],[-16.4817832,15.8354681],[-16.4812195,15.835472]]}},{"type":"Feature","properties":{"elevation":5.0},"geometry":{"type":"LineString","coordinates":[[-16.4755848,15.8357832],[-16.4758666,15.8357813]]}},{"type":"Feature","properties":{"elevation":15.0},"geometry":{"type":"LineString","coordinates":[[-16.4482464,15.8359675],[-16.4482483,15.8362404],[-16.4479665,15.8362423],[-16.4482464,15.8359675]]}},{"type":"Feature","properties":{"elevation":15.0},"geometry":{"type":"LineString","coordinates":[[-16.4575471,15.8359052],[-16.4581108,15.8359014],[-16.4578309,15.8361762],[-16.4575491,15.8361781],[-16.4575471,15.8359052]]}},{"type":"Feature","properties":{"elevation":20.0},"geometry":{"type":"LineString","coordinates":[[-16.4552924,15.8359204],[-16.4555742,15.8359185],[-16.455858,15.8361894],[-16.4555768,15.8362823],[-16.455295,15.8362841],[-16.4552239,15.8361937],[-16.4552924,15.8359204]]}},{"type":"Feature","properties":{"elevation":5.0},"geometry":{"type":"LineString","coordinates":[[-16.5246218,15.8351712],[-16.524903,15.8350912],[-16.5251849,15.8350892],[-16.525266,15.8351666],[-16.5251875,15.83544],[-16.5251895,15.8357128],[-16.5246218,15.8351712]]}},{"type":"Feature","properties":{"elevation":5.0},"geometry":{"type":"LineString","coordinates":[[-16.5063007,15.8350264],[-16.5060209,15.8353011],[-16.5060229,15.835574],[-16.5063068,15.8358448],[-16.5065866,15.8355701],[-16.5065846,15.8352972],[-16.5063007,15.8350264]]}},{"type":"Feature","properties":{"elevation":5.0},"geometry":{"type":"LineString","coordinates":[[-16.46318,15.8353216],[-16.4629001,15.8355963],[-16.462902,15.8358692],[-16.4628336,15.8361425],[-16.462812,15.8364155],[-16.46272,15.8366889],[-16.462722,15.8369618],[-16.4629119,15.8372333],[-16.4629158,15.837779],[-16.4627487,15.838053],[-16.4626398,15.8385994],[-16.4626438,15.8391451],[-16.4625518,15.8394185],[-16.4625068,15.8396917],[-16.4626497,15.8399636],[-16.4629315,15.8399617],[-16.4632114,15.8396869],[-16.4633504,15.8394131],[-16.4633954,15.83914],[-16.4634873,15.8388665],[-16.4637653,15.838319],[-16.4637633,15.8380461],[-16.4634795,15.8377752],[-16.4634775,15.8375024],[-16.4637574,15.8372276],[-16.4637515,15.8364091],[-16.4640314,15.8361344],[-16.4640294,15.8358616],[-16.4641684,15.8355878],[-16.4640255,15.8353159],[-16.46318,15.8353216]]}},{"type":"Feature","properties":{"elevation":20.0},"geometry":{"type":"MultiLineString","coordinates":[[[-16.4426076,15.8357323],[-16.4426096,15.8360051]],[[-16.4426096,15.8360051],[-16.4427054,15.8362773],[-16.4426839,15.8365503],[-16.4423355,15.8370983],[-16.4420543,15.8371911],[-16.4419597,15.8371008],[-16.4419108,15.8368283],[-16.4419793,15.836555],[-16.442329,15.8361889],[-16.4426096,15.8360051]]]}},{"type":"Feature","properties":{"elevation":5.0},"geometry":{"type":"LineString","coordinates":[[-16.5144718,15.8346966],[-16.514192,15.8349714],[-16.5144759,15.8352423],[-16.5147557,15.8349675],[-16.5144718,15.8346966]]}},{"type":"Feature","properties":{"elevation":5.0},"geometry":{"type":"LineString","coordinates":[[-16.4800882,15.834934],[-16.4795285,15.8354835],[-16.4795305,15.8357563],[-16.4798143,15.8360273],[-16.4800961,15.8360253],[-16.480376,15.8357506],[-16.4805149,15.8354768],[-16.4805129,15.8352039],[-16.48037,15.8349321],[-16.4800882,15.834934]]}},{"type":"Feature","properties":{"elevation":10.0},"geometry":{"type":"LineString","coordinates":[[-16.4541601,15.8352458],[-16.4538793,15.8353841],[-16.4541631,15.8356551],[-16.4544439,15.8355168],[-16.4545839,15.8353794],[-16.454442,15.8352439],[-16.4541601,15.8352458]]}},{"type":"Feature","properties":{"elevation":10.0},"geometry":{"type":"LineString","coordinates":[[-16.4468313,15.8351584],[-16.4462715,15.8357079],[-16.4461326,15.8359816],[-16.4461384,15.8368001],[-16.4458585,15.8370749],[-16.4457195,15.8373486],[-16.4451597,15.8378981],[-16.4454435,15.838169],[-16.4457253,15.8381671],[-16.4458212,15.8384394],[-16.4458232,15.8387122],[-16.4457302,15.8388492],[-16.44545,15.8390785],[-16.4451684,15.8391258],[-16.4450285,15.8392632],[-16.4450304,15.839536],[-16.4451733,15.8398079],[-16.4454571,15.8400789],[-16.4457428,15.8406227],[-16.4460227,15.840348],[-16.4460208,15.8400751],[-16.4463007,15.8398004],[-16.4462968,15.8392547],[-16.4465767,15.83898],[-16.4465748,15.8387072],[-16.4468527,15.8381596],[-16.4468508,15.8378868],[-16.4467079,15.8376149],[-16.4467529,15.8373417],[-16.4468449,15.8370683],[-16.4469839,15.8367945],[-16.4474038,15.8363824],[-16.4474967,15.8362454],[-16.4475887,15.8359719],[-16.4475868,15.8356991],[-16.4476788,15.8354256],[-16.4471132,15.8351566],[-16.4468313,15.8351584]]}},{"type":"Feature","properties":{"elevation":15.0},"geometry":{"type":"LineString","coordinates":[[-16.4578231,15.8350848],[-16.457825,15.8353577]]}},{"type":"Feature","properties":{"elevation":15.0},"geometry":{"type":"LineString","coordinates":[[-16.4290734,15.8350033],[-16.4287935,15.835278],[-16.4285155,15.8358256],[-16.4282356,15.8361003],[-16.4279547,15.8362385],[-16.4278147,15.8363759],[-16.4276757,15.8366496],[-16.4273958,15.8369243],[-16.4273977,15.8371972],[-16.4276815,15.8374682],[-16.4279643,15.8376027],[-16.4293687,15.8369113],[-16.4296486,15.8366366],[-16.4295058,15.8363647],[-16.429222,15.8360938],[-16.4290792,15.8358218],[-16.4293591,15.8355472],[-16.4293572,15.8352743],[-16.4290734,15.8350033]]}},{"type":"Feature","properties":{"elevation":5.0},"geometry":{"type":"LineString","coordinates":[[-16.4754359,15.8346929],[-16.4755758,15.8345555],[-16.4758577,15.8345536],[-16.4761405,15.8346881],[-16.4761465,15.8355066],[-16.4755788,15.8349647],[-16.4754359,15.8346929]]}},{"type":"Feature","properties":{"elevation":10.0},"geometry":{"type":"LineString","coordinates":[[-16.4789589,15.8346689],[-16.4789608,15.8349417]]}},{"type":"Feature","properties":{"elevation":10.0},"geometry":{"type":"LineString","coordinates":[[-16.4692355,15.834735],[-16.4693755,15.8345976],[-16.4696583,15.8347321],[-16.4693784,15.8350068],[-16.4690966,15.8350087],[-16.4692355,15.834735]]}},{"type":"Feature","properties":{"elevation":5.0},"geometry":{"type":"MultiLineString","coordinates":[[[-16.4747293,15.8344248],[-16.4750132,15.8346957],[-16.4744535,15.8352452],[-16.4744574,15.8357909],[-16.4741776,15.8360656],[-16.4744604,15.8362001],[-16.4745553,15.8363359],[-16.4748391,15.8366068],[-16.4747472,15.8368803],[-16.4744693,15.8374279],[-16.4744713,15.8377007]],[[-16.4744713,15.8377007],[-16.4747551,15.8379716],[-16.4747571,15.8382445],[-16.4744772,15.8385192],[-16.4741934,15.8382483],[-16.4741914,15.8379755],[-16.4744713,15.8377007]],[[-16.4744713,15.8377007],[-16.4739056,15.8374317],[-16.4730601,15.8374375],[-16.473338,15.8368899],[-16.4734299,15.8366164],[-16.473334,15.8363442],[-16.473332,15.8360714],[-16.4736119,15.8357966],[-16.4733281,15.8355257],[-16.4733241,15.8349801],[-16.473604,15.8347053],[-16.4738848,15.834567],[-16.4741677,15.8347015],[-16.4744495,15.8346996],[-16.4747293,15.8344248]]]}},{"type":"Feature","properties":{"elevation":5.0},"geometry":{"type":"LineString","coordinates":[[-16.5093928,15.8339135],[-16.509113,15.8341883],[-16.5093958,15.8343227],[-16.5096766,15.8341844],[-16.5093928,15.8339135]]}},{"type":"Feature","properties":{"elevation":10.0},"geometry":{"type":"LineString","coordinates":[[-16.4403432,15.8343831],[-16.4400633,15.8346578],[-16.4399243,15.8349316],[-16.4396444,15.8352063],[-16.4395054,15.83548],[-16.4392255,15.8357547],[-16.4392275,15.8360276],[-16.4395112,15.8362985],[-16.4397931,15.8362967],[-16.4397969,15.8368423],[-16.4398693,15.8371147],[-16.4399437,15.8376599],[-16.4400855,15.8377954],[-16.4403684,15.83793],[-16.4406483,15.8376552],[-16.4406444,15.8371096],[-16.4410895,15.8362881],[-16.4412003,15.8360145],[-16.4414802,15.8357398],[-16.4415723,15.8354663],[-16.4415684,15.8349206],[-16.4414725,15.8346484],[-16.4411887,15.8343775],[-16.4403432,15.8343831]]}},{"type":"Feature","properties":{"elevation":15.0},"geometry":{"type":"LineString","coordinates":[[-16.427490109794427,15.835183455946664],[-16.4276642,15.8350126],[-16.4276623,15.8347398],[-16.427608320782138,15.834688237194076]]}},{"type":"Feature","properties":{"elevation":0.0},"geometry":{"type":"LineString","coordinates":[[-16.4766962,15.8335929],[-16.4765573,15.8338667],[-16.4765593,15.8341395],[-16.4767012,15.834275],[-16.476982,15.8341366],[-16.4769801,15.8338638],[-16.4766962,15.8335929]]}},{"type":"Feature","properties":{"elevation":5.0},"geometry":{"type":"LineString","coordinates":[[-16.512207,15.8333482],[-16.5119272,15.833623],[-16.5122101,15.8337574],[-16.51235,15.83362],[-16.512207,15.8333482]]}},{"type":"Feature","properties":{"elevation":5.0},"geometry":{"type":"LineString","coordinates":[[-16.47416172,15.833882987],[-16.47416172,15.833882988]]}},{"type":"Feature","properties":{"elevation":10.0},"geometry":{"type":"LineString","coordinates":[[-16.4499228,15.83391],[-16.4497829,15.8340473],[-16.449366,15.8348687],[-16.4493679,15.8351415],[-16.4488081,15.8356909],[-16.4490938,15.8362347],[-16.4493767,15.8363693],[-16.4496585,15.8363674],[-16.4499394,15.8362291],[-16.4499355,15.8356834],[-16.4504953,15.835134],[-16.4504914,15.8345883],[-16.4507713,15.8343136],[-16.4502037,15.8337717],[-16.4499228,15.83391]]}},{"type":"Feature","properties":{"elevation":10.0},"geometry":{"type":"LineString","coordinates":[[-16.4324478,15.8338897],[-16.4323088,15.8341634],[-16.4324507,15.8342989],[-16.4327316,15.8341606],[-16.4324478,15.8338897]]}},{"type":"Feature","properties":{"elevation":15.0},"geometry":{"type":"LineString","coordinates":[[-16.4378047,15.8341271],[-16.4380856,15.8339888],[-16.4382275,15.8341243],[-16.4381824,15.8343974],[-16.4380891,15.834489],[-16.4378071,15.8344681],[-16.4376657,15.8344008],[-16.4378047,15.8341271]]}},{"type":"Feature","properties":{"elevation":10.0},"geometry":{"type":"LineString","coordinates":[[-16.4916334,15.8334907],[-16.4919152,15.8334887],[-16.4919172,15.8337616],[-16.4920601,15.8340334],[-16.4920622,15.8343063],[-16.4919232,15.8345801],[-16.4919252,15.8348529],[-16.4922091,15.8351238],[-16.4922111,15.8353966],[-16.4910837,15.8354044],[-16.4913636,15.8351296],[-16.4913596,15.8345839],[-16.4912167,15.8343121],[-16.4913556,15.8340383],[-16.4913536,15.8337654],[-16.4916334,15.8334907]]}},{"type":"Feature","properties":{"elevation":10.0},"geometry":{"type":"LineString","coordinates":[[-16.5026248,15.8334148],[-16.5031905,15.8336837],[-16.5033334,15.8339556],[-16.5033354,15.8342284],[-16.5031952,15.8343203],[-16.5029137,15.8343677],[-16.5027738,15.8345051],[-16.5026349,15.8347789],[-16.502351,15.8345081],[-16.502345,15.8336896],[-16.5026248,15.8334148]]}},{"type":"Feature","properties":{"elevation":10.0},"geometry":{"type":"LineString","coordinates":[[-16.4327278,15.833615],[-16.4324478,15.8338897],[-16.4327316,15.8341606],[-16.4330125,15.8340224],[-16.4331524,15.833885],[-16.4330096,15.8336131],[-16.4327278,15.833615]]}},{"type":"Feature","properties":{"elevation":20.0},"geometry":{"type":"LineString","coordinates":[[-16.4876877,15.8335178],[-16.4879696,15.8335158],[-16.4879736,15.8340615],[-16.4876907,15.833927],[-16.4875488,15.8337916],[-16.4876877,15.8335178]]}},{"type":"Feature","properties":{"elevation":20.0},"geometry":{"type":"LineString","coordinates":[[-16.4428759,15.8338205],[-16.4431577,15.8338187],[-16.4430188,15.8340924],[-16.4430207,15.8343653],[-16.4431635,15.8346372],[-16.4432219,15.8349096],[-16.4431674,15.8351829],[-16.4428875,15.8354576],[-16.4426742,15.8351861],[-16.4425059,15.8346416],[-16.4425979,15.8343681],[-16.4428759,15.8338205]]}},{"type":"Feature","properties":{"elevation":0.0},"geometry":{"type":"LineString","coordinates":[[-16.4735921,15.8330683],[-16.4733123,15.8333431],[-16.4735961,15.833614],[-16.4738759,15.8333392],[-16.4735921,15.8330683]]}},{"type":"Feature","properties":{"elevation":5.0},"geometry":{"type":"LineString","coordinates":[[-16.5060037,15.8329821],[-16.5057229,15.8331205],[-16.505584,15.8333943],[-16.505727,15.8336661],[-16.505729,15.833939],[-16.5060115,15.8340279],[-16.5062933,15.834026],[-16.5065755,15.8340695],[-16.5068583,15.834204],[-16.5071402,15.834202],[-16.50742,15.8339272],[-16.5074179,15.8336544],[-16.5071341,15.8333835],[-16.5065704,15.8333874],[-16.5062866,15.8331166],[-16.5060037,15.8329821]]}},{"type":"Feature","properties":{"elevation":5.0},"geometry":{"type":"LineString","coordinates":[[-16.4814834,15.8330146],[-16.4806439,15.8338388],[-16.4817792,15.8349225],[-16.4823429,15.8349186],[-16.4826227,15.8346438],[-16.4829045,15.8346419],[-16.4830435,15.8343681],[-16.4830885,15.834095],[-16.4830395,15.8338225],[-16.4828966,15.8335506],[-16.4828946,15.8332778],[-16.4826118,15.8331433],[-16.4823299,15.8331452],[-16.4820471,15.8330107],[-16.4814834,15.8330146]]}},{"type":"Feature","properties":{"elevation":15.0},"geometry":{"type":"LineString","coordinates":[[-16.4304711,15.833357],[-16.4301912,15.8336317],[-16.4300992,15.8339052],[-16.4299132,15.8341792],[-16.4293534,15.8347286],[-16.4296371,15.8349996],[-16.429918,15.8348613],[-16.4302008,15.8349959],[-16.4307626,15.8347193],[-16.4316023,15.8338953],[-16.4313186,15.8336243],[-16.4307549,15.833628],[-16.4304711,15.833357]]}},{"type":"Feature","properties":{"elevation":20.0},"geometry":{"type":"LineString","coordinates":[[-16.4292517,15.8336379],[-16.4293447,15.8335009],[-16.4296275,15.8336354],[-16.4296294,15.8339083],[-16.4293476,15.8339101],[-16.4292517,15.8336379]]}},{"type":"Feature","properties":{"elevation":5.0},"geometry":{"type":"LineString","coordinates":[[-16.4673911,15.8330194],[-16.4672978,15.833111],[-16.4672058,15.8333845],[-16.4673977,15.8339289],[-16.4679613,15.833925],[-16.4682392,15.8333775],[-16.4682373,15.8331046],[-16.4679535,15.8328337],[-16.4673911,15.8330194]]}},{"type":"Feature","properties":{"elevation":5.0},"geometry":{"type":"LineString","coordinates":[[-16.4975458,15.8326314],[-16.497266,15.8329062],[-16.4969842,15.8329081],[-16.4964245,15.8334577],[-16.4967084,15.8337286],[-16.4969912,15.833863],[-16.497272,15.8337247],[-16.4978357,15.8337208],[-16.4983953,15.8331712],[-16.4981095,15.8326275],[-16.4975458,15.8326314]]}},{"type":"Feature","properties":{"elevation":5.0},"geometry":{"type":"LineString","coordinates":[[-16.48486543,15.832991432],[-16.484865431,15.832991432]]}},{"type":"Feature","properties":{"elevation":10.0},"geometry":{"type":"LineString","coordinates":[[-16.4358256,15.8332534],[-16.4356851,15.8333226],[-16.4355462,15.8335963],[-16.43555,15.834142],[-16.4357398,15.8344136],[-16.4358357,15.8346858],[-16.4361195,15.8349568],[-16.4364013,15.8349549],[-16.4361214,15.8352296],[-16.4361272,15.8360481],[-16.436411,15.8363191],[-16.4365538,15.836591],[-16.4364148,15.8368648],[-16.4361349,15.8371395],[-16.4359959,15.8374133],[-16.4361388,15.8376852],[-16.4369843,15.8376796],[-16.4372642,15.8374049],[-16.4372603,15.8368592],[-16.4378221,15.8365826],[-16.4379611,15.8363088],[-16.4379592,15.836036],[-16.4380982,15.8357622],[-16.4383781,15.8354875],[-16.4389398,15.8352109],[-16.4389379,15.8349381],[-16.4386541,15.8346671],[-16.4380919,15.8348755],[-16.4378105,15.8349456],[-16.436965,15.8349512],[-16.4369592,15.8341327],[-16.4370512,15.8338592],[-16.4372372,15.8335851],[-16.4366697,15.8330432],[-16.436106,15.8330469],[-16.4358256,15.8332534]]}},{"type":"Feature","properties":{"elevation":15.0},"geometry":{"type":"LineString","coordinates":[[-16.4876837,15.8329721],[-16.4882484,15.8331047],[-16.4885322,15.8333756],[-16.4888141,15.8333736],[-16.4890969,15.8335081],[-16.4893807,15.833779],[-16.4891009,15.8340538],[-16.4891069,15.8348723],[-16.4888241,15.8347378],[-16.4882604,15.8347416],[-16.4879776,15.8346072],[-16.4876957,15.8346091],[-16.4874159,15.8348839],[-16.4875588,15.8351557],[-16.4875608,15.8354286],[-16.4877037,15.8357004],[-16.4877057,15.8359733],[-16.4874249,15.8361116],[-16.4868612,15.8361155],[-16.4867193,15.83598],[-16.4867173,15.8357072],[-16.4865744,15.8354353],[-16.4862906,15.8351644],[-16.4865684,15.8346168],[-16.4868482,15.8343421],[-16.4868442,15.8337964],[-16.4869832,15.8335226],[-16.4874029,15.8331105],[-16.4876837,15.8329721]]}},{"type":"Feature","properties":{"elevation":20.0},"geometry":{"type":"LineString","coordinates":[[-16.4521726,15.8332128],[-16.4521746,15.8334856]]}},{"type":"Feature","properties":{"elevation":20.0},"geometry":{"type":"LineString","coordinates":[[-16.4486497,15.8332364],[-16.4487896,15.833099],[-16.4490718,15.8331426],[-16.4491194,15.8332332],[-16.4490734,15.83337],[-16.4487932,15.8335992],[-16.4486986,15.8335089],[-16.4486497,15.8332364]]}},{"type":"Feature","properties":{"elevation":5.0},"geometry":{"type":"LineString","coordinates":[[-16.5045906,15.8324462],[-16.5044506,15.8325836],[-16.5045936,15.8328555],[-16.5048754,15.8328535],[-16.5050143,15.8325797],[-16.5048714,15.8323079],[-16.5045906,15.8324462]]}},{"type":"Feature","properties":{"elevation":5.0},"geometry":{"type":"LineString","coordinates":[[-16.5012076,15.8323332],[-16.5003682,15.8331576],[-16.500652,15.8334285],[-16.5012136,15.8331517],[-16.5014935,15.832877],[-16.5014914,15.8326041],[-16.5012076,15.8323332]]}},{"type":"Feature","properties":{"elevation":10.0},"geometry":{"type":"LineString","coordinates":[[-16.4662625,15.8328452],[-16.4665433,15.8327068],[-16.4668251,15.8327049],[-16.466967,15.8328404],[-16.4668301,15.833387],[-16.466832,15.8336598],[-16.4665541,15.8342074],[-16.4665561,15.8344802],[-16.4668419,15.835024],[-16.4668517,15.8363882],[-16.4670248,15.8369327],[-16.4672824,15.8374766],[-16.4671434,15.8377504],[-16.4669575,15.8380245],[-16.4665842,15.8383681],[-16.4663051,15.8387565],[-16.4661648,15.8388484],[-16.465885,15.8391232],[-16.465746,15.839397],[-16.4654661,15.8396717],[-16.4654681,15.8399445],[-16.4653292,15.8402183],[-16.4651892,15.8403557],[-16.464907,15.8403121],[-16.4646245,15.8402231],[-16.4646226,15.8399502],[-16.4643388,15.8396793],[-16.4643329,15.8388608],[-16.4646147,15.8388589],[-16.4651745,15.8383094],[-16.4653604,15.8380353],[-16.4653584,15.8377625],[-16.4651686,15.8374909],[-16.4651666,15.8372181],[-16.4650217,15.8366734],[-16.4653016,15.8363987],[-16.4654406,15.8361249],[-16.4648749,15.8358558],[-16.464779,15.8355836],[-16.464777,15.8353108],[-16.4647281,15.8350383],[-16.4648671,15.8347645],[-16.4654307,15.8347607],[-16.4657106,15.834486],[-16.4657086,15.8342131],[-16.4654248,15.8339422],[-16.4654229,15.8336694],[-16.4655148,15.8333959],[-16.4657008,15.8331218],[-16.4662625,15.8328452]]}},{"type":"Feature","properties":{"elevation":10.0},"geometry":{"type":"LineString","coordinates":[[-16.4535779,15.8326577],[-16.4533,15.8332052],[-16.4532315,15.8334786],[-16.4532354,15.8340242],[-16.4533078,15.8342966],[-16.4535903,15.8343856],[-16.4538715,15.8342928],[-16.4544312,15.8337434],[-16.4544273,15.8331977],[-16.4538598,15.8326558],[-16.4535779,15.8326577]]}},{"type":"Feature","properties":{"elevation":20.0},"geometry":{"type":"MultiLineString","coordinates":[[[-16.4462169,15.8329797],[-16.4462516,15.8329113],[-16.446534,15.8329776],[-16.4466768,15.8332495],[-16.4465379,15.8335233],[-16.446258,15.833798]],[[-16.446258,15.833798],[-16.4465417,15.834069],[-16.4465437,15.8343418],[-16.44598,15.8343456],[-16.4462599,15.8340709],[-16.446258,15.833798]],[[-16.446258,15.833798],[-16.4459742,15.8335271],[-16.4462071,15.8332527],[-16.4462169,15.8329797]]]}},{"type":"Feature","properties":{"elevation":5.0},"geometry":{"type":"LineString","coordinates":[[-16.518117269,15.832215544],[-16.518117269,15.832215543]]}},{"type":"Feature","properties":{"elevation":10.0},"geometry":{"type":"LineString","coordinates":[[-16.4795066,15.8324824],[-16.4797905,15.8327533],[-16.4797924,15.8330261],[-16.4800763,15.833297],[-16.4800783,15.8335698],[-16.4797984,15.8338446],[-16.4792347,15.8338484],[-16.4795126,15.8333009],[-16.4795066,15.8324824]]}},{"type":"Feature","properties":{"elevation":10.0},"geometry":{"type":"LineString","coordinates":[[-16.4510395,15.8324018],[-16.4507596,15.8326766],[-16.4504784,15.8327694],[-16.4501978,15.8329532],[-16.4500589,15.8332269],[-16.4502017,15.8334988],[-16.4502037,15.8337717],[-16.4504875,15.8340426],[-16.4507674,15.8337679],[-16.4510492,15.833766],[-16.4513976,15.833218],[-16.4514379,15.8329449],[-16.4513213,15.8324],[-16.4510395,15.8324018]]}},{"type":"Feature","properties":{"elevation":20.0},"geometry":{"type":"LineString","coordinates":[[-16.4554099,15.8326454],[-16.4555498,15.832508],[-16.4558326,15.8326426],[-16.4558365,15.8331882],[-16.4555566,15.833463],[-16.4552748,15.8334649],[-16.4552709,15.8329192],[-16.4554099,15.8326454]]}},{"type":"Feature","properties":{"elevation":5.0},"geometry":{"type":"LineString","coordinates":[[-16.513604,15.8317014],[-16.5133242,15.8319762],[-16.513608,15.8322471],[-16.5138878,15.8319723],[-16.513604,15.8317014]]}},{"type":"Feature","properties":{"elevation":10.0},"geometry":{"type":"LineString","coordinates":[[-16.4473746,15.8322899],[-16.4470938,15.8324282],[-16.4473766,15.8325627],[-16.4475165,15.8324254],[-16.4473746,15.8322899]]}},{"type":"Feature","properties":{"elevation":5.0},"geometry":{"type":"LineString","coordinates":[[-16.5090927,15.83146],[-16.5088129,15.8317348],[-16.5090968,15.8320057],[-16.5088149,15.8320076],[-16.5085321,15.8318732],[-16.5082513,15.8320115],[-16.5081594,15.832285],[-16.5082553,15.8325572],[-16.5091069,15.8333698],[-16.5093867,15.833095],[-16.5096685,15.833093],[-16.5099483,15.8328183],[-16.5099524,15.8333639],[-16.5098135,15.8336377],[-16.5096736,15.8337751],[-16.5093928,15.8339135],[-16.5099605,15.8344552],[-16.5102403,15.8341804],[-16.5108019,15.8339037],[-16.510804,15.8341765],[-16.5110878,15.8344474],[-16.5113696,15.8344454],[-16.5116494,15.8341706],[-16.5116474,15.8338978],[-16.5113636,15.8336269],[-16.5110817,15.8336289],[-16.5107979,15.833358],[-16.5107958,15.8330852],[-16.5113575,15.8328084],[-16.5111655,15.8322641],[-16.5110706,15.8321283],[-16.5107877,15.8319939],[-16.5105039,15.831723],[-16.5099423,15.8319998],[-16.5096604,15.8320017],[-16.5096584,15.8317289],[-16.5093745,15.831458],[-16.5090927,15.83146]]}},{"type":"Feature","properties":{"elevation":5.0},"geometry":{"type":"LineString","coordinates":[[-16.5014834,15.8315128],[-16.5012036,15.8317876],[-16.5017713,15.8323293],[-16.5020531,15.8323274],[-16.5023309,15.8317798],[-16.502047,15.8315089],[-16.5014834,15.8315128]]}},{"type":"Feature","properties":{"elevation":5.0},"geometry":{"type":"LineString","coordinates":[[-16.4862646,15.8316176],[-16.4861257,15.8318914],[-16.4862686,15.8321633],[-16.4865504,15.8321614],[-16.4868303,15.8318866],[-16.4865464,15.8316157],[-16.4862646,15.8316176]]}},{"type":"Feature","properties":{"elevation":10.0},"geometry":{"type":"LineString","coordinates":[[-16.4439907,15.8320396],[-16.4437098,15.8321779],[-16.4434318,15.8327254],[-16.4433774,15.8329987],[-16.4435296,15.8332705],[-16.4440026,15.8337221],[-16.4441442,15.8338121],[-16.4442166,15.8340845],[-16.4441011,15.8343581],[-16.4439386,15.834632],[-16.4438701,15.8349053],[-16.4435921,15.8354529],[-16.4435941,15.8357257],[-16.4437369,15.8359976],[-16.4440207,15.8362686],[-16.4443025,15.8362667],[-16.4445831,15.8360829],[-16.4446764,15.8359913],[-16.4447496,15.835718],[-16.4449074,15.8354441],[-16.4448594,15.835308],[-16.4447645,15.8351722],[-16.4446667,15.8346272],[-16.4448526,15.8343531],[-16.4448507,15.8340802],[-16.4451306,15.8338055],[-16.4452696,15.8335318],[-16.4455495,15.833257],[-16.4455475,15.8329842],[-16.4454057,15.8328487],[-16.4451209,15.8324414],[-16.444978,15.8321695],[-16.4448362,15.832034],[-16.4439907,15.8320396]]}},{"type":"Feature","properties":{"elevation":15.0},"geometry":{"type":"LineString","coordinates":[[-16.4624988,15.832052],[-16.4625921,15.8319604],[-16.4628739,15.8319585],[-16.4631554,15.8319112],[-16.4632973,15.8320466],[-16.4631584,15.8323204],[-16.4628785,15.8325952],[-16.4628804,15.832868],[-16.4625996,15.8330063],[-16.4624577,15.8328708],[-16.4625966,15.8325971],[-16.4624538,15.8323252],[-16.4624988,15.832052]]}},{"type":"Feature","properties":{"elevation":5.0},"geometry":{"type":"LineString","coordinates":[[-16.5110645,15.8313098],[-16.5107837,15.8314482],[-16.5110675,15.8317191],[-16.5112064,15.8314453],[-16.5110645,15.8313098]]}},{"type":"Feature","properties":{"elevation":5.0},"geometry":{"type":"Point","coordinates":[-16.484855465,15.831627277]}},{"type":"Feature","properties":{"elevation":10.0},"geometry":{"type":"LineString","coordinates":[[-16.456319,15.8316843],[-16.45632,15.8318208],[-16.4564863,15.8320925],[-16.4565822,15.8323647],[-16.4565842,15.8326375],[-16.456868,15.8329085],[-16.4569639,15.8331807],[-16.4569678,15.8337263],[-16.4572516,15.8339973],[-16.4575344,15.8341318],[-16.4578152,15.8339935],[-16.4578837,15.8337202],[-16.4578123,15.8335842],[-16.4576704,15.8334488],[-16.4576685,15.8331759],[-16.4579464,15.8326284],[-16.4578035,15.8323565],[-16.4577986,15.8316744],[-16.4576567,15.8315389]]}},{"type":"Feature","properties":{"elevation":10.0},"geometry":{"type":"LineString","coordinates":[[-16.4401839,15.8317921],[-16.4401849,15.8319285],[-16.4400459,15.8322023],[-16.4400498,15.8327479],[-16.4399108,15.8330217],[-16.4399127,15.8332945],[-16.4400556,15.8335664],[-16.4403374,15.8335646],[-16.4404764,15.8332908],[-16.4404725,15.8327451],[-16.4404236,15.8324726],[-16.4406096,15.8321985],[-16.4406781,15.8319252],[-16.4406771,15.8317888]]}},{"type":"Feature","properties":{"elevation":10.0},"geometry":{"type":"LineString","coordinates":[[-16.4362382,15.8318182],[-16.4362392,15.8319546],[-16.436382,15.8322266],[-16.436384,15.8324994],[-16.4366677,15.8327704],[-16.4369476,15.8324957],[-16.4368048,15.8322238],[-16.4368019,15.8318145]]}},{"type":"Feature","properties":{"elevation":10.0},"geometry":{"type":"LineString","coordinates":[[-16.4534772,15.8317034],[-16.4534781,15.8318398],[-16.453574,15.832112],[-16.4538559,15.8321101],[-16.4541396,15.8323811],[-16.4544195,15.8321063],[-16.4545585,15.8318326],[-16.4545575,15.8316962]]}},{"type":"Feature","properties":{"elevation":15.0},"geometry":{"type":"LineString","coordinates":[[-16.427747008468522,15.834107235847434],[-16.4279384,15.8339194],[-16.4279365,15.8336466],[-16.427871728317545,15.833584749661926]]}},{"type":"Feature","properties":{"elevation":15.0},"geometry":{"type":"LineString","coordinates":[[-16.4558258,15.8316876],[-16.4558268,15.8318241],[-16.4561105,15.832095],[-16.4562252,15.8323671],[-16.4562272,15.8326399],[-16.4563043,15.8329122],[-16.4563989,15.8330026],[-16.456682,15.8331826],[-16.4566135,15.8334559],[-16.4564041,15.8337301],[-16.4561242,15.8340048],[-16.456407,15.8341394],[-16.4565489,15.8342748],[-16.4565979,15.8345474],[-16.4565528,15.8348205],[-16.4566018,15.835093],[-16.4566977,15.8353652],[-16.4565587,15.835639],[-16.4564217,15.8361856],[-16.4562827,15.8364594],[-16.4561428,15.8365968],[-16.4555796,15.8366688],[-16.4554392,15.8367379],[-16.4552992,15.8368753],[-16.4550184,15.8370136],[-16.4547385,15.8372883],[-16.4544566,15.8372902],[-16.4543138,15.8370183],[-16.4544527,15.8367445],[-16.4547326,15.8364698],[-16.4548246,15.8361963],[-16.4548227,15.8359235],[-16.4550086,15.8356494],[-16.4552885,15.8353747],[-16.4552846,15.834829],[-16.4553766,15.8345556],[-16.4554216,15.8342824],[-16.4552787,15.8340105],[-16.4549969,15.8340124],[-16.4549949,15.8337396],[-16.4549225,15.8334672],[-16.4548481,15.832922],[-16.4548932,15.8326489],[-16.4548442,15.8323763],[-16.4549832,15.8321026],[-16.4552631,15.8318278],[-16.4552621,15.8316914]]}},{"type":"Feature","properties":{"elevation":15.0},"geometry":{"type":"LineString","coordinates":[[-16.4492027,15.831732],[-16.4492056,15.8321413],[-16.4491606,15.8324144],[-16.4493504,15.832686],[-16.4494463,15.8329582],[-16.4492999,15.8335049],[-16.4490773,15.8339156],[-16.4485156,15.8341922],[-16.4482328,15.8340577],[-16.4482308,15.8337849],[-16.4479461,15.8333775],[-16.4476633,15.8332429],[-16.4476613,15.8329701],[-16.4478003,15.8326963],[-16.4480802,15.8324216],[-16.4481252,15.8321485],[-16.447936,15.8319678],[-16.4476535,15.8318788],[-16.4476526,15.8317423]]}},{"type":"Feature","properties":{"elevation":15.0},"geometry":{"type":"LineString","coordinates":[[-16.4428614,15.8317743],[-16.4428623,15.8319107],[-16.4431461,15.8321817],[-16.44315,15.8327273],[-16.4430956,15.8330005],[-16.4432102,15.8332726],[-16.4434386,15.8336804],[-16.4437234,15.8340878],[-16.4435844,15.8343615],[-16.4435863,15.8346344],[-16.4435178,15.8349077],[-16.4432901,15.8354549],[-16.4431708,15.8356603],[-16.4431008,15.835729],[-16.4430323,15.8360023],[-16.4430343,15.8362751],[-16.4430832,15.8365477],[-16.4426183,15.8372329],[-16.4424783,15.8373702],[-16.4424803,15.8376431],[-16.4423413,15.8379168],[-16.4420614,15.8381915],[-16.4417795,15.8381934],[-16.4414957,15.8379225],[-16.4414938,15.8376496],[-16.4415623,15.8373763],[-16.4414899,15.837104],[-16.441488,15.8368311],[-16.4412982,15.8365595],[-16.4414137,15.8362859],[-16.4414835,15.8361945],[-16.4417647,15.8361017],[-16.4420464,15.8360771],[-16.4421163,15.8360084],[-16.4420439,15.835736],[-16.442042,15.8354632],[-16.442181,15.8351894],[-16.442179,15.8349166],[-16.4420362,15.8346447],[-16.4423122,15.8338243],[-16.4420297,15.8337352],[-16.4417476,15.8336916],[-16.4414648,15.8335571],[-16.4413219,15.8332852],[-16.4412495,15.8330128],[-16.4411781,15.8328769],[-16.4410362,15.8327414],[-16.4408934,15.8324695],[-16.4408914,15.8321966],[-16.4410304,15.8319229],[-16.4410294,15.8317865]]}},{"type":"Feature","properties":{"elevation":15.0},"geometry":{"type":"LineString","coordinates":[[-16.4398316,15.8317944],[-16.439811,15.8322038],[-16.439766,15.832477],[-16.4394871,15.8328881],[-16.4392062,15.8330264],[-16.4392081,15.8332992],[-16.4386445,15.833303],[-16.4383607,15.833032],[-16.4383588,15.8327592],[-16.4380756,15.8325791],[-16.4377931,15.8324901],[-16.4375113,15.8324919],[-16.4373215,15.8322203],[-16.4373656,15.8318108]]}},{"type":"Feature","properties":{"elevation":15.0},"geometry":{"type":"LineString","coordinates":[[-16.4896466,15.8315944],[-16.4899284,15.8315925],[-16.4899304,15.8318653],[-16.4896526,15.8324129],[-16.4893727,15.8326877],[-16.4890909,15.8326896],[-16.488995,15.8324174],[-16.4891789,15.8318705],[-16.4893654,15.8316873],[-16.4896466,15.8315944]]}},{"type":"Feature","properties":{"elevation":15.0},"geometry":{"type":"LineString","coordinates":[[-16.4530074,15.8317065],[-16.4530104,15.8321158],[-16.4529184,15.8323893],[-16.4527324,15.8326634],[-16.4528283,15.8329356],[-16.4528303,15.8332084],[-16.4528792,15.8334809],[-16.4528831,15.8340266],[-16.4527441,15.8343004],[-16.452748,15.834846],[-16.4530338,15.8353898],[-16.4532236,15.8356614],[-16.4533195,15.8359336],[-16.4538871,15.8364755],[-16.453891,15.8370212],[-16.4538225,15.8372945],[-16.4538949,15.8375668],[-16.4538029,15.8378403],[-16.453617,15.8381144],[-16.4533371,15.8383891],[-16.4530552,15.838391],[-16.4524954,15.8389404],[-16.4522136,15.8389423],[-16.4520707,15.8386704],[-16.4522097,15.8383967],[-16.4519259,15.8381257],[-16.4513622,15.8381295],[-16.4513603,15.8378567],[-16.4516421,15.8378548],[-16.451922,15.83758],[-16.452198,15.8367597],[-16.452196,15.8364868],[-16.452335,15.836213],[-16.4525679,15.8359386],[-16.452613,15.8356655],[-16.4524701,15.8353936],[-16.4521876,15.8353045],[-16.4519064,15.8353974],[-16.4516246,15.8353993],[-16.4513418,15.8352647],[-16.4511999,15.8351292],[-16.4511979,15.8348564],[-16.4513369,15.8345826],[-16.4513349,15.8343098],[-16.4516168,15.8343079],[-16.4517557,15.8340341],[-16.4517538,15.8337613],[-16.4516109,15.8334894],[-16.4517949,15.8329425],[-16.451746,15.83267],[-16.4518145,15.8323967],[-16.4518126,15.8321238],[-16.451928,15.8318502],[-16.4519271,15.8317138]]}},{"type":"Feature","properties":{"elevation":15.0},"geometry":{"type":"LineString","coordinates":[[-16.4508937,15.8317207],[-16.4508946,15.8318571],[-16.4507547,15.8319945],[-16.4504738,15.8321328],[-16.4501901,15.8318618],[-16.4501891,15.8317254]]}},{"type":"Feature","properties":{"elevation":15.0},"geometry":{"type":"LineString","coordinates":[[-16.4470889,15.8317461],[-16.4470899,15.8318825],[-16.44681,15.8321572],[-16.446671,15.832431],[-16.4467011,15.8327037],[-16.4468152,15.8328848],[-16.4469567,15.8329748],[-16.4470996,15.8332467],[-16.4469175,15.8340665],[-16.4469664,15.834339],[-16.4468265,15.8344763],[-16.4465476,15.8348875],[-16.4462677,15.8351622],[-16.4460817,15.8354363],[-16.4459884,15.8355279],[-16.4457079,15.8357116],[-16.445426,15.8357135],[-16.4451422,15.8354425],[-16.4450464,15.8351703],[-16.4451384,15.8348969],[-16.4453243,15.8346228],[-16.4456277,15.8343479],[-16.4455835,15.8340754],[-16.4457506,15.8338014],[-16.4457729,15.8335284],[-16.4459722,15.8332542],[-16.4460408,15.8329809],[-16.4459684,15.8327086],[-16.4456846,15.8324376],[-16.4456122,15.8321652],[-16.4454693,15.8318933],[-16.4454683,15.8317569]]}},{"type":"Feature","properties":{"elevation":15.0},"geometry":{"type":"MultiLineString","coordinates":[[[-16.4358155,15.831821],[-16.4358164,15.8319574],[-16.4357479,15.8322308],[-16.4357283,15.8327766],[-16.4355423,15.8330507],[-16.4352624,15.8333254],[-16.4351704,15.8335988],[-16.4351723,15.8338717],[-16.4351272,15.8341448],[-16.4349873,15.8342822],[-16.4347045,15.8341476],[-16.4344246,15.8344223],[-16.4344265,15.8346951],[-16.4347103,15.8349661]],[[-16.4347103,15.8349661],[-16.4349902,15.8346914],[-16.4349921,15.8349643],[-16.4347103,15.8349661]],[[-16.4347103,15.8349661],[-16.4344304,15.8352408],[-16.4342914,15.8355146],[-16.4344342,15.8357865],[-16.4342952,15.8360603],[-16.4341552,15.8361976],[-16.4338744,15.8363359],[-16.4338801,15.8371544],[-16.4330288,15.8363415],[-16.4333068,15.8357939],[-16.4335868,15.8355192],[-16.4335848,15.8352464],[-16.4333011,15.8349754],[-16.4332991,15.8347026],[-16.4335829,15.8349736],[-16.4338647,15.8349717],[-16.4341447,15.834697],[-16.4341427,15.8344242],[-16.433859,15.8341532],[-16.433857,15.8338804],[-16.4341389,15.8338785],[-16.4344188,15.8336038],[-16.434135,15.8333328],[-16.4335714,15.8333365],[-16.4330038,15.8327946],[-16.4330019,15.8325218],[-16.4335617,15.8319724],[-16.4335608,15.8318359]]]}},{"type":"Feature","properties":{"elevation":15.0},"geometry":{"type":"MultiLineString","coordinates":[[[-16.4324334,15.8318434],[-16.4324344,15.8319798],[-16.4322484,15.8322539],[-16.4322973,15.8325264],[-16.4324402,15.8327983],[-16.4323012,15.8330721],[-16.4323031,15.8333449],[-16.4321641,15.8336187],[-16.4318822,15.8336206],[-16.4316023,15.8338953],[-16.4316042,15.8341681],[-16.4313243,15.8344428],[-16.4313262,15.8347156],[-16.43161,15.8349866],[-16.4318919,15.8349847],[-16.4318938,15.8352576],[-16.4316119,15.8352594],[-16.431332,15.8355341],[-16.4313339,15.835807],[-16.4318995,15.8360761],[-16.4321852,15.8366199],[-16.432469,15.8368909],[-16.4316292,15.837715],[-16.4319149,15.8382588],[-16.4324786,15.8382551],[-16.4324805,15.8385279],[-16.4322006,15.8388026],[-16.4322025,15.8390754],[-16.4323924,15.839347],[-16.4323473,15.8396202],[-16.4322073,15.8397575],[-16.4319255,15.8397594],[-16.4316427,15.8396248],[-16.4310828,15.8401742],[-16.4311787,15.8404465],[-16.4311826,15.8409921],[-16.4310905,15.8412656],[-16.4310924,15.8415384]],[[-16.4310924,15.8415384],[-16.4313762,15.8418094],[-16.4313781,15.8420822],[-16.4310944,15.8418113],[-16.4310924,15.8415384]],[[-16.4310924,15.8415384],[-16.43081,15.8414493],[-16.4306697,15.8415412],[-16.4306716,15.8418141],[-16.4305311,15.8418832],[-16.4303212,15.8420892],[-16.4302517,15.8422261],[-16.4301117,15.8423634],[-16.4299727,15.8426372],[-16.4296928,15.8429119],[-16.4296909,15.8426391],[-16.4294071,15.8423681],[-16.4294052,15.8420953],[-16.4288396,15.8418261],[-16.4291195,15.8415514],[-16.4296819,15.8413658],[-16.4297517,15.8412744],[-16.4298203,15.8410011],[-16.4296774,15.8407292],[-16.4293937,15.8404582],[-16.4291109,15.8403237],[-16.428829,15.8403255],[-16.4285481,15.8404638],[-16.4282663,15.8404657],[-16.4276987,15.8399237],[-16.4279787,15.839649],[-16.4279767,15.8393762],[-16.427693,15.8391052],[-16.427832,15.8388314],[-16.427972,15.8386941],[-16.4282528,15.8385558],[-16.4279691,15.8382848],[-16.4271235,15.8382904],[-16.4268398,15.8380194],[-16.426673795403342,15.838020518867449]],[[-16.42587928305616,15.841891468607354],[-16.426021,15.8418447],[-16.4263029,15.8418428],[-16.4265828,15.8415681],[-16.4271465,15.8415644],[-16.4277083,15.8412879],[-16.4279921,15.8415589],[-16.427994,15.8418317],[-16.4277179,15.8426521],[-16.4277217,15.8431978],[-16.4274437,15.8437453],[-16.4270229,15.8440209],[-16.4268829,15.8441583],[-16.4266039,15.8445694],[-16.4266058,15.8448422],[-16.4267976,15.8453866],[-16.4269874,15.8456582],[-16.4273651,15.8459286],[-16.4272731,15.8462021],[-16.4270871,15.8464761],[-16.427183,15.8467484],[-16.426904,15.8471595],[-16.4266231,15.8472977],[-16.4267659,15.8475697],[-16.4266269,15.8478434],[-16.4264409,15.8481175],[-16.4264448,15.8486632],[-16.4263527,15.8489366],[-16.4262137,15.8492104],[-16.4257938,15.8496224],[-16.4255119,15.8496243],[-16.425231,15.8497626],[-16.4249511,15.8500372],[-16.424775751437835,15.850123532168556]],[[-16.42482177014598,15.84890889890315],[-16.4249415,15.8486731],[-16.4250335,15.8483996],[-16.4250786,15.8481265],[-16.4250748,15.8475808],[-16.4252138,15.847307],[-16.4250709,15.8470351],[-16.4249291,15.8468996],[-16.42489844880514,15.846885016575369]],[[-16.425056438316574,15.845900456815011],[-16.4252036,15.8458519],[-16.4254842,15.8456681],[-16.4257641,15.8453934],[-16.4255743,15.8451218],[-16.4255348,15.8448492],[-16.4254778,15.8447587],[-16.42531237629724,15.844653499403716]]]}},{"type":"Feature","properties":{"elevation":20.0},"geometry":{"type":"LineString","coordinates":[[-16.4422038,15.8317786],[-16.4422047,15.8319151],[-16.4422993,15.8320054],[-16.4427234,15.8321845],[-16.4428662,15.8324564],[-16.4428681,15.8327292],[-16.4425902,15.8332767],[-16.4423083,15.8332786],[-16.4420246,15.8330077],[-16.4417427,15.8330095],[-16.4414596,15.8328295],[-16.4414026,15.8327389],[-16.4413631,15.8324664],[-16.4414551,15.8321929],[-16.4414522,15.8317836]]}},{"type":"Feature","properties":{"elevation":20.0},"geometry":{"type":"LineString","coordinates":[[-16.4301787,15.8318583],[-16.4301797,15.8319947],[-16.4304634,15.8322657],[-16.4304654,15.8325385],[-16.4301845,15.8326768],[-16.4299026,15.8326786],[-16.429337,15.8324095],[-16.4292421,15.8322737],[-16.4291923,15.8318648]]}},{"type":"Feature","properties":{"elevation":20.0},"geometry":{"type":"LineString","coordinates":[[-16.4527256,15.8317084],[-16.4527285,15.8321177],[-16.4524481,15.8323242],[-16.4521658,15.8322579],[-16.4521085,15.8321218],[-16.4521619,15.8317122]]}},{"type":"Feature","properties":{"elevation":20.0},"geometry":{"type":"LineString","coordinates":[[-16.4466943,15.8317487],[-16.4466953,15.8318852],[-16.4465286,15.8322273],[-16.446247,15.8322519],[-16.4459651,15.8322538],[-16.4457746,15.8318913],[-16.4457737,15.8317549]]}},{"type":"Feature","properties":{"elevation":20.0},"geometry":{"type":"LineString","coordinates":[[-16.4394089,15.8317972],[-16.4393883,15.8322066],[-16.4392017,15.8323898],[-16.4389205,15.8324826],[-16.4386387,15.8324844],[-16.4383554,15.8322817],[-16.438214,15.8322144],[-16.4380711,15.8319425],[-16.4380702,15.8318061]]}},{"type":"Feature","properties":{"elevation":20.0},"geometry":{"type":"LineString","coordinates":[[-16.4487799,15.8317348],[-16.4487809,15.8318712],[-16.448499,15.8318731],[-16.4484981,15.8317367]]}},{"type":"Feature","properties":{"elevation":20.0},"geometry":{"type":"LineString","coordinates":[[-16.4353927,15.8318238],[-16.4353937,15.8319602],[-16.4352537,15.8320976],[-16.4349728,15.8322359],[-16.4346949,15.8327834],[-16.434413,15.8327853],[-16.4344111,15.8325124],[-16.434691,15.8322377],[-16.4346881,15.8318285]]}},{"type":"Feature","properties":{"elevation":5.0},"geometry":{"type":"LineString","coordinates":[[-16.4774309,15.8312687],[-16.477387,15.8316783],[-16.4773889,15.8319511],[-16.4775318,15.832223],[-16.477252,15.8324977],[-16.4769702,15.8324997],[-16.4764085,15.8327763],[-16.4761306,15.8333239],[-16.4758488,15.8333258],[-16.4752891,15.8338753],[-16.4750052,15.8336044],[-16.4747234,15.8336063],[-16.4747214,15.8333335],[-16.4750013,15.8330587],[-16.4749993,15.8327859],[-16.4749034,15.8325137],[-16.4749963,15.8323767],[-16.4752792,15.8325112],[-16.475563,15.8327821],[-16.4758448,15.8327802],[-16.4761227,15.8322326],[-16.4761207,15.8319597],[-16.4763046,15.8314128],[-16.4763036259144,15.831279934723927]]}},{"type":"Feature","properties":{"elevation":5.0},"geometry":{"type":"LineString","coordinates":[[-16.467520240114943,15.831382391678495],[-16.4675209,15.8314724],[-16.4679495,15.832288],[-16.4682333,15.832559],[-16.4687931,15.8320095],[-16.468932,15.8317357],[-16.4691649,15.8314613],[-16.469164180904265,15.831363215341419]]}},{"type":"Feature","properties":{"elevation":5.0},"geometry":{"type":"MultiLineString","coordinates":[[[-16.473015740710245,15.831318287440372],[-16.4730205,15.8319808],[-16.4728816,15.8322546],[-16.4722749,15.8328044],[-16.472042,15.8330788],[-16.4719031,15.8333526],[-16.4719051,15.8336255],[-16.4718131,15.8338989],[-16.4716272,15.834173],[-16.471065,15.8343815],[-16.470995,15.8344502],[-16.4708815,15.8349966],[-16.4707896,15.8352701],[-16.4705077,15.835272],[-16.4702266,15.8353649],[-16.469945,15.8354123],[-16.4696642,15.8355506],[-16.4696662,15.8358234],[-16.46995,15.8360943],[-16.469952,15.8363672],[-16.4696701,15.8363691],[-16.4696681,15.8360963],[-16.4691025,15.8358272],[-16.4688193,15.8356473],[-16.4685368,15.8355582],[-16.468255,15.8355601],[-16.4681121,15.8352883],[-16.4681101,15.8350154],[-16.4679673,15.8347435],[-16.4679633,15.8341979],[-16.4676795,15.833927],[-16.4673996,15.8342017],[-16.4672607,15.8344755],[-16.4672157,15.8347486],[-16.4672177,15.8350215],[-16.4674075,15.835293],[-16.4675504,15.8355649],[-16.4675054,15.8358381],[-16.4676953,15.8361096],[-16.4678382,15.8363815],[-16.4676992,15.8366553],[-16.4677071,15.8377466],[-16.4679909,15.8380175],[-16.4682718,15.8378792],[-16.4685539,15.8379228],[-16.4688354,15.8378754],[-16.4691163,15.8377371],[-16.4693981,15.8377352],[-16.4694001,15.838008],[-16.4696829,15.8381425],[-16.4699638,15.8380042],[-16.4702476,15.8382751],[-16.4701087,15.8385489],[-16.4700637,15.838822],[-16.4701126,15.8390945],[-16.4703984,15.8396383],[-16.4708241,15.8400447],[-16.4711056,15.8399973],[-16.4712459,15.8399054],[-16.4712439,15.8396326],[-16.471101,15.8393607],[-16.47124,15.8390869],[-16.4713799,15.8389495],[-16.4716614,15.8389021],[-16.4719433,15.8389002],[-16.4722264,15.8390802],[-16.4725063,15.8388055],[-16.4722225,15.8385345],[-16.4725023,15.8382598],[-16.4725083,15.8390783],[-16.4727921,15.8393492],[-16.4730779,15.839893],[-16.4730799,15.8401658],[-16.4728,15.8404405],[-16.472802,15.8407134],[-16.4728079,15.8415319],[-16.4730917,15.8418028],[-16.4733736,15.8418009],[-16.4736535,15.8415261],[-16.4739343,15.8413878],[-16.4742162,15.8413859],[-16.474497,15.8412475],[-16.4747769,15.8409728],[-16.4744911,15.840429],[-16.47463,15.8401553],[-16.4747699,15.8400179],[-16.4750508,15.8398795],[-16.4753307,15.8396048],[-16.4758943,15.839601],[-16.47646,15.83987],[-16.476464,15.8404156],[-16.4761821,15.8404175],[-16.4759023,15.8406923],[-16.4759043,15.8409651],[-16.4756264,15.8415127],[-16.4753445,15.8415146],[-16.4750647,15.8417894],[-16.4747828,15.8417913],[-16.474503,15.842066],[-16.4747888,15.8426098],[-16.4753525,15.8426059],[-16.4756363,15.8428769],[-16.4757322,15.8431491],[-16.4759221,15.8434206],[-16.4759241,15.8436934],[-16.4756422,15.8436954],[-16.4747947,15.8434283],[-16.4745148,15.843703],[-16.4739472,15.8431612],[-16.4736653,15.8431631],[-16.4733855,15.8434379],[-16.4733874,15.8437107],[-16.4728317,15.8448059],[-16.4731155,15.8450768],[-16.4731214,15.8458953],[-16.4734053,15.8461662],[-16.4736851,15.8458914],[-16.4736831,15.8456186],[-16.473963,15.8453439],[-16.4739571,15.8445254],[-16.4742409,15.8447963],[-16.4742429,15.8450691],[-16.4745267,15.84534],[-16.4748086,15.8453381],[-16.4753703,15.8450614],[-16.4756502,15.8447867],[-16.475932,15.8447848],[-16.4764917,15.8442353],[-16.4764898,15.8439624],[-16.4767676,15.8434148],[-16.4764838,15.8431439],[-16.4764818,15.8428711],[-16.4770495,15.8434129],[-16.4773293,15.8431382],[-16.4773254,15.8425925],[-16.4776052,15.8423178],[-16.4773214,15.8420468],[-16.4773174,15.8415012],[-16.4778791,15.8412245],[-16.478159,15.8409498],[-16.4778752,15.8406788],[-16.4775933,15.8406808],[-16.4770257,15.8401389],[-16.4773075,15.840137],[-16.4775874,15.8398623],[-16.4775794,15.8387709],[-16.4772956,15.8385],[-16.4772936,15.8382272],[-16.4775775,15.8384981],[-16.4778593,15.8384962],[-16.4778613,15.838769],[-16.4781451,15.8390399],[-16.478427,15.839038],[-16.4787068,15.8387633],[-16.4787048,15.8384904],[-16.478421,15.8382195],[-16.4781392,15.8382214],[-16.478419,15.8379467],[-16.4789827,15.8379428],[-16.4792635,15.8378045],[-16.4794035,15.8376671],[-16.4794015,15.8373943],[-16.4792586,15.8371224]],[[-16.4792586,15.8371224],[-16.4786949,15.8371263]],[[-16.4786949,15.8371263],[-16.4784111,15.8368554],[-16.4781292,15.8368573],[-16.4775675,15.837134],[-16.4775715,15.8376796],[-16.4770039,15.8371378],[-16.476722,15.8371397],[-16.4766261,15.8368675],[-16.476719,15.8367305],[-16.4769999,15.8365921],[-16.4772817,15.8365902],[-16.4775629,15.8364973],[-16.4778447,15.8364954],[-16.4781272,15.8365844],[-16.4786949,15.8371263]],[[-16.4792586,15.8371224],[-16.4795384,15.8368477],[-16.4798213,15.8369822],[-16.4801021,15.8368438],[-16.4803819,15.8365691],[-16.4800981,15.8362982],[-16.4795344,15.836302],[-16.4795305,15.8357563],[-16.4789648,15.8354874],[-16.4784011,15.8354912],[-16.4781153,15.8349475],[-16.4778335,15.8349494],[-16.4778315,15.8346765],[-16.4781094,15.834129],[-16.4781074,15.8338561],[-16.4783892,15.8338542],[-16.4786691,15.8335795],[-16.4789469,15.8330319],[-16.478804,15.83276],[-16.4790819,15.8322124],[-16.4792218,15.832075],[-16.4795033,15.8320276],[-16.4798765,15.8316613],[-16.4799684,15.8313878],[-16.4799674,15.8312514]]]}},{"type":"Feature","properties":{"elevation":5.0},"geometry":{"type":"LineString","coordinates":[[-16.5048613,15.8309437],[-16.5045815,15.8312185],[-16.5048673,15.8317622],[-16.5051471,15.8314874],[-16.5051451,15.8312146],[-16.5048613,15.8309437]]}},{"type":"Feature","properties":{"elevation":5.0},"geometry":{"type":"LineString","coordinates":[[-16.4816114,15.8312402],[-16.4816124,15.8313766],[-16.4814735,15.8316504],[-16.4809138,15.8321999],[-16.4808219,15.8324734],[-16.4809178,15.8327456],[-16.4811996,15.8327437],[-16.4814795,15.8324689],[-16.4817633,15.8327398],[-16.4820431,15.832465],[-16.482325,15.8324631],[-16.4826078,15.8325976],[-16.48289,15.8326412],[-16.4831724,15.8327302],[-16.4831764,15.8332758],[-16.4837441,15.8338176],[-16.4845896,15.8338119],[-16.4848724,15.8339463],[-16.4850143,15.8340818],[-16.4845946,15.8344939],[-16.4843137,15.8346323],[-16.4840319,15.8346342],[-16.483752,15.834909],[-16.4834702,15.8349109],[-16.4831864,15.83464],[-16.4829045,15.8346419],[-16.4826247,15.8349167],[-16.4826267,15.8351895],[-16.4823469,15.8354643],[-16.4823508,15.8360099],[-16.4826347,15.8362808],[-16.4829165,15.8362789],[-16.4830554,15.8360051],[-16.4833353,15.8357304],[-16.4834742,15.8354566],[-16.4840379,15.8354527],[-16.4843177,15.8351779],[-16.4851632,15.8351721],[-16.4854411,15.8346246],[-16.4854391,15.8343517],[-16.4852962,15.8340799],[-16.4854351,15.8338061],[-16.4857169,15.8338041],[-16.4858558,15.8335303],[-16.4858498,15.8327118],[-16.4859888,15.832438],[-16.4857049,15.8321671],[-16.4854221,15.8320327],[-16.4852802,15.8318972],[-16.4854191,15.8316234],[-16.4859808,15.8313467],[-16.4859798,15.8312103],[-16.4858379,15.8310749]]}},{"type":"Feature","properties":{"elevation":5.0},"geometry":{"type":"LineString","coordinates":[[-16.5059886,15.8309359],[-16.505429,15.8314855],[-16.5057128,15.8317563],[-16.5062765,15.8317524],[-16.5065563,15.8314776],[-16.5062704,15.8309339],[-16.5059886,15.8309359]]}},{"type":"Feature","properties":{"elevation":5.0},"geometry":{"type":"LineString","coordinates":[[-16.4830206,15.8312306],[-16.4830216,15.831367],[-16.4828813,15.8314589],[-16.4825988,15.8313699],[-16.4825978,15.8312335]]}},{"type":"Feature","properties":{"elevation":5.0},"geometry":{"type":"LineString","coordinates":[[-16.46456104655611,15.83141691025333],[-16.4645616,15.8314924],[-16.4643757,15.8317665],[-16.4642837,15.83204],[-16.4641448,15.8323138],[-16.4640763,15.8325871],[-16.4639373,15.8328609],[-16.4638688,15.8331342],[-16.4637299,15.833408],[-16.46345,15.8336827],[-16.4633111,15.8339565],[-16.4633189,15.8350478],[-16.4634618,15.8353197],[-16.4640255,15.8353159],[-16.4641644,15.8350421],[-16.4642094,15.8347689],[-16.4644423,15.8344945],[-16.4645813,15.8342207],[-16.4645774,15.8336751],[-16.4648592,15.8336732],[-16.46514,15.8335349],[-16.465233,15.8333978],[-16.465278,15.8331247],[-16.4654733,15.8328505],[-16.4655089,15.8325774],[-16.4656949,15.8323033],[-16.4659757,15.832165],[-16.4661156,15.8320276],[-16.4659728,15.8317557],[-16.4661117,15.8314819],[-16.46611109097657,15.831398829204131]]}},{"type":"Feature","properties":{"elevation":10.0},"geometry":{"type":"LineString","coordinates":[[-16.47207637107417,15.831329245054476],[-16.4720791,15.8317144],[-16.4718932,15.8319885],[-16.4717543,15.8322623],[-16.4718032,15.8325348],[-16.4717582,15.8328079],[-16.471618,15.8328998],[-16.4714314,15.833083],[-16.4712455,15.8333571],[-16.4713414,15.8336293],[-16.4712025,15.8339031],[-16.4707817,15.8341788],[-16.4704998,15.8341807],[-16.470216,15.8339098],[-16.4699342,15.8339117],[-16.4696504,15.8336408],[-16.4696445,15.8328223],[-16.4699243,15.8325475],[-16.4696386,15.8320038],[-16.4699184,15.831729],[-16.4701993,15.8315907],[-16.4703392,15.8314533],[-16.47033843913332,15.831349517785059]]}},{"type":"Feature","properties":{"elevation":10.0},"geometry":{"type":"MultiLineString","coordinates":[[[-16.463903470533612,15.83142458078474],[-16.463904,15.8314968],[-16.4639999,15.831769],[-16.463722,15.8323166],[-16.4634422,15.8325914],[-16.4635381,15.8328636],[-16.4635165,15.8331365],[-16.4631669,15.8335027],[-16.4628863,15.8336865],[-16.4628883,15.8339593],[-16.4627493,15.8342331],[-16.4624695,15.8345078],[-16.4626124,15.8347797],[-16.4626143,15.8350526],[-16.4623344,15.8353273],[-16.4617708,15.8353311],[-16.4614909,15.8356058],[-16.4614929,15.8358787],[-16.4617767,15.8361496],[-16.4620585,15.8361477],[-16.4623384,15.835873],[-16.4623403,15.8361458],[-16.4622014,15.8364196],[-16.4622033,15.8366924],[-16.4623462,15.8369643],[-16.4625615,15.8375085],[-16.4624461,15.8377822],[-16.4622601,15.8380563],[-16.4621681,15.8383297],[-16.46236,15.8388741],[-16.462174,15.8391482],[-16.4620821,15.8394217],[-16.4618002,15.8394236],[-16.4615203,15.8396983],[-16.4615223,15.8399712],[-16.4618061,15.8402421],[-16.4615262,15.8405168],[-16.4615282,15.8407897],[-16.4612503,15.8413372],[-16.4612522,15.8416101],[-16.4611602,15.8418835],[-16.4609743,15.8421576],[-16.4612601,15.8427014],[-16.4615429,15.8428359],[-16.4616848,15.8429714],[-16.4618277,15.8432433],[-16.4616887,15.8435171],[-16.4616437,15.8437902],[-16.4615517,15.8440637],[-16.4613658,15.8443378],[-16.4613678,15.8446106],[-16.4614167,15.8448831],[-16.4615596,15.845155],[-16.4615616,15.8454278],[-16.4613756,15.8457019],[-16.4613439,15.8465207],[-16.4614606,15.8470656],[-16.4610145,15.8477507],[-16.4607337,15.847889],[-16.4601739,15.8484385],[-16.4593283,15.8484442],[-16.4590455,15.8483097],[-16.4587646,15.848448],[-16.4584847,15.8487227],[-16.4584867,15.8489956],[-16.4583477,15.8492693],[-16.4583496,15.8495422],[-16.4582107,15.849816],[-16.4579308,15.8500907],[-16.4580737,15.8503626],[-16.4581226,15.8506351],[-16.4580776,15.8509082],[-16.4579386,15.851182],[-16.4576577,15.8513203],[-16.4573755,15.8512768],[-16.4570943,15.8513696],[-16.4569541,15.8514615],[-16.457003,15.851734],[-16.456819,15.852281],[-16.4566331,15.852555],[-16.4562592,15.8528304],[-16.4561484,15.853104],[-16.4561222,15.853377],[-16.4559832,15.8536508],[-16.4556093,15.8539262],[-16.4555643,15.8541993],[-16.4557072,15.8544712],[-16.4555682,15.854745],[-16.4554279,15.8548369],[-16.455148,15.8551116],[-16.4549614,15.8552948],[-16.4548685,15.8554318],[-16.4545869,15.8554792],[-16.4543057,15.855572],[-16.4541687,15.8561186],[-16.4540297,15.8563924],[-16.4539377,15.8566659],[-16.4537517,15.85694],[-16.4536128,15.8572137],[-16.4534725,15.8573056],[-16.4532859,15.8574888],[-16.4532643,15.8577618],[-16.4531945,15.8578532],[-16.4529139,15.858037],[-16.4530568,15.8583089],[-16.4527769,15.8585836],[-16.4527319,15.8588567],[-16.4525459,15.8591308],[-16.4525009,15.859404],[-16.452081,15.8598161],[-16.4518021,15.8602272],[-16.4516631,15.860501],[-16.451805,15.8606365],[-16.4520869,15.8606346],[-16.4523678,15.8604963],[-16.4523697,15.8607691],[-16.4520898,15.8610438],[-16.451528,15.8613204],[-16.4515319,15.8618661],[-16.4518157,15.862137],[-16.4523814,15.8624061],[-16.4529452,15.8624023],[-16.4532281,15.8625368],[-16.4535099,15.862535],[-16.4537908,15.8623966],[-16.4537928,15.8626695],[-16.4540766,15.8629404],[-16.4543565,15.8626657],[-16.4544955,15.8623919],[-16.4540668,15.8615762],[-16.453785,15.8615781],[-16.4535011,15.8613072],[-16.4532193,15.8613091],[-16.4534992,15.8610344],[-16.454061,15.8607577],[-16.4543409,15.860483],[-16.454198,15.8602111],[-16.454338,15.8600738],[-16.4546208,15.8602083],[-16.4546247,15.860754],[-16.4547676,15.8610258],[-16.4550045,15.8612971],[-16.4549125,15.8615706],[-16.4549144,15.8618434],[-16.4550573,15.8621153],[-16.4552942,15.8623865],[-16.455486,15.8629309],[-16.455488,15.8632038],[-16.4552071,15.8633421],[-16.4549242,15.8632076],[-16.4548322,15.863481],[-16.4548361,15.8640267],[-16.454932,15.8642989],[-16.4552159,15.8645698],[-16.4551239,15.8648433],[-16.4549379,15.8651174],[-16.454657,15.8652557],[-16.4543751,15.8652576],[-16.4540923,15.8651231],[-16.4538084,15.8648522],[-16.4535272,15.864945],[-16.4532447,15.8648559],[-16.4529628,15.8648578],[-16.4529589,15.8643122],[-16.452816,15.8640403],[-16.4525322,15.8637693],[-16.4525302,15.8634965],[-16.4526692,15.8632227],[-16.4525263,15.8629508],[-16.4523844,15.8628154],[-16.4521022,15.8627718],[-16.4518196,15.8626827],[-16.4515397,15.8629574],[-16.4513538,15.8632315],[-16.4511509,15.8637786],[-16.4509838,15.8640526],[-16.4507622,15.8645997],[-16.450595,15.8648737],[-16.4505889,15.8651466],[-16.4506331,15.865692],[-16.4505746,15.8659652],[-16.4503248,15.8665126],[-16.4501615,15.8673322],[-16.4501635,15.8676051],[-16.4499775,15.8678792],[-16.4496976,15.8681539],[-16.4496056,15.8684274],[-16.4494666,15.8687011],[-16.4489067,15.8692506],[-16.4491905,15.8695215],[-16.4490516,15.8697953],[-16.4487703,15.8698881],[-16.4482091,15.8702557],[-16.4479279,15.8703485],[-16.4482117,15.8706195],[-16.4484936,15.8706176],[-16.4482137,15.8708923],[-16.4482156,15.8711651],[-16.4484995,15.8714361],[-16.4479396,15.8719855],[-16.4479415,15.8722584],[-16.4485073,15.8725274],[-16.4483683,15.8728012],[-16.4479484,15.8732133],[-16.4473865,15.8734899],[-16.4471046,15.8734918],[-16.4468237,15.8736301],[-16.4465418,15.873632],[-16.4459819,15.8741814],[-16.4459839,15.8744542],[-16.445424,15.8750037],[-16.4451421,15.8750055],[-16.4451401,15.8747327],[-16.4452791,15.8744589],[-16.4452772,15.8741861],[-16.4452752,15.8739133],[-16.4451324,15.8736414],[-16.4451304,15.8733685],[-16.4454142,15.8736395],[-16.4456942,15.8733648],[-16.4456922,15.8730919],[-16.4454084,15.872821],[-16.4454769,15.8725477],[-16.4455924,15.8722741],[-16.4458724,15.8719993],[-16.4460584,15.8717253],[-16.4461034,15.8714521],[-16.4463814,15.8709045],[-16.4466613,15.8706298],[-16.4466594,15.870357],[-16.4465165,15.8700851],[-16.4467965,15.8698104],[-16.4470783,15.8698085],[-16.4473563,15.8692609],[-16.4475423,15.8689869],[-16.447421,15.868442],[-16.4476309,15.8682359],[-16.4477714,15.8681668],[-16.4479113,15.8680294],[-16.4480043,15.8678924],[-16.4481884,15.8673454],[-16.4483254,15.8667988],[-16.4483235,15.866526],[-16.4484624,15.8662522],[-16.4484605,15.8659794],[-16.4482706,15.8657078],[-16.4482452,15.8654351],[-16.4481728,15.8651628],[-16.4480299,15.8648909],[-16.447981,15.8646184],[-16.4481669,15.8643443],[-16.4483059,15.8640705],[-16.448163,15.8637986],[-16.4490028,15.8629744],[-16.4491418,15.8627007],[-16.4491399,15.8624278],[-16.4495598,15.8620157],[-16.4498416,15.8620139],[-16.4501225,15.8618755],[-16.4502126,15.8613292],[-16.4503992,15.8611461],[-16.4505395,15.8610542],[-16.4506785,15.8607804],[-16.450747,15.8605071],[-16.4507685,15.8602341],[-16.4506736,15.8600983],[-16.4503908,15.8599638],[-16.4505297,15.85969],[-16.4505748,15.8594169],[-16.4508077,15.8591425],[-16.4512286,15.8588668],[-16.4514145,15.8585927],[-16.4515065,15.8583193],[-16.4520664,15.8577698],[-16.4520625,15.8572241],[-16.4522015,15.8569504],[-16.4523417,15.8568585],[-16.4525283,15.8566753],[-16.4526213,15.8565383],[-16.4529022,15.8564],[-16.4529942,15.8561265],[-16.4529923,15.8558537],[-16.4531782,15.8555796],[-16.4537341,15.8544845],[-16.4535913,15.8542126],[-16.4537302,15.8539388],[-16.4540101,15.8536641],[-16.4540082,15.8533912],[-16.4542881,15.8531165],[-16.4544741,15.8528424],[-16.4543762,15.8522974],[-16.4544212,15.8520242],[-16.4545602,15.8517504],[-16.4548414,15.8516576],[-16.455028,15.8514744],[-16.45512,15.851201],[-16.4553999,15.8509263],[-16.4555107,15.8506527],[-16.455488,15.8501071],[-16.4558834,15.8495588],[-16.4559519,15.8492855],[-16.4562318,15.8490107],[-16.4562298,15.8487379],[-16.455946,15.848467],[-16.4558501,15.8481948],[-16.4556603,15.8479232],[-16.4559402,15.8476485],[-16.4565039,15.8476447],[-16.4567838,15.8473699],[-16.4559323,15.8465571],[-16.4553725,15.8471066],[-16.4550921,15.8473131],[-16.4548108,15.8473832],[-16.4546718,15.847657],[-16.4539706,15.8481392],[-16.4536892,15.8482093],[-16.4536912,15.8484821],[-16.4534113,15.8487568],[-16.4532441,15.8490308],[-16.4532762,15.8495763],[-16.4532312,15.8498494],[-16.4531392,15.8501229],[-16.4528593,15.8503976],[-16.4526733,15.8506717],[-16.45258,15.8507633],[-16.4523014,15.8512199],[-16.4520244,15.8519039],[-16.4519549,15.8520408],[-16.4517455,15.852315],[-16.4516535,15.8525885],[-16.4514669,15.8527716],[-16.4511876,15.8531373],[-16.4510204,15.8534113],[-16.4507707,15.8539586],[-16.4507256,15.8542318],[-16.4501443,15.8550542],[-16.4500748,15.8551911],[-16.4500288,15.8553278],[-16.4499971,15.8556009],[-16.4498541,15.8558747],[-16.4495883,15.8561493],[-16.4495188,15.8562862],[-16.4492379,15.8564245],[-16.4489561,15.8564264],[-16.4486761,15.8567011]],[[-16.4486761,15.8567011],[-16.44896,15.8569721],[-16.4489619,15.8572449],[-16.44868,15.8572468],[-16.4483962,15.8569758],[-16.4486761,15.8567011]],[[-16.4486761,15.8567011],[-16.4486742,15.8564283],[-16.4483904,15.8561573],[-16.4481085,15.8561592],[-16.4478286,15.8564339],[-16.4476857,15.856162],[-16.4476838,15.8558892],[-16.4479617,15.8553417],[-16.4481947,15.8550673],[-16.4482397,15.8547941],[-16.4480968,15.8545222],[-16.4483777,15.8543839],[-16.4486596,15.854382],[-16.4489424,15.8545166],[-16.4490814,15.8542428],[-16.4489395,15.8541073],[-16.4486567,15.8539728],[-16.4483728,15.8537018],[-16.4486528,15.8534271],[-16.4489333,15.8532433],[-16.4490266,15.8531518],[-16.4490012,15.8528791],[-16.4491167,15.8526055],[-16.4493496,15.852331],[-16.4494886,15.8520573],[-16.4496746,15.8517832],[-16.4497679,15.8516916],[-16.4503308,15.8515742],[-16.4506117,15.8514358],[-16.4508921,15.8512293],[-16.4508901,15.8509565],[-16.450607,15.8507765],[-16.4503245,15.8506874],[-16.4508843,15.850138],[-16.4508804,15.8495923],[-16.4507657,15.8493202],[-16.4508745,15.8487738],[-16.4514343,15.8482244],[-16.4515029,15.8479511],[-16.4514304,15.8476787],[-16.4517084,15.8471312],[-16.4522682,15.8465817],[-16.4524072,15.8463079],[-16.4525471,15.8461706],[-16.4528261,15.8457594],[-16.4528202,15.8449409],[-16.453104,15.8452119],[-16.453382,15.8446643],[-16.4532861,15.8443921],[-16.4532371,15.8441196],[-16.4530943,15.8438477],[-16.4530923,15.8435749],[-16.4532313,15.8433011],[-16.4530884,15.8430292],[-16.4528075,15.8431675],[-16.4521078,15.8438543],[-16.4519688,15.8441281],[-16.4516879,15.8442664],[-16.4514064,15.8443137],[-16.4512661,15.8444056],[-16.4512211,15.8446788],[-16.451223,15.8449516],[-16.4511297,15.8450432],[-16.4510183,15.8452258],[-16.4507102,15.8455007],[-16.4505243,15.8457748],[-16.4504792,15.846048],[-16.4502933,15.8463221],[-16.4500134,15.8465968],[-16.4498744,15.8468706],[-16.4494555,15.8474191],[-16.4491756,15.8476938],[-16.4488976,15.8482414],[-16.4486158,15.8482432],[-16.4484083,15.8487903],[-16.4483398,15.8490636],[-16.4481303,15.8493379],[-16.4479913,15.8496117],[-16.4477838,15.8501587],[-16.4475039,15.8504335],[-16.4472964,15.8509805],[-16.4472266,15.851072],[-16.446946,15.8512557],[-16.4469499,15.8518014],[-16.4467639,15.8520755],[-16.4465611,15.8526225],[-16.4465631,15.8528954],[-16.4464664,15.8531689],[-16.446024,15.8537175],[-16.445838,15.8539916],[-16.4460279,15.8542632],[-16.4460317,15.8548089],[-16.4459867,15.855082],[-16.4458477,15.8553558],[-16.4457792,15.8556291],[-16.4458516,15.8559015],[-16.4458535,15.8561743],[-16.446705,15.8569871],[-16.4467108,15.8578056],[-16.4469946,15.8580766],[-16.4469966,15.8583494],[-16.4472804,15.8586204],[-16.4475623,15.8586185],[-16.4478448,15.8587076],[-16.448126,15.8586147],[-16.4484098,15.8588857],[-16.4484176,15.859977],[-16.4486075,15.8602486],[-16.4486094,15.8605214],[-16.4486701,15.8607939],[-16.4486133,15.8610671],[-16.4484267,15.8612503],[-16.4481455,15.8613431],[-16.4484293,15.861614],[-16.4481474,15.8616159],[-16.4479615,15.86189],[-16.4478682,15.8619816],[-16.4477285,15.8621644],[-16.4475915,15.862711],[-16.4473109,15.8628948],[-16.4470292,15.8629194],[-16.4467478,15.8629895],[-16.4467497,15.8632623],[-16.4468456,15.8635346],[-16.4466832,15.8638085],[-16.4464737,15.8640827],[-16.4464776,15.8646284],[-16.4456378,15.8654526],[-16.4454988,15.8657263],[-16.4453034,15.8660005],[-16.4452208,15.8662739],[-16.4450818,15.8665477],[-16.4448019,15.8668224],[-16.4448038,15.8670952],[-16.4448997,15.8673674],[-16.4449016,15.8676403],[-16.4450915,15.8679118],[-16.4450935,15.8681847],[-16.4448135,15.8684594],[-16.4448155,15.8687322],[-16.4449114,15.8690044],[-16.4446784,15.8692788],[-16.4445394,15.8695526],[-16.4445413,15.8698254],[-16.4439737,15.8692835],[-16.443408,15.8690145],[-16.4433121,15.8687423],[-16.4434041,15.8684688],[-16.4431203,15.8681978],[-16.4431125,15.8671065],[-16.4436724,15.8665571]],[[-16.4436724,15.8665571],[-16.4433885,15.8662861]],[[-16.4436724,15.8665571],[-16.4436743,15.8668299],[-16.4439572,15.8669644],[-16.4442381,15.8668261],[-16.4443771,15.8665524],[-16.4442342,15.8662805],[-16.4442323,15.8660076],[-16.4440894,15.8657357],[-16.4440404,15.8654632],[-16.4441305,15.8649169],[-16.4442225,15.8646435],[-16.4445025,15.8643687],[-16.4445005,15.8640959],[-16.4450604,15.8635465],[-16.4456229,15.8633608],[-16.4457632,15.8632689],[-16.4459022,15.8629952],[-16.4456183,15.8627242],[-16.4453335,15.8623168],[-16.4452621,15.8621809],[-16.4451897,15.8619085],[-16.4450468,15.8616366],[-16.4447669,15.8619113],[-16.4439212,15.861917],[-16.4435004,15.8621926],[-16.4433614,15.8624664],[-16.4431754,15.8627405],[-16.4428954,15.8630152],[-16.4428974,15.8632881],[-16.4429463,15.8635606],[-16.4428073,15.8638344],[-16.4422474,15.8643838],[-16.4421366,15.8646574],[-16.4419694,15.8649313],[-16.4418774,15.8652048],[-16.4419028,15.8654775],[-16.4417638,15.8657512],[-16.441694,15.8658427],[-16.4414134,15.8660264],[-16.4413214,15.8662999],[-16.4411354,15.866574],[-16.441081,15.8668472],[-16.4410688,15.8671201],[-16.4408586,15.8672852],[-16.4405775,15.8673962],[-16.4402975,15.8676709],[-16.4402995,15.8679438],[-16.4400214,15.8684913],[-16.4400234,15.8687642],[-16.4399314,15.8690376],[-16.4399333,15.8693105],[-16.4397473,15.8695845],[-16.4394674,15.8698593],[-16.4400369,15.870674],[-16.439757,15.8709487],[-16.4397589,15.8712216],[-16.4400447,15.8717654],[-16.44026,15.8723096],[-16.4403324,15.872582],[-16.4402639,15.8728553],[-16.4399604,15.8731302],[-16.4400563,15.8734024],[-16.4403402,15.8736733],[-16.440483,15.8739452],[-16.440532,15.8742177],[-16.4404164,15.8744914],[-16.440207,15.8747656],[-16.4402089,15.8750384],[-16.4401404,15.8753117],[-16.4399779,15.8755857],[-16.4398858,15.8758591],[-16.4397928,15.8759962],[-16.4395119,15.8761345],[-16.4393729,15.8764082],[-16.4392329,15.8765456],[-16.4390929,15.876683],[-16.438672,15.8769586],[-16.43863949360928,15.876974604392442]],[[-16.437424585317142,15.869665863935495],[-16.4383321,15.8687754],[-16.4386101,15.8682279],[-16.4385142,15.8679557],[-16.4386062,15.8676822],[-16.4388852,15.8672711],[-16.4390252,15.8671337],[-16.4390702,15.8668606],[-16.4392562,15.8665865],[-16.4391613,15.8664507],[-16.438879,15.8664071],[-16.4385985,15.8665908],[-16.4384594,15.8668646],[-16.4380386,15.8671403],[-16.4374787,15.8676897],[-16.4369149,15.8676934],[-16.4366349,15.8679681],[-16.4366369,15.868241],[-16.436486428154353,15.868388623628569]],[[-16.434891352148323,15.866519644643109],[-16.434933,15.8664788],[-16.435212,15.8660676],[-16.43521,15.8657948],[-16.4349243,15.865251],[-16.4352023,15.8647034],[-16.4351965,15.8638849],[-16.4354765,15.8636102],[-16.4351907,15.8630664],[-16.4349082,15.8629774],[-16.434441,15.8633442],[-16.434208,15.8636186],[-16.4344938,15.8641624],[-16.4337929,15.8647128],[-16.4337009,15.8649862],[-16.433701872699555,15.865125910372777]],[[-16.432394476621592,15.863594011086382],[-16.4325148,15.863357],[-16.4323719,15.8630851],[-16.43237,15.8628123],[-16.4329318,15.8625357],[-16.4332099,15.8619882],[-16.4334905,15.8618044],[-16.4337698,15.8614387],[-16.4338618,15.8611653],[-16.4340478,15.8608912],[-16.4340459,15.8606184],[-16.4341379,15.8603449],[-16.434042,15.8600727],[-16.4340401,15.8597999],[-16.4337563,15.8595289],[-16.4331964,15.8600783],[-16.4327304,15.8606271],[-16.4326854,15.8609002],[-16.4324793,15.8611744],[-16.4324074,15.8614478],[-16.4321509,15.8617223],[-16.4320824,15.8619956],[-16.4315205,15.8622722],[-16.4315224,15.862545],[-16.431509775011012,15.86255739044114]]]}},{"type":"Feature","properties":{"elevation":10.0},"geometry":{"type":"LineString","coordinates":[[-16.461390560802947,15.831453893521763],[-16.461391,15.8315138],[-16.4611816,15.8317881],[-16.4609017,15.8320628],[-16.4607158,15.8323369],[-16.4606238,15.8326104],[-16.4606258,15.8328832],[-16.4603479,15.8334308],[-16.460068,15.8337055],[-16.459929,15.8339793],[-16.459931,15.8342521],[-16.4600739,15.834524],[-16.4603577,15.8347949],[-16.4606385,15.8346566],[-16.4607785,15.8345192],[-16.4607765,15.8342464],[-16.4610564,15.8339717],[-16.4611966,15.8338798],[-16.4614781,15.8338324],[-16.461759,15.8336941],[-16.4618979,15.8334203],[-16.461896,15.8331475],[-16.4616102,15.8326037],[-16.4616083,15.8323309],[-16.4620281,15.8319188],[-16.462307,15.8315076],[-16.462306527924447,15.831443208894685]]}},{"type":"Feature","properties":{"elevation":15.0},"geometry":{"type":"MultiLineString","coordinates":[[[-16.47132480385033,15.831338011979973],[-16.471325599757424,15.831446600238154]],[[-16.471325599757424,15.831446600238154],[-16.4713276,15.8317195],[-16.4710457,15.8317214],[-16.471325599757424,15.831446600238154]],[[-16.471325599757424,15.831446600238154],[-16.4713256,15.8314466],[-16.471324803900142,15.83133801197939]]]}},{"type":"Feature","properties":{"elevation":15.0},"geometry":{"type":"LineString","coordinates":[[-16.460897378786076,15.83145964642032],[-16.4608978,15.8315171],[-16.4606173,15.8317009],[-16.4605616,15.8317922],[-16.4605494,15.8320652],[-16.46034,15.8323394],[-16.4600601,15.8326141],[-16.4599682,15.8328876],[-16.4597816,15.8330708],[-16.4595004,15.8331636],[-16.4592186,15.8331655],[-16.4590796,15.8334393],[-16.4593634,15.8337102],[-16.4590855,15.8342578],[-16.4592283,15.8345297],[-16.4595121,15.8348006],[-16.4594202,15.8350741],[-16.4589553,15.8357593],[-16.4586745,15.8358976],[-16.4583916,15.8357631],[-16.4582497,15.8356276],[-16.4583887,15.8353539],[-16.4584807,15.8350804],[-16.4585257,15.8348073],[-16.4586647,15.8345335],[-16.4583789,15.8339897],[-16.458377,15.8337169],[-16.4582811,15.8334447],[-16.458373,15.8331712],[-16.4589348,15.8328946],[-16.458649,15.8323508],[-16.4583662,15.8322163],[-16.4582713,15.8320805],[-16.4582693,15.8318077],[-16.4583613,15.8315342],[-16.458360970331867,15.831489233266634]]}},{"type":"Feature","properties":{"elevation":20.0},"geometry":{"type":"LineString","coordinates":[[-16.4604041967692,15.831465399318878],[-16.4604046,15.8315204],[-16.4602656,15.8317942],[-16.4601971,15.8320675],[-16.460057,15.8321776],[-16.4597754,15.8322068],[-16.4596804,15.832071],[-16.4596315,15.8317985],[-16.4597705,15.8315247],[-16.459770119470242,15.831472795740998]]}},{"type":"Feature","properties":{"elevation":5.0},"geometry":{"type":"LineString","coordinates":[[-16.5158504,15.8305944],[-16.5155707,15.8308691],[-16.5158545,15.83114],[-16.5161343,15.8308652],[-16.5158504,15.8305944]]}},{"type":"Feature","properties":{"elevation":5.0},"geometry":{"type":"LineString","coordinates":[[-16.5017592,15.8306924],[-16.5014793,15.8309671],[-16.5017632,15.831238],[-16.502043,15.8309632],[-16.5017592,15.8306924]]}},{"type":"Feature","properties":{"elevation":10.0},"geometry":{"type":"LineString","coordinates":[[-16.4883733,15.8309211],[-16.4883743,15.8310575],[-16.4882344,15.8311949],[-16.4879529,15.8312423],[-16.4876718,15.8313351],[-16.4873919,15.8316099],[-16.4876758,15.8318808],[-16.4879586,15.8320153],[-16.4882404,15.8320133],[-16.4885213,15.831875],[-16.4885193,15.8316022],[-16.4890789,15.8310526],[-16.4890779,15.8309162]]}},{"type":"Feature","properties":{"elevation":5.0},"geometry":{"type":"LineString","coordinates":[[-16.525432466,15.830527175],[-16.525432466,15.830527176]]}},{"type":"Feature","properties":{"elevation":10.0},"geometry":{"type":"MultiLineString","coordinates":[[[-16.493303436548466,15.83063292521059],[-16.4933043,15.8307507],[-16.4935882,15.8310216],[-16.49387,15.8310197],[-16.4941528,15.8311542],[-16.4944377,15.8315615],[-16.4947215,15.8318324],[-16.4947235,15.8321052],[-16.4950073,15.8323761],[-16.4950094,15.8326489],[-16.4947295,15.8329237],[-16.4947335,15.8334693],[-16.4944517,15.8334713],[-16.4944457,15.8326528],[-16.4941629,15.8325183],[-16.4930355,15.8325261],[-16.4927547,15.8326644],[-16.4927507,15.8321188],[-16.4930305,15.831844],[-16.4930285,15.8315712],[-16.4927447,15.8313003],[-16.4916174,15.831308],[-16.4913375,15.8315828],[-16.4913396,15.8318556],[-16.4910587,15.831994],[-16.4907769,15.8319959],[-16.4904961,15.8321343],[-16.4902162,15.832409],[-16.4902242,15.8335004],[-16.4900853,15.8337742],[-16.4900913,15.8345927],[-16.4898135,15.8351403],[-16.4897685,15.8354134],[-16.4898175,15.8356859],[-16.4898215,15.8362316],[-16.4899644,15.8365034]],[[-16.4899644,15.8365034],[-16.4902482,15.8367743],[-16.4899664,15.8367763],[-16.4899644,15.8365034]],[[-16.4899644,15.8365034],[-16.4896816,15.836369],[-16.4894007,15.8365073],[-16.4888351,15.8362383],[-16.4882714,15.8362422],[-16.4877117,15.8367917],[-16.4876198,15.8370652],[-16.4875748,15.8373384],[-16.4875768,15.8376112],[-16.4874379,15.837885],[-16.487156,15.8378869],[-16.4868732,15.8377525],[-16.486591,15.8377089],[-16.4863085,15.8376199],[-16.4860287,15.8378947],[-16.4860307,15.8381675],[-16.4863165,15.8387112],[-16.4857608,15.8398064],[-16.485481,15.8400812],[-16.4854949,15.841991],[-16.485356,15.8422648],[-16.4854989,15.8425366],[-16.4857827,15.8428075],[-16.4860646,15.8428056],[-16.4860686,15.8433513],[-16.4862115,15.8436231],[-16.4860716,15.8437605],[-16.4857907,15.8438989],[-16.4856988,15.8441723],[-16.4856538,15.8444455],[-16.4857957,15.8445809],[-16.4860776,15.844579],[-16.4862195,15.8447145],[-16.4862215,15.8449873],[-16.4860816,15.8451247],[-16.4858007,15.845263],[-16.4858027,15.8455359],[-16.4849572,15.8455417],[-16.4846773,15.8458164],[-16.4843955,15.8458183],[-16.4841156,15.8460931],[-16.4844014,15.8466368],[-16.4846853,15.8469077],[-16.485245,15.8463582],[-16.4855258,15.8462199],[-16.4858087,15.8463543],[-16.4860925,15.8466252],[-16.4860945,15.8468981],[-16.4855348,15.8474476],[-16.4853959,15.8477214],[-16.4853979,15.8479942],[-16.485259,15.848268]],[[-16.485259,15.848268],[-16.4861105,15.8490807],[-16.4863924,15.8490788],[-16.4863944,15.8493516],[-16.4861145,15.8496264],[-16.4855468,15.8490846],[-16.4855428,15.8485389],[-16.485259,15.848268]],[[-16.485259,15.848268],[-16.4846973,15.8485447],[-16.4844134,15.8482738],[-16.4841335,15.8485486],[-16.4838517,15.8485505],[-16.4835678,15.8482796],[-16.483286,15.8482815],[-16.4827263,15.8488311],[-16.4824484,15.8493786],[-16.4825443,15.8496508],[-16.4825933,15.8499233],[-16.4828792,15.8504671],[-16.4828811,15.8507399],[-16.4827422,15.8510137],[-16.4828851,15.8512856],[-16.4828871,15.8515584],[-16.483029,15.8516939],[-16.4833109,15.8516919],[-16.4835938,15.8518264],[-16.4838776,15.8520973],[-16.4838836,15.8529158],[-16.4836997,15.8534627],[-16.4837956,15.8537349],[-16.4838902,15.8538252],[-16.4841734,15.8540052],[-16.4844573,15.8542761],[-16.4844613,15.8548218],[-16.4846042,15.8550936],[-16.4847458,15.8551836],[-16.485028,15.8552271],[-16.4853115,15.8554526],[-16.4855941,15.8555416],[-16.4858759,15.8555396],[-16.4861575,15.8554922],[-16.4864403,15.8556267],[-16.4866302,15.8558983],[-16.4865852,15.8561714],[-16.4864463,15.8564452],[-16.4867302,15.8567161],[-16.487013,15.8568506],[-16.4872949,15.8568486],[-16.4875778,15.8569831],[-16.4876737,15.8572553],[-16.4878636,15.8575268],[-16.4884294,15.8577958],[-16.4884314,15.8580686],[-16.4881515,15.8583434]],[[-16.4881515,15.8583434],[-16.4881535,15.8586162],[-16.4878716,15.8586182],[-16.4881515,15.8583434]],[[-16.4881515,15.8583434],[-16.4878656,15.8577997],[-16.4875818,15.8575288],[-16.4872999,15.8575307],[-16.4867402,15.8580803],[-16.4861764,15.8580841],[-16.4858926,15.8578132],[-16.4857496,15.8575414],[-16.4857476,15.8572685],[-16.4856047,15.8569967],[-16.485039,15.8567277],[-16.485037,15.8564549],[-16.4844713,15.8561859],[-16.4839035,15.8556441],[-16.4833378,15.8553751],[-16.483058,15.8556499],[-16.4827761,15.8556518],[-16.4819365,15.8564761],[-16.4813747,15.8567528],[-16.4810949,15.8570276],[-16.4810988,15.8575732],[-16.480819,15.857848],[-16.4802513,15.8573062],[-16.4799714,15.8575809],[-16.4801143,15.8578528],[-16.4802582,15.8582611],[-16.4804002,15.8583965],[-16.4808249,15.8586665],[-16.4811048,15.8583917],[-16.4813867,15.8583898],[-16.4811068,15.8586645],[-16.4810148,15.858938],[-16.4811108,15.8592102],[-16.4811128,15.859483],[-16.4808309,15.859485],[-16.4805497,15.8595778],[-16.4804101,15.8597607],[-16.4803839,15.8600337],[-16.4802732,15.8603073],[-16.4802771,15.860853]],[[-16.4802771,15.860853],[-16.480561,15.8611239]],[[-16.480561,15.8611239],[-16.4808429,15.8611219],[-16.4808449,15.8613948],[-16.480563,15.8613967],[-16.480561,15.8611239]],[[-16.4802771,15.860853],[-16.4799953,15.8608549],[-16.4797154,15.8611297],[-16.4799992,15.8614006],[-16.4800012,15.8616734],[-16.4797194,15.8616753],[-16.4797174,15.8614025],[-16.4794335,15.8611316],[-16.4791516,15.8611335],[-16.4788718,15.8614083],[-16.4788777,15.8622268],[-16.4785988,15.8626379],[-16.478317,15.8626398],[-16.478177,15.8627772],[-16.4780381,15.863051],[-16.4780401,15.8633238],[-16.4777582,15.8633258],[-16.4774773,15.8634641],[-16.4773374,15.8636015],[-16.4776232,15.8641452],[-16.4774843,15.864419],[-16.4774862,15.8646919],[-16.4777701,15.8649628],[-16.4783358,15.8652317],[-16.4786197,15.8655026],[-16.4783398,15.8657774],[-16.4782009,15.8660512],[-16.4780609,15.8661886],[-16.477779,15.8661905],[-16.4774982,15.8663288],[-16.4772143,15.8660579],[-16.4769344,15.8663327],[-16.4769364,15.8666055],[-16.4766565,15.8668803],[-16.4763746,15.8668822],[-16.4762357,15.867156],[-16.4762377,15.8674288],[-16.4760987,15.8677026],[-16.4758175,15.8677955],[-16.4755356,15.8677974],[-16.4752531,15.8677084],[-16.4749672,15.8671646],[-16.4746843,15.8670301],[-16.4744005,15.8667592],[-16.4738347,15.8664902],[-16.4736928,15.8663548],[-16.4735514,15.8662875],[-16.473269,15.8662212],[-16.4729861,15.8660867],[-16.4729841,15.8658139],[-16.473265,15.8656756],[-16.4735464,15.8656055],[-16.4736868,15.8655363],[-16.4739667,15.8652615],[-16.4743882,15.8650768],[-16.4745285,15.8649849],[-16.4748084,15.8647101],[-16.4748534,15.864437],[-16.4749464,15.8642999],[-16.4752273,15.8641616],[-16.4760689,15.8636101],[-16.4763503,15.86354],[-16.4766327,15.8636063],[-16.4769145,15.8636044],[-16.4771944,15.8633296],[-16.4771924,15.8630568],[-16.4770025,15.8627852],[-16.477118,15.8625116],[-16.4773274,15.8622373],[-16.4773724,15.8619642],[-16.4774644,15.8616907],[-16.4776033,15.8614169],[-16.4776013,15.8611441],[-16.4774594,15.8610086],[-16.4771785,15.861147],[-16.4770396,15.8614208],[-16.4768996,15.8615581],[-16.4766181,15.8616055],[-16.4764289,15.8614249],[-16.4764014,15.8608794],[-16.4764699,15.8606061],[-16.4767498,15.8603314],[-16.4766068,15.8600595],[-16.4768887,15.8600576],[-16.4771699,15.8599647],[-16.4774515,15.8599173],[-16.4775209,15.8597804],[-16.4775612,15.8595073],[-16.4775592,15.8592345],[-16.4776559,15.858961],[-16.4777949,15.8586872],[-16.4778633,15.8584139],[-16.4778144,15.8581413],[-16.4780003,15.8578672],[-16.4779943,15.8570487],[-16.4781333,15.8567749],[-16.4781783,15.8565018],[-16.4782119,15.8559559],[-16.4782673,15.8558191],[-16.4784072,15.8556817],[-16.4785461,15.8554079],[-16.478826,15.8551331],[-16.478918,15.8548597],[-16.479008,15.8543134],[-16.479006,15.8540405],[-16.4790979,15.8537671],[-16.4793788,15.8536287],[-16.4794906,15.8534915],[-16.4793758,15.8532195],[-16.479094,15.8532214],[-16.4793718,15.8526738],[-16.4792759,15.8524016],[-16.4793115,15.8521285],[-16.4792954,15.8518558],[-16.4798317,15.8513064],[-16.4799236,15.851033],[-16.4799216,15.8507601],[-16.4800606,15.8504864],[-16.4799187,15.8503509],[-16.4796358,15.8502164],[-16.4794929,15.8499445],[-16.4796328,15.8498072],[-16.4799147,15.8498052],[-16.4801975,15.8499397],[-16.4804774,15.849665],[-16.4801916,15.8491212],[-16.4801896,15.8488484],[-16.4799057,15.8485775],[-16.4796239,15.8485794],[-16.4796219,15.8483066],[-16.4798998,15.847759],[-16.480181,15.8476661],[-16.4804635,15.8477552],[-16.4815909,15.8477474],[-16.4824345,15.8474688],[-16.4822915,15.847197],[-16.4820077,15.8469261],[-16.4815789,15.8461105],[-16.4812971,15.8461124],[-16.4807374,15.8466619]],[[-16.4807374,15.8466619],[-16.4807394,15.8469347]],[[-16.4807374,15.8466619],[-16.4804535,15.846391],[-16.4804515,15.8461182],[-16.4810113,15.8455687],[-16.4809153,15.8452965],[-16.4809133,15.8450236],[-16.4808174,15.8447514],[-16.4809074,15.8442051],[-16.4811832,15.8433847],[-16.4812762,15.8432477],[-16.4815571,15.8431093],[-16.4818402,15.8432893],[-16.4821227,15.8433783],[-16.4826864,15.8433744],[-16.4829673,15.8432361],[-16.4830602,15.843099],[-16.4830582,15.8428262],[-16.4831032,15.8425531],[-16.4832422,15.8422793],[-16.4829593,15.8421448],[-16.4828644,15.842009],[-16.4828154,15.8417365],[-16.4829543,15.8414627],[-16.4829523,15.8411899],[-16.4828564,15.8409177],[-16.4829484,15.8406442],[-16.4840678,15.8395452],[-16.4840618,15.8387267],[-16.4842007,15.8384529],[-16.4840578,15.838181],[-16.4840558,15.8379082],[-16.4843356,15.8376334],[-16.4846162,15.8374496],[-16.4848973,15.8373567],[-16.4851772,15.837082],[-16.4848933,15.8368111],[-16.4848913,15.8365382],[-16.4851692,15.8359906],[-16.48545,15.8358523],[-16.48559,15.8357149],[-16.4857289,15.8354411],[-16.4856705,15.8351687],[-16.4857249,15.8348955],[-16.4860047,15.8346207],[-16.4860027,15.8343479],[-16.4861417,15.8340741],[-16.4863745,15.8337996],[-16.4864195,15.8335265],[-16.4865584,15.8332527],[-16.4868383,15.8329779],[-16.4871194,15.832885],[-16.487259,15.8327022],[-16.487257,15.8324294],[-16.487302,15.8321562],[-16.4873939,15.8318827],[-16.4873919,15.8316099],[-16.4871081,15.831339],[-16.4871061,15.8310662],[-16.4870102,15.830794],[-16.4870092,15.8306576]]]}},{"type":"Feature","properties":{"elevation":5.0},"geometry":{"type":"LineString","coordinates":[[-16.5088008,15.8300978],[-16.508521,15.8303726],[-16.508523,15.8306454],[-16.5088058,15.8307799],[-16.5090866,15.8306415],[-16.5090846,15.8303687],[-16.5088008,15.8300978]]}},{"type":"Feature","properties":{"elevation":5.0},"geometry":{"type":"LineString","coordinates":[[-16.5054195,15.8302123],[-16.50528,15.8303951],[-16.5051411,15.8306689],[-16.5054249,15.8309398],[-16.5057068,15.8309378],[-16.5059866,15.8306631],[-16.5061254,15.8303893],[-16.5059825,15.8301174],[-16.5057007,15.8301194],[-16.5054195,15.8302123]]}},{"type":"Feature","properties":{"elevation":5.0},"geometry":{"type":"LineString","coordinates":[[-16.4997834,15.8302968],[-16.4997864,15.830706],[-16.5000702,15.8309769],[-16.50035,15.8307021],[-16.5002071,15.8304303],[-16.5002061,15.8302939]]}},{"type":"Feature","properties":{"elevation":10.0},"geometry":{"type":"Point","coordinates":[-16.517539358,15.8303097]}},{"type":"Feature","properties":{"elevation":5.0},"geometry":{"type":"LineString","coordinates":[[-16.5104887,15.8296768],[-16.5104897,15.8298132],[-16.5107735,15.8300841],[-16.5110554,15.8300821],[-16.5110574,15.830355],[-16.5113412,15.8306258],[-16.5119049,15.8306219],[-16.5120438,15.8303481],[-16.5119008,15.8300762],[-16.511617,15.8298054],[-16.511616,15.829669]]}},{"type":"Feature","properties":{"elevation":5.0},"geometry":{"type":"LineString","coordinates":[[-16.509080081153968,15.829752245439577],[-16.5090826,15.8300959],[-16.5093664,15.8303667],[-16.5096493,15.8305012],[-16.5099311,15.8304992],[-16.5102119,15.8303608],[-16.5102099,15.830088],[-16.509926,15.8298171],[-16.50992517867027,15.829705070624795]]}},{"type":"Feature","properties":{"elevation":5.0},"geometry":{"type":"MultiLineString","coordinates":[[[-16.5178141,15.8293528],[-16.5178151,15.8294892],[-16.517911,15.8297614],[-16.5179601,15.8300339],[-16.5179621,15.8303067],[-16.5176843,15.8308544],[-16.5177334,15.8311269],[-16.5176884,15.8314],[-16.5175485,15.8315374],[-16.5172677,15.8316758],[-16.5175536,15.8322195],[-16.5178375,15.8324903],[-16.5178395,15.8327632],[-16.5175597,15.833038],[-16.5172784,15.8331081],[-16.5169974,15.8332238],[-16.5167173,15.8334531],[-16.5158749,15.8338683],[-16.5158789,15.8344139],[-16.5157401,15.8346877],[-16.5156951,15.8349609],[-16.5156032,15.8352344],[-16.5156073,15.83578],[-16.5158911,15.8360509],[-16.5159402,15.8363234],[-16.5158952,15.8365965],[-16.5156154,15.8368713],[-16.5156175,15.8371442],[-16.5154316,15.8374183],[-16.5153397,15.8376918],[-16.5156236,15.8379627],[-16.5159054,15.8379607],[-16.5161867,15.8378905],[-16.5162342,15.8379584],[-16.5162362,15.8382312],[-16.5161913,15.8385044],[-16.5162759,15.8390495],[-16.5162779,15.8393223],[-16.5162015,15.8398685],[-16.5157224,15.8404175],[-16.5157244,15.8406904],[-16.5156459,15.8409637],[-16.5155071,15.8412376],[-16.51565,15.8415094],[-16.515748,15.8420544],[-16.5156551,15.8421915],[-16.5153743,15.8423299],[-16.5150904,15.842059],[-16.5149475,15.8417872],[-16.5150863,15.8415133],[-16.5150843,15.8412405],[-16.5148004,15.8409697],[-16.5145206,15.8412445],[-16.5142429,15.8417921],[-16.513963,15.8420669],[-16.5139671,15.8426125],[-16.5134075,15.8431621],[-16.5135504,15.843434],[-16.5134116,15.8437078],[-16.5134156,15.8442534],[-16.5136995,15.8445243],[-16.5134197,15.8447991],[-16.5131358,15.8445282],[-16.5131338,15.8442554],[-16.5128499,15.8439845],[-16.5125701,15.8442593],[-16.5122882,15.8442613],[-16.5120044,15.8439904],[-16.5120023,15.8437176],[-16.5117185,15.8434467],[-16.5114366,15.8434487],[-16.5111588,15.8439963],[-16.5111609,15.8442692],[-16.5114447,15.84454],[-16.5117266,15.8445381],[-16.5120105,15.8448089],[-16.5122933,15.8449434],[-16.5125755,15.8449869],[-16.5126701,15.8450772],[-16.5127191,15.8453497],[-16.5127232,15.8458953],[-16.5128651,15.8460307],[-16.51315,15.846438],[-16.5128682,15.84644],[-16.5123025,15.8461711],[-16.5117428,15.8467207]],[[-16.5117428,15.8467207],[-16.5120267,15.8469915]],[[-16.5120267,15.8469915],[-16.5123086,15.8469896]],[[-16.5117428,15.8467207],[-16.511462,15.8468591],[-16.5113221,15.8469965],[-16.5111832,15.8472703],[-16.5111873,15.8478159],[-16.5114711,15.8480868],[-16.511753,15.8480848],[-16.5120389,15.8486285],[-16.5119,15.8489023],[-16.5117601,15.8490397],[-16.5114793,15.8491781],[-16.5114813,15.8494509],[-16.5112005,15.8495893],[-16.5109186,15.8495913],[-16.5106378,15.8497296],[-16.5104539,15.8502766],[-16.510361,15.8504137],[-16.5100802,15.850552],[-16.5100822,15.8508249],[-16.5103661,15.8510957],[-16.5100862,15.8513705],[-16.510654,15.8519123],[-16.5109359,15.8519103],[-16.5112157,15.8516355],[-16.5117814,15.8519044],[-16.5115016,15.8521792],[-16.5112208,15.8523176],[-16.510941,15.8525924],[-16.5100984,15.8530075],[-16.5103823,15.8532784],[-16.5106682,15.853822],[-16.5109521,15.8540929],[-16.5101126,15.8549173],[-16.5101167,15.8554629],[-16.5098389,15.8560106],[-16.5095564,15.8559216],[-16.5092742,15.8558781],[-16.5089923,15.85588],[-16.5087115,15.8560184],[-16.5084316,15.8562932],[-16.5084357,15.8568389],[-16.5081538,15.8568408],[-16.5081498,15.8562952],[-16.5078659,15.8560243],[-16.5070203,15.8560302],[-16.5068773,15.8557583],[-16.5070162,15.8554845],[-16.5072961,15.8552097],[-16.5070122,15.8549389],[-16.5058847,15.8549467],[-16.5058787,15.8541282],[-16.5055948,15.8538574],[-16.5053129,15.8538593],[-16.5050321,15.8539977],[-16.5047502,15.8539997],[-16.5044674,15.8538652],[-16.5044653,15.8535924],[-16.5041815,15.8533215],[-16.5038996,15.8533235],[-16.5036198,15.8535982],[-16.5036218,15.8538711],[-16.5037647,15.8541429],[-16.5037668,15.8544157],[-16.5039097,15.8546876],[-16.5039117,15.8549604],[-16.5040547,15.8552323],[-16.5040567,15.8555051],[-16.5039178,15.8557789],[-16.5036379,15.8560537],[-16.503642,15.8565994],[-16.5033601,15.8566013],[-16.5030803,15.8568761],[-16.5030823,15.8571489],[-16.5028025,15.8574237],[-16.5030864,15.8576946],[-16.5028065,15.8579694],[-16.5028085,15.8582422],[-16.5036602,15.8590548],[-16.5039421,15.8590528],[-16.5039461,15.8595985],[-16.5033783,15.8590568],[-16.5030965,15.8590587],[-16.5028166,15.8593335],[-16.5028247,15.8604248],[-16.5025469,15.8609724],[-16.502266,15.8611108],[-16.5021241,15.8609754],[-16.5019811,15.8607035],[-16.5019771,15.8601579],[-16.5016932,15.859887],[-16.5014113,15.8598889],[-16.5011315,15.8601637],[-16.5011375,15.8609822],[-16.5017053,15.8615239],[-16.5019912,15.8620677],[-16.5022751,15.8623385],[-16.502555,15.8620637],[-16.5028358,15.8619254],[-16.5033996,15.8619215],[-16.5036824,15.8620559],[-16.5042502,15.8625977],[-16.504528,15.86205],[-16.504524,15.8615044],[-16.5048018,15.8609568],[-16.5046589,15.8606849],[-16.5046568,15.8604121],[-16.5047957,15.8601383],[-16.5050766,15.8599999],[-16.5053585,15.859998],[-16.5055004,15.8601334],[-16.5055045,15.860679],[-16.5056474,15.8609509],[-16.5062112,15.860947],[-16.5067729,15.8606702],[-16.5070568,15.8609411],[-16.5079024,15.8609352],[-16.5079044,15.861208],[-16.5073407,15.861212],[-16.5070598,15.8613503],[-16.5069199,15.8614877],[-16.506781,15.8617615],[-16.506783,15.8620344],[-16.5070669,15.8623052],[-16.5076306,15.8623013],[-16.5079105,15.8620265],[-16.5079689,15.8622989],[-16.5079729,15.8628446],[-16.5079186,15.8631178],[-16.5079206,15.8633906],[-16.5076408,15.8636654],[-16.5079247,15.8639363],[-16.5082061,15.8638798],[-16.5082629,15.8639339],[-16.5082649,15.8642068],[-16.5082096,15.8643436],[-16.5079287,15.864482],[-16.5082126,15.8647528],[-16.5082167,15.8652985],[-16.5079348,15.8653004],[-16.507655,15.8655752],[-16.5079389,15.8658461],[-16.5080818,15.8661179],[-16.5080839,15.8663908],[-16.5080389,15.8666639],[-16.507806,15.8669384],[-16.5076671,15.8672122],[-16.5076712,15.8677578],[-16.5073913,15.8680326],[-16.5071074,15.8677618],[-16.5068276,15.8680366],[-16.5068296,15.8683094],[-16.5073974,15.8688511],[-16.5076793,15.8688492],[-16.5076813,15.869122],[-16.5079652,15.8693928],[-16.5079673,15.8696657],[-16.5076895,15.8702133],[-16.507691499753932,15.870486099765243]],[[-16.507691499753932,15.870486099765243],[-16.5076955,15.8710318],[-16.5076915,15.8704861],[-16.507691499753932,15.870486099765243]],[[-16.507691499753932,15.870486099765243],[-16.5071237,15.8699444],[-16.5074015,15.8693968],[-16.5073995,15.8691239],[-16.5071156,15.8688531],[-16.5065518,15.868857],[-16.5059921,15.8694066],[-16.5059982,15.8702251],[-16.5057183,15.8704999],[-16.5057224,15.8710455],[-16.5060063,15.8713164],[-16.506568,15.8710396],[-16.5068479,15.8707648],[-16.5071297,15.8707629],[-16.5068499,15.8710377],[-16.5068519,15.8713105],[-16.5065721,15.8715853],[-16.5065741,15.8718581],[-16.5057284,15.871864],[-16.5057264,15.8715912],[-16.5054425,15.8713203],[-16.5054405,15.8710475],[-16.5051566,15.8707766],[-16.504317,15.871601],[-16.5046009,15.8718718],[-16.5048828,15.8718699],[-16.5048848,15.8721427],[-16.5051687,15.8724136],[-16.5057325,15.8724096],[-16.5057386,15.8732281],[-16.5054577,15.8733665],[-16.5053178,15.8735039],[-16.5051789,15.8737777],[-16.5054628,15.8740486],[-16.5051829,15.8743234]],[[-16.5051829,15.8743234],[-16.5051849,15.8745962]],[[-16.5051829,15.8743234],[-16.504899,15.8740525],[-16.5046171,15.8740545],[-16.5043373,15.8743292],[-16.5043474,15.8756934],[-16.5046313,15.8759642],[-16.505191,15.8754147],[-16.505189,15.8751418],[-16.5057528,15.8751379],[-16.5057588,15.8759564],[-16.5051991,15.876506],[-16.5052011,15.8767788],[-16.5054851,15.8770497],[-16.505767,15.8770477],[-16.505769,15.8773205],[-16.5052052,15.8773245],[-16.5046455,15.877874],[-16.5046475,15.8781469],[-16.5043656,15.8781488],[-16.5040817,15.877878],[-16.5029582,15.8784315],[-16.5029642,15.8792499],[-16.5032482,15.8795208],[-16.503528,15.879246],[-16.503526,15.8789732],[-16.5038079,15.8789712],[-16.5040878,15.8786964],[-16.5043697,15.8786945],[-16.5046536,15.8789653],[-16.5049334,15.8786906],[-16.5052174,15.8789614],[-16.5052194,15.8792343],[-16.5055053,15.8797779],[-16.5060691,15.879774],[-16.5060712,15.8800468],[-16.5057913,15.8803216],[-16.5059343,15.8805935],[-16.5059363,15.8808663],[-16.5057974,15.8811401],[-16.5057994,15.8814129],[-16.5060833,15.8816838],[-16.5063652,15.8816818],[-16.5066491,15.8819527],[-16.506931,15.8819507],[-16.5072109,15.881676],[-16.5077747,15.881672],[-16.5080546,15.8813972],[-16.5077686,15.8808535],[-16.5077645,15.8803079],[-16.5074806,15.880037],[-16.5073376,15.8797652],[-16.5076175,15.8794904],[-16.5077564,15.8792166],[-16.5077544,15.8789438],[-16.5074705,15.8786729],[-16.5071876,15.8785384],[-16.5070456,15.878403],[-16.5069026,15.8781312],[-16.5071838,15.8780383],[-16.5073255,15.8781282],[-16.5074684,15.8784001],[-16.5080322,15.8783961],[-16.5083162,15.878667],[-16.508598,15.878665],[-16.5088789,15.8785267],[-16.5097249,15.8785662],[-16.5100085,15.8787916],[-16.51008,15.8789275],[-16.5102935,15.8791989],[-16.5103425,15.8794714],[-16.5103445,15.8797442],[-16.5101234,15.8800186],[-16.5101755,15.8805639],[-16.5104594,15.8808348],[-16.5104655,15.8816533],[-16.5103129,15.8818031],[-16.510031,15.8818051],[-16.5098753,15.8819302],[-16.5098326,15.8822034],[-16.5098346,15.8824762],[-16.5101186,15.882747],[-16.510087,15.8830201],[-16.5101714,15.883838],[-16.5100502,15.8843846],[-16.510162,15.8852023],[-16.5101389,15.8854753],[-16.5100597,15.8856578],[-16.5097764,15.8854778],[-16.5092086,15.8849361],[-16.5089267,15.8849381],[-16.5086468,15.8852129],[-16.5086488,15.8854857],[-16.5089328,15.8857566],[-16.5092126,15.8854818],[-16.5092147,15.8857546],[-16.5094986,15.8860255],[-16.5100644,15.8862943],[-16.510147,15.8865666],[-16.5101491,15.8868394],[-16.5098692,15.8871142],[-16.5097927,15.8876604],[-16.5095128,15.8879352],[-16.5095169,15.8884809],[-16.509237,15.8887557],[-16.5092391,15.8890285],[-16.5093821,15.8893004],[-16.5092421,15.8894378],[-16.5089633,15.889849],[-16.5091532,15.8901205],[-16.5092492,15.8903926],[-16.5090499,15.8906669],[-16.5089707,15.8908493],[-16.5086895,15.8909422],[-16.5086976,15.8920335],[-16.5085117,15.8923077],[-16.5084668,15.8925808],[-16.5084729,15.8933993],[-16.5082265,15.8936739],[-16.508197,15.8942198],[-16.5082347,15.8947652],[-16.5085438,15.8950359],[-16.5085654,15.8953086],[-16.5088046,15.8955797],[-16.5087251,15.8957167],[-16.5078824,15.8961318],[-16.5081663,15.8964027],[-16.5082623,15.8966749],[-16.5081704,15.8969484],[-16.5081724,15.8972212],[-16.5078946,15.8977688],[-16.5081785,15.8980397],[-16.5081826,15.8985853],[-16.5082672,15.8991304],[-16.5084706,15.8994018],[-16.5076248,15.8994077],[-16.507345,15.8996825],[-16.507063,15.8996845],[-16.5067831,15.8999593],[-16.5070691,15.900503],[-16.5070712,15.9007758],[-16.5067913,15.9010506],[-16.5067933,15.9013234],[-16.5065134,15.9015982],[-16.5065154,15.901871],[-16.5062355,15.9021458],[-16.5060966,15.9024196],[-16.5062396,15.9026915],[-16.5065236,15.9029623],[-16.5068055,15.9029604],[-16.5070867,15.9028675],[-16.5073693,15.9029564],[-16.5076533,15.9032273],[-16.5070935,15.9037769],[-16.5070956,15.9040497],[-16.5068157,15.9043245]],[[-16.5068157,15.9043245],[-16.5068177,15.9045973]],[[-16.5068157,15.9043245],[-16.5065317,15.9040536],[-16.5062498,15.9040556],[-16.5059699,15.9043304],[-16.5059678,15.9040576],[-16.5062477,15.9037828],[-16.5062457,15.90351],[-16.5063846,15.9032361],[-16.5062416,15.9029643],[-16.5059577,15.9026934],[-16.5056778,15.9029682],[-16.5053959,15.9029702],[-16.505116,15.903245],[-16.505118,15.9035178],[-16.5045582,15.9040674],[-16.5045541,15.9035217],[-16.504834,15.903247],[-16.504832,15.9029741],[-16.5053918,15.9024245],[-16.5051078,15.9021537],[-16.5051058,15.9018809],[-16.5049628,15.901609],[-16.5051018,15.9013352],[-16.5056656,15.9013313],[-16.5059455,15.9010565],[-16.5059414,15.9005108],[-16.5062213,15.900236],[-16.5062152,15.8994176],[-16.506775,15.898868],[-16.506773,15.8985951],[-16.506489,15.8983243],[-16.5062071,15.8983263],[-16.5059232,15.8980554],[-16.5056433,15.8983302],[-16.5056453,15.898603],[-16.5053634,15.898605],[-16.5050835,15.8988798],[-16.5045197,15.8988837],[-16.5042398,15.8991585],[-16.503394,15.8991644],[-16.5039538,15.8986148],[-16.5047995,15.8986089],[-16.5050794,15.8983341],[-16.5050774,15.8980613],[-16.5047935,15.8977904],[-16.5050754,15.8977885],[-16.5056372,15.8975117],[-16.5056352,15.8972389],[-16.5053512,15.896968],[-16.5050693,15.89697],[-16.5050673,15.8966971],[-16.5047833,15.8964263],[-16.5045024,15.8965647],[-16.5042195,15.8964302],[-16.5044994,15.8961554],[-16.5050632,15.8961515],[-16.5053431,15.8958767],[-16.505482,15.8956029],[-16.50548,15.8953301],[-16.5056189,15.8950563],[-16.5067385,15.8939571],[-16.5067364,15.8936843],[-16.5065934,15.8934124],[-16.5067324,15.8931386],[-16.5075781,15.8931327],[-16.507862,15.8934036],[-16.5081419,15.8931288],[-16.5079989,15.8928569],[-16.5079499,15.8925844],[-16.5078539,15.8923123],[-16.507571,15.8921778],[-16.5072901,15.8923162],[-16.5070072,15.8921818],[-16.5068652,15.8920463],[-16.5064362,15.8912308],[-16.5061543,15.8912328],[-16.5053147,15.8920571],[-16.5053208,15.8928756],[-16.5050409,15.8931504],[-16.5053248,15.8934213],[-16.5042053,15.8945204],[-16.5042033,15.8942476],[-16.5039193,15.8939767],[-16.5039173,15.8937039],[-16.5044791,15.8934272],[-16.5044771,15.8931543],[-16.5041931,15.8928835],[-16.5039132,15.8931582],[-16.5036313,15.8931602],[-16.5033514,15.893435],[-16.5030695,15.893437],[-16.5036293,15.8928874],[-16.5036273,15.8926146],[-16.5033433,15.8923437],[-16.5030614,15.8923456],[-16.5024996,15.8926224],[-16.5022177,15.8926244],[-16.5019378,15.8928991],[-16.5022218,15.89317],[-16.5020828,15.8934438],[-16.5020869,15.8939895],[-16.5019479,15.8942633],[-16.501952,15.8948089],[-16.5016721,15.8950837],[-16.5013902,15.8950857],[-16.5011103,15.8953605],[-16.5011123,15.8956333],[-16.5008324,15.8959081],[-16.4997047,15.8959159],[-16.4988529,15.8951033],[-16.49857,15.8949688],[-16.4982891,15.8951072],[-16.4981502,15.895381],[-16.4981522,15.8956538],[-16.4977323,15.896066],[-16.4974514,15.8962044],[-16.4974494,15.8959315],[-16.4975883,15.8956577],[-16.4977253,15.8951111],[-16.4980031,15.8945635],[-16.498283,15.8942887],[-16.4988449,15.894012],[-16.4988408,15.8934663],[-16.4982729,15.8929246],[-16.497991,15.8929265],[-16.497985,15.892108],[-16.497701,15.8918372],[-16.4974211,15.892112],[-16.4968573,15.8921159],[-16.4967144,15.891844],[-16.4968533,15.8915702],[-16.4974151,15.8912935],[-16.4974111,15.8907478],[-16.4971271,15.8904769],[-16.4968452,15.8904789],[-16.4971251,15.8902041],[-16.4971191,15.8893856],[-16.4968351,15.8891148],[-16.4965532,15.8891167],[-16.4965512,15.8888439],[-16.4962673,15.888573],[-16.4959847,15.888484],[-16.4957035,15.8885769],[-16.4954236,15.8888517],[-16.4957095,15.8893954],[-16.4959934,15.8896663],[-16.4959955,15.8899391],[-16.4958565,15.8902129],[-16.4958585,15.8904857],[-16.4957196,15.8907595]],[[-16.4957196,15.8907595],[-16.4960035,15.8910304]],[[-16.4960035,15.8910304],[-16.4962854,15.8910285],[-16.4962874,15.8913013],[-16.4960055,15.8913032],[-16.4960035,15.8910304]],[[-16.4957196,15.8907595],[-16.4951558,15.8907634],[-16.494596,15.891313],[-16.494598,15.8915858],[-16.4943161,15.8915878],[-16.49431,15.8907693]],[[-16.49431,15.8907693],[-16.4940261,15.8904984]],[[-16.4940261,15.8904984],[-16.4940241,15.8902256]],[[-16.49431,15.8907693],[-16.4945899,15.8904945],[-16.4947289,15.8902207],[-16.4948678,15.8899469],[-16.4948658,15.8896741],[-16.4945819,15.8894032],[-16.4943,15.8894051],[-16.4940171,15.8892707],[-16.4938751,15.8891352],[-16.4937321,15.8888634],[-16.49401,15.8883158],[-16.494008,15.8880429],[-16.494004,15.8874973],[-16.4937201,15.8872264],[-16.4931603,15.887776],[-16.4931683,15.8888673],[-16.4928884,15.889142],[-16.4920427,15.8891479],[-16.4917618,15.8892862],[-16.4914789,15.8891518],[-16.491195,15.8888809],[-16.4909151,15.8891557],[-16.4909171,15.8894285],[-16.4914849,15.8899703],[-16.491205,15.890245],[-16.4909211,15.8899741],[-16.4906392,15.8899761],[-16.4903593,15.8902509],[-16.4903613,15.8905237],[-16.4897974,15.8905276],[-16.4892376,15.8910771],[-16.4892396,15.8913499],[-16.4891477,15.8916234],[-16.4891027,15.8918966],[-16.4889638,15.8921704],[-16.4889678,15.892716],[-16.4886879,15.8929908],[-16.4886899,15.8932636],[-16.4885979,15.8935371],[-16.488412,15.8938112],[-16.488422,15.8951754],[-16.488283,15.8954492],[-16.4882891,15.8962677],[-16.4881501,15.8965415],[-16.4881521,15.8968143],[-16.4878722,15.8970891]],[[-16.4878722,15.8970891],[-16.4881561,15.89736]],[[-16.4878722,15.8970891],[-16.4873124,15.8976386],[-16.4873184,15.8984571],[-16.4870385,15.8987319],[-16.4870425,15.8992775],[-16.4867646,15.8998251],[-16.4867666,15.9000979],[-16.4866276,15.9003717],[-16.4866296,15.9006446],[-16.4864906,15.9009184],[-16.4862107,15.9011931],[-16.4862167,15.9020116],[-16.4865007,15.9022825],[-16.4865067,15.903101],[-16.4862268,15.9033758],[-16.4862308,15.9039214],[-16.4863737,15.9041933],[-16.4862348,15.9044671],[-16.4862388,15.9050127],[-16.4863818,15.9052846],[-16.4866657,15.9055555],[-16.4866207,15.9058286],[-16.4865287,15.9061021],[-16.4862508,15.9066497],[-16.4859709,15.9069245],[-16.4848431,15.9069322],[-16.4845632,15.907207],[-16.4842813,15.907209]],[[-16.4842813,15.907209],[-16.4840013,15.9074837],[-16.4837194,15.9074857],[-16.4837174,15.9072128],[-16.4842813,15.907209]],[[-16.4842813,15.907209],[-16.4851211,15.9063847],[-16.4851131,15.9052933],[-16.4856729,15.9047438],[-16.4859508,15.9041962],[-16.4859448,15.9033777],[-16.4856609,15.9031068],[-16.485095,15.9028379],[-16.4848131,15.9028398],[-16.4848111,15.902567],[-16.485093,15.902565],[-16.4856529,15.9020155],[-16.4856509,15.9017427],[-16.4853669,15.9014718],[-16.4853649,15.901199],[-16.485222,15.9009271],[-16.48522,15.9006543],[-16.485077,15.9003824],[-16.4845132,15.9003863],[-16.4845092,15.8998406],[-16.4843662,15.8995688],[-16.4845062,15.8994314],[-16.4847871,15.899293],[-16.48507,15.8994275],[-16.4853509,15.8992892],[-16.4856308,15.8990144],[-16.4856288,15.8987416],[-16.4859088,15.8984668],[-16.4859068,15.898194],[-16.4856228,15.8979231],[-16.4856208,15.8976502],[-16.4853369,15.8973793],[-16.4856168,15.8971046],[-16.4856148,15.8968318],[-16.4853309,15.8965609],[-16.4853289,15.896288],[-16.4856108,15.8962861],[-16.4858937,15.8964206],[-16.4861747,15.8962822],[-16.4864546,15.8960074],[-16.4865935,15.8957337],[-16.4865915,15.8954608],[-16.4867305,15.895187],[-16.4864466,15.8949161],[-16.4864345,15.8932792],[-16.4869984,15.8932753],[-16.4872783,15.8930005],[-16.4872743,15.8924549],[-16.4869904,15.892184],[-16.4869884,15.8919111],[-16.4868454,15.8916393],[-16.4868434,15.8913664],[-16.4869823,15.8910926],[-16.4869803,15.8908198],[-16.4872582,15.8902722],[-16.4872522,15.8894537],[-16.4869683,15.8891828],[-16.4869663,15.88891],[-16.4872472,15.8887717],[-16.4873872,15.8886343],[-16.4875261,15.8883605],[-16.4869583,15.8878187],[-16.4869563,15.8875459],[-16.4870952,15.8872721],[-16.4870932,15.8869992],[-16.4869503,15.8867274],[-16.4866664,15.8864565]],[[-16.4866664,15.8864565],[-16.4863865,15.8867313],[-16.4861056,15.8868696],[-16.4858237,15.8868715],[-16.4856817,15.8867361],[-16.4856797,15.8864633],[-16.4858197,15.8863259],[-16.4861006,15.8861875],[-16.4863845,15.8864584],[-16.4866664,15.8864565]],[[-16.4866664,15.8864565],[-16.4869463,15.8861817],[-16.4869403,15.8853632],[-16.4872242,15.8856341],[-16.487784,15.8850846],[-16.4872162,15.8845428],[-16.4866544,15.8848195],[-16.4863725,15.8848214],[-16.4863685,15.8842758],[-16.4860845,15.8840049],[-16.4860825,15.8837321],[-16.4863644,15.8837301],[-16.4866443,15.8834554],[-16.4866303,15.8815456],[-16.4863464,15.8812747],[-16.4860655,15.881413],[-16.4857836,15.8814149],[-16.4855007,15.8812805],[-16.4854987,15.8810076],[-16.4857786,15.8807329],[-16.4863424,15.880729],[-16.487466,15.8801756],[-16.487468,15.8804484],[-16.4877519,15.8807193],[-16.4880318,15.8804445],[-16.4880298,15.8801717],[-16.4885896,15.8796222],[-16.4885836,15.8788037]],[[-16.4885836,15.8788037],[-16.4882997,15.8785328]],[[-16.4882997,15.8785328],[-16.4880178,15.8785347],[-16.4877379,15.8788095],[-16.487456,15.8788114],[-16.487452,15.8782658],[-16.4877319,15.877991],[-16.4880138,15.8779891],[-16.4882977,15.87826],[-16.4882997,15.8785328]],[[-16.4885836,15.8788037],[-16.4888655,15.8788017],[-16.4894273,15.878525],[-16.4894253,15.8782522],[-16.4891414,15.8779813],[-16.4891394,15.8777085],[-16.4888555,15.8774376],[-16.4885746,15.877576],[-16.4882917,15.8774415],[-16.4880058,15.8768978],[-16.4880038,15.8766249],[-16.4877199,15.876354],[-16.487438,15.876356],[-16.4871581,15.8766307],[-16.4865943,15.8766346],[-16.4865923,15.8763618],[-16.4867312,15.876088],[-16.4870111,15.8758132],[-16.4871501,15.8755394],[-16.4871481,15.8752666],[-16.4868642,15.8749957],[-16.4865833,15.8751341],[-16.4860195,15.8751379],[-16.4858776,15.8750025],[-16.4857346,15.8747306],[-16.4854527,15.8747326],[-16.4865723,15.8736335],[-16.4865663,15.872815],[-16.4859985,15.8722732],[-16.4857166,15.8722752],[-16.4854341,15.8721861],[-16.4851529,15.872279],[-16.4845911,15.8725557],[-16.484875,15.8728266],[-16.484877,15.8730994],[-16.484885,15.8741908],[-16.4846011,15.8739199],[-16.4843212,15.8741946],[-16.4843232,15.8744675],[-16.4846071,15.8747384],[-16.4843272,15.8750131],[-16.4840453,15.8750151],[-16.4834855,15.8755646],[-16.4834875,15.8758374],[-16.4837714,15.8761083],[-16.4843332,15.8758316],[-16.4846131,15.8755568],[-16.484895,15.8755549],[-16.4851788,15.8758258]],[[-16.4851788,15.8758258],[-16.4854587,15.875551],[-16.4857426,15.8758219],[-16.4857446,15.8760948],[-16.4854627,15.8760967],[-16.4851788,15.8758258]],[[-16.4851788,15.8758258],[-16.484897,15.8758277],[-16.4846171,15.8761025],[-16.4846191,15.8763753],[-16.4851868,15.8769171],[-16.4849069,15.8771919],[-16.4846231,15.876921],[-16.4843402,15.8767865],[-16.4840583,15.8767885],[-16.4837774,15.8769268],[-16.4834935,15.8766559],[-16.4832116,15.8766578],[-16.4829277,15.8763869],[-16.4823679,15.8769365],[-16.4823699,15.8772093],[-16.4818061,15.8772132],[-16.4815262,15.8774879],[-16.4812443,15.8774898],[-16.4806845,15.8780394],[-16.4806905,15.8788579],[-16.4807865,15.87913],[-16.4807509,15.8794031],[-16.4806952,15.8794945],[-16.4804126,15.8794054],[-16.4801307,15.8794074],[-16.4798498,15.8795457],[-16.4795669,15.8794112],[-16.479285,15.8794132],[-16.479146,15.879687],[-16.47915,15.8802326],[-16.4790111,15.8805064],[-16.4790151,15.8810521],[-16.4788761,15.8813259],[-16.4788781,15.8815987],[-16.4787391,15.8818725],[-16.4787411,15.8821453],[-16.4784632,15.8826929]],[[-16.4784632,15.8826929],[-16.4787471,15.8829638]],[[-16.4787471,15.8829638],[-16.479028,15.8828255],[-16.4791699,15.8829609],[-16.479031,15.8832347],[-16.4787511,15.8835095],[-16.4787471,15.8829638]],[[-16.4784632,15.8826929],[-16.4783242,15.8829667],[-16.4781853,15.8832405],[-16.4781873,15.8835133],[-16.4784712,15.8837842],[-16.4786141,15.8840561],[-16.4783362,15.8846037],[-16.4780563,15.8848784],[-16.4780583,15.8851513],[-16.4779193,15.8854251],[-16.4782032,15.885696],[-16.4784861,15.8858305],[-16.478768,15.8858285],[-16.47891,15.885964],[-16.478771,15.8862378],[-16.4784901,15.8863761],[-16.4782072,15.8862416],[-16.4782052,15.8859688],[-16.4779213,15.8856979],[-16.4773575,15.8857018],[-16.4767976,15.8862513],[-16.4770815,15.8865222],[-16.4770835,15.886795],[-16.4765237,15.8873445],[-16.4763847,15.8876183],[-16.4765277,15.8878902],[-16.4763417,15.8881643],[-16.4763437,15.8884371],[-16.4761578,15.8887112],[-16.4762537,15.8889834],[-16.4762557,15.8892563],[-16.4765396,15.8895272],[-16.4765416,15.8898],[-16.4766845,15.8900719],[-16.4767335,15.8903444],[-16.4766885,15.8906175],[-16.4765496,15.8908913],[-16.4759818,15.8903495],[-16.4756988,15.890215],[-16.4754179,15.8903534],[-16.4753494,15.8906267],[-16.4754209,15.8907626],[-16.4755629,15.890898],[-16.4755668,15.8914437],[-16.4757098,15.8917156],[-16.4759937,15.8919865],[-16.4759957,15.8922593],[-16.4757138,15.8922612],[-16.4751539,15.8928108],[-16.4751559,15.8930836],[-16.474878,15.8936312],[-16.4748799,15.893904],[-16.4746,15.8941788],[-16.4740322,15.8936369],[-16.4738423,15.8933654],[-16.4740262,15.8928184],[-16.4743062,15.8925437],[-16.4740223,15.8922728],[-16.4737404,15.8922747],[-16.4734604,15.8925495],[-16.4733215,15.8928232],[-16.4732764,15.8930964],[-16.4733254,15.8933689],[-16.4733274,15.8936417],[-16.4734704,15.8939136],[-16.4734723,15.8941864],[-16.4733804,15.8944599],[-16.4727735,15.8950097],[-16.4729164,15.8952816],[-16.4734843,15.8958234],[-16.4734862,15.8960963],[-16.4732043,15.8960982],[-16.4729204,15.8958273],[-16.4726405,15.896102],[-16.4726484,15.8971933],[-16.4723685,15.8974681],[-16.4723724,15.8980138],[-16.4718126,15.8985633]],[[-16.4718126,15.8985633],[-16.4720965,15.8988342]],[[-16.4718126,15.8985633],[-16.4715326,15.898838],[-16.4712507,15.8988399],[-16.4715306,15.8985652],[-16.4715287,15.8982924],[-16.4717146,15.8980182],[-16.4718066,15.8977448],[-16.4720866,15.89747],[-16.4720846,15.8971972],[-16.4722235,15.8969234],[-16.4722176,15.8961049],[-16.4722626,15.8958318],[-16.4722136,15.8955592],[-16.4722116,15.8952864],[-16.4720687,15.8950145],[-16.4717878,15.8951529],[-16.4715049,15.8950184],[-16.4715029,15.8947455],[-16.4720667,15.8947417],[-16.4721587,15.8944682],[-16.4721332,15.8941956],[-16.4722017,15.8939223],[-16.4723407,15.8936485],[-16.4723367,15.8931028],[-16.4724757,15.892829],[-16.4721898,15.8922853],[-16.4723288,15.8920115],[-16.4720449,15.8917406],[-16.4720429,15.8914677],[-16.4723228,15.891193],[-16.4723189,15.8906473],[-16.4726028,15.8909182],[-16.4726067,15.8914639],[-16.4728906,15.8917348],[-16.4734505,15.8911853],[-16.4737324,15.8911834],[-16.4740123,15.8909086],[-16.4742933,15.8907703],[-16.4744332,15.8906329],[-16.4744312,15.8903601],[-16.4747112,15.8900853],[-16.4748501,15.8898115],[-16.4748462,15.8892659],[-16.4749851,15.8889921],[-16.4751251,15.8888547],[-16.475406,15.8887164],[-16.475545,15.8884426],[-16.475402,15.8881707],[-16.4748382,15.8881746],[-16.4748303,15.8870832],[-16.4742625,15.8865414],[-16.4739816,15.8866797],[-16.4736987,15.8865453],[-16.4734148,15.8862743],[-16.4734108,15.8857287],[-16.4736927,15.8857268],[-16.4742525,15.8851773],[-16.4745344,15.8851753],[-16.4748144,15.8849006],[-16.4748124,15.8846277],[-16.4753762,15.8846239],[-16.4756561,15.8843491],[-16.4750883,15.8838073],[-16.4745245,15.8838112],[-16.4745225,15.8835383],[-16.4748024,15.8832636],[-16.4745196,15.8831291],[-16.4742376,15.883131],[-16.4739548,15.8829965],[-16.473387,15.8824547],[-16.4722673,15.8835537],[-16.4722713,15.8840994],[-16.4717114,15.8846489],[-16.4719953,15.8849198],[-16.4720013,15.8857383],[-16.4717194,15.8857402],[-16.4714394,15.886015],[-16.4708776,15.8862916],[-16.4708796,15.8865644],[-16.4714474,15.8871063],[-16.4708835,15.8871101],[-16.4708816,15.8868373],[-16.4705977,15.8865664],[-16.4700378,15.8871159],[-16.4700398,15.8873887],[-16.4697599,15.8876634],[-16.4694779,15.8876654],[-16.4692,15.8882129],[-16.4694839,15.8884839],[-16.4697698,15.8890276],[-16.4696308,15.8893014],[-16.4696347,15.8898471],[-16.4694948,15.8899844],[-16.4692129,15.8899863],[-16.4689319,15.8901247],[-16.46865,15.8901266],[-16.4683701,15.8904013],[-16.4683741,15.890947],[-16.4680921,15.8909489],[-16.4675323,15.8914984],[-16.4672503,15.8915003],[-16.4669704,15.8917751],[-16.4668784,15.8920485],[-16.4666924,15.8923226],[-16.4666944,15.8925955],[-16.4669783,15.8928664]],[[-16.4669783,15.8928664],[-16.4672583,15.8925916],[-16.4672602,15.8928645],[-16.4669783,15.8928664]],[[-16.4669783,15.8928664],[-16.4666984,15.8931411],[-16.4665144,15.8936881],[-16.4663284,15.8939622],[-16.4661418,15.8941453],[-16.4658605,15.8942382],[-16.4658625,15.894511],[-16.4653026,15.8950605],[-16.4653046,15.8953334],[-16.4650246,15.8956081],[-16.4644628,15.8958847],[-16.4641828,15.8961595],[-16.4641848,15.8964323],[-16.4644707,15.8969761],[-16.4641907,15.8972508],[-16.4640517,15.8975246],[-16.4637718,15.8977993],[-16.4637268,15.8980725],[-16.4637287,15.8983453],[-16.4636367,15.8986188],[-16.4636427,15.8994373],[-16.4633607,15.8994392],[-16.4630768,15.8991683],[-16.4627969,15.899443],[-16.4622291,15.8989012],[-16.4622251,15.8983555],[-16.462785,15.897806],[-16.4627831,15.8975332],[-16.463063,15.8972585],[-16.463061,15.8969856],[-16.4627752,15.8964419],[-16.4624933,15.8964438],[-16.4624913,15.8961709],[-16.4627712,15.8958962],[-16.4627673,15.8953505],[-16.4630472,15.8950758],[-16.4630453,15.894803],[-16.4627614,15.894532],[-16.4624795,15.894534],[-16.4621956,15.894263],[-16.4619156,15.8945378],[-16.4616317,15.8942668],[-16.4617707,15.8939931],[-16.4619107,15.8938557],[-16.4621916,15.8937174],[-16.4633114,15.8926184],[-16.4627436,15.8920766],[-16.4624617,15.8920785],[-16.4619018,15.8926279],[-16.4619038,15.8929008],[-16.4616229,15.8930391],[-16.4613409,15.893041],[-16.461199,15.8929055],[-16.4610561,15.8926337],[-16.4604883,15.8920918],[-16.4604863,15.891819],[-16.4602024,15.891548],[-16.4604824,15.8912733],[-16.4606214,15.8909995],[-16.4606194,15.8907267],[-16.4607584,15.8904529],[-16.4607505,15.8893616],[-16.4610305,15.8890868],[-16.4610285,15.888814],[-16.4615963,15.8893559],[-16.4618782,15.889354],[-16.4621594,15.8892611],[-16.462442,15.8893501],[-16.4627239,15.8893482],[-16.4632917,15.8898901],[-16.4635736,15.8898882],[-16.4638535,15.8896134],[-16.4644174,15.8896096],[-16.4647013,15.8898805],[-16.4648402,15.8896067],[-16.4648383,15.8893339],[-16.4651162,15.8887863],[-16.4649733,15.8885145],[-16.4646894,15.8882435],[-16.4644995,15.887972],[-16.4644036,15.8876998],[-16.4641197,15.8874289],[-16.4635598,15.8879783],[-16.4635657,15.8887968],[-16.4632838,15.8887988],[-16.4630039,15.8890735],[-16.462994,15.8877093]],[[-16.462994,15.8877093],[-16.4627101,15.8874384]],[[-16.462994,15.8877093],[-16.4632759,15.8877074],[-16.4635559,15.8874327],[-16.4638378,15.8874308],[-16.4641177,15.887156],[-16.4638338,15.8868851],[-16.4635519,15.886887],[-16.463268,15.8866161],[-16.4627042,15.8866199],[-16.4627022,15.8863471],[-16.4629802,15.8857995],[-16.4629782,15.8855267],[-16.4635421,15.8855229],[-16.463548,15.8863414],[-16.4641157,15.8868832],[-16.4646776,15.8866065],[-16.4649575,15.8863318],[-16.4652394,15.8863299],[-16.4655194,15.8860552],[-16.4655174,15.8857823],[-16.4656564,15.8855085],[-16.4656504,15.88469],[-16.4655075,15.8844182],[-16.4652236,15.8841472],[-16.4649417,15.8841492],[-16.4647577,15.8846961],[-16.4646648,15.8848331],[-16.4643832,15.8848805],[-16.4641013,15.8848824],[-16.4638181,15.8847025],[-16.4632503,15.8841606],[-16.4635322,15.8841587],[-16.4638121,15.883884],[-16.464094,15.883882],[-16.4643766,15.8839711],[-16.4646579,15.8838782],[-16.4649378,15.8836035],[-16.46437,15.8830616],[-16.4640881,15.8830635],[-16.4640862,15.8827907],[-16.4642251,15.8825169],[-16.4640822,15.8822451],[-16.4646421,15.8816956],[-16.4646381,15.8811499],[-16.4649181,15.8808752],[-16.4648456,15.8806028],[-16.4649141,15.8803295],[-16.4648182,15.8800573],[-16.4649102,15.8797838],[-16.4651911,15.8796455],[-16.465474,15.87978],[-16.4654759,15.8800528],[-16.4657598,15.8803238],[-16.4663236,15.8803199],[-16.4666045,15.8801816],[-16.4671683,15.8801778],[-16.4674492,15.8800395],[-16.4677292,15.8797647],[-16.4677272,15.8794919],[-16.4675843,15.87922],[-16.4677232,15.8789462],[-16.4688508,15.8789386],[-16.4689898,15.8786648],[-16.4689878,15.878392],[-16.4688449,15.8781201],[-16.468562,15.8779856],[-16.4682811,15.8781239],[-16.4679972,15.877853],[-16.4677153,15.8778549],[-16.4674354,15.8781296],[-16.4671535,15.8781316],[-16.4668736,15.8784063],[-16.4667346,15.8786801],[-16.4667366,15.8789529],[-16.4665976,15.8792267],[-16.4663157,15.8792286],[-16.4660318,15.8789577],[-16.465746,15.8784139],[-16.4654634,15.8783249],[-16.4651812,15.8782813],[-16.4650882,15.8784184],[-16.4650902,15.8786912],[-16.4649042,15.8789653],[-16.4643424,15.879242],[-16.4640605,15.8792439],[-16.4643405,15.8789692],[-16.4643385,15.8786963],[-16.4640556,15.8785618],[-16.4637747,15.8787001],[-16.4634948,15.8789749],[-16.462931,15.8789787],[-16.4623652,15.8787097],[-16.4620833,15.8787116],[-16.4619443,15.8789854],[-16.4619933,15.8792579],[-16.4620892,15.8795301],[-16.4623691,15.8792553],[-16.462651,15.8792534],[-16.462653,15.8795263],[-16.4629369,15.8797972],[-16.4632188,15.8797953],[-16.4634987,15.8795205],[-16.4637806,15.8795186],[-16.4639235,15.8797905],[-16.4639255,15.8800633],[-16.4637855,15.8802007],[-16.4635026,15.8800662],[-16.4629388,15.88007],[-16.4626579,15.8802083],[-16.462376,15.8802103],[-16.4620951,15.8803486],[-16.4619561,15.8806224],[-16.4619581,15.8808952],[-16.4621,15.8810307],[-16.4623829,15.8811652],[-16.4623869,15.8817108],[-16.4621069,15.8819856],[-16.461825,15.8819875],[-16.4615451,15.8822622],[-16.461829,15.8825331],[-16.4621123,15.8827359],[-16.4623947,15.8828022],[-16.4629566,15.8825255],[-16.4632365,15.8822508],[-16.4629526,15.8819798],[-16.4629507,15.881707],[-16.4635184,15.8822489],[-16.4635223,15.8827945],[-16.4629625,15.883344],[-16.4626806,15.8833459],[-16.4623967,15.883075],[-16.4621168,15.8833497],[-16.461553,15.8833535],[-16.4612671,15.8828098],[-16.4609842,15.8826753],[-16.4608423,15.8825398],[-16.4606994,15.8822679],[-16.4612632,15.8822641],[-16.4615431,15.8819894],[-16.4612592,15.8817185],[-16.4609773,15.8817204],[-16.4606964,15.8818587],[-16.4605545,15.8817232],[-16.4606935,15.8814494],[-16.4604106,15.8813149],[-16.4601287,15.8813168],[-16.4598478,15.8814551],[-16.4595678,15.8817299],[-16.459284,15.8814589],[-16.4595639,15.8811842],[-16.4598419,15.8806366],[-16.4598399,15.8803638],[-16.4601238,15.8806347],[-16.4604066,15.8807692],[-16.4606886,15.8807673],[-16.4609714,15.8809019],[-16.4612504,15.8804907],[-16.4613904,15.8803533],[-16.4612484,15.8802179],[-16.4609655,15.8800834],[-16.4606817,15.8798124],[-16.4606797,15.8795396],[-16.4603958,15.8792687],[-16.4603939,15.8789958]],[[-16.4603939,15.8789958],[-16.46011,15.8787249],[-16.460249,15.8784511],[-16.4606689,15.878039],[-16.4609498,15.8779007],[-16.4610927,15.8781726],[-16.4609537,15.8784464],[-16.4603939,15.8789958]],[[-16.4603939,15.8789958],[-16.4606777,15.8792668],[-16.4609586,15.8791284],[-16.4613785,15.8787163],[-16.4615175,15.8784426],[-16.4620774,15.8778931],[-16.4623593,15.8778912],[-16.4625452,15.8776171],[-16.4623553,15.8773455],[-16.4620715,15.8770746],[-16.4622105,15.8768008],[-16.4626304,15.8763887],[-16.4629122,15.8763868],[-16.4629837,15.8765227],[-16.4630092,15.8767954],[-16.4627762,15.8770698],[-16.4629191,15.8773417],[-16.463201,15.8773398],[-16.4634849,15.8776107],[-16.4634869,15.8778835],[-16.4643355,15.8782871],[-16.4646164,15.8781487],[-16.4644735,15.8778769],[-16.4648904,15.8770555],[-16.4646066,15.8767846],[-16.4646026,15.8762389],[-16.4643188,15.875968],[-16.4644577,15.8756942],[-16.4644558,15.8754214],[-16.4643129,15.8751495],[-16.4645928,15.8748748],[-16.4648747,15.8748729],[-16.4651546,15.8745981],[-16.4651526,15.8743253],[-16.4654345,15.8743234],[-16.4657125,15.8737758],[-16.4662762,15.873772],[-16.4665601,15.8740429],[-16.466842,15.874041],[-16.466981,15.8737672],[-16.467026,15.873494],[-16.4668367,15.8733134],[-16.4665542,15.8732244],[-16.4665522,15.8729516],[-16.4662693,15.8728171],[-16.4659871,15.8727735],[-16.4657065,15.8729573],[-16.4651467,15.8735068],[-16.4648648,15.8735087],[-16.4645849,15.8737834],[-16.4644459,15.8740572],[-16.464166,15.874332],[-16.464027,15.8746057],[-16.4638371,15.8743342],[-16.4637412,15.874062],[-16.4637392,15.8737892],[-16.4642991,15.8732397],[-16.46458,15.8731013],[-16.4648618,15.8730994],[-16.4650018,15.8729621],[-16.4650468,15.8726889],[-16.4651398,15.8725519],[-16.4654207,15.8724135],[-16.4657006,15.8721388],[-16.4656986,15.871866],[-16.4654148,15.871595],[-16.4651329,15.871597],[-16.464849,15.871326],[-16.4645671,15.8713279],[-16.4640053,15.8716046],[-16.4640073,15.8718774],[-16.4634455,15.8721541],[-16.4631636,15.872156],[-16.4628837,15.8724307],[-16.4628798,15.871885],[-16.4637195,15.8710608],[-16.4637175,15.870788],[-16.4635746,15.8705161],[-16.4637136,15.8702423],[-16.4634297,15.8699714],[-16.4634278,15.8696986],[-16.4637097,15.8696967],[-16.4642695,15.8691472],[-16.4642734,15.8696929],[-16.4639935,15.8699676],[-16.4639955,15.8702404],[-16.4645632,15.8707823],[-16.4656908,15.8707746],[-16.4656927,15.8710475],[-16.4659766,15.8713184],[-16.4662565,15.8710437],[-16.4662486,15.8699523],[-16.4665265,15.8694047],[-16.4668065,15.86913],[-16.4668045,15.8688572],[-16.4670864,15.8688553],[-16.4673663,15.8685805],[-16.4673604,15.867762],[-16.4679241,15.8677582],[-16.468208,15.8680291],[-16.4684899,15.8680272],[-16.4684938,15.8685729],[-16.4683548,15.8688467],[-16.4680749,15.8691214],[-16.467936,15.8693952],[-16.4676541,15.8693971],[-16.4673742,15.8696719],[-16.4673781,15.8702175],[-16.467662,15.8704884],[-16.4679419,15.8702137],[-16.4679439,15.8704865],[-16.467664,15.8707613],[-16.4676659,15.8710341],[-16.467384,15.871036],[-16.4673821,15.8707632],[-16.4670982,15.8704923],[-16.4668163,15.8704942],[-16.4665364,15.8707689],[-16.4665404,15.8713146],[-16.4662604,15.8715893],[-16.4662624,15.8718622],[-16.4665463,15.8721331],[-16.4668282,15.8721312],[-16.4673959,15.872673],[-16.4676778,15.8726711],[-16.4679617,15.872942],[-16.4682435,15.8729401],[-16.4683865,15.873212],[-16.4683884,15.8734848],[-16.4685314,15.8737567],[-16.4685333,15.8740295],[-16.4688172,15.8743004],[-16.4690971,15.8740257],[-16.4692361,15.8737519],[-16.4692341,15.8734791],[-16.4693741,15.8733417],[-16.4696579,15.8736126],[-16.4699408,15.8737471],[-16.4702207,15.8734724],[-16.4702148,15.8726539],[-16.4699309,15.872383],[-16.4702089,15.8718354],[-16.4702069,15.8715625],[-16.4704888,15.8715606],[-16.4707726,15.8718315],[-16.4709116,15.8715578],[-16.4714264,15.8712814],[-16.4716124,15.8710073],[-16.4716104,15.8707345],[-16.4717493,15.8704607],[-16.4716064,15.8701888],[-16.4713225,15.8699179],[-16.4711796,15.869646],[-16.4715995,15.8692339],[-16.4716925,15.8690968],[-16.4716905,15.868824],[-16.4718764,15.8685499],[-16.4721543,15.8680023],[-16.4718705,15.8677314],[-16.4715896,15.8678697],[-16.4713067,15.8677352],[-16.4711638,15.8674634],[-16.4713027,15.8671896],[-16.4718685,15.8674586],[-16.4721484,15.8671838],[-16.4721464,15.866911],[-16.4718606,15.8663672],[-16.4715767,15.8660963],[-16.4712968,15.8663711],[-16.4712948,15.8660982],[-16.4711519,15.8658264],[-16.4712919,15.865689],[-16.4715728,15.8655507],[-16.4721325,15.8650012],[-16.4721306,15.8647283],[-16.4726943,15.8647245],[-16.4729752,15.8645862],[-16.4732571,15.8645843],[-16.47354,15.8647187],[-16.4738232,15.8648987],[-16.4741047,15.8648513],[-16.4743856,15.864713],[-16.4744964,15.8644394],[-16.4745226,15.8641664],[-16.4743796,15.8638945],[-16.4746605,15.8637562],[-16.4748005,15.8636188],[-16.4749394,15.863345],[-16.4749355,15.8627993],[-16.4746516,15.8625284],[-16.4749315,15.8622537],[-16.4749255,15.8614352],[-16.4746417,15.8611643],[-16.4740779,15.8611681],[-16.4737941,15.8608972],[-16.4743578,15.8608933],[-16.4744968,15.8606196],[-16.4744948,15.8603467],[-16.4746337,15.8600729],[-16.4751955,15.8597963],[-16.4754744,15.8593851],[-16.47632,15.8593793],[-16.4766009,15.859241],[-16.4768838,15.8593755],[-16.4771646,15.8592372],[-16.4772566,15.8589637],[-16.4774425,15.8586896],[-16.477511,15.8584163],[-16.4775775,15.8578701],[-16.4777164,15.8575963],[-16.4777145,15.8573235],[-16.4775715,15.8570516],[-16.4778212,15.8565042],[-16.4778474,15.8562312],[-16.4778455,15.8559584],[-16.4777025,15.8556865],[-16.4782623,15.855137],[-16.4783543,15.8548635],[-16.4783992,15.8545904],[-16.4783953,15.8540447],[-16.4782524,15.8537728],[-16.4785322,15.8534981],[-16.4786712,15.8532243],[-16.4788116,15.8531551],[-16.4789792,15.8529493],[-16.4790195,15.8526762],[-16.478994,15.8524035],[-16.4788042,15.852132],[-16.4785223,15.8521339],[-16.4783324,15.8518624],[-16.4782365,15.8515902],[-16.4779526,15.8513193],[-16.4779506,15.8510464],[-16.4773829,15.8505046],[-16.47724,15.8502328],[-16.477379,15.849959],[-16.477377,15.8496861],[-16.4776588,15.8496842],[-16.4779427,15.8499551],[-16.4778037,15.8502289],[-16.4779467,15.8505008],[-16.4779486,15.8507736],[-16.478232,15.8509763],[-16.4785138,15.8509744],[-16.4787954,15.8509315],[-16.4790766,15.8508341],[-16.479217,15.850765],[-16.479262,15.8504918],[-16.4789781,15.8502209],[-16.4788822,15.8499487],[-16.4790681,15.8496746],[-16.4790661,15.8494018],[-16.4784984,15.8488599],[-16.4782166,15.8488619],[-16.4783555,15.8485881],[-16.4783535,15.8483152],[-16.4782106,15.8480434],[-16.4779278,15.8479089],[-16.4777859,15.8477734],[-16.4777839,15.8475006],[-16.477641,15.8472287],[-16.477502,15.8475025],[-16.4773621,15.8476399],[-16.4770802,15.8476418],[-16.4767994,15.8477802],[-16.4770852,15.8483239]],[[-16.4770852,15.8483239],[-16.4773651,15.8480491],[-16.4773671,15.848322],[-16.4770852,15.8483239]],[[-16.4770852,15.8483239],[-16.4768073,15.8488715],[-16.4768093,15.8491443],[-16.4762496,15.8496938],[-16.4761576,15.8499673],[-16.4762535,15.8502395],[-16.4762555,15.8505123],[-16.4768212,15.8507813],[-16.4768232,15.8510541],[-16.477106,15.8511886],[-16.477248,15.8513241],[-16.4773909,15.851596],[-16.4768311,15.8521455],[-16.477115,15.8524164],[-16.477117,15.8526892],[-16.476978,15.852963],[-16.47698,15.8532358],[-16.4768401,15.8533732],[-16.4765592,15.8535115],[-16.4762803,15.8539227],[-16.4759994,15.854061],[-16.4762823,15.8541955],[-16.4765642,15.8541936],[-16.4771299,15.8544626],[-16.4772718,15.8545981],[-16.4772758,15.8551437],[-16.4771358,15.8552811],[-16.476853,15.8551466],[-16.476851,15.8548738],[-16.4765681,15.8547393],[-16.4762863,15.8547412],[-16.4760054,15.8548795],[-16.4757255,15.8551543],[-16.4757315,15.8559728],[-16.4760153,15.8562437],[-16.4757354,15.8565184],[-16.4754536,15.8565204],[-16.4751737,15.8567951],[-16.4751836,15.8581593],[-16.4754675,15.8584302]],[[-16.4754675,15.8584302],[-16.4757493,15.8584283],[-16.4760291997574,15.858153500238181]],[[-16.4760291997574,15.858153500238181],[-16.4760292,15.8581535],[-16.4760272,15.8578807],[-16.4760291997574,15.858153500238181]],[[-16.4760291997574,15.858153500238181],[-16.4760332,15.8586992],[-16.4757513,15.8587011],[-16.4754675,15.8584302]],[[-16.4754675,15.8584302],[-16.4749037,15.858434],[-16.474336,15.8578922],[-16.4740541,15.8578941],[-16.4737733,15.8580325],[-16.4734904,15.857898],[-16.4732085,15.8578999],[-16.4729287,15.8581746],[-16.4732125,15.8584455],[-16.4732145,15.8587184]],[[-16.4732145,15.8587184],[-16.4734973,15.8588529],[-16.4737792,15.8588509],[-16.4740621,15.8589854],[-16.474068,15.8598039],[-16.4737881,15.8600787],[-16.4735063,15.8600806],[-16.4732224,15.8598097],[-16.4733614,15.8595359],[-16.4733574,15.8589902],[-16.4732145,15.8587184]],[[-16.4732145,15.8587184],[-16.4723689,15.8587241],[-16.472089,15.8589989],[-16.4718071,15.8590008],[-16.4718032,15.8584551],[-16.4720831,15.8581804],[-16.4720811,15.8579075]],[[-16.4720811,15.8579075],[-16.4717972,15.8576366],[-16.472361,15.8576328],[-16.4720811,15.8579075]],[[-16.4720811,15.8579075],[-16.4723649,15.8581785],[-16.4729267,15.8579018],[-16.4730656,15.857628],[-16.4734855,15.8572159],[-16.4737663,15.8570775],[-16.4740462,15.8568028],[-16.4737624,15.8565319],[-16.4737604,15.856259],[-16.4740403,15.8559843],[-16.4737564,15.8557134],[-16.4734746,15.8557153],[-16.4729148,15.8562648],[-16.4729108,15.8557191],[-16.4723431,15.8551773],[-16.4723412,15.8549045],[-16.4729009,15.854355],[-16.4723332,15.8538131],[-16.4720514,15.8538151],[-16.4717675,15.8535441],[-16.4714877,15.8538189],[-16.4714896,15.8540917],[-16.4709259,15.8540956],[-16.4703661,15.854645],[-16.4709338,15.8551869],[-16.4714976,15.8551831],[-16.4717814,15.855454],[-16.4720633,15.8554521],[-16.4712236,15.8562763]],[[-16.4712236,15.8562763],[-16.4715074,15.8565472]],[[-16.4712236,15.8562763],[-16.4709398,15.8560054],[-16.4706539,15.8554616],[-16.4700863,15.8549198],[-16.4698044,15.8549217],[-16.4692426,15.8551984],[-16.4689647,15.8557459],[-16.4689687,15.8562916],[-16.4695364,15.8568334],[-16.4701001,15.8568296],[-16.4701021,15.8571024],[-16.4706678,15.8573715],[-16.4706698,15.8576443],[-16.4709556,15.858188],[-16.4706757,15.8584628],[-16.4708186,15.8587347],[-16.4706796,15.8590084],[-16.4709635,15.8592794],[-16.4709714,15.8603707],[-16.4706935,15.8609183],[-16.4701297,15.8609221],[-16.469568,15.8611988],[-16.4695699,15.8614716]],[[-16.4695699,15.8614716],[-16.4698538,15.8617425]],[[-16.4698538,15.8617425],[-16.4704175,15.8617387],[-16.4704195,15.8620115],[-16.4698558,15.8620153],[-16.4698538,15.8617425]],[[-16.4695699,15.8614716],[-16.4692881,15.8614735],[-16.4687204,15.8609317],[-16.4684405,15.8612064],[-16.4681566,15.8609355],[-16.4681547,15.8606627],[-16.4678708,15.8603917],[-16.4678688,15.8601189],[-16.4681487,15.8598442],[-16.4670134,15.8587605],[-16.4667315,15.8587624],[-16.4667295,15.8584895],[-16.4664457,15.8582186],[-16.4661648,15.8583569],[-16.4658829,15.8583589],[-16.465741,15.8582234],[-16.4655981,15.8579515],[-16.4655961,15.8576787],[-16.4653123,15.8574078],[-16.4641848,15.8574154],[-16.463625,15.8579649],[-16.463627,15.8582377],[-16.4637699,15.8585096],[-16.4632101,15.859059],[-16.4631651,15.8593322],[-16.463167,15.859605],[-16.4630741,15.8597421],[-16.4627932,15.8598804],[-16.4622294,15.8598842],[-16.4619495,15.8601589],[-16.4616676,15.8601608],[-16.4613848,15.8600263],[-16.4612429,15.8598909],[-16.4609571,15.8593471],[-16.4608151,15.8592116],[-16.4605333,15.8592135],[-16.4602524,15.8593519],[-16.4605382,15.8598956],[-16.460822,15.8601665],[-16.460826,15.8607122],[-16.4605441,15.8607141],[-16.4602616,15.8606251],[-16.4601213,15.860717],[-16.4598414,15.8609917],[-16.4597024,15.8612655]],[[-16.4597024,15.8612655],[-16.4599852,15.8614],[-16.4602691,15.8616709],[-16.4603405,15.8618069],[-16.460366,15.8620796],[-16.4605559,15.8623511],[-16.4609806,15.8626211],[-16.4610296,15.8628936],[-16.4608436,15.8631677],[-16.4607516,15.8634412],[-16.4607066,15.8637143],[-16.4605667,15.8638517],[-16.4602851,15.8638991],[-16.4600032,15.863901],[-16.459863,15.8639929],[-16.4598179,15.864266],[-16.4597259,15.8645395],[-16.4600098,15.8648104],[-16.4602917,15.8648085],[-16.4600118,15.8650833],[-16.4597279,15.8648123],[-16.459446,15.8648142],[-16.4591681,15.8653618],[-16.45917,15.8656346],[-16.4594539,15.8659056],[-16.4594558,15.8661784],[-16.459174,15.8661803],[-16.4588931,15.8663186],[-16.4587531,15.866456],[-16.4586141,15.8667298],[-16.4583332,15.8668681],[-16.4580504,15.8667336],[-16.4579075,15.8664617],[-16.4580464,15.8661879],[-16.4579505,15.8659157],[-16.4579016,15.8656432],[-16.4578957,15.8648247],[-16.4576119,15.8645537],[-16.457469,15.8642818],[-16.457467,15.864009],[-16.4577508,15.8642799],[-16.4580337,15.8644145],[-16.4583156,15.8644126],[-16.4585965,15.8642743],[-16.4588744,15.8637267],[-16.4591543,15.863452],[-16.4594362,15.8634501],[-16.4597171,15.8633117],[-16.459999,15.8633098],[-16.4602799,15.8631715],[-16.4603484,15.8628982],[-16.4599934,15.8625368],[-16.4597122,15.8626297],[-16.4594313,15.862768],[-16.4592894,15.8626325],[-16.4592404,15.86236],[-16.4592385,15.8620872],[-16.4593305,15.8618137],[-16.4595634,15.8615393],[-16.4597024,15.8612655]],[[-16.4597024,15.8612655],[-16.4594192,15.8610855],[-16.4591367,15.8609965],[-16.4588548,15.8609984],[-16.4585749,15.8612731],[-16.4582911,15.8610021],[-16.4580102,15.8611405],[-16.4574444,15.8608714],[-16.4571606,15.8606005],[-16.4568758,15.8601931],[-16.456592,15.8599222],[-16.4568719,15.8596475],[-16.456868,15.8591018],[-16.4571459,15.8585542],[-16.4562944,15.8577414],[-16.456575,15.8575576],[-16.4568582,15.8577376],[-16.457142,15.8580086],[-16.4574248,15.8581431],[-16.4575648,15.8580057],[-16.4575628,15.8577329],[-16.45742,15.857461],[-16.4576999,15.8571863],[-16.4576979,15.8569134],[-16.4576959,15.8566406],[-16.457553,15.8563687],[-16.4575491,15.8558231],[-16.4574062,15.8555512],[-16.4565606,15.8555569],[-16.4560008,15.8561063],[-16.4557229,15.8566539],[-16.4557248,15.8569267],[-16.4554449,15.8572014],[-16.4553529,15.8574749],[-16.4553079,15.8577481],[-16.4553118,15.8582937],[-16.4551728,15.8585675],[-16.4551767,15.8591132],[-16.4548968,15.8593879],[-16.4550397,15.8596598],[-16.4550886,15.8599323],[-16.4553255,15.8602036],[-16.4553275,15.8604764],[-16.4554703,15.8607483],[-16.4557542,15.8610192],[-16.4557561,15.8612921],[-16.4554782,15.8618396],[-16.4556211,15.8621115],[-16.455763,15.862247],[-16.4560458,15.8623815],[-16.4560478,15.8626543],[-16.4563336,15.8631981],[-16.4563395,15.8640166],[-16.4560615,15.8645642],[-16.4560635,15.864837],[-16.4557855,15.8653846],[-16.4557973,15.8670216],[-16.4552374,15.867571],[-16.4553803,15.8678429],[-16.4553823,15.8681157],[-16.4553372,15.8683889],[-16.4552452,15.8686624],[-16.4549673,15.8692099],[-16.4548753,15.8694834],[-16.4548772,15.8697562],[-16.4549731,15.8700284],[-16.4544113,15.870305],[-16.4541334,15.8708526],[-16.4541353,15.8711254],[-16.4538554,15.8714002],[-16.4532916,15.871404],[-16.4527317,15.8719534],[-16.4527337,15.8722262],[-16.4524557,15.8727738],[-16.4521758,15.8730485],[-16.4518978,15.8735961],[-16.451334,15.8735999],[-16.4510502,15.8733289]],[[-16.4510502,15.8733289],[-16.4504903,15.8738784],[-16.4504883,15.8736055],[-16.4507683,15.8733308],[-16.4510502,15.8733289]],[[-16.4510502,15.8733289],[-16.4513301,15.8730542],[-16.4514691,15.8727804],[-16.4513262,15.8725085],[-16.4513223,15.8719629],[-16.4516042,15.871961],[-16.4518822,15.8714134],[-16.4518782,15.8708677],[-16.4517353,15.8705959],[-16.4517334,15.870323],[-16.4518724,15.8700492],[-16.4519644,15.8697758],[-16.4518685,15.8695036],[-16.4521484,15.8692288],[-16.4521406,15.8681375],[-16.4518568,15.8678666],[-16.4517139,15.8675947],[-16.4517119,15.8673218],[-16.451569,15.86705],[-16.451847,15.8665024],[-16.4521269,15.8662277],[-16.4522659,15.8659539],[-16.452264,15.8656811],[-16.4524029,15.8654073],[-16.45226,15.8651354],[-16.4522561,15.8645897],[-16.4523951,15.8643159],[-16.4521123,15.8641814],[-16.4519704,15.8640459],[-16.4518289,15.8639787],[-16.4515469,15.8639578],[-16.4512652,15.8639825],[-16.4512187,15.864051],[-16.4511971,15.864324],[-16.4510816,15.8645976],[-16.4509192,15.8648715],[-16.4508976,15.8651445],[-16.450925,15.86569],[-16.4508847,15.8659632],[-16.4507195,15.86651],[-16.4507214,15.8667828],[-16.4508173,15.867055],[-16.4506333,15.8676019],[-16.4504473,15.867876],[-16.4501674,15.8681507],[-16.4501713,15.8686964],[-16.4500323,15.8689702],[-16.4500343,15.869243],[-16.4498953,15.8695168],[-16.4496153,15.8697915],[-16.4494294,15.8700656],[-16.4494783,15.8703381],[-16.4494841,15.8711566],[-16.4493451,15.8714304],[-16.4487853,15.8719799],[-16.4490711,15.8725236],[-16.4493549,15.8727946],[-16.4485121,15.8732095],[-16.4482332,15.8736206],[-16.4479532,15.8738954],[-16.4476723,15.8740337],[-16.4473924,15.8743084],[-16.4471114,15.8744467],[-16.4468315,15.8747214],[-16.4468334,15.8749942],[-16.4462716,15.8752708],[-16.4459917,15.8755456],[-16.4459936,15.8758184],[-16.4457137,15.8760931],[-16.4454318,15.876095],[-16.4451518,15.8763697],[-16.4449658,15.8766438],[-16.4445929,15.8770556],[-16.4443128,15.8773108],[-16.444032,15.8774686],[-16.443846,15.8777427],[-16.4437559,15.878289],[-16.4435323,15.8785633],[-16.4434769,15.8787001],[-16.443198,15.8791112],[-16.4431999,15.8793841],[-16.4430609,15.8796579],[-16.4429206,15.8797497],[-16.4427809,15.8799326],[-16.4424203,15.8807535],[-16.4423658,15.8810267],[-16.4420849,15.881165],[-16.442069601077662,15.88120277784433]],[[-16.440806815817055,15.879833107838587],[-16.4408057,15.8796729],[-16.4409447,15.8793991],[-16.4406589,15.8788553],[-16.440657,15.8785825],[-16.4403731,15.8783115],[-16.4400932,15.8785862],[-16.4399541,15.87886],[-16.4399307706753,15.878882912431836]]]}},{"type":"Feature","properties":{"elevation":5.0},"geometry":{"type":"LineString","coordinates":[[-16.5183777,15.8293489],[-16.5183787,15.8294853]]}},{"type":"Feature","properties":{"elevation":5.0},"geometry":{"type":"LineString","coordinates":[[-16.5161231,15.8293647],[-16.5161241,15.8295011],[-16.5159853,15.8297749],[-16.5159873,15.8300477],[-16.5158484,15.8303215],[-16.5158504,15.8305944],[-16.5161343,15.8308652],[-16.5164141,15.8305904],[-16.5164121,15.8303176],[-16.5166898,15.82977],[-16.5172535,15.829766],[-16.5175332,15.8294912],[-16.5175322,15.8293548]]}},{"type":"Feature","properties":{"elevation":5.0},"geometry":{"type":"LineString","coordinates":[[-16.5281036,15.8296899],[-16.5279627,15.8296908],[-16.5277635,15.8299651],[-16.527732,15.8302382],[-16.527686,15.8303749],[-16.5274032,15.8302405],[-16.527397,15.829422],[-16.5276768,15.8291472],[-16.5276737,15.8287379]]}},{"type":"Feature","properties":{"elevation":5.0},"geometry":{"type":"LineString","coordinates":[[-16.5280361,15.8287354],[-16.5279617,15.8295544],[-16.5281036,15.8296899]]}}]}