{"type":"FeatureCollection","name":"topo-courbes-niveau.geojson","features":[{"type":"Feature","properties":{"OBJECTID":7549,"Id":7549,"Contour":5.0,"Shape_Leng":0.00106422730719},"geometry":{"type":"MultiLineString","coordinates":[[[-16.483888888885303,15.94833333343297],[-16.483749999996405,15.948611111210766],[-16.483765310851005,15.948626422065379]],[[-16.484025739846775,15.948607035355803],[-16.483888888885303,15.94833333343297]]]}},{"type":"Feature","properties":{"OBJECTID":7550,"Id":7550,"Contour":5.0,"Shape_Leng":0.00776187681163},"geometry":{"type":"MultiLineString","coordinates":[[[-16.478611111106318,15.948472222321982],[-16.478611111106318,15.948864786720275]],[[-16.480999655983922,15.948832301397443],[-16.480833333329088,15.94833333343297],[-16.478611111106318,15.948472222321982]]]}},{"type":"Feature","properties":{"OBJECTID":7640,"Id":7640,"Contour":0.0,"Shape_Leng":0.00240340002077},"geometry":{"type":"LineString","coordinates":[[-16.490833333331295,15.947222222321557],[-16.491388888887002,15.94750000009941],[-16.490833333331295,15.948055555655117],[-16.490694444442283,15.947777777877263],[-16.490833333331295,15.947222222321557]]}},{"type":"Feature","properties":{"OBJECTID":7641,"Id":7641,"Contour":5.0,"Shape_Leng":0.00479634866601},"geometry":{"type":"LineString","coordinates":[[-16.48111111110694,15.946944444543703],[-16.480833333329088,15.948055555655117],[-16.481944444440387,15.948055555655117],[-16.48222222221824,15.947222222321557],[-16.48111111110694,15.946944444543703]]}},{"type":"Feature","properties":{"OBJECTID":7659,"Id":7659,"Contour":5.0,"Shape_Leng":0.0064418176083},"geometry":{"type":"LineString","coordinates":[[-16.485277777774456,15.94666666676585],[-16.483888888885303,15.94750000009941],[-16.483888888885303,15.948055555655117],[-16.485555555552367,15.948055555655117],[-16.485277777774456,15.94666666676585]]}},{"type":"Feature","properties":{"OBJECTID":7660,"Id":7660,"Contour":5.0,"Shape_Leng":0.00340770471296},"geometry":{"type":"LineString","coordinates":[[-16.482777777773947,15.946805555654862],[-16.482777777773947,15.94750000009941],[-16.48361111110745,15.94666666676585],[-16.483055555551687,15.94666666676585],[-16.482777777773947,15.946805555654862]]}},{"type":"Feature","properties":{"OBJECTID":7695,"Id":7695,"Contour":5.0,"Shape_Leng":0.00410519010281},"geometry":{"type":"LineString","coordinates":[[-16.493611111109658,15.946250000099212],[-16.492916666665053,15.946944444543703],[-16.493333333331805,15.94750000009941],[-16.494206347994066,15.94670635657161],[-16.493611111109658,15.946250000099212]]}},{"type":"Feature","properties":{"OBJECTID":7717,"Id":7717,"Contour":0.0,"Shape_Leng":0.00296806745396},"geometry":{"type":"LineString","coordinates":[[-16.477222222217165,15.9461111112102],[-16.47785714466869,15.946031748552912],[-16.47805555555061,15.946944444543703],[-16.4777777777727,15.946944444543703],[-16.477222222217165,15.9461111112102]]}},{"type":"Feature","properties":{"OBJECTID":7740,"Id":7740,"Contour":5.0,"Shape_Leng":0.00390026198625},"geometry":{"type":"LineString","coordinates":[[-16.48222222221824,15.945694444543506],[-16.481944444440387,15.945833333432518],[-16.48361111110745,15.9461111112102],[-16.48341270022553,15.945753970775058],[-16.48222222221824,15.945694444543506]]}},{"type":"Feature","properties":{"OBJECTID":7754,"Id":7754,"Contour":0.0,"Shape_Leng":0.00185943701507},"geometry":{"type":"MultiLineString","coordinates":[[[-16.50194444444486,15.945555555654664],[-16.50233333375769,15.94572221553966],[-16.502308369890745,15.94580959026432]],[[-16.501858942333776,15.945833441184982],[-16.50194444444486,15.945555555654664]]]}},{"type":"Feature","properties":{"OBJECTID":7769,"Id":7769,"Contour":5.0,"Shape_Leng":0.00103195572089},"geometry":{"type":"LineString","coordinates":[[-16.494444444443218,15.94523147592912],[-16.494166666665365,15.94527777787681],[-16.494444444443218,15.945555555654664],[-16.494506174722062,15.945339508155655],[-16.494444444443218,15.94523147592912]]}},{"type":"Feature","properties":{"OBJECTID":7770,"Id":7770,"Contour":5.0,"Shape_Leng":0.00246011916574},"geometry":{"type":"LineString","coordinates":[[-16.481666666662534,15.945000000098958],[-16.48138888888468,15.945555555654664],[-16.481944444440387,15.945833333432518],[-16.481944444440387,15.94527777787681],[-16.481666666662534,15.945000000098958]]}},{"type":"Feature","properties":{"OBJECTID":7791,"Id":7791,"Contour":0.0,"Shape_Leng":0.000555555555707},"geometry":{"type":"LineString","coordinates":[[-16.501388888889096,15.945000000098958],[-16.501388888889096,15.94527777787681]]}},{"type":"Feature","properties":{"OBJECTID":7792,"Id":7792,"Contour":0.0,"Shape_Leng":0.00381055305755},"geometry":{"type":"LineString","coordinates":[[-16.49722222222158,15.945000000098958],[-16.497777777777287,15.94527777787681],[-16.49638888888802,15.945833333432518],[-16.496296295589048,15.945462968713343],[-16.49722222222158,15.945000000098958]]}},{"type":"Feature","properties":{"OBJECTID":7793,"Id":7793,"Contour":5.0,"Shape_Leng":0.00284517796922},"geometry":{"type":"LineString","coordinates":[[-16.48777777777508,15.944722222321104],[-16.487499999997226,15.945000000098958],[-16.487499999997226,15.945555555654664],[-16.488333333330672,15.945000000098958],[-16.48777777777508,15.944722222321104]]}},{"type":"Feature","properties":{"OBJECTID":7794,"Id":7794,"Contour":5.0,"Shape_Leng":0.00223917329775},"geometry":{"type":"LineString","coordinates":[[-16.483888888885303,15.944722222321104],[-16.48361111110745,15.945000000098958],[-16.483888888885303,15.945416666765652],[-16.48444444444101,15.945000000098958],[-16.483888888885303,15.944722222321104]]}},{"type":"Feature","properties":{"OBJECTID":7795,"Id":7795,"Contour":5.0,"Shape_Leng":0.00353763199331},"geometry":{"type":"LineString","coordinates":[[-16.479166666662024,15.944861111209946],[-16.478611111106318,15.945833333432518],[-16.47888888888417,15.946250000099212],[-16.479444444439878,15.94527777787681],[-16.479166666662024,15.944861111209946]]}},{"type":"Feature","properties":{"OBJECTID":7831,"Id":7831,"Contour":5.0,"Shape_Leng":0.0019045636098},"geometry":{"type":"LineString","coordinates":[[-16.48138888888468,15.944166666765454],[-16.48111111110694,15.944722222321104],[-16.481666666662534,15.944722222321104],[-16.481666666662534,15.944444444543251],[-16.48138888888468,15.944166666765454]]}},{"type":"Feature","properties":{"OBJECTID":7848,"Id":7848,"Contour":5.0,"Shape_Leng":0.00289783449925},"geometry":{"type":"LineString","coordinates":[[-16.49249999999836,15.943888888987601],[-16.49249999999836,15.944444444543251],[-16.493425924511598,15.944537031484401],[-16.493179011873167,15.944043206207539],[-16.49249999999836,15.943888888987601]]}},{"type":"Feature","properties":{"OBJECTID":7849,"Id":7849,"Contour":5.0,"Shape_Leng":0.00125508799459},"geometry":{"type":"LineString","coordinates":[[-16.47999999999547,15.944027777876443],[-16.47972222221773,15.944166666765454],[-16.48027777777338,15.944166666765454],[-16.48011110941127,15.944055548872598],[-16.47999999999547,15.944027777876443]]}},{"type":"Feature","properties":{"OBJECTID":7875,"Id":7875,"Contour":5.0,"Shape_Leng":0.00171037805396},"geometry":{"type":"LineString","coordinates":[[-16.500277777777796,15.94379630204628],[-16.5,15.944166666765454],[-16.500555555555707,15.944166666765454],[-16.500555555555707,15.943888888987601],[-16.500277777777796,15.94379630204628]]}},{"type":"Feature","properties":{"OBJECTID":7900,"Id":7900,"Contour":5.0,"Shape_Leng":0.00487930486108},"geometry":{"type":"LineString","coordinates":[[-16.497499999999434,15.943055555654041],[-16.49722222222158,15.943055555654041],[-16.496666666665874,15.944444444543251],[-16.498055555555027,15.943611111209748],[-16.497499999999434,15.943055555654041]]}},{"type":"Feature","properties":{"OBJECTID":7901,"Id":7901,"Contour":5.0,"Shape_Leng":0.00205950376789},"geometry":{"type":"LineString","coordinates":[[-16.48222222221824,15.943055555654041],[-16.481944444440387,15.943055555654041],[-16.481944444440387,15.943611111209748],[-16.482499999996094,15.943611111209748],[-16.48222222221824,15.943055555654041]]}},{"type":"Feature","properties":{"OBJECTID":7902,"Id":7902,"Contour":0.0,"Shape_Leng":0.00308846733281},"geometry":{"type":"MultiLineString","coordinates":[[[-16.474722222216542,15.943333333431895],[-16.474629631036862,15.944166666765454],[-16.47447479095166,15.944259570533042]],[[-16.474318777937345,15.94360229628471],[-16.474722222216542,15.943333333431895]]]}},{"type":"Feature","properties":{"OBJECTID":7922,"Id":7922,"Contour":5.0,"Shape_Leng":0.00491501039619},"geometry":{"type":"LineString","coordinates":[[-16.484166666663157,15.942777777876188],[-16.483240742149746,15.943611111209748],[-16.48361111110745,15.944166666765454],[-16.48444444444101,15.943888888987601],[-16.484166666663157,15.942777777876188]]}},{"type":"Feature","properties":{"OBJECTID":7954,"Id":7954,"Contour":0.0,"Shape_Leng":0.00133337896618},"geometry":{"type":"LineString","coordinates":[[-16.475555555550102,15.942500000098335],[-16.475833333327955,15.942361111209323],[-16.475972222216853,15.942500000098335],[-16.475555555550102,15.942777777876188],[-16.475555555550102,15.942500000098335]]}},{"type":"Feature","properties":{"OBJECTID":8006,"Id":8006,"Contour":5.0,"Shape_Leng":0.00272288534012},"geometry":{"type":"LineString","coordinates":[[-16.51555555555899,15.941388888986978],[-16.515138888892125,15.94208333343147],[-16.515277777781137,15.942500000098335],[-16.515694444447888,15.942222222320481],[-16.51555555555899,15.941388888986978]]}},{"type":"Feature","properties":{"OBJECTID":8007,"Id":8007,"Contour":0.0,"Shape_Leng":0.000555555555707},"geometry":{"type":"LineString","coordinates":[[-16.47999999999547,15.941666666764831],[-16.47999999999547,15.941944444542685]]}},{"type":"Feature","properties":{"OBJECTID":8026,"Id":8026,"Contour":5.0,"Shape_Leng":0.00296696191554},"geometry":{"type":"LineString","coordinates":[[-16.514444444447577,15.941111111209125],[-16.514166666669837,15.941944444542685],[-16.515000000003283,15.941944444542685],[-16.51472222222543,15.941111111209125],[-16.514444444447577,15.941111111209125]]}},{"type":"Feature","properties":{"OBJECTID":8027,"Id":8027,"Contour":5.0,"Shape_Leng":0.000755795121855},"geometry":{"type":"LineString","coordinates":[[-16.494166666665365,15.941309526329519],[-16.493981480067305,15.941388888986978],[-16.494166666665365,15.94152777787599],[-16.4942521370769,15.941474355159926],[-16.494166666665365,15.941309526329519]]}},{"type":"Feature","properties":{"OBJECTID":8028,"Id":8028,"Contour":5.0,"Shape_Leng":0.00157807170323},"geometry":{"type":"LineString","coordinates":[[-16.483888888885303,15.941111111209125],[-16.48361111110745,15.941111111209125],[-16.483888888885303,15.941666666764831],[-16.48402777777426,15.941388888986978],[-16.483888888885303,15.941111111209125]]}},{"type":"Feature","properties":{"OBJECTID":8029,"Id":8029,"Contour":5.0,"Shape_Leng":0.00696227898723},"geometry":{"type":"LineString","coordinates":[[-16.47805555555061,15.941111111209125],[-16.477673611106127,15.942500000098335],[-16.47805555555061,15.943888888987601],[-16.478611111106318,15.941388888986978],[-16.47805555555061,15.941111111209125]]}},{"type":"Feature","properties":{"OBJECTID":8046,"Id":8046,"Contour":5.0,"Shape_Leng":0.00422793650817},"geometry":{"type":"LineString","coordinates":[[-16.49277777777604,15.940833333431272],[-16.492111112804707,15.941777784657631],[-16.493333333331805,15.942222222320481],[-16.493333333331805,15.941666666764831],[-16.49277777777604,15.940833333431272]]}},{"type":"Feature","properties":{"OBJECTID":8075,"Id":8075,"Contour":5.0,"Shape_Leng":0.00205950376789},"geometry":{"type":"LineString","coordinates":[[-16.496944444443727,15.940555555653418],[-16.496666666665874,15.940555555653418],[-16.496666666665874,15.941111111209125],[-16.49722222222158,15.940833333431272],[-16.496944444443727,15.940555555653418]]}},{"type":"Feature","properties":{"OBJECTID":8076,"Id":8076,"Contour":5.0,"Shape_Leng":0.00309123762767},"geometry":{"type":"LineString","coordinates":[[-16.47972222221773,15.940555555653418],[-16.479444444439878,15.941111111209125],[-16.480555555551234,15.941111111209125],[-16.48027777777338,15.940833333431272],[-16.47972222221773,15.940555555653418]]}},{"type":"Feature","properties":{"OBJECTID":8091,"Id":8091,"Contour":5.0,"Shape_Leng":0.00137937399817},"geometry":{"type":"LineString","coordinates":[[-16.5,15.940277777875565],[-16.49972222222209,15.940277777875565],[-16.5,15.94069444454243],[-16.500138888888785,15.940555555653418],[-16.5,15.940277777875565]]}},{"type":"Feature","properties":{"OBJECTID":8111,"Id":8111,"Contour":5.0,"Shape_Leng":0.00192101549944},"geometry":{"type":"LineString","coordinates":[[-16.493611111109658,15.940138888986723],[-16.493500001693974,15.940666673546275],[-16.49388888888751,15.940833333431272],[-16.49388888888751,15.940555555653418],[-16.493611111109658,15.940138888986723]]}},{"type":"Feature","properties":{"OBJECTID":8133,"Id":8133,"Contour":5.0,"Shape_Leng":0.00513352612246},"geometry":{"type":"LineString","coordinates":[[-16.513888888891984,15.939722222319915],[-16.513499999579153,15.940666673546275],[-16.51472222222543,15.941111111209125],[-16.51472222222543,15.939722222319915],[-16.513888888891984,15.939722222319915]]}},{"type":"Feature","properties":{"OBJECTID":8134,"Id":8134,"Contour":5.0,"Shape_Leng":0.00578585373792},"geometry":{"type":"LineString","coordinates":[[-16.481666666662534,15.939722222319915],[-16.48138888888468,15.940277777875565],[-16.48222222221824,15.941944444542685],[-16.482499999996094,15.940833333431272],[-16.481666666662534,15.939722222319915]]}},{"type":"Feature","properties":{"OBJECTID":8153,"Id":8153,"Contour":5.0,"Shape_Leng":0.0015942650931},"geometry":{"type":"LineString","coordinates":[[-16.492222222220505,15.939444444542062],[-16.49194444444265,15.939722222319915],[-16.492083333331493,15.939861111208927],[-16.49249999999836,15.939722222319915],[-16.492222222220505,15.939444444542062]]}},{"type":"Feature","properties":{"OBJECTID":8154,"Id":8154,"Contour":5.0,"Shape_Leng":0.00633232598338},"geometry":{"type":"LineString","coordinates":[[-16.48444444444101,15.939444444542062],[-16.484660491939906,15.940895063710286],[-16.485833333330163,15.940833333431272],[-16.486111111108016,15.939444444542062],[-16.48444444444101,15.939444444542062]]}},{"type":"Feature","properties":{"OBJECTID":8155,"Id":8155,"Contour":5.0,"Shape_Leng":0.00920303984268},"geometry":{"type":"MultiLineString","coordinates":[[[-16.47527777777225,15.939444444542062],[-16.4740953992536,15.941099774468258]],[[-16.474124280304817,15.941545816601481],[-16.474722222216542,15.941944444542685],[-16.475833333327955,15.941388888986978],[-16.47527777777225,15.940555555653418],[-16.47611111110581,15.940555555653418],[-16.47611111110581,15.939722222319915],[-16.47527777777225,15.939444444542062]]]}},{"type":"Feature","properties":{"OBJECTID":8176,"Id":8176,"Contour":5.0,"Shape_Leng":0.00176125807402},"geometry":{"type":"LineString","coordinates":[[-16.47972222221773,15.939166666764208],[-16.479444444439878,15.939166666764208],[-16.479444444439878,15.939722222319915],[-16.479833331633415,15.939555562434862],[-16.47972222221773,15.939166666764208]]}},{"type":"Feature","properties":{"OBJECTID":8198,"Id":8198,"Contour":5.0,"Shape_Leng":0.00176125984249},"geometry":{"type":"LineString","coordinates":[[-16.515000000003283,15.939027777875367],[-16.51472222222543,15.939166666764208],[-16.51472222222543,15.939444444542062],[-16.515277777781137,15.939444444542062],[-16.515000000003283,15.939027777875367]]}},{"type":"Feature","properties":{"OBJECTID":8237,"Id":8237,"Contour":0.0,"Shape_Leng":0.000555555555707},"geometry":{"type":"LineString","coordinates":[[-16.498055555555027,15.938611111208672],[-16.498055555555027,15.938888888986526]]}},{"type":"Feature","properties":{"OBJECTID":8238,"Id":8238,"Contour":5.0,"Shape_Leng":0.00555555555695},"geometry":{"type":"LineString","coordinates":[[-16.486111111108016,15.938333333430649],[-16.485833333330163,15.939166666764208],[-16.48694444444152,15.939722222319915],[-16.487222222219373,15.938611111208672],[-16.486111111108016,15.938333333430649]]}},{"type":"Feature","properties":{"OBJECTID":8253,"Id":8253,"Contour":5.0,"Shape_Leng":0.00142402301479},"geometry":{"type":"LineString","coordinates":[[-16.496944444443727,15.938055555652795],[-16.496666666665874,15.938333333430649],[-16.496944444443727,15.93847222231966],[-16.49722222222158,15.938333333430649],[-16.496944444443727,15.938055555652795]]}},{"type":"Feature","properties":{"OBJECTID":8254,"Id":8254,"Contour":5.0,"Shape_Leng":0.00236644570978},"geometry":{"type":"LineString","coordinates":[[-16.49277777777604,15.938055555652795],[-16.49249999999836,15.938055555652795],[-16.49277777777604,15.938888888986526],[-16.49311111026185,15.938388892377247],[-16.49277777777604,15.938055555652795]]}},{"type":"Feature","properties":{"OBJECTID":8255,"Id":8255,"Contour":10.0,"Shape_Leng":0.00178303804747},"geometry":{"type":"LineString","coordinates":[[-16.48138888888468,15.938055555652795],[-16.48124999999584,15.938333333430649],[-16.48138888888468,15.938680555653036],[-16.481722221370376,15.938333333430649],[-16.48138888888468,15.938055555652795]]}},{"type":"Feature","properties":{"OBJECTID":8272,"Id":8272,"Contour":5.0,"Shape_Leng":0.00226150465168},"geometry":{"type":"LineString","coordinates":[[-16.49194444444265,15.937916666763954],[-16.491882714163808,15.938395063709663],[-16.49249999999836,15.938333333430649],[-16.492361111109346,15.937916666763954],[-16.49194444444265,15.937916666763954]]}},{"type":"Feature","properties":{"OBJECTID":8299,"Id":8299,"Contour":5.0,"Shape_Leng":0.00113653666704},"geometry":{"type":"LineString","coordinates":[[-16.51138888889136,15.937500000097316],[-16.51134259330155,15.93777777787517],[-16.51138888889136,15.937916666763954],[-16.511666666669214,15.93777777787517],[-16.51138888889136,15.937500000097316]]}},{"type":"Feature","properties":{"OBJECTID":8300,"Id":8300,"Contour":5.0,"Shape_Leng":0.000793978017422},"geometry":{"type":"LineString","coordinates":[[-16.493333333331805,15.93772221892874],[-16.493263888887384,15.937708333430635],[-16.49305555555395,15.93777777787517],[-16.493425924511598,15.93777777787517],[-16.493333333331805,15.93772221892874]]}},{"type":"Feature","properties":{"OBJECTID":8301,"Id":8301,"Contour":5.0,"Shape_Leng":0.00570486048704},"geometry":{"type":"LineString","coordinates":[[-16.474999999994395,15.937500000097316],[-16.47416666666095,15.938333333430649],[-16.47416666666095,15.939166666764208],[-16.475555555550102,15.939166666764208],[-16.474999999994395,15.937500000097316]]}},{"type":"Feature","properties":{"OBJECTID":8314,"Id":8314,"Contour":0.0,"Shape_Leng":0.00166666666644},"geometry":{"type":"MultiLineString","coordinates":[[[-16.497777777777287,15.937500000097316],[-16.497777777777287,15.93777777787517]],[[-16.497777777777287,15.93777777787517],[-16.498055555555027,15.938055555652795],[-16.498055555555027,15.93777777787517],[-16.497777777777287,15.93777777787517]]]}},{"type":"Feature","properties":{"OBJECTID":8331,"Id":8331,"Contour":5.0,"Shape_Leng":0.00368523460308},"geometry":{"type":"LineString","coordinates":[[-16.484999999996603,15.93694444454161],[-16.48472222221875,15.93777777787517],[-16.485833333330163,15.93777777787517],[-16.485833333330163,15.93694444454161],[-16.484999999996603,15.93694444454161]]}},{"type":"Feature","properties":{"OBJECTID":8332,"Id":8332,"Contour":5.0,"Shape_Leng":0.00439504737466},"geometry":{"type":"LineString","coordinates":[[-16.483888888885303,15.93694444454161],[-16.483333333329597,15.937500000097316],[-16.48361111110745,15.938333333430649],[-16.48444444444101,15.93777777787517],[-16.483888888885303,15.93694444454161]]}},{"type":"Feature","properties":{"OBJECTID":8355,"Id":8355,"Contour":5.0,"Shape_Leng":0.00650636082796},"geometry":{"type":"LineString","coordinates":[[-16.515138888892125,15.936805555652597],[-16.51375000000297,15.93847222231966],[-16.513888888891984,15.939722222319915],[-16.515277777781137,15.938194444541807]]}},{"type":"Feature","properties":{"OBJECTID":8388,"Id":8388,"Contour":0.0,"Shape_Leng":0.00190456302234},"geometry":{"type":"LineString","coordinates":[[-16.49861111111079,15.936388888985903],[-16.498888888888644,15.936388888985903],[-16.499166666666497,15.93694444454161],[-16.498888888888644,15.93694444454161],[-16.49861111111079,15.936388888985903]]}},{"type":"Feature","properties":{"OBJECTID":8389,"Id":8389,"Contour":5.0,"Shape_Leng":0.00371919753381},"geometry":{"type":"LineString","coordinates":[[-16.492222222220505,15.93611111120805],[-16.49194444444265,15.93694444454161],[-16.49277777777604,15.937222222319463],[-16.49277777777604,15.93611111120805],[-16.492222222220505,15.93611111120805]]}},{"type":"Feature","properties":{"OBJECTID":8390,"Id":8390,"Contour":5.0,"Shape_Leng":0.00405760673938},"geometry":{"type":"LineString","coordinates":[[-16.48444444444101,15.93611111120805],[-16.483888888885303,15.936388888985903],[-16.483888888885303,15.93694444454161],[-16.485138888885444,15.936805555652597],[-16.48444444444101,15.93611111120805]]}},{"type":"Feature","properties":{"OBJECTID":8391,"Id":8391,"Contour":5.0,"Shape_Leng":0.00355248722967},"geometry":{"type":"LineString","coordinates":[[-16.475555555550102,15.93625000009689],[-16.47488889057871,15.936833326648753],[-16.474999999994395,15.937500000097316],[-16.475833333327955,15.936666666763756],[-16.475555555550102,15.93625000009689]]}},{"type":"Feature","properties":{"OBJECTID":8414,"Id":8414,"Contour":5.0,"Shape_Leng":0.00160306735556},"geometry":{"type":"LineString","coordinates":[[-16.482499999996094,15.935925920371346],[-16.48222222221824,15.93611111120805],[-16.48222222221824,15.936388888985903],[-16.482777777773947,15.93611111120805],[-16.482499999996094,15.935925920371346]]}},{"type":"Feature","properties":{"OBJECTID":8415,"Id":8415,"Contour":5.0,"Shape_Leng":0.0135236905599},"geometry":{"type":"LineString","coordinates":[[-16.48138888888468,15.935833333430196],[-16.47972222221773,15.93694444454161],[-16.47972222221773,15.938055555652795],[-16.480833333329088,15.93777777787517],[-16.480833333329088,15.938888888986526],[-16.481666666662534,15.939166666764208],[-16.483055555551687,15.93777777787517],[-16.48138888888468,15.935833333430196]]}},{"type":"Feature","properties":{"OBJECTID":8416,"Id":8416,"Contour":0.0,"Shape_Leng":0.0383333333416},"geometry":{"type":"MultiLineString","coordinates":[[[-16.478333333328465,15.93611111120805],[-16.478611111106318,15.937222222319463],[-16.47749999999502,15.941388888986978],[-16.4777777777727,15.944444444543251],[-16.4766666666614,15.945555555654664],[-16.47694444443931,15.94750000009941],[-16.477922667689377,15.948869512649573]],[[-16.47519581484916,15.946379796535084],[-16.474722222216542,15.944722222321104],[-16.4766666666614,15.942500000098335],[-16.477222222217165,15.938055555652795],[-16.478333333328465,15.93611111120805]]]}},{"type":"Feature","properties":{"OBJECTID":8437,"Id":8437,"Contour":5.0,"Shape_Leng":0.00176125807396},"geometry":{"type":"LineString","coordinates":[[-16.49277777777604,15.9355555556524],[-16.4926388888872,15.935972222319037],[-16.49305555555395,15.93611111120805],[-16.49305555555395,15.9355555556524],[-16.49277777777604,15.9355555556524]]}},{"type":"Feature","properties":{"OBJECTID":8456,"Id":8456,"Contour":5.0,"Shape_Leng":0.00280424213728},"geometry":{"type":"LineString","coordinates":[[-16.486111111108016,15.935277777874546],[-16.485833333330163,15.935833333430196],[-16.485833333330163,15.93611111120805],[-16.486666666663666,15.9355555556524],[-16.486111111108016,15.935277777874546]]}},{"type":"Feature","properties":{"OBJECTID":8481,"Id":8481,"Contour":5.0,"Shape_Leng":0.00173533094252},"geometry":{"type":"LineString","coordinates":[[-16.497777777777287,15.935231475926855],[-16.498055555555027,15.9355555556524],[-16.498333333332937,15.935277777874546],[-16.498055555555027,15.935000000096693],[-16.497777777777287,15.935231475926855]]}},{"type":"Feature","properties":{"OBJECTID":8482,"Id":8482,"Contour":5.0,"Shape_Leng":0.00139227625056},"geometry":{"type":"LineString","coordinates":[[-16.478333333328465,15.935138888985534],[-16.47822222391278,15.935388895767346],[-16.478611111106318,15.9355555556524],[-16.478611111106318,15.935277777874546],[-16.478333333328465,15.935138888985534]]}},{"type":"Feature","properties":{"OBJECTID":8498,"Id":8498,"Contour":5.0,"Shape_Leng":0.002133628582},"geometry":{"type":"LineString","coordinates":[[-16.514166666669837,15.93472222231884],[-16.514055555134746,15.93511111798955],[-16.514444444447577,15.935277777874546],[-16.51472222222543,15.93472222231884],[-16.514166666669837,15.93472222231884]]}},{"type":"Feature","properties":{"OBJECTID":8514,"Id":8514,"Contour":5.0,"Shape_Leng":0.000823735612693},"geometry":{"type":"LineString","coordinates":[[-16.500277777777796,15.934675920371149],[-16.500208333333376,15.934652777874305],[-16.5,15.93472222231884],[-16.500277777777796,15.934861111207852],[-16.500277777777796,15.934675920371149]]}},{"type":"Feature","properties":{"OBJECTID":8515,"Id":8515,"Contour":5.0,"Shape_Leng":0.00244644934444},"geometry":{"type":"LineString","coordinates":[[-16.483333333329597,15.934444444540986],[-16.483232324384574,15.935101013280303],[-16.483888888885303,15.935000000096693],[-16.483888888885303,15.93472222231884],[-16.483333333329597,15.934444444540986]]}},{"type":"Feature","properties":{"OBJECTID":8516,"Id":8516,"Contour":0.0,"Shape_Leng":0.00166666666712},"geometry":{"type":"LineString","coordinates":[[-16.482499999996094,15.93472222231884],[-16.482499999996094,15.935000000096693],[-16.482777777773947,15.935277777874546],[-16.482777777773947,15.935000000096693],[-16.482499999996094,15.93472222231884]]}},{"type":"Feature","properties":{"OBJECTID":8517,"Id":8517,"Contour":5.0,"Shape_Leng":0.00262283762082},"geometry":{"type":"LineString","coordinates":[[-16.47694444443931,15.934444444540986],[-16.4766666666614,15.935000000096693],[-16.477222222217165,15.935277777874546],[-16.477222222217165,15.934444444540986],[-16.47694444443931,15.934444444540986]]}},{"type":"Feature","properties":{"OBJECTID":8535,"Id":8535,"Contour":5.0,"Shape_Leng":0.00173651740039},"geometry":{"type":"LineString","coordinates":[[-16.49972222222209,15.934305555652145],[-16.499444444444237,15.934444444540986],[-16.499444444444237,15.93472222231884],[-16.5,15.93472222231884],[-16.49972222222209,15.934305555652145]]}},{"type":"Feature","properties":{"OBJECTID":8550,"Id":8550,"Contour":5.0,"Shape_Leng":0.00937175740188},"geometry":{"type":"LineString","coordinates":[[-16.48111111110694,15.93388888898528],[-16.479583333328776,15.935000000096693],[-16.48027777777338,15.936666666763756],[-16.481666666662534,15.935000000096693],[-16.48111111110694,15.93388888898528]]}},{"type":"Feature","properties":{"OBJECTID":8572,"Id":8572,"Contour":5.0,"Shape_Leng":0.00411900753567},"geometry":{"type":"LineString","coordinates":[[-16.485277777774456,15.93333333342963],[-16.484999999996603,15.934166666763133],[-16.485833333330163,15.93472222231884],[-16.485833333330163,15.933611111207426],[-16.485277777774456,15.93333333342963]]}},{"type":"Feature","properties":{"OBJECTID":8596,"Id":8596,"Contour":5.0,"Shape_Leng":0.00101421286379},"geometry":{"type":"LineString","coordinates":[[-16.50527777777893,15.933194444540788],[-16.50513888889003,15.933194444540788],[-16.505000000001075,15.93333333342963],[-16.50527777777893,15.933425920370894],[-16.50527777777893,15.933194444540788]]}},{"type":"Feature","properties":{"OBJECTID":8657,"Id":8657,"Contour":0.0,"Shape_Leng":0.00222222222294},"geometry":{"type":"MultiLineString","coordinates":[[[-16.49194444444265,15.93250000009607],[-16.492222222220505,15.933055555651777],[-16.49194444444265,15.933055555651777]],[[-16.49194444444265,15.933055555651777],[-16.49166666666474,15.933055555651777]],[[-16.49194444444265,15.933055555651777],[-16.49194444444265,15.932777777873923],[-16.49194444444265,15.93250000009607]]]}},{"type":"Feature","properties":{"OBJECTID":8675,"Id":8675,"Contour":5.0,"Shape_Leng":0.00137452863815},"geometry":{"type":"LineString","coordinates":[[-16.497777777777287,15.932118055651642],[-16.497777777777287,15.932430555651763],[-16.49819444444404,15.932222222318387],[-16.498055555555027,15.932083333429375],[-16.497777777777287,15.932118055651642]]}},{"type":"Feature","properties":{"OBJECTID":8676,"Id":8676,"Contour":0.0,"Shape_Leng":0.00166666666678},"geometry":{"type":"MultiLineString","coordinates":[[[-16.487222222219373,15.932222222318387],[-16.487222222219373,15.93250000009607]],[[-16.487222222219373,15.93250000009607],[-16.487222222219373,15.932777777873923]],[[-16.487222222219373,15.932777777873923],[-16.48694444444152,15.932777777873923]]]}},{"type":"Feature","properties":{"OBJECTID":8677,"Id":8677,"Contour":0.0,"Shape_Leng":0.00196394432369},"geometry":{"type":"LineString","coordinates":[[-16.483055555551687,15.932083333429375],[-16.483388888037496,15.932166663371788],[-16.483333333329597,15.932777777873923],[-16.482986111107266,15.932569444540547],[-16.483055555551687,15.932083333429375]]}},{"type":"Feature","properties":{"OBJECTID":8693,"Id":8693,"Contour":5.0,"Shape_Leng":0.00173406685823},"geometry":{"type":"LineString","coordinates":[[-16.504444444445312,15.93166666676251],[-16.504166666667572,15.931944444540363],[-16.504722222223222,15.932222222318387],[-16.504722222223222,15.931944444540363],[-16.504444444445312,15.93166666676251]]}},{"type":"Feature","properties":{"OBJECTID":8694,"Id":8694,"Contour":5.0,"Shape_Leng":0.00188658315691},"geometry":{"type":"LineString","coordinates":[[-16.483888888885303,15.931805555651522],[-16.483888888885303,15.93250000009607],[-16.484166666663157,15.93250000009607],[-16.484166666663157,15.931944444540363],[-16.483888888885303,15.931805555651522]]}},{"type":"Feature","properties":{"OBJECTID":8714,"Id":8714,"Contour":0.0,"Shape_Leng":0.150000000034},"geometry":{"type":"MultiLineString","coordinates":[[[-16.498055555555027,15.931388888984657],[-16.49722222222158,15.932777777873923],[-16.497777777777287,15.935000000096693],[-16.496944444443727,15.935833333430196],[-16.49722222222158,15.937222222319463],[-16.49638888888802,15.93777777787517],[-16.496666666665874,15.939166666764208],[-16.495555555554574,15.942777777876188],[-16.496272697065844,15.947319674114617]],[[-16.50487215818256,15.94567353115936],[-16.503888888889776,15.944444444543251],[-16.504722222223222,15.942500000098335],[-16.504444444445312,15.941388888986978],[-16.501666666667006,15.940277777875565],[-16.50194444444486,15.941388888986978],[-16.501111111111356,15.941666666764831],[-16.501388888889096,15.943333333431895],[-16.500833333333503,15.943611111209748],[-16.500555555555707,15.934444444540986],[-16.49972222222209,15.932222222318387],[-16.498055555555027,15.931388888984657]]]}},{"type":"Feature","properties":{"OBJECTID":8715,"Id":8715,"Contour":5.0,"Shape_Leng":0.159859465824},"geometry":{"type":"LineString","coordinates":[[-16.474224371589344,15.943091637414243],[-16.47430555554979,15.943055555654041],[-16.474216811546967,15.942974879287833]]}},{"type":"Feature","properties":{"OBJECTID":8731,"Id":8731,"Contour":5.0,"Shape_Leng":0.003892276251},"geometry":{"type":"LineString","coordinates":[[-16.474917867685818,15.93178613509237],[-16.47509259117419,15.93175925370383],[-16.475017513502817,15.931233706567491]]}},{"type":"Feature","properties":{"OBJECTID":8746,"Id":8746,"Contour":0.0,"Shape_Leng":0.000555555555707},"geometry":{"type":"LineString","coordinates":[[-16.488333333330672,15.93111111120686],[-16.488611111108526,15.93111111120686]]}},{"type":"Feature","properties":{"OBJECTID":8786,"Id":8786,"Contour":0.0,"Shape_Leng":0.00209638594775},"geometry":{"type":"LineString","coordinates":[[-16.4777777777727,15.930555555651324],[-16.478333333328465,15.930555555651324],[-16.478333333328465,15.930833333429177],[-16.4777777777727,15.93111111120686],[-16.4777777777727,15.930555555651324]]}},{"type":"Feature","properties":{"OBJECTID":8807,"Id":8807,"Contour":5.0,"Shape_Leng":0.00406216138006},"geometry":{"type":"LineString","coordinates":[[-16.50527777777893,15.930000000095617],[-16.505000000001075,15.930833333429177],[-16.50638888889023,15.930833333429177],[-16.505555555556782,15.930000000095617],[-16.50527777777893,15.930000000095617]]}},{"type":"Feature","properties":{"OBJECTID":8808,"Id":8808,"Contour":0.0,"Shape_Leng":0.00300789642424},"geometry":{"type":"LineString","coordinates":[[-16.491388888887002,15.93027777787347],[-16.49249999999836,15.93027777787347],[-16.49249999999836,15.930555555651324],[-16.492222222220505,15.930833333429177],[-16.491388888887002,15.93027777787347]]}},{"type":"Feature","properties":{"OBJECTID":8827,"Id":8827,"Contour":5.0,"Shape_Leng":0.0166456945198},"geometry":{"type":"LineString","coordinates":[[-16.483333333329597,15.929861111206606],[-16.482777777773947,15.93111111120686],[-16.481666666662534,15.930555555651324],[-16.48138888888468,15.93166666676251],[-16.480833333329088,15.931388888984657],[-16.48111111110694,15.93388888898528],[-16.481944444440387,15.933611111207426],[-16.482499999996094,15.931388888984657],[-16.484555553856694,15.930944451321807],[-16.48472222221875,15.930000000095617],[-16.483333333329597,15.929861111206606]]}},{"type":"Feature","properties":{"OBJECTID":8878,"Id":8878,"Contour":5.0,"Shape_Leng":0.00213362858204},"geometry":{"type":"LineString","coordinates":[[-16.504444444445312,15.929166666762114],[-16.504444444445312,15.929722222317764],[-16.505000000001075,15.92944444453991],[-16.505000000001075,15.929166666762114],[-16.504444444445312,15.929166666762114]]}},{"type":"Feature","properties":{"OBJECTID":8894,"Id":8894,"Contour":0.0,"Shape_Leng":0.223333333384},"geometry":{"type":"LineString","coordinates":[[-16.512223540386163,15.944016573505854],[-16.512500000002774,15.941666666764831],[-16.511111111113507,15.938333333430649],[-16.511111111113507,15.935000000096693],[-16.511666666669214,15.930833333429177],[-16.512777777780627,15.928888888984261]]}},{"type":"Feature","properties":{"OBJECTID":8895,"Id":8895,"Contour":5.0,"Shape_Leng":0.00173406685792},"geometry":{"type":"LineString","coordinates":[[-16.490833333331295,15.928888888984261],[-16.490555555553442,15.929166666762114],[-16.490833333331295,15.92944444453991],[-16.49111111110915,15.929166666762114],[-16.490833333331295,15.928888888984261]]}},{"type":"Feature","properties":{"OBJECTID":8896,"Id":8896,"Contour":0.0,"Shape_Leng":0.00186419207955},"geometry":{"type":"LineString","coordinates":[[-16.48361111110745,15.929027777873102],[-16.484166666663157,15.929166666762114],[-16.484166666663157,15.92944444453991],[-16.483518519927657,15.929259253703208],[-16.48361111110745,15.929027777873102]]}},{"type":"Feature","properties":{"OBJECTID":8910,"Id":8910,"Contour":5.0,"Shape_Leng":0.00115700269709},"geometry":{"type":"LineString","coordinates":[[-16.491388888887002,15.928611111206408],[-16.49111111110915,15.928888888984261],[-16.491249999998047,15.929027777873102],[-16.49142857021559,15.928928578790021],[-16.491388888887002,15.928611111206408]]}},{"type":"Feature","properties":{"OBJECTID":8929,"Id":8929,"Contour":0.0,"Shape_Leng":0.00134143668669},"geometry":{"type":"LineString","coordinates":[[-16.4766666666614,15.928611111206408],[-16.47685185325946,15.928518524265257],[-16.477083333328267,15.928611111206408],[-16.47694444443931,15.928888888984261],[-16.4766666666614,15.928611111206408]]}},{"type":"Feature","properties":{"OBJECTID":8945,"Id":8945,"Contour":5.0,"Shape_Leng":0.00391535324896},"geometry":{"type":"LineString","coordinates":[[-16.485277777774456,15.928055555650701],[-16.48472222221875,15.928888888984261],[-16.485555555552367,15.929166666762114],[-16.485833333330163,15.928055555650701],[-16.485277777774456,15.928055555650701]]}},{"type":"Feature","properties":{"OBJECTID":8956,"Id":8956,"Contour":5.0,"Shape_Leng":0.00300789642423},"geometry":{"type":"LineString","coordinates":[[-16.504444444445312,15.927777777872848],[-16.504166666667572,15.928333333428554],[-16.504722222223222,15.928611111206408],[-16.505000000001075,15.927777777872848],[-16.504444444445312,15.927777777872848]]}},{"type":"Feature","properties":{"OBJECTID":8957,"Id":8957,"Contour":0.0,"Shape_Leng":0.00111111111141},"geometry":{"type":"LineString","coordinates":[[-16.49027777777559,15.928055555650701],[-16.490555555553442,15.928055555650701],[-16.49027777777559,15.928333333428554],[-16.49027777777559,15.928055555650701]]}},{"type":"Feature","properties":{"OBJECTID":8958,"Id":8958,"Contour":5.0,"Shape_Leng":0.00103085874592},"geometry":{"type":"LineString","coordinates":[[-16.484166666663157,15.92791666676186],[-16.48405555724736,15.927944437757844],[-16.483888888885303,15.928055555650701],[-16.484166666663157,15.928194444539713],[-16.484166666663157,15.92791666676186]]}},{"type":"Feature","properties":{"OBJECTID":8991,"Id":8991,"Contour":5.0,"Shape_Leng":0.0031653751762},"geometry":{"type":"LineString","coordinates":[[-16.50527777777893,15.927222222317141],[-16.505000000001075,15.928055555650701],[-16.505555555556782,15.928194444539713],[-16.505833333334635,15.927500000094994],[-16.50527777777893,15.927222222317141]]}},{"type":"Feature","properties":{"OBJECTID":8992,"Id":8992,"Contour":5.0,"Shape_Leng":0.00226993277733},"geometry":{"type":"LineString","coordinates":[[-16.489166666664232,15.927361111205983],[-16.488611111108526,15.927500000094994],[-16.488888888886436,15.928055555650701],[-16.48930555555313,15.927777777872848],[-16.489166666664232,15.927361111205983]]}},{"type":"Feature","properties":{"OBJECTID":8993,"Id":8993,"Contour":5.0,"Shape_Leng":0.00261505932346},"geometry":{"type":"LineString","coordinates":[[-16.486111111108016,15.927222222317141],[-16.485833333330163,15.927777777872848],[-16.486666666663666,15.927777777872848],[-16.486666666663666,15.927500000094994],[-16.486111111108016,15.927222222317141]]}},{"type":"Feature","properties":{"OBJECTID":8994,"Id":8994,"Contour":5.0,"Shape_Leng":0.00139033893722},"geometry":{"type":"LineString","coordinates":[[-16.483333333329597,15.927361111205983],[-16.483222223913913,15.927611117987851],[-16.48361111110745,15.927777777872848],[-16.48361111110745,15.927500000094994],[-16.483333333329597,15.927361111205983]]}},{"type":"Feature","properties":{"OBJECTID":8995,"Id":8995,"Contour":0.0,"Shape_Leng":0.000810119624786},"geometry":{"type":"LineString","coordinates":[[-16.477222222217165,15.927361111205983],[-16.477361111106006,15.927500000094994],[-16.477222222217165,15.927638888983836],[-16.477083333328267,15.927500000094994],[-16.477222222217165,15.927361111205983]]}},{"type":"Feature","properties":{"OBJECTID":9009,"Id":9009,"Contour":0.0,"Shape_Leng":0.00268402302549},"geometry":{"type":"LineString","coordinates":[[-16.50666666666808,15.927222222317141],[-16.507083333334833,15.927222222317141],[-16.506944444445992,15.928055555650701],[-16.50638888889023,15.927777777872848],[-16.50666666666808,15.927222222317141]]}},{"type":"Feature","properties":{"OBJECTID":9010,"Id":9010,"Contour":5.0,"Shape_Leng":0.00205950376779},"geometry":{"type":"LineString","coordinates":[[-16.487499999997226,15.926944444539345],[-16.487222222219373,15.927222222317141],[-16.487222222219373,15.927500000094994],[-16.48777777777508,15.927500000094994],[-16.487499999997226,15.926944444539345]]}},{"type":"Feature","properties":{"OBJECTID":9026,"Id":9026,"Contour":0.0,"Shape_Leng":0.0011111111113},"geometry":{"type":"LineString","coordinates":[[-16.483888888885303,15.926944444539345],[-16.484166666663157,15.926944444539345],[-16.484166666663157,15.927222222317141],[-16.483888888885303,15.927222222317141],[-16.483888888885303,15.926944444539345]]}},{"type":"Feature","properties":{"OBJECTID":9027,"Id":9027,"Contour":5.0,"Shape_Leng":0.000555555555707},"geometry":{"type":"LineString","coordinates":[[-16.48138888888468,15.926944444539345],[-16.481666666662534,15.926944444539345]]}},{"type":"Feature","properties":{"OBJECTID":9046,"Id":9046,"Contour":5.0,"Shape_Leng":0.00104376234281},"geometry":{"type":"LineString","coordinates":[[-16.483055555551687,15.92652777787265],[-16.48294444613606,15.926555548868635],[-16.482777777773947,15.926666666761491],[-16.483055555551687,15.926805555650503],[-16.483055555551687,15.92652777787265]]}},{"type":"Feature","properties":{"OBJECTID":9067,"Id":9067,"Contour":5.0,"Shape_Leng":0.00261505932359},"geometry":{"type":"LineString","coordinates":[[-16.505000000001075,15.926111111205785],[-16.504722222223222,15.926388888983638],[-16.504722222223222,15.926944444539345],[-16.50527777777893,15.926944444539345],[-16.505000000001075,15.926111111205785]]}},{"type":"Feature","properties":{"OBJECTID":9068,"Id":9068,"Contour":0.0,"Shape_Leng":0.00222222222271},"geometry":{"type":"MultiLineString","coordinates":[[[-16.47611111110581,15.926388888983638],[-16.47611111110581,15.926666666761491]],[[-16.47611111110581,15.926666666761491],[-16.47611111110581,15.926944444539345]],[[-16.47611111110581,15.926944444539345],[-16.47611111110581,15.927222222317141],[-16.475833333327955,15.927222222317141],[-16.475833333327955,15.926944444539345],[-16.47611111110581,15.926944444539345]]]}},{"type":"Feature","properties":{"OBJECTID":9080,"Id":9080,"Contour":5.0,"Shape_Leng":0.00201170553729},"geometry":{"type":"LineString","coordinates":[[-16.50194444444486,15.926018524264634],[-16.501666666667006,15.926111111205785],[-16.50194444444486,15.92652777787265],[-16.502361111111554,15.926111111205785],[-16.50194444444486,15.926018524264634]]}},{"type":"Feature","properties":{"OBJECTID":9131,"Id":9131,"Contour":5.0,"Shape_Leng":0.00418080719331},"geometry":{"type":"LineString","coordinates":[[-16.50611111111249,15.925000000094371],[-16.505972222223534,15.926388888983638],[-16.50638888889023,15.92652777787265],[-16.50666666666808,15.925833333427931],[-16.50611111111249,15.925000000094371]]}},{"type":"Feature","properties":{"OBJECTID":9132,"Id":9132,"Contour":5.0,"Shape_Leng":0.00268245951424},"geometry":{"type":"LineString","coordinates":[[-16.500833333333503,15.925000000094371],[-16.500555555555707,15.925555555650078],[-16.501111111111356,15.925833333427931],[-16.501388888889096,15.925277777872225],[-16.500833333333503,15.925000000094371]]}},{"type":"Feature","properties":{"OBJECTID":9152,"Id":9152,"Contour":0.0,"Shape_Leng":0.000961056742113},"geometry":{"type":"LineString","coordinates":[[-16.487499999997226,15.925000000094371],[-16.487638888886124,15.925277777872225],[-16.487499999997226,15.925370364813546],[-16.487361111108214,15.925277777872225],[-16.487499999997226,15.925000000094371]]}},{"type":"Feature","properties":{"OBJECTID":9153,"Id":9153,"Contour":0.0,"Shape_Leng":0.00121665567415},"geometry":{"type":"LineString","coordinates":[[-16.477222222217165,15.925000000094371],[-16.47749999999502,15.924861111205587],[-16.47763888888386,15.925000000094371],[-16.47749999999502,15.925277777872225],[-16.477222222217165,15.925000000094371]]}},{"type":"Feature","properties":{"OBJECTID":9171,"Id":9171,"Contour":5.0,"Shape_Leng":0.00352251614785},"geometry":{"type":"MultiLineString","coordinates":[[[-16.473055555549593,15.924444444538722],[-16.47277777777174,15.924444444538722],[-16.472572843476346,15.925059247424862]],[[-16.472658866191548,15.925249743751307],[-16.47344444274313,15.925111117987228],[-16.473055555549593,15.924444444538722]]]}},{"type":"Feature","properties":{"OBJECTID":9183,"Id":9183,"Contour":5.0,"Shape_Leng":0.00300789642381},"geometry":{"type":"LineString","coordinates":[[-16.504444444445312,15.924166666761039],[-16.504166666667572,15.924722222316575],[-16.504722222223222,15.925000000094371],[-16.505000000001075,15.924166666761039],[-16.504444444445312,15.924166666761039]]}},{"type":"Feature","properties":{"OBJECTID":9184,"Id":9184,"Contour":5.0,"Shape_Leng":0.0111952685275},"geometry":{"type":"LineString","coordinates":[[-16.485833333330163,15.924166666761039],[-16.48486111110776,15.92652777787265],[-16.486666666663666,15.925972222316943],[-16.48777777777508,15.926944444539345],[-16.485833333330163,15.924166666761039]]}},{"type":"Feature","properties":{"OBJECTID":9198,"Id":9198,"Contour":0.0,"Shape_Leng":0.00229634080508},"geometry":{"type":"LineString","coordinates":[[-16.49472222222107,15.924166666761039],[-16.49499999999881,15.924047614297876],[-16.49574074003334,15.924166666761039],[-16.49499999999881,15.924375000094358],[-16.49472222222107,15.924166666761039]]}},{"type":"Feature","properties":{"OBJECTID":9199,"Id":9199,"Contour":5.0,"Shape_Leng":0.00178821328476},"geometry":{"type":"LineString","coordinates":[[-16.489999999997735,15.923888888983186],[-16.489722222219882,15.924166666761039],[-16.489722222219882,15.924444444538722],[-16.49027777777559,15.924166666761039],[-16.489999999997735,15.923888888983186]]}},{"type":"Feature","properties":{"OBJECTID":9200,"Id":9200,"Contour":5.0,"Shape_Leng":0.00248007593051},"geometry":{"type":"LineString","coordinates":[[-16.479166666662024,15.924027777872027],[-16.47874999999516,15.924722222316575],[-16.47888888888417,15.925000000094371],[-16.479444444439878,15.924444444538722],[-16.479166666662024,15.924027777872027]]}},{"type":"Feature","properties":{"OBJECTID":9229,"Id":9229,"Contour":5.0,"Shape_Leng":0.00300789642402},"geometry":{"type":"LineString","coordinates":[[-16.503888888889776,15.923611111205332],[-16.503611111111866,15.923888888983186],[-16.503611111111866,15.924722222316575],[-16.504166666667572,15.924722222316575],[-16.503888888889776,15.923611111205332]]}},{"type":"Feature","properties":{"OBJECTID":9230,"Id":9230,"Contour":0.0,"Shape_Leng":0.001743726746},"geometry":{"type":"LineString","coordinates":[[-16.496944444443727,15.923888888983186],[-16.49722222222158,15.923888888983186],[-16.496944444443727,15.92430555564988],[-16.496666666665874,15.924166666761039],[-16.496944444443727,15.923888888983186]]}},{"type":"Feature","properties":{"OBJECTID":9231,"Id":9231,"Contour":0.0,"Shape_Leng":0.000555555555707},"geometry":{"type":"LineString","coordinates":[[-16.494166666665365,15.923888888983186],[-16.494444444443218,15.923888888983186]]}},{"type":"Feature","properties":{"OBJECTID":9232,"Id":9232,"Contour":5.0,"Shape_Leng":0.0223213812025},"geometry":{"type":"LineString","coordinates":[[-16.480555555551234,15.923750000094174],[-16.48138888888468,15.925555555650078],[-16.47986111110663,15.926805555650503],[-16.47972222221773,15.928055555650701],[-16.480416666662336,15.928194444539713],[-16.480416666662336,15.927222222317141],[-16.48092592450871,15.926851857598194],[-16.48027777777338,15.929722222317764],[-16.481944444440387,15.930555555651324],[-16.481666666662534,15.929722222317764],[-16.482499999996094,15.928888888984261],[-16.481944444440387,15.924444444538722],[-16.480555555551234,15.923750000094174]]}},{"type":"Feature","properties":{"OBJECTID":9233,"Id":9233,"Contour":0.0,"Shape_Leng":0.0017764857563},"geometry":{"type":"LineString","coordinates":[[-16.47527777777225,15.923888888983186],[-16.47527777777225,15.92430555564988],[-16.474722222216542,15.924166666761039],[-16.474999999994395,15.924166666761039],[-16.47527777777225,15.923888888983186]]}},{"type":"Feature","properties":{"OBJECTID":9268,"Id":9268,"Contour":5.0,"Shape_Leng":0.00196106465673},"geometry":{"type":"LineString","coordinates":[[-16.4777777777727,15.923240746486158],[-16.477222222217165,15.923611111205332],[-16.47749999999502,15.923888888983186],[-16.477916666661713,15.923333333427308],[-16.4777777777727,15.923240746486158]]}},{"type":"Feature","properties":{"OBJECTID":9290,"Id":9290,"Contour":5.0,"Shape_Leng":0.00213362725843},"geometry":{"type":"LineString","coordinates":[[-16.48805555555282,15.92277777787183],[-16.48777777777508,15.923055555649626],[-16.488333333330672,15.923333333427308],[-16.48844444274647,15.922944437756826],[-16.48805555555282,15.92277777787183]]}},{"type":"Feature","properties":{"OBJECTID":9291,"Id":9291,"Contour":0.0,"Shape_Leng":0.0115247960325},"geometry":{"type":"MultiLineString","coordinates":[[[-16.479166666662024,15.923055555649626],[-16.479537035619558,15.922962968708362],[-16.47999999999547,15.923888888983186],[-16.47999999999547,15.924444444538722],[-16.48027777777338,15.924444444538722],[-16.48027777777338,15.925555555650078],[-16.479444444439878,15.925277777872225],[-16.47972222221773,15.923611111205332],[-16.478611111106318,15.923333333427308]],[[-16.478611111106318,15.923333333427308],[-16.478611111106318,15.924166666761039],[-16.47805555555061,15.924444444538722],[-16.478611111106318,15.923333333427308]],[[-16.478611111106318,15.923333333427308],[-16.479166666662024,15.923055555649626]]]}},{"type":"Feature","properties":{"OBJECTID":9310,"Id":9310,"Contour":5.0,"Shape_Leng":0.00159854109486},"geometry":{"type":"LineString","coordinates":[[-16.473888888883096,15.922500000093976],[-16.473611111105186,15.92277777787183],[-16.474027777771937,15.922916666760614],[-16.47416666666095,15.922500000093976],[-16.473888888883096,15.922500000093976]]}},{"type":"Feature","properties":{"OBJECTID":9311,"Id":9311,"Contour":5.0,"Shape_Leng":0.00274337189406},"geometry":{"type":"LineString","coordinates":[[-16.471666666660326,15.922638888982817],[-16.47175925784012,15.923240746486158],[-16.472499999993886,15.923055555649626],[-16.47212963103624,15.92259258703507],[-16.471666666660326,15.922638888982817]]}},{"type":"Feature","properties":{"OBJECTID":9326,"Id":9326,"Contour":5.0,"Shape_Leng":0.00300789642395},"geometry":{"type":"LineString","coordinates":[[-16.49972222222209,15.922222222316122],[-16.499444444444237,15.923055555649626],[-16.5,15.923333333427308],[-16.5,15.922222222316122],[-16.49972222222209,15.922222222316122]]}},{"type":"Feature","properties":{"OBJECTID":9327,"Id":9327,"Contour":5.0,"Shape_Leng":0.00205950376781},"geometry":{"type":"LineString","coordinates":[[-16.489444444441972,15.922222222316122],[-16.489166666664232,15.922500000093976],[-16.489722222219882,15.92277777787183],[-16.489722222219882,15.922222222316122],[-16.489444444441972,15.922222222316122]]}},{"type":"Feature","properties":{"OBJECTID":9328,"Id":9328,"Contour":0.0,"Shape_Leng":0.00055555555582},"geometry":{"type":"LineString","coordinates":[[-16.486388888885756,15.922500000093976],[-16.486666666663666,15.922500000093976]]}},{"type":"Feature","properties":{"OBJECTID":9347,"Id":9347,"Contour":5.0,"Shape_Leng":0.00653041257221},"geometry":{"type":"LineString","coordinates":[[-16.481944444440387,15.92194444453827],[-16.481666666662534,15.923888888983186],[-16.482499999996094,15.923888888983186],[-16.483055555551687,15.922500000093976],[-16.481944444440387,15.92194444453827]]}},{"type":"Feature","properties":{"OBJECTID":9348,"Id":9348,"Contour":0.0,"Shape_Leng":0.00222222222294},"geometry":{"type":"MultiLineString","coordinates":[[[-16.4777777777727,15.922222222316122],[-16.4777777777727,15.922500000093976]],[[-16.4777777777727,15.922500000093976],[-16.47805555555061,15.922500000093976],[-16.478333333328465,15.92277777787183],[-16.4777777777727,15.92277777787183],[-16.4777777777727,15.922500000093976]]]}},{"type":"Feature","properties":{"OBJECTID":9365,"Id":9365,"Contour":0.0,"Shape_Leng":0.000555555555707},"geometry":{"type":"LineString","coordinates":[[-16.47694444443931,15.92194444453827],[-16.477222222217165,15.92194444453827]]}},{"type":"Feature","properties":{"OBJECTID":9385,"Id":9385,"Contour":0.0,"Shape_Leng":0.00222222222283},"geometry":{"type":"LineString","coordinates":[[-16.475833333327955,15.921666666760416],[-16.47611111110581,15.92194444453827],[-16.475833333327955,15.922500000093976],[-16.475833333327955,15.921666666760416]]}},{"type":"Feature","properties":{"OBJECTID":9401,"Id":9401,"Contour":5.0,"Shape_Leng":0.00189678531295},"geometry":{"type":"LineString","coordinates":[[-16.49388888888751,15.92111111120471],[-16.493611111109658,15.921388888982563],[-16.494166666665365,15.921666666760416],[-16.494166666665365,15.921388888982563],[-16.49388888888751,15.92111111120471]]}},{"type":"Feature","properties":{"OBJECTID":9421,"Id":9421,"Contour":5.0,"Shape_Leng":0.0165632759277},"geometry":{"type":"LineString","coordinates":[[-16.484999999996603,15.920833333426856],[-16.484166666663157,15.921666666760416],[-16.482777777773947,15.921388888982563],[-16.48361111110745,15.923055555649626],[-16.48222222221824,15.925555555650078],[-16.48361111110745,15.924722222316575],[-16.483333333329597,15.923888888983186],[-16.485555555552367,15.921666666760416],[-16.484999999996603,15.920833333426856]]}},{"type":"Feature","properties":{"OBJECTID":9422,"Id":9422,"Contour":5.0,"Shape_Leng":0.00151719147347},"geometry":{"type":"LineString","coordinates":[[-16.476388888883662,15.921018524263388],[-16.47629629770387,15.921388888982563],[-16.4766666666614,15.921388888982563],[-16.4766666666614,15.920972222315697],[-16.476388888883662,15.921018524263388]]}},{"type":"Feature","properties":{"OBJECTID":9445,"Id":9445,"Contour":0.0,"Shape_Leng":0.00111111111119},"geometry":{"type":"MultiLineString","coordinates":[[[-16.47972222221773,15.920833333426856],[-16.47972222221773,15.92111111120471]],[[-16.47972222221773,15.92111111120471],[-16.47999999999547,15.92111111120471]]]}},{"type":"Feature","properties":{"OBJECTID":9446,"Id":9446,"Contour":0.0,"Shape_Leng":0.003765916217},"geometry":{"type":"LineString","coordinates":[[-16.477222222217165,15.920740746485592],[-16.47805555555061,15.920972222315697],[-16.478333333328465,15.921388888982563],[-16.47738889057922,15.921777784653273],[-16.477222222217165,15.920740746485592]]}},{"type":"Feature","properties":{"OBJECTID":9457,"Id":9457,"Contour":0.0,"Shape_Leng":0.00166666666678},"geometry":{"type":"LineString","coordinates":[[-16.50277777777842,15.92055555564906],[-16.50305555555616,15.92055555564906],[-16.50277777777842,15.920833333426856],[-16.502500000000566,15.920833333426856],[-16.50277777777842,15.92055555564906]]}},{"type":"Feature","properties":{"OBJECTID":9489,"Id":9489,"Contour":5.0,"Shape_Leng":0.00594839265751},"geometry":{"type":"LineString","coordinates":[[-16.482777777773947,15.9197222223155],[-16.48222222221824,15.92055555564906],[-16.48361111110745,15.92111111120471],[-16.483333333329597,15.9197222223155],[-16.482777777773947,15.9197222223155]]}},{"type":"Feature","properties":{"OBJECTID":9490,"Id":9490,"Contour":0.0,"Shape_Leng":0.00222222222271},"geometry":{"type":"LineString","coordinates":[[-16.475833333327955,15.920000000093353],[-16.47694444443931,15.920000000093353]]}},{"type":"Feature","properties":{"OBJECTID":9491,"Id":9491,"Contour":5.0,"Shape_Leng":0.00222222222294},"geometry":{"type":"LineString","coordinates":[[-16.473888888883096,15.9197222223155],[-16.473611111105186,15.9197222223155],[-16.473611111105186,15.920277777871206],[-16.47416666666095,15.920277777871206],[-16.473888888883096,15.9197222223155]]}},{"type":"Feature","properties":{"OBJECTID":9509,"Id":9509,"Contour":5.0,"Shape_Leng":0.010685230905},"geometry":{"type":"LineString","coordinates":[[-16.500555555555707,15.919444444537646],[-16.5,15.922222222316122],[-16.501111111111356,15.923055555649626],[-16.501388888889096,15.92111111120471],[-16.500555555555707,15.919444444537646]]}},{"type":"Feature","properties":{"OBJECTID":9510,"Id":9510,"Contour":5.0,"Shape_Leng":0.00338199061756},"geometry":{"type":"LineString","coordinates":[[-16.495833333332428,15.919444444537646],[-16.495555555554574,15.920000000093353],[-16.49638888888802,15.92055555564906],[-16.496666666665874,15.920277777871206],[-16.495833333332428,15.919444444537646]]}},{"type":"Feature","properties":{"OBJECTID":9538,"Id":9538,"Contour":0.0,"Shape_Leng":0.00156952265048},"geometry":{"type":"LineString","coordinates":[[-16.47972222221773,15.919166666759793],[-16.480138888884483,15.919444444537646],[-16.47999999999547,15.9197222223155],[-16.47972222221773,15.919444444537646],[-16.47972222221773,15.919166666759793]]}},{"type":"Feature","properties":{"OBJECTID":9539,"Id":9539,"Contour":0.0,"Shape_Leng":0.00351334562556},"geometry":{"type":"LineString","coordinates":[[-16.47805555555061,15.919166666759793],[-16.478611111106318,15.919166666759793],[-16.478333333328465,15.920277777871206],[-16.47763888888386,15.920000000093353],[-16.47805555555061,15.919166666759793]]}},{"type":"Feature","properties":{"OBJECTID":9556,"Id":9556,"Contour":5.0,"Shape_Leng":0.00285190259276},"geometry":{"type":"LineString","coordinates":[[-16.500277777777796,15.918611111204086],[-16.500277777777796,15.919444444537646],[-16.500833333333503,15.919444444537646],[-16.500833333333503,15.918611111204086],[-16.500277777777796,15.918611111204086]]}},{"type":"Feature","properties":{"OBJECTID":9557,"Id":9557,"Contour":5.0,"Shape_Leng":0.00553436078377},"geometry":{"type":"LineString","coordinates":[[-16.481666666662534,15.918611111204086],[-16.48111111110694,15.919166666759793],[-16.48222222221824,15.92055555564906],[-16.48222222221824,15.919444444537646],[-16.481666666662534,15.918611111204086]]}},{"type":"Feature","properties":{"OBJECTID":9558,"Id":9558,"Contour":0.0,"Shape_Leng":0.00111111111141},"geometry":{"type":"LineString","coordinates":[[-16.47611111110581,15.91888888898194],[-16.476388888883662,15.91888888898194],[-16.476388888883662,15.919166666759793],[-16.47611111110581,15.919166666759793],[-16.47611111110581,15.91888888898194]]}},{"type":"Feature","properties":{"OBJECTID":9578,"Id":9578,"Contour":5.0,"Shape_Leng":0.00520466620809},"geometry":{"type":"LineString","coordinates":[[-16.489722222219882,15.91833333342629],[-16.488611111108526,15.919166666759793],[-16.488888888886436,15.920000000093353],[-16.489999999997735,15.919444444537646],[-16.489722222219882,15.91833333342629]]}},{"type":"Feature","properties":{"OBJECTID":9600,"Id":9600,"Contour":5.0,"Shape_Leng":0.0151951092041},"geometry":{"type":"LineString","coordinates":[[-16.49166666666474,15.918194444537448],[-16.490555555553442,15.919166666759793],[-16.49111111110915,15.922222222316122],[-16.49166666666474,15.923055555649626],[-16.493333333331805,15.923055555649626],[-16.493611111109658,15.922222222316122],[-16.492222222220505,15.92055555564906],[-16.492222222220505,15.918055555648436],[-16.49166666666474,15.918194444537448]]}},{"type":"Feature","properties":{"OBJECTID":9628,"Id":9628,"Contour":5.0,"Shape_Leng":0.0225209843242},"geometry":{"type":"MultiLineString","coordinates":[[[-16.469999999993263,15.91750000009273],[-16.469789479510496,15.918657862748155]],[[-16.47103110623599,15.921645087805121],[-16.471666666660326,15.92055555564906],[-16.47083333332688,15.91750000009273],[-16.469999999993263,15.91750000009273]]]}},{"type":"Feature","properties":{"OBJECTID":9645,"Id":9645,"Contour":5.0,"Shape_Leng":0.0017407936952},"geometry":{"type":"LineString","coordinates":[[-16.496666666665874,15.917361111203888],[-16.49638888888802,15.91750000009273],[-16.49638888888802,15.917777777870583],[-16.496944444443727,15.917777777870583],[-16.496666666665874,15.917361111203888]]}},{"type":"Feature","properties":{"OBJECTID":9646,"Id":9646,"Contour":5.0,"Shape_Leng":0.000756528607436},"geometry":{"type":"LineString","coordinates":[[-16.478333333328465,15.917361111203888],[-16.478194444439623,15.91750000009273],[-16.478333333328465,15.917638888981742],[-16.478425924508258,15.91750000009273],[-16.478333333328465,15.917361111203888]]}},{"type":"Feature","properties":{"OBJECTID":9663,"Id":9663,"Contour":5.0,"Shape_Leng":0.00269017469672},"geometry":{"type":"LineString","coordinates":[[-16.49277777777604,15.916944444537023],[-16.49249999999836,15.916944444537023],[-16.492685186596418,15.917870364811904],[-16.493148146733745,15.91750000009273],[-16.49277777777604,15.916944444537023]]}},{"type":"Feature","properties":{"OBJECTID":9664,"Id":9664,"Contour":0.0,"Shape_Leng":0.00111111111107},"geometry":{"type":"LineString","coordinates":[[-16.47888888888417,15.917222222315047],[-16.479166666662024,15.917222222315047],[-16.479166666662024,15.91750000009273],[-16.47888888888417,15.91750000009273],[-16.47888888888417,15.917222222315047]]}},{"type":"Feature","properties":{"OBJECTID":9665,"Id":9665,"Contour":5.0,"Shape_Leng":0.00189678531304},"geometry":{"type":"LineString","coordinates":[[-16.473888888883096,15.916944444537023],[-16.473611111105186,15.917222222315047],[-16.47416666666095,15.91750000009273],[-16.47416666666095,15.917222222315047],[-16.473888888883096,15.916944444537023]]}},{"type":"Feature","properties":{"OBJECTID":9683,"Id":9683,"Contour":5.0,"Shape_Leng":0.00335979769316},"geometry":{"type":"LineString","coordinates":[[-16.483055555551687,15.916944444537023],[-16.483333333329597,15.918055555648436],[-16.482777777773947,15.91833333342629],[-16.482777777773947,15.91750000009273],[-16.483055555551687,15.916944444537023]]}},{"type":"Feature","properties":{"OBJECTID":9684,"Id":9684,"Contour":5.0,"Shape_Leng":0.0010469721175},"geometry":{"type":"LineString","coordinates":[[-16.47972222221773,15.91666666675917],[-16.479583333328776,15.916805555648182],[-16.47972222221773,15.917083333426035],[-16.47986111110663,15.916944444537023],[-16.47972222221773,15.91666666675917]]}},{"type":"Feature","properties":{"OBJECTID":9693,"Id":9693,"Contour":5.0,"Shape_Leng":0.00183538354976},"geometry":{"type":"LineString","coordinates":[[-16.503333333334012,15.916388888981317],[-16.503222221799092,15.916777784652027],[-16.503611111111866,15.916944444537023],[-16.503722222646843,15.91655554886654],[-16.503333333334012,15.916388888981317]]}},{"type":"Feature","properties":{"OBJECTID":9694,"Id":9694,"Contour":5.0,"Shape_Leng":0.0056636000067},"geometry":{"type":"LineString","coordinates":[[-16.5,15.916388888981317],[-16.499611110687113,15.91705556242988],[-16.500833333333503,15.918055555648436],[-16.501111111111356,15.916944444537023],[-16.5,15.916388888981317]]}},{"type":"Feature","properties":{"OBJECTID":9713,"Id":9713,"Contour":0.0,"Shape_Leng":0.000555555555707},"geometry":{"type":"LineString","coordinates":[[-16.494166666665365,15.916388888981317],[-16.494166666665365,15.91666666675917]]}},{"type":"Feature","properties":{"OBJECTID":9714,"Id":9714,"Contour":5.0,"Shape_Leng":0.00270537620417},"geometry":{"type":"LineString","coordinates":[[-16.49194444444265,15.91611111120369],[-16.49166666666474,15.916944444537023],[-16.492083333331493,15.917083333426035],[-16.492222222220505,15.91611111120369],[-16.49194444444265,15.91611111120369]]}},{"type":"Feature","properties":{"OBJECTID":9715,"Id":9715,"Contour":5.0,"Shape_Leng":0.00714778687495},"geometry":{"type":"LineString","coordinates":[[-16.488611111108526,15.916250000092532],[-16.488333333330672,15.916944444537023],[-16.489722222219882,15.918055555648436],[-16.489999999997735,15.91611111120369],[-16.488611111108526,15.916250000092532]]}},{"type":"Feature","properties":{"OBJECTID":9716,"Id":9716,"Contour":0.0,"Shape_Leng":0.00539616926907},"geometry":{"type":"LineString","coordinates":[[-16.477222222217165,15.916388888981317],[-16.47749999999502,15.916944444537023],[-16.47611111110581,15.918055555648436],[-16.47611111110581,15.917222222315047],[-16.477222222217165,15.916388888981317]]}},{"type":"Feature","properties":{"OBJECTID":9717,"Id":9717,"Contour":0.0,"Shape_Leng":0.000555555555707},"geometry":{"type":"LineString","coordinates":[[-16.475833333327955,15.916388888981317],[-16.475833333327955,15.91666666675917]]}},{"type":"Feature","properties":{"OBJECTID":9718,"Id":9718,"Contour":5.0,"Shape_Leng":0.00231681510542},"geometry":{"type":"MultiLineString","coordinates":[[[-16.469166666659817,15.916250000092532],[-16.468974430268123,15.916346118288281]],[[-16.46918538150611,15.916944444537023],[-16.46944444443767,15.916944444537023],[-16.469166666659817,15.916250000092532]]]}},{"type":"Feature","properties":{"OBJECTID":9729,"Id":9729,"Contour":5.0,"Shape_Leng":0.00349842687499},"geometry":{"type":"LineString","coordinates":[[-16.495555555554574,15.915972222314679],[-16.49499999999881,15.916388888981317],[-16.49527777777672,15.916944444537023],[-16.496111111110167,15.916388888981317],[-16.495555555554574,15.915972222314679]]}},{"type":"Feature","properties":{"OBJECTID":9730,"Id":9730,"Contour":5.0,"Shape_Leng":0.00135284784229},"geometry":{"type":"LineString","coordinates":[[-16.49472222222107,15.915833333425837],[-16.494629631041278,15.91611111120369],[-16.49486111110997,15.916250000092532],[-16.49499999999881,15.915833333425837],[-16.49472222222107,15.915833333425837]]}},{"type":"Feature","properties":{"OBJECTID":9744,"Id":9744,"Contour":5.0,"Shape_Leng":0.0115399142628},"geometry":{"type":"LineString","coordinates":[[-16.482777777773947,15.915555555647984],[-16.481666666662534,15.918055555648436],[-16.482499999996094,15.919166666759793],[-16.483888888885303,15.91888888898194],[-16.48402777777426,15.917222222315047],[-16.482777777773947,15.915555555647984]]}},{"type":"Feature","properties":{"OBJECTID":9745,"Id":9745,"Contour":0.0,"Shape_Leng":0.00164155613809},"geometry":{"type":"LineString","coordinates":[[-16.47999999999547,15.915833333425837],[-16.480555555551234,15.915833333425837],[-16.480555555551234,15.91611111120369],[-16.480216047494537,15.916172841482535],[-16.47999999999547,15.915833333425837]]}},{"type":"Feature","properties":{"OBJECTID":9764,"Id":9764,"Contour":5.0,"Shape_Leng":0.00173406685784},"geometry":{"type":"LineString","coordinates":[[-16.495833333332428,15.91527777787013],[-16.495555555554574,15.91527777787013],[-16.495833333332428,15.915833333425837],[-16.496111111110167,15.915555555647984],[-16.495833333332428,15.91527777787013]]}},{"type":"Feature","properties":{"OBJECTID":9765,"Id":9765,"Contour":5.0,"Shape_Leng":0.00261505932369},"geometry":{"type":"LineString","coordinates":[[-16.489722222219882,15.91527777787013],[-16.489444444441972,15.915555555647984],[-16.49027777777559,15.915833333425837],[-16.49027777777559,15.91527777787013],[-16.489722222219882,15.91527777787013]]}},{"type":"Feature","properties":{"OBJECTID":9787,"Id":9787,"Contour":0.0,"Shape_Leng":0.00192570139726},"geometry":{"type":"LineString","coordinates":[[-16.476388888883662,15.91527777787013],[-16.476805555550413,15.915555555647984],[-16.4766666666614,15.915833333425837],[-16.47611111110581,15.915555555647984],[-16.476388888883662,15.91527777787013]]}},{"type":"Feature","properties":{"OBJECTID":9808,"Id":9808,"Contour":0.0,"Shape_Leng":0.00111111111141},"geometry":{"type":"MultiLineString","coordinates":[[[-16.485277777774456,15.915000000092277],[-16.485277777774456,15.91527777787013]],[[-16.485277777774456,15.91527777787013],[-16.484999999996603,15.91527777787013]]]}},{"type":"Feature","properties":{"OBJECTID":9833,"Id":9833,"Contour":0.0,"Shape_Leng":0.00111111111119},"geometry":{"type":"MultiLineString","coordinates":[[[-16.50638888889023,15.91444444453657],[-16.50638888889023,15.914722222314424]],[[-16.50638888889023,15.914722222314424],[-16.50611111111249,15.914722222314424]]]}},{"type":"Feature","properties":{"OBJECTID":9834,"Id":9834,"Contour":5.0,"Shape_Leng":0.00340073352482},"geometry":{"type":"LineString","coordinates":[[-16.504166666667572,15.914166666758774],[-16.503888888889776,15.915000000092277],[-16.505000000001075,15.915000000092277],[-16.505000000001075,15.914722222314424],[-16.504166666667572,15.914166666758774]]}},{"type":"Feature","properties":{"OBJECTID":9835,"Id":9835,"Contour":0.0,"Shape_Leng":0.00121665567423},"geometry":{"type":"LineString","coordinates":[[-16.47416666666095,15.91444444453657],[-16.47430555554979,15.914722222314424],[-16.47416666666095,15.914861111203265],[-16.473888888883096,15.914722222314424],[-16.47416666666095,15.91444444453657]]}},{"type":"Feature","properties":{"OBJECTID":9850,"Id":9850,"Contour":5.0,"Shape_Leng":0.00357318643679},"geometry":{"type":"LineString","coordinates":[[-16.488888888886436,15.914027777869762],[-16.489166666664232,15.915000000092277],[-16.489722222219882,15.915000000092277],[-16.489722222219882,15.914166666758774],[-16.488888888886436,15.914027777869762]]}},{"type":"Feature","properties":{"OBJECTID":9869,"Id":9869,"Contour":0.0,"Shape_Leng":0.00222222222283},"geometry":{"type":"LineString","coordinates":[[-16.478333333328465,15.913888888980921],[-16.478333333328465,15.914166666758774],[-16.47805555555061,15.91444444453657],[-16.4777777777727,15.914166666758774],[-16.478333333328465,15.913888888980921]]}},{"type":"Feature","properties":{"OBJECTID":9878,"Id":9878,"Contour":0.0,"Shape_Leng":0.000984158952411},"geometry":{"type":"LineString","coordinates":[[-16.488333333330672,15.913518524261917],[-16.488425924510466,15.913518524261917],[-16.488611111108526,15.913611111203068],[-16.488333333330672,15.913750000091909],[-16.488333333330672,15.913518524261917]]}},{"type":"Feature","properties":{"OBJECTID":9879,"Id":9879,"Contour":5.0,"Shape_Leng":0.00205950376789},"geometry":{"type":"LineString","coordinates":[[-16.479166666662024,15.913333333425214],[-16.47888888888417,15.913333333425214],[-16.47888888888417,15.913888888980921],[-16.479444444439878,15.913611111203068],[-16.479166666662024,15.913333333425214]]}},{"type":"Feature","properties":{"OBJECTID":9895,"Id":9895,"Contour":5.0,"Shape_Leng":0.0037960193996},"geometry":{"type":"LineString","coordinates":[[-16.49111111110915,15.913055555647361],[-16.490833333331295,15.914166666758774],[-16.49166666666474,15.914166666758774],[-16.491388888887002,15.913055555647361],[-16.49111111110915,15.913055555647361]]}},{"type":"Feature","properties":{"OBJECTID":9896,"Id":9896,"Contour":5.0,"Shape_Leng":0.00142379713715},"geometry":{"type":"LineString","coordinates":[[-16.48777777777508,15.913055555647361],[-16.487499999997226,15.913055555647361],[-16.487638888886124,15.913472222314056],[-16.487916666663978,15.913333333425214],[-16.48777777777508,15.913055555647361]]}},{"type":"Feature","properties":{"OBJECTID":9897,"Id":9897,"Contour":5.0,"Shape_Leng":0.00876813883135},"geometry":{"type":"MultiLineString","coordinates":[[[-16.468888888881963,15.913194444536373],[-16.4684109238313,15.914747830950908]],[[-16.46851848154932,15.915052899584584],[-16.470277777771116,15.915555555647984],[-16.470555555549026,15.914722222314424],[-16.469722222215523,15.914722222314424],[-16.46944444443767,15.913055555647361],[-16.468888888881963,15.913194444536373]]]}},{"type":"Feature","properties":{"OBJECTID":9911,"Id":9911,"Contour":5.0,"Shape_Leng":0.00205950376798},"geometry":{"type":"LineString","coordinates":[[-16.486666666663666,15.912777777869508],[-16.486388888885756,15.913055555647361],[-16.486388888885756,15.913333333425214],[-16.48694444444152,15.913333333425214],[-16.486666666663666,15.912777777869508]]}},{"type":"Feature","properties":{"OBJECTID":9912,"Id":9912,"Contour":5.0,"Shape_Leng":0.00206728206498},"geometry":{"type":"LineString","coordinates":[[-16.47888888888417,15.912777777869508],[-16.478611111106318,15.913055555647361],[-16.478611111106318,15.913333333425214],[-16.479166666662024,15.913333333425214],[-16.47888888888417,15.912777777869508]]}},{"type":"Feature","properties":{"OBJECTID":9929,"Id":9929,"Contour":5.0,"Shape_Leng":0.00824401594188},"geometry":{"type":"LineString","coordinates":[[-16.481944444440387,15.912500000091654],[-16.48208333332923,15.913472222314056],[-16.484166666663157,15.91444444453657],[-16.484166666663157,15.913333333425214],[-16.481944444440387,15.912500000091654]]}},{"type":"Feature","properties":{"OBJECTID":9953,"Id":9953,"Contour":5.0,"Shape_Leng":0.0063412297584},"geometry":{"type":"LineString","coordinates":[[-16.503888888889776,15.912222222313801],[-16.50277777777842,15.913055555647361],[-16.50277777777842,15.914166666758774],[-16.504166666667572,15.913055555647361],[-16.503888888889776,15.912222222313801]]}},{"type":"Feature","properties":{"OBJECTID":9954,"Id":9954,"Contour":5.0,"Shape_Leng":0.00404656977598},"geometry":{"type":"LineString","coordinates":[[-16.488888888886436,15.912361111202642],[-16.489166666664232,15.913611111203068],[-16.489444444441972,15.913611111203068],[-16.489722222219882,15.912222222313801],[-16.488888888886436,15.912361111202642]]}},{"type":"Feature","properties":{"OBJECTID":9968,"Id":9968,"Contour":5.0,"Shape_Leng":0.00157807302645},"geometry":{"type":"LineString","coordinates":[[-16.498333333332937,15.911944444536005],[-16.498055555555027,15.911944444536005],[-16.498333333332937,15.912500000091654],[-16.498472222221892,15.912222222313801],[-16.498333333332937,15.911944444536005]]}},{"type":"Feature","properties":{"OBJECTID":9969,"Id":9969,"Contour":5.0,"Shape_Leng":0.00139227625027},"geometry":{"type":"LineString","coordinates":[[-16.48805555555282,15.911944444536005],[-16.487916666663978,15.912222222313801],[-16.48805555555282,15.912361111202642],[-16.488333333330672,15.912222222313801],[-16.48805555555282,15.911944444536005]]}},{"type":"Feature","properties":{"OBJECTID":9970,"Id":9970,"Contour":5.0,"Shape_Leng":0.00205950376759},"geometry":{"type":"LineString","coordinates":[[-16.48111111110694,15.911944444536005],[-16.480833333329088,15.911944444536005],[-16.480833333329088,15.912500000091654],[-16.48138888888468,15.912500000091654],[-16.48111111110694,15.911944444536005]]}},{"type":"Feature","properties":{"OBJECTID":9971,"Id":9971,"Contour":5.0,"Shape_Leng":0.00174962345199},"geometry":{"type":"LineString","coordinates":[[-16.4777777777727,15.911944444536005],[-16.47749999999502,15.911944444536005],[-16.4777777777727,15.912500000091654],[-16.47805555555061,15.912222222313801],[-16.4777777777727,15.911944444536005]]}},{"type":"Feature","properties":{"OBJECTID":9995,"Id":9995,"Contour":5.0,"Shape_Leng":0.00847058249085},"geometry":{"type":"LineString","coordinates":[[-16.491388888887002,15.911388888980298],[-16.490833333331295,15.913055555647361],[-16.49249999999836,15.912777777869508],[-16.49249999999836,15.911944444536005],[-16.491388888887002,15.912500000091654],[-16.49194444444265,15.911388888980298],[-16.491388888887002,15.911388888980298]]}},{"type":"Feature","properties":{"OBJECTID":10010,"Id":10010,"Contour":5.0,"Shape_Leng":0.00360003376281},"geometry":{"type":"LineString","coordinates":[[-16.49722222222158,15.911111111202445],[-16.496666666665874,15.911944444536005],[-16.497499999999434,15.912222222313801],[-16.49761111153441,15.911277771087441],[-16.49722222222158,15.911111111202445]]}},{"type":"Feature","properties":{"OBJECTID":10039,"Id":10039,"Contour":5.0,"Shape_Leng":0.000899875879164},"geometry":{"type":"LineString","coordinates":[[-16.468055555548347,15.91069444453575],[-16.46800000084056,15.910833333424591],[-16.468055555548347,15.911111111202445],[-16.46814814672814,15.910833333424591],[-16.468055555548347,15.91069444453575]]}},{"type":"Feature","properties":{"OBJECTID":10059,"Id":10059,"Contour":0.0,"Shape_Leng":0.0127684797333},"geometry":{"type":"LineString","coordinates":[[-16.4766666666614,15.910555555646738],[-16.4777777777727,15.910555555646738],[-16.478611111106318,15.911666666758151],[-16.47694444443931,15.911388888980298],[-16.477222222217165,15.912500000091654],[-16.476388888883662,15.913888888980921],[-16.47592592450775,15.913055555647361],[-16.47694444443931,15.911944444536005],[-16.4766666666614,15.910555555646738]]}},{"type":"Feature","properties":{"OBJECTID":10076,"Id":10076,"Contour":5.0,"Shape_Leng":0.00174079369519},"geometry":{"type":"LineString","coordinates":[[-16.505000000001075,15.910138888980043],[-16.504722222223222,15.910277777868885],[-16.504722222223222,15.910555555646738],[-16.50527777777893,15.910555555646738],[-16.505000000001075,15.910138888980043]]}},{"type":"Feature","properties":{"OBJECTID":10093,"Id":10093,"Contour":5.0,"Shape_Leng":0.00319708218962},"geometry":{"type":"LineString","coordinates":[[-16.49277777777604,15.909722222313235],[-16.49305555555395,15.910555555646738],[-16.493611111109658,15.910555555646738],[-16.493333333331805,15.910000000091031],[-16.49277777777604,15.909722222313235]]}},{"type":"Feature","properties":{"OBJECTID":10107,"Id":10107,"Contour":0.0,"Shape_Leng":0.00281519529335},"geometry":{"type":"LineString","coordinates":[[-16.480833333329088,15.909722222313235],[-16.48138888888468,15.910000000091031],[-16.480833333329088,15.91069444453575],[-16.480555555551234,15.910277777868885],[-16.480833333329088,15.909722222313235]]}},{"type":"Feature","properties":{"OBJECTID":10108,"Id":10108,"Contour":5.0,"Shape_Leng":0.000902980348144},"geometry":{"type":"LineString","coordinates":[[-16.47999999999547,15.909666663366977],[-16.47994949340375,15.909671715721402],[-16.47972222221773,15.909722222313235],[-16.47999999999547,15.909861111202247],[-16.47999999999547,15.909666663366977]]}},{"type":"Feature","properties":{"OBJECTID":10109,"Id":10109,"Contour":0.0,"Shape_Leng":0.0038998405701},"geometry":{"type":"LineString","coordinates":[[-16.47611111110581,15.909722222313235],[-16.476388888883662,15.909722222313235],[-16.47611111110581,15.911111111202445],[-16.475694444438943,15.910555555646738],[-16.47611111110581,15.909722222313235]]}},{"type":"Feature","properties":{"OBJECTID":10128,"Id":10128,"Contour":5.0,"Shape_Leng":0.00740624635507},"geometry":{"type":"LineString","coordinates":[[-16.495833333332428,15.909166666757699],[-16.495555555554574,15.910000000091031],[-16.496111111110167,15.910000000091031],[-16.49527777777672,15.910277777868885],[-16.495555555554574,15.911250000091457],[-16.496666666665874,15.910277777868885],[-16.496666666665874,15.909444444535382],[-16.495833333332428,15.909166666757699]]}},{"type":"Feature","properties":{"OBJECTID":10129,"Id":10129,"Contour":5.0,"Shape_Leng":0.00222222222249},"geometry":{"type":"LineString","coordinates":[[-16.490833333331295,15.909166666757699],[-16.490555555553442,15.909166666757699],[-16.490555555553442,15.909722222313235],[-16.49111111110915,15.909722222313235],[-16.490833333331295,15.909166666757699]]}},{"type":"Feature","properties":{"OBJECTID":10130,"Id":10130,"Contour":0.0,"Shape_Leng":0.00111111111141},"geometry":{"type":"LineString","coordinates":[[-16.478611111106318,15.909444444535382],[-16.47888888888417,15.909444444535382],[-16.478611111106318,15.909722222313235],[-16.478611111106318,15.909444444535382]]}},{"type":"Feature","properties":{"OBJECTID":10147,"Id":10147,"Contour":5.0,"Shape_Leng":0.00393582293281},"geometry":{"type":"LineString","coordinates":[[-16.499166666666497,15.908888888979845],[-16.49861111111079,15.909722222313235],[-16.499444444444237,15.910000000091031],[-16.49972222222209,15.909166666757699],[-16.499166666666497,15.908888888979845]]}},{"type":"Feature","properties":{"OBJECTID":10148,"Id":10148,"Contour":5.0,"Shape_Leng":0.011097639128},"geometry":{"type":"LineString","coordinates":[[-16.48472222221875,15.908888888979845],[-16.48444444444101,15.910000000091031],[-16.48222222221824,15.910833333424591],[-16.48294444613606,15.911777784650951],[-16.485555555552367,15.910277777868885],[-16.48472222221875,15.908888888979845]]}},{"type":"Feature","properties":{"OBJECTID":10149,"Id":10149,"Contour":0.0,"Shape_Leng":0.000555555555479},"geometry":{"type":"LineString","coordinates":[[-16.47972222221773,15.909166666757699],[-16.47999999999547,15.909166666757699]]}},{"type":"Feature","properties":{"OBJECTID":10150,"Id":10150,"Contour":5.0,"Shape_Leng":0.00227733071983},"geometry":{"type":"LineString","coordinates":[[-16.477222222217165,15.909120364809837],[-16.477142855321176,15.909523807192784],[-16.47749999999502,15.910000000091031],[-16.47749999999502,15.909166666757699],[-16.477222222217165,15.909120364809837]]}},{"type":"Feature","properties":{"OBJECTID":10151,"Id":10151,"Contour":5.0,"Shape_Leng":0.00588871377788},"geometry":{"type":"LineString","coordinates":[[-16.471388888882416,15.909027777868687],[-16.470555555549026,15.910000000091031],[-16.47083333332688,15.911111111202445],[-16.471666666660326,15.910833333424591],[-16.471388888882416,15.909027777868687]]}},{"type":"Feature","properties":{"OBJECTID":10152,"Id":10152,"Contour":5.0,"Shape_Leng":0.000645546860328},"geometry":{"type":"LineString","coordinates":[[-16.467777777770607,15.909027777868687],[-16.467708333326186,15.909097222313164],[-16.467777777770607,15.909259253698849],[-16.467916666659505,15.909166666757699],[-16.467777777770607,15.909027777868687]]}},{"type":"Feature","properties":{"OBJECTID":10171,"Id":10171,"Contour":5.0,"Shape_Leng":0.00703648567336},"geometry":{"type":"LineString","coordinates":[[-16.497777777777287,15.908611111201992],[-16.497499999999434,15.908888888979845],[-16.497777777777287,15.910555555646738],[-16.498888888888644,15.909166666757699],[-16.497777777777287,15.908611111201992]]}},{"type":"Feature","properties":{"OBJECTID":10172,"Id":10172,"Contour":0.0,"Shape_Leng":0.000555555555707},"geometry":{"type":"LineString","coordinates":[[-16.480833333329088,15.908888888979845],[-16.480833333329088,15.909166666757699]]}},{"type":"Feature","properties":{"OBJECTID":10188,"Id":10188,"Contour":5.0,"Shape_Leng":0.000948859436322},"geometry":{"type":"LineString","coordinates":[[-16.478611111106318,15.90847222231298],[-16.478541666661897,15.908680555646356],[-16.478611111106318,15.908888888979845],[-16.47874999999516,15.908611111201992],[-16.478611111106318,15.90847222231298]]}},{"type":"Feature","properties":{"OBJECTID":10201,"Id":10201,"Contour":0.0,"Shape_Leng":0.0021290662606},"geometry":{"type":"LineString","coordinates":[[-16.474722222216542,15.908194444535127],[-16.47527777777225,15.908333333423968],[-16.47527777777225,15.908611111201992],[-16.474722222216542,15.908750000090834],[-16.474722222216542,15.908194444535127]]}},{"type":"Feature","properties":{"OBJECTID":10233,"Id":10233,"Contour":5.0,"Shape_Leng":0.00434912618105},"geometry":{"type":"LineString","coordinates":[[-16.505000000001075,15.907500000090636],[-16.503888888889776,15.907777777868489],[-16.503888888889776,15.908055555646285],[-16.50527777777893,15.908333333423968],[-16.505000000001075,15.907500000090636]]}},{"type":"Feature","properties":{"OBJECTID":10234,"Id":10234,"Contour":5.0,"Shape_Leng":0.00268918281426},"geometry":{"type":"LineString","coordinates":[[-16.488611111108526,15.907500000090636],[-16.488611111108526,15.908055555646285],[-16.489444444441972,15.908055555646285],[-16.489166666664232,15.907500000090636],[-16.488611111108526,15.907500000090636]]}},{"type":"Feature","properties":{"OBJECTID":10235,"Id":10235,"Contour":0.0,"Shape_Leng":0.000555555555479},"geometry":{"type":"LineString","coordinates":[[-16.473055555549593,15.907777777868489],[-16.473333333327332,15.907777777868489]]}},{"type":"Feature","properties":{"OBJECTID":10269,"Id":10269,"Contour":5.0,"Shape_Leng":0.00669330231531},"geometry":{"type":"LineString","coordinates":[[-16.480555555551234,15.907129635371462],[-16.48027777777338,15.907500000090636],[-16.48222222221824,15.908888888979845],[-16.48222222221824,15.907777777868489],[-16.480555555551234,15.907129635371462]]}},{"type":"Feature","properties":{"OBJECTID":10270,"Id":10270,"Contour":0.0,"Shape_Leng":0.00208588352398},"geometry":{"type":"LineString","coordinates":[[-16.479166666662024,15.907222222312782],[-16.47972222221773,15.907500000090636],[-16.479259257841818,15.907870364809582],[-16.47902777777307,15.907777777868489],[-16.479166666662024,15.907222222312782]]}},{"type":"Feature","properties":{"OBJECTID":10271,"Id":10271,"Contour":5.0,"Shape_Leng":0.00339613314422},"geometry":{"type":"LineString","coordinates":[[-16.47611111110581,15.907175920365091],[-16.47538888718799,15.90733334020564],[-16.47527777777225,15.907777777868489],[-16.47611111110581,15.908055555646285],[-16.47611111110581,15.907175920365091]]}},{"type":"Feature","properties":{"OBJECTID":10272,"Id":10272,"Contour":5.0,"Shape_Leng":0.00138800024848},"geometry":{"type":"LineString","coordinates":[[-16.473888888883096,15.906944444534929],[-16.473749999994197,15.907222222312782],[-16.473888888883096,15.907361111201624],[-16.47416666666095,15.907222222312782],[-16.473888888883096,15.906944444534929]]}},{"type":"Feature","properties":{"OBJECTID":10284,"Id":10284,"Contour":0.0,"Shape_Leng":0.00720775370278},"geometry":{"type":"MultiLineString","coordinates":[[[-16.468333333326257,15.906944444534929],[-16.468333333326257,15.907222222312782],[-16.46861111110411,15.907222222312782],[-16.46861111110411,15.907500000090636]],[[-16.46861111110411,15.907500000090636],[-16.468888888881963,15.907500000090636]],[[-16.468888888881963,15.907500000090636],[-16.469277776075444,15.907944437753486],[-16.46944444443767,15.908888888979845],[-16.46861111110411,15.908888888979845],[-16.468888888881963,15.907500000090636]],[[-16.46861111110411,15.907500000090636],[-16.468333333326257,15.907500000090636],[-16.468055555548347,15.907222222312782],[-16.468333333326257,15.906944444534929]]]}},{"type":"Feature","properties":{"OBJECTID":10309,"Id":10309,"Contour":5.0,"Shape_Leng":0.00157807465464},"geometry":{"type":"LineString","coordinates":[[-16.469722222215523,15.906388888979222],[-16.46944444443767,15.906666666757076],[-16.469722222215523,15.906805555645917],[-16.469999999993263,15.906666666757076],[-16.469722222215523,15.906388888979222]]}},{"type":"Feature","properties":{"OBJECTID":10325,"Id":10325,"Contour":0.0,"Shape_Leng":0.00111111111141},"geometry":{"type":"LineString","coordinates":[[-16.48027777777338,15.906388888979222],[-16.480555555551234,15.906388888979222],[-16.480555555551234,15.906666666757076],[-16.48027777777338,15.906666666757076],[-16.48027777777338,15.906388888979222]]}},{"type":"Feature","properties":{"OBJECTID":10340,"Id":10340,"Contour":5.0,"Shape_Leng":0.00205950376789},"geometry":{"type":"LineString","coordinates":[[-16.482499999996094,15.905833333423516],[-16.48222222221824,15.905833333423516],[-16.48222222221824,15.906388888979222],[-16.482777777773947,15.906388888979222],[-16.482499999996094,15.905833333423516]]}},{"type":"Feature","properties":{"OBJECTID":10357,"Id":10357,"Contour":5.0,"Shape_Leng":0.00372617043471},"geometry":{"type":"LineString","coordinates":[[-16.489166666664232,15.90555555564572],[-16.488888888886436,15.906666666757076],[-16.489722222219882,15.906666666757076],[-16.489722222219882,15.905833333423516],[-16.489166666664232,15.90555555564572]]}},{"type":"Feature","properties":{"OBJECTID":10373,"Id":10373,"Contour":0.0,"Shape_Leng":0.00208335756916},"geometry":{"type":"LineString","coordinates":[[-16.479444444439878,15.90555555564572],[-16.47972222221773,15.905833333423516],[-16.479166666662024,15.90611111120137],[-16.47902777777307,15.905833333423516],[-16.479444444439878,15.90555555564572]]}},{"type":"Feature","properties":{"OBJECTID":10401,"Id":10401,"Contour":5.0,"Shape_Leng":0.00423555177868},"geometry":{"type":"LineString","coordinates":[[-16.496111111110167,15.90472222231216],[-16.495833333332428,15.90611111120137],[-16.49638888888802,15.90611111120137],[-16.496666666665874,15.905277777867866],[-16.496111111110167,15.90472222231216]]}},{"type":"Feature","properties":{"OBJECTID":10402,"Id":10402,"Contour":5.0,"Shape_Leng":0.00157379717697},"geometry":{"type":"LineString","coordinates":[[-16.490833333331295,15.90472222231216],[-16.490694444442283,15.905000000090013],[-16.490833333331295,15.905277777867866],[-16.49111111110915,15.905000000090013],[-16.490833333331295,15.90472222231216]]}},{"type":"Feature","properties":{"OBJECTID":10420,"Id":10420,"Contour":0.0,"Shape_Leng":0.00111111111141},"geometry":{"type":"MultiLineString","coordinates":[[[-16.487222222219373,15.90472222231216],[-16.487222222219373,15.905000000090013]],[[-16.487222222219373,15.905000000090013],[-16.487499999997226,15.905000000090013]]]}},{"type":"Feature","properties":{"OBJECTID":10421,"Id":10421,"Contour":0.0,"Shape_Leng":0.000555555555707},"geometry":{"type":"LineString","coordinates":[[-16.47805555555061,15.90472222231216],[-16.478333333328465,15.90472222231216]]}},{"type":"Feature","properties":{"OBJECTID":10422,"Id":10422,"Contour":0.0,"Shape_Leng":0.000555555555707},"geometry":{"type":"LineString","coordinates":[[-16.471666666660326,15.90472222231216],[-16.471666666660326,15.905000000090013]]}},{"type":"Feature","properties":{"OBJECTID":10431,"Id":10431,"Contour":5.0,"Shape_Leng":0.00325996724466},"geometry":{"type":"LineString","coordinates":[[-16.500555555555707,15.904305555645465],[-16.500555555555707,15.905277777867866],[-16.501111111111356,15.905277777867866],[-16.5009722222224,15.904305555645465],[-16.500555555555707,15.904305555645465]]}},{"type":"Feature","properties":{"OBJECTID":10432,"Id":10432,"Contour":5.0,"Shape_Leng":0.0152614072587},"geometry":{"type":"LineString","coordinates":[[-16.49861111111079,15.904166666756453],[-16.498333333332937,15.905277777867866],[-16.501388888889096,15.908611111201992],[-16.50205555597978,15.907111104419926],[-16.499444444444237,15.904166666756453],[-16.49861111111079,15.904166666756453]]}},{"type":"Feature","properties":{"OBJECTID":10433,"Id":10433,"Contour":0.0,"Shape_Leng":0.00611111111266},"geometry":{"type":"LineString","coordinates":[[-16.467777777770607,15.904444444534306],[-16.468333333326257,15.904444444534306],[-16.468055555548347,15.90555555564572],[-16.468055555548347,15.90472222231216],[-16.466944444437047,15.905000000090013],[-16.467777777770607,15.904444444534306]]}},{"type":"Feature","properties":{"OBJECTID":10434,"Id":10434,"Contour":5.0,"Shape_Leng":0.00157379865275},"geometry":{"type":"LineString","coordinates":[[-16.46472222221439,15.904166666756453],[-16.464444444436538,15.904166666756453],[-16.46472222221439,15.904583333423318],[-16.46499999999213,15.904444444534306],[-16.46472222221439,15.904166666756453]]}},{"type":"Feature","properties":{"OBJECTID":10452,"Id":10452,"Contour":5.0,"Shape_Leng":0.00189678531295},"geometry":{"type":"LineString","coordinates":[[-16.495555555554574,15.9038888889786],[-16.49527777777672,15.9038888889786],[-16.495555555554574,15.904444444534306],[-16.495833333332428,15.904166666756453],[-16.495555555554574,15.9038888889786]]}},{"type":"Feature","properties":{"OBJECTID":10453,"Id":10453,"Contour":5.0,"Shape_Leng":0.00936755589688},"geometry":{"type":"LineString","coordinates":[[-16.486111111108016,15.9038888889786],[-16.484999999996603,15.90555555564572],[-16.48472222221875,15.906944444534929],[-16.486499998301554,15.90650000687208],[-16.486111111108016,15.9038888889786]]}},{"type":"Feature","properties":{"OBJECTID":10454,"Id":10454,"Contour":5.0,"Shape_Leng":0.00201333065404},"geometry":{"type":"MultiLineString","coordinates":[[[-16.463611111102978,15.904027777867611],[-16.463591021170824,15.904057912765833]],[[-16.46383768532338,15.904570532533947],[-16.46388888888083,15.904583333423318],[-16.463999998296458,15.90433332664145],[-16.463611111102978,15.904027777867611]]]}},{"type":"Feature","properties":{"OBJECTID":10475,"Id":10475,"Contour":5.0,"Shape_Leng":0.00296268783491},"geometry":{"type":"LineString","coordinates":[[-16.501666666667006,15.903611111200746],[-16.501388888889096,15.903611111200746],[-16.501388888889096,15.904444444534306],[-16.502222222222713,15.904166666756453],[-16.501666666667006,15.903611111200746]]}},{"type":"Feature","properties":{"OBJECTID":10476,"Id":10476,"Contour":0.0,"Shape_Leng":0.00382326114201},"geometry":{"type":"LineString","coordinates":[[-16.473888888883096,15.9038888889786],[-16.474074075481155,15.905000000090013],[-16.473611111105186,15.905416666756878],[-16.473240742147652,15.904444444534306],[-16.473888888883096,15.9038888889786]]}},{"type":"Feature","properties":{"OBJECTID":10484,"Id":10484,"Contour":5.0,"Shape_Leng":0.00205950376769},"geometry":{"type":"LineString","coordinates":[[-16.500833333333503,15.90333333342295],[-16.500555555555707,15.9038888889786],[-16.501111111111356,15.9038888889786],[-16.501111111111356,15.90333333342295],[-16.500833333333503,15.90333333342295]]}},{"type":"Feature","properties":{"OBJECTID":10485,"Id":10485,"Contour":5.0,"Shape_Leng":0.00261505932337},"geometry":{"type":"LineString","coordinates":[[-16.49472222222107,15.90333333342295],[-16.494444444443218,15.903611111200746],[-16.49527777777672,15.9038888889786],[-16.49527777777672,15.90333333342295],[-16.49472222222107,15.90333333342295]]}},{"type":"Feature","properties":{"OBJECTID":10486,"Id":10486,"Contour":0.0,"Shape_Leng":0.000555555555707},"geometry":{"type":"LineString","coordinates":[[-16.481944444440387,15.903611111200746],[-16.481944444440387,15.9038888889786]]}},{"type":"Feature","properties":{"OBJECTID":10501,"Id":10501,"Contour":5.0,"Shape_Leng":0.0028519048063},"geometry":{"type":"LineString","coordinates":[[-16.49638888888802,15.903194444534108],[-16.495833333332428,15.90333333342295],[-16.495833333332428,15.9038888889786],[-16.496666666665874,15.9038888889786],[-16.49638888888802,15.903194444534108]]}},{"type":"Feature","properties":{"OBJECTID":10502,"Id":10502,"Contour":0.0,"Shape_Leng":0.0233333333387},"geometry":{"type":"LineString","coordinates":[[-16.475555555550102,15.90333333342295],[-16.477222222217165,15.9038888889786],[-16.476388888883662,15.905833333423516],[-16.47749999999502,15.905277777867866],[-16.478611111106318,15.905833333423516],[-16.478611111106318,15.908055555646285],[-16.4777777777727,15.908888888979845],[-16.477222222217165,15.908888888979845],[-16.47694444443931,15.906944444534929],[-16.47416666666095,15.906388888979222],[-16.47444444443863,15.904166666756453],[-16.475555555550102,15.90333333342295]]}},{"type":"Feature","properties":{"OBJECTID":10503,"Id":10503,"Contour":0.0,"Shape_Leng":0.0011111111113},"geometry":{"type":"LineString","coordinates":[[-16.472499999993886,15.90333333342295],[-16.47277777777174,15.90333333342295],[-16.472499999993886,15.903611111200746],[-16.472499999993886,15.90333333342295]]}},{"type":"Feature","properties":{"OBJECTID":10518,"Id":10518,"Contour":5.0,"Shape_Leng":0.00478631379506},"geometry":{"type":"LineString","coordinates":[[-16.506944444445992,15.902916666756255],[-16.50611111111249,15.903611111200746],[-16.50666666666808,15.904166666756453],[-16.50777777777938,15.90333333342295],[-16.506944444445992,15.902916666756255]]}},{"type":"Feature","properties":{"OBJECTID":10519,"Id":10519,"Contour":0.0,"Shape_Leng":0.00055555555582},"geometry":{"type":"LineString","coordinates":[[-16.46499999999213,15.903055555645096],[-16.46527777777004,15.903055555645096]]}},{"type":"Feature","properties":{"OBJECTID":10533,"Id":10533,"Contour":5.0,"Shape_Leng":0.00213362725847},"geometry":{"type":"LineString","coordinates":[[-16.487499999997226,15.90250000008956],[-16.48738889058143,15.9028888957601],[-16.48777777777508,15.903055555645096],[-16.48805555555282,15.90250000008956],[-16.487499999997226,15.90250000008956]]}},{"type":"Feature","properties":{"OBJECTID":10534,"Id":10534,"Contour":0.0,"Shape_Leng":0.000555555555479},"geometry":{"type":"LineString","coordinates":[[-16.47972222221773,15.902777777867243],[-16.47999999999547,15.902777777867243]]}},{"type":"Feature","properties":{"OBJECTID":10535,"Id":10535,"Contour":0.0,"Shape_Leng":0.00141458249282},"geometry":{"type":"LineString","coordinates":[[-16.473888888883096,15.902777777867243],[-16.47416666666095,15.903055555645096],[-16.473888888883096,15.90333333342295],[-16.473749999994197,15.903055555645096],[-16.473888888883096,15.902777777867243]]}},{"type":"Feature","properties":{"OBJECTID":10545,"Id":10545,"Contour":5.0,"Shape_Leng":0.00222222222249},"geometry":{"type":"LineString","coordinates":[[-16.5,15.902222222311707],[-16.49972222222209,15.902222222311707],[-16.49972222222209,15.902777777867243],[-16.500277777777796,15.902777777867243],[-16.5,15.902222222311707]]}},{"type":"Feature","properties":{"OBJECTID":10546,"Id":10546,"Contour":5.0,"Shape_Leng":0.00121665567437},"geometry":{"type":"LineString","coordinates":[[-16.47694444443931,15.902222222311707],[-16.4766666666614,15.90250000008956],[-16.47694444443931,15.902638888978402],[-16.477083333328267,15.90250000008956],[-16.47694444443931,15.902222222311707]]}},{"type":"Feature","properties":{"OBJECTID":10563,"Id":10563,"Contour":5.0,"Shape_Leng":0.00205950376805},"geometry":{"type":"LineString","coordinates":[[-16.501388888889096,15.901944444533683],[-16.501111111111356,15.90250000008956],[-16.501666666667006,15.90250000008956],[-16.501666666667006,15.902222222311707],[-16.501388888889096,15.901944444533683]]}},{"type":"Feature","properties":{"OBJECTID":10564,"Id":10564,"Contour":5.0,"Shape_Leng":0.00486374885683},"geometry":{"type":"LineString","coordinates":[[-16.485833333330163,15.901944444533683],[-16.484999999996603,15.902777777867243],[-16.486111111108016,15.90333333342295],[-16.486388888885756,15.902222222311707],[-16.485833333330163,15.901944444533683]]}},{"type":"Feature","properties":{"OBJECTID":10581,"Id":10581,"Contour":0.0,"Shape_Leng":0.000555555556048},"geometry":{"type":"LineString","coordinates":[[-16.482499999996094,15.901944444533683],[-16.482499999996094,15.902222222311707]]}},{"type":"Feature","properties":{"OBJECTID":10598,"Id":10598,"Contour":5.0,"Shape_Leng":0.00330541526083},"geometry":{"type":"LineString","coordinates":[[-16.48777777777508,15.901388888978204],[-16.487499999997226,15.90166666675583],[-16.488333333330672,15.90250000008956],[-16.488611111108526,15.902222222311707],[-16.48777777777508,15.901388888978204]]}},{"type":"Feature","properties":{"OBJECTID":10599,"Id":10599,"Contour":0.0,"Shape_Leng":0.00241140503704},"geometry":{"type":"LineString","coordinates":[[-16.474999999994395,15.90166666675583],[-16.47527777777225,15.902222222311707],[-16.474722222216542,15.90250000008956],[-16.474722222216542,15.902222222311707],[-16.474999999994395,15.90166666675583]]}},{"type":"Feature","properties":{"OBJECTID":10619,"Id":10619,"Contour":5.0,"Shape_Leng":0.00835479763333},"geometry":{"type":"LineString","coordinates":[[-16.50638888889023,15.90111111120035],[-16.505000000001075,15.901388888978204],[-16.504722222223222,15.90333333342295],[-16.505972222223534,15.902638888978402],[-16.50638888889023,15.90111111120035]]}},{"type":"Feature","properties":{"OBJECTID":10620,"Id":10620,"Contour":0.0,"Shape_Leng":0.000555555555252},"geometry":{"type":"LineString","coordinates":[[-16.464444444436538,15.901388888978204],[-16.464444444436538,15.90166666675583]]}},{"type":"Feature","properties":{"OBJECTID":10621,"Id":10621,"Contour":0.0,"Shape_Leng":0.000555555555707},"geometry":{"type":"LineString","coordinates":[[-16.46305555554727,15.901388888978204],[-16.463333333325124,15.901388888978204]]}},{"type":"Feature","properties":{"OBJECTID":10635,"Id":10635,"Contour":5.0,"Shape_Leng":0.00127555280617},"geometry":{"type":"LineString","coordinates":[[-16.508333333335145,15.900833333422497],[-16.508194444446247,15.900972222311339],[-16.508333333335145,15.901388888978204],[-16.5084722222241,15.90111111120035],[-16.508333333335145,15.900833333422497]]}},{"type":"Feature","properties":{"OBJECTID":10636,"Id":10636,"Contour":5.0,"Shape_Leng":0.0079425462908},"geometry":{"type":"LineString","coordinates":[[-16.491388888887002,15.900833333422497],[-16.490555555553442,15.90250000008956],[-16.490833333331295,15.9038888889786],[-16.49194444444265,15.902777777867243],[-16.491388888887002,15.900833333422497]]}},{"type":"Feature","properties":{"OBJECTID":10650,"Id":10650,"Contour":0.0,"Shape_Leng":0.00166666666723},"geometry":{"type":"MultiLineString","coordinates":[[[-16.473611111105186,15.900833333422497],[-16.473888888883096,15.900833333422497],[-16.473888888883096,15.90111111120035]],[[-16.473888888883096,15.90111111120035],[-16.473888888883096,15.901388888978204]],[[-16.473888888883096,15.90111111120035],[-16.473611111105186,15.90111111120035],[-16.473611111105186,15.900833333422497]]]}},{"type":"Feature","properties":{"OBJECTID":10651,"Id":10651,"Contour":0.0,"Shape_Leng":0.00458841690103},"geometry":{"type":"MultiLineString","coordinates":[[[-16.471111111104676,15.900833333422497],[-16.471388888882416,15.901388888978204],[-16.47083333332688,15.902222222311707]],[[-16.47083333332688,15.902222222311707],[-16.470555555549026,15.902222222311707],[-16.470555555549026,15.90250000008956],[-16.47083333332688,15.902222222311707]],[[-16.47083333332688,15.902222222311707],[-16.471111111104676,15.900833333422497]]]}},{"type":"Feature","properties":{"OBJECTID":10668,"Id":10668,"Contour":5.0,"Shape_Leng":0.00715018304402},"geometry":{"type":"LineString","coordinates":[[-16.49527777777672,15.90027777786679],[-16.495555555554574,15.90166666675583],[-16.496666666665874,15.90250000008956],[-16.496944444443727,15.90111111120035],[-16.49527777777672,15.90027777786679]]}},{"type":"Feature","properties":{"OBJECTID":10685,"Id":10685,"Contour":5.0,"Shape_Leng":0.00391535457198},"geometry":{"type":"LineString","coordinates":[[-16.50638888889023,15.900000000088937],[-16.505833333334635,15.900833333422497],[-16.50666666666808,15.90111111120035],[-16.506944444445992,15.900555555644644],[-16.50638888889023,15.900000000088937]]}},{"type":"Feature","properties":{"OBJECTID":10686,"Id":10686,"Contour":5.0,"Shape_Leng":0.00176125984273},"geometry":{"type":"LineString","coordinates":[[-16.49861111111079,15.900138888977779],[-16.498333333332937,15.90027777786679],[-16.498333333332937,15.900555555644644],[-16.498888888888644,15.900555555644644],[-16.49861111111079,15.900138888977779]]}},{"type":"Feature","properties":{"OBJECTID":10687,"Id":10687,"Contour":0.0,"Shape_Leng":0.00278970184422},"geometry":{"type":"LineString","coordinates":[[-16.47694444443931,15.900138888977779],[-16.47749999999502,15.900138888977779],[-16.477611109410645,15.900388895759647],[-16.4766666666614,15.900740746481176],[-16.47694444443931,15.900138888977779]]}},{"type":"Feature","properties":{"OBJECTID":10688,"Id":10688,"Contour":0.0,"Shape_Leng":0.00268724845294},"geometry":{"type":"LineString","coordinates":[[-16.474999999994395,15.90027777786679],[-16.475833333327955,15.900138888977779],[-16.47611111110581,15.90027777786679],[-16.475833333327955,15.900555555644644],[-16.474999999994395,15.90027777786679]]}},{"type":"Feature","properties":{"OBJECTID":10689,"Id":10689,"Contour":0.0,"Shape_Leng":0.00111111111141},"geometry":{"type":"LineString","coordinates":[[-16.47194444443818,15.90027777786679],[-16.472222222216033,15.90027777786679],[-16.472222222216033,15.900555555644644],[-16.47194444443818,15.900555555644644],[-16.47194444443818,15.90027777786679]]}},{"type":"Feature","properties":{"OBJECTID":10704,"Id":10704,"Contour":5.0,"Shape_Leng":0.00251807336666},"geometry":{"type":"LineString","coordinates":[[-16.473055555549593,15.899907413147616],[-16.472916666660637,15.900000000088937],[-16.473055555549593,15.900648142585794],[-16.473611111105186,15.900000000088937],[-16.473055555549593,15.899907413147616]]}},{"type":"Feature","properties":{"OBJECTID":10732,"Id":10732,"Contour":5.0,"Shape_Leng":0.00317061487912},"geometry":{"type":"LineString","coordinates":[[-16.50638888889023,15.899166666755434],[-16.50611111111249,15.899722222311084],[-16.507222222223845,15.899722222311084],[-16.507222222223845,15.899166666755434],[-16.50638888889023,15.899166666755434]]}},{"type":"Feature","properties":{"OBJECTID":10733,"Id":10733,"Contour":5.0,"Shape_Leng":0.00363757900819},"geometry":{"type":"LineString","coordinates":[[-16.500277777777796,15.899305555644219],[-16.49972222222209,15.900000000088937],[-16.501111111111356,15.900000000088937],[-16.500833333333503,15.89944444453323],[-16.500277777777796,15.899305555644219]]}},{"type":"Feature","properties":{"OBJECTID":10734,"Id":10734,"Contour":5.0,"Shape_Leng":0.00185556448452},"geometry":{"type":"LineString","coordinates":[[-16.47444444443863,15.899305555644219],[-16.47444444443863,15.899583333422072],[-16.474999999994395,15.89944444453323],[-16.474999999994395,15.899166666755434],[-16.47444444443863,15.899305555644219]]}},{"type":"Feature","properties":{"OBJECTID":10751,"Id":10751,"Contour":5.0,"Shape_Leng":0.00628582863693},"geometry":{"type":"LineString","coordinates":[[-16.499166666666497,15.89888888897758],[-16.498888888888644,15.90027777786679],[-16.499444444444237,15.901527777866988],[-16.4998611111111,15.900555555644644],[-16.499166666666497,15.89888888897758]]}},{"type":"Feature","properties":{"OBJECTID":10752,"Id":10752,"Contour":5.0,"Shape_Leng":0.0031458208553},"geometry":{"type":"LineString","coordinates":[[-16.47611111110581,15.899074079814113],[-16.475833333327955,15.899722222311084],[-16.476388888883662,15.90018519092547],[-16.476805555550413,15.899722222311084],[-16.47611111110581,15.899074079814113]]}},{"type":"Feature","properties":{"OBJECTID":10753,"Id":10753,"Contour":0.0,"Shape_Leng":0.00333333333413},"geometry":{"type":"MultiLineString","coordinates":[[[-16.46055555554676,15.899166666755434],[-16.46138888888032,15.89944444453323],[-16.46138888888032,15.900000000088937],[-16.460990066372975,15.899867059253156]],[[-16.46055555554676,15.899380961904512],[-16.46055555554676,15.899166666755434]]]}},{"type":"Feature","properties":{"OBJECTID":10765,"Id":10765,"Contour":5.0,"Shape_Leng":0.00281306455977},"geometry":{"type":"LineString","coordinates":[[-16.50777777777938,15.898611111199727],[-16.50750000000164,15.89944444453323],[-16.50805555555729,15.89944444453323],[-16.50805555555729,15.898611111199727],[-16.50777777777938,15.898611111199727]]}},{"type":"Feature","properties":{"OBJECTID":10766,"Id":10766,"Contour":0.0,"Shape_Leng":0.000555555555479},"geometry":{"type":"LineString","coordinates":[[-16.476388888883662,15.89888888897758],[-16.4766666666614,15.89888888897758]]}},{"type":"Feature","properties":{"OBJECTID":10777,"Id":10777,"Contour":5.0,"Shape_Leng":0.00282766038231},"geometry":{"type":"LineString","coordinates":[[-16.49499999999881,15.898472222310886],[-16.49472222222107,15.89888888897758],[-16.49499999999881,15.89944444453323],[-16.49546296225543,15.89888888897758],[-16.49499999999881,15.898472222310886]]}},{"type":"Feature","properties":{"OBJECTID":10778,"Id":10778,"Contour":0.0,"Shape_Leng":0.00111111111141},"geometry":{"type":"MultiLineString","coordinates":[[[-16.48222222221824,15.898611111199727],[-16.48222222221824,15.89888888897758]],[[-16.48222222221824,15.89888888897758],[-16.482499999996094,15.89888888897758]]]}},{"type":"Feature","properties":{"OBJECTID":10790,"Id":10790,"Contour":0.0,"Shape_Leng":0.00111111111153},"geometry":{"type":"MultiLineString","coordinates":[[[-16.47999999999547,15.898333333421874],[-16.47999999999547,15.898611111199727]],[[-16.47999999999547,15.898611111199727],[-16.48027777777338,15.898611111199727]]]}},{"type":"Feature","properties":{"OBJECTID":10813,"Id":10813,"Contour":5.0,"Shape_Leng":0.00296696412957},"geometry":{"type":"LineString","coordinates":[[-16.50527777777893,15.897638888977156],[-16.505000000001075,15.897777777866168],[-16.505000000001075,15.898333333421874],[-16.505833333334635,15.89805555564402],[-16.50527777777893,15.897638888977156]]}},{"type":"Feature","properties":{"OBJECTID":10814,"Id":10814,"Contour":0.0,"Shape_Leng":0.00491895462506},"geometry":{"type":"LineString","coordinates":[[-16.496666666665874,15.897777777866168],[-16.49722222222158,15.898611111199727],[-16.49638888888802,15.899166666755434],[-16.496031746333642,15.898253970764472],[-16.496666666665874,15.897777777866168]]}},{"type":"Feature","properties":{"OBJECTID":10815,"Id":10815,"Contour":5.0,"Shape_Leng":0.00702775555778},"geometry":{"type":"LineString","coordinates":[[-16.492222222220505,15.897638888977156],[-16.491388888887002,15.898333333421874],[-16.49166666666474,15.90027777786679],[-16.49277777777604,15.89888888897758],[-16.492222222220505,15.897638888977156]]}},{"type":"Feature","properties":{"OBJECTID":10816,"Id":10816,"Contour":5.0,"Shape_Leng":0.00254265774931},"geometry":{"type":"LineString","coordinates":[[-16.472222222216033,15.897500000088314],[-16.47180555554928,15.89805555564402],[-16.47194444443818,15.898333333421874],[-16.472499999993886,15.89805555564402],[-16.472222222216033,15.897500000088314]]}},{"type":"Feature","properties":{"OBJECTID":10831,"Id":10831,"Contour":0.0,"Shape_Leng":0.00111111111141},"geometry":{"type":"MultiLineString","coordinates":[[[-16.47888888888417,15.897500000088314],[-16.479166666662024,15.897500000088314]],[[-16.479166666662024,15.897500000088314],[-16.479166666662024,15.897777777866168]]]}},{"type":"Feature","properties":{"OBJECTID":10849,"Id":10849,"Contour":0.0,"Shape_Leng":0.00166666666689},"geometry":{"type":"MultiLineString","coordinates":[[[-16.469722222215523,15.897222222310461],[-16.470277777771116,15.897222222310461]],[[-16.470277777771116,15.897222222310461],[-16.470277777771116,15.897500000088314]]]}},{"type":"Feature","properties":{"OBJECTID":10861,"Id":10861,"Contour":5.0,"Shape_Leng":0.00300789642424},"geometry":{"type":"LineString","coordinates":[[-16.49972222222209,15.896666666754811],[-16.499444444444237,15.896666666754811],[-16.49972222222209,15.897500000088314],[-16.500277777777796,15.897222222310461],[-16.49972222222209,15.896666666754811]]}},{"type":"Feature","properties":{"OBJECTID":10862,"Id":10862,"Contour":0.0,"Shape_Leng":0.0011111111113},"geometry":{"type":"LineString","coordinates":[[-16.479444444439878,15.896944444532664],[-16.47972222221773,15.896944444532664],[-16.479444444439878,15.897222222310461],[-16.479444444439878,15.896944444532664]]}},{"type":"Feature","properties":{"OBJECTID":10872,"Id":10872,"Contour":0.0,"Shape_Leng":0.00444444444531},"geometry":{"type":"LineString","coordinates":[[-16.474999999994395,15.896666666754811],[-16.47527777777225,15.897222222310461],[-16.473888888883096,15.897500000088314],[-16.474999999994395,15.897222222310461],[-16.474999999994395,15.896666666754811]]}},{"type":"Feature","properties":{"OBJECTID":10873,"Id":10873,"Contour":5.0,"Shape_Leng":0.00157379865247},"geometry":{"type":"MultiLineString","coordinates":[[[-16.458333333323992,15.89652777786597],[-16.458106529603256,15.896641179726315]],[[-16.458278132614307,15.896833155998616],[-16.458611111101845,15.896666666754811],[-16.458333333323992,15.89652777786597]]]}},{"type":"Feature","properties":{"OBJECTID":10890,"Id":10890,"Contour":5.0,"Shape_Leng":0.00157807524029},"geometry":{"type":"LineString","coordinates":[[-16.504444444445312,15.896111111199104],[-16.504166666667572,15.896388888976958],[-16.504444444445312,15.89652777786597],[-16.504722222223222,15.896388888976958],[-16.504444444445312,15.896111111199104]]}},{"type":"Feature","properties":{"OBJECTID":10911,"Id":10911,"Contour":5.0,"Shape_Leng":0.00240616480297},"geometry":{"type":"LineString","coordinates":[[-16.46166666665806,15.895972222310263],[-16.46127777946458,15.896277771084272],[-16.46138888888032,15.896666666754811],[-16.462055553851712,15.896222229091961],[-16.46166666665806,15.895972222310263]]}},{"type":"Feature","properties":{"OBJECTID":10923,"Id":10923,"Contour":0.0,"Shape_Leng":0.00166666666712},"geometry":{"type":"LineString","coordinates":[[-16.494166666665365,15.895833333421251],[-16.494444444443218,15.895833333421251],[-16.494166666665365,15.896388888976958],[-16.494166666665365,15.895833333421251]]}},{"type":"Feature","properties":{"OBJECTID":10924,"Id":10924,"Contour":5.0,"Shape_Leng":0.00349777518186},"geometry":{"type":"LineString","coordinates":[[-16.49166666666474,15.895555555643398],[-16.491805555553753,15.89652777786597],[-16.49249999999836,15.896388888976958],[-16.492222222220505,15.895555555643398],[-16.49166666666474,15.895555555643398]]}},{"type":"Feature","properties":{"OBJECTID":10925,"Id":10925,"Contour":0.0,"Shape_Leng":0.00111111111141},"geometry":{"type":"MultiLineString","coordinates":[[[-16.477222222217165,15.895833333421251],[-16.477222222217165,15.896111111199104]],[[-16.477222222217165,15.896111111199104],[-16.47749999999502,15.896111111199104]]]}},{"type":"Feature","properties":{"OBJECTID":10926,"Id":10926,"Contour":0.0,"Shape_Leng":0.00166666666723},"geometry":{"type":"LineString","coordinates":[[-16.47444444443863,15.895833333421251],[-16.47444444443863,15.896111111199104],[-16.474722222216542,15.896388888976958],[-16.474722222216542,15.896111111199104],[-16.47444444443863,15.895833333421251]]}},{"type":"Feature","properties":{"OBJECTID":10927,"Id":10927,"Contour":0.0,"Shape_Leng":0.0016818935019},"geometry":{"type":"LineString","coordinates":[[-16.458611111101845,15.89569444453241],[-16.458888888879756,15.895833333421251],[-16.458888888879756,15.896111111199104],[-16.458333333323992,15.896111111199104],[-16.458611111101845,15.89569444453241]]}},{"type":"Feature","properties":{"OBJECTID":10940,"Id":10940,"Contour":5.0,"Shape_Leng":0.00173651563179},"geometry":{"type":"LineString","coordinates":[[-16.493611111109658,15.895277777865545],[-16.493333333331805,15.895277777865545],[-16.493333333331805,15.895833333421251],[-16.493611111109658,15.895833333421251],[-16.493611111109658,15.895277777865545]]}},{"type":"Feature","properties":{"OBJECTID":10941,"Id":10941,"Contour":0.0,"Shape_Leng":0.00111111111141},"geometry":{"type":"MultiLineString","coordinates":[[[-16.47888888888417,15.895555555643398],[-16.479166666662024,15.895555555643398]],[[-16.479166666662024,15.895555555643398],[-16.479166666662024,15.895833333421251]]]}},{"type":"Feature","properties":{"OBJECTID":10942,"Id":10942,"Contour":0.0,"Shape_Leng":0.0018384583158},"geometry":{"type":"LineString","coordinates":[[-16.469722222215523,15.895555555643398],[-16.469999999993263,15.895833333421251],[-16.46944444443767,15.896111111199104],[-16.469382714158712,15.895771603142407],[-16.469722222215523,15.895555555643398]]}},{"type":"Feature","properties":{"OBJECTID":10943,"Id":10943,"Contour":10.0,"Shape_Leng":0.00146716416714},"geometry":{"type":"LineString","coordinates":[[-16.463611111102978,15.895416666754556],[-16.463611111102978,15.89569444453241],[-16.46402777776973,15.895555555643398],[-16.46388888888083,15.895277777865545],[-16.463611111102978,15.895416666754556]]}},{"type":"Feature","properties":{"OBJECTID":10957,"Id":10957,"Contour":-5.0,"Shape_Leng":0.00305156364929},"geometry":{"type":"LineString","coordinates":[[-16.496944444443727,15.895277777865545],[-16.496944444443727,15.896388888976958],[-16.496666666665874,15.896388888976958],[-16.496527777777032,15.895555555643398],[-16.496944444443727,15.895277777865545]]}},{"type":"Feature","properties":{"OBJECTID":10965,"Id":10965,"Contour":5.0,"Shape_Leng":0.00174079310986},"geometry":{"type":"LineString","coordinates":[[-16.471666666660326,15.894722222309895],[-16.471388888882416,15.894722222309895],[-16.471666666660326,15.895138888976703],[-16.47194444443818,15.895000000087691],[-16.471666666660326,15.894722222309895]]}},{"type":"Feature","properties":{"OBJECTID":10979,"Id":10979,"Contour":5.0,"Shape_Leng":0.0193182573111},"geometry":{"type":"LineString","coordinates":[[-16.50611111111249,15.894444444532212],[-16.505000000001075,15.896666666754811],[-16.50611111111249,15.896666666754811],[-16.505555555556782,15.897222222310461],[-16.50611111111249,15.898333333421874],[-16.507222222223845,15.897777777866168],[-16.507222222223845,15.898611111199727],[-16.50805555555729,15.898611111199727],[-16.50805555555729,15.896388888976958],[-16.50750000000164,15.896111111199104],[-16.50666666666808,15.897500000088314],[-16.50611111111249,15.894444444532212]]}},{"type":"Feature","properties":{"OBJECTID":10980,"Id":10980,"Contour":5.0,"Shape_Leng":0.00375936104537},"geometry":{"type":"LineString","coordinates":[[-16.49194444444265,15.894444444532212],[-16.49166666666474,15.894444444532212],[-16.49166666666474,15.895555555643398],[-16.49249999999836,15.895277777865545],[-16.49194444444265,15.894444444532212]]}},{"type":"Feature","properties":{"OBJECTID":10990,"Id":10990,"Contour":5.0,"Shape_Leng":0.00159365971911},"geometry":{"type":"LineString","coordinates":[[-16.467499999992754,15.8943055556432],[-16.467388890577013,15.894555562424841],[-16.467777777770607,15.894722222309895],[-16.467916666659505,15.894444444532212],[-16.467499999992754,15.8943055556432]]}},{"type":"Feature","properties":{"OBJECTID":10991,"Id":10991,"Contour":0.0,"Shape_Leng":0.00055555555582},"geometry":{"type":"LineString","coordinates":[[-16.458611111101845,15.894444444532212],[-16.458888888879756,15.894444444532212]]}},{"type":"Feature","properties":{"OBJECTID":11006,"Id":11006,"Contour":5.0,"Shape_Leng":0.0117016974324},"geometry":{"type":"LineString","coordinates":[[-16.49861111111079,15.894027777865347],[-16.497638888888332,15.895972222310263],[-16.499166666666497,15.894444444532212],[-16.49972222222209,15.895833333421251],[-16.500555555555707,15.895833333421251],[-16.500555555555707,15.894166666754359],[-16.49861111111079,15.894027777865347]]}},{"type":"Feature","properties":{"OBJECTID":11007,"Id":11007,"Contour":5.0,"Shape_Leng":0.00139227625043},"geometry":{"type":"LineString","coordinates":[[-16.49027777777559,15.893888888976505],[-16.49013888888669,15.894166666754359],[-16.49027777777559,15.8943055556432],[-16.490555555553442,15.894166666754359],[-16.49027777777559,15.893888888976505]]}},{"type":"Feature","properties":{"OBJECTID":11008,"Id":11008,"Contour":0.0,"Shape_Leng":0.000555555555707},"geometry":{"type":"LineString","coordinates":[[-16.469999999993263,15.894166666754359],[-16.469999999993263,15.894444444532212]]}},{"type":"Feature","properties":{"OBJECTID":11027,"Id":11027,"Contour":0.0,"Shape_Leng":0.00340318229853},"geometry":{"type":"LineString","coordinates":[[-16.483888888885303,15.893888888976505],[-16.484277776078784,15.894555562424841],[-16.483333333329597,15.894722222309895],[-16.483888888885303,15.894166666754359],[-16.483888888885303,15.893888888976505]]}},{"type":"Feature","properties":{"OBJECTID":11028,"Id":11028,"Contour":5.0,"Shape_Leng":0.00272487841297},"geometry":{"type":"LineString","coordinates":[[-16.46194444443597,15.893750000087493],[-16.46166666665806,15.894166666754359],[-16.46194444443597,15.894444444532212],[-16.462499999991678,15.893611111198652],[-16.46194444443597,15.893750000087493]]}},{"type":"Feature","properties":{"OBJECTID":11043,"Id":11043,"Contour":0.0,"Shape_Leng":0.00579973414567},"geometry":{"type":"LineString","coordinates":[[-16.479444444439878,15.893611111198652],[-16.480634922447166,15.895198415208313],[-16.48027777777338,15.89569444453241],[-16.47986111110663,15.895416666754556],[-16.479444444439878,15.893611111198652]]}},{"type":"Feature","properties":{"OBJECTID":11053,"Id":11053,"Contour":5.0,"Shape_Leng":0.0109053521757},"geometry":{"type":"LineString","coordinates":[[-16.50666666666808,15.893055555642945],[-16.506944444445992,15.895555555643398],[-16.50750000000164,15.896111111199104],[-16.508611111112998,15.89569444453241],[-16.50805555555729,15.893333333420799],[-16.50666666666808,15.893055555642945]]}},{"type":"Feature","properties":{"OBJECTID":11054,"Id":11054,"Contour":5.0,"Shape_Leng":0.00375263833092},"geometry":{"type":"LineString","coordinates":[[-16.504722222223222,15.893055555642945],[-16.503888888889776,15.893611111198652],[-16.504166666667572,15.894166666754359],[-16.505000000001075,15.893611111198652],[-16.504722222223222,15.893055555642945]]}},{"type":"Feature","properties":{"OBJECTID":11055,"Id":11055,"Contour":-5.0,"Shape_Leng":0.00166548112443},"geometry":{"type":"LineString","coordinates":[[-16.496944444443727,15.893148142584096],[-16.49736111111048,15.893333333420799],[-16.497314815520667,15.893611111198652],[-16.49682098812451,15.893456793978487],[-16.496944444443727,15.893148142584096]]}},{"type":"Feature","properties":{"OBJECTID":11063,"Id":11063,"Contour":0.0,"Shape_Leng":0.00228962241371},"geometry":{"type":"LineString","coordinates":[[-16.48222222221824,15.893055555642945],[-16.482499999996094,15.893333333420799],[-16.48222222221824,15.893611111198652],[-16.481666666662534,15.893611111198652],[-16.48222222221824,15.893055555642945]]}},{"type":"Feature","properties":{"OBJECTID":11064,"Id":11064,"Contour":0.0,"Shape_Leng":0.00111111111141},"geometry":{"type":"LineString","coordinates":[[-16.477222222217165,15.893055555642945],[-16.47749999999502,15.893055555642945],[-16.47749999999502,15.893333333420799],[-16.477222222217165,15.893333333420799],[-16.477222222217165,15.893055555642945]]}},{"type":"Feature","properties":{"OBJECTID":11065,"Id":11065,"Contour":5.0,"Shape_Leng":0.00209269437836},"geometry":{"type":"LineString","coordinates":[[-16.456111111101336,15.892777777865149],[-16.45583333332354,15.893055555642945],[-16.456388888879076,15.893333333420799],[-16.456499998294873,15.892944437750145],[-16.456111111101336,15.892777777865149]]}},{"type":"Feature","properties":{"OBJECTID":11074,"Id":11074,"Contour":0.0,"Shape_Leng":0.012347790488},"geometry":{"type":"LineString","coordinates":[[-16.496666666665874,15.892638888976137],[-16.497870371076317,15.893333333420799],[-16.49673611111041,15.894166666754359],[-16.49736111111048,15.895555555643398],[-16.496944444443727,15.897222222310461],[-16.49590277777685,15.894444444532212],[-16.496666666665874,15.892638888976137]]}},{"type":"Feature","properties":{"OBJECTID":11087,"Id":11087,"Contour":5.0,"Shape_Leng":0.00222222222283},"geometry":{"type":"LineString","coordinates":[[-16.503888888889776,15.892222222309442],[-16.503611111111866,15.892222222309442],[-16.503611111111866,15.892777777865149],[-16.504166666667572,15.892777777865149],[-16.503888888889776,15.892222222309442]]}},{"type":"Feature","properties":{"OBJECTID":11088,"Id":11088,"Contour":0.0,"Shape_Leng":0.00306003022357},"geometry":{"type":"LineString","coordinates":[[-16.48361111110745,15.892430555642761],[-16.483999998301044,15.892888895757778],[-16.482962964372007,15.893148142584096],[-16.483055555551687,15.892777777865149],[-16.48361111110745,15.892430555642761]]}},{"type":"Feature","properties":{"OBJECTID":11089,"Id":11089,"Contour":5.0,"Shape_Leng":0.0018967853129},"geometry":{"type":"LineString","coordinates":[[-16.471388888882416,15.892222222309442],[-16.471111111104676,15.892500000087296],[-16.471666666660326,15.892777777865149],[-16.471666666660326,15.892222222309442],[-16.471388888882416,15.892222222309442]]}},{"type":"Feature","properties":{"OBJECTID":11108,"Id":11108,"Contour":5.0,"Shape_Leng":0.00317061487941},"geometry":{"type":"LineString","coordinates":[[-16.505000000001075,15.891944444531589],[-16.504444444445312,15.892222222309442],[-16.504444444445312,15.892777777865149],[-16.50527777777893,15.892777777865149],[-16.505000000001075,15.891944444531589]]}},{"type":"Feature","properties":{"OBJECTID":11109,"Id":11109,"Contour":5.0,"Shape_Leng":0.00382675960815},"geometry":{"type":"LineString","coordinates":[[-16.495555555554574,15.891944444531589],[-16.49499999999881,15.892777777865149],[-16.49527777777672,15.893333333420799],[-16.49597222222127,15.892500000087296],[-16.495555555554574,15.891944444531589]]}},{"type":"Feature","properties":{"OBJECTID":11110,"Id":11110,"Contour":5.0,"Shape_Leng":0.00396406737782},"geometry":{"type":"LineString","coordinates":[[-16.490833333331295,15.891944444531589],[-16.490833333331295,15.892777777865149],[-16.49194444444265,15.892500000087296],[-16.49194444444265,15.892222222309442],[-16.490833333331295,15.891944444531589]]}},{"type":"Feature","properties":{"OBJECTID":11119,"Id":11119,"Contour":5.0,"Shape_Leng":0.0132388752317},"geometry":{"type":"LineString","coordinates":[[-16.5,15.891666666753736],[-16.499166666666497,15.892777777865149],[-16.501111111111356,15.893333333420799],[-16.500555555555707,15.894444444532212],[-16.501666666667006,15.895000000087691],[-16.502222222222713,15.893055555642945],[-16.501666666667006,15.891944444531589],[-16.5,15.891666666753736]]}},{"type":"Feature","properties":{"OBJECTID":11120,"Id":11120,"Contour":5.0,"Shape_Leng":0.00107898050328},"geometry":{"type":"LineString","coordinates":[[-16.468888888881963,15.891666666753736],[-16.46861111110411,15.891944444531589],[-16.4689259253538,15.891981489480543],[-16.468888888881963,15.891666666753736]]}},{"type":"Feature","properties":{"OBJECTID":11131,"Id":11131,"Contour":5.0,"Shape_Leng":0.00123556248069},"geometry":{"type":"LineString","coordinates":[[-16.469166666659817,15.891388888975882],[-16.468888888881963,15.891388888975882],[-16.468888888881963,15.891666666753736],[-16.469203703131654,15.89170371170269],[-16.469166666659817,15.891388888975882]]}},{"type":"Feature","properties":{"OBJECTID":11144,"Id":11144,"Contour":5.0,"Shape_Leng":0.00205950376789},"geometry":{"type":"LineString","coordinates":[[-16.505555555556782,15.891111111198029],[-16.50527777777893,15.891111111198029],[-16.50527777777893,15.891666666753736],[-16.505833333334635,15.891388888975882],[-16.505555555556782,15.891111111198029]]}},{"type":"Feature","properties":{"OBJECTID":11145,"Id":11145,"Contour":5.0,"Shape_Leng":0.00766872020578},"geometry":{"type":"LineString","coordinates":[[-16.501666666667006,15.891111111198029],[-16.50194444444486,15.892500000087296],[-16.503888888889776,15.891944444531589],[-16.503888888889776,15.891388888975882],[-16.501666666667006,15.891111111198029]]}},{"type":"Feature","properties":{"OBJECTID":11146,"Id":11146,"Contour":0.0,"Shape_Leng":0.00111111111153},"geometry":{"type":"MultiLineString","coordinates":[[[-16.4777777777727,15.891388888975882],[-16.47805555555061,15.891388888975882]],[[-16.47805555555061,15.891388888975882],[-16.47805555555061,15.891666666753736]]]}},{"type":"Feature","properties":{"OBJECTID":11147,"Id":11147,"Contour":5.0,"Shape_Leng":0.00494137316712},"geometry":{"type":"LineString","coordinates":[[-16.457499999990546,15.891111111198029],[-16.457499999990546,15.892777777865149],[-16.4577777777684,15.892777777865149],[-16.458333333323992,15.892222222309442],[-16.457499999990546,15.891111111198029]]}},{"type":"Feature","properties":{"OBJECTID":11162,"Id":11162,"Contour":5.0,"Shape_Leng":0.0142226675199},"geometry":{"type":"LineString","coordinates":[[-16.492222222220505,15.890833333420176],[-16.492222222220505,15.892777777865149],[-16.493194444442906,15.893611111198652],[-16.49249999999836,15.895277777865545],[-16.493611111109658,15.895277777865545],[-16.49472222222107,15.893055555642945],[-16.492222222220505,15.890833333420176]]}},{"type":"Feature","properties":{"OBJECTID":11163,"Id":11163,"Contour":10.0,"Shape_Leng":0.00953868454024},"geometry":{"type":"LineString","coordinates":[[-16.465555555547894,15.890833333420176],[-16.46472222221439,15.892222222309442],[-16.46472222221439,15.893888888976505],[-16.46597222221459,15.893611111198652],[-16.465555555547894,15.892777777865149],[-16.466481480061134,15.891666666753736],[-16.465555555547894,15.890833333420176]]}},{"type":"Feature","properties":{"OBJECTID":11198,"Id":11198,"Contour":5.0,"Shape_Leng":0.00261505932314},"geometry":{"type":"LineString","coordinates":[[-16.49249999999836,15.890000000086673],[-16.492222222220505,15.890277777864526],[-16.492222222220505,15.890833333420176],[-16.49277777777604,15.890833333420176],[-16.49249999999836,15.890000000086673]]}},{"type":"Feature","properties":{"OBJECTID":11199,"Id":11199,"Contour":5.0,"Shape_Leng":0.00242158596135},"geometry":{"type":"LineString","coordinates":[[-16.483888888885303,15.890000000086673],[-16.48361111110745,15.89055555564238],[-16.483888888885303,15.890833333420176],[-16.484305555551998,15.89055555564238],[-16.483888888885303,15.890000000086673]]}},{"type":"Feature","properties":{"OBJECTID":11210,"Id":11210,"Contour":5.0,"Shape_Leng":0.00277777777842},"geometry":{"type":"LineString","coordinates":[[-16.498888888888644,15.890000000086673],[-16.499166666666497,15.890000000086673],[-16.498888888888644,15.890833333420176],[-16.49861111111079,15.89055555564238],[-16.498888888888644,15.890000000086673]]}},{"type":"Feature","properties":{"OBJECTID":11211,"Id":11211,"Contour":5.0,"Shape_Leng":0.00300789642447},"geometry":{"type":"MultiLineString","coordinates":[[[-16.45222222221156,15.88972222230882],[-16.45180717329189,15.889929746768654]],[[-16.452352938543388,15.89035130858756],[-16.45249999998947,15.890277777864526],[-16.45222222221156,15.88972222230882]]]}},{"type":"Feature","properties":{"OBJECTID":11226,"Id":11226,"Contour":5.0,"Shape_Leng":0.00261505932337},"geometry":{"type":"LineString","coordinates":[[-16.459444444435462,15.889444444530966],[-16.45916666665761,15.890000000086673],[-16.459999999991055,15.890000000086673],[-16.459999999991055,15.88972222230882],[-16.459444444435462,15.889444444530966]]}},{"type":"Feature","properties":{"OBJECTID":11238,"Id":11238,"Contour":10.0,"Shape_Leng":0.00353433265175},"geometry":{"type":"LineString","coordinates":[[-16.4661111111036,15.889305555642125],[-16.465833333325747,15.88972222230882],[-16.466944444437047,15.890000000086673],[-16.466944444437047,15.889166666753113],[-16.4661111111036,15.889305555642125]]}},{"type":"Feature","properties":{"OBJECTID":11239,"Id":11239,"Contour":5.0,"Shape_Leng":0.0148072626496},"geometry":{"type":"LineString","coordinates":[[-16.462222222213825,15.889351857589816],[-16.460833333324615,15.889444444530966],[-16.46027777776891,15.891666666753736],[-16.46138888888032,15.892916666753933],[-16.46277777776953,15.891944444531589],[-16.46138888888032,15.890277777864526],[-16.46277777776953,15.890277777864526],[-16.462222222213825,15.889351857589816]]}},{"type":"Feature","properties":{"OBJECTID":11255,"Id":11255,"Contour":5.0,"Shape_Leng":0.0025426577492},"geometry":{"type":"LineString","coordinates":[[-16.454166666656477,15.889027777864271],[-16.453888888878623,15.889444444530966],[-16.454722222212183,15.88972222230882],[-16.454722222212183,15.889444444530966],[-16.454166666656477,15.889027777864271]]}},{"type":"Feature","properties":{"OBJECTID":11269,"Id":11269,"Contour":0.0,"Shape_Leng":0.00518138997209},"geometry":{"type":"LineString","coordinates":[[-16.47972222221773,15.88888888897526],[-16.47999999999547,15.88972222230882],[-16.479166666662024,15.890833333420176],[-16.478777779468373,15.890444437749522],[-16.47972222221773,15.88888888897526]]}},{"type":"Feature","properties":{"OBJECTID":11270,"Id":11270,"Contour":5.0,"Shape_Leng":0.00189678531295},"geometry":{"type":"LineString","coordinates":[[-16.459999999991055,15.888611111197406],[-16.459722222213202,15.88888888897526],[-16.459722222213202,15.889166666753113],[-16.46027777776891,15.889166666753113],[-16.459999999991055,15.888611111197406]]}},{"type":"Feature","properties":{"OBJECTID":11283,"Id":11283,"Contour":5.0,"Shape_Leng":0.0224082259056},"geometry":{"type":"LineString","coordinates":[[-16.50666666666808,15.888472222308621],[-16.50611111111249,15.888611111197406],[-16.506944444445992,15.889166666753113],[-16.50638888889023,15.891111111198029],[-16.50824074003617,15.893425920361949],[-16.508611111112998,15.891388888975882],[-16.50777777777938,15.890833333420176],[-16.50750000000164,15.890277777864526],[-16.50805555555729,15.889444444530966],[-16.50805555555729,15.890833333420176],[-16.50888888889085,15.890740746479082],[-16.509166666668705,15.888611111197406],[-16.508333333335145,15.88833333341961],[-16.50777777777938,15.889166666753113],[-16.50666666666808,15.888472222308621]]}},{"type":"Feature","properties":{"OBJECTID":11308,"Id":11308,"Contour":5.0,"Shape_Leng":0.0127381607091},"geometry":{"type":"LineString","coordinates":[[-16.503611111111866,15.887916666752915],[-16.503333333334012,15.888611111197406],[-16.503888888889776,15.888611111197406],[-16.502916666667318,15.889444444530966],[-16.504444444445312,15.891388888975882],[-16.505000000001075,15.89055555564238],[-16.504166666667572,15.88972222230882],[-16.505000000001075,15.888611111197406],[-16.504722222223222,15.887777777863903],[-16.503611111111866,15.887916666752915]]}},{"type":"Feature","properties":{"OBJECTID":11309,"Id":11309,"Contour":5.0,"Shape_Leng":0.00270965249888},"geometry":{"type":"LineString","coordinates":[[-16.49722222222158,15.887916666752915],[-16.496944444443727,15.88833333341961],[-16.497777777777287,15.888611111197406],[-16.497777777777287,15.888055555641756],[-16.49722222222158,15.887916666752915]]}},{"type":"Feature","properties":{"OBJECTID":11320,"Id":11320,"Contour":10.0,"Shape_Leng":0.00157807465464},"geometry":{"type":"LineString","coordinates":[[-16.465555555547894,15.88750000008622],[-16.46527777777004,15.887777777863903],[-16.465555555547894,15.887916666752915],[-16.465833333325747,15.887777777863903],[-16.465555555547894,15.88750000008622]]}},{"type":"Feature","properties":{"OBJECTID":11321,"Id":11321,"Contour":5.0,"Shape_Leng":0.0121678114556},"geometry":{"type":"LineString","coordinates":[[-16.4577777777684,15.88750000008622],[-16.45694444443484,15.887777777863903],[-16.456388888879076,15.889444444530966],[-16.457499999990546,15.890833333420176],[-16.457222222212692,15.88888888897526],[-16.4577777777684,15.888611111197406],[-16.458055555546252,15.889444444530966],[-16.458611111101845,15.888611111197406],[-16.4577777777684,15.88750000008622]]}},{"type":"Feature","properties":{"OBJECTID":11322,"Id":11322,"Contour":5.0,"Shape_Leng":0.00758335688689},"geometry":{"type":"MultiLineString","coordinates":[[[-16.44888888887749,15.88750000008622],[-16.448789817915504,15.887599071048179]],[[-16.448990531652367,15.887754107023369],[-16.44888888887749,15.88750000008622]]]}},{"type":"Feature","properties":{"OBJECTID":11338,"Id":11338,"Contour":5.0,"Shape_Leng":0.0145714605253},"geometry":{"type":"LineString","coordinates":[[-16.49527777777672,15.887361111197208],[-16.493611111109658,15.88888888897526],[-16.494444444443218,15.889444444530966],[-16.49472222222107,15.888611111197406],[-16.49499999999881,15.890833333420176],[-16.495833333332428,15.890833333420176],[-16.495555555554574,15.88888888897526],[-16.496944444443727,15.888055555641756],[-16.49527777777672,15.887361111197208]]}},{"type":"Feature","properties":{"OBJECTID":11339,"Id":11339,"Contour":5.0,"Shape_Leng":0.00333333333379},"geometry":{"type":"LineString","coordinates":[[-16.490833333331295,15.88750000008622],[-16.491388888887002,15.88750000008622],[-16.49194444444265,15.887777777863903],[-16.49111111110915,15.888055555641756],[-16.490833333331295,15.88750000008622]]}},{"type":"Feature","properties":{"OBJECTID":11340,"Id":11340,"Contour":5.0,"Shape_Leng":0.00121893617343},"geometry":{"type":"LineString","coordinates":[[-16.486111111108016,15.887361111197208],[-16.48597222221906,15.88750000008622],[-16.486111111108016,15.887777777863903],[-16.486388888885756,15.88750000008622],[-16.486111111108016,15.887361111197208]]}},{"type":"Feature","properties":{"OBJECTID":11341,"Id":11341,"Contour":5.0,"Shape_Leng":0.00231253910323},"geometry":{"type":"LineString","coordinates":[[-16.451944444433707,15.887222222308367],[-16.451666666655854,15.887222222308367],[-16.451805555544865,15.887916666752915],[-16.45222222221156,15.887777777863903],[-16.451944444433707,15.887222222308367]]}},{"type":"Feature","properties":{"OBJECTID":11351,"Id":11351,"Contour":0.0,"Shape_Leng":0.00333333333401},"geometry":{"type":"MultiLineString","coordinates":[[[-16.485555555552367,15.887222222308367],[-16.485277777774456,15.88750000008622]],[[-16.485277777774456,15.88750000008622],[-16.485277777774456,15.887777777863903]],[[-16.485277777774456,15.887777777863903],[-16.485277777774456,15.888055555641756]],[[-16.485277777774456,15.888055555641756],[-16.485277777774456,15.88833333341961],[-16.484999999996603,15.888055555641756],[-16.485277777774456,15.888055555641756]],[[-16.485277777774456,15.88750000008622],[-16.485555555552367,15.88750000008622],[-16.485555555552367,15.887222222308367]]]}},{"type":"Feature","properties":{"OBJECTID":11352,"Id":11352,"Contour":5.0,"Shape_Leng":0.00333333333424},"geometry":{"type":"LineString","coordinates":[[-16.474999999994395,15.886944444530343],[-16.474722222216542,15.886944444530343],[-16.474722222216542,15.888055555641756],[-16.47527777777225,15.888055555641756],[-16.474999999994395,15.886944444530343]]}},{"type":"Feature","properties":{"OBJECTID":11353,"Id":11353,"Contour":10.0,"Shape_Leng":0.00205950376823},"geometry":{"type":"LineString","coordinates":[[-16.46861111110411,15.886944444530343],[-16.468333333326257,15.886944444530343],[-16.468333333326257,15.88750000008622],[-16.468888888881963,15.887222222308367],[-16.46861111110411,15.886944444530343]]}},{"type":"Feature","properties":{"OBJECTID":11354,"Id":11354,"Contour":10.0,"Shape_Leng":0.00176125954994},"geometry":{"type":"LineString","coordinates":[[-16.4661111111036,15.886944444530343],[-16.465833333325747,15.886944444530343],[-16.46597222221459,15.887361111197208],[-16.46638888888134,15.887222222308367],[-16.4661111111036,15.886944444530343]]}},{"type":"Feature","properties":{"OBJECTID":11366,"Id":11366,"Contour":5.0,"Shape_Leng":0.00212935339456},"geometry":{"type":"LineString","coordinates":[[-16.504722222223222,15.88666666675249],[-16.504444444445312,15.886944444530343],[-16.505000000001075,15.887222222308367],[-16.50513888889003,15.886944444530343],[-16.504722222223222,15.88666666675249]]}},{"type":"Feature","properties":{"OBJECTID":11367,"Id":11367,"Contour":5.0,"Shape_Leng":0.00333333333424},"geometry":{"type":"LineString","coordinates":[[-16.488611111108526,15.886944444530343],[-16.488888888886436,15.886944444530343],[-16.489166666664232,15.888055555641756],[-16.488611111108526,15.887777777863903],[-16.488611111108526,15.886944444530343]]}},{"type":"Feature","properties":{"OBJECTID":11368,"Id":11368,"Contour":5.0,"Shape_Leng":0.00248125547769},"geometry":{"type":"LineString","coordinates":[[-16.454166666656477,15.88666666675249],[-16.45405555724068,15.887333340201053],[-16.45444444443433,15.88750000008622],[-16.454722222212183,15.886944444530343],[-16.454166666656477,15.88666666675249]]}},{"type":"Feature","properties":{"OBJECTID":11376,"Id":11376,"Contour":5.0,"Shape_Leng":0.00212217476135},"geometry":{"type":"LineString","coordinates":[[-16.48444444444101,15.886527777863648],[-16.484166666663157,15.886944444530343],[-16.48472222221875,15.887222222308367],[-16.48486111110776,15.886944444530343],[-16.48444444444101,15.886527777863648]]}},{"type":"Feature","properties":{"OBJECTID":11377,"Id":11377,"Contour":0.0,"Shape_Leng":0.00336564775806},"geometry":{"type":"LineString","coordinates":[[-16.478333333328465,15.886597222308183],[-16.479166666662024,15.886944444530343],[-16.479166666662024,15.887222222308367],[-16.47805555555061,15.887083333419355],[-16.478333333328465,15.886597222308183]]}},{"type":"Feature","properties":{"OBJECTID":11378,"Id":11378,"Contour":5.0,"Shape_Leng":0.00396406737777},"geometry":{"type":"LineString","coordinates":[[-16.458888888879756,15.886388888974864],[-16.458611111101845,15.887222222308367],[-16.459722222213202,15.887222222308367],[-16.459722222213202,15.886388888974864],[-16.458888888879756,15.886388888974864]]}},{"type":"Feature","properties":{"OBJECTID":11388,"Id":11388,"Contour":5.0,"Shape_Leng":0.00225219182824},"geometry":{"type":"LineString","coordinates":[[-16.485833333330163,15.886250000085852],[-16.485833333330163,15.886805555641502],[-16.486388888885756,15.88666666675249],[-16.48627777947013,15.88622222908964],[-16.485833333330163,15.886250000085852]]}},{"type":"Feature","properties":{"OBJECTID":11389,"Id":11389,"Contour":10.0,"Shape_Leng":0.00177475031218},"geometry":{"type":"LineString","coordinates":[[-16.46944444443767,15.886250000085852],[-16.469166666659817,15.886388888974864],[-16.469351853257876,15.88675925369381],[-16.469722222215523,15.88666666675249],[-16.46944444443767,15.886250000085852]]}},{"type":"Feature","properties":{"OBJECTID":11403,"Id":11403,"Contour":5.0,"Shape_Leng":0.00324474132187},"geometry":{"type":"LineString","coordinates":[[-16.473611111105186,15.885833333419157],[-16.473333333327332,15.886388888974864],[-16.473999998298723,15.886777784645517],[-16.47416666666095,15.88611111119701],[-16.473611111105186,15.885833333419157]]}},{"type":"Feature","properties":{"OBJECTID":11404,"Id":11404,"Contour":5.0,"Shape_Leng":0.00312967904673},"geometry":{"type":"LineString","coordinates":[[-16.46305555554727,15.885833333419157],[-16.46277777776953,15.88666666675249],[-16.463611111102978,15.88666666675249],[-16.463611111102978,15.885833333419157],[-16.46305555554727,15.885833333419157]]}},{"type":"Feature","properties":{"OBJECTID":11405,"Id":11405,"Contour":5.0,"Shape_Leng":0.00476487997209},"geometry":{"type":"LineString","coordinates":[[-16.460833333324615,15.885972222307998],[-16.460833333324615,15.88750000008622],[-16.46138888888032,15.88750000008622],[-16.46166666665806,15.886388888974864],[-16.460833333324615,15.885972222307998]]}},{"type":"Feature","properties":{"OBJECTID":11406,"Id":11406,"Contour":5.0,"Shape_Leng":0.00190456360986},"geometry":{"type":"LineString","coordinates":[[-16.44972222221105,15.885833333419157],[-16.449444444433198,15.88611111119701],[-16.44999999998879,15.886388888974864],[-16.44999999998879,15.88611111119701],[-16.44972222221105,15.885833333419157]]}},{"type":"Feature","properties":{"OBJECTID":11423,"Id":11423,"Contour":0.0,"Shape_Leng":0.00427441136516},"geometry":{"type":"LineString","coordinates":[[-16.503333333334012,15.885833333419157],[-16.503611111111866,15.886388888974864],[-16.50305555555616,15.88750000008622],[-16.502708333333885,15.88666666675249],[-16.503333333334012,15.885833333419157]]}},{"type":"Feature","properties":{"OBJECTID":11424,"Id":11424,"Contour":5.0,"Shape_Leng":0.00166666666712},"geometry":{"type":"LineString","coordinates":[[-16.49388888888751,15.885833333419157],[-16.494166666665365,15.88611111119701],[-16.49388888888751,15.886388888974864],[-16.49388888888751,15.885833333419157]]}},{"type":"Feature","properties":{"OBJECTID":11425,"Id":11425,"Contour":0.0,"Shape_Leng":0.00111111111141},"geometry":{"type":"MultiLineString","coordinates":[[[-16.479444444439878,15.885833333419157],[-16.47972222221773,15.885833333419157]],[[-16.47972222221773,15.885833333419157],[-16.47972222221773,15.88611111119701]]]}},{"type":"Feature","properties":{"OBJECTID":11426,"Id":11426,"Contour":5.0,"Shape_Leng":0.00203814868703},"geometry":{"type":"LineString","coordinates":[[-16.478611111106318,15.885694444530145],[-16.478333333328465,15.885833333419157],[-16.478611111106318,15.886250000085852],[-16.47902777777307,15.885833333419157],[-16.478611111106318,15.885694444530145]]}},{"type":"Feature","properties":{"OBJECTID":11439,"Id":11439,"Contour":5.0,"Shape_Leng":0.0372141756914},"geometry":{"type":"LineString","coordinates":[[-16.502222222222713,15.88527777786345],[-16.5,15.889444444530966],[-16.499166666666497,15.88888888897526],[-16.499444444444237,15.887777777863903],[-16.498055555555027,15.887777777863903],[-16.49861111111079,15.888611111197406],[-16.49722222222158,15.88972222230882],[-16.496944444443727,15.892222222309442],[-16.498055555555027,15.891388888975882],[-16.499444444444237,15.892222222309442],[-16.49933333290926,15.891555548860879],[-16.500277777777796,15.890000000086673],[-16.5,15.891388888975882],[-16.502222222222713,15.890277777864526],[-16.501666666667006,15.888611111197406],[-16.50194444444486,15.88750000008622],[-16.502500000000566,15.888055555641756],[-16.502222222222713,15.88527777786345]]}},{"type":"Feature","properties":{"OBJECTID":11440,"Id":11440,"Contour":0.0,"Shape_Leng":0.000555555555707},"geometry":{"type":"LineString","coordinates":[[-16.481666666662534,15.885555555641304],[-16.481944444440387,15.885555555641304]]}},{"type":"Feature","properties":{"OBJECTID":11452,"Id":11452,"Contour":0.0,"Shape_Leng":0.00352251614766},"geometry":{"type":"MultiLineString","coordinates":[[[-16.44694444443263,15.88527777786345],[-16.44694444443263,15.88617366149735]],[[-16.446438987517695,15.88578323477844],[-16.44694444443263,15.88527777786345]]]}},{"type":"Feature","properties":{"OBJECTID":11464,"Id":11464,"Contour":5.0,"Shape_Leng":0.00259797876889},"geometry":{"type":"LineString","coordinates":[[-16.49499999999881,15.885000000085597],[-16.495138888887823,15.88527777786345],[-16.49499999999881,15.885833333419157],[-16.494444444443218,15.885555555641304],[-16.49499999999881,15.885000000085597]]}},{"type":"Feature","properties":{"OBJECTID":11465,"Id":11465,"Contour":5.0,"Shape_Leng":0.00220348065129},"geometry":{"type":"LineString","coordinates":[[-16.485277777774456,15.884861111196585],[-16.484999999996603,15.88527777786345],[-16.485833333330163,15.885000000085597],[-16.485555555552367,15.884722222307744],[-16.485277777774456,15.884861111196585]]}},{"type":"Feature","properties":{"OBJECTID":11466,"Id":11466,"Contour":5.0,"Shape_Leng":0.00435772822011},"geometry":{"type":"LineString","coordinates":[[-16.46027777776891,15.884861111196585],[-16.459999999991055,15.88527777786345],[-16.459999999991055,15.88611111119701],[-16.46111111110247,15.885000000085597],[-16.46027777776891,15.884861111196585]]}},{"type":"Feature","properties":{"OBJECTID":11467,"Id":11467,"Contour":5.0,"Shape_Leng":0.00176125954985},"geometry":{"type":"LineString","coordinates":[[-16.453888888878623,15.884722222307744],[-16.45361111110077,15.884722222307744],[-16.453749999989725,15.885138888974438],[-16.454166666656477,15.885000000085597],[-16.453888888878623,15.884722222307744]]}},{"type":"Feature","properties":{"OBJECTID":11479,"Id":11479,"Contour":5.0,"Shape_Leng":0.00205950376789},"geometry":{"type":"LineString","coordinates":[[-16.505555555556782,15.88444444452989],[-16.50527777777893,15.88444444452989],[-16.50527777777893,15.885000000085597],[-16.505833333334635,15.885000000085597],[-16.505555555556782,15.88444444452989]]}},{"type":"Feature","properties":{"OBJECTID":11480,"Id":11480,"Contour":0.0,"Shape_Leng":0.000555555555707},"geometry":{"type":"LineString","coordinates":[[-16.482777777773947,15.884722222307744],[-16.482777777773947,15.885000000085597]]}},{"type":"Feature","properties":{"OBJECTID":11488,"Id":11488,"Contour":5.0,"Shape_Leng":0.00324474190755},"geometry":{"type":"LineString","coordinates":[[-16.505000000001075,15.884305555640879],[-16.504444444445312,15.884722222307744],[-16.504444444445312,15.88527777786345],[-16.50527777777893,15.88527777786345],[-16.505000000001075,15.884305555640879]]}},{"type":"Feature","properties":{"OBJECTID":11489,"Id":11489,"Contour":5.0,"Shape_Leng":0.00166666666689},"geometry":{"type":"LineString","coordinates":[[-16.489444444441972,15.88444444452989],[-16.489444444441972,15.885000000085597],[-16.489166666664232,15.885000000085597],[-16.489166666664232,15.884722222307744],[-16.489444444441972,15.88444444452989]]}},{"type":"Feature","properties":{"OBJECTID":11490,"Id":11490,"Contour":5.0,"Shape_Leng":0.00247619467003},"geometry":{"type":"LineString","coordinates":[[-16.468333333326257,15.88444444452989],[-16.468333333326257,15.885000000085597],[-16.467777777770607,15.88527777786345],[-16.467638888881652,15.885000000085597],[-16.468333333326257,15.88444444452989]]}},{"type":"Feature","properties":{"OBJECTID":11502,"Id":11502,"Contour":5.0,"Shape_Leng":0.00431330889536},"geometry":{"type":"LineString","coordinates":[[-16.464166666658684,15.88388888897424],[-16.463611111102978,15.88444444452989],[-16.46472222221439,15.884861111196585],[-16.46499999999213,15.88388888897424],[-16.464166666658684,15.88388888897424]]}},{"type":"Feature","properties":{"OBJECTID":11515,"Id":11515,"Contour":5.0,"Shape_Leng":0.00258012877744},"geometry":{"type":"LineString","coordinates":[[-16.50305555555616,15.883750000085229],[-16.503333333334012,15.884166666752094],[-16.503888888889776,15.88388888897424],[-16.503611111111866,15.883611111196387],[-16.50305555555616,15.883750000085229]]}},{"type":"Feature","properties":{"OBJECTID":11516,"Id":11516,"Contour":10.0,"Shape_Leng":0.00220347917525},"geometry":{"type":"LineString","coordinates":[[-16.470277777771116,15.883611111196387],[-16.469999999993263,15.88388888897424],[-16.470277777771116,15.884305555640879],[-16.470694444437868,15.88388888897424],[-16.470277777771116,15.883611111196387]]}},{"type":"Feature","properties":{"OBJECTID":11517,"Id":11517,"Contour":5.0,"Shape_Leng":0.00111111111141},"geometry":{"type":"MultiLineString","coordinates":[[[-16.466666666659194,15.88388888897424],[-16.466666666659194,15.884166666752094]],[[-16.466666666659194,15.884166666752094],[-16.46638888888134,15.884166666752094]]]}},{"type":"Feature","properties":{"OBJECTID":11529,"Id":11529,"Contour":5.0,"Shape_Leng":0.0017340668581},"geometry":{"type":"LineString","coordinates":[[-16.458611111101845,15.883333333418534],[-16.458333333323992,15.883611111196387],[-16.458611111101845,15.88388888897424],[-16.458888888879756,15.883611111196387],[-16.458611111101845,15.883333333418534]]}},{"type":"Feature","properties":{"OBJECTID":11530,"Id":11530,"Contour":0.0,"Shape_Leng":0.00055555555582},"geometry":{"type":"LineString","coordinates":[[-16.44666666665472,15.883611111196387],[-16.44694444443263,15.883611111196387]]}},{"type":"Feature","properties":{"OBJECTID":11531,"Id":11531,"Contour":0.0,"Shape_Leng":0.000555555555707},"geometry":{"type":"LineString","coordinates":[[-16.444999999987715,15.883611111196387],[-16.44527777776557,15.883611111196387]]}},{"type":"Feature","properties":{"OBJECTID":11540,"Id":11540,"Contour":5.0,"Shape_Leng":0.00676053416959},"geometry":{"type":"LineString","coordinates":[[-16.48694444444152,15.88305555564068],[-16.486111111108016,15.883611111196387],[-16.486388888885756,15.884722222307744],[-16.48805555555282,15.884722222307744],[-16.48694444444152,15.88305555564068]]}},{"type":"Feature","properties":{"OBJECTID":11541,"Id":11541,"Contour":5.0,"Shape_Leng":0.00157807170313},"geometry":{"type":"LineString","coordinates":[[-16.457499999990546,15.88305555564068],[-16.457222222212692,15.883333333418534],[-16.457222222212692,15.883611111196387],[-16.457611109406173,15.88344445131139],[-16.457499999990546,15.88305555564068]]}},{"type":"Feature","properties":{"OBJECTID":11554,"Id":11554,"Contour":0.0,"Shape_Leng":0.00333333333401},"geometry":{"type":"LineString","coordinates":[[-16.516388888892436,15.88444444452989],[-16.515833333336843,15.882777777862827],[-16.516666666670346,15.88305555564068]]}},{"type":"Feature","properties":{"OBJECTID":11555,"Id":11555,"Contour":5.0,"Shape_Leng":0.00139984014541},"geometry":{"type":"LineString","coordinates":[[-16.50611111111249,15.88291666675184],[-16.505833333334635,15.88305555564068],[-16.505833333334635,15.883333333418534],[-16.50611111111249,15.883333333418534],[-16.50611111111249,15.88291666675184]]}},{"type":"Feature","properties":{"OBJECTID":11556,"Id":11556,"Contour":5.0,"Shape_Leng":0.00211122603257},"geometry":{"type":"LineString","coordinates":[[-16.47888888888417,15.88291666675184],[-16.478611111106318,15.88305555564068],[-16.478611111106318,15.883333333418534],[-16.479166666662024,15.883333333418534],[-16.47888888888417,15.88291666675184]]}},{"type":"Feature","properties":{"OBJECTID":11563,"Id":11563,"Contour":5.0,"Shape_Leng":0.00816564921718},"geometry":{"type":"LineString","coordinates":[[-16.502500000000566,15.882500000084974],[-16.501388888889096,15.883611111196387],[-16.501666666667006,15.88527777786345],[-16.502500000000566,15.88527777786345],[-16.502222222222713,15.88388888897424],[-16.50305555555616,15.882777777862827],[-16.502500000000566,15.882500000084974]]}},{"type":"Feature","properties":{"OBJECTID":11564,"Id":11564,"Contour":5.0,"Shape_Leng":0.00205950376789},"geometry":{"type":"LineString","coordinates":[[-16.48694444444152,15.882500000084974],[-16.486666666663666,15.882500000084974],[-16.486666666663666,15.88305555564068],[-16.487222222219373,15.88305555564068],[-16.48694444444152,15.882500000084974]]}},{"type":"Feature","properties":{"OBJECTID":11565,"Id":11565,"Contour":5.0,"Shape_Leng":0.0033555246427},"geometry":{"type":"LineString","coordinates":[[-16.46277777776953,15.882638888973815],[-16.46277777776953,15.883333333418534],[-16.463611111102978,15.882777777862827],[-16.463611111102978,15.882500000084974],[-16.46277777776953,15.882638888973815]]}},{"type":"Feature","properties":{"OBJECTID":11566,"Id":11566,"Contour":0.0,"Shape_Leng":0.000555555555707},"geometry":{"type":"LineString","coordinates":[[-16.451666666655854,15.882777777862827],[-16.451944444433707,15.882777777862827]]}},{"type":"Feature","properties":{"OBJECTID":11575,"Id":11575,"Contour":0.0,"Shape_Leng":0.00157807170339},"geometry":{"type":"LineString","coordinates":[[-16.485277777774456,15.882500000084974],[-16.485555555552367,15.882500000084974],[-16.485277777774456,15.88305555564068],[-16.485138888885444,15.882777777862827],[-16.485277777774456,15.882500000084974]]}},{"type":"Feature","properties":{"OBJECTID":11576,"Id":11576,"Contour":5.0,"Shape_Leng":0.00428927673568},"geometry":{"type":"LineString","coordinates":[[-16.46111111110247,15.88222222230712],[-16.46166666665806,15.883333333418534],[-16.462499999991678,15.88305555564068],[-16.46166666665806,15.88222222230712],[-16.46111111110247,15.88222222230712]]}},{"type":"Feature","properties":{"OBJECTID":11577,"Id":11577,"Contour":0.0,"Shape_Leng":0.000555555555707},"geometry":{"type":"LineString","coordinates":[[-16.459722222213202,15.882500000084974],[-16.459999999991055,15.882500000084974]]}},{"type":"Feature","properties":{"OBJECTID":11584,"Id":11584,"Contour":0.0,"Shape_Leng":0.00111111111141},"geometry":{"type":"MultiLineString","coordinates":[[[-16.447222222210485,15.88222222230712],[-16.447222222210485,15.882500000084974]],[[-16.447222222210485,15.882500000084974],[-16.447499999988338,15.882500000084974]]]}},{"type":"Feature","properties":{"OBJECTID":11599,"Id":11599,"Contour":5.0,"Shape_Leng":0.00289622475538},"geometry":{"type":"LineString","coordinates":[[-16.49527777777672,15.881805555640483],[-16.49499999999881,15.88222222230712],[-16.495833333332428,15.882500000084974],[-16.495833333332428,15.881666666751471],[-16.49527777777672,15.881805555640483]]}},{"type":"Feature","properties":{"OBJECTID":11600,"Id":11600,"Contour":10.0,"Shape_Leng":0.0052690177527},"geometry":{"type":"LineString","coordinates":[[-16.471111111104676,15.881805555640483],[-16.470138888882275,15.882777777862827],[-16.470277777771116,15.883333333418534],[-16.471499998298214,15.883166673533538],[-16.471111111104676,15.881805555640483]]}},{"type":"Feature","properties":{"OBJECTID":11601,"Id":11601,"Contour":5.0,"Shape_Leng":0.00438388134931},"geometry":{"type":"LineString","coordinates":[[-16.46472222221439,15.881666666751471],[-16.464166666658684,15.882777777862827],[-16.46472222221439,15.883333333418534],[-16.465138888881143,15.882500000084974],[-16.46472222221439,15.881666666751471]]}},{"type":"Feature","properties":{"OBJECTID":11612,"Id":11612,"Contour":5.0,"Shape_Leng":0.001734066858},"geometry":{"type":"LineString","coordinates":[[-16.505833333334635,15.881388888973618],[-16.505555555556782,15.881666666751471],[-16.50611111111249,15.881944444529324],[-16.50611111111249,15.881666666751471],[-16.505833333334635,15.881388888973618]]}},{"type":"Feature","properties":{"OBJECTID":11613,"Id":11613,"Contour":5.0,"Shape_Leng":0.00298743027683},"geometry":{"type":"LineString","coordinates":[[-16.500555555555707,15.88152777786263],[-16.500277777777796,15.881944444529324],[-16.500833333333503,15.88222222230712],[-16.501111111111356,15.881388888973618],[-16.500555555555707,15.88152777786263]]}},{"type":"Feature","properties":{"OBJECTID":11614,"Id":11614,"Contour":0.0,"Shape_Leng":0.00111111111141},"geometry":{"type":"LineString","coordinates":[[-16.4502777777667,15.881666666751471],[-16.450555555544554,15.881666666751471],[-16.450555555544554,15.881944444529324],[-16.4502777777667,15.881944444529324],[-16.4502777777667,15.881666666751471]]}},{"type":"Feature","properties":{"OBJECTID":11615,"Id":11615,"Contour":0.0,"Shape_Leng":0.0022222222226},"geometry":{"type":"LineString","coordinates":[[-16.44777777776619,15.881666666751471],[-16.44888888887749,15.881666666751471]]}},{"type":"Feature","properties":{"OBJECTID":11626,"Id":11626,"Contour":10.0,"Shape_Leng":0.00255816067716},"geometry":{"type":"LineString","coordinates":[[-16.51000000000215,15.881111111195764],[-16.509722222224298,15.881111111195764],[-16.509722222224298,15.881805555640483],[-16.510303031075978,15.881666666751471],[-16.51000000000215,15.881111111195764]]}},{"type":"Feature","properties":{"OBJECTID":11627,"Id":11627,"Contour":5.0,"Shape_Leng":0.00673406685893},"geometry":{"type":"LineString","coordinates":[[-16.501388888889096,15.881111111195764],[-16.501388888889096,15.88222222230712],[-16.500833333333503,15.88305555564068],[-16.502222222222713,15.882500000084974],[-16.501388888889096,15.881111111195764]]}},{"type":"Feature","properties":{"OBJECTID":11628,"Id":11628,"Contour":5.0,"Shape_Leng":0.00174079310937},"geometry":{"type":"LineString","coordinates":[[-16.456111111101336,15.881250000084776],[-16.45583333332354,15.881388888973618],[-16.45583333332354,15.881666666751471],[-16.456388888879076,15.881666666751471],[-16.456111111101336,15.881250000084776]]}},{"type":"Feature","properties":{"OBJECTID":11638,"Id":11638,"Contour":5.0,"Shape_Leng":0.00333333333413},"geometry":{"type":"LineString","coordinates":[[-16.491388888887002,15.881111111195764],[-16.49194444444265,15.881111111195764],[-16.49194444444265,15.881666666751471],[-16.49111111110915,15.881388888973618],[-16.491388888887002,15.881111111195764]]}},{"type":"Feature","properties":{"OBJECTID":11639,"Id":11639,"Contour":0.0,"Shape_Leng":0.00163277829174},"geometry":{"type":"LineString","coordinates":[[-16.453333333322917,15.881111111195764],[-16.453888888878623,15.881111111195764],[-16.453888888878623,15.881388888973618],[-16.45354166665635,15.881458333418095],[-16.453333333322917,15.881111111195764]]}},{"type":"Feature","properties":{"OBJECTID":11640,"Id":11640,"Contour":5.0,"Shape_Leng":0.00263028468229},"geometry":{"type":"LineString","coordinates":[[-16.44555555554342,15.880833333418082],[-16.44527777776557,15.881111111195764],[-16.445416666654523,15.881805555640483],[-16.445833333321275,15.881388888973618],[-16.44555555554342,15.880833333418082]]}},{"type":"Feature","properties":{"OBJECTID":11649,"Id":11649,"Contour":10.0,"Shape_Leng":0.00504907534608},"geometry":{"type":"LineString","coordinates":[[-16.469722222215523,15.880555555640058],[-16.46861111110411,15.881111111195764],[-16.46944444443767,15.882083333418336],[-16.470277777771116,15.881666666751471],[-16.469722222215523,15.880555555640058]]}},{"type":"Feature","properties":{"OBJECTID":11650,"Id":11650,"Contour":5.0,"Shape_Leng":0.00512329706817},"geometry":{"type":"LineString","coordinates":[[-16.459722222213202,15.880555555640058],[-16.459444444435462,15.881388888973618],[-16.46111111110247,15.881666666751471],[-16.460833333324615,15.880833333418082],[-16.459722222213202,15.880555555640058]]}},{"type":"Feature","properties":{"OBJECTID":11658,"Id":11658,"Contour":10.0,"Shape_Leng":0.00233265520649},"geometry":{"type":"LineString","coordinates":[[-16.51000000000215,15.880416666751216],[-16.509722222224298,15.881111111195764],[-16.51027777778006,15.881111111195764],[-16.510303031075978,15.880833333418082],[-16.51000000000215,15.880416666751216]]}},{"type":"Feature","properties":{"OBJECTID":11659,"Id":11659,"Contour":5.0,"Shape_Leng":0.00486119772332},"geometry":{"type":"LineString","coordinates":[[-16.487222222219373,15.880416666751216],[-16.485833333330163,15.880833333418082],[-16.485555555552367,15.881388888973618],[-16.486666666663666,15.881388888973618],[-16.487222222219373,15.880416666751216]]}},{"type":"Feature","properties":{"OBJECTID":11660,"Id":11660,"Contour":5.0,"Shape_Leng":0.002059503768},"geometry":{"type":"LineString","coordinates":[[-16.47972222221773,15.880277777862204],[-16.479444444439878,15.880555555640058],[-16.479444444439878,15.880833333418082],[-16.47999999999547,15.880833333418082],[-16.47972222221773,15.880277777862204]]}},{"type":"Feature","properties":{"OBJECTID":11661,"Id":11661,"Contour":5.0,"Shape_Leng":0.000555555556048},"geometry":{"type":"LineString","coordinates":[[-16.4766666666614,15.880555555640058],[-16.4766666666614,15.880833333418082]]}},{"type":"Feature","properties":{"OBJECTID":11662,"Id":11662,"Contour":10.0,"Shape_Leng":0.00335786240006},"geometry":{"type":"MultiLineString","coordinates":[[[-16.441388888875736,15.880277777862204],[-16.441316665761978,15.880386112532873]],[[-16.44148634893457,15.880570158038653],[-16.441388888875736,15.880277777862204]]]}},{"type":"Feature","properties":{"OBJECTID":11673,"Id":11673,"Contour":0.0,"Shape_Leng":0.000555555555707},"geometry":{"type":"LineString","coordinates":[[-16.45916666665761,15.880277777862204],[-16.45916666665761,15.880555555640058]]}},{"type":"Feature","properties":{"OBJECTID":11685,"Id":11685,"Contour":5.0,"Shape_Leng":0.00393582264075},"geometry":{"type":"LineString","coordinates":[[-16.488611111108526,15.879722222306555],[-16.488333333330672,15.880555555640058],[-16.489444444441972,15.880833333418082],[-16.489444444441972,15.880000000084351],[-16.488611111108526,15.879722222306555]]}},{"type":"Feature","properties":{"OBJECTID":11686,"Id":11686,"Contour":5.0,"Shape_Leng":0.00432768031409},"geometry":{"type":"LineString","coordinates":[[-16.44638888887698,15.879907413143258],[-16.44638888887698,15.881111111195764],[-16.447222222210485,15.881111111195764],[-16.447222222210485,15.880277777862204],[-16.44638888887698,15.879907413143258]]}},{"type":"Feature","properties":{"OBJECTID":11697,"Id":11697,"Contour":5.0,"Shape_Leng":0.00515035580177},"geometry":{"type":"LineString","coordinates":[[-16.501111111111356,15.879444444528872],[-16.500833333333503,15.880277777862204],[-16.50194444444486,15.880833333418082],[-16.502500000000566,15.880277777862204],[-16.501111111111356,15.879444444528872]]}},{"type":"Feature","properties":{"OBJECTID":11698,"Id":11698,"Contour":5.0,"Shape_Leng":0.138541801784},"geometry":{"type":"MultiLineString","coordinates":[[[-16.489999999997735,15.879444444528872],[-16.489722222219882,15.881666666751471],[-16.488611111108526,15.880555555640058],[-16.48777777777508,15.880833333418082],[-16.488611111108526,15.882777777862827]],[[-16.488611111108526,15.882777777862827],[-16.489444444441972,15.88222222230712],[-16.49027777777559,15.88305555564068]],[[-16.49027777777559,15.88305555564068],[-16.49111111110915,15.882777777862827],[-16.49277777777604,15.88444444452989]],[[-16.49277777777604,15.88444444452989],[-16.493333333331805,15.88388888897424],[-16.49499999999881,15.884166666752094],[-16.49277777777604,15.88444444452989]],[[-16.49277777777604,15.88444444452989],[-16.49249999999836,15.88527777786345],[-16.493611111109658,15.885555555641304],[-16.492222222220505,15.88750000008622],[-16.49166666666474,15.88611111119701],[-16.492222222220505,15.885000000085597],[-16.491388888887002,15.884722222307744],[-16.489999999997735,15.886944444530343],[-16.49111111110915,15.883611111196387],[-16.49027777777559,15.88305555564068]],[[-16.49027777777559,15.88305555564068],[-16.489444444441972,15.88388888897424],[-16.488611111108526,15.882777777862827]],[[-16.488611111108526,15.882777777862827],[-16.48805555555282,15.885000000085597],[-16.486666666663666,15.886388888974864],[-16.487499999997226,15.88833333341961],[-16.48680555555262,15.891388888975882],[-16.487222222219373,15.894444444532212],[-16.486111111108016,15.896388888976958],[-16.485277777774456,15.896388888976958],[-16.485833333330163,15.89888888897758],[-16.484305555551998,15.89944444453323],[-16.485277777774456,15.901388888978204],[-16.486111111108016,15.901388888978204],[-16.487222222219373,15.897222222310461],[-16.48819444444183,15.896388888976958],[-16.489444444441972,15.890277777864526],[-16.490555555553442,15.890000000086673],[-16.489999999997735,15.889444444530966],[-16.492222222220505,15.889166666753113],[-16.492222222220505,15.88833333341961],[-16.49305555555395,15.88833333341961],[-16.49305555555395,15.88750000008622],[-16.495833333332428,15.885555555641304],[-16.495833333332428,15.886388888974864],[-16.496944444443727,15.885833333419157],[-16.49861111111079,15.886388888974864],[-16.498888888888644,15.885000000085597],[-16.498055555555027,15.88444444452989],[-16.500833333333503,15.883611111196387],[-16.499444444444237,15.882500000084974],[-16.499166666666497,15.883611111196387],[-16.498333333332937,15.88291666675184],[-16.49722222222158,15.883750000085229],[-16.495555555554574,15.88305555564068],[-16.495833333332428,15.88388888897424],[-16.49527777777672,15.88388888897424],[-16.494583333332116,15.882500000084974],[-16.495555555554574,15.881388888973618],[-16.49527777777672,15.880000000084351],[-16.494444444443218,15.879722222306555],[-16.49388888888751,15.88222222230712],[-16.49388888888751,15.881666666751471],[-16.492222222220505,15.88222222230712],[-16.493333333331805,15.880833333418082],[-16.490833333331295,15.880555555640058],[-16.489999999997735,15.879444444528872]]]}},{"type":"Feature","properties":{"OBJECTID":11699,"Id":11699,"Contour":5.0,"Shape_Leng":0.00352701708441},"geometry":{"type":"LineString","coordinates":[[-16.46527777777004,15.879583333417713],[-16.464920633096312,15.87992063742712],[-16.46499999999213,15.880833333418082],[-16.465833333325747,15.880277777862204],[-16.46527777777004,15.879583333417713]]}},{"type":"Feature","properties":{"OBJECTID":11700,"Id":11700,"Contour":5.0,"Shape_Leng":0.00233639290473},"geometry":{"type":"LineString","coordinates":[[-16.463611111102978,15.879444444528872],[-16.463333333325124,15.880000000084351],[-16.46388888888083,15.880138888973363],[-16.463999998296458,15.879611104413868],[-16.463611111102978,15.879444444528872]]}},{"type":"Feature","properties":{"OBJECTID":11701,"Id":11701,"Contour":5.0,"Shape_Leng":0.00340221869532},"geometry":{"type":"LineString","coordinates":[[-16.447499999988338,15.879583333417713],[-16.447222222210485,15.880277777862204],[-16.448333333321784,15.880277777862204],[-16.448333333321784,15.879722222306555],[-16.447499999988338,15.879583333417713]]}},{"type":"Feature","properties":{"OBJECTID":11713,"Id":11713,"Contour":5.0,"Shape_Leng":0.000555555555707},"geometry":{"type":"LineString","coordinates":[[-16.496944444443727,15.879444444528872],[-16.49722222222158,15.879444444528872]]}},{"type":"Feature","properties":{"OBJECTID":11714,"Id":11714,"Contour":5.0,"Shape_Leng":0.00139826111125},"geometry":{"type":"LineString","coordinates":[[-16.486111111108016,15.879166666751019],[-16.486000001692275,15.879333326636015],[-16.486111111108016,15.879722222306555],[-16.486388888885756,15.879444444528872],[-16.486111111108016,15.879166666751019]]}},{"type":"Feature","properties":{"OBJECTID":11715,"Id":11715,"Contour":5.0,"Shape_Leng":0.0110225191008},"geometry":{"type":"LineString","coordinates":[[-16.47444444443863,15.879444444528872],[-16.475833333327955,15.879444444528872],[-16.47611111110581,15.880555555640058],[-16.47527777777225,15.880833333418082],[-16.47527777777225,15.881666666751471],[-16.47416666666095,15.881666666751471],[-16.47444444443863,15.879444444528872]]}},{"type":"Feature","properties":{"OBJECTID":11716,"Id":11716,"Contour":5.0,"Shape_Leng":0.00373216982911},"geometry":{"type":"LineString","coordinates":[[-16.462499999991678,15.879166666751019],[-16.462083333324927,15.879583333417713],[-16.46194444443597,15.880277777862204],[-16.46305555554727,15.880000000084351],[-16.462499999991678,15.879166666751019]]}},{"type":"Feature","properties":{"OBJECTID":11717,"Id":11717,"Contour":0.0,"Shape_Leng":0.0013227550206},"geometry":{"type":"LineString","coordinates":[[-16.458611111101845,15.87930555563986],[-16.458722220517643,15.879555562421501],[-16.458333333323992,15.879722222306555],[-16.458472222213004,15.879583333417713],[-16.458611111101845,15.87930555563986]]}},{"type":"Feature","properties":{"OBJECTID":11726,"Id":11726,"Contour":10.0,"Shape_Leng":0.00183538156505},"geometry":{"type":"LineString","coordinates":[[-16.470277777771116,15.878888888973165],[-16.47016666835532,15.879277784643705],[-16.470555555549026,15.879444444528872],[-16.470666664964654,15.879055548858162],[-16.470277777771116,15.878888888973165]]}},{"type":"Feature","properties":{"OBJECTID":11738,"Id":11738,"Contour":5.0,"Shape_Leng":0.0212496719788},"geometry":{"type":"LineString","coordinates":[[-16.504166666667572,15.878611111195312],[-16.50277777777842,15.880000000084351],[-16.502500000000566,15.881666666751471],[-16.505000000001075,15.880000000084351],[-16.503888888889776,15.881666666751471],[-16.504722222223222,15.883472222307546],[-16.505555555556782,15.88305555564068],[-16.504722222223222,15.88222222230712],[-16.505000000001075,15.880833333418082],[-16.505972222223534,15.880555555640058],[-16.50527777777893,15.878888888973165],[-16.504166666667572,15.878611111195312]]}},{"type":"Feature","properties":{"OBJECTID":11739,"Id":11739,"Contour":5.0,"Shape_Leng":0.00270537620431},"geometry":{"type":"LineString","coordinates":[[-16.489166666664232,15.878750000084153],[-16.488611111108526,15.878888888973165],[-16.488611111108526,15.879444444528872],[-16.489444444441972,15.879166666751019],[-16.489166666664232,15.878750000084153]]}},{"type":"Feature","properties":{"OBJECTID":11756,"Id":11756,"Contour":5.0,"Shape_Leng":0.0465646520442},"geometry":{"type":"MultiLineString","coordinates":[[[-16.50777777777938,15.878333333417459],[-16.507361111112687,15.879722222306555],[-16.50777777777938,15.880277777862204],[-16.50805555555729,15.881388888973618],[-16.50777777777938,15.881944444529324],[-16.50805555555729,15.88222222230712],[-16.506944444445992,15.881944444529324],[-16.50777777777938,15.883611111196387],[-16.50666666666808,15.883611111196387],[-16.506944444445992,15.885555555641304],[-16.50611111111249,15.887222222308367],[-16.507222222223845,15.88833333341961],[-16.508611111112998,15.88833333341961],[-16.51006944444663,15.886597222308183],[-16.50888888889085,15.885833333419157],[-16.50805555555729,15.88666666675249],[-16.508611111112998,15.885000000085597]],[[-16.508611111112998,15.885000000085597],[-16.50805555555729,15.885000000085597],[-16.50777777777938,15.885000000085597],[-16.50777777777938,15.88527777786345],[-16.508611111112998,15.885000000085597]],[[-16.508611111112998,15.885000000085597],[-16.509166666668705,15.882777777862827],[-16.509166666668705,15.885000000085597],[-16.510065358481995,15.885620914120977],[-16.510320512985743,15.87940170296514],[-16.509722222224298,15.878518524253991],[-16.50777777777938,15.878333333417459]]]}},{"type":"Feature","properties":{"OBJECTID":11757,"Id":11757,"Contour":5.0,"Shape_Leng":0.00284764667039},"geometry":{"type":"LineString","coordinates":[[-16.48444444444101,15.878333333417459],[-16.484166666663157,15.879166666751019],[-16.484305555551998,15.87930555563986],[-16.484999999996603,15.878888888973165],[-16.48444444444101,15.878333333417459]]}},{"type":"Feature","properties":{"OBJECTID":11758,"Id":11758,"Contour":5.0,"Shape_Leng":0.0103235092979},"geometry":{"type":"LineString","coordinates":[[-16.46138888888032,15.878333333417459],[-16.46055555554676,15.879722222306555],[-16.46138888888032,15.881666666751471],[-16.462222222213825,15.881944444529324],[-16.46138888888032,15.878333333417459]]}},{"type":"Feature","properties":{"OBJECTID":11759,"Id":11759,"Contour":15.0,"Shape_Leng":0.00111111111141},"geometry":{"type":"MultiLineString","coordinates":[[[-16.441666666653646,15.878611111195312],[-16.4419444444315,15.878611111195312]],[[-16.4419444444315,15.878611111195312],[-16.4419444444315,15.878888888973165]]]}},{"type":"Feature","properties":{"OBJECTID":11773,"Id":11773,"Contour":5.0,"Shape_Leng":0.000650148731238},"geometry":{"type":"LineString","coordinates":[[-16.5180555555595,15.8784722223063],[-16.5180555555595,15.878194444528447]]}},{"type":"Feature","properties":{"OBJECTID":11774,"Id":11774,"Contour":5.0,"Shape_Leng":0.00245234086846},"geometry":{"type":"LineString","coordinates":[[-16.48777777777508,15.878055555639605],[-16.487499999997226,15.878333333417459],[-16.487499999997226,15.878888888973165],[-16.48805555555282,15.878611111195312],[-16.48777777777508,15.878055555639605]]}},{"type":"Feature","properties":{"OBJECTID":11775,"Id":11775,"Contour":5.0,"Shape_Leng":0.00121665567444},"geometry":{"type":"LineString","coordinates":[[-16.483333333329597,15.878194444528447],[-16.4831944444407,15.878333333417459],[-16.483333333329597,15.878611111195312],[-16.48361111110745,15.878333333417459],[-16.483333333329597,15.878194444528447]]}},{"type":"Feature","properties":{"OBJECTID":11776,"Id":11776,"Contour":0.0,"Shape_Leng":0.00268245951425},"geometry":{"type":"MultiLineString","coordinates":[[[-16.48111111110694,15.878333333417459],[-16.48111111110694,15.878611111195312]],[[-16.48111111110694,15.878611111195312],[-16.481666666662534,15.878333333417459],[-16.481944444440387,15.878611111195312],[-16.481666666662534,15.878888888973165],[-16.48111111110694,15.878611111195312]]]}},{"type":"Feature","properties":{"OBJECTID":11777,"Id":11777,"Contour":5.0,"Shape_Leng":0.00111111111141},"geometry":{"type":"LineString","coordinates":[[-16.47527777777225,15.878333333417459],[-16.475833333327955,15.878333333417459]]}},{"type":"Feature","properties":{"OBJECTID":11778,"Id":11778,"Contour":5.0,"Shape_Leng":0.0020253760175},"geometry":{"type":"LineString","coordinates":[[-16.455555555545686,15.878055555639605],[-16.455277777767776,15.878055555639605],[-16.45544444612989,15.878722229088169],[-16.45583333332354,15.878333333417459],[-16.455555555545686,15.878055555639605]]}},{"type":"Feature","properties":{"OBJECTID":11779,"Id":11779,"Contour":5.0,"Shape_Leng":0.00714656717929},"geometry":{"type":"MultiLineString","coordinates":[[[-16.439722222208843,15.878055555639605],[-16.439360861695718,15.878264765182506]],[[-16.439779938694688,15.87871931372175],[-16.439722222208843,15.878055555639605]]]}},{"type":"Feature","properties":{"OBJECTID":11789,"Id":11789,"Contour":5.0,"Shape_Leng":0.000812714188079},"geometry":{"type":"LineString","coordinates":[[-16.51555555555899,15.877777777861809],[-16.515509258909447,15.878055555639605],[-16.51555555555899,15.878101857587353],[-16.515694444447888,15.878055555639605],[-16.51555555555899,15.877777777861809]]}},{"type":"Feature","properties":{"OBJECTID":11790,"Id":11790,"Contour":5.0,"Shape_Leng":0.0016308593038},"geometry":{"type":"LineString","coordinates":[[-16.507222222223845,15.877962968698341],[-16.506944444445992,15.878055555639605],[-16.507361111112687,15.8784722223063],[-16.50750000000164,15.878333333417459],[-16.507222222223845,15.877962968698341]]}},{"type":"Feature","properties":{"OBJECTID":11791,"Id":11791,"Contour":10.0,"Shape_Leng":0.00173651563153},"geometry":{"type":"LineString","coordinates":[[-16.469722222215523,15.877777777861809],[-16.469583333326568,15.878055555639605],[-16.469999999993263,15.878333333417459],[-16.469999999993263,15.877777777861809],[-16.469722222215523,15.877777777861809]]}},{"type":"Feature","properties":{"OBJECTID":11792,"Id":11792,"Contour":5.0,"Shape_Leng":0.00303310860362},"geometry":{"type":"LineString","coordinates":[[-16.46055555554676,15.877916666750593],[-16.459999999991055,15.878611111195312],[-16.46027777776891,15.878888888973165],[-16.4609444427403,15.878166673532462],[-16.46055555554676,15.877916666750593]]}},{"type":"Feature","properties":{"OBJECTID":11793,"Id":11793,"Contour":5.0,"Shape_Leng":0.00329530025083},"geometry":{"type":"LineString","coordinates":[[-16.451944444433707,15.877777777861809],[-16.451388888878114,15.878611111195312],[-16.451666666655854,15.878750000084153],[-16.45249999998947,15.878055555639605],[-16.451944444433707,15.877777777861809]]}},{"type":"Feature","properties":{"OBJECTID":11804,"Id":11804,"Contour":5.0,"Shape_Leng":0.00055555555582},"geometry":{"type":"LineString","coordinates":[[-16.49499999999881,15.877777777861809],[-16.49527777777672,15.877777777861809]]}},{"type":"Feature","properties":{"OBJECTID":11805,"Id":11805,"Contour":5.0,"Shape_Leng":0.00111111111096},"geometry":{"type":"LineString","coordinates":[[-16.47416666666095,15.877777777861809],[-16.47444444443863,15.877777777861809],[-16.47444444443863,15.878055555639605],[-16.47416666666095,15.878055555639605],[-16.47416666666095,15.877777777861809]]}},{"type":"Feature","properties":{"OBJECTID":11829,"Id":11829,"Contour":5.0,"Shape_Leng":0.00271766689668},"geometry":{"type":"LineString","coordinates":[[-16.50805555555729,15.876944444528249],[-16.50805555555729,15.877500000083955],[-16.508611111112998,15.877777777861809],[-16.508611111112998,15.876944444528249],[-16.50805555555729,15.876944444528249]]}},{"type":"Feature","properties":{"OBJECTID":11830,"Id":11830,"Contour":0.0,"Shape_Leng":0.00111111111141},"geometry":{"type":"LineString","coordinates":[[-16.50638888889023,15.877222222306102],[-16.50666666666808,15.877222222306102],[-16.50666666666808,15.877500000083955],[-16.50638888889023,15.877500000083955],[-16.50638888889023,15.877222222306102]]}},{"type":"Feature","properties":{"OBJECTID":11831,"Id":11831,"Contour":5.0,"Shape_Leng":0.00312967904747},"geometry":{"type":"LineString","coordinates":[[-16.49305555555395,15.876944444528249],[-16.492944446138324,15.877611117976755],[-16.493611111109658,15.877777777861809],[-16.493611111109658,15.876944444528249],[-16.49305555555395,15.876944444528249]]}},{"type":"Feature","properties":{"OBJECTID":11832,"Id":11832,"Contour":5.0,"Shape_Leng":0.00284517796919},"geometry":{"type":"LineString","coordinates":[[-16.459444444435462,15.876944444528249],[-16.45916666665761,15.877500000083955],[-16.459722222213202,15.877777777861809],[-16.459999999991055,15.877222222306102],[-16.459444444435462,15.876944444528249]]}},{"type":"Feature","properties":{"OBJECTID":11839,"Id":11839,"Contour":5.0,"Shape_Leng":0.001734066858},"geometry":{"type":"LineString","coordinates":[[-16.484999999996603,15.876666666750396],[-16.48472222221875,15.876666666750396],[-16.484999999996603,15.877222222306102],[-16.485277777774456,15.876944444528249],[-16.484999999996603,15.876666666750396]]}},{"type":"Feature","properties":{"OBJECTID":11840,"Id":11840,"Contour":15.0,"Shape_Leng":0.00173162153553},"geometry":{"type":"LineString","coordinates":[[-16.470555555549026,15.876944444528249],[-16.470555555549026,15.877222222306102],[-16.471111111104676,15.877222222306102],[-16.47083333332688,15.876805555639407],[-16.470555555549026,15.876944444528249]]}},{"type":"Feature","properties":{"OBJECTID":11848,"Id":11848,"Contour":5.0,"Shape_Leng":0.00166666666712},"geometry":{"type":"LineString","coordinates":[[-16.49972222222209,15.876666666750396],[-16.49972222222209,15.876944444528249],[-16.5,15.877222222306102],[-16.5,15.876944444528249],[-16.49972222222209,15.876666666750396]]}},{"type":"Feature","properties":{"OBJECTID":11861,"Id":11861,"Contour":5.0,"Shape_Leng":0.00222222222283},"geometry":{"type":"LineString","coordinates":[[-16.482499999996094,15.876111111194689],[-16.48222222221824,15.876111111194689],[-16.48222222221824,15.876666666750396],[-16.482777777773947,15.876666666750396],[-16.482499999996094,15.876111111194689]]}},{"type":"Feature","properties":{"OBJECTID":11862,"Id":11862,"Contour":5.0,"Shape_Leng":0.00213362725881},"geometry":{"type":"LineString","coordinates":[[-16.46499999999213,15.876111111194689],[-16.46472222221439,15.876111111194689],[-16.46499999999213,15.876944444528249],[-16.465138888881143,15.876666666750396],[-16.46499999999213,15.876111111194689]]}},{"type":"Feature","properties":{"OBJECTID":11863,"Id":11863,"Contour":5.0,"Shape_Leng":0.0222298233829},"geometry":{"type":"LineString","coordinates":[[-16.462499999991678,15.87625000008353],[-16.46194444443597,15.878611111195312],[-16.46472222221439,15.879027777862007],[-16.46527777777004,15.878194444528447],[-16.466666666659194,15.879166666751019],[-16.46638888888134,15.878333333417459],[-16.467777777770607,15.877777777861809],[-16.467777777770607,15.877222222306102],[-16.46499999999213,15.876944444528249],[-16.464333335020797,15.878166673532462],[-16.462499999991678,15.87625000008353]]}},{"type":"Feature","properties":{"OBJECTID":11864,"Id":11864,"Contour":5.0,"Shape_Leng":0.00222394413963},"geometry":{"type":"LineString","coordinates":[[-16.456388888879076,15.876111111194689],[-16.456111111101336,15.876388888972542],[-16.456249999990234,15.876805555639407],[-16.45680555554594,15.876388888972542],[-16.456388888879076,15.876111111194689]]}},{"type":"Feature","properties":{"OBJECTID":11878,"Id":11878,"Contour":5.0,"Shape_Leng":0.00435585243331},"geometry":{"type":"LineString","coordinates":[[-16.484166666663157,15.875972222305677],[-16.483333333329597,15.876111111194689],[-16.483333333329597,15.876666666750396],[-16.48458333332991,15.876805555639407],[-16.48472222221875,15.875833333416836],[-16.484166666663157,15.875972222305677]]}},{"type":"Feature","properties":{"OBJECTID":11890,"Id":11890,"Contour":0.0,"Shape_Leng":0.00122671483732},"geometry":{"type":"LineString","coordinates":[[-16.509166666668705,15.875833333416836],[-16.509305555557603,15.876111111194689],[-16.509166666668705,15.87625000008353],[-16.50888888889085,15.876111111194689],[-16.509166666668705,15.875833333416836]]}},{"type":"Feature","properties":{"OBJECTID":11891,"Id":11891,"Contour":5.0,"Shape_Leng":0.000555555555707},"geometry":{"type":"LineString","coordinates":[[-16.500555555555707,15.875833333416836],[-16.500555555555707,15.876111111194689]]}},{"type":"Feature","properties":{"OBJECTID":11892,"Id":11892,"Contour":5.0,"Shape_Leng":0.00173406685791},"geometry":{"type":"LineString","coordinates":[[-16.485555555552367,15.875555555639039],[-16.485277777774456,15.875833333416836],[-16.485833333330163,15.876111111194689],[-16.485833333330163,15.875833333416836],[-16.485555555552367,15.875555555639039]]}},{"type":"Feature","properties":{"OBJECTID":11893,"Id":11893,"Contour":10.0,"Shape_Leng":0.00229207266322},"geometry":{"type":"LineString","coordinates":[[-16.44277777776506,15.875555555639039],[-16.442499999987206,15.875555555639039],[-16.44277777776506,15.87625000008353],[-16.443055555542912,15.876111111194689],[-16.44277777776506,15.875555555639039]]}},{"type":"Feature","properties":{"OBJECTID":11908,"Id":11908,"Contour":5.0,"Shape_Leng":0.00464550664421},"geometry":{"type":"LineString","coordinates":[[-16.51027777778006,15.87547619298158],[-16.509722222224298,15.876388888972542],[-16.510555555557914,15.877361111194944],[-16.510659722224602,15.875833333416836],[-16.51027777778006,15.87547619298158]]}},{"type":"Feature","properties":{"OBJECTID":11909,"Id":11909,"Contour":5.0,"Shape_Leng":0.0244242878364},"geometry":{"type":"LineString","coordinates":[[-16.496111111110167,15.875277777861186],[-16.493333333331805,15.876111111194689],[-16.494166666665365,15.878055555639605],[-16.49305555555395,15.878611111195312],[-16.49305555555395,15.879444444528872],[-16.494166666665365,15.879722222306555],[-16.495555555554574,15.878333333417459],[-16.49638888888802,15.878888888973165],[-16.496944444443727,15.876944444528249],[-16.49472222222107,15.876666666750396],[-16.49722222222158,15.876111111194689],[-16.496944444443727,15.875277777861186],[-16.496111111110167,15.875277777861186]]}},{"type":"Feature","properties":{"OBJECTID":11910,"Id":11910,"Contour":5.0,"Shape_Leng":0.00337936728363},"geometry":{"type":"LineString","coordinates":[[-16.45111111110026,15.875462968697889],[-16.45104166665567,15.876458333417077],[-16.451666666655854,15.876388888972542],[-16.451666666655854,15.875833333416836],[-16.45111111110026,15.875462968697889]]}},{"type":"Feature","properties":{"OBJECTID":11911,"Id":11911,"Contour":10.0,"Shape_Leng":0.0161545901859},"geometry":{"type":"LineString","coordinates":[[-16.44472222220986,15.875277777861186],[-16.442870373183382,15.877314809247252],[-16.441666666653646,15.876666666750396],[-16.44122222051368,15.878333333417459],[-16.441833335015815,15.880111117977208],[-16.442499999987206,15.880277777862204],[-16.443333333320766,15.877500000083955],[-16.444583333320963,15.876944444528249],[-16.44472222220986,15.875277777861186]]}},{"type":"Feature","properties":{"OBJECTID":11920,"Id":11920,"Contour":5.0,"Shape_Leng":0.00111111111141},"geometry":{"type":"MultiLineString","coordinates":[[[-16.469166666659817,15.875277777861186],[-16.46944444443767,15.875277777861186]],[[-16.46944444443767,15.875277777861186],[-16.46944444443767,15.875555555639039]]]}},{"type":"Feature","properties":{"OBJECTID":11921,"Id":11921,"Contour":5.0,"Shape_Leng":0.00352251909962},"geometry":{"type":"LineString","coordinates":[[-16.467499999992754,15.875138888972344],[-16.4672222222149,15.875833333416836],[-16.468333333326257,15.875833333416836],[-16.468055555548347,15.875000000083332],[-16.467499999992754,15.875138888972344]]}},{"type":"Feature","properties":{"OBJECTID":11922,"Id":11922,"Contour":0.0,"Shape_Leng":0.00111468517855},"geometry":{"type":"LineString","coordinates":[[-16.459999999991055,15.875185190920035],[-16.46027777776891,15.875277777861186],[-16.459999999991055,15.875555555639039],[-16.459907408811375,15.875277777861186],[-16.459999999991055,15.875185190920035]]}},{"type":"Feature","properties":{"OBJECTID":11931,"Id":11931,"Contour":5.0,"Shape_Leng":0.000555555555707},"geometry":{"type":"LineString","coordinates":[[-16.489166666664232,15.875000000083332],[-16.489166666664232,15.875277777861186]]}},{"type":"Feature","properties":{"OBJECTID":11932,"Id":11932,"Contour":10.0,"Shape_Leng":0.00159853961908},"geometry":{"type":"LineString","coordinates":[[-16.47999999999547,15.87472222230548],[-16.47972222221773,15.875000000083332],[-16.47972222221773,15.875277777861186],[-16.480138888884483,15.875138888972344],[-16.47999999999547,15.87472222230548]]}},{"type":"Feature","properties":{"OBJECTID":11933,"Id":11933,"Contour":5.0,"Shape_Leng":0.00412500397854},"geometry":{"type":"LineString","coordinates":[[-16.46527777777004,15.87472222230548],[-16.46472222221439,15.875000000083332],[-16.46472222221439,15.876111111194689],[-16.46538888718578,15.875666673531839],[-16.46527777777004,15.87472222230548]]}},{"type":"Feature","properties":{"OBJECTID":11934,"Id":11934,"Contour":0.0,"Shape_Leng":0.00157379717682},"geometry":{"type":"LineString","coordinates":[[-16.45694444443484,15.875000000083332],[-16.457083333323794,15.875277777861186],[-16.456666666656986,15.875555555639039],[-16.456666666656986,15.875277777861186],[-16.45694444443484,15.875000000083332]]}},{"type":"Feature","properties":{"OBJECTID":11949,"Id":11949,"Contour":5.0,"Shape_Leng":0.00393890685699},"geometry":{"type":"LineString","coordinates":[[-16.50777777777938,15.874444444527626],[-16.50731481552276,15.875000000083332],[-16.50805555555729,15.875833333416836],[-16.5084722222241,15.875277777861186],[-16.50777777777938,15.874444444527626]]}},{"type":"Feature","properties":{"OBJECTID":11950,"Id":11950,"Contour":5.0,"Shape_Leng":0.00189678531278},"geometry":{"type":"LineString","coordinates":[[-16.48444444444101,15.874444444527626],[-16.484166666663157,15.874444444527626],[-16.484166666663157,15.875000000083332],[-16.48472222221875,15.87472222230548],[-16.48444444444101,15.874444444527626]]}},{"type":"Feature","properties":{"OBJECTID":11951,"Id":11951,"Contour":5.0,"Shape_Leng":0.00411900753554},"geometry":{"type":"LineString","coordinates":[[-16.47805555555061,15.87472222230548],[-16.478611111106318,15.875000000083332],[-16.47694444443931,15.875277777861186],[-16.47694444443931,15.875000000083332],[-16.47805555555061,15.87472222230548]]}},{"type":"Feature","properties":{"OBJECTID":11952,"Id":11952,"Contour":10.0,"Shape_Leng":0.00359181194908},"geometry":{"type":"LineString","coordinates":[[-16.4419444444315,15.874583333416638],[-16.4418055555426,15.875277777861186],[-16.44277777776506,15.875555555639039],[-16.442857140422404,15.874920637425873],[-16.4419444444315,15.874583333416638]]}},{"type":"Feature","properties":{"OBJECTID":11959,"Id":11959,"Contour":5.0,"Shape_Leng":0.00189678531275},"geometry":{"type":"LineString","coordinates":[[-16.459722222213202,15.874166666749773],[-16.459444444435462,15.87472222230548],[-16.459999999991055,15.87472222230548],[-16.459999999991055,15.874444444527626],[-16.459722222213202,15.874166666749773]]}},{"type":"Feature","properties":{"OBJECTID":11960,"Id":11960,"Contour":5.0,"Shape_Leng":0.000555555555707},"geometry":{"type":"LineString","coordinates":[[-16.4408333333202,15.874444444527626],[-16.441111111098053,15.874444444527626]]}},{"type":"Feature","properties":{"OBJECTID":11980,"Id":11980,"Contour":5.0,"Shape_Leng":0.00174079148138},"geometry":{"type":"LineString","coordinates":[[-16.50777777777938,15.873611111194066],[-16.50766666624446,15.874000006864776],[-16.50805555555729,15.874166666749773],[-16.50805555555729,15.873611111194066],[-16.50777777777938,15.873611111194066]]}},{"type":"Feature","properties":{"OBJECTID":11981,"Id":11981,"Contour":0.0,"Shape_Leng":0.000555555555707},"geometry":{"type":"LineString","coordinates":[[-16.50666666666808,15.87388888897192],[-16.50666666666808,15.874166666749773]]}},{"type":"Feature","properties":{"OBJECTID":11982,"Id":11982,"Contour":10.0,"Shape_Leng":0.00199803741112},"geometry":{"type":"LineString","coordinates":[[-16.480555555551234,15.873796302030826],[-16.48027777777338,15.87388888897192],[-16.47999999999547,15.874166666749773],[-16.480555555551234,15.874166666749773],[-16.480555555551234,15.873796302030826]]}},{"type":"Feature","properties":{"OBJECTID":11983,"Id":11983,"Contour":0.0,"Shape_Leng":0.000555555555707},"geometry":{"type":"LineString","coordinates":[[-16.448611111099638,15.87388888897192],[-16.44888888887749,15.87388888897192]]}},{"type":"Feature","properties":{"OBJECTID":11993,"Id":11993,"Contour":5.0,"Shape_Leng":0.0020595037679},"geometry":{"type":"LineString","coordinates":[[-16.49194444444265,15.87333333341627],[-16.49166666666474,15.87333333341627],[-16.49166666666474,15.87388888897192],[-16.492222222220505,15.87388888897192],[-16.49194444444265,15.87333333341627]]}},{"type":"Feature","properties":{"OBJECTID":11994,"Id":11994,"Contour":5.0,"Shape_Leng":0.00543442825935},"geometry":{"type":"LineString","coordinates":[[-16.46194444443597,15.87333333341627],[-16.46138888888032,15.874444444527626],[-16.462222222213825,15.875277777861186],[-16.46277777776953,15.874166666749773],[-16.46194444443597,15.87333333341627]]}},{"type":"Feature","properties":{"OBJECTID":12005,"Id":12005,"Contour":5.0,"Shape_Leng":0.000555555555707},"geometry":{"type":"LineString","coordinates":[[-16.5,15.87333333341627],[-16.500277777777796,15.87333333341627]]}},{"type":"Feature","properties":{"OBJECTID":12020,"Id":12020,"Contour":5.0,"Shape_Leng":0.00148348095755},"geometry":{"type":"LineString","coordinates":[[-16.519444444448652,15.87388888897192],[-16.519722222226562,15.872777777860733]]}},{"type":"Feature","properties":{"OBJECTID":12021,"Id":12021,"Contour":5.0,"Shape_Leng":0.00236318337115},"geometry":{"type":"LineString","coordinates":[[-16.518611111115206,15.872962968697266],[-16.518611111115206,15.873611111194066],[-16.519166666670912,15.87333333341627],[-16.519166666670912,15.873055555638416],[-16.518611111115206,15.872962968697266]]}},{"type":"Feature","properties":{"OBJECTID":12031,"Id":12031,"Contour":5.0,"Shape_Leng":0.00611727559489},"geometry":{"type":"LineString","coordinates":[[-16.505000000001075,15.87250000008288],[-16.504444444445312,15.874166666749773],[-16.50527777777893,15.874444444527626],[-16.505833333334635,15.87250000008288],[-16.505000000001075,15.87250000008288]]}},{"type":"Feature","properties":{"OBJECTID":12032,"Id":12032,"Contour":5.0,"Shape_Leng":0.00132954168473},"geometry":{"type":"LineString","coordinates":[[-16.456111111101336,15.87250000008288],[-16.45601851568307,15.872777777860733],[-16.456111111101336,15.872916666749575],[-16.456388888879076,15.872777777860733],[-16.456111111101336,15.87250000008288]]}},{"type":"Feature","properties":{"OBJECTID":12045,"Id":12045,"Contour":5.0,"Shape_Leng":0.0033333333339},"geometry":{"type":"LineString","coordinates":[[-16.487222222219373,15.872222222305027],[-16.486666666663666,15.87250000008288],[-16.486666666663666,15.873055555638416],[-16.487499999997226,15.872777777860733],[-16.487222222219373,15.872222222305027]]}},{"type":"Feature","properties":{"OBJECTID":12046,"Id":12046,"Contour":15.0,"Shape_Leng":0.00309511425215},"geometry":{"type":"LineString","coordinates":[[-16.471388888882416,15.87250000008288],[-16.472222222216033,15.873194444527428],[-16.472499999993886,15.872777777860733],[-16.472333331631773,15.872388882189853],[-16.471388888882416,15.87250000008288]]}},{"type":"Feature","properties":{"OBJECTID":12047,"Id":12047,"Contour":0.0,"Shape_Leng":0.00464325611906},"geometry":{"type":"MultiLineString","coordinates":[[[-16.455277777767776,15.87250000008288],[-16.45583333332354,15.87333333341627],[-16.455555555545686,15.87388888897192],[-16.455277777767776,15.87388888897192]],[[-16.455277777767776,15.87388888897192],[-16.454722222212183,15.87388888897192]],[[-16.455277777767776,15.87388888897192],[-16.455277777767776,15.873611111194066],[-16.455277777767776,15.87333333341627],[-16.455138888878935,15.873055555638416],[-16.455277777767776,15.87250000008288]]]}},{"type":"Feature","properties":{"OBJECTID":12054,"Id":12054,"Contour":5.0,"Shape_Leng":0.00757345625366},"geometry":{"type":"LineString","coordinates":[[-16.509722222224298,15.871944444527003],[-16.509444444446558,15.87333333341627],[-16.51000000000215,15.87472222230548],[-16.51074074003668,15.872222222305027],[-16.509722222224298,15.871944444527003]]}},{"type":"Feature","properties":{"OBJECTID":12055,"Id":12055,"Contour":5.0,"Shape_Leng":0.00205950376832},"geometry":{"type":"LineString","coordinates":[[-16.504722222223222,15.871944444527003],[-16.504444444445312,15.872222222305027],[-16.505000000001075,15.87250000008288],[-16.505000000001075,15.871944444527003],[-16.504722222223222,15.871944444527003]]}},{"type":"Feature","properties":{"OBJECTID":12056,"Id":12056,"Contour":15.0,"Shape_Leng":0.00141108019769},"geometry":{"type":"LineString","coordinates":[[-16.44611111109913,15.872222222305027],[-16.445833333321275,15.87250000008288],[-16.44611111109913,15.872638888971721],[-16.44638888887698,15.87250000008288],[-16.44611111109913,15.872222222305027]]}},{"type":"Feature","properties":{"OBJECTID":12070,"Id":12070,"Contour":5.0,"Shape_Leng":0.0111785113043},"geometry":{"type":"MultiLineString","coordinates":[[[-16.47888888888417,15.871944444527003],[-16.47999999999547,15.872222222305027],[-16.47972222221773,15.87250000008288],[-16.479166666662024,15.872222222305027],[-16.47888888888417,15.872222222305027]],[[-16.47888888888417,15.872222222305027],[-16.47888888888417,15.873055555638416]],[[-16.47888888888417,15.873055555638416],[-16.479166666662024,15.873055555638416],[-16.479166666662024,15.87333333341627],[-16.47972222221773,15.87333333341627]],[[-16.47972222221773,15.87333333341627],[-16.47999999999547,15.87333333341627]],[[-16.47999999999547,15.87333333341627],[-16.48027777777338,15.87333333341627]],[[-16.48027777777338,15.87333333341627],[-16.48027777777338,15.873055555638416],[-16.48027777777338,15.87250000008288],[-16.480833333329088,15.873055555638416],[-16.480555555551234,15.87333333341627],[-16.48027777777338,15.87333333341627]],[[-16.47972222221773,15.87333333341627],[-16.47972222221773,15.873611111194066],[-16.47888888888417,15.87333333341627],[-16.47888888888417,15.873055555638416]],[[-16.47888888888417,15.872222222305027],[-16.47888888888417,15.871944444527003]]]}},{"type":"Feature","properties":{"OBJECTID":12071,"Id":12071,"Contour":5.0,"Shape_Leng":0.00197869005258},"geometry":{"type":"LineString","coordinates":[[-16.467777777770607,15.87166666674932],[-16.467499999992754,15.871944444527003],[-16.467777777770607,15.872361111193868],[-16.468055555548347,15.872222222305027],[-16.467777777770607,15.87166666674932]]}},{"type":"Feature","properties":{"OBJECTID":12072,"Id":12072,"Contour":0.0,"Shape_Leng":0.0024853356044},"geometry":{"type":"LineString","coordinates":[[-16.458055555546252,15.871805555638161],[-16.458611111101845,15.872222222305027],[-16.458333333323992,15.872638888971721],[-16.4577777777684,15.872222222305027],[-16.458055555546252,15.871805555638161]]}},{"type":"Feature","properties":{"OBJECTID":12076,"Id":12076,"Contour":5.0,"Shape_Leng":0.00277777777819},"geometry":{"type":"LineString","coordinates":[[-16.4661111111036,15.871388888971524],[-16.465833333325747,15.871388888971524],[-16.465833333325747,15.872222222305027],[-16.46638888888134,15.872222222305027],[-16.4661111111036,15.871388888971524]]}},{"type":"Feature","properties":{"OBJECTID":12077,"Id":12077,"Contour":15.0,"Shape_Leng":0.00969993684114},"geometry":{"type":"LineString","coordinates":[[-16.43944444443099,15.87166666674932],[-16.438333333319576,15.87250000008288],[-16.439722222208843,15.87472222230548],[-16.439166666653136,15.873611111194066],[-16.439907404568316,15.87250000008288],[-16.43944444443099,15.87166666674932]]}},{"type":"Feature","properties":{"OBJECTID":12088,"Id":12088,"Contour":5.0,"Shape_Leng":0.00287237095349},"geometry":{"type":"LineString","coordinates":[[-16.50638888889023,15.871250000082512],[-16.505833333334635,15.871388888971524],[-16.505833333334635,15.871944444527003],[-16.50666666666808,15.871944444527003],[-16.50638888889023,15.871250000082512]]}},{"type":"Feature","properties":{"OBJECTID":12089,"Id":12089,"Contour":5.0,"Shape_Leng":0.00452195529772},"geometry":{"type":"LineString","coordinates":[[-16.494444444443218,15.871388888971524],[-16.49472222222107,15.872222222305027],[-16.49527777777672,15.87250000008288],[-16.494166666665365,15.87250000008288],[-16.494444444443218,15.871388888971524]]}},{"type":"Feature","properties":{"OBJECTID":12090,"Id":12090,"Contour":5.0,"Shape_Leng":0.00356345197947},"geometry":{"type":"LineString","coordinates":[[-16.48777777777508,15.87111111119367],[-16.487222222219373,15.871388888971524],[-16.487222222219373,15.871944444527003],[-16.488333333330672,15.87166666674932],[-16.48777777777508,15.87111111119367]]}},{"type":"Feature","properties":{"OBJECTID":12091,"Id":12091,"Contour":5.0,"Shape_Leng":0.00506888621043},"geometry":{"type":"LineString","coordinates":[[-16.476388888883662,15.871388888971524],[-16.477055553855052,15.87155554885652],[-16.47694444443931,15.872777777860733],[-16.47611111110581,15.87166666674932],[-16.476388888883662,15.871388888971524]]}},{"type":"Feature","properties":{"OBJECTID":12092,"Id":12092,"Contour":10.0,"Shape_Leng":0.00526330925753},"geometry":{"type":"LineString","coordinates":[[-16.47444444443863,15.87111111119367],[-16.473888888883096,15.872222222305027],[-16.47527777777225,15.87250000008288],[-16.47527777777225,15.87111111119367],[-16.47444444443863,15.87111111119367]]}},{"type":"Feature","properties":{"OBJECTID":12093,"Id":12093,"Contour":5.0,"Shape_Leng":0.00222222222283},"geometry":{"type":"LineString","coordinates":[[-16.46527777777004,15.87111111119367],[-16.46499999999213,15.87111111119367],[-16.46499999999213,15.87166666674932],[-16.465555555547894,15.87166666674932],[-16.46527777777004,15.87111111119367]]}},{"type":"Feature","properties":{"OBJECTID":12094,"Id":12094,"Contour":5.0,"Shape_Leng":0.00659057850223},"geometry":{"type":"LineString","coordinates":[[-16.46166666665806,15.87111111119367],[-16.46027777776891,15.872222222305027],[-16.46111111110247,15.873055555638416],[-16.462222222213825,15.87166666674932],[-16.46166666665806,15.87111111119367]]}},{"type":"Feature","properties":{"OBJECTID":12095,"Id":12095,"Contour":5.0,"Shape_Leng":0.00171037850109},"geometry":{"type":"LineString","coordinates":[[-16.45694444443484,15.87111111119367],[-16.456666666656986,15.87111111119367],[-16.456666666656986,15.871388888971524],[-16.457222222212692,15.871388888971524],[-16.45694444443484,15.87111111119367]]}},{"type":"Feature","properties":{"OBJECTID":12096,"Id":12096,"Contour":10.0,"Shape_Leng":0.0100901613481},"geometry":{"type":"LineString","coordinates":[[-16.443333333320766,15.87111111119367],[-16.441666666653646,15.872222222305027],[-16.442222222209352,15.873055555638416],[-16.441666666653646,15.87388888897192],[-16.443333333320766,15.87388888897192],[-16.443333333320766,15.87111111119367]]}},{"type":"Feature","properties":{"OBJECTID":12107,"Id":12107,"Contour":15.0,"Shape_Leng":0.00277777777808},"geometry":{"type":"LineString","coordinates":[[-16.47277777777174,15.87111111119367],[-16.47277777777174,15.871388888971524],[-16.47277777777174,15.87166666674932],[-16.472499999993886,15.87166666674932],[-16.472499999993886,15.871944444527003],[-16.47277777777174,15.871944444527003],[-16.473055555549593,15.87111111119367],[-16.47277777777174,15.87111111119367]]}},{"type":"Feature","properties":{"OBJECTID":12108,"Id":12108,"Contour":5.0,"Shape_Leng":0.00293496408696},"geometry":{"type":"LineString","coordinates":[[-16.4502777777667,15.870972222304658],[-16.449888890573163,15.871500006864153],[-16.450666664960295,15.871777784642177],[-16.45069444443351,15.87111111119367],[-16.4502777777667,15.870972222304658]]}},{"type":"Feature","properties":{"OBJECTID":12125,"Id":12125,"Contour":5.0,"Shape_Leng":0.00205950376769},"geometry":{"type":"LineString","coordinates":[[-16.50305555555616,15.870555555637964],[-16.50277777777842,15.87111111119367],[-16.503333333334012,15.87111111119367],[-16.503333333334012,15.870555555637964],[-16.50305555555616,15.870555555637964]]}},{"type":"Feature","properties":{"OBJECTID":12126,"Id":12126,"Contour":5.0,"Shape_Leng":0.00166666666712},"geometry":{"type":"LineString","coordinates":[[-16.48027777777338,15.870833333415817],[-16.480555555551234,15.870833333415817],[-16.48027777777338,15.871388888971524],[-16.48027777777338,15.870833333415817]]}},{"type":"Feature","properties":{"OBJECTID":12136,"Id":12136,"Contour":5.0,"Shape_Leng":0.00301567413369},"geometry":{"type":"LineString","coordinates":[[-16.509722222224298,15.87027777786011],[-16.509444444446558,15.870833333415817],[-16.510555555557914,15.870833333415817],[-16.51027777778006,15.87027777786011],[-16.509722222224298,15.87027777786011]]}},{"type":"Feature","properties":{"OBJECTID":12137,"Id":12137,"Contour":5.0,"Shape_Leng":0.00657138443187},"geometry":{"type":"LineString","coordinates":[[-16.463611111102978,15.87027777786011],[-16.463611111102978,15.871388888971524],[-16.46305555554727,15.872222222305027],[-16.46472222221439,15.871388888971524],[-16.463611111102978,15.87027777786011]]}},{"type":"Feature","properties":{"OBJECTID":12145,"Id":12145,"Contour":5.0,"Shape_Leng":0.00206750711361},"geometry":{"type":"LineString","coordinates":[[-16.5169444444482,15.870000000082257],[-16.5169444444482,15.870555555637964],[-16.517222222226053,15.870555555637964],[-16.517500000003906,15.870000000082257],[-16.5169444444482,15.870000000082257]]}},{"type":"Feature","properties":{"OBJECTID":12146,"Id":12146,"Contour":5.0,"Shape_Leng":0.00089307235529},"geometry":{"type":"LineString","coordinates":[[-16.51138888889136,15.870000000082257],[-16.511296295592388,15.87027777786011],[-16.51138888889136,15.870416666748952],[-16.51143518448123,15.87027777786011],[-16.51138888889136,15.870000000082257]]}},{"type":"Feature","properties":{"OBJECTID":12147,"Id":12147,"Contour":5.0,"Shape_Leng":0.00424079369584},"geometry":{"type":"LineString","coordinates":[[-16.504444444445312,15.870138888971098],[-16.504166666667572,15.871388888971524],[-16.504722222223222,15.871388888971524],[-16.505000000001075,15.870000000082257],[-16.504444444445312,15.870138888971098]]}},{"type":"Feature","properties":{"OBJECTID":12148,"Id":12148,"Contour":15.0,"Shape_Leng":0.00510457420996},"geometry":{"type":"LineString","coordinates":[[-16.447222222210485,15.87027777786011],[-16.44666666665472,15.871388888971524],[-16.44694444443263,15.872083333416015],[-16.447499999988338,15.87166666674932],[-16.447222222210485,15.87027777786011]]}},{"type":"Feature","properties":{"OBJECTID":12149,"Id":12149,"Contour":5.0,"Shape_Leng":0.0127849782629},"geometry":{"type":"LineString","coordinates":[[-16.444999999987715,15.87018519091879],[-16.44527777776557,15.871388888971524],[-16.44416666665427,15.87250000008288],[-16.443888888876415,15.875277777861186],[-16.443611111098505,15.872222222305027],[-16.444999999987715,15.87018519091879]]}},{"type":"Feature","properties":{"OBJECTID":12160,"Id":12160,"Contour":15.0,"Shape_Leng":0.000555555555707},"geometry":{"type":"LineString","coordinates":[[-16.438888888875283,15.870000000082257],[-16.438888888875283,15.87027777786011]]}},{"type":"Feature","properties":{"OBJECTID":12161,"Id":12161,"Contour":10.0,"Shape_Leng":0.00111111111141},"geometry":{"type":"LineString","coordinates":[[-16.437777777763927,15.870000000082257],[-16.437777777763927,15.870555555637964]]}},{"type":"Feature","properties":{"OBJECTID":12171,"Id":12171,"Contour":5.0,"Shape_Leng":0.00952456768916},"geometry":{"type":"LineString","coordinates":[[-16.499444444444237,15.869722222304404],[-16.4998611111111,15.870000000082257],[-16.49972222222209,15.87166666674932],[-16.500833333333503,15.871944444527003],[-16.500277777777796,15.872222222305027],[-16.499444444444237,15.872222222305027],[-16.499444444444237,15.869722222304404]]}},{"type":"Feature","properties":{"OBJECTID":12172,"Id":12172,"Contour":5.0,"Shape_Leng":0.00111111111141},"geometry":{"type":"MultiLineString","coordinates":[[[-16.498333333332937,15.869722222304404],[-16.498333333332937,15.870000000082257]],[[-16.498333333332937,15.870000000082257],[-16.49861111111079,15.870000000082257]]]}},{"type":"Feature","properties":{"OBJECTID":12173,"Id":12173,"Contour":10.0,"Shape_Leng":0.00231681510579},"geometry":{"type":"LineString","coordinates":[[-16.474722222216542,15.869583333415392],[-16.47444444443863,15.870000000082257],[-16.47527777777225,15.870000000082257],[-16.47527777777225,15.869722222304404],[-16.474722222216542,15.869583333415392]]}},{"type":"Feature","properties":{"OBJECTID":12174,"Id":12174,"Contour":5.0,"Shape_Leng":0.00707139872284},"geometry":{"type":"LineString","coordinates":[[-16.458055555546252,15.86944444452655],[-16.4577777777684,15.870555555637964],[-16.456666666656986,15.870555555637964],[-16.45694444443484,15.87111111119367],[-16.458611111101845,15.870833333415817],[-16.458055555546252,15.86944444452655]]}},{"type":"Feature","properties":{"OBJECTID":12175,"Id":12175,"Contour":10.0,"Shape_Leng":0.00415435674928},"geometry":{"type":"LineString","coordinates":[[-16.443333333320766,15.869629635363083],[-16.44277777776506,15.870000000082257],[-16.44277777776506,15.87111111119367],[-16.443611111098505,15.870555555637964],[-16.443333333320766,15.869629635363083]]}},{"type":"Feature","properties":{"OBJECTID":12184,"Id":12184,"Contour":5.0,"Shape_Leng":0.00173651629324},"geometry":{"type":"LineString","coordinates":[[-16.509444444446558,15.869166666748754],[-16.509166666668705,15.869166666748754],[-16.509166666668705,15.869722222304404],[-16.509444444446558,15.869722222304404],[-16.509444444446558,15.869166666748754]]}},{"type":"Feature","properties":{"OBJECTID":12185,"Id":12185,"Contour":5.0,"Shape_Leng":0.00315187086454},"geometry":{"type":"LineString","coordinates":[[-16.50777777777938,15.869166666748754],[-16.507222222223845,15.870000000082257],[-16.50750000000164,15.87027777786011],[-16.50805555555729,15.869722222304404],[-16.50777777777938,15.869166666748754]]}},{"type":"Feature","properties":{"OBJECTID":12186,"Id":12186,"Contour":5.0,"Shape_Leng":0.00454987259894},"geometry":{"type":"LineString","coordinates":[[-16.48777777777508,15.869305555637538],[-16.48694444444152,15.87027777786011],[-16.48694444444152,15.870555555637964],[-16.488333333330672,15.87027777786011],[-16.48777777777508,15.869305555637538]]}},{"type":"Feature","properties":{"OBJECTID":12187,"Id":12187,"Contour":5.0,"Shape_Leng":0.00173651710784},"geometry":{"type":"LineString","coordinates":[[-16.478611111106318,15.86944444452655],[-16.4789999982998,15.86933332663375],[-16.479166666662024,15.869722222304404],[-16.478611111106318,15.869722222304404],[-16.478611111106318,15.86944444452655]]}},{"type":"Feature","properties":{"OBJECTID":12188,"Id":12188,"Contour":15.0,"Shape_Leng":0.00281409571476},"geometry":{"type":"LineString","coordinates":[[-16.47277777777174,15.869305555637538],[-16.472685186591946,15.870000000082257],[-16.473055555549593,15.87027777786011],[-16.473472222216344,15.869722222304404],[-16.47277777777174,15.869305555637538]]}},{"type":"Feature","properties":{"OBJECTID":12189,"Id":12189,"Contour":5.0,"Shape_Leng":0.0050221898338},"geometry":{"type":"LineString","coordinates":[[-16.466666666659194,15.869166666748754],[-16.4661111111036,15.870000000082257],[-16.46638888888134,15.870555555637964],[-16.467499999992754,15.87027777786011],[-16.467499999992754,15.86944444452655],[-16.466666666659194,15.869166666748754]]}},{"type":"Feature","properties":{"OBJECTID":12201,"Id":12201,"Contour":5.0,"Shape_Leng":0.00356345197984},"geometry":{"type":"LineString","coordinates":[[-16.486111111108016,15.8688888889709],[-16.486111111108016,15.870000000082257],[-16.486666666663666,15.870000000082257],[-16.486666666663666,15.869166666748754],[-16.486111111108016,15.8688888889709]]}},{"type":"Feature","properties":{"OBJECTID":12202,"Id":12202,"Contour":5.0,"Shape_Leng":0.00484940395015},"geometry":{"type":"LineString","coordinates":[[-16.46194444443597,15.869027777859742],[-16.46111111110247,15.870000000082257],[-16.46166666665806,15.87037036480126],[-16.46277777776953,15.869166666748754],[-16.46194444443597,15.869027777859742]]}},{"type":"Feature","properties":{"OBJECTID":12203,"Id":12203,"Contour":0.0,"Shape_Leng":0.00347929423372},"geometry":{"type":"LineString","coordinates":[[-16.450833333322407,15.869166666748754],[-16.451190473757606,15.86952380718401],[-16.4502777777667,15.87027777786011],[-16.450185182348434,15.869722222304404],[-16.450833333322407,15.869166666748754]]}},{"type":"Feature","properties":{"OBJECTID":12211,"Id":12211,"Contour":5.0,"Shape_Leng":0.0013375633589},"geometry":{"type":"LineString","coordinates":[[-16.463333333325124,15.86879630202975],[-16.46305555554727,15.8688888889709],[-16.46305555554727,15.869166666748754],[-16.463333333325124,15.869166666748754],[-16.463333333325124,15.86879630202975]]}},{"type":"Feature","properties":{"OBJECTID":12212,"Id":12212,"Contour":10.0,"Shape_Leng":0.00105132623359},"geometry":{"type":"LineString","coordinates":[[-16.45361111110077,15.868611111193047],[-16.45347222221187,15.86875000008206],[-16.45361111110077,15.869027777859742],[-16.453749999989725,15.8688888889709],[-16.45361111110077,15.868611111193047]]}},{"type":"Feature","properties":{"OBJECTID":12224,"Id":12224,"Contour":10.0,"Shape_Leng":0.0359048410715},"geometry":{"type":"LineString","coordinates":[[-16.47277777777174,15.868333333415194],[-16.472291666660453,15.87111111119367],[-16.470740742147086,15.87250000008288],[-16.47122222052036,15.873722229086923],[-16.470555555549026,15.87388888897192],[-16.470648146728763,15.87537036480228],[-16.46962963103573,15.876666666750396],[-16.470277777771116,15.878055555639605],[-16.471388888882416,15.878333333417459],[-16.471666666660326,15.876944444528249],[-16.470925924506616,15.876111111194689],[-16.47158729976445,15.874642859648247],[-16.472499999993886,15.874444444527626],[-16.47194444443818,15.87388888897192],[-16.473333333327332,15.872777777860733],[-16.473888888883096,15.87027777786011],[-16.47527777777225,15.87111111119367],[-16.477083333328267,15.869861111193245],[-16.4766666666614,15.869027777859742],[-16.47444444443863,15.870000000082257],[-16.47277777777174,15.868333333415194]]}},{"type":"Feature","properties":{"OBJECTID":12236,"Id":12236,"Contour":5.0,"Shape_Leng":0.00229634866537},"geometry":{"type":"LineString","coordinates":[[-16.48805555555282,15.86805555563734],[-16.48777777777508,15.868611111193047],[-16.48805555555282,15.86875000008206],[-16.488333333330672,15.868611111193047],[-16.48805555555282,15.86805555563734]]}},{"type":"Feature","properties":{"OBJECTID":12237,"Id":12237,"Contour":5.0,"Shape_Leng":0.0048263153201},"geometry":{"type":"LineString","coordinates":[[-16.482777777773947,15.868333333415194],[-16.483888888885303,15.868611111193047],[-16.483055555551687,15.8688888889709],[-16.483055555551687,15.869722222304404],[-16.482777777773947,15.868333333415194]]}},{"type":"Feature","properties":{"OBJECTID":12238,"Id":12238,"Contour":5.0,"Shape_Leng":0.00348158031596},"geometry":{"type":"LineString","coordinates":[[-16.480833333329088,15.868333333415194],[-16.48138888888468,15.868333333415194],[-16.48111111110694,15.86944444452655],[-16.480555555551234,15.868611111193047],[-16.480833333329088,15.868333333415194]]}},{"type":"Feature","properties":{"OBJECTID":12239,"Id":12239,"Contour":10.0,"Shape_Leng":0.00190436112163},"geometry":{"type":"LineString","coordinates":[[-16.477222222217165,15.868194444526353],[-16.477083333328267,15.868611111193047],[-16.4773148133969,15.868703698134198],[-16.47763888888386,15.868333333415194],[-16.477222222217165,15.868194444526353]]}},{"type":"Feature","properties":{"OBJECTID":12240,"Id":12240,"Contour":0.0,"Shape_Leng":0.000555555555707},"geometry":{"type":"LineString","coordinates":[[-16.459999999991055,15.868333333415194],[-16.46027777776891,15.868333333415194]]}},{"type":"Feature","properties":{"OBJECTID":12244,"Id":12244,"Contour":5.0,"Shape_Leng":0.00311344966776},"geometry":{"type":"LineString","coordinates":[[-16.469999999993263,15.8679166667485],[-16.469583333326568,15.868333333415194],[-16.470092591173056,15.868703698134198],[-16.470694444437868,15.86805555563734],[-16.469999999993263,15.8679166667485]]}},{"type":"Feature","properties":{"OBJECTID":12245,"Id":12245,"Contour":5.0,"Shape_Leng":0.005039080009},"geometry":{"type":"LineString","coordinates":[[-16.468055555548347,15.867777777859487],[-16.467499999992754,15.868333333415194],[-16.467777777770607,15.86944444452655],[-16.46861111110411,15.868611111193047],[-16.468055555548347,15.867777777859487]]}},{"type":"Feature","properties":{"OBJECTID":12246,"Id":12246,"Contour":0.0,"Shape_Leng":0.00238859601799},"geometry":{"type":"LineString","coordinates":[[-16.463611111102978,15.8679166667485],[-16.464166666658684,15.868333333415194],[-16.464166666658684,15.868611111193047],[-16.463611111102978,15.868611111193047],[-16.463611111102978,15.8679166667485]]}},{"type":"Feature","properties":{"OBJECTID":12259,"Id":12259,"Contour":0.0,"Shape_Leng":0.00111111111141},"geometry":{"type":"LineString","coordinates":[[-16.511111111113507,15.867777777859487],[-16.51138888889136,15.867777777859487],[-16.511111111113507,15.86805555563734],[-16.511111111113507,15.867777777859487]]}},{"type":"Feature","properties":{"OBJECTID":12260,"Id":12260,"Contour":5.0,"Shape_Leng":0.00173406685773},"geometry":{"type":"LineString","coordinates":[[-16.50750000000164,15.867500000081634],[-16.507222222223845,15.867777777859487],[-16.50750000000164,15.86805555563734],[-16.50777777777938,15.867777777859487],[-16.50750000000164,15.867500000081634]]}},{"type":"Feature","properties":{"OBJECTID":12261,"Id":12261,"Contour":5.0,"Shape_Leng":0.00705950376895},"geometry":{"type":"LineString","coordinates":[[-16.505833333334635,15.867500000081634],[-16.504722222223222,15.868333333415194],[-16.504722222223222,15.869166666748754],[-16.50638888889023,15.869166666748754],[-16.505833333334635,15.867500000081634]]}},{"type":"Feature","properties":{"OBJECTID":12262,"Id":12262,"Contour":5.0,"Shape_Leng":0.00277777777853},"geometry":{"type":"LineString","coordinates":[[-16.494166666665365,15.867777777859487],[-16.49472222222107,15.86805555563734],[-16.494444444443218,15.868611111193047],[-16.494166666665365,15.868611111193047],[-16.494166666665365,15.867777777859487]]}},{"type":"Feature","properties":{"OBJECTID":12263,"Id":12263,"Contour":5.0,"Shape_Leng":0.00333333333413},"geometry":{"type":"LineString","coordinates":[[-16.486388888885756,15.867500000081634],[-16.486111111108016,15.868333333415194],[-16.48694444444152,15.868333333415194],[-16.48694444444152,15.867777777859487],[-16.486388888885756,15.867500000081634]]}},{"type":"Feature","properties":{"OBJECTID":12264,"Id":12264,"Contour":5.0,"Shape_Leng":0.00219048488635},"geometry":{"type":"LineString","coordinates":[[-16.47805555555061,15.867777777859487],[-16.478611111106318,15.867592587022955],[-16.47874999999516,15.86805555563734],[-16.47805555555061,15.86805555563734],[-16.47805555555061,15.867777777859487]]}},{"type":"Feature","properties":{"OBJECTID":12265,"Id":12265,"Contour":15.0,"Shape_Leng":0.00158585000028},"geometry":{"type":"LineString","coordinates":[[-16.439166666653136,15.867777777859487],[-16.439166666653136,15.86805555563734],[-16.43944444443099,15.868333333415194],[-16.439555553846674,15.867944437744484],[-16.439166666653136,15.867777777859487]]}},{"type":"Feature","properties":{"OBJECTID":12274,"Id":12274,"Contour":5.0,"Shape_Leng":0.00111111111153},"geometry":{"type":"LineString","coordinates":[[-16.500277777777796,15.867500000081634],[-16.500555555555707,15.867500000081634],[-16.500277777777796,15.867777777859487],[-16.500277777777796,15.867500000081634]]}},{"type":"Feature","properties":{"OBJECTID":12275,"Id":12275,"Contour":5.0,"Shape_Leng":0.00300789642446},"geometry":{"type":"MultiLineString","coordinates":[[[-16.498333333332937,15.867500000081634],[-16.49861111111079,15.867777777859487],[-16.49861111111079,15.86805555563734]],[[-16.49861111111079,15.86805555563734],[-16.49861111111079,15.868333333415194]],[[-16.49861111111079,15.868333333415194],[-16.498888888888644,15.868333333415194]],[[-16.49861111111079,15.86805555563734],[-16.498055555555027,15.86805555563734],[-16.498333333332937,15.867500000081634]]]}},{"type":"Feature","properties":{"OBJECTID":12276,"Id":12276,"Contour":10.0,"Shape_Leng":0.00189678531275},"geometry":{"type":"LineString","coordinates":[[-16.473055555549593,15.86722222230378],[-16.47277777777174,15.867500000081634],[-16.47277777777174,15.867777777859487],[-16.473333333327332,15.867500000081634],[-16.473055555549593,15.86722222230378]]}},{"type":"Feature","properties":{"OBJECTID":12277,"Id":12277,"Contour":5.0,"Shape_Leng":0.00215827029316},"geometry":{"type":"LineString","coordinates":[[-16.471388888882416,15.86722222230378],[-16.471388888882416,15.867777777859487],[-16.47194444443818,15.867777777859487],[-16.47194444443818,15.867500000081634],[-16.471388888882416,15.86722222230378]]}},{"type":"Feature","properties":{"OBJECTID":12289,"Id":12289,"Contour":5.0,"Shape_Leng":0.00189678531285},"geometry":{"type":"LineString","coordinates":[[-16.511944444447067,15.866944444525984],[-16.511666666669214,15.86722222230378],[-16.51222222222492,15.867500000081634],[-16.51222222222492,15.866944444525984],[-16.511944444447067,15.866944444525984]]}},{"type":"Feature","properties":{"OBJECTID":12290,"Id":12290,"Contour":0.0,"Shape_Leng":0.000555555555707},"geometry":{"type":"LineString","coordinates":[[-16.510555555557914,15.86722222230378],[-16.510833333335768,15.86722222230378]]}},{"type":"Feature","properties":{"OBJECTID":12291,"Id":12291,"Contour":5.0,"Shape_Leng":0.00503391963655},"geometry":{"type":"LineString","coordinates":[[-16.50888888889085,15.866944444525984],[-16.508333333335145,15.86805555563734],[-16.509722222224298,15.868333333415194],[-16.509722222224298,15.867777777859487],[-16.50888888889085,15.866944444525984]]}},{"type":"Feature","properties":{"OBJECTID":12292,"Id":12292,"Contour":5.0,"Shape_Leng":0.000555555555707},"geometry":{"type":"LineString","coordinates":[[-16.4777777777727,15.86722222230378],[-16.4777777777727,15.867500000081634]]}},{"type":"Feature","properties":{"OBJECTID":12302,"Id":12302,"Contour":15.0,"Shape_Leng":0.00354185650242},"geometry":{"type":"LineString","coordinates":[[-16.448611111099638,15.866805555637143],[-16.448777779461693,15.867333340196637],[-16.449814817629374,15.867500000081634],[-16.44972222221105,15.867083333414996],[-16.448611111099638,15.866805555637143]]}},{"type":"Feature","properties":{"OBJECTID":12313,"Id":12313,"Contour":5.0,"Shape_Leng":0.00388888888983},"geometry":{"type":"MultiLineString","coordinates":[[[-16.503611111111866,15.86666666674813],[-16.503888888889776,15.866944444525984]],[[-16.503888888889776,15.866944444525984],[-16.504444444445312,15.86666666674813],[-16.505000000001075,15.86666666674813],[-16.504444444445312,15.866944444525984],[-16.503888888889776,15.866944444525984]],[[-16.503888888889776,15.866944444525984],[-16.503888888889776,15.86666666674813],[-16.503611111111866,15.86666666674813]]]}},{"type":"Feature","properties":{"OBJECTID":12314,"Id":12314,"Contour":5.0,"Shape_Leng":0.00205950376769},"geometry":{"type":"LineString","coordinates":[[-16.496111111110167,15.866388888970278],[-16.495833333332428,15.866944444525984],[-16.49638888888802,15.866944444525984],[-16.49638888888802,15.866388888970278],[-16.496111111110167,15.866388888970278]]}},{"type":"Feature","properties":{"OBJECTID":12315,"Id":12315,"Contour":5.0,"Shape_Leng":0.00222222222271},"geometry":{"type":"MultiLineString","coordinates":[[[-16.480833333329088,15.86666666674813],[-16.480833333329088,15.866944444525984]],[[-16.480833333329088,15.866944444525984],[-16.480833333329088,15.86722222230378],[-16.48027777777338,15.866944444525984],[-16.480833333329088,15.866944444525984]]]}},{"type":"Feature","properties":{"OBJECTID":12316,"Id":12316,"Contour":10.0,"Shape_Leng":0.0012189361735},"geometry":{"type":"LineString","coordinates":[[-16.478611111106318,15.86652777785929],[-16.478333333328465,15.86666666674813],[-16.478611111106318,15.866944444525984],[-16.47874999999516,15.86666666674813],[-16.478611111106318,15.86652777785929]]}},{"type":"Feature","properties":{"OBJECTID":12317,"Id":12317,"Contour":20.0,"Shape_Leng":0.000555555555707},"geometry":{"type":"LineString","coordinates":[[-16.440277777764436,15.86666666674813],[-16.440277777764436,15.866944444525984]]}},{"type":"Feature","properties":{"OBJECTID":12318,"Id":12318,"Contour":15.0,"Shape_Leng":0.00111111111141},"geometry":{"type":"LineString","coordinates":[[-16.435833333319067,15.86666666674813],[-16.435833333319067,15.866944444525984],[-16.43611111109692,15.86666666674813],[-16.435833333319067,15.86666666674813]]}},{"type":"Feature","properties":{"OBJECTID":12330,"Id":12330,"Contour":5.0,"Shape_Leng":0.00308430576309},"geometry":{"type":"LineString","coordinates":[[-16.511944444447067,15.866111111192424],[-16.511666666669214,15.866388888970278],[-16.51222222222492,15.866944444525984],[-16.512500000002774,15.866111111192424],[-16.511944444447067,15.866111111192424]]}},{"type":"Feature","properties":{"OBJECTID":12331,"Id":12331,"Contour":5.0,"Shape_Leng":0.0022222222226},"geometry":{"type":"LineString","coordinates":[[-16.499444444444237,15.866388888970278],[-16.499444444444237,15.86666666674813],[-16.499166666666497,15.866944444525984],[-16.498888888888644,15.866944444525984],[-16.499444444444237,15.866388888970278]]}},{"type":"Feature","properties":{"OBJECTID":12332,"Id":12332,"Contour":5.0,"Shape_Leng":0.00280424213748},"geometry":{"type":"LineString","coordinates":[[-16.46055555554676,15.866111111192424],[-16.459999999991055,15.866388888970278],[-16.459999999991055,15.866944444525984],[-16.460833333324615,15.86666666674813],[-16.46055555554676,15.866111111192424]]}},{"type":"Feature","properties":{"OBJECTID":12333,"Id":12333,"Contour":10.0,"Shape_Leng":0.00347730874151},"geometry":{"type":"LineString","coordinates":[[-16.453055555545006,15.866111111192424],[-16.452777777767267,15.86666666674813],[-16.453888888878623,15.866944444525984],[-16.453888888878623,15.866111111192424],[-16.453055555545006,15.866111111192424]]}},{"type":"Feature","properties":{"OBJECTID":12365,"Id":12365,"Contour":5.0,"Shape_Leng":0.00222222222294},"geometry":{"type":"LineString","coordinates":[[-16.500555555555707,15.865555555636718],[-16.500555555555707,15.866388888970278],[-16.500277777777796,15.866388888970278],[-16.500277777777796,15.865833333414741],[-16.500555555555707,15.865555555636718]]}},{"type":"Feature","properties":{"OBJECTID":12366,"Id":12366,"Contour":5.0,"Shape_Leng":0.0029754859394},"geometry":{"type":"LineString","coordinates":[[-16.46138888888032,15.865277777858864],[-16.461249999991367,15.866111111192424],[-16.46166666665806,15.866203698133745],[-16.46194444443597,15.865555555636718],[-16.46138888888032,15.865277777858864]]}},{"type":"Feature","properties":{"OBJECTID":12367,"Id":12367,"Contour":5.0,"Shape_Leng":0.00666526943292},"geometry":{"type":"MultiLineString","coordinates":[[[-16.43416666665206,15.865555555636718],[-16.434207313973317,15.865718144921775]],[[-16.43414803940798,15.865648691857112],[-16.43416666665206,15.865555555636718]]]}},{"type":"Feature","properties":{"OBJECTID":12385,"Id":12385,"Contour":5.0,"Shape_Leng":0.00308113871448},"geometry":{"type":"LineString","coordinates":[[-16.511944444447067,15.864861111192226],[-16.511666666669214,15.865555555636718],[-16.512500000002774,15.865833333414741],[-16.512550504475257,15.865227271267258],[-16.511944444447067,15.864861111192226]]}},{"type":"Feature","properties":{"OBJECTID":12386,"Id":12386,"Contour":5.0,"Shape_Leng":0.00157134840306},"geometry":{"type":"LineString","coordinates":[[-16.49861111111079,15.865000000081011],[-16.498888888888644,15.865277777858864],[-16.49861111111079,15.865555555636718],[-16.498333333332937,15.865277777858864],[-16.49861111111079,15.865000000081011]]}},{"type":"Feature","properties":{"OBJECTID":12387,"Id":12387,"Contour":5.0,"Shape_Leng":0.000555555555707},"geometry":{"type":"LineString","coordinates":[[-16.486666666663666,15.865000000081011],[-16.486666666663666,15.865277777858864]]}},{"type":"Feature","properties":{"OBJECTID":12388,"Id":12388,"Contour":5.0,"Shape_Leng":0.00166666666712},"geometry":{"type":"MultiLineString","coordinates":[[[-16.485555555552367,15.865000000081011],[-16.485833333330163,15.865277777858864],[-16.485555555552367,15.865277777858864]],[[-16.485555555552367,15.865277777858864],[-16.485277777774456,15.865277777858864]],[[-16.485555555552367,15.865277777858864],[-16.485555555552367,15.865000000081011]]]}},{"type":"Feature","properties":{"OBJECTID":12389,"Id":12389,"Contour":10.0,"Shape_Leng":0.00259081980309},"geometry":{"type":"LineString","coordinates":[[-16.474999999994395,15.865000000081011],[-16.47546296437031,15.865277777858864],[-16.47527777777225,15.865833333414741],[-16.474722222216542,15.865555555636718],[-16.474999999994395,15.865000000081011]]}},{"type":"Feature","properties":{"OBJECTID":12390,"Id":12390,"Contour":15.0,"Shape_Leng":0.00265461342348},"geometry":{"type":"LineString","coordinates":[[-16.444999999987715,15.865000000081011],[-16.444583333320963,15.865555555636718],[-16.444999999987715,15.866018524251274],[-16.445185182347302,15.865555555636718],[-16.444999999987715,15.865000000081011]]}},{"type":"Feature","properties":{"OBJECTID":12391,"Id":12391,"Contour":5.0,"Shape_Leng":0.0011111111113},"geometry":{"type":"MultiLineString","coordinates":[[[-16.43416666665206,15.865000000081011],[-16.434444444429857,15.865000000081011]],[[-16.434444444429857,15.865000000081011],[-16.434444444429857,15.865277777858864]]]}},{"type":"Feature","properties":{"OBJECTID":12401,"Id":12401,"Contour":0.0,"Shape_Leng":0.00111111111107},"geometry":{"type":"MultiLineString","coordinates":[[[-16.46166666665806,15.864722222303385],[-16.46166666665806,15.865000000081011]],[[-16.46166666665806,15.865000000081011],[-16.46194444443597,15.865000000081011]]]}},{"type":"Feature","properties":{"OBJECTID":12402,"Id":12402,"Contour":20.0,"Shape_Leng":0.00181748926524},"geometry":{"type":"LineString","coordinates":[[-16.441111111098053,15.864583333414373],[-16.44101851567973,15.865000000081011],[-16.441388888875736,15.865069444525545],[-16.441512349433594,15.864598761745526],[-16.441111111098053,15.864583333414373]]}},{"type":"Feature","properties":{"OBJECTID":12409,"Id":12409,"Contour":5.0,"Shape_Leng":0.00783259786812},"geometry":{"type":"LineString","coordinates":[[-16.51027777778006,15.86430555563652],[-16.509388889738602,15.865277777858864],[-16.509305555557603,15.867083333414996],[-16.510555555557914,15.865833333414741],[-16.51027777778006,15.86430555563652]]}},{"type":"Feature","properties":{"OBJECTID":12410,"Id":12410,"Contour":15.0,"Shape_Leng":0.0024769809505},"geometry":{"type":"LineString","coordinates":[[-16.47611111110581,15.864444444525532],[-16.47611111110581,15.865277777858864],[-16.476388888883662,15.865277777858864],[-16.4766666666614,15.864722222303385],[-16.47611111110581,15.864444444525532]]}},{"type":"Feature","properties":{"OBJECTID":12422,"Id":12422,"Contour":5.0,"Shape_Leng":0.00269785183291},"geometry":{"type":"LineString","coordinates":[[-16.51222222222492,15.863888888969825],[-16.511944444447067,15.864166666747678],[-16.512777777780627,15.864444444525532],[-16.512777777780627,15.863888888969825],[-16.51222222222492,15.863888888969825]]}},{"type":"Feature","properties":{"OBJECTID":12423,"Id":12423,"Contour":5.0,"Shape_Leng":0.00277777777865},"geometry":{"type":"MultiLineString","coordinates":[[[-16.505000000001075,15.864166666747678],[-16.50527777777893,15.864722222303385],[-16.504722222223222,15.864722222303385]],[[-16.504722222223222,15.864722222303385],[-16.504444444445312,15.864722222303385]],[[-16.504722222223222,15.864722222303385],[-16.504722222223222,15.864444444525532],[-16.505000000001075,15.864166666747678]]]}},{"type":"Feature","properties":{"OBJECTID":12424,"Id":12424,"Contour":5.0,"Shape_Leng":0.00111111111141},"geometry":{"type":"LineString","coordinates":[[-16.49305555555395,15.864166666747678],[-16.493333333331805,15.864166666747678],[-16.493333333331805,15.864444444525532],[-16.49305555555395,15.864444444525532],[-16.49305555555395,15.864166666747678]]}},{"type":"Feature","properties":{"OBJECTID":12425,"Id":12425,"Contour":5.0,"Shape_Leng":0.00277777777865},"geometry":{"type":"MultiLineString","coordinates":[[[-16.47999999999547,15.864166666747678],[-16.47999999999547,15.864444444525532]],[[-16.47999999999547,15.864444444525532],[-16.480833333329088,15.864444444525532],[-16.480833333329088,15.864722222303385],[-16.47999999999547,15.864444444525532]]]}},{"type":"Feature","properties":{"OBJECTID":12426,"Id":12426,"Contour":5.0,"Shape_Leng":0.00434154879192},"geometry":{"type":"LineString","coordinates":[[-16.467777777770607,15.863888888969825],[-16.467499999992754,15.864861111192226],[-16.468888888881963,15.864166666747678],[-16.46861111110411,15.863888888969825],[-16.467777777770607,15.863888888969825]]}},{"type":"Feature","properties":{"OBJECTID":12427,"Id":12427,"Contour":5.0,"Shape_Leng":0.00157379865286},"geometry":{"type":"LineString","coordinates":[[-16.46194444443597,15.863888888969825],[-16.46166666665806,15.864166666747678],[-16.46194444443597,15.86430555563652],[-16.462222222213825,15.864166666747678],[-16.46194444443597,15.863888888969825]]}},{"type":"Feature","properties":{"OBJECTID":12437,"Id":12437,"Contour":5.0,"Shape_Leng":0.00141484136921},"geometry":{"type":"LineString","coordinates":[[-16.508333333335145,15.863833330023397],[-16.50805555555729,15.863888888969825],[-16.508194444446247,15.86430555563652],[-16.508379628925013,15.86421296869537],[-16.508333333335145,15.863833330023397]]}},{"type":"Feature","properties":{"OBJECTID":12438,"Id":12438,"Contour":15.0,"Shape_Leng":0.00252996813046},"geometry":{"type":"MultiLineString","coordinates":[[[-16.454166666656477,15.863888888969825],[-16.45444444443433,15.863888888969825]],[[-16.45444444443433,15.863888888969825],[-16.454305555545318,15.864444444525532],[-16.45444444443433,15.864722222303385],[-16.454722222212183,15.864444444525532],[-16.45444444443433,15.863888888969825]]]}},{"type":"Feature","properties":{"OBJECTID":12439,"Id":12439,"Contour":5.0,"Shape_Leng":0.0159262662542},"geometry":{"type":"LineString","coordinates":[[-16.44694444443263,15.863888888969825],[-16.447579362645683,15.864087304090276],[-16.447083333321586,15.866111111192424],[-16.44763888887718,15.867500000081634],[-16.44555555554342,15.869722222304404],[-16.445499996596993,15.866111111192424],[-16.447222222210485,15.865000000081011],[-16.44694444443263,15.863888888969825]]}},{"type":"Feature","properties":{"OBJECTID":12440,"Id":12440,"Contour":20.0,"Shape_Leng":0.00173576998435},"geometry":{"type":"MultiLineString","coordinates":[[[-16.43861111109743,15.863888888969825],[-16.438888888875283,15.863888888969825]],[[-16.438888888875283,15.863888888969825],[-16.439027777764238,15.864027777858666],[-16.439027777764238,15.864166666747678],[-16.439259262071403,15.864166666747678],[-16.439166666653136,15.863888888969825],[-16.438888888875283,15.863888888969825]]]}},{"type":"Feature","properties":{"OBJECTID":12450,"Id":12450,"Contour":5.0,"Shape_Leng":0.00356345197984},"geometry":{"type":"LineString","coordinates":[[-16.469722222215523,15.863333333414118],[-16.469166666659817,15.864166666747678],[-16.469999999993263,15.864444444525532],[-16.469999999993263,15.863333333414118],[-16.469722222215523,15.863333333414118]]}},{"type":"Feature","properties":{"OBJECTID":12451,"Id":12451,"Contour":15.0,"Shape_Leng":0.00111111111153},"geometry":{"type":"MultiLineString","coordinates":[[[-16.4491666666554,15.863611111191972],[-16.4491666666554,15.863888888969825]],[[-16.4491666666554,15.863888888969825],[-16.44888888887749,15.863888888969825]]]}},{"type":"Feature","properties":{"OBJECTID":12452,"Id":12452,"Contour":15.0,"Shape_Leng":0.00222222222283},"geometry":{"type":"MultiLineString","coordinates":[[[-16.44611111109913,15.863611111191972],[-16.445833333321275,15.863888888969825]],[[-16.445833333321275,15.863888888969825],[-16.445833333321275,15.864444444525532]],[[-16.445833333321275,15.863888888969825],[-16.44611111109913,15.863888888969825],[-16.44611111109913,15.863611111191972]]]}},{"type":"Feature","properties":{"OBJECTID":12458,"Id":12458,"Contour":5.0,"Shape_Leng":0.000555555555707},"geometry":{"type":"LineString","coordinates":[[-16.49305555555395,15.863333333414118],[-16.493333333331805,15.863333333414118]]}},{"type":"Feature","properties":{"OBJECTID":12470,"Id":12470,"Contour":5.0,"Shape_Leng":0.00161807687312},"geometry":{"type":"LineString","coordinates":[[-16.513333333336277,15.862916666747253],[-16.51319444444738,15.863055555636265],[-16.513333333336277,15.863333333414118],[-16.513657407763674,15.863055555636265],[-16.513333333336277,15.862916666747253]]}},{"type":"Feature","properties":{"OBJECTID":12471,"Id":12471,"Contour":5.0,"Shape_Leng":0.00317130515352},"geometry":{"type":"LineString","coordinates":[[-16.504722222223222,15.863055555636265],[-16.505357142555567,15.862976192978863],[-16.505944444869613,15.863444451306975],[-16.505555555556782,15.863611111191972],[-16.504722222223222,15.863055555636265]]}},{"type":"Feature","properties":{"OBJECTID":12472,"Id":12472,"Contour":5.0,"Shape_Leng":0.0186121091257},"geometry":{"type":"LineString","coordinates":[[-16.488333333330672,15.863055555636265],[-16.488888888886436,15.863611111191972],[-16.488333333330672,15.865000000081011],[-16.488888888886436,15.864722222303385],[-16.489722222219882,15.865000000081011],[-16.489999999997735,15.864166666747678],[-16.490833333331295,15.865277777858864],[-16.489722222219882,15.866388888970278],[-16.489166666664232,15.866388888970278],[-16.489444444441972,15.865000000081011],[-16.487499999997226,15.865555555636718],[-16.487222222219373,15.865277777858864],[-16.488333333330672,15.864444444525532],[-16.488333333330672,15.863055555636265]]}},{"type":"Feature","properties":{"OBJECTID":12473,"Id":12473,"Contour":5.0,"Shape_Leng":0.00189678531293},"geometry":{"type":"LineString","coordinates":[[-16.473888888883096,15.862777777858469],[-16.473611111105186,15.862777777858469],[-16.473888888883096,15.863333333414118],[-16.47416666666095,15.863055555636265],[-16.473888888883096,15.862777777858469]]}},{"type":"Feature","properties":{"OBJECTID":12474,"Id":12474,"Contour":15.0,"Shape_Leng":0.0103435783509},"geometry":{"type":"LineString","coordinates":[[-16.450555555544554,15.863055555636265],[-16.4502777777667,15.864166666747678],[-16.448611111099638,15.865555555636718],[-16.450555555544554,15.865555555636718],[-16.450555555544554,15.863055555636265]]}},{"type":"Feature","properties":{"OBJECTID":12481,"Id":12481,"Contour":5.0,"Shape_Leng":0.00170373018105},"geometry":{"type":"LineString","coordinates":[[-16.52111111111583,15.863611111191972],[-16.52138888889357,15.862638888969457]]}},{"type":"Feature","properties":{"OBJECTID":12482,"Id":12482,"Contour":10.0,"Shape_Leng":0.00324579336719},"geometry":{"type":"LineString","coordinates":[[-16.490555555553442,15.862500000080615],[-16.49027777777559,15.863055555636265],[-16.49111111110915,15.863611111191972],[-16.49111111110915,15.863055555636265],[-16.490555555553442,15.862500000080615]]}},{"type":"Feature","properties":{"OBJECTID":12483,"Id":12483,"Contour":5.0,"Shape_Leng":0.00197091175532},"geometry":{"type":"LineString","coordinates":[[-16.473333333327332,15.862500000080615],[-16.473055555549593,15.862777777858469],[-16.473333333327332,15.863194444525107],[-16.473611111105186,15.863055555636265],[-16.473333333327332,15.862500000080615]]}},{"type":"Feature","properties":{"OBJECTID":12484,"Id":12484,"Contour":5.0,"Shape_Leng":0.00369887538332},"geometry":{"type":"LineString","coordinates":[[-16.469999999993263,15.862638888969457],[-16.46944444443767,15.863055555636265],[-16.46944444443767,15.863333333414118],[-16.470666664964654,15.862888895751269],[-16.469999999993263,15.862638888969457]]}},{"type":"Feature","properties":{"OBJECTID":12485,"Id":12485,"Contour":5.0,"Shape_Leng":0.0011111111113},"geometry":{"type":"MultiLineString","coordinates":[[[-16.464444444436538,15.862777777858469],[-16.46472222221439,15.862777777858469]],[[-16.46472222221439,15.862777777858469],[-16.46472222221439,15.863055555636265]]]}},{"type":"Feature","properties":{"OBJECTID":12486,"Id":12486,"Contour":15.0,"Shape_Leng":0.00184799757353},"geometry":{"type":"LineString","coordinates":[[-16.43611111109692,15.862777777858469],[-16.43598765053912,15.863179016193953],[-16.436388888874774,15.863333333414118],[-16.436388888874774,15.862777777858469],[-16.43611111109692,15.862777777858469]]}},{"type":"Feature","properties":{"OBJECTID":12497,"Id":12497,"Contour":5.0,"Shape_Leng":0.000555555555707},"geometry":{"type":"LineString","coordinates":[[-16.488611111108526,15.862500000080615],[-16.488611111108526,15.862777777858469]]}},{"type":"Feature","properties":{"OBJECTID":12498,"Id":12498,"Contour":10.0,"Shape_Leng":0.00248667849166},"geometry":{"type":"LineString","coordinates":[[-16.475555555550102,15.862222222302762],[-16.475509257840883,15.86282407980616],[-16.476249999994707,15.862777777858469],[-16.476000001690068,15.862333340195619],[-16.475555555550102,15.862222222302762]]}},{"type":"Feature","properties":{"OBJECTID":12499,"Id":12499,"Contour":0.0,"Shape_Leng":0.00256767176088},"geometry":{"type":"LineString","coordinates":[[-16.457222222212692,15.862500000080615],[-16.457654317210597,15.862623460638304],[-16.4577777777684,15.863055555636265],[-16.45694444443484,15.863055555636265],[-16.457222222212692,15.862500000080615]]}},{"type":"Feature","properties":{"OBJECTID":12500,"Id":12500,"Contour":5.0,"Shape_Leng":0.00132275502074},"geometry":{"type":"LineString","coordinates":[[-16.44805555554393,15.862361111191603],[-16.448194444432943,15.862500000080615],[-16.448333333321784,15.862777777858469],[-16.447944446128304,15.862611117973415],[-16.44805555554393,15.862361111191603]]}},{"type":"Feature","properties":{"OBJECTID":12507,"Id":12507,"Contour":5.0,"Shape_Leng":0.00166666666701},"geometry":{"type":"LineString","coordinates":[[-16.49527777777672,15.862222222302762],[-16.49527777777672,15.863055555636265]]}},{"type":"Feature","properties":{"OBJECTID":12508,"Id":12508,"Contour":5.0,"Shape_Leng":0.000555555555707},"geometry":{"type":"LineString","coordinates":[[-16.49166666666474,15.862222222302762],[-16.49166666666474,15.862500000080615]]}},{"type":"Feature","properties":{"OBJECTID":12509,"Id":12509,"Contour":5.0,"Shape_Leng":0.0262388837486},"geometry":{"type":"LineString","coordinates":[[-16.44472222220986,15.862222222302762],[-16.445061730266673,15.862839508137313],[-16.442916666653957,15.865000000081011],[-16.4408333333202,15.872638888971721],[-16.440216047485592,15.871327158692452],[-16.440555555542346,15.868333333415194],[-16.443611111098505,15.862777777858469],[-16.44472222220986,15.862222222302762]]}},{"type":"Feature","properties":{"OBJECTID":12510,"Id":12510,"Contour":15.0,"Shape_Leng":0.0108146510963},"geometry":{"type":"LineString","coordinates":[[-16.441111111098053,15.861944444524909],[-16.441759262072026,15.863703698133122],[-16.43944444443099,15.865555555636718],[-16.439166666653136,15.864722222303385],[-16.441111111098053,15.861944444524909]]}},{"type":"Feature","properties":{"OBJECTID":12523,"Id":12523,"Contour":5.0,"Shape_Leng":0.00279192984471},"geometry":{"type":"LineString","coordinates":[[-16.512777777780627,15.861805555636067],[-16.51222222222492,15.862500000080615],[-16.512500000002774,15.862777777858469],[-16.513055555558367,15.862222222302762],[-16.512777777780627,15.861805555636067]]}},{"type":"Feature","properties":{"OBJECTID":12524,"Id":12524,"Contour":5.0,"Shape_Leng":0.001734066858},"geometry":{"type":"LineString","coordinates":[[-16.49972222222209,15.861666666747055],[-16.499444444444237,15.861666666747055],[-16.49972222222209,15.862222222302762],[-16.5,15.861944444524909],[-16.49972222222209,15.861666666747055]]}},{"type":"Feature","properties":{"OBJECTID":12525,"Id":12525,"Contour":5.0,"Shape_Leng":0.0182827791404},"geometry":{"type":"LineString","coordinates":[[-16.48222222221824,15.861944444524909],[-16.482499999996094,15.861944444524909],[-16.482499999996094,15.862777777858469],[-16.483333333329597,15.862222222302762],[-16.483888888885303,15.863055555636265],[-16.483055555551687,15.863333333414118],[-16.484166666663157,15.864444444525532],[-16.48372222052319,15.866500006863134],[-16.482499999996094,15.866388888970278],[-16.482916666662845,15.86569444452573],[-16.481666666662534,15.864722222303385],[-16.482777777773947,15.864166666747678],[-16.48222222221824,15.861944444524909]]}},{"type":"Feature","properties":{"OBJECTID":12526,"Id":12526,"Contour":5.0,"Shape_Leng":0.00189678531295},"geometry":{"type":"LineString","coordinates":[[-16.472222222216033,15.861666666747055],[-16.47194444443818,15.861944444524909],[-16.472499999993886,15.862222222302762],[-16.472499999993886,15.861944444524909],[-16.472222222216033,15.861666666747055]]}},{"type":"Feature","properties":{"OBJECTID":12527,"Id":12527,"Contour":10.0,"Shape_Leng":0.00213362725898},"geometry":{"type":"LineString","coordinates":[[-16.43722222220822,15.861944444524909],[-16.43749999998613,15.862222222302762],[-16.43749999998613,15.862777777858469],[-16.43711111279248,15.862333340195619],[-16.43722222220822,15.861944444524909]]}},{"type":"Feature","properties":{"OBJECTID":12528,"Id":12528,"Contour":20.0,"Shape_Leng":0.0014550918642},"geometry":{"type":"LineString","coordinates":[[-16.43416666665206,15.861944444524909],[-16.434111107705576,15.86227778124919],[-16.434583333318756,15.862222222302762],[-16.434444444429857,15.861944444524909],[-16.43416666665206,15.861944444524909]]}},{"type":"Feature","properties":{"OBJECTID":12539,"Id":12539,"Contour":5.0,"Shape_Leng":0.0022222222226},"geometry":{"type":"MultiLineString","coordinates":[[[-16.484999999996603,15.861666666747055],[-16.484999999996603,15.861944444524909]],[[-16.484999999996603,15.861944444524909],[-16.48472222221875,15.861944444524909],[-16.48444444444101,15.862222222302762],[-16.484999999996603,15.861944444524909]]]}},{"type":"Feature","properties":{"OBJECTID":12540,"Id":12540,"Contour":15.0,"Shape_Leng":0.00158585295208},"geometry":{"type":"LineString","coordinates":[[-16.47805555555061,15.861666666747055],[-16.4777777777727,15.861944444524909],[-16.47805555555061,15.86208333341375],[-16.478333333328465,15.861944444524909],[-16.47805555555061,15.861666666747055]]}},{"type":"Feature","properties":{"OBJECTID":12541,"Id":12541,"Contour":5.0,"Shape_Leng":0.0173481831188},"geometry":{"type":"LineString","coordinates":[[-16.459722222213202,15.861388888969202],[-16.45930555554645,15.862500000080615],[-16.46027777776891,15.863055555636265],[-16.458611111101845,15.864444444525532],[-16.457638888879444,15.86430555563652],[-16.458222223908365,15.86677778464093],[-16.459444444435462,15.866111111192424],[-16.459333335019664,15.864888882188382],[-16.46101851992273,15.862777777858469],[-16.459722222213202,15.861388888969202]]}},{"type":"Feature","properties":{"OBJECTID":12542,"Id":12542,"Contour":15.0,"Shape_Leng":0.0017345803387},"geometry":{"type":"LineString","coordinates":[[-16.450555555544554,15.861666666747055],[-16.450555555544554,15.862222222302762],[-16.450833333322407,15.862222222302762],[-16.450833333322407,15.861666666747055],[-16.450555555544554,15.861666666747055]]}},{"type":"Feature","properties":{"OBJECTID":12543,"Id":12543,"Contour":15.0,"Shape_Leng":0.00350396539693},"geometry":{"type":"LineString","coordinates":[[-16.44666666665472,15.861666666747055],[-16.44611111109913,15.861944444524909],[-16.44627777946124,15.862611117973415],[-16.447142859553082,15.862420637423156],[-16.44666666665472,15.861666666747055]]}},{"type":"Feature","properties":{"OBJECTID":12555,"Id":12555,"Contour":10.0,"Shape_Leng":0.00111111111153},"geometry":{"type":"LineString","coordinates":[[-16.438055555541666,15.861388888969202],[-16.438333333319576,15.861388888969202],[-16.438055555541666,15.861666666747055],[-16.438055555541666,15.861388888969202]]}},{"type":"Feature","properties":{"OBJECTID":12556,"Id":12556,"Contour":10.0,"Shape_Leng":0.000972900058319},"geometry":{"type":"LineString","coordinates":[[-16.436388888874774,15.861388888969202],[-16.436666666652513,15.86125000008019],[-16.436759262070893,15.861388888969202],[-16.436666666652513,15.861527777858214],[-16.436388888874774,15.861388888969202]]}},{"type":"Feature","properties":{"OBJECTID":12565,"Id":12565,"Contour":5.0,"Shape_Leng":0.00300789642436},"geometry":{"type":"LineString","coordinates":[[-16.49722222222158,15.861111111191349],[-16.49722222222158,15.861666666747055],[-16.49638888888802,15.861944444524909],[-16.49638888888802,15.861666666747055],[-16.49722222222158,15.861111111191349]]}},{"type":"Feature","properties":{"OBJECTID":12566,"Id":12566,"Contour":10.0,"Shape_Leng":0.00268469834616},"geometry":{"type":"LineString","coordinates":[[-16.495555555554574,15.860833333413495],[-16.49527777777672,15.861111111191349],[-16.495555555554574,15.861759253688206],[-16.4959259266314,15.861388888969202],[-16.495555555554574,15.860833333413495]]}},{"type":"Feature","properties":{"OBJECTID":12567,"Id":12567,"Contour":5.0,"Shape_Leng":0.00333333333424},"geometry":{"type":"LineString","coordinates":[[-16.49305555555395,15.861111111191349],[-16.493611111109658,15.861666666747055],[-16.493333333331805,15.862222222302762],[-16.49305555555395,15.862222222302762],[-16.49305555555395,15.861111111191349]]}},{"type":"Feature","properties":{"OBJECTID":12568,"Id":12568,"Contour":5.0,"Shape_Leng":0.0158497369814},"geometry":{"type":"MultiLineString","coordinates":[[[-16.485555555552367,15.861111111191349],[-16.485555555552367,15.861666666747055]],[[-16.485555555552367,15.861666666747055],[-16.487499999997226,15.861388888969202],[-16.487222222219373,15.863888888969825],[-16.48472222221875,15.863333333414118],[-16.48472222221875,15.862777777858469],[-16.487222222219373,15.862500000080615],[-16.487222222219373,15.861666666747055],[-16.486388888885756,15.861944444524909],[-16.485555555552367,15.861666666747055]]]}},{"type":"Feature","properties":{"OBJECTID":12569,"Id":12569,"Contour":10.0,"Shape_Leng":0.016896885032},"geometry":{"type":"LineString","coordinates":[[-16.453888888878623,15.860972222302337],[-16.45444444443433,15.863055555636265],[-16.451944444433707,15.862777777858469],[-16.453055555545006,15.864722222303385],[-16.454722222212183,15.865138888970023],[-16.455555555545686,15.863055555636265],[-16.454722222212183,15.860833333413495],[-16.453888888878623,15.860972222302337]]}},{"type":"Feature","properties":{"OBJECTID":12577,"Id":12577,"Contour":5.0,"Shape_Leng":0.00233204184244},"geometry":{"type":"LineString","coordinates":[[-16.520833333337976,15.860555555635699],[-16.520555555560122,15.861111111191349],[-16.52111111111583,15.86125000008019],[-16.521222222650806,15.860722215520695],[-16.520833333337976,15.860555555635699]]}},{"type":"Feature","properties":{"OBJECTID":12578,"Id":12578,"Contour":10.0,"Shape_Leng":0.00401627942541},"geometry":{"type":"LineString","coordinates":[[-16.489166666664232,15.860555555635699],[-16.489027777775277,15.861388888969202],[-16.489999999997735,15.861944444524909],[-16.489861111108837,15.861111111191349],[-16.489166666664232,15.860555555635699]]}},{"type":"Feature","properties":{"OBJECTID":12579,"Id":12579,"Contour":5.0,"Shape_Leng":0.0171365084135},"geometry":{"type":"LineString","coordinates":[[-16.464444444436538,15.860555555635699],[-16.464444444436538,15.861666666747055],[-16.463333333325124,15.862500000080615],[-16.46388888888083,15.864166666747678],[-16.462916666658373,15.86430555563652],[-16.46388888888083,15.865833333414741],[-16.465555555547894,15.865000000081011],[-16.46527777777004,15.863611111191972],[-16.4661111111036,15.862222222302762],[-16.464444444436538,15.860555555635699]]}},{"type":"Feature","properties":{"OBJECTID":12580,"Id":12580,"Contour":5.0,"Shape_Leng":0.00111111111153},"geometry":{"type":"MultiLineString","coordinates":[[[-16.4491666666554,15.860833333413495],[-16.4491666666554,15.861111111191349]],[[-16.4491666666554,15.861111111191349],[-16.44888888887749,15.861111111191349]]]}},{"type":"Feature","properties":{"OBJECTID":12588,"Id":12588,"Contour":0.0,"Shape_Leng":0.00169352885005},"geometry":{"type":"LineString","coordinates":[[-16.511111111113507,15.860462968694549],[-16.51138888889136,15.860555555635699],[-16.511111111113507,15.860833333413495],[-16.510833333335768,15.860833333413495],[-16.511111111113507,15.860462968694549]]}},{"type":"Feature","properties":{"OBJECTID":12589,"Id":12589,"Contour":15.0,"Shape_Leng":0.00245647839027},"geometry":{"type":"LineString","coordinates":[[-16.44777777776619,15.860486111191335],[-16.447592595406604,15.861018524250255],[-16.448386247411463,15.860886247503174],[-16.44814815096231,15.860462968694549],[-16.44777777776619,15.860486111191335]]}},{"type":"Feature","properties":{"OBJECTID":12600,"Id":12600,"Contour":5.0,"Shape_Leng":0.00372935101566},"geometry":{"type":"LineString","coordinates":[[-16.512500000002774,15.860000000079992],[-16.512037037746154,15.860833333413495],[-16.51222222222492,15.86125000008019],[-16.512944444023447,15.860722215520695],[-16.512500000002774,15.860000000079992]]}},{"type":"Feature","properties":{"OBJECTID":12601,"Id":12601,"Contour":10.0,"Shape_Leng":0.00157379865281},"geometry":{"type":"LineString","coordinates":[[-16.475833333327955,15.860138888969004],[-16.475555555550102,15.860277777857846],[-16.475555555550102,15.860555555635699],[-16.47611111110581,15.860277777857846],[-16.475833333327955,15.860138888969004]]}},{"type":"Feature","properties":{"OBJECTID":12602,"Id":12602,"Contour":10.0,"Shape_Leng":0.00139227814596},"geometry":{"type":"LineString","coordinates":[[-16.45444444443433,15.860138888969004],[-16.45433333501859,15.860388895750646],[-16.454722222212183,15.860555555635699],[-16.454722222212183,15.860277777857846],[-16.45444444443433,15.860138888969004]]}},{"type":"Feature","properties":{"OBJECTID":12603,"Id":12603,"Contour":5.0,"Shape_Leng":0.00287398654577},"geometry":{"type":"LineString","coordinates":[[-16.433611111096297,15.860277777857846],[-16.43388888887415,15.860555555635699],[-16.432944446124964,15.861222229084206],[-16.433194444429603,15.860555555635699],[-16.433611111096297,15.860277777857846]]}},{"type":"Feature","properties":{"OBJECTID":12621,"Id":12621,"Contour":5.0,"Shape_Leng":0.00407291191426},"geometry":{"type":"LineString","coordinates":[[-16.502222222222713,15.859444444524286],[-16.50194444444486,15.859722222302139],[-16.502222222222713,15.860972222302337],[-16.50277777777842,15.860277777857846],[-16.502222222222713,15.859444444524286]]}},{"type":"Feature","properties":{"OBJECTID":12622,"Id":12622,"Contour":5.0,"Shape_Leng":0.00352251747112},"geometry":{"type":"LineString","coordinates":[[-16.501111111111356,15.859444444524286],[-16.500833333333503,15.859444444524286],[-16.500555555555707,15.860555555635699],[-16.501111111111356,15.860555555635699],[-16.501111111111356,15.859444444524286]]}},{"type":"Feature","properties":{"OBJECTID":12623,"Id":12623,"Contour":5.0,"Shape_Leng":0.000555555555707},"geometry":{"type":"LineString","coordinates":[[-16.493333333331805,15.859722222302139],[-16.493611111109658,15.859722222302139]]}},{"type":"Feature","properties":{"OBJECTID":12624,"Id":12624,"Contour":15.0,"Shape_Leng":0.00407909355677},"geometry":{"type":"LineString","coordinates":[[-16.438888888875283,15.859722222302139],[-16.438166664957464,15.86011111797285],[-16.438055555541666,15.860833333413495],[-16.439166666653136,15.860555555635699],[-16.438888888875283,15.859722222302139]]}},{"type":"Feature","properties":{"OBJECTID":12637,"Id":12637,"Contour":0.0,"Shape_Leng":0.00175924481728},"geometry":{"type":"LineString","coordinates":[[-16.511944444447067,15.859444444524286],[-16.51208333333591,15.859722222302139],[-16.511944444447067,15.860277777857846],[-16.51185185114798,15.860000000079992],[-16.511944444447067,15.859444444524286]]}},{"type":"Feature","properties":{"OBJECTID":12638,"Id":12638,"Contour":10.0,"Shape_Leng":0.00663458169378},"geometry":{"type":"LineString","coordinates":[[-16.490833333331295,15.859166666746432],[-16.49111111110915,15.860833333413495],[-16.49277777777604,15.860555555635699],[-16.492291666664926,15.859652777857605],[-16.490833333331295,15.859166666746432]]}},{"type":"Feature","properties":{"OBJECTID":12639,"Id":12639,"Contour":10.0,"Shape_Leng":0.0017627095979},"geometry":{"type":"LineString","coordinates":[[-16.488611111108526,15.859305555635444],[-16.488333333330672,15.859722222302139],[-16.488749999997424,15.859861111191151],[-16.488888888886436,15.859722222302139],[-16.488611111108526,15.859305555635444]]}},{"type":"Feature","properties":{"OBJECTID":12640,"Id":12640,"Contour":5.0,"Shape_Leng":0.0103476282211},"geometry":{"type":"LineString","coordinates":[[-16.46944444443767,15.859166666746432],[-16.468888888881963,15.861111111191349],[-16.47083333332688,15.860833333413495],[-16.469999999993263,15.859722222302139],[-16.47083333332688,15.859166666746432],[-16.46944444443767,15.859166666746432]]}},{"type":"Feature","properties":{"OBJECTID":12649,"Id":12649,"Contour":10.0,"Shape_Leng":0.000476813823552},"geometry":{"type":"LineString","coordinates":[[-16.52188492033696,15.859503970755895],[-16.521944444449332,15.859074079805282]]}},{"type":"Feature","properties":{"OBJECTID":12663,"Id":12663,"Contour":5.0,"Shape_Leng":0.00309715978392},"geometry":{"type":"LineString","coordinates":[[-16.473611111105186,15.858750000079738],[-16.473472222216344,15.859583333413298],[-16.473888888883096,15.859722222302139],[-16.47416666666095,15.858888888968579],[-16.473611111105186,15.858750000079738]]}},{"type":"Feature","properties":{"OBJECTID":12664,"Id":12664,"Contour":10.0,"Shape_Leng":0.00222222222294},"geometry":{"type":"LineString","coordinates":[[-16.43166666665138,15.858888888968579],[-16.432222222207145,15.858888888968579],[-16.432222222207145,15.859166666746432],[-16.43166666665138,15.859444444524286],[-16.43166666665138,15.858888888968579]]}},{"type":"Feature","properties":{"OBJECTID":12665,"Id":12665,"Contour":15.0,"Shape_Leng":0.00436645909864},"geometry":{"type":"LineString","coordinates":[[-16.429999999984375,15.858888888968579],[-16.429652777762044,15.859166666746432],[-16.429722222206635,15.860000000079992],[-16.430833333317935,15.859444444524286],[-16.429999999984375,15.858888888968579]]}},{"type":"Feature","properties":{"OBJECTID":12675,"Id":12675,"Contour":5.0,"Shape_Leng":0.00333333333413},"geometry":{"type":"LineString","coordinates":[[-16.49527777777672,15.858611111190726],[-16.49527777777672,15.859166666746432],[-16.49499999999881,15.859722222302139],[-16.49472222222107,15.859444444524286],[-16.49527777777672,15.858611111190726]]}},{"type":"Feature","properties":{"OBJECTID":12685,"Id":12685,"Contour":5.0,"Shape_Leng":0.000555555555593},"geometry":{"type":"LineString","coordinates":[[-16.494444444443218,15.85833333341293],[-16.494444444443218,15.858611111190726]]}},{"type":"Feature","properties":{"OBJECTID":12686,"Id":12686,"Contour":5.0,"Shape_Leng":0.0011111111113},"geometry":{"type":"LineString","coordinates":[[-16.459722222213202,15.85833333341293],[-16.459999999991055,15.85833333341293],[-16.459999999991055,15.858611111190726],[-16.459722222213202,15.858611111190726],[-16.459722222213202,15.85833333341293]]}},{"type":"Feature","properties":{"OBJECTID":12687,"Id":12687,"Contour":10.0,"Shape_Leng":0.00712531078458},"geometry":{"type":"LineString","coordinates":[[-16.458333333323992,15.858055555635076],[-16.4577777777684,15.859722222302139],[-16.458888888879756,15.860277777857846],[-16.459814813392995,15.859722222302139],[-16.458333333323992,15.858055555635076]]}},{"type":"Feature","properties":{"OBJECTID":12688,"Id":12688,"Contour":10.0,"Shape_Leng":0.00222222222271},"geometry":{"type":"LineString","coordinates":[[-16.439166666653136,15.85833333341293],[-16.439722222208843,15.85833333341293],[-16.439722222208843,15.858888888968579],[-16.43944444443099,15.858888888968579],[-16.439166666653136,15.85833333341293]]}},{"type":"Feature","properties":{"OBJECTID":12689,"Id":12689,"Contour":15.0,"Shape_Leng":0.0175319882858},"geometry":{"type":"LineString","coordinates":[[-16.436388888874774,15.85833333341293],[-16.433680555540832,15.862222222302762],[-16.433611111096297,15.864444444525532],[-16.436388888874774,15.860555555635699],[-16.435722223903383,15.859333326631429],[-16.43749999998613,15.858611111190726],[-16.436388888874774,15.85833333341293]]}},{"type":"Feature","properties":{"OBJECTID":12690,"Id":12690,"Contour":10.0,"Shape_Leng":0.00416353409156},"geometry":{"type":"MultiLineString","coordinates":[[[-16.428333333317426,15.858263888968565],[-16.42927777606667,15.858499993298096],[-16.428999998288816,15.859555562417142],[-16.428989178236073,15.859553284364951]],[[-16.428393000586794,15.858771060758228],[-16.428333333317426,15.858263888968565]]]}},{"type":"Feature","properties":{"OBJECTID":12700,"Id":12700,"Contour":5.0,"Shape_Leng":0.000923840317058},"geometry":{"type":"LineString","coordinates":[[-16.518611111115206,15.857916666746235],[-16.518611111115206,15.858194444524088],[-16.51888888889306,15.858055555635076],[-16.518722222650183,15.85794443774239],[-16.518611111115206,15.857916666746235]]}},{"type":"Feature","properties":{"OBJECTID":12701,"Id":12701,"Contour":5.0,"Shape_Leng":0.00382076331737},"geometry":{"type":"LineString","coordinates":[[-16.47277777777174,15.857916666746235],[-16.47194444443818,15.858055555635076],[-16.47194444443818,15.858611111190726],[-16.473333333327332,15.858611111190726],[-16.47277777777174,15.857916666746235]]}},{"type":"Feature","properties":{"OBJECTID":12702,"Id":12702,"Contour":10.0,"Shape_Leng":0.0477025403241},"geometry":{"type":"LineString","coordinates":[[-16.451944444433707,15.857777777857393],[-16.45046296012623,15.859444444524286],[-16.44999999998879,15.861944444524909],[-16.44805555554393,15.863888888969825],[-16.44814815096231,15.866851857584834],[-16.44540123832337,15.872345682862715],[-16.44527777776557,15.875000000083332],[-16.44666666665472,15.87333333341627],[-16.448611111099638,15.87250000008288],[-16.44805555554393,15.87027777786011],[-16.4491666666554,15.869722222304404],[-16.4502777777667,15.867500000081634],[-16.451944444433707,15.862777777858469],[-16.451388888878114,15.861388888969202],[-16.45249999998947,15.860833333413495],[-16.451527777767012,15.860555555635699],[-16.453055555545006,15.858055555635076],[-16.451944444433707,15.857777777857393]]}},{"type":"Feature","properties":{"OBJECTID":12703,"Id":12703,"Contour":15.0,"Shape_Leng":0.0397517026539},"geometry":{"type":"MultiLineString","coordinates":[[[-16.441666666653646,15.858055555635076],[-16.440277777764436,15.859444444524286],[-16.4408333333202,15.860277777857846],[-16.440277777764436,15.861111111191349]],[[-16.440277777764436,15.861111111191349],[-16.43944444443099,15.861111111191349],[-16.4390740712347,15.861388888969202],[-16.440277777764436,15.861111111191349]],[[-16.440277777764436,15.861111111191349],[-16.4408333333202,15.862222222302762],[-16.437777777763927,15.863333333414118],[-16.439722222208843,15.867500000081634],[-16.440648150960612,15.86722222230378],[-16.44312499998739,15.862013888969386],[-16.44416666665427,15.861388888969202],[-16.443611111098505,15.860833333413495],[-16.442499999987206,15.862222222302762],[-16.441666666653646,15.861944444524909],[-16.442499999987206,15.860555555635699],[-16.441666666653646,15.859166666746432],[-16.442638888876104,15.85833333341293],[-16.441666666653646,15.858055555635076]]]}},{"type":"Feature","properties":{"OBJECTID":12710,"Id":12710,"Contour":10.0,"Shape_Leng":0.00195044236344},"geometry":{"type":"LineString","coordinates":[[-16.48805555555282,15.857638888968381],[-16.48777777777508,15.857777777857393],[-16.48805555555282,15.85833333341293],[-16.488333333330672,15.858055555635076],[-16.48805555555282,15.857638888968381]]}},{"type":"Feature","properties":{"OBJECTID":12711,"Id":12711,"Contour":5.0,"Shape_Leng":0.00163463989508},"geometry":{"type":"LineString","coordinates":[[-16.456666666656986,15.857592603974922],[-16.456388888879076,15.857777777857393],[-16.45694444443484,15.858055555635076],[-16.45694444443484,15.857777777857393],[-16.456666666656986,15.857592603974922]]}},{"type":"Feature","properties":{"OBJECTID":12722,"Id":12722,"Contour":5.0,"Shape_Leng":0.00083333333356},"geometry":{"type":"LineString","coordinates":[[-16.522222222227185,15.85750000007954],[-16.522222222227185,15.857777777857393]]}},{"type":"Feature","properties":{"OBJECTID":12723,"Id":12723,"Contour":5.0,"Shape_Leng":0.00523011864673},"geometry":{"type":"LineString","coordinates":[[-16.496666666665874,15.85750000007954],[-16.497499999999434,15.858055555635076],[-16.496111111110167,15.858888888968579],[-16.49638888888802,15.857777777857393],[-16.496666666665874,15.85750000007954]]}},{"type":"Feature","properties":{"OBJECTID":12724,"Id":12724,"Contour":5.0,"Shape_Leng":0.000555555555707},"geometry":{"type":"LineString","coordinates":[[-16.493333333331805,15.85750000007954],[-16.493611111109658,15.85750000007954]]}},{"type":"Feature","properties":{"OBJECTID":12725,"Id":12725,"Contour":5.0,"Shape_Leng":0.0247888731281},"geometry":{"type":"MultiLineString","coordinates":[[[-16.483888888885303,15.85750000007954],[-16.484166666663157,15.857777777857393]],[[-16.484166666663157,15.857777777857393],[-16.48472222221875,15.857777777857393]],[[-16.48472222221875,15.857777777857393],[-16.484999999996603,15.857777777857393],[-16.485833333330163,15.858611111190726],[-16.485833333330163,15.859166666746432],[-16.486111111108016,15.859166666746432],[-16.486111111108016,15.859722222302139],[-16.486388888885756,15.860000000079992],[-16.486388888885756,15.860277777857846],[-16.486666666663666,15.860277777857846],[-16.487499999997226,15.859166666746432],[-16.487499999997226,15.860277777857846],[-16.485555555552367,15.860555555635699],[-16.485277777774456,15.858888888968579],[-16.483888888885303,15.860416666746858],[-16.48361111110745,15.858888888968579],[-16.48222222221824,15.859444444524286],[-16.48222222221824,15.858611111190726],[-16.48472222221875,15.85833333341293],[-16.48472222221875,15.857777777857393]],[[-16.484166666663157,15.857777777857393],[-16.484166666663157,15.85750000007954],[-16.483888888885303,15.85750000007954]]]}},{"type":"Feature","properties":{"OBJECTID":12726,"Id":12726,"Contour":0.0,"Shape_Leng":0.00168189434942},"geometry":{"type":"LineString","coordinates":[[-16.4766666666614,15.85750000007954],[-16.477222222217165,15.85750000007954],[-16.477222222217165,15.857777777857393],[-16.47694444443931,15.857916666746235],[-16.4766666666614,15.85750000007954]]}},{"type":"Feature","properties":{"OBJECTID":12727,"Id":12727,"Contour":5.0,"Shape_Leng":0.00424251355103},"geometry":{"type":"LineString","coordinates":[[-16.470277777771116,15.857361111190528],[-16.469999999993263,15.858888888968579],[-16.470555555549026,15.858888888968579],[-16.47083333332688,15.858055555635076],[-16.470277777771116,15.857361111190528]]}},{"type":"Feature","properties":{"OBJECTID":12739,"Id":12739,"Contour":5.0,"Shape_Leng":0.00382815457551},"geometry":{"type":"LineString","coordinates":[[-16.473611111105186,15.857083333412675],[-16.473333333327332,15.857777777857393],[-16.47444444443863,15.857777777857393],[-16.47444444443863,15.856944444523663],[-16.473611111105186,15.857083333412675]]}},{"type":"Feature","properties":{"OBJECTID":12740,"Id":12740,"Contour":10.0,"Shape_Leng":0.00315769827078},"geometry":{"type":"LineString","coordinates":[[-16.458888888879756,15.857083333412675],[-16.458333333323992,15.85750000007954],[-16.458333333323992,15.857777777857393],[-16.459513888879883,15.857569444523847],[-16.458888888879756,15.857083333412675]]}},{"type":"Feature","properties":{"OBJECTID":12750,"Id":12750,"Contour":5.0,"Shape_Leng":0.00506820742205},"geometry":{"type":"LineString","coordinates":[[-16.521666666671422,15.860000000079992],[-16.52111111111583,15.857777777857393],[-16.522222222227185,15.85666666674598]]}},{"type":"Feature","properties":{"OBJECTID":12751,"Id":12751,"Contour":10.0,"Shape_Leng":0.00265419466865},"geometry":{"type":"LineString","coordinates":[[-16.49277777777604,15.856805555634821],[-16.492222222220505,15.856944444523663],[-16.492222222220505,15.85750000007954],[-16.49277777777604,15.85750000007954],[-16.49277777777604,15.856805555634821]]}},{"type":"Feature","properties":{"OBJECTID":12752,"Id":12752,"Contour":10.0,"Shape_Leng":0.00214982064835},"geometry":{"type":"LineString","coordinates":[[-16.46111111110247,15.85666666674598],[-16.46101851992273,15.857037048419272],[-16.46138888888032,15.857222222301687],[-16.46166666665806,15.85666666674598],[-16.46111111110247,15.85666666674598]]}},{"type":"Feature","properties":{"OBJECTID":12753,"Id":12753,"Contour":10.0,"Shape_Leng":0.00173406685805},"geometry":{"type":"LineString","coordinates":[[-16.448611111099638,15.85666666674598],[-16.448333333321784,15.856944444523663],[-16.44888888887749,15.857222222301687],[-16.44888888887749,15.856944444523663],[-16.448611111099638,15.85666666674598]]}},{"type":"Feature","properties":{"OBJECTID":12754,"Id":12754,"Contour":5.0,"Shape_Leng":0.000555555556048},"geometry":{"type":"LineString","coordinates":[[-16.43611111109692,15.856944444523663],[-16.43611111109692,15.857222222301687]]}},{"type":"Feature","properties":{"OBJECTID":12761,"Id":12761,"Contour":5.0,"Shape_Leng":0.00111111111107},"geometry":{"type":"LineString","coordinates":[[-16.483333333329597,15.85666666674598],[-16.48361111110745,15.85666666674598],[-16.483333333329597,15.856944444523663],[-16.483333333329597,15.85666666674598]]}},{"type":"Feature","properties":{"OBJECTID":12762,"Id":12762,"Contour":5.0,"Shape_Leng":0.00166666666712},"geometry":{"type":"MultiLineString","coordinates":[[[-16.459999999991055,15.85666666674598],[-16.46027777776891,15.856944444523663]],[[-16.46027777776891,15.856944444523663],[-16.46027777776891,15.857222222301687]],[[-16.46027777776891,15.856944444523663],[-16.459999999991055,15.856944444523663],[-16.459999999991055,15.85666666674598]]]}},{"type":"Feature","properties":{"OBJECTID":12772,"Id":12772,"Contour":5.0,"Shape_Leng":0.00114032709164},"geometry":{"type":"LineString","coordinates":[[-16.522222222227185,15.85611111119033],[-16.522160494067464,15.8563271756434],[-16.522222222227185,15.85666666674598],[-16.522281745809607,15.856448398245504],[-16.522222222227185,15.85611111119033]]}},{"type":"Feature","properties":{"OBJECTID":12773,"Id":12773,"Contour":5.0,"Shape_Leng":0.0120187151385},"geometry":{"type":"LineString","coordinates":[[-16.505000000001075,15.85611111119033],[-16.504722222223222,15.85666666674598],[-16.505555555556782,15.856944444523663],[-16.504722222223222,15.85833333341293],[-16.50638888889023,15.859722222302139],[-16.507222222223845,15.858888888968579],[-16.50611111111249,15.858055555635076],[-16.50611111111249,15.856388888968183],[-16.505000000001075,15.85611111119033]]}},{"type":"Feature","properties":{"OBJECTID":12774,"Id":12774,"Contour":5.0,"Shape_Leng":0.00205950376777},"geometry":{"type":"LineString","coordinates":[[-16.503333333334012,15.85611111119033],[-16.50305555555616,15.856388888968183],[-16.50305555555616,15.85666666674598],[-16.503611111111866,15.85666666674598],[-16.503333333334012,15.85611111119033]]}},{"type":"Feature","properties":{"OBJECTID":12775,"Id":12775,"Contour":10.0,"Shape_Leng":0.00174079015797},"geometry":{"type":"LineString","coordinates":[[-16.49194444444265,15.85611111119033],[-16.491833335026968,15.856500006860813],[-16.492222222220505,15.85666666674598],[-16.492222222220505,15.85611111119033],[-16.49194444444265,15.85611111119033]]}},{"type":"Feature","properties":{"OBJECTID":12776,"Id":12776,"Contour":10.0,"Shape_Leng":0.00531917862274},"geometry":{"type":"LineString","coordinates":[[-16.43194444442929,15.856388888968183],[-16.43277777776285,15.85666666674598],[-16.432499999984998,15.85833333341293],[-16.432499999984998,15.857222222301687],[-16.43194444442929,15.856388888968183]]}},{"type":"Feature","properties":{"OBJECTID":12788,"Id":12788,"Contour":0.0,"Shape_Leng":0.000277777777853},"geometry":{"type":"LineString","coordinates":[[-16.52250000000498,15.85611111119033],[-16.52250000000498,15.856388888968183]]}},{"type":"Feature","properties":{"OBJECTID":12789,"Id":12789,"Contour":10.0,"Shape_Leng":0.00224791582751},"geometry":{"type":"LineString","coordinates":[[-16.489722222219882,15.855833333412477],[-16.489444444441972,15.85611111119033],[-16.489444444441972,15.856388888968183],[-16.49027777777559,15.85611111119033],[-16.489722222219882,15.855833333412477]]}},{"type":"Feature","properties":{"OBJECTID":12790,"Id":12790,"Contour":0.0,"Shape_Leng":0.00275185809495},"geometry":{"type":"LineString","coordinates":[[-16.45111111110026,15.85611111119033],[-16.451388888878114,15.856388888968183],[-16.450722223906723,15.85705556241669],[-16.450555555544554,15.85666666674598],[-16.45111111110026,15.85611111119033]]}},{"type":"Feature","properties":{"OBJECTID":12801,"Id":12801,"Contour":10.0,"Shape_Leng":0.00223140521952},"geometry":{"type":"LineString","coordinates":[[-16.458611111101845,15.855740729517095],[-16.458333333323992,15.85611111119033],[-16.458888888879756,15.856388888968183],[-16.459027777768597,15.855833333412477],[-16.458611111101845,15.855740729517095]]}},{"type":"Feature","properties":{"OBJECTID":12810,"Id":12810,"Contour":5.0,"Shape_Leng":0.00361648626074},"geometry":{"type":"LineString","coordinates":[[-16.52250000000498,15.85587961840588],[-16.52111111111583,15.855833333412477],[-16.52250000000498,15.855694444523465]]}},{"type":"Feature","properties":{"OBJECTID":12811,"Id":12811,"Contour":5.0,"Shape_Leng":0.00800789642505},"geometry":{"type":"LineString","coordinates":[[-16.47444444443863,15.85527777785677],[-16.473888888883096,15.855555555634623],[-16.47416666666095,15.856944444523663],[-16.47527777777225,15.856944444523663],[-16.475833333327955,15.855833333412477],[-16.474999999994395,15.856388888968183],[-16.47444444443863,15.85527777785677]]}},{"type":"Feature","properties":{"OBJECTID":12812,"Id":12812,"Contour":5.0,"Shape_Leng":0.00335979769297},"geometry":{"type":"LineString","coordinates":[[-16.47083333332688,15.85527777785677],[-16.470722223911082,15.855944451305334],[-16.471388888882416,15.85611111119033],[-16.471666666660326,15.855555555634623],[-16.47083333332688,15.85527777785677]]}},{"type":"Feature","properties":{"OBJECTID":12818,"Id":12818,"Contour":10.0,"Shape_Leng":0.00925895597527},"geometry":{"type":"LineString","coordinates":[[-16.46277777776953,15.855000000078917],[-16.461555557242434,15.855999993297473],[-16.462222222213825,15.856944444523663],[-16.46166666665806,15.858055555635076],[-16.463333333325124,15.857222222301687],[-16.463611111102978,15.855833333412477],[-16.46277777776953,15.855000000078917]]}},{"type":"Feature","properties":{"OBJECTID":12829,"Id":12829,"Contour":10.0,"Shape_Leng":0.00395628908064},"geometry":{"type":"LineString","coordinates":[[-16.49277777777604,15.854722222301064],[-16.492222222220505,15.855833333412477],[-16.49305555555395,15.85611111119033],[-16.49305555555395,15.855000000078917],[-16.49277777777604,15.854722222301064]]}},{"type":"Feature","properties":{"OBJECTID":12830,"Id":12830,"Contour":5.0,"Shape_Leng":0.00372617043478},"geometry":{"type":"LineString","coordinates":[[-16.47277777777174,15.854722222301064],[-16.472499999993886,15.855555555634623],[-16.473055555549593,15.855833333412477],[-16.473333333327332,15.854722222301064],[-16.47277777777174,15.854722222301064]]}},{"type":"Feature","properties":{"OBJECTID":12831,"Id":12831,"Contour":10.0,"Shape_Leng":0.00342719788433},"geometry":{"type":"LineString","coordinates":[[-16.46388888888083,15.854722222301064],[-16.46374999999182,15.855694444523465],[-16.464166666658684,15.855833333412477],[-16.46472222221439,15.85527777785677],[-16.46388888888083,15.854722222301064]]}},{"type":"Feature","properties":{"OBJECTID":12832,"Id":12832,"Contour":15.0,"Shape_Leng":0.00283879232331},"geometry":{"type":"MultiLineString","coordinates":[[[-16.449444444433198,15.855000000078917],[-16.4491666666554,15.855555555634623],[-16.4491666666554,15.855833333412477]],[[-16.4491666666554,15.855833333412477],[-16.44888888887749,15.855833333412477]],[[-16.4491666666554,15.855833333412477],[-16.449444444433198,15.855833333412477],[-16.44972222221105,15.855555555634623],[-16.449444444433198,15.855000000078917]]]}},{"type":"Feature","properties":{"OBJECTID":12833,"Id":12833,"Contour":10.0,"Shape_Leng":0.00166666666712},"geometry":{"type":"LineString","coordinates":[[-16.43277777776285,15.855000000078917],[-16.433055555540705,15.855000000078917],[-16.43277777776285,15.855555555634623],[-16.43277777776285,15.855000000078917]]}},{"type":"Feature","properties":{"OBJECTID":12834,"Id":12834,"Contour":10.0,"Shape_Leng":0.00166666666712},"geometry":{"type":"LineString","coordinates":[[-16.43055555554008,15.855000000078917],[-16.43055555554008,15.85527777785677],[-16.430277777762228,15.855555555634623],[-16.430277777762228,15.85527777785677],[-16.43055555554008,15.855000000078917]]}},{"type":"Feature","properties":{"OBJECTID":12835,"Id":12835,"Contour":20.0,"Shape_Leng":0.00301344234553},"geometry":{"type":"LineString","coordinates":[[-16.426666666650306,15.855000000078917],[-16.42620370651298,15.855555555634623],[-16.426388888872395,15.855972222301318],[-16.427222222206012,15.855555555634623],[-16.426666666650306,15.855000000078917]]}},{"type":"Feature","properties":{"OBJECTID":12844,"Id":12844,"Contour":10.0,"Shape_Leng":0.00212507820732},"geometry":{"type":"LineString","coordinates":[[-16.49027777777559,15.85444444452321],[-16.489999999997735,15.85444444452321],[-16.49027777777559,15.855138888967758],[-16.490555555553442,15.855000000078917],[-16.49027777777559,15.85444444452321]]}},{"type":"Feature","properties":{"OBJECTID":12845,"Id":12845,"Contour":15.0,"Shape_Leng":0.0113855350265},"geometry":{"type":"MultiLineString","coordinates":[[[-16.43194444442929,15.854722222301064],[-16.431111111095788,15.855555555634623],[-16.431111111095788,15.85611111119033]],[[-16.431111111095788,15.85611111119033],[-16.431111111095788,15.856388888968183],[-16.430185182343962,15.856944444523663],[-16.43055555554008,15.858611111190726],[-16.43166666665138,15.85750000007954],[-16.431111111095788,15.85611111119033]],[[-16.431111111095788,15.85611111119033],[-16.43194444442929,15.854722222301064]]]}},{"type":"Feature","properties":{"OBJECTID":12857,"Id":12857,"Contour":0.0,"Shape_Leng":0.00111111111141},"geometry":{"type":"LineString","coordinates":[[-16.52138888889357,15.85444444452321],[-16.521666666671422,15.85444444452321],[-16.52138888889357,15.854722222301064],[-16.52138888889357,15.85444444452321]]}},{"type":"Feature","properties":{"OBJECTID":12858,"Id":12858,"Contour":5.0,"Shape_Leng":0.00336254771781},"geometry":{"type":"LineString","coordinates":[[-16.476388888883662,15.854305555634198],[-16.476249999994707,15.854861111189905],[-16.4773148133969,15.855092603974299],[-16.477222222217165,15.854583333412052],[-16.476388888883662,15.854305555634198]]}},{"type":"Feature","properties":{"OBJECTID":12859,"Id":12859,"Contour":5.0,"Shape_Leng":0.0026150593235},"geometry":{"type":"LineString","coordinates":[[-16.47527777777225,15.854166666745414],[-16.474999999994395,15.854166666745414],[-16.474999999994395,15.855000000078917],[-16.475555555550102,15.855000000078917],[-16.47527777777225,15.854166666745414]]}},{"type":"Feature","properties":{"OBJECTID":12860,"Id":12860,"Contour":15.0,"Shape_Leng":0.0236617080536},"geometry":{"type":"LineString","coordinates":[[-16.44527777776557,15.85444444452321],[-16.443611111098505,15.85666666674598],[-16.443472222209664,15.858055555635076],[-16.444444444432122,15.859166666746432],[-16.443055555542912,15.859444444524286],[-16.44472222220986,15.860277777857846],[-16.444444444432122,15.860833333413495],[-16.44645833332146,15.85833333341293],[-16.44555555554342,15.856944444523663],[-16.44416666665427,15.85666666674598],[-16.44538888718131,15.855944451305334],[-16.44527777776557,15.85444444452321]]}},{"type":"Feature","properties":{"OBJECTID":12870,"Id":12870,"Contour":5.0,"Shape_Leng":0.00161859168507},"geometry":{"type":"LineString","coordinates":[[-16.52250000000498,15.854027777856572],[-16.522222222227185,15.85444444452321],[-16.52250000000498,15.854722222301064],[-16.522579365311458,15.85444444452321],[-16.52250000000498,15.854027777856572]]}},{"type":"Feature","properties":{"OBJECTID":12871,"Id":12871,"Contour":15.0,"Shape_Leng":0.00277714003716},"geometry":{"type":"LineString","coordinates":[[-16.42916666665093,15.85388888896756],[-16.42930555553977,15.854583333412052],[-16.428749999984177,15.854861111189905],[-16.428611111095165,15.854722222301064],[-16.42916666665093,15.85388888896756]]}},{"type":"Feature","properties":{"OBJECTID":12880,"Id":12880,"Contour":5.0,"Shape_Leng":0.000555555555707},"geometry":{"type":"LineString","coordinates":[[-16.485277777774456,15.85388888896756],[-16.485277777774456,15.854166666745414]]}},{"type":"Feature","properties":{"OBJECTID":12881,"Id":12881,"Contour":5.0,"Shape_Leng":0.00111111111141},"geometry":{"type":"MultiLineString","coordinates":[[[-16.458055555546252,15.85388888896756],[-16.458055555546252,15.854166666745414]],[[-16.458055555546252,15.854166666745414],[-16.4577777777684,15.854166666745414]]]}},{"type":"Feature","properties":{"OBJECTID":12882,"Id":12882,"Contour":5.0,"Shape_Leng":0.00510455428984},"geometry":{"type":"LineString","coordinates":[[-16.436666666652513,15.85388888896756],[-16.436388888874774,15.855555555634623],[-16.435833333319067,15.855833333412477],[-16.43611111109692,15.85444444452321],[-16.436666666652513,15.85388888896756]]}},{"type":"Feature","properties":{"OBJECTID":12888,"Id":12888,"Contour":5.0,"Shape_Leng":0.0128468241252},"geometry":{"type":"LineString","coordinates":[[-16.51000000000215,15.853333333411854],[-16.506944444445992,15.855555555634623],[-16.506944444445992,15.85611111119033],[-16.509722222224298,15.85611111119033],[-16.509444444446558,15.855000000078917],[-16.510555555557914,15.85444444452321],[-16.51000000000215,15.853333333411854]]}},{"type":"Feature","properties":{"OBJECTID":12889,"Id":12889,"Contour":5.0,"Shape_Leng":0.00414792265341},"geometry":{"type":"MultiLineString","coordinates":[[[-16.502222222222713,15.853611111189707],[-16.502500000000566,15.854166666745414],[-16.502222222222713,15.855000000078917]],[[-16.502222222222713,15.855000000078917],[-16.502500000000566,15.855000000078917]],[[-16.502222222222713,15.855000000078917],[-16.50194444444486,15.854722222301064],[-16.50180555555596,15.854166666745414],[-16.502222222222713,15.853611111189707]]]}},{"type":"Feature","properties":{"OBJECTID":12890,"Id":12890,"Contour":5.0,"Shape_Leng":0.00222222222283},"geometry":{"type":"LineString","coordinates":[[-16.500555555555707,15.853611111189707],[-16.500833333333503,15.854166666745414],[-16.500277777777796,15.854166666745414],[-16.500277777777796,15.85388888896756],[-16.500555555555707,15.853611111189707]]}},{"type":"Feature","properties":{"OBJECTID":12891,"Id":12891,"Contour":20.0,"Shape_Leng":0.00506024400112},"geometry":{"type":"LineString","coordinates":[[-16.48027777777338,15.853611111189707],[-16.47972222221773,15.854166666745414],[-16.47999999999547,15.85527777785677],[-16.481018519927147,15.854722222301064],[-16.48027777777338,15.853611111189707]]}},{"type":"Feature","properties":{"OBJECTID":12892,"Id":12892,"Contour":5.0,"Shape_Leng":0.0213829100254},"geometry":{"type":"LineString","coordinates":[[-16.469166666659817,15.853333333411854],[-16.467499999992754,15.857777777857393],[-16.468055555548347,15.860833333413495],[-16.468888888881963,15.860555555635699],[-16.468888888881963,15.855833333412477],[-16.470277777771116,15.854722222301064],[-16.469166666659817,15.853333333411854]]}},{"type":"Feature","properties":{"OBJECTID":12893,"Id":12893,"Contour":15.0,"Shape_Leng":0.000555555555707},"geometry":{"type":"LineString","coordinates":[[-16.441666666653646,15.853611111189707],[-16.4419444444315,15.853611111189707]]}},{"type":"Feature","properties":{"OBJECTID":12901,"Id":12901,"Contour":10.0,"Shape_Leng":0.00143582263996},"geometry":{"type":"LineString","coordinates":[[-16.49111111110915,15.853194444523012],[-16.490833333331295,15.853333333411854],[-16.49111111110915,15.853611111189707],[-16.491388888887002,15.853333333411854],[-16.49111111110915,15.853194444523012]]}},{"type":"Feature","properties":{"OBJECTID":12902,"Id":12902,"Contour":5.0,"Shape_Leng":0.00222222222294},"geometry":{"type":"LineString","coordinates":[[-16.489444444441972,15.853333333411854],[-16.489722222219882,15.853333333411854],[-16.489444444441972,15.854166666745414],[-16.489444444441972,15.853333333411854]]}},{"type":"Feature","properties":{"OBJECTID":12903,"Id":12903,"Contour":5.0,"Shape_Leng":0.00324473837035},"geometry":{"type":"LineString","coordinates":[[-16.47277777777174,15.853055555634],[-16.472499999993886,15.853333333411854],[-16.472499999993886,15.854166666745414],[-16.473055555549593,15.854166666745414],[-16.47277777777174,15.853055555634]]}},{"type":"Feature","properties":{"OBJECTID":12904,"Id":12904,"Contour":15.0,"Shape_Leng":0.0112368630243},"geometry":{"type":"LineString","coordinates":[[-16.435555555541214,15.853333333411854],[-16.43423611109648,15.85444444452321],[-16.433333333318444,15.857222222301687],[-16.435185182345094,15.85666666674598],[-16.435555555541214,15.853333333411854]]}},{"type":"Feature","properties":{"OBJECTID":12912,"Id":12912,"Contour":5.0,"Shape_Leng":0.00111111111119},"geometry":{"type":"LineString","coordinates":[[-16.48444444444101,15.853055555634],[-16.48472222221875,15.853055555634],[-16.48472222221875,15.853333333411854],[-16.48444444444101,15.853333333411854],[-16.48444444444101,15.853055555634]]}},{"type":"Feature","properties":{"OBJECTID":12913,"Id":12913,"Contour":15.0,"Shape_Leng":0.00158968760846},"geometry":{"type":"LineString","coordinates":[[-16.480833333329088,15.852777777856147],[-16.48111111110694,15.852777777856147],[-16.480833333329088,15.853333333411854],[-16.480694444440076,15.853055555634],[-16.480833333329088,15.852777777856147]]}},{"type":"Feature","properties":{"OBJECTID":12926,"Id":12926,"Contour":5.0,"Shape_Leng":0.00500000000125},"geometry":{"type":"LineString","coordinates":[[-16.498888888888644,15.852777777856147],[-16.499444444444237,15.852777777856147],[-16.499166666666497,15.853611111189707],[-16.498055555555027,15.853333333411854],[-16.498888888888644,15.852777777856147]]}},{"type":"Feature","properties":{"OBJECTID":12927,"Id":12927,"Contour":15.0,"Shape_Leng":0.00166666666689},"geometry":{"type":"LineString","coordinates":[[-16.482499999996094,15.852777777856147],[-16.482777777773947,15.853055555634],[-16.483055555551687,15.852777777856147],[-16.482499999996094,15.852777777856147]]}},{"type":"Feature","properties":{"OBJECTID":12928,"Id":12928,"Contour":20.0,"Shape_Leng":0.00116994965249},"geometry":{"type":"LineString","coordinates":[[-16.47999999999547,15.852777777856147],[-16.48027777777338,15.853055555634],[-16.4803472222178,15.85270833341167],[-16.47999999999547,15.852777777856147]]}},{"type":"Feature","properties":{"OBJECTID":12929,"Id":12929,"Contour":0.0,"Shape_Leng":0.00111111111141},"geometry":{"type":"MultiLineString","coordinates":[[[-16.478611111106318,15.852777777856147],[-16.478611111106318,15.853055555634]],[[-16.478611111106318,15.853055555634],[-16.478333333328465,15.853055555634]]]}},{"type":"Feature","properties":{"OBJECTID":12930,"Id":12930,"Contour":5.0,"Shape_Leng":0.00488444629527},"geometry":{"type":"LineString","coordinates":[[-16.476388888883662,15.852500000078294],[-16.475694444438943,15.853611111189707],[-16.47611111110581,15.854166666745414],[-16.477083333328267,15.853333333411854],[-16.476388888883662,15.852500000078294]]}},{"type":"Feature","properties":{"OBJECTID":12938,"Id":12938,"Contour":10.0,"Shape_Leng":0.0012245722782},"geometry":{"type":"LineString","coordinates":[[-16.51361111111413,15.85222222230044],[-16.51361111111413,15.852592603973733],[-16.513888888891984,15.852500000078294],[-16.513888888891984,15.85222222230044],[-16.51361111111413,15.85222222230044]]}},{"type":"Feature","properties":{"OBJECTID":12939,"Id":12939,"Contour":5.0,"Shape_Leng":0.0264512877021},"geometry":{"type":"MultiLineString","coordinates":[[[-16.49499999999881,15.852500000078294],[-16.495555555554574,15.852777777856147],[-16.49499999999881,15.854166666745414],[-16.49499999999881,15.854722222301064]],[[-16.49499999999881,15.854722222301064],[-16.49527777777672,15.854722222301064]],[[-16.49527777777672,15.854722222301064],[-16.495833333332428,15.854722222301064]],[[-16.495833333332428,15.854722222301064],[-16.495833333332428,15.85444444452321],[-16.495833333332428,15.854166666745414],[-16.496111111110167,15.854166666745414],[-16.496111111110167,15.853611111189707],[-16.496944444443727,15.852500000078294],[-16.497499999999434,15.853333333411854],[-16.49638888888802,15.85388888896756],[-16.496944444443727,15.855000000078917],[-16.496111111110167,15.85527777785677],[-16.497499999999434,15.856388888968183],[-16.49722222222158,15.856944444523663],[-16.495833333332428,15.85611111119033],[-16.495833333332428,15.85527777785677],[-16.49638888888802,15.85444444452321],[-16.495833333332428,15.854722222301064]],[[-16.49499999999881,15.854722222301064],[-16.49499999999881,15.855000000078917],[-16.494444444443218,15.85388888896756],[-16.49499999999881,15.852500000078294]]]}},{"type":"Feature","properties":{"OBJECTID":12940,"Id":12940,"Contour":5.0,"Shape_Leng":0.00212935273258},"geometry":{"type":"LineString","coordinates":[[-16.486111111108016,15.852500000078294],[-16.486249999996915,15.853055555634],[-16.485833333330163,15.853333333411854],[-16.485833333330163,15.852777777856147],[-16.486111111108016,15.852500000078294]]}},{"type":"Feature","properties":{"OBJECTID":12941,"Id":12941,"Contour":5.0,"Shape_Leng":0.00189678531295},"geometry":{"type":"LineString","coordinates":[[-16.47194444443818,15.85222222230044],[-16.471666666660326,15.852500000078294],[-16.472222222216033,15.852777777856147],[-16.472222222216033,15.852500000078294],[-16.47194444443818,15.85222222230044]]}},{"type":"Feature","properties":{"OBJECTID":12942,"Id":12942,"Contour":5.0,"Shape_Leng":0.00532809783708},"geometry":{"type":"LineString","coordinates":[[-16.4577777777684,15.852500000078294],[-16.4577777777684,15.853333333411854],[-16.456666666656986,15.854166666745414],[-16.456623933570427,15.853012831024728],[-16.4577777777684,15.852500000078294]]}},{"type":"Feature","properties":{"OBJECTID":12943,"Id":12943,"Contour":10.0,"Shape_Leng":0.0033333333339},"geometry":{"type":"LineString","coordinates":[[-16.441111111098053,15.852500000078294],[-16.441388888875736,15.852777777856147],[-16.441111111098053,15.853611111189707],[-16.4408333333202,15.853611111189707],[-16.441111111098053,15.852500000078294]]}},{"type":"Feature","properties":{"OBJECTID":12952,"Id":12952,"Contour":10.0,"Shape_Leng":0.0167004102346},"geometry":{"type":"LineString","coordinates":[[-16.464166666658684,15.851944444522644],[-16.46194444443597,15.85444444452321],[-16.462499999991678,15.855000000078917],[-16.464444444436538,15.85444444452321],[-16.46527777777004,15.85527777785677],[-16.46527777777004,15.85444444452321],[-16.46638888888134,15.854722222301064],[-16.465555555547894,15.853611111189707],[-16.46472222221439,15.854074062849975],[-16.46388888888083,15.853333333411854],[-16.46472222221439,15.852500000078294],[-16.464166666658684,15.851944444522644]]}},{"type":"Feature","properties":{"OBJECTID":12953,"Id":12953,"Contour":20.0,"Shape_Leng":0.00323487479969},"geometry":{"type":"LineString","coordinates":[[-16.450555555544554,15.85222222230044],[-16.44999999998879,15.852777777856147],[-16.44999999998879,15.853333333411854],[-16.45064815096282,15.85287038175153],[-16.450555555544554,15.85222222230044]]}},{"type":"Feature","properties":{"OBJECTID":12962,"Id":12962,"Contour":10.0,"Shape_Leng":0.00243351334441},"geometry":{"type":"LineString","coordinates":[[-16.481944444440387,15.851944444522644],[-16.48203703562018,15.852777777856147],[-16.481666666662534,15.852916666745159],[-16.481666666662534,15.85222222230044],[-16.481944444440387,15.851944444522644]]}},{"type":"Feature","properties":{"OBJECTID":12963,"Id":12963,"Contour":15.0,"Shape_Leng":0.00797455459409},"geometry":{"type":"LineString","coordinates":[[-16.454999999989923,15.851944444522644],[-16.454722222212183,15.85222222230044],[-16.454722222212183,15.853055555634],[-16.454999999989923,15.853333333411854],[-16.454999999989923,15.853611111189707],[-16.454722222212183,15.853611111189707],[-16.454305555545318,15.85388888896756],[-16.45444444443433,15.85444444452321],[-16.45583333332354,15.853055555634],[-16.454999999989923,15.851944444522644]]}},{"type":"Feature","properties":{"OBJECTID":12964,"Id":12964,"Contour":20.0,"Shape_Leng":0.000555555555479},"geometry":{"type":"LineString","coordinates":[[-16.429722222206635,15.851944444522644],[-16.429999999984375,15.851944444522644]]}},{"type":"Feature","properties":{"OBJECTID":12972,"Id":12972,"Contour":10.0,"Shape_Leng":0.00352251614801},"geometry":{"type":"LineString","coordinates":[[-16.490833333331295,15.851388888966937],[-16.490555555553442,15.851944444522644],[-16.490555555553442,15.852500000078294],[-16.491388888887002,15.85166666674479],[-16.490833333331295,15.851388888966937]]}},{"type":"Feature","properties":{"OBJECTID":12973,"Id":12973,"Contour":15.0,"Shape_Leng":0.0287823196335},"geometry":{"type":"LineString","coordinates":[[-16.48027777777338,15.85166666674479],[-16.47828703561936,15.856944444523663],[-16.47805555555061,15.860555555635699],[-16.47888888888417,15.859444444524286],[-16.47972222221773,15.860277777857846],[-16.47972222221773,15.859444444524286],[-16.480555555551234,15.859166666746432],[-16.47999999999547,15.858750000079738],[-16.479166666662024,15.859444444524286],[-16.47888888888417,15.857777777857393],[-16.47972222221773,15.85666666674598],[-16.48111111110694,15.856388888968183],[-16.481944444440387,15.85444444452321],[-16.48111111110694,15.85166666674479],[-16.48027777777338,15.85166666674479]]}},{"type":"Feature","properties":{"OBJECTID":12980,"Id":12980,"Contour":5.0,"Shape_Leng":0.00253045967264},"geometry":{"type":"LineString","coordinates":[[-16.52138888889357,15.851250000078096],[-16.52111111111583,15.851944444522644],[-16.521666666671422,15.851944444522644],[-16.521944444449332,15.85166666674479],[-16.52138888889357,15.851250000078096]]}},{"type":"Feature","properties":{"OBJECTID":12981,"Id":12981,"Contour":5.0,"Shape_Leng":0.00714765987695},"geometry":{"type":"LineString","coordinates":[[-16.513888888891984,15.851111111189255],[-16.51344444487131,15.852500000078294],[-16.514166666669837,15.854166666745414],[-16.514270833336525,15.85222222230044],[-16.513888888891984,15.851111111189255]]}},{"type":"Feature","properties":{"OBJECTID":12982,"Id":12982,"Contour":5.0,"Shape_Leng":0.00111111111119},"geometry":{"type":"MultiLineString","coordinates":[[[-16.504444444445312,15.851388888966937],[-16.504444444445312,15.85166666674479]],[[-16.504444444445312,15.85166666674479],[-16.504166666667572,15.85166666674479]]]}},{"type":"Feature","properties":{"OBJECTID":12983,"Id":12983,"Contour":10.0,"Shape_Leng":0.0192449201486},"geometry":{"type":"LineString","coordinates":[[-16.438333333319576,15.851388888966937],[-16.439305555541978,15.85222222230044],[-16.43827777437309,15.852722235864007],[-16.43644444782109,15.857833336803651],[-16.434888890569823,15.858722229083583],[-16.435833333319067,15.85444444452321],[-16.438333333319576,15.851388888966937]]}},{"type":"Feature","properties":{"OBJECTID":12994,"Id":12994,"Contour":0.0,"Shape_Leng":0.00266016634193},"geometry":{"type":"LineString","coordinates":[[-16.522222222227185,15.851111111189255],[-16.52263888889388,15.851388888966937],[-16.52250000000498,15.85222222230044],[-16.52250000000498,15.85166666674479],[-16.522222222227185,15.851111111189255]]}},{"type":"Feature","properties":{"OBJECTID":12995,"Id":12995,"Contour":5.0,"Shape_Leng":0.000799520964478},"geometry":{"type":"LineString","coordinates":[[-16.51361111111413,15.851018507293702],[-16.513703703353542,15.851203715084466],[-16.513888888891984,15.851111111189255],[-16.513703703353542,15.851018507293702],[-16.51361111111413,15.851018507293702]]}},{"type":"Feature","properties":{"OBJECTID":12996,"Id":12996,"Contour":5.0,"Shape_Leng":0.018067296107},"geometry":{"type":"LineString","coordinates":[[-16.50777777777938,15.850833333411401],[-16.506944444445992,15.853333333411854],[-16.50777777777938,15.85222222230044],[-16.50888888889085,15.85222222230044],[-16.509583333335456,15.853194444523012],[-16.511666666669214,15.851944444522644],[-16.509444444446558,15.852500000078294],[-16.509722222224298,15.850833333411401],[-16.508333333335145,15.85166666674479],[-16.50777777777938,15.850833333411401]]}},{"type":"Feature","properties":{"OBJECTID":12997,"Id":12997,"Contour":20.0,"Shape_Leng":0.000555555555479},"geometry":{"type":"LineString","coordinates":[[-16.439999999986696,15.851111111189255],[-16.440277777764436,15.851111111189255]]}},{"type":"Feature","properties":{"OBJECTID":12998,"Id":12998,"Contour":20.0,"Shape_Leng":0.00392484042638},"geometry":{"type":"LineString","coordinates":[[-16.43416666665206,15.851111111189255],[-16.4332539706611,15.851309509355417],[-16.4332539706611,15.852023824134278],[-16.434333335014117,15.851833326629787],[-16.43416666665206,15.851111111189255]]}},{"type":"Feature","properties":{"OBJECTID":12999,"Id":12999,"Contour":10.0,"Shape_Leng":0.00166666666678},"geometry":{"type":"MultiLineString","coordinates":[[[-16.43194444442929,15.851111111189255],[-16.43194444442929,15.85166666674479]],[[-16.43194444442929,15.85166666674479],[-16.432222222207145,15.85166666674479]]]}},{"type":"Feature","properties":{"OBJECTID":13000,"Id":13000,"Contour":10.0,"Shape_Leng":0.00234250723351},"geometry":{"type":"LineString","coordinates":[[-16.428333333317426,15.851111111189255],[-16.428611111095165,15.851111111189255],[-16.428055555539572,15.851944444522644],[-16.427916666650617,15.85166666674479],[-16.428333333317426,15.851111111189255]]}},{"type":"Feature","properties":{"OBJECTID":13010,"Id":13010,"Contour":5.0,"Shape_Leng":0.00261505932388},"geometry":{"type":"LineString","coordinates":[[-16.472222222216033,15.850555555633377],[-16.47194444443818,15.851111111189255],[-16.47277777777174,15.851111111189255],[-16.472499999993886,15.850555555633377],[-16.472222222216033,15.850555555633377]]}},{"type":"Feature","properties":{"OBJECTID":13017,"Id":13017,"Contour":10.0,"Shape_Leng":0.00215091872681},"geometry":{"type":"LineString","coordinates":[[-16.48138888888468,15.850555555633377],[-16.481746033558522,15.850476176021857],[-16.48222222221824,15.850833333411401],[-16.481666666662534,15.851018507293702],[-16.48138888888468,15.850555555633377]]}},{"type":"Feature","properties":{"OBJECTID":13018,"Id":13018,"Contour":15.0,"Shape_Leng":0.0104561820567},"geometry":{"type":"LineString","coordinates":[[-16.44638888887698,15.850555555633377],[-16.44611111109913,15.851388888966937],[-16.44527777776557,15.851388888966937],[-16.445347222210103,15.852847222300682],[-16.444444444432122,15.853611111189707],[-16.446166670045557,15.853055555634],[-16.447083333321586,15.850555555633377],[-16.44638888887698,15.850555555633377]]}},{"type":"Feature","properties":{"OBJECTID":13019,"Id":13019,"Contour":10.0,"Shape_Leng":0.0157037660601},"geometry":{"type":"MultiLineString","coordinates":[[[-16.425277777761096,15.850555555633377],[-16.425555555539006,15.854166666745414],[-16.42501982938263,15.854345242130847]],[[-16.424716882195177,15.851677346765316],[-16.425277777761096,15.850555555633377]]]}},{"type":"Feature","properties":{"OBJECTID":13029,"Id":13029,"Contour":10.0,"Shape_Leng":0.00503220457372},"geometry":{"type":"LineString","coordinates":[[-16.470555555549026,15.850000000077898],[-16.469999999993263,15.851111111189255],[-16.470277777771116,15.851944444522644],[-16.47083333332688,15.85166666674479],[-16.470555555549026,15.850000000077898]]}},{"type":"Feature","properties":{"OBJECTID":13030,"Id":13030,"Contour":25.0,"Shape_Leng":0.00174311041198},"geometry":{"type":"LineString","coordinates":[[-16.43722222220822,15.850277777855524],[-16.436944444430367,15.850555555633377],[-16.43722222220822,15.85069444452239],[-16.43749999998613,15.850277777855524],[-16.43722222220822,15.850277777855524]]}},{"type":"Feature","properties":{"OBJECTID":13033,"Id":13033,"Contour":5.0,"Shape_Leng":0.00119204161836},"geometry":{"type":"LineString","coordinates":[[-16.522222222227185,15.849861111188886],[-16.521944444449332,15.850000000077898],[-16.522222222227185,15.850277777855524],[-16.522333333232325,15.850111117970528],[-16.522222222227185,15.849861111188886]]}},{"type":"Feature","properties":{"OBJECTID":13034,"Id":13034,"Contour":5.0,"Shape_Leng":0.00315964717692},"geometry":{"type":"LineString","coordinates":[[-16.4777777777727,15.849722222300045],[-16.47738889057922,15.850388895748551],[-16.47805555555061,15.850833333411401],[-16.47805555555061,15.850000000077898],[-16.4777777777727,15.849722222300045]]}},{"type":"Feature","properties":{"OBJECTID":13040,"Id":13040,"Contour":5.0,"Shape_Leng":0.00451184463595},"geometry":{"type":"LineString","coordinates":[[-16.499166666666497,15.849722222300045],[-16.499444444444237,15.849722222300045],[-16.5,15.850555555633377],[-16.500277777777796,15.850555555633377],[-16.499166666666497,15.850833333411401],[-16.499166666666497,15.849722222300045]]}},{"type":"Feature","properties":{"OBJECTID":13041,"Id":13041,"Contour":10.0,"Shape_Leng":0.00217756097176},"geometry":{"type":"LineString","coordinates":[[-16.48444444444101,15.849444444522192],[-16.484166666663157,15.850000000077898],[-16.48472222221875,15.85009260397328],[-16.48486111110776,15.849722222300045],[-16.48444444444101,15.849444444522192]]}},{"type":"Feature","properties":{"OBJECTID":13042,"Id":13042,"Contour":10.0,"Shape_Leng":0.0108436089076},"geometry":{"type":"LineString","coordinates":[[-16.459722222213202,15.849583333411033],[-16.458888888879756,15.850277777855524],[-16.459444444435462,15.85388888896756],[-16.460694444435603,15.851111111189255],[-16.459722222213202,15.849583333411033]]}},{"type":"Feature","properties":{"OBJECTID":13043,"Id":13043,"Contour":10.0,"Shape_Leng":0.000555555555707},"geometry":{"type":"LineString","coordinates":[[-16.438888888875283,15.849722222300045],[-16.439166666653136,15.849722222300045]]}},{"type":"Feature","properties":{"OBJECTID":13044,"Id":13044,"Contour":10.0,"Shape_Leng":0.00122016051421},"geometry":{"type":"LineString","coordinates":[[-16.432222222207145,15.849722222300045],[-16.432499999984998,15.850000000077898],[-16.432222222207145,15.850138888966683],[-16.432083333318246,15.850000000077898],[-16.432222222207145,15.849722222300045]]}},{"type":"Feature","properties":{"OBJECTID":13045,"Id":13045,"Contour":15.0,"Shape_Leng":0.00767591724842},"geometry":{"type":"LineString","coordinates":[[-16.427222222206012,15.849722222300045],[-16.42657407123204,15.851018507293702],[-16.426666666650306,15.851388888966937],[-16.426666666650306,15.85166666674479],[-16.426666666650306,15.851944444522644],[-16.426388888872395,15.851944444522644],[-16.426041666650235,15.852152777856134],[-16.426111111094713,15.852638888967306],[-16.426666666650306,15.852500000078294],[-16.427611109399493,15.850666673526234],[-16.427222222206012,15.849722222300045]]}},{"type":"Feature","properties":{"OBJECTID":13056,"Id":13056,"Contour":0.0,"Shape_Leng":0.0015106024573},"geometry":{"type":"LineString","coordinates":[[-16.52305555556063,15.849351840626582],[-16.523388889105945,15.849444444522192],[-16.52305555556063,15.849814826195427],[-16.522916666671733,15.849722222300045],[-16.52305555556063,15.849351840626582]]}},{"type":"Feature","properties":{"OBJECTID":13057,"Id":13057,"Contour":0.0,"Shape_Leng":0.0016941902666},"geometry":{"type":"LineString","coordinates":[[-16.512500000002774,15.849444444522192],[-16.512916666669526,15.849722222300045],[-16.512500000002774,15.850000000077898],[-16.512407406703687,15.849722222300045],[-16.512500000002774,15.849444444522192]]}},{"type":"Feature","properties":{"OBJECTID":13058,"Id":13058,"Contour":5.0,"Shape_Leng":0.00454609024158},"geometry":{"type":"LineString","coordinates":[[-16.506944444445992,15.84930555563318],[-16.50666666666808,15.850000000077898],[-16.50750000000164,15.850555555633377],[-16.50805555555729,15.849444444522192],[-16.506944444445992,15.84930555563318]]}},{"type":"Feature","properties":{"OBJECTID":13059,"Id":13059,"Contour":5.0,"Shape_Leng":0.016137693903},"geometry":{"type":"LineString","coordinates":[[-16.473888888883096,15.849166666744338],[-16.47277777777174,15.85166666674479],[-16.473888888883096,15.85166666674479],[-16.47416666666095,15.850555555633377],[-16.475555555550102,15.851388888966937],[-16.475555555550102,15.852500000078294],[-16.47749999999502,15.85166666674479],[-16.47611111110581,15.849722222300045],[-16.473888888883096,15.849166666744338]]}},{"type":"Feature","properties":{"OBJECTID":13060,"Id":13060,"Contour":10.0,"Shape_Leng":0.00176792094016},"geometry":{"type":"LineString","coordinates":[[-16.47083333332688,15.849166666744338],[-16.470722223911082,15.849555562414821],[-16.471111111104676,15.849722222300045],[-16.471111111104676,15.849166666744338],[-16.47083333332688,15.849166666744338]]}},{"type":"Feature","properties":{"OBJECTID":13061,"Id":13061,"Contour":0.0,"Shape_Leng":0.00721800932719},"geometry":{"type":"LineString","coordinates":[[-16.468333333326257,15.849388902529824],[-16.46861111110411,15.851388888966937],[-16.467499999992754,15.851805555633803],[-16.467777777770607,15.850000000077898],[-16.468333333326257,15.849388902529824]]}},{"type":"Feature","properties":{"OBJECTID":13062,"Id":13062,"Contour":15.0,"Shape_Leng":0.00639343861921},"geometry":{"type":"LineString","coordinates":[[-16.456111111101336,15.849444444522192],[-16.455555555545686,15.851388888966937],[-16.45583333332354,15.85152777785595],[-16.457083333323794,15.849722222300045],[-16.456111111101336,15.849444444522192]]}},{"type":"Feature","properties":{"OBJECTID":13066,"Id":13066,"Contour":0.0,"Shape_Leng":0.00750000000176},"geometry":{"type":"LineString","coordinates":[[-16.52388888889419,15.849166666744338],[-16.52277777778272,15.855555555634623]]}},{"type":"Feature","properties":{"OBJECTID":13067,"Id":13067,"Contour":5.0,"Shape_Leng":0.0167220530053},"geometry":{"type":"MultiLineString","coordinates":[[[-16.503333333334012,15.849166666744338],[-16.503333333334012,15.850555555633377],[-16.50305555555616,15.849722222300045]],[[-16.50305555555616,15.849722222300045],[-16.502222222222713,15.849722222300045],[-16.50194444444486,15.849722222300045],[-16.50194444444486,15.850000000077898],[-16.501666666667006,15.850277777855524],[-16.501388888889096,15.850277777855524],[-16.501388888889096,15.850833333411401]],[[-16.501388888889096,15.850833333411401],[-16.50233333375769,15.850722215518374],[-16.503333333334012,15.851388888966937],[-16.502500000000566,15.85222222230044],[-16.502500000000566,15.851388888966937],[-16.501388888889096,15.850833333411401]],[[-16.501388888889096,15.850833333411401],[-16.501111111111356,15.850277777855524],[-16.502222222222713,15.849444444522192],[-16.50305555555616,15.849722222300045]],[[-16.50305555555616,15.849722222300045],[-16.503333333334012,15.849166666744338]]]}},{"type":"Feature","properties":{"OBJECTID":13068,"Id":13068,"Contour":20.0,"Shape_Leng":0.00160841056134},"geometry":{"type":"LineString","coordinates":[[-16.45222222221156,15.849074062848956],[-16.451944444433707,15.849444444522192],[-16.45222222221156,15.849583333411033],[-16.45249999998947,15.849166666744338],[-16.45222222221156,15.849074062848956]]}},{"type":"Feature","properties":{"OBJECTID":13069,"Id":13069,"Contour":15.0,"Shape_Leng":0.00330708749341},"geometry":{"type":"LineString","coordinates":[[-16.447222222210485,15.849166666744338],[-16.44694444443263,15.84930555563318],[-16.44666666665472,15.850000000077898],[-16.447592595406604,15.849722222300045],[-16.447222222210485,15.849166666744338]]}},{"type":"Feature","properties":{"OBJECTID":13070,"Id":13070,"Contour":10.0,"Shape_Leng":0.00219997075781},"geometry":{"type":"LineString","coordinates":[[-16.445833333321275,15.849166666744338],[-16.44611111109913,15.849444444522192],[-16.44555555554342,15.850000000077898],[-16.445462960125155,15.849722222300045],[-16.445833333321275,15.849166666744338]]}},{"type":"Feature","properties":{"OBJECTID":13080,"Id":13080,"Contour":5.0,"Shape_Leng":0.00157807269555},"geometry":{"type":"LineString","coordinates":[[-16.522222222227185,15.848611111188632],[-16.521944444449332,15.848611111188632],[-16.522222222227185,15.849166666744338],[-16.522361111116027,15.848888888966485],[-16.522222222227185,15.848611111188632]]}},{"type":"Feature","properties":{"OBJECTID":13087,"Id":13087,"Contour":5.0,"Shape_Leng":0.00388888889006},"geometry":{"type":"LineString","coordinates":[[-16.498055555555027,15.848611111188632],[-16.498333333332937,15.848611111188632],[-16.49861111111079,15.849166666744338],[-16.498333333332937,15.850000000077898],[-16.498055555555027,15.848611111188632]]}},{"type":"Feature","properties":{"OBJECTID":13088,"Id":13088,"Contour":10.0,"Shape_Leng":0.00159854109507},"geometry":{"type":"LineString","coordinates":[[-16.49027777777559,15.84847222229962],[-16.489999999997735,15.848611111188632],[-16.490555555553442,15.848888888966485],[-16.490555555553442,15.848611111188632],[-16.49027777777559,15.84847222229962]]}},{"type":"Feature","properties":{"OBJECTID":13089,"Id":13089,"Contour":5.0,"Shape_Leng":0.0303591264601},"geometry":{"type":"LineString","coordinates":[[-16.45444444443433,15.84847222229962],[-16.455277777767776,15.848611111188632],[-16.455370373186042,15.849444444522192],[-16.452993825266162,15.852438286753738],[-16.45249999998947,15.855833333412477],[-16.44972222221105,15.860277777857846],[-16.44888888887749,15.858055555635076],[-16.45444444443433,15.84847222229962]]}},{"type":"Feature","properties":{"OBJECTID":13090,"Id":13090,"Contour":20.0,"Shape_Leng":0.00762363447917},"geometry":{"type":"LineString","coordinates":[[-16.43722222220822,15.848611111188632],[-16.43611111109692,15.850833333411401],[-16.43677777606831,15.851277771074251],[-16.43819444443068,15.850000000077898],[-16.43722222220822,15.848611111188632]]}},{"type":"Feature","properties":{"OBJECTID":13091,"Id":13091,"Contour":20.0,"Shape_Leng":0.00457715372371},"geometry":{"type":"LineString","coordinates":[[-16.430833333317935,15.848611111188632],[-16.43138888887364,15.849444444522192],[-16.43138888887364,15.850000000077898],[-16.432222222207145,15.849166666744338],[-16.430833333317935,15.848611111188632]]}},{"type":"Feature","properties":{"OBJECTID":13099,"Id":13099,"Contour":5.0,"Shape_Leng":0.0137647607807},"geometry":{"type":"MultiLineString","coordinates":[[[-16.51000000000215,15.848055555632925],[-16.509583333335456,15.849027777855326],[-16.51000000000215,15.849166666744338]],[[-16.51000000000215,15.849166666744338],[-16.51000000000215,15.849444444522192],[-16.51027777778006,15.849444444522192],[-16.51000000000215,15.849166666744338]],[[-16.51000000000215,15.849166666744338],[-16.509444444446558,15.849166666744338],[-16.508611111112998,15.850000000077898],[-16.509444444446558,15.850833333411401],[-16.511944444447067,15.848611111188632],[-16.51000000000215,15.848055555632925]]]}},{"type":"Feature","properties":{"OBJECTID":13100,"Id":13100,"Contour":5.0,"Shape_Leng":0.00232776894049},"geometry":{"type":"LineString","coordinates":[[-16.501666666667006,15.848333333410778],[-16.50205555597978,15.848722229081488],[-16.501388888889096,15.848888888966485],[-16.501388888889096,15.848611111188632],[-16.501666666667006,15.848333333410778]]}},{"type":"Feature","properties":{"OBJECTID":13101,"Id":13101,"Contour":15.0,"Shape_Leng":0.00386542005499},"geometry":{"type":"LineString","coordinates":[[-16.481666666662534,15.848333333410778],[-16.48124999999584,15.849166666744338],[-16.481666666662534,15.849722222300045],[-16.482314813398034,15.848611111188632],[-16.481666666662534,15.848333333410778]]}},{"type":"Feature","properties":{"OBJECTID":13102,"Id":13102,"Contour":15.0,"Shape_Leng":0.00137937667327},"geometry":{"type":"LineString","coordinates":[[-16.436388888874774,15.848055555632925],[-16.436666666652513,15.848055555632925],[-16.436388888874774,15.84847222229962],[-16.43624999998582,15.848333333410778],[-16.436388888874774,15.848055555632925]]}},{"type":"Feature","properties":{"OBJECTID":13103,"Id":13103,"Contour":20.0,"Shape_Leng":0.00138365119936},"geometry":{"type":"LineString","coordinates":[[-16.425555555539006,15.848333333410778],[-16.425555555539006,15.848611111188632],[-16.425912695974205,15.848690490800152],[-16.42583333331686,15.848333333410778],[-16.425555555539006,15.848333333410778]]}},{"type":"Feature","properties":{"OBJECTID":13113,"Id":13113,"Contour":0.0,"Shape_Leng":0.000277777777853},"geometry":{"type":"LineString","coordinates":[[-16.524166666672045,15.848055555632925],[-16.524166666672045,15.848315143025522]]}},{"type":"Feature","properties":{"OBJECTID":13114,"Id":13114,"Contour":5.0,"Shape_Leng":0.0041190075355},"geometry":{"type":"LineString","coordinates":[[-16.505833333334635,15.847777777855129],[-16.505555555556782,15.847777777855129],[-16.505555555556782,15.848888888966485],[-16.50638888889023,15.848611111188632],[-16.505833333334635,15.847777777855129]]}},{"type":"Feature","properties":{"OBJECTID":13115,"Id":13115,"Contour":15.0,"Shape_Leng":0.00102451567},"geometry":{"type":"LineString","coordinates":[[-16.457499999990546,15.848055555632925],[-16.4577777777684,15.848194444521766],[-16.457916666657297,15.848055555632925],[-16.4577777777684,15.847916666743913],[-16.457499999990546,15.848055555632925]]}},{"type":"Feature","properties":{"OBJECTID":13116,"Id":13116,"Contour":10.0,"Shape_Leng":0.00190456360983},"geometry":{"type":"LineString","coordinates":[[-16.45583333332354,15.847777777855129],[-16.455555555545686,15.848055555632925],[-16.456111111101336,15.848333333410778],[-16.456111111101336,15.847777777855129],[-16.45583333332354,15.847777777855129]]}},{"type":"Feature","properties":{"OBJECTID":13121,"Id":13121,"Contour":5.0,"Shape_Leng":0.00665459682441},"geometry":{"type":"LineString","coordinates":[[-16.523972222015573,15.848527764291816],[-16.52277777778272,15.847500000077275],[-16.52180555556032,15.848055555632925],[-16.52388888889419,15.848935173959944]]}},{"type":"Feature","properties":{"OBJECTID":13122,"Id":13122,"Contour":5.0,"Shape_Leng":0.0044852436138},"geometry":{"type":"LineString","coordinates":[[-16.51361111111413,15.84768517395969],[-16.512777777780627,15.848055555632925],[-16.513888888891984,15.849166666744338],[-16.514027777780825,15.848055555632925],[-16.51361111111413,15.84768517395969]]}},{"type":"Feature","properties":{"OBJECTID":13123,"Id":13123,"Contour":10.0,"Shape_Leng":0.0814243321057},"geometry":{"type":"LineString","coordinates":[[-16.481944444440387,15.84768517395969],[-16.48027777777338,15.848611111188632],[-16.48111111110694,15.850277777855524],[-16.479583333328776,15.850000000077898],[-16.480138888884483,15.850555555633377],[-16.479555553855562,15.853611111189707],[-16.47828703561936,15.855787048419018],[-16.477550506586738,15.859772728893915],[-16.47648148006334,15.860648142576792],[-16.4766666666614,15.861574079805735],[-16.47763888888386,15.861111111191349],[-16.477222222217165,15.863333333414118],[-16.473055555549593,15.865833333414741],[-16.47546296437031,15.867870364800808],[-16.47694444443931,15.86666666674813],[-16.4766666666614,15.865833333414741],[-16.478148146730405,15.866203698133745],[-16.47738889057922,15.863499993299115],[-16.47868055555074,15.862569444525093],[-16.47888888888417,15.861111111191349],[-16.48027777777338,15.860833333413495],[-16.48111111110694,15.858611111190726],[-16.47999999999547,15.85750000007954],[-16.481000001691143,15.857666659964536],[-16.481944444440387,15.856388888968183],[-16.481527777773692,15.855555555634623],[-16.482499999996094,15.855833333412477],[-16.483055555551687,15.854166666745414],[-16.485833333330163,15.857777777857393],[-16.487611109412853,15.857333340194543],[-16.486388888885756,15.85666666674598],[-16.486388888885756,15.855555555634623],[-16.48458333332991,15.855000000078917],[-16.483888888885303,15.85222222230044],[-16.482777777773947,15.851111111189255],[-16.483055555551687,15.848055555632925],[-16.481944444440387,15.84768517395969]]}},{"type":"Feature","properties":{"OBJECTID":13124,"Id":13124,"Contour":10.0,"Shape_Leng":0.00371470947985},"geometry":{"type":"LineString","coordinates":[[-16.48027777777338,15.84768517395969],[-16.47999999999547,15.847777777855129],[-16.47972222221773,15.848611111188632],[-16.480833333329088,15.848333333410778],[-16.48027777777338,15.84768517395969]]}},{"type":"Feature","properties":{"OBJECTID":13125,"Id":13125,"Contour":10.0,"Shape_Leng":0.00140914125121},"geometry":{"type":"LineString","coordinates":[[-16.447222222210485,15.847777777855129],[-16.44736111109944,15.848055555632925],[-16.447222222210485,15.848333333410778],[-16.44694444443263,15.848055555632925],[-16.447222222210485,15.847777777855129]]}},{"type":"Feature","properties":{"OBJECTID":13126,"Id":13126,"Contour":15.0,"Shape_Leng":0.000978044653197},"geometry":{"type":"LineString","coordinates":[[-16.436666666652513,15.847638888966117],[-16.436736111097048,15.847777777855129],[-16.436666666652513,15.848055555632925],[-16.436527777763672,15.847916666743913],[-16.436666666652513,15.847638888966117]]}},{"type":"Feature","properties":{"OBJECTID":13127,"Id":13127,"Contour":20.0,"Shape_Leng":0.000555555555593},"geometry":{"type":"LineString","coordinates":[[-16.431111111095788,15.847777777855129],[-16.431111111095788,15.848055555632925]]}},{"type":"Feature","properties":{"OBJECTID":13133,"Id":13133,"Contour":0.0,"Shape_Leng":0.00111111111141},"geometry":{"type":"MultiLineString","coordinates":[[[-16.511944444447067,15.847500000077275],[-16.511944444447067,15.847777777855129]],[[-16.511944444447067,15.847777777855129],[-16.51222222222492,15.847777777855129]]]}},{"type":"Feature","properties":{"OBJECTID":13134,"Id":13134,"Contour":5.0,"Shape_Leng":0.000913264286213},"geometry":{"type":"LineString","coordinates":[[-16.443888888876415,15.847407396181836],[-16.444027777765257,15.847500000077275],[-16.443888888876415,15.847777777855129],[-16.443796293458092,15.847592603972657],[-16.443888888876415,15.847407396181836]]}},{"type":"Feature","properties":{"OBJECTID":13136,"Id":13136,"Contour":10.0,"Shape_Leng":0.000991314281746},"geometry":{"type":"LineString","coordinates":[[-16.52388888889419,15.84708333341058],[-16.52368055556076,15.847222222299422],[-16.52388888889419,15.847341274762584],[-16.52409722222751,15.847222222299422],[-16.52388888889419,15.84708333341058]]}},{"type":"Feature","properties":{"OBJECTID":13147,"Id":13147,"Contour":5.0,"Shape_Leng":0.00403414305446},"geometry":{"type":"LineString","coordinates":[[-16.524166666672045,15.847824062848531],[-16.52263888889388,15.846805555632727],[-16.524166666672045,15.846944444521569]]}},{"type":"Feature","properties":{"OBJECTID":13148,"Id":13148,"Contour":0.0,"Shape_Leng":0.000555555555707},"geometry":{"type":"LineString","coordinates":[[-16.519722222226562,15.846944444521569],[-16.519722222226562,15.847222222299422]]}},{"type":"Feature","properties":{"OBJECTID":13149,"Id":13149,"Contour":0.0,"Shape_Leng":0.0021990761633},"geometry":{"type":"LineString","coordinates":[[-16.513055555558367,15.846944444521569],[-16.5132222218013,15.847388882184418],[-16.512500000002774,15.847500000077275],[-16.512638888891672,15.847222222299422],[-16.513055555558367,15.846944444521569]]}},{"type":"Feature","properties":{"OBJECTID":13150,"Id":13150,"Contour":5.0,"Shape_Leng":0.00762522645852},"geometry":{"type":"LineString","coordinates":[[-16.49388888888751,15.846944444521569],[-16.494166666665365,15.846944444521569],[-16.493333333331805,15.849722222300045],[-16.493333333331805,15.847222222299422],[-16.49388888888751,15.846944444521569]]}},{"type":"Feature","properties":{"OBJECTID":13151,"Id":13151,"Contour":5.0,"Shape_Leng":0.000555555555479},"geometry":{"type":"LineString","coordinates":[[-16.491388888887002,15.846944444521569],[-16.49166666666474,15.846944444521569]]}},{"type":"Feature","properties":{"OBJECTID":13152,"Id":13152,"Contour":5.0,"Shape_Leng":0.00263725063266},"geometry":{"type":"LineString","coordinates":[[-16.479444444439878,15.846944444521569],[-16.47972222221773,15.847500000077275],[-16.47888888888417,15.847777777855129],[-16.47888888888417,15.847500000077275],[-16.479444444439878,15.846944444521569]]}},{"type":"Feature","properties":{"OBJECTID":13153,"Id":13153,"Contour":10.0,"Shape_Leng":0.00271810185083},"geometry":{"type":"LineString","coordinates":[[-16.463611111102978,15.846666666743715],[-16.463333333325124,15.846944444521569],[-16.464166666658684,15.847222222299422],[-16.464166666658684,15.846666666743715],[-16.463611111102978,15.846666666743715]]}},{"type":"Feature","properties":{"OBJECTID":13154,"Id":13154,"Contour":10.0,"Shape_Leng":0.00286513492482},"geometry":{"type":"LineString","coordinates":[[-16.42777777776172,15.846666666743715],[-16.427638888872764,15.847361111188263],[-16.428333333317426,15.847500000077275],[-16.42819444442847,15.846944444521569],[-16.42777777776172,15.846666666743715]]}},{"type":"Feature","properties":{"OBJECTID":13162,"Id":13162,"Contour":5.0,"Shape_Leng":0.0275197410646},"geometry":{"type":"MultiLineString","coordinates":[[[-16.496111111110167,15.846666666743715],[-16.495833333332428,15.846944444521569]],[[-16.495833333332428,15.846944444521569],[-16.495833333332428,15.847500000077275]],[[-16.495833333332428,15.847500000077275],[-16.495833333332428,15.847777777855129]],[[-16.495833333332428,15.847777777855129],[-16.495833333332428,15.848055555632925],[-16.496666666665874,15.847500000077275],[-16.49722222222158,15.848055555632925],[-16.496111111110167,15.848333333410778],[-16.496111111110167,15.849166666744338],[-16.49722222222158,15.849166666744338],[-16.496666666665874,15.850000000077898],[-16.49722222222158,15.851388888966937]],[[-16.49722222222158,15.851388888966937],[-16.498333333332937,15.850833333411401],[-16.498055555555027,15.85166666674479],[-16.49722222222158,15.851388888966937]],[[-16.49722222222158,15.851388888966937],[-16.49638888888802,15.851944444522644],[-16.49527777777672,15.85166666674479],[-16.496944444443727,15.851388888966937],[-16.495833333332428,15.850555555633377],[-16.49638888888802,15.849444444522192],[-16.49499999999881,15.848888888966485],[-16.49527777777672,15.848055555632925],[-16.495555555554574,15.848055555632925],[-16.495555555554574,15.847777777855129],[-16.495833333332428,15.847777777855129]],[[-16.495833333332428,15.846944444521569],[-16.496111111110167,15.846944444521569],[-16.496111111110167,15.846666666743715]]]}},{"type":"Feature","properties":{"OBJECTID":13163,"Id":13163,"Contour":10.0,"Shape_Leng":0.00604665366947},"geometry":{"type":"LineString","coordinates":[[-16.468888888881963,15.846527777854874],[-16.468055555548347,15.847500000077275],[-16.46861111110411,15.848055555632925],[-16.469722222215523,15.846944444521569],[-16.468888888881963,15.846527777854874]]}},{"type":"Feature","properties":{"OBJECTID":13164,"Id":13164,"Contour":5.0,"Shape_Leng":0.0351605267653},"geometry":{"type":"LineString","coordinates":[[-16.46638888888134,15.846666666743715],[-16.4672222222149,15.848888888966485],[-16.465833333325747,15.849444444522192],[-16.46499999999213,15.848055555632925],[-16.464166666658684,15.848333333410778],[-16.46388888888083,15.850277777855524],[-16.46277777776953,15.850555555633377],[-16.460833333324615,15.855555555634623],[-16.459999999991055,15.855555555634623],[-16.46166666665806,15.85166666674479],[-16.46130952198439,15.850476176021857],[-16.462222222213825,15.849722222300045],[-16.462222222213825,15.848888888966485],[-16.46127777946458,15.848722229081488],[-16.46111111110247,15.848333333410778],[-16.463333333325124,15.848888888966485],[-16.46527777777004,15.846805555632727],[-16.46638888888134,15.846666666743715]]}},{"type":"Feature","properties":{"OBJECTID":13165,"Id":13165,"Contour":20.0,"Shape_Leng":0.00098146351183},"geometry":{"type":"LineString","coordinates":[[-16.436666666652513,15.846666666743715],[-16.436944444430367,15.846805555632727],[-16.43708333331938,15.846666666743715],[-16.436944444430367,15.846574062848333],[-16.436666666652513,15.846666666743715]]}},{"type":"Feature","properties":{"OBJECTID":13175,"Id":13175,"Contour":0.0,"Shape_Leng":0.000277777777853},"geometry":{"type":"LineString","coordinates":[[-16.524444444449898,15.846388888965862],[-16.524444444449898,15.846666666743715]]}},{"type":"Feature","properties":{"OBJECTID":13176,"Id":13176,"Contour":10.0,"Shape_Leng":0.00618132276887},"geometry":{"type":"LineString","coordinates":[[-16.485555555552367,15.84625000007685],[-16.48472222221875,15.846944444521569],[-16.48444444444101,15.848333333410778],[-16.485277777774456,15.848333333410778],[-16.486111111108016,15.846944444521569],[-16.485555555552367,15.84625000007685]]}},{"type":"Feature","properties":{"OBJECTID":13177,"Id":13177,"Contour":10.0,"Shape_Leng":0.00248125400143},"geometry":{"type":"LineString","coordinates":[[-16.484166666663157,15.846111111188009],[-16.483749999996405,15.846666666743715],[-16.483888888885303,15.846944444521569],[-16.48444444444101,15.846944444521569],[-16.484166666663157,15.846111111188009]]}},{"type":"Feature","properties":{"OBJECTID":13178,"Id":13178,"Contour":5.0,"Shape_Leng":0.00166666666712},"geometry":{"type":"LineString","coordinates":[[-16.477222222217165,15.846388888965862],[-16.477222222217165,15.846666666743715],[-16.47694444443931,15.846944444521569],[-16.47694444443931,15.846666666743715],[-16.477222222217165,15.846388888965862]]}},{"type":"Feature","properties":{"OBJECTID":13179,"Id":13179,"Contour":10.0,"Shape_Leng":0.00161900753526},"geometry":{"type":"LineString","coordinates":[[-16.463333333325124,15.846111111188009],[-16.46305555554727,15.846111111188009],[-16.463333333325124,15.846666666743715],[-16.463472222214136,15.846527777854874],[-16.463333333325124,15.846111111188009]]}},{"type":"Feature","properties":{"OBJECTID":13180,"Id":13180,"Contour":15.0,"Shape_Leng":0.00895537635212},"geometry":{"type":"LineString","coordinates":[[-16.44611111109913,15.84629628507048],[-16.444444444432122,15.848888888966485],[-16.444888890572088,15.849555562414821],[-16.446759262073158,15.847222222299422],[-16.44611111109913,15.84629628507048]]}},{"type":"Feature","properties":{"OBJECTID":13181,"Id":13181,"Contour":10.0,"Shape_Leng":0.0379871954756},"geometry":{"type":"LineString","coordinates":[[-16.444444444432122,15.846388888965862],[-16.444999999987715,15.846944444521569],[-16.443472222209664,15.850277777855524],[-16.443888888876415,15.851111111189255],[-16.44478395248882,15.851049397864472],[-16.444833331625603,15.852055562415444],[-16.44319444443181,15.85388888896756],[-16.442499999987206,15.85750000007954],[-16.440555555542346,15.85666666674598],[-16.439999999986696,15.858055555635076],[-16.43935184901261,15.856388888968183],[-16.440555555542346,15.85444444452321],[-16.44097222220904,15.856250000079172],[-16.442083333320454,15.855833333412477],[-16.441666666653646,15.854722222301064],[-16.442986111098378,15.85166666674479],[-16.44215277776493,15.85048611118907],[-16.444444444432122,15.846388888965862]]}},{"type":"Feature","properties":{"OBJECTID":13184,"Id":13184,"Contour":5.0,"Shape_Leng":0.00208931800413},"geometry":{"type":"LineString","coordinates":[[-16.524444444449898,15.8461904907997],[-16.52375000000518,15.846527777854874],[-16.524444444449898,15.845925937305594]]}},{"type":"Feature","properties":{"OBJECTID":13185,"Id":13185,"Contour":0.0,"Shape_Leng":0.00238119212114},"geometry":{"type":"LineString","coordinates":[[-16.513333333336277,15.846111111188009],[-16.513888888891984,15.845972222299167],[-16.514166666669837,15.846388888965862],[-16.51361111111413,15.846597222299238],[-16.513333333336277,15.846111111188009]]}},{"type":"Feature","properties":{"OBJECTID":13186,"Id":13186,"Contour":5.0,"Shape_Leng":0.00464140850592},"geometry":{"type":"LineString","coordinates":[[-16.502500000000566,15.845833333410155],[-16.502222222222713,15.846666666743715],[-16.503333333334012,15.847222222299422],[-16.503333333334012,15.845833333410155],[-16.502500000000566,15.845833333410155]]}},{"type":"Feature","properties":{"OBJECTID":13187,"Id":13187,"Contour":5.0,"Shape_Leng":0.00166666666712},"geometry":{"type":"LineString","coordinates":[[-16.49388888888751,15.846111111188009],[-16.494444444443218,15.846111111188009],[-16.494444444443218,15.846388888965862],[-16.49388888888751,15.846388888965862],[-16.49388888888751,15.846111111188009]]}},{"type":"Feature","properties":{"OBJECTID":13188,"Id":13188,"Contour":10.0,"Shape_Leng":0.00795605396577},"geometry":{"type":"LineString","coordinates":[[-16.49249999999836,15.845833333410155],[-16.49212963104071,15.847407396181836],[-16.49111111110915,15.847777777855129],[-16.49127777947126,15.848444451303635],[-16.49277777777604,15.847777777855129],[-16.493194444442906,15.846388888965862],[-16.49249999999836,15.845833333410155]]}},{"type":"Feature","properties":{"OBJECTID":13189,"Id":13189,"Contour":5.0,"Shape_Leng":0.00091943015976},"geometry":{"type":"LineString","coordinates":[[-16.46194444443597,15.846018507292627],[-16.462083333324927,15.846111111188009],[-16.46194444443597,15.846388888965862],[-16.46185185325612,15.846203715083448],[-16.46194444443597,15.846018507292627]]}},{"type":"Feature","properties":{"OBJECTID":13193,"Id":13193,"Contour":5.0,"Shape_Leng":0.00566789707281},"geometry":{"type":"LineString","coordinates":[[-16.503888888889776,15.84569444452137],[-16.503333333334012,15.846666666743715],[-16.503333333334012,15.847500000077275],[-16.504861111112177,15.846666666743715],[-16.503888888889776,15.84569444452137]]}},{"type":"Feature","properties":{"OBJECTID":13194,"Id":13194,"Contour":5.0,"Shape_Leng":0.00268245951428},"geometry":{"type":"LineString","coordinates":[[-16.498055555555027,15.845555555632359],[-16.497499999999434,15.846111111188009],[-16.497777777777287,15.846388888965862],[-16.498333333332937,15.846111111188009],[-16.498055555555027,15.845555555632359]]}},{"type":"Feature","properties":{"OBJECTID":13195,"Id":13195,"Contour":5.0,"Shape_Leng":0.00340073352499},"geometry":{"type":"MultiLineString","coordinates":[[[-16.48777777777508,15.845833333410155],[-16.48777777777508,15.846111111188009]],[[-16.48777777777508,15.846111111188009],[-16.488611111108526,15.845833333410155],[-16.488888888886436,15.846111111188009],[-16.488611111108526,15.846388888965862],[-16.48777777777508,15.846111111188009]]]}},{"type":"Feature","properties":{"OBJECTID":13196,"Id":13196,"Contour":15.0,"Shape_Leng":0.00333333333424},"geometry":{"type":"LineString","coordinates":[[-16.460833333324615,15.845833333410155],[-16.460833333324615,15.846388888965862],[-16.460833333324615,15.846666666743715],[-16.46055555554676,15.846944444521569],[-16.46111111110247,15.846944444521569],[-16.460833333324615,15.845833333410155]]}},{"type":"Feature","properties":{"OBJECTID":13197,"Id":13197,"Contour":20.0,"Shape_Leng":0.00444444444565},"geometry":{"type":"MultiLineString","coordinates":[[[-16.453888888878623,15.845833333410155],[-16.453888888878623,15.846388888965862],[-16.453888888878623,15.846666666743715],[-16.45361111110077,15.846666666743715]],[[-16.45361111110077,15.846666666743715],[-16.453333333322917,15.847500000077275],[-16.45361111110077,15.847500000077275],[-16.45361111110077,15.846666666743715]],[[-16.45361111110077,15.846666666743715],[-16.453888888878623,15.845833333410155]]]}},{"type":"Feature","properties":{"OBJECTID":13198,"Id":13198,"Contour":10.0,"Shape_Leng":0.011542157392},"geometry":{"type":"LineString","coordinates":[[-16.42916666665093,15.845833333410155],[-16.428888888873075,15.846111111188009],[-16.428888888873075,15.846666666743715],[-16.428333333317426,15.847222222299422],[-16.428888888873075,15.848888888966485],[-16.428055555539572,15.849722222300045],[-16.4274074045656,15.848888888966485],[-16.427499999983866,15.846388888965862],[-16.42916666665093,15.845833333410155]]}},{"type":"Feature","properties":{"OBJECTID":13206,"Id":13206,"Contour":10.0,"Shape_Leng":0.00437908774653},"geometry":{"type":"LineString","coordinates":[[-16.464166666658684,15.845416666743517],[-16.463611111102978,15.846111111188009],[-16.464444444436538,15.846527777854874],[-16.46511110940793,15.845444437739502],[-16.464166666658684,15.845416666743517]]}},{"type":"Feature","properties":{"OBJECTID":13207,"Id":13207,"Contour":15.0,"Shape_Leng":0.000555555555593},"geometry":{"type":"LineString","coordinates":[[-16.456388888879076,15.845555555632359],[-16.456388888879076,15.845833333410155]]}},{"type":"Feature","properties":{"OBJECTID":13208,"Id":13208,"Contour":20.0,"Shape_Leng":0.0044272041505},"geometry":{"type":"MultiLineString","coordinates":[[[-16.426388888872395,15.845555555632359],[-16.426388888872395,15.845833333410155],[-16.426111111094713,15.845740729514773],[-16.4259722222057,15.845833333410155],[-16.4259722222057,15.845972222299167],[-16.42583333331686,15.846111111188009]],[[-16.42583333331686,15.846111111188009],[-16.42501320151125,15.846111111188009]],[[-16.42583333331686,15.846111111188009],[-16.426388888872395,15.846111111188009],[-16.426666666650306,15.845833333410155],[-16.426388888872395,15.845555555632359]]]}},{"type":"Feature","properties":{"OBJECTID":13214,"Id":13214,"Contour":0.0,"Shape_Leng":0.00336502462031},"geometry":{"type":"LineString","coordinates":[[-16.523333333338485,15.845138888965664],[-16.524166666672045,15.845555555632359],[-16.523333333338485,15.846203715083448],[-16.52305555556063,15.845833333410155],[-16.523333333338485,15.845138888965664]]}},{"type":"Feature","properties":{"OBJECTID":13215,"Id":13215,"Contour":20.0,"Shape_Leng":0.000555555555707},"geometry":{"type":"LineString","coordinates":[[-16.45444444443433,15.845277777854506],[-16.454722222212183,15.845277777854506]]}},{"type":"Feature","properties":{"OBJECTID":13216,"Id":13216,"Contour":5.0,"Shape_Leng":0.0272565825245},"geometry":{"type":"LineString","coordinates":[[-16.451666666655854,15.845185173959067],[-16.451666666655854,15.846666666743715],[-16.44666666665472,15.855555555634623],[-16.44666666665472,15.853333333411854],[-16.448333333321784,15.849722222300045],[-16.451666666655854,15.845185173959067]]}},{"type":"Feature","properties":{"OBJECTID":13217,"Id":13217,"Contour":20.0,"Shape_Leng":0.00117485863682},"geometry":{"type":"LineString","coordinates":[[-16.44999999998879,15.845277777854506],[-16.44972222221105,15.845555555632359],[-16.44999999998879,15.84569444452137],[-16.450092595407227,15.845555555632359],[-16.44999999998879,15.845277777854506]]}},{"type":"Feature","properties":{"OBJECTID":13218,"Id":13218,"Contour":5.0,"Shape_Leng":0.00111111111141},"geometry":{"type":"MultiLineString","coordinates":[[[-16.44777777776619,15.845277777854506],[-16.44777777776619,15.845555555632359]],[[-16.44777777776619,15.845555555632359],[-16.447499999988338,15.845555555632359]]]}},{"type":"Feature","properties":{"OBJECTID":13219,"Id":13219,"Contour":20.0,"Shape_Leng":0.00166666666712},"geometry":{"type":"LineString","coordinates":[[-16.430833333317935,15.845277777854506],[-16.431111111095788,15.845555555632359],[-16.43138888887364,15.845277777854506],[-16.430833333317935,15.845277777854506]]}},{"type":"Feature","properties":{"OBJECTID":13223,"Id":13223,"Contour":5.0,"Shape_Leng":0.00269604228728},"geometry":{"type":"LineString","coordinates":[[-16.514166666669837,15.844944458084456],[-16.513796296652515,15.845555555632359],[-16.51451388889211,15.845625000076836],[-16.51472222222543,15.845277777854506],[-16.514166666669837,15.844944458084456]]}},{"type":"Feature","properties":{"OBJECTID":13230,"Id":13230,"Contour":5.0,"Shape_Leng":0.00205950376789},"geometry":{"type":"LineString","coordinates":[[-16.479444444439878,15.844444444520946],[-16.479166666662024,15.844722222298799],[-16.47972222221773,15.845000000076652],[-16.47972222221773,15.844444444520946],[-16.479444444439878,15.844444444520946]]}},{"type":"Feature","properties":{"OBJECTID":13231,"Id":13231,"Contour":5.0,"Shape_Leng":0.00166666666689},"geometry":{"type":"LineString","coordinates":[[-16.458055555546252,15.844722222298799],[-16.458333333323992,15.844722222298799],[-16.458055555546252,15.845277777854506],[-16.458055555546252,15.844722222298799]]}},{"type":"Feature","properties":{"OBJECTID":13232,"Id":13232,"Contour":5.0,"Shape_Leng":0.000810143774234},"geometry":{"type":"LineString","coordinates":[[-16.45222222221156,15.844583333409958],[-16.45236111110046,15.844722222298799],[-16.45222222221156,15.84486111118781],[-16.45208333332255,15.844722222298799],[-16.45222222221156,15.844583333409958]]}},{"type":"Feature","properties":{"OBJECTID":13233,"Id":13233,"Contour":20.0,"Shape_Leng":0.00700948809454},"geometry":{"type":"LineString","coordinates":[[-16.443611111098505,15.844583333409958],[-16.442430555542785,15.846875000077034],[-16.44277777776506,15.847222222299422],[-16.44430555554311,15.845000000076652],[-16.443611111098505,15.844583333409958]]}},{"type":"Feature","properties":{"OBJECTID":13234,"Id":13234,"Contour":25.0,"Shape_Leng":0.0028843693374},"geometry":{"type":"LineString","coordinates":[[-16.439166666653136,15.844722222298799],[-16.438888888875283,15.845000000076652],[-16.43861111109743,15.845277777854506],[-16.439722222208843,15.844722222298799],[-16.439166666653136,15.844722222298799]]}},{"type":"Feature","properties":{"OBJECTID":13241,"Id":13241,"Contour":5.0,"Shape_Leng":0.0017340668581},"geometry":{"type":"LineString","coordinates":[[-16.513333333336277,15.844166666743092],[-16.513055555558367,15.844166666743092],[-16.513333333336277,15.844722222298799],[-16.51361111111413,15.844444444520946],[-16.513333333336277,15.844166666743092]]}},{"type":"Feature","properties":{"OBJECTID":13242,"Id":13242,"Contour":5.0,"Shape_Leng":0.00111111111153},"geometry":{"type":"MultiLineString","coordinates":[[[-16.49499999999881,15.844444444520946],[-16.49499999999881,15.844722222298799]],[[-16.49499999999881,15.844722222298799],[-16.49527777777672,15.844722222298799]]]}},{"type":"Feature","properties":{"OBJECTID":13243,"Id":13243,"Contour":15.0,"Shape_Leng":0.00111111111141},"geometry":{"type":"LineString","coordinates":[[-16.484999999996603,15.844444444520946],[-16.484999999996603,15.844722222298799],[-16.485277777774456,15.844444444520946],[-16.484999999996603,15.844444444520946]]}},{"type":"Feature","properties":{"OBJECTID":13244,"Id":13244,"Contour":5.0,"Shape_Leng":0.00111111111141},"geometry":{"type":"LineString","coordinates":[[-16.462222222213825,15.844444444520946],[-16.462499999991678,15.844444444520946],[-16.462222222213825,15.844722222298799],[-16.462222222213825,15.844444444520946]]}},{"type":"Feature","properties":{"OBJECTID":13245,"Id":13245,"Contour":10.0,"Shape_Leng":0.00363241988709},"geometry":{"type":"LineString","coordinates":[[-16.459999999991055,15.844305555632104],[-16.459444444435462,15.844722222298799],[-16.459444444435462,15.845277777854506],[-16.46055555554676,15.844722222298799],[-16.459999999991055,15.844305555632104]]}},{"type":"Feature","properties":{"OBJECTID":13246,"Id":13246,"Contour":10.0,"Shape_Leng":0.00341398658778},"geometry":{"type":"LineString","coordinates":[[-16.44555555554342,15.844305555632104],[-16.44645833332146,15.844652777854265],[-16.44620370651745,15.845370381749888],[-16.445416666654523,15.844722222298799],[-16.44555555554342,15.844305555632104]]}},{"type":"Feature","properties":{"OBJECTID":13247,"Id":13247,"Contour":10.0,"Shape_Leng":0.00315247733605},"geometry":{"type":"LineString","coordinates":[[-16.427499999983866,15.844351840625563],[-16.42819444442847,15.844722222298799],[-16.427592595402132,15.845370381749888],[-16.427222222206012,15.845000000076652],[-16.427499999983866,15.844351840625563]]}},{"type":"Feature","properties":{"OBJECTID":13255,"Id":13255,"Contour":0.0,"Shape_Leng":0.0015514646514},"geometry":{"type":"LineString","coordinates":[[-16.514166666669837,15.844166666743092],[-16.514444444447577,15.844166666743092],[-16.51458333333659,15.844444444520946],[-16.514166666669837,15.844583333409958],[-16.514166666669837,15.844166666743092]]}},{"type":"Feature","properties":{"OBJECTID":13256,"Id":13256,"Contour":10.0,"Shape_Leng":0.00158157665557},"geometry":{"type":"LineString","coordinates":[[-16.506944444445992,15.84402777785425],[-16.50666666666808,15.844166666743092],[-16.507222222223845,15.844444444520946],[-16.507222222223845,15.844166666743092],[-16.506944444445992,15.84402777785425]]}},{"type":"Feature","properties":{"OBJECTID":13257,"Id":13257,"Contour":10.0,"Shape_Leng":0.00552262623277},"geometry":{"type":"LineString","coordinates":[[-16.49277777777604,15.843888888965239],[-16.492083333331493,15.844722222298799],[-16.49305555555395,15.845833333410155],[-16.493333333331805,15.844166666743092],[-16.49277777777604,15.843888888965239]]}},{"type":"Feature","properties":{"OBJECTID":13258,"Id":13258,"Contour":10.0,"Shape_Leng":0.00850443995021},"geometry":{"type":"LineString","coordinates":[[-16.441111111098053,15.844166666743092],[-16.441527777764747,15.845833333410155],[-16.440555555542346,15.847638888966117],[-16.440370373182702,15.845833333410155],[-16.441111111098053,15.844166666743092]]}},{"type":"Feature","properties":{"OBJECTID":13265,"Id":13265,"Contour":5.0,"Shape_Leng":0.00380864831612},"geometry":{"type":"LineString","coordinates":[[-16.503611111111866,15.843888888965239],[-16.505000000001075,15.843750000076398],[-16.50513888889003,15.844166666743092],[-16.503888888889776,15.844166666743092],[-16.503611111111866,15.843888888965239]]}},{"type":"Feature","properties":{"OBJECTID":13266,"Id":13266,"Contour":5.0,"Shape_Leng":0.0043558494818},"geometry":{"type":"LineString","coordinates":[[-16.478611111106318,15.843611111187386],[-16.478333333328465,15.843611111187386],[-16.478333333328465,15.845000000076652],[-16.479166666662024,15.844722222298799],[-16.478611111106318,15.843611111187386]]}},{"type":"Feature","properties":{"OBJECTID":13277,"Id":13277,"Contour":5.0,"Shape_Leng":0.0022222222226},"geometry":{"type":"LineString","coordinates":[[-16.495833333332428,15.843611111187386],[-16.49638888888802,15.843888888965239],[-16.496111111110167,15.844166666743092],[-16.495833333332428,15.844166666743092],[-16.495833333332428,15.843611111187386]]}},{"type":"Feature","properties":{"OBJECTID":13278,"Id":13278,"Contour":5.0,"Shape_Leng":0.00111111111153},"geometry":{"type":"MultiLineString","coordinates":[[[-16.488611111108526,15.843611111187386],[-16.488888888886436,15.843611111187386]],[[-16.488888888886436,15.843611111187386],[-16.488888888886436,15.843888888965239]]]}},{"type":"Feature","properties":{"OBJECTID":13279,"Id":13279,"Contour":10.0,"Shape_Leng":0.00478446683024},"geometry":{"type":"LineString","coordinates":[[-16.464166666658684,15.84333333340959],[-16.463333333325124,15.844166666743092],[-16.463611111102978,15.844722222298799],[-16.46472222221439,15.843888888965239],[-16.464166666658684,15.84333333340959]]}},{"type":"Feature","properties":{"OBJECTID":13280,"Id":13280,"Contour":15.0,"Shape_Leng":0.00285826773599},"geometry":{"type":"LineString","coordinates":[[-16.447222222210485,15.843611111187386],[-16.446805555543733,15.843888888965239],[-16.44694444443263,15.844444444520946],[-16.44777777776619,15.843888888965239],[-16.447222222210485,15.843611111187386]]}},{"type":"Feature","properties":{"OBJECTID":13281,"Id":13281,"Contour":15.0,"Shape_Leng":0.123170176276},"geometry":{"type":"MultiLineString","coordinates":[[[-16.429999999984375,15.843472222298601],[-16.428611111095165,15.843888888965239],[-16.428611111095165,15.845000000076652],[-16.429999999984375,15.844444444520946],[-16.43129629345526,15.846388888965862],[-16.429722222206635,15.846666666743715],[-16.429444444428782,15.847500000077275],[-16.43006944442891,15.848888888966485],[-16.428888888873075,15.85222222230044],[-16.429583333317623,15.853055555634],[-16.426388888872395,15.853333333411854],[-16.425860242583852,15.855447918566622]],[[-16.42812374212623,15.858417776255838],[-16.429444444428782,15.85750000007954],[-16.428888888873075,15.856388888968183],[-16.427361111094854,15.85611111119033],[-16.428055555539572,15.855092603974299],[-16.42916666665093,15.855833333412477],[-16.430277777762228,15.854722222301064],[-16.43120370651411,15.85222222230044],[-16.43055555554008,15.850833333411401],[-16.432685182344414,15.849166666744338],[-16.43166666665138,15.847222222299422],[-16.43194444442929,15.845833333410155],[-16.433055555540705,15.845833333410155],[-16.43256944442942,15.844375000076639],[-16.430444446124284,15.844555562413802],[-16.429999999984375,15.843472222298601]]]}},{"type":"Feature","properties":{"OBJECTID":13287,"Id":13287,"Contour":5.0,"Shape_Leng":0.00317839317623},"geometry":{"type":"LineString","coordinates":[[-16.49111111110915,15.84333333340959],[-16.49194444444265,15.843611111187386],[-16.49194444444265,15.844166666743092],[-16.49111111110915,15.844166666743092],[-16.49111111110915,15.84333333340959]]}},{"type":"Feature","properties":{"OBJECTID":13288,"Id":13288,"Contour":10.0,"Shape_Leng":0.00170490542015},"geometry":{"type":"LineString","coordinates":[[-16.487222222219373,15.843055555631906],[-16.48712963103958,15.843425937305142],[-16.487499999997226,15.843611111187386],[-16.487499999997226,15.843055555631906],[-16.487222222219373,15.843055555631906]]}},{"type":"Feature","properties":{"OBJECTID":13289,"Id":13289,"Contour":15.0,"Shape_Leng":0.00716784041964},"geometry":{"type":"LineString","coordinates":[[-16.483888888885303,15.84333333340959],[-16.48268518659421,15.843888888965239],[-16.483222223913913,15.845111117969509],[-16.484166666663157,15.843888888965239],[-16.48472222221875,15.844166666743092],[-16.483888888885303,15.84333333340959]]}},{"type":"Feature","properties":{"OBJECTID":13290,"Id":13290,"Contour":10.0,"Shape_Leng":0.00548235724175},"geometry":{"type":"LineString","coordinates":[[-16.4672222222149,15.843194444520748],[-16.467098765895685,15.843734571745301],[-16.468888888881963,15.844166666743092],[-16.468888888881963,15.84333333340959],[-16.4672222222149,15.843194444520748]]}},{"type":"Feature","properties":{"OBJECTID":13291,"Id":13291,"Contour":5.0,"Shape_Leng":0.000555555555593},"geometry":{"type":"LineString","coordinates":[[-16.458333333323992,15.84333333340959],[-16.458333333323992,15.843611111187386]]}},{"type":"Feature","properties":{"OBJECTID":13292,"Id":13292,"Contour":5.0,"Shape_Leng":0.00137743602964},"geometry":{"type":"LineString","coordinates":[[-16.4491666666554,15.84333333340959],[-16.449444444433198,15.843611111187386],[-16.4491666666554,15.843750000076398],[-16.44902777776639,15.843611111187386],[-16.4491666666554,15.84333333340959]]}},{"type":"Feature","properties":{"OBJECTID":13293,"Id":13293,"Contour":10.0,"Shape_Leng":0.00155927855958},"geometry":{"type":"LineString","coordinates":[[-16.44472222220986,15.843194444520748],[-16.44472222220986,15.843611111187386],[-16.444444444432122,15.843750000076398],[-16.444382714153107,15.84354939786283],[-16.44472222220986,15.843194444520748]]}},{"type":"Feature","properties":{"OBJECTID":13294,"Id":13294,"Contour":10.0,"Shape_Leng":0.0181014569786},"geometry":{"type":"LineString","coordinates":[[-16.43472222220771,15.84333333340959],[-16.43527777776336,15.845000000076652],[-16.436527777763672,15.845000000076652],[-16.434444444429857,15.848333333410778],[-16.43416666665206,15.847222222299422],[-16.43527777776336,15.846111111188009],[-16.433472222207456,15.844166666743092],[-16.43455555384554,15.844277784635949],[-16.43472222220771,15.84333333340959]]}},{"type":"Feature","properties":{"OBJECTID":13298,"Id":13298,"Contour":5.0,"Shape_Leng":0.000555555555707},"geometry":{"type":"LineString","coordinates":[[-16.458888888879756,15.843055555631906],[-16.45916666665761,15.843055555631906]]}},{"type":"Feature","properties":{"OBJECTID":13299,"Id":13299,"Contour":15.0,"Shape_Leng":0.000555555555366},"geometry":{"type":"LineString","coordinates":[[-16.432222222207145,15.843055555631906],[-16.432222222207145,15.84333333340959]]}},{"type":"Feature","properties":{"OBJECTID":13305,"Id":13305,"Contour":5.0,"Shape_Leng":0.00863206805974},"geometry":{"type":"LineString","coordinates":[[-16.524826388894382,15.844062500076518],[-16.52500000000549,15.8425000000762],[-16.522916666671733,15.843194444520748],[-16.52250000000498,15.844722222298799],[-16.524722222227638,15.844523824132636]]}},{"type":"Feature","properties":{"OBJECTID":13306,"Id":13306,"Contour":5.0,"Shape_Leng":0.00359864149425},"geometry":{"type":"LineString","coordinates":[[-16.501666666667006,15.842777777854053],[-16.50194444444486,15.842777777854053],[-16.502500000000566,15.843611111187386],[-16.501865079668164,15.843690490799077],[-16.501666666667006,15.842777777854053]]}},{"type":"Feature","properties":{"OBJECTID":13307,"Id":13307,"Contour":5.0,"Shape_Leng":0.00238421558903},"geometry":{"type":"LineString","coordinates":[[-16.498333333332937,15.842638888965041],[-16.497777777777287,15.843055555631906],[-16.498055555555027,15.84333333340959],[-16.49861111111079,15.843055555631906],[-16.498333333332937,15.842638888965041]]}},{"type":"Feature","properties":{"OBJECTID":13308,"Id":13308,"Contour":5.0,"Shape_Leng":0.00222222222237},"geometry":{"type":"LineString","coordinates":[[-16.462499999991678,15.842777777854053],[-16.46277777776953,15.84333333340959],[-16.462499999991678,15.843611111187386],[-16.462499999991678,15.842777777854053]]}},{"type":"Feature","properties":{"OBJECTID":13309,"Id":13309,"Contour":10.0,"Shape_Leng":0.00122507813758},"geometry":{"type":"LineString","coordinates":[[-16.44416666665427,15.842777777854053],[-16.444484125760766,15.842738105002354],[-16.444444444432122,15.843055555631906],[-16.44416666665427,15.843055555631906],[-16.44416666665427,15.842777777854053]]}},{"type":"Feature","properties":{"OBJECTID":13310,"Id":13310,"Contour":15.0,"Shape_Leng":0.00111111111141},"geometry":{"type":"LineString","coordinates":[[-16.441666666653646,15.842777777854053],[-16.441666666653646,15.843055555631906],[-16.4419444444315,15.843055555631906],[-16.4419444444315,15.842777777854053],[-16.441666666653646,15.842777777854053]]}},{"type":"Feature","properties":{"OBJECTID":13311,"Id":13311,"Contour":20.0,"Shape_Leng":0.00111111111141},"geometry":{"type":"MultiLineString","coordinates":[[[-16.427222222206012,15.842777777854053],[-16.427222222206012,15.843055555631906]],[[-16.427222222206012,15.843055555631906],[-16.427499999983866,15.843055555631906]]]}},{"type":"Feature","properties":{"OBJECTID":13317,"Id":13317,"Contour":10.0,"Shape_Leng":0.00189678531265},"geometry":{"type":"LineString","coordinates":[[-16.504166666667572,15.842222222298346],[-16.503888888889776,15.8425000000762],[-16.504166666667572,15.842777777854053],[-16.504444444445312,15.8425000000762],[-16.504166666667572,15.842222222298346]]}},{"type":"Feature","properties":{"OBJECTID":13318,"Id":13318,"Contour":10.0,"Shape_Leng":0.00231818990305},"geometry":{"type":"LineString","coordinates":[[-16.493333333331805,15.842361111187188],[-16.49296296437427,15.842777777854053],[-16.493333333331805,15.843194444520748],[-16.493611111109658,15.843055555631906],[-16.493333333331805,15.842361111187188]]}},{"type":"Feature","properties":{"OBJECTID":13323,"Id":13323,"Contour":20.0,"Shape_Leng":0.0189106937182},"geometry":{"type":"LineString","coordinates":[[-16.439722222208843,15.842222222298346],[-16.43861111109743,15.8425000000762],[-16.439166666653136,15.843888888965239],[-16.438055555541666,15.844166666743092],[-16.43749999998613,15.846388888965862],[-16.43861111109743,15.846666666743715],[-16.438333333319576,15.848055555632925],[-16.43861111109743,15.848194444521766],[-16.439305555541978,15.847222222299422],[-16.43861111109743,15.846111111188009],[-16.439722222208843,15.845833333410155],[-16.440555555542346,15.843055555631906],[-16.439722222208843,15.842222222298346]]}},{"type":"Feature","properties":{"OBJECTID":13324,"Id":13324,"Contour":15.0,"Shape_Leng":0.00223677068524},"geometry":{"type":"LineString","coordinates":[[-16.43499999998545,15.842222222298346],[-16.43462962678933,15.8426851739585],[-16.43499999998545,15.843055555631906],[-16.435138888874462,15.842777777854053],[-16.43499999998545,15.842222222298346]]}},{"type":"Feature","properties":{"OBJECTID":13325,"Id":13325,"Contour":10.0,"Shape_Leng":0.00245303770332},"geometry":{"type":"LineString","coordinates":[[-16.430833333317935,15.842222222298346],[-16.43166666665138,15.8425000000762],[-16.43166666665138,15.842777777854053],[-16.431111111095788,15.842777777854053],[-16.430833333317935,15.842222222298346]]}},{"type":"Feature","properties":{"OBJECTID":13331,"Id":13331,"Contour":5.0,"Shape_Leng":0.000937837638101},"geometry":{"type":"LineString","coordinates":[[-16.52500000000549,15.841805555631481],[-16.52486111111665,15.841944444520493],[-16.52500000000549,15.842222222298346],[-16.52504629612514,15.841944444520493],[-16.52500000000549,15.841805555631481]]}},{"type":"Feature","properties":{"OBJECTID":13332,"Id":13332,"Contour":10.0,"Shape_Leng":0.00141535457145},"geometry":{"type":"LineString","coordinates":[[-16.50527777777893,15.84166666674264],[-16.50513888889003,15.841944444520493],[-16.50527777777893,15.842222222298346],[-16.505555555556782,15.841944444520493],[-16.50527777777893,15.84166666674264]]}},{"type":"Feature","properties":{"OBJECTID":13333,"Id":13333,"Contour":5.0,"Shape_Leng":0.00111111111141},"geometry":{"type":"LineString","coordinates":[[-16.49194444444265,15.841944444520493],[-16.492222222220505,15.841944444520493],[-16.492222222220505,15.842222222298346],[-16.49194444444265,15.842222222298346],[-16.49194444444265,15.841944444520493]]}},{"type":"Feature","properties":{"OBJECTID":13334,"Id":13334,"Contour":10.0,"Shape_Leng":0.0017407901581},"geometry":{"type":"LineString","coordinates":[[-16.48777777777508,15.84166666674264],[-16.487499999997226,15.84166666674264],[-16.487499999997226,15.842222222298346],[-16.487888887190763,15.84205556241335],[-16.48777777777508,15.84166666674264]]}},{"type":"Feature","properties":{"OBJECTID":13335,"Id":13335,"Contour":5.0,"Shape_Leng":0.00339149519578},"geometry":{"type":"LineString","coordinates":[[-16.481944444440387,15.841944444520493],[-16.482638888884992,15.842222222298346],[-16.482592591175887,15.842870381749435],[-16.481666666662534,15.8425000000762],[-16.481944444440387,15.841944444520493]]}},{"type":"Feature","properties":{"OBJECTID":13336,"Id":13336,"Contour":15.0,"Shape_Leng":0.0370385372475},"geometry":{"type":"LineString","coordinates":[[-16.454722222212183,15.841944444520493],[-16.451944444433707,15.847500000077275],[-16.451944444433707,15.848611111188632],[-16.45111111110026,15.849166666744338],[-16.451666666655854,15.850833333411401],[-16.449444444433198,15.852500000078294],[-16.44952380709043,15.854365064911747],[-16.4502777777667,15.854166666745414],[-16.45294444612938,15.848499993295775],[-16.45533333671426,15.845611097624499],[-16.45486111110108,15.844305555632104],[-16.455555555545686,15.843611111187386],[-16.454722222212183,15.844166666743092],[-16.454166666656477,15.843055555631906],[-16.455740737905217,15.8425000000762],[-16.454722222212183,15.841944444520493]]}},{"type":"Feature","properties":{"OBJECTID":13337,"Id":13337,"Contour":15.0,"Shape_Leng":0.00494721377248},"geometry":{"type":"LineString","coordinates":[[-16.432499999984998,15.841944444520493],[-16.43277777776285,15.843055555631906],[-16.43416666665206,15.8425000000762],[-16.43388888887415,15.841944444520493],[-16.432499999984998,15.841944444520493]]}},{"type":"Feature","properties":{"OBJECTID":13343,"Id":13343,"Contour":5.0,"Shape_Leng":0.00703882308388},"geometry":{"type":"LineString","coordinates":[[-16.52277777778272,15.841527777853628],[-16.522083333338173,15.841944444520493],[-16.521944444449332,15.843611111187386],[-16.523611111116338,15.842777777854053],[-16.52277777778272,15.841527777853628]]}},{"type":"Feature","properties":{"OBJECTID":13344,"Id":13344,"Contour":10.0,"Shape_Leng":0.00298315398265},"geometry":{"type":"MultiLineString","coordinates":[[[-16.469166666659817,15.84166666674264],[-16.468888888881963,15.842222222298346],[-16.46861111110411,15.842222222298346]],[[-16.46861111110411,15.842222222298346],[-16.468333333326257,15.842222222298346]],[[-16.46861111110411,15.842222222298346],[-16.46861111110411,15.841944444520493],[-16.469166666659817,15.84166666674264]]]}},{"type":"Feature","properties":{"OBJECTID":13345,"Id":13345,"Contour":10.0,"Shape_Leng":0.0512387408839},"geometry":{"type":"LineString","coordinates":[[-16.459999999991055,15.841527777853628],[-16.459722222213202,15.84333333340959],[-16.46055555554676,15.845277777854506],[-16.458888888879756,15.846111111188009],[-16.458611111101845,15.847777777855129],[-16.456388888879076,15.846944444521569],[-16.45694444443484,15.848611111188632],[-16.45583333332354,15.849166666744338],[-16.451944444433707,15.857222222301687],[-16.452777777767267,15.858055555635076],[-16.455694444434528,15.854722222301064],[-16.457083333323794,15.851388888966937],[-16.458055555546252,15.851111111189255],[-16.458611111101845,15.848333333410778],[-16.46027777776891,15.848333333410778],[-16.461507937104898,15.847063496984731],[-16.46194444443597,15.84333333340959],[-16.46111111110247,15.841388888964843],[-16.459999999991055,15.841527777853628]]}},{"type":"Feature","properties":{"OBJECTID":13346,"Id":13346,"Contour":10.0,"Shape_Leng":0.00247653836412},"geometry":{"type":"LineString","coordinates":[[-16.453888888878623,15.841574062847258],[-16.45433333501859,15.841500006857473],[-16.454537039852596,15.84166666674264],[-16.453888888878623,15.842152777853869],[-16.453888888878623,15.841574062847258]]}},{"type":"Feature","properties":{"OBJECTID":13347,"Id":13347,"Contour":10.0,"Shape_Leng":0.00503206643779},"geometry":{"type":"MultiLineString","coordinates":[[[-16.43611111109692,15.84166666674264],[-16.436388888874774,15.84166666674264]],[[-16.436388888874774,15.84166666674264],[-16.436666666652513,15.84166666674264]],[[-16.436666666652513,15.84166666674264],[-16.436944444430367,15.84166666674264]],[[-16.436388888874774,15.84166666674264],[-16.436388888874774,15.842222222298346],[-16.436666666652513,15.8425000000762],[-16.436499998290458,15.84288889574674],[-16.43569444443017,15.842777777854053],[-16.43611111109692,15.84166666674264]]]}},{"type":"Feature","properties":{"OBJECTID":13354,"Id":13354,"Contour":5.0,"Shape_Leng":0.00222222222283},"geometry":{"type":"LineString","coordinates":[[-16.51027777778006,15.841388888964843],[-16.510555555557914,15.84166666674264],[-16.51000000000215,15.841944444520493],[-16.51000000000215,15.84166666674264],[-16.51027777778006,15.841388888964843]]}},{"type":"Feature","properties":{"OBJECTID":13355,"Id":13355,"Contour":5.0,"Shape_Leng":0.00151917915502},"geometry":{"type":"LineString","coordinates":[[-16.501111111111356,15.841250000075831],[-16.501388888889096,15.841388888964843],[-16.500833333333503,15.84166666674264],[-16.5009722222224,15.841388888964843],[-16.501111111111356,15.841250000075831]]}},{"type":"Feature","properties":{"OBJECTID":13356,"Id":13356,"Contour":5.0,"Shape_Leng":0.00962359752548},"geometry":{"type":"LineString","coordinates":[[-16.471111111104676,15.841388888964843],[-16.472638888882784,15.843055555631906],[-16.471666666660326,15.842777777854053],[-16.470555555549026,15.844444444520946],[-16.471111111104676,15.841388888964843]]}},{"type":"Feature","properties":{"OBJECTID":13363,"Id":13363,"Contour":5.0,"Shape_Leng":0.00559725275887},"geometry":{"type":"LineString","coordinates":[[-16.494444444443218,15.84111111118699],[-16.495555555554574,15.841944444520493],[-16.49499999999881,15.842777777854053],[-16.494166666665365,15.842222222298346],[-16.494444444443218,15.84111111118699]]}},{"type":"Feature","properties":{"OBJECTID":13364,"Id":13364,"Contour":5.0,"Shape_Leng":0.00166666666678},"geometry":{"type":"LineString","coordinates":[[-16.46472222221439,15.84111111118699],[-16.46499999999213,15.84111111118699],[-16.46499999999213,15.84166666674264],[-16.46472222221439,15.84166666674264],[-16.46472222221439,15.84111111118699]]}},{"type":"Feature","properties":{"OBJECTID":13373,"Id":13373,"Contour":5.0,"Shape_Leng":0.00187204287132},"geometry":{"type":"LineString","coordinates":[[-16.507222222223845,15.840833333409137],[-16.50750000000164,15.84111111118699],[-16.506944444445992,15.841388888964843],[-16.506944444445992,15.84111111118699],[-16.507222222223845,15.840833333409137]]}},{"type":"Feature","properties":{"OBJECTID":13374,"Id":13374,"Contour":10.0,"Shape_Leng":0.00268918281447},"geometry":{"type":"LineString","coordinates":[[-16.46111111110247,15.840555555631283],[-16.460972222213513,15.841250000075831],[-16.46138888888032,15.841388888964843],[-16.46166666665806,15.840555555631283],[-16.46111111110247,15.840555555631283]]}},{"type":"Feature","properties":{"OBJECTID":13375,"Id":13375,"Contour":10.0,"Shape_Leng":0.00189678531295},"geometry":{"type":"LineString","coordinates":[[-16.432222222207145,15.840833333409137],[-16.432499999984998,15.840833333409137],[-16.43277777776285,15.84111111118699],[-16.432222222207145,15.841388888964843],[-16.432222222207145,15.840833333409137]]}},{"type":"Feature","properties":{"OBJECTID":13382,"Id":13382,"Contour":0.0,"Shape_Leng":0.00241081241676},"geometry":{"type":"LineString","coordinates":[[-16.524722222227638,15.840486111186749],[-16.52506944444997,15.840833333409137],[-16.524444444449898,15.841388888964843],[-16.52453703721909,15.840648159526665],[-16.524722222227638,15.840486111186749]]}},{"type":"Feature","properties":{"OBJECTID":13383,"Id":13383,"Contour":5.0,"Shape_Leng":0.00111111111119},"geometry":{"type":"MultiLineString","coordinates":[[[-16.504166666667572,15.840555555631283],[-16.504166666667572,15.840833333409137]],[[-16.504166666667572,15.840833333409137],[-16.504444444445312,15.840833333409137]]]}},{"type":"Feature","properties":{"OBJECTID":13384,"Id":13384,"Contour":10.0,"Shape_Leng":0.0101338995012},"geometry":{"type":"LineString","coordinates":[[-16.46861111110411,15.84027777785343],[-16.467388890577013,15.842333340191203],[-16.46944444443767,15.843611111187386],[-16.470138888882275,15.841944444520493],[-16.46861111110411,15.84027777785343]]}},{"type":"Feature","properties":{"OBJECTID":13385,"Id":13385,"Contour":10.0,"Shape_Leng":0.00763522961604},"geometry":{"type":"LineString","coordinates":[[-16.4577777777684,15.84027777785343],[-16.45694444443484,15.84111111118699],[-16.457407404572166,15.842314826193729],[-16.45916666665761,15.84111111118699],[-16.45916666665761,15.84027777785343],[-16.4577777777684,15.84027777785343]]}},{"type":"Feature","properties":{"OBJECTID":13388,"Id":13388,"Contour":5.0,"Shape_Leng":0.00253424560597},"geometry":{"type":"LineString","coordinates":[[-16.502500000000566,15.84027777785343],[-16.50277777777842,15.840138888964589],[-16.503333333334012,15.84027777785343],[-16.50277777777842,15.840833333409137],[-16.502500000000566,15.84027777785343]]}},{"type":"Feature","properties":{"OBJECTID":13389,"Id":13389,"Contour":10.0,"Shape_Leng":0.00159854109479},"geometry":{"type":"LineString","coordinates":[[-16.46166666665806,15.840138888964589],[-16.46138888888032,15.84027777785343],[-16.46138888888032,15.840555555631283],[-16.46194444443597,15.84027777785343],[-16.46166666665806,15.840138888964589]]}},{"type":"Feature","properties":{"OBJECTID":13390,"Id":13390,"Contour":10.0,"Shape_Leng":0.00192064669671},"geometry":{"type":"LineString","coordinates":[[-16.46027777776891,15.840138888964589],[-16.459999999991055,15.840555555631283],[-16.46027777776891,15.840833333409137],[-16.46055555554676,15.840555555631283],[-16.46027777776891,15.840138888964589]]}},{"type":"Feature","properties":{"OBJECTID":13391,"Id":13391,"Contour":15.0,"Shape_Leng":0.0242364683824},"geometry":{"type":"MultiLineString","coordinates":[[[-16.453888888878623,15.84027777785343],[-16.45361111110077,15.840555555631283],[-16.45361111110077,15.84111111118699],[-16.45361111110077,15.841388888964843]],[[-16.45361111110077,15.841388888964843],[-16.453055555545006,15.841296285069234],[-16.45222222221156,15.841944444520493],[-16.451944444433707,15.843055555631906],[-16.450555555544554,15.84333333340959],[-16.44888888887749,15.845416666743517],[-16.449246029312746,15.846746046355236],[-16.44777777776619,15.847222222299422],[-16.44926470437514,15.8473202515421],[-16.451527777767012,15.843472222298601],[-16.453333333322917,15.8425000000762],[-16.453055555545006,15.84166666674264],[-16.45361111110077,15.841388888964843]],[[-16.45361111110077,15.841388888964843],[-16.453888888878623,15.84027777785343]]]}},{"type":"Feature","properties":{"OBJECTID":13392,"Id":13392,"Contour":15.0,"Shape_Leng":0.00159854109471},"geometry":{"type":"LineString","coordinates":[[-16.429722222206635,15.840000000075577],[-16.429999999984375,15.84027777785343],[-16.429583333317623,15.840416666742271],[-16.429444444428782,15.84027777785343],[-16.429722222206635,15.840000000075577]]}},{"type":"Feature","properties":{"OBJECTID":13398,"Id":13398,"Contour":5.0,"Shape_Leng":0.00300789642413},"geometry":{"type":"LineString","coordinates":[[-16.47749999999502,15.839722222297723],[-16.477222222217165,15.84027777785343],[-16.47805555555061,15.840555555631283],[-16.47805555555061,15.839722222297723],[-16.47749999999502,15.839722222297723]]}},{"type":"Feature","properties":{"OBJECTID":13399,"Id":13399,"Contour":5.0,"Shape_Leng":0.00312540599752},"geometry":{"type":"LineString","coordinates":[[-16.475555555550102,15.839722222297723],[-16.47527777777225,15.84027777785343],[-16.476388888883662,15.84027777785343],[-16.476388888883662,15.840000000075577],[-16.475555555550102,15.839722222297723]]}},{"type":"Feature","properties":{"OBJECTID":13400,"Id":13400,"Contour":10.0,"Shape_Leng":0.00181063912286},"geometry":{"type":"LineString","coordinates":[[-16.46861111110411,15.839722222297723],[-16.468518519924316,15.840092603970959],[-16.468888888881963,15.84027777785343],[-16.468999998297704,15.83988888218272],[-16.46861111110411,15.839722222297723]]}},{"type":"Feature","properties":{"OBJECTID":13401,"Id":13401,"Contour":10.0,"Shape_Leng":0.00488737057133},"geometry":{"type":"LineString","coordinates":[[-16.440277777764436,15.840000000075577],[-16.44174602931099,15.84019839824174],[-16.4419444444315,15.840555555631283],[-16.441111111098053,15.84111111118699],[-16.440277777764436,15.840000000075577]]}},{"type":"Feature","properties":{"OBJECTID":13410,"Id":13410,"Contour":10.0,"Shape_Leng":0.00172675461737},"geometry":{"type":"LineString","coordinates":[[-16.5252777777834,15.839375000075393],[-16.525185185014152,15.83944444451987],[-16.5252777777834,15.840000000075577],[-16.525555555561255,15.83944444451987],[-16.5252777777834,15.839375000075393]]}},{"type":"Feature","properties":{"OBJECTID":13411,"Id":13411,"Contour":5.0,"Shape_Leng":0.00222222222249},"geometry":{"type":"LineString","coordinates":[[-16.499166666666497,15.839166666742074],[-16.498888888888644,15.839166666742074],[-16.498888888888644,15.839722222297723],[-16.499444444444237,15.839722222297723],[-16.499166666666497,15.839166666742074]]}},{"type":"Feature","properties":{"OBJECTID":13418,"Id":13418,"Contour":0.0,"Shape_Leng":0.00166666666712},"geometry":{"type":"LineString","coordinates":[[-16.473611111105186,15.839166666742074],[-16.47416666666095,15.839166666742074],[-16.473888888883096,15.83944444451987],[-16.473611111105186,15.839166666742074]]}},{"type":"Feature","properties":{"OBJECTID":13419,"Id":13419,"Contour":10.0,"Shape_Leng":0.00199137819541},"geometry":{"type":"LineString","coordinates":[[-16.459444444435462,15.83888888896422],[-16.45930555554645,15.839305555630858],[-16.459999999991055,15.839166666742074],[-16.459722222213202,15.83888888896422],[-16.459444444435462,15.83888888896422]]}},{"type":"Feature","properties":{"OBJECTID":13420,"Id":13420,"Contour":10.0,"Shape_Leng":0.0036759601702},"geometry":{"type":"LineString","coordinates":[[-16.458611111101845,15.839027777853232],[-16.458055555546252,15.83944444451987],[-16.458888888879756,15.84027777785343],[-16.45916666665761,15.839166666742074],[-16.458611111101845,15.839027777853232]]}},{"type":"Feature","properties":{"OBJECTID":13421,"Id":13421,"Contour":10.0,"Shape_Leng":0.00610158247338},"geometry":{"type":"LineString","coordinates":[[-16.454999999989923,15.839166666742074],[-16.455694444434528,15.839166666742074],[-16.455277777767776,15.840555555631283],[-16.454166666656477,15.84111111118699],[-16.454999999989923,15.839166666742074]]}},{"type":"Feature","properties":{"OBJECTID":13422,"Id":13422,"Contour":10.0,"Shape_Leng":0.00166666666712},"geometry":{"type":"MultiLineString","coordinates":[[[-16.453333333322917,15.839166666742074],[-16.45361111110077,15.83944444451987],[-16.453333333322917,15.83944444451987]],[[-16.453333333322917,15.83944444451987],[-16.453055555545006,15.83944444451987]],[[-16.453333333322917,15.83944444451987],[-16.453333333322917,15.839166666742074]]]}},{"type":"Feature","properties":{"OBJECTID":13423,"Id":13423,"Contour":10.0,"Shape_Leng":0.00486125198236},"geometry":{"type":"LineString","coordinates":[[-16.435555555541214,15.839166666742074],[-16.436527777763672,15.839722222297723],[-16.43611111109692,15.840833333409137],[-16.435722223903383,15.84066667352414],[-16.435555555541214,15.839166666742074]]}},{"type":"Feature","properties":{"OBJECTID":13428,"Id":13428,"Contour":5.0,"Shape_Leng":0.00855010596468},"geometry":{"type":"LineString","coordinates":[[-16.516111111114697,15.838611111186367],[-16.515138888892125,15.83944444451987],[-16.515277777781137,15.842222222298346],[-16.515648147798345,15.841944444520493],[-16.516111111114697,15.838611111186367]]}},{"type":"Feature","properties":{"OBJECTID":13429,"Id":13429,"Contour":10.0,"Shape_Leng":0.00252646731135},"geometry":{"type":"LineString","coordinates":[[-16.488611111108526,15.838611111186367],[-16.488333333330672,15.838611111186367],[-16.48805555555282,15.839166666742074],[-16.488888888886436,15.83888888896422],[-16.488611111108526,15.838611111186367]]}},{"type":"Feature","properties":{"OBJECTID":13436,"Id":13436,"Contour":5.0,"Shape_Leng":0.00166666666712},"geometry":{"type":"LineString","coordinates":[[-16.511111111113507,15.838611111186367],[-16.51138888889136,15.838611111186367],[-16.511666666669214,15.83888888896422],[-16.511111111113507,15.83888888896422],[-16.511111111113507,15.838611111186367]]}},{"type":"Feature","properties":{"OBJECTID":13437,"Id":13437,"Contour":10.0,"Shape_Leng":0.00461976982685},"geometry":{"type":"LineString","coordinates":[[-16.489166666664232,15.838333333408514],[-16.488981480066172,15.839166666742074],[-16.489722222219882,15.840000000075577],[-16.489999999997735,15.83888888896422],[-16.489166666664232,15.838333333408514]]}},{"type":"Feature","properties":{"OBJECTID":13438,"Id":13438,"Contour":15.0,"Shape_Leng":0.00384528353433},"geometry":{"type":"MultiLineString","coordinates":[[[-16.440555555542346,15.838611111186367],[-16.439999999986696,15.83888888896422],[-16.439999999986696,15.839166666742074]],[[-16.439999999986696,15.839166666742074],[-16.439722222208843,15.839166666742074]],[[-16.439999999986696,15.839166666742074],[-16.4408333333202,15.839166666742074],[-16.441249999986894,15.838611111186367],[-16.440555555542346,15.838611111186367]]]}},{"type":"Feature","properties":{"OBJECTID":13441,"Id":13441,"Contour":5.0,"Shape_Leng":0.00189678531275},"geometry":{"type":"LineString","coordinates":[[-16.47444444443863,15.83805555563066],[-16.47416666666095,15.838333333408514],[-16.47444444443863,15.838611111186367],[-16.474722222216542,15.838333333408514],[-16.47444444443863,15.83805555563066]]}},{"type":"Feature","properties":{"OBJECTID":13442,"Id":13442,"Contour":15.0,"Shape_Leng":0.00111111111141},"geometry":{"type":"MultiLineString","coordinates":[[[-16.4577777777684,15.838333333408514],[-16.4577777777684,15.838611111186367]],[[-16.4577777777684,15.838611111186367],[-16.457499999990546,15.838611111186367]]]}},{"type":"Feature","properties":{"OBJECTID":13443,"Id":13443,"Contour":10.0,"Shape_Leng":0.00127741871805},"geometry":{"type":"LineString","coordinates":[[-16.436666666652513,15.838333333408514],[-16.436944444430367,15.838333333408514],[-16.437000003376795,15.838666653178507],[-16.436666666652513,15.838611111186367],[-16.436666666652513,15.838333333408514]]}},{"type":"Feature","properties":{"OBJECTID":13451,"Id":13451,"Contour":5.0,"Shape_Leng":0.00653834673253},"geometry":{"type":"LineString","coordinates":[[-16.5252777777834,15.837962951735278],[-16.524629629458445,15.838518507290985],[-16.5252777777834,15.840416666742271],[-16.525694444450096,15.83944444451987],[-16.5252777777834,15.837962951735278]]}},{"type":"Feature","properties":{"OBJECTID":13452,"Id":13452,"Contour":5.0,"Shape_Leng":0.00160220385896},"geometry":{"type":"LineString","coordinates":[[-16.516111111114697,15.837986111186183],[-16.515833333336843,15.83805555563066],[-16.516111111114697,15.838611111186367],[-16.516157407764126,15.838333333408514],[-16.516111111114697,15.837986111186183]]}},{"type":"Feature","properties":{"OBJECTID":13453,"Id":13453,"Contour":5.0,"Shape_Leng":0.000555555555707},"geometry":{"type":"LineString","coordinates":[[-16.511666666669214,15.83805555563066],[-16.511666666669214,15.838333333408514]]}},{"type":"Feature","properties":{"OBJECTID":13454,"Id":13454,"Contour":5.0,"Shape_Leng":0.0059483926576},"geometry":{"type":"LineString","coordinates":[[-16.498055555555027,15.837777777852807],[-16.497499999999434,15.839166666742074],[-16.498333333332937,15.839722222297723],[-16.49861111111079,15.839166666742074],[-16.498055555555027,15.837777777852807]]}},{"type":"Feature","properties":{"OBJECTID":13455,"Id":13455,"Contour":15.0,"Shape_Leng":0.116791013991},"geometry":{"type":"LineString","coordinates":[[-16.438055555541666,15.83805555563066],[-16.43749999998613,15.838611111186367],[-16.438333333319576,15.838333333408514],[-16.438333333319576,15.83888888896422],[-16.4368518490121,15.84027777785343],[-16.4379629601234,15.841944444520493],[-16.436805555541525,15.844444444520946],[-16.436944444430367,15.846111111188009],[-16.43499999998545,15.848888888966485],[-16.43569444443017,15.850000000077898],[-16.43499999998545,15.850833333411401],[-16.43416666665206,15.848888888966485],[-16.433240737900178,15.849074062848956],[-16.432083333318246,15.854166666745414],[-16.43277777776285,15.85444444452321],[-16.43499999998545,15.851111111189255],[-16.436666666652513,15.85222222230044],[-16.43871212428104,15.850378791039304],[-16.441249999986894,15.841805555631481],[-16.442361111098194,15.841805555631481],[-16.443055555542912,15.8425000000762],[-16.442499999987206,15.843055555631906],[-16.443611111098505,15.84333333340959],[-16.442222222209352,15.844166666743092],[-16.441666666653646,15.848888888966485],[-16.440555555542346,15.850277777855524],[-16.439583333319888,15.850277777855524],[-16.439791666653264,15.85222222230044],[-16.436944444430367,15.85611111119033],[-16.438333333319576,15.857870364798544],[-16.44063491819969,15.852301601911961],[-16.442361111098194,15.851388888966937],[-16.441666666653646,15.850277777855524],[-16.442499999987206,15.847777777855129],[-16.444861111098874,15.845277777854506],[-16.44383838228464,15.842727288216338],[-16.44527777776557,15.842222222298346],[-16.444444444432122,15.840555555631283],[-16.44472222220986,15.83888888896422],[-16.443611111098505,15.839166666742074],[-16.44312499998739,15.84145833340932],[-16.440277777764436,15.841805555631481],[-16.439722222208843,15.840555555631283],[-16.438055555541666,15.840833333409137],[-16.439097222208716,15.83888888896422],[-16.438055555541666,15.83805555563066]]}},{"type":"Feature","properties":{"OBJECTID":13464,"Id":13464,"Contour":5.0,"Shape_Leng":0.000555555555707},"geometry":{"type":"LineString","coordinates":[[-16.511944444447067,15.837777777852807],[-16.51222222222492,15.837777777852807]]}},{"type":"Feature","properties":{"OBJECTID":13465,"Id":13465,"Contour":5.0,"Shape_Leng":0.00543269376394},"geometry":{"type":"LineString","coordinates":[[-16.503611111111866,15.837777777852807],[-16.504444444445312,15.838333333408514],[-16.50305555555616,15.83944444451987],[-16.50305555555616,15.83888888896422],[-16.503611111111866,15.837777777852807]]}},{"type":"Feature","properties":{"OBJECTID":13466,"Id":13466,"Contour":10.0,"Shape_Leng":0.00239795665702},"geometry":{"type":"LineString","coordinates":[[-16.502500000000566,15.837638888963966],[-16.502222222222713,15.83805555563066],[-16.50277777777842,15.838333333408514],[-16.50305555555616,15.837777777852807],[-16.502500000000566,15.837638888963966]]}},{"type":"Feature","properties":{"OBJECTID":13467,"Id":13467,"Contour":5.0,"Shape_Leng":0.00222222222283},"geometry":{"type":"LineString","coordinates":[[-16.49305555555395,15.837777777852807],[-16.493611111109658,15.837777777852807],[-16.493333333331805,15.838333333408514],[-16.49305555555395,15.838333333408514],[-16.49305555555395,15.837777777852807]]}},{"type":"Feature","properties":{"OBJECTID":13468,"Id":13468,"Contour":15.0,"Shape_Leng":0.00111111111119},"geometry":{"type":"LineString","coordinates":[[-16.454722222212183,15.837777777852807],[-16.454722222212183,15.83805555563066],[-16.454999999989923,15.837777777852807],[-16.454722222212183,15.837777777852807]]}},{"type":"Feature","properties":{"OBJECTID":13469,"Id":13469,"Contour":15.0,"Shape_Leng":0.0186505935084},"geometry":{"type":"LineString","coordinates":[[-16.44805555554393,15.837777777852807],[-16.447222222210485,15.839722222297723],[-16.44777777776619,15.84111111118699],[-16.44555555554342,15.84333333340959],[-16.448425928740164,15.8425000000762],[-16.44805555554393,15.84111111118699],[-16.449444444433198,15.839722222297723],[-16.4491666666554,15.838333333408514],[-16.44805555554393,15.837777777852807]]}},{"type":"Feature","properties":{"OBJECTID":13470,"Id":13470,"Contour":10.0,"Shape_Leng":0.00111111111141},"geometry":{"type":"MultiLineString","coordinates":[[[-16.438888888875283,15.837777777852807],[-16.439166666653136,15.837777777852807]],[[-16.439166666653136,15.837777777852807],[-16.439166666653136,15.83805555563066]]]}},{"type":"Feature","properties":{"OBJECTID":13471,"Id":13471,"Contour":15.0,"Shape_Leng":0.00673738909222},"geometry":{"type":"LineString","coordinates":[[-16.429722222206635,15.837638888963966],[-16.431249999984686,15.839166666742074],[-16.430833333317935,15.839722222297723],[-16.430277777762228,15.839722222297723],[-16.429722222206635,15.837638888963966]]}},{"type":"Feature","properties":{"OBJECTID":13481,"Id":13481,"Contour":0.0,"Shape_Leng":0.000555555555707},"geometry":{"type":"LineString","coordinates":[[-16.46861111110411,15.8372222222971],[-16.46861111110411,15.837500000074954]]}},{"type":"Feature","properties":{"OBJECTID":13482,"Id":13482,"Contour":15.0,"Shape_Leng":0.00799894683842},"geometry":{"type":"LineString","coordinates":[[-16.455555555545686,15.8372222222971],[-16.455277777767776,15.83805555563066],[-16.456468251536478,15.83797617601914],[-16.456666666656986,15.83944444451987],[-16.45705555385058,15.83766665995995],[-16.455555555545686,15.8372222222971]]}},{"type":"Feature","properties":{"OBJECTID":13483,"Id":13483,"Contour":15.0,"Shape_Leng":0.00111111111119},"geometry":{"type":"LineString","coordinates":[[-16.444444444432122,15.8372222222971],[-16.444444444432122,15.837500000074954],[-16.44472222220986,15.8372222222971],[-16.444444444432122,15.8372222222971]]}},{"type":"Feature","properties":{"OBJECTID":13484,"Id":13484,"Contour":15.0,"Shape_Leng":0.00144980702373},"geometry":{"type":"LineString","coordinates":[[-16.438888888875283,15.8372222222971],[-16.439166666653136,15.837361111186112],[-16.439500003377418,15.8372222222971],[-16.439166666653136,15.837083333408316],[-16.438888888875283,15.8372222222971]]}},{"type":"Feature","properties":{"OBJECTID":13485,"Id":13485,"Contour":15.0,"Shape_Leng":0.0146774861504},"geometry":{"type":"LineString","coordinates":[[-16.434444444429857,15.8372222222971],[-16.43277777776285,15.83805555563066],[-16.433611111096297,15.83805555563066],[-16.433333333318444,15.83944444451987],[-16.43416666665206,15.839166666742074],[-16.43388888887415,15.840000000075577],[-16.43472222220771,15.840000000075577],[-16.43472222220771,15.840694444520125],[-16.435555555541214,15.8372222222971],[-16.434444444429857,15.8372222222971]]}},{"type":"Feature","properties":{"OBJECTID":13489,"Id":13489,"Contour":5.0,"Shape_Leng":0.000555555555593},"geometry":{"type":"LineString","coordinates":[[-16.50805555555729,15.836944444519304],[-16.50805555555729,15.8372222222971]]}},{"type":"Feature","properties":{"OBJECTID":13490,"Id":13490,"Contour":5.0,"Shape_Leng":0.00592792651},"geometry":{"type":"LineString","coordinates":[[-16.498055555555027,15.83666666674145],[-16.497777777777287,15.837777777852807],[-16.499444444444237,15.837777777852807],[-16.498888888888644,15.83666666674145],[-16.498055555555027,15.83666666674145]]}},{"type":"Feature","properties":{"OBJECTID":13491,"Id":13491,"Contour":5.0,"Shape_Leng":0.000555555555707},"geometry":{"type":"LineString","coordinates":[[-16.49527777777672,15.836944444519304],[-16.495555555554574,15.836944444519304]]}},{"type":"Feature","properties":{"OBJECTID":13492,"Id":13492,"Contour":5.0,"Shape_Leng":0.00479207118824},"geometry":{"type":"LineString","coordinates":[[-16.480555555551234,15.83666666674145],[-16.47999999999547,15.837500000074954],[-16.48111111110694,15.83805555563066],[-16.48111111110694,15.837500000074954],[-16.480555555551234,15.83666666674145]]}},{"type":"Feature","properties":{"OBJECTID":13493,"Id":13493,"Contour":0.0,"Shape_Leng":0.0011111111113},"geometry":{"type":"MultiLineString","coordinates":[[[-16.470277777771116,15.836944444519304],[-16.470277777771116,15.8372222222971]],[[-16.470277777771116,15.8372222222971],[-16.469999999993263,15.8372222222971]]]}},{"type":"Feature","properties":{"OBJECTID":13494,"Id":13494,"Contour":15.0,"Shape_Leng":0.00438592791478},"geometry":{"type":"LineString","coordinates":[[-16.46138888888032,15.836944444519304],[-16.460833333324615,15.837777777852807],[-16.46111111110247,15.838333333408514],[-16.46194444443597,15.837777777852807],[-16.46138888888032,15.836944444519304]]}},{"type":"Feature","properties":{"OBJECTID":13501,"Id":13501,"Contour":5.0,"Shape_Leng":0.00471699415085},"geometry":{"type":"LineString","coordinates":[[-16.524722222227638,15.836597222296916],[-16.524444444449898,15.8372222222971],[-16.525864197418855,15.837808634515284],[-16.5252777777834,15.83666666674145],[-16.524722222227638,15.836597222296916]]}},{"type":"Feature","properties":{"OBJECTID":13502,"Id":13502,"Contour":5.0,"Shape_Leng":0.00111111111119},"geometry":{"type":"LineString","coordinates":[[-16.512777777780627,15.83666666674145],[-16.513055555558367,15.83666666674145],[-16.513055555558367,15.836944444519304],[-16.512777777780627,15.836944444519304],[-16.512777777780627,15.83666666674145]]}},{"type":"Feature","properties":{"OBJECTID":13503,"Id":13503,"Contour":5.0,"Shape_Leng":0.00405553694998},"geometry":{"type":"LineString","coordinates":[[-16.47749999999502,15.836574062846012],[-16.4766666666614,15.836805555630463],[-16.4766666666614,15.8372222222971],[-16.47749999999502,15.837500000074954],[-16.47805555555061,15.836944444519304],[-16.47749999999502,15.836574062846012]]}},{"type":"Feature","properties":{"OBJECTID":13504,"Id":13504,"Contour":15.0,"Shape_Leng":0.00225491011726},"geometry":{"type":"LineString","coordinates":[[-16.4491666666554,15.83666666674145],[-16.448703706518017,15.836944444519304],[-16.44888888887749,15.837407396179572],[-16.449351849014818,15.8372222222971],[-16.4491666666554,15.83666666674145]]}},{"type":"Feature","properties":{"OBJECTID":13511,"Id":13511,"Contour":15.0,"Shape_Leng":0.00247698242773},"geometry":{"type":"LineString","coordinates":[[-16.486111111108016,15.836388888963597],[-16.486666666663666,15.836944444519304],[-16.48694444444152,15.83666666674145],[-16.486777776079407,15.836277771070911],[-16.486111111108016,15.836388888963597]]}},{"type":"Feature","properties":{"OBJECTID":13512,"Id":13512,"Contour":5.0,"Shape_Leng":0.00189678531265},"geometry":{"type":"LineString","coordinates":[[-16.48222222221824,15.836111111185915],[-16.481944444440387,15.836388888963597],[-16.482499999996094,15.83666666674145],[-16.482499999996094,15.836388888963597],[-16.48222222221824,15.836111111185915]]}},{"type":"Feature","properties":{"OBJECTID":13513,"Id":13513,"Contour":20.0,"Shape_Leng":0.00311694859137},"geometry":{"type":"LineString","coordinates":[[-16.452777777767267,15.836388888963597],[-16.45263888887831,15.8372222222971],[-16.45339506360176,15.837283935621883],[-16.45347222221187,15.83666666674145],[-16.452777777767267,15.836388888963597]]}},{"type":"Feature","properties":{"OBJECTID":13514,"Id":13514,"Contour":10.0,"Shape_Leng":0.00245726545399},"geometry":{"type":"LineString","coordinates":[[-16.43472222220771,15.836296285068215],[-16.43499999998545,15.836250000074756],[-16.43527777776336,15.83666666674145],[-16.434358978256853,15.836752149868687],[-16.43472222220771,15.836296285068215]]}},{"type":"Feature","properties":{"OBJECTID":13517,"Id":13517,"Contour":5.0,"Shape_Leng":0.00212935450138},"geometry":{"type":"LineString","coordinates":[[-16.514166666669837,15.836111111185915],[-16.51472222222543,15.836111111185915],[-16.51472222222543,15.83666666674145],[-16.514444444447577,15.83666666674145],[-16.514166666669837,15.836111111185915]]}},{"type":"Feature","properties":{"OBJECTID":13518,"Id":13518,"Contour":5.0,"Shape_Leng":0.0225828847876},"geometry":{"type":"MultiLineString","coordinates":[[[-16.509166666668705,15.836111111185915],[-16.509583333335456,15.8372222222971],[-16.508333333335145,15.839166666742074],[-16.508611111112998,15.84027777785343],[-16.50805555555729,15.839722222297723],[-16.505555555556782,15.840555555631283],[-16.505555555556782,15.840000000075577]],[[-16.505555555556782,15.840000000075577],[-16.505555555556782,15.839722222297723]],[[-16.505555555556782,15.839722222297723],[-16.50527777777893,15.839722222297723],[-16.504722222223222,15.83888888896422],[-16.504722222223222,15.838611111186367],[-16.505555555556782,15.838611111186367],[-16.505555555556782,15.839722222297723]],[[-16.505555555556782,15.840000000075577],[-16.506944444445992,15.840000000075577],[-16.50777777777938,15.839166666742074],[-16.50750000000164,15.838333333408514],[-16.50888888889085,15.837777777852807],[-16.509166666668705,15.836111111185915]]]}},{"type":"Feature","properties":{"OBJECTID":13519,"Id":13519,"Contour":0.0,"Shape_Leng":0.00055555555582},"geometry":{"type":"LineString","coordinates":[[-16.4766666666614,15.836111111185915],[-16.47694444443931,15.836111111185915]]}},{"type":"Feature","properties":{"OBJECTID":13520,"Id":13520,"Contour":5.0,"Shape_Leng":0.00574063551374},"geometry":{"type":"LineString","coordinates":[[-16.473611111105186,15.835833333408061],[-16.47319444443849,15.837361111186112],[-16.47430555554979,15.837638888963966],[-16.474814813396335,15.83666666674145],[-16.473611111105186,15.835833333408061]]}},{"type":"Feature","properties":{"OBJECTID":13521,"Id":13521,"Contour":15.0,"Shape_Leng":0.00374525714679},"geometry":{"type":"LineString","coordinates":[[-16.4661111111036,15.836111111185915],[-16.465648146727688,15.836944444519304],[-16.4661111111036,15.837361111186112],[-16.466759257838987,15.837037048414857],[-16.4661111111036,15.836111111185915]]}},{"type":"Feature","properties":{"OBJECTID":13522,"Id":13522,"Contour":10.0,"Shape_Leng":0.0134774294187},"geometry":{"type":"LineString","coordinates":[[-16.46111111110247,15.835833333408061],[-16.46013888888001,15.836944444519304],[-16.459999999991055,15.83805555563066],[-16.46111111110247,15.839166666742074],[-16.46027777776891,15.839166666742074],[-16.46055555554676,15.840000000075577],[-16.462222222213825,15.839166666742074],[-16.462083333324927,15.836250000074756],[-16.46111111110247,15.835833333408061]]}},{"type":"Feature","properties":{"OBJECTID":13529,"Id":13529,"Contour":15.0,"Shape_Leng":0.00166666666712},"geometry":{"type":"LineString","coordinates":[[-16.457499999990546,15.835833333408061],[-16.457499999990546,15.836111111185915],[-16.458055555546252,15.835833333408061],[-16.457499999990546,15.835833333408061]]}},{"type":"Feature","properties":{"OBJECTID":13530,"Id":13530,"Contour":20.0,"Shape_Leng":0.00164534189422},"geometry":{"type":"LineString","coordinates":[[-16.455277777767776,15.835833333408061],[-16.455277777767776,15.836203715081126],[-16.45583333332354,15.836111111185915],[-16.455555555545686,15.835833333408061],[-16.455277777767776,15.835833333408061]]}},{"type":"Feature","properties":{"OBJECTID":13531,"Id":13531,"Contour":15.0,"Shape_Leng":0.00111111111141},"geometry":{"type":"MultiLineString","coordinates":[[[-16.448333333321784,15.835833333408061],[-16.448333333321784,15.836111111185915]],[[-16.448333333321784,15.836111111185915],[-16.44805555554393,15.836111111185915]]]}},{"type":"Feature","properties":{"OBJECTID":13532,"Id":13532,"Contour":20.0,"Shape_Leng":0.00364291999313},"geometry":{"type":"LineString","coordinates":[[-16.442499999987206,15.835833333408061],[-16.44187499998708,15.83666666674145],[-16.4419444444315,15.83731482619254],[-16.442569444431626,15.83666666674145],[-16.442499999987206,15.835833333408061]]}},{"type":"Feature","properties":{"OBJECTID":13541,"Id":13541,"Contour":5.0,"Shape_Leng":0.0643808446621},"geometry":{"type":"LineString","coordinates":[[-16.49722222222158,15.835555555630037],[-16.497499999999434,15.836111111185915],[-16.499166666666497,15.836388888963597],[-16.500833333333503,15.836388888963597],[-16.500833333333503,15.835833333408061],[-16.501388888889096,15.836111111185915],[-16.499166666666497,15.837777777852807],[-16.499166666666497,15.83888888896422],[-16.500555555555707,15.839166666742074],[-16.498888888888644,15.8425000000762],[-16.499444444444237,15.843888888965239],[-16.498888888888644,15.844722222298799],[-16.500555555555707,15.846388888965862],[-16.5,15.847777777855129],[-16.499444444444237,15.846388888965862],[-16.497499999999434,15.847222222299422],[-16.49722222222158,15.844722222298799],[-16.496111111110167,15.845000000076652],[-16.496944444443727,15.843888888965239],[-16.497499999999434,15.845000000076652],[-16.49861111111079,15.844444444520946],[-16.498333333332937,15.84333333340959],[-16.497499999999434,15.843888888965239],[-16.496111111110167,15.842777777854053],[-16.496666666665874,15.841388888964843],[-16.497777777777287,15.84111111118699],[-16.497777777777287,15.83944444451987],[-16.496944444443727,15.84027777785343],[-16.49638888888802,15.83944444451987],[-16.49472222222107,15.84027777785343],[-16.494444444443218,15.83944444451987],[-16.49527777777672,15.83944444451987],[-16.49527777777672,15.83805555563066],[-16.496666666665874,15.83888888896422],[-16.49722222222158,15.835555555630037]]}},{"type":"Feature","properties":{"OBJECTID":13552,"Id":13552,"Contour":5.0,"Shape_Leng":0.00166481300693},"geometry":{"type":"LineString","coordinates":[[-16.52500000000549,15.83519839824072],[-16.524722222227638,15.835277777852184],[-16.5252777777834,15.835555555630037],[-16.525330687634494,15.835224880716794],[-16.52500000000549,15.83519839824072]]}},{"type":"Feature","properties":{"OBJECTID":13553,"Id":13553,"Contour":0.0,"Shape_Leng":0.0780555555723},"geometry":{"type":"LineString","coordinates":[[-16.52500000000549,15.843888888965239],[-16.5263888888947,15.836944444519304],[-16.5263888888947,15.835555555630037],[-16.525555555561255,15.835000000074558],[-16.524444444449898,15.835000000074558],[-16.52111111111583,15.844166666743092],[-16.519166666670912,15.846388888965862],[-16.5180555555595,15.851388888966937],[-16.518333333337353,15.85388888896756],[-16.517500000003906,15.85444444452321],[-16.518611111115206,15.862222222302762],[-16.520000000004416,15.864722222303385],[-16.520000000004416,15.865833333414741],[-16.516388888892436,15.868333333415194],[-16.516111111114697,15.875000000083332],[-16.516666666670346,15.875000000083332],[-16.516666666670346,15.876388888972542],[-16.515277777781137,15.876666666750396],[-16.515277777781137,15.878333333417459],[-16.516666666670346,15.878611111195312],[-16.517500000003906,15.880000000084351]]}},{"type":"Feature","properties":{"OBJECTID":13554,"Id":13554,"Contour":5.0,"Shape_Leng":0.000555555555479},"geometry":{"type":"LineString","coordinates":[[-16.510833333335768,15.835277777852184],[-16.511111111113507,15.835277777852184]]}},{"type":"Feature","properties":{"OBJECTID":13555,"Id":13555,"Contour":5.0,"Shape_Leng":0.00300789642419},"geometry":{"type":"LineString","coordinates":[[-16.481944444440387,15.835000000074558],[-16.481666666662534,15.835555555630037],[-16.48222222221824,15.835833333408061],[-16.482499999996094,15.835000000074558],[-16.481944444440387,15.835000000074558]]}},{"type":"Feature","properties":{"OBJECTID":13556,"Id":13556,"Contour":10.0,"Shape_Leng":0.0017014856474},"geometry":{"type":"LineString","coordinates":[[-16.453888888878623,15.835277777852184],[-16.454166666656477,15.835138888963343],[-16.454583333323228,15.835277777852184],[-16.454166666656477,15.835555555630037],[-16.453888888878623,15.835277777852184]]}},{"type":"Feature","properties":{"OBJECTID":13557,"Id":13557,"Contour":10.0,"Shape_Leng":0.0163044791595},"geometry":{"type":"MultiLineString","coordinates":[[[-16.44694444443263,15.835277777852184],[-16.44777777776619,15.835555555630037],[-16.44611111109913,15.840000000075577],[-16.44611111109913,15.840555555631283],[-16.44666666665472,15.840555555631283]],[[-16.44666666665472,15.840555555631283],[-16.44666666665472,15.84027777785343]],[[-16.44666666665472,15.840555555631283],[-16.44666666665472,15.840833333409137],[-16.445833333321275,15.840555555631283],[-16.445138888876727,15.839166666742074],[-16.44694444443263,15.835277777852184]]]}},{"type":"Feature","properties":{"OBJECTID":13558,"Id":13558,"Contour":15.0,"Shape_Leng":0.0081804062402},"geometry":{"type":"LineString","coordinates":[[-16.42916666665093,15.835000000074558],[-16.429722222206635,15.836944444519304],[-16.428055555539572,15.837638888963966],[-16.427499999983866,15.836944444519304],[-16.42916666665093,15.835000000074558]]}},{"type":"Feature","properties":{"OBJECTID":13568,"Id":13568,"Contour":5.0,"Shape_Leng":0.0166618351711},"geometry":{"type":"LineString","coordinates":[[-16.50638888889023,15.835000000074558],[-16.50666666666808,15.835000000074558],[-16.50638888889023,15.837500000074954],[-16.504722222223222,15.83652777785261],[-16.503333333334012,15.8372222222971],[-16.503333333334012,15.835833333408061],[-16.505000000001075,15.835277777852184],[-16.50611111111249,15.83666666674145],[-16.50638888889023,15.835000000074558]]}},{"type":"Feature","properties":{"OBJECTID":13569,"Id":13569,"Contour":5.0,"Shape_Leng":0.00166666666667},"geometry":{"type":"MultiLineString","coordinates":[[[-16.49861111111079,15.835000000074558],[-16.49861111111079,15.835277777852184]],[[-16.49861111111079,15.835277777852184],[-16.498888888888644,15.835277777852184]],[[-16.49861111111079,15.835277777852184],[-16.498333333332937,15.835277777852184],[-16.49861111111079,15.835000000074558]]]}},{"type":"Feature","properties":{"OBJECTID":13570,"Id":13570,"Contour":15.0,"Shape_Leng":0.000555555555252},"geometry":{"type":"LineString","coordinates":[[-16.4577777777684,15.835000000074558],[-16.4577777777684,15.835277777852184]]}},{"type":"Feature","properties":{"OBJECTID":13579,"Id":13579,"Contour":5.0,"Shape_Leng":0.00373394814369},"geometry":{"type":"MultiLineString","coordinates":[[[-16.513333333336277,15.834722222296705],[-16.514166666669837,15.834722222296705]],[[-16.514166666669837,15.834722222296705],[-16.514444444447577,15.834722222296705],[-16.51472222222543,15.835277777852184],[-16.514166666669837,15.835277777852184],[-16.514166666669837,15.834722222296705]]]}},{"type":"Feature","properties":{"OBJECTID":13580,"Id":13580,"Contour":5.0,"Shape_Leng":0.00234845478636},"geometry":{"type":"LineString","coordinates":[[-16.475555555550102,15.834583333407693],[-16.475555555550102,15.835000000074558],[-16.47611111110581,15.835277777852184],[-16.47611111110581,15.834722222296705],[-16.475555555550102,15.834583333407693]]}},{"type":"Feature","properties":{"OBJECTID":13581,"Id":13581,"Contour":5.0,"Shape_Leng":0.0017340668581},"geometry":{"type":"LineString","coordinates":[[-16.474722222216542,15.834444444518851],[-16.47444444443863,15.834722222296705],[-16.47444444443863,15.835000000074558],[-16.474999999994395,15.834722222296705],[-16.474722222216542,15.834444444518851]]}},{"type":"Feature","properties":{"OBJECTID":13582,"Id":13582,"Contour":5.0,"Shape_Leng":0.00419663627367},"geometry":{"type":"LineString","coordinates":[[-16.473888888883096,15.834583333407693],[-16.473333333327332,15.835555555630037],[-16.47444444443863,15.835833333408061],[-16.47444444443863,15.834722222296705],[-16.473888888883096,15.834583333407693]]}},{"type":"Feature","properties":{"OBJECTID":13583,"Id":13583,"Contour":0.0,"Shape_Leng":0.000555555555707},"geometry":{"type":"LineString","coordinates":[[-16.47194444443818,15.834722222296705],[-16.47194444443818,15.835000000074558]]}},{"type":"Feature","properties":{"OBJECTID":13584,"Id":13584,"Contour":10.0,"Shape_Leng":0.00124140150902},"geometry":{"type":"LineString","coordinates":[[-16.46944444443767,15.834583333407693],[-16.469305555548658,15.834722222296705],[-16.46944444443767,15.835000000074558],[-16.469722222215523,15.834722222296705],[-16.46944444443767,15.834583333407693]]}},{"type":"Feature","properties":{"OBJECTID":13585,"Id":13585,"Contour":15.0,"Shape_Leng":0.00273844097993},"geometry":{"type":"LineString","coordinates":[[-16.427612707574326,15.834669859699769],[-16.42777777776172,15.835000000074558],[-16.42748071971362,15.835222793610557]]}},{"type":"Feature","properties":{"OBJECTID":13590,"Id":13590,"Contour":5.0,"Shape_Leng":0.000555555555707},"geometry":{"type":"LineString","coordinates":[[-16.501388888889096,15.834444444518851],[-16.501388888889096,15.834722222296705]]}},{"type":"Feature","properties":{"OBJECTID":13594,"Id":13594,"Contour":5.0,"Shape_Leng":0.000555555555707},"geometry":{"type":"LineString","coordinates":[[-16.496111111110167,15.834166666740998],[-16.496111111110167,15.834444444518851]]}},{"type":"Feature","properties":{"OBJECTID":13595,"Id":13595,"Contour":5.0,"Shape_Leng":0.00309237090781},"geometry":{"type":"LineString","coordinates":[[-16.48444444444101,15.833888888963145],[-16.484166666663157,15.833888888963145],[-16.484166666663157,15.834722222296705],[-16.485138888885444,15.834166666740998],[-16.48444444444101,15.833888888963145]]}},{"type":"Feature","properties":{"OBJECTID":13596,"Id":13596,"Contour":10.0,"Shape_Leng":0.0112366792707},"geometry":{"type":"LineString","coordinates":[[-16.439722222208843,15.834166666740998],[-16.4408333333202,15.834166666740998],[-16.441481484294172,15.835000000074558],[-16.440555555542346,15.83805555563066],[-16.439166666653136,15.836111111185915],[-16.439722222208843,15.834166666740998]]}},{"type":"Feature","properties":{"OBJECTID":13597,"Id":13597,"Contour":15.0,"Shape_Leng":0.00168190147569},"geometry":{"type":"LineString","coordinates":[[-16.437777777763927,15.834166666740998],[-16.43763888887497,15.834444444518851],[-16.438106062133556,15.834494934156396],[-16.438148150960103,15.834074062845616],[-16.437777777763927,15.834166666740998]]}},{"type":"Feature","properties":{"OBJECTID":13602,"Id":13602,"Contour":10.0,"Shape_Leng":0.00482281007299},"geometry":{"type":"LineString","coordinates":[[-16.49166666666474,15.833611111185292],[-16.491388888887002,15.835277777852184],[-16.492222222220505,15.835277777852184],[-16.492055553858393,15.833777771070288],[-16.49166666666474,15.833611111185292]]}},{"type":"Feature","properties":{"OBJECTID":13603,"Id":13603,"Contour":20.0,"Shape_Leng":0.00403816453661},"geometry":{"type":"LineString","coordinates":[[-16.44277777776506,15.833888888963145],[-16.44240740456894,15.834722222296705],[-16.44277777776506,15.835555555630037],[-16.44311111448934,15.835000000074558],[-16.44277777776506,15.833888888963145]]}},{"type":"Feature","properties":{"OBJECTID":13608,"Id":13608,"Contour":10.0,"Shape_Leng":0.00402526147294},"geometry":{"type":"LineString","coordinates":[[-16.502500000000566,15.833333333407438],[-16.502222222222713,15.833611111185292],[-16.502500000000566,15.834722222296705],[-16.503333333334012,15.834166666740998],[-16.502500000000566,15.833333333407438]]}},{"type":"Feature","properties":{"OBJECTID":13609,"Id":13609,"Contour":20.0,"Shape_Leng":0.00167562432015},"geometry":{"type":"LineString","coordinates":[[-16.48777777777508,15.833611111185292],[-16.487638888886124,15.833888888963145],[-16.48805555555282,15.834166666740998],[-16.48805555555282,15.833611111185292],[-16.48777777777508,15.833611111185292]]}},{"type":"Feature","properties":{"OBJECTID":13610,"Id":13610,"Contour":5.0,"Shape_Leng":0.00592014131135},"geometry":{"type":"LineString","coordinates":[[-16.483055555551687,15.833333333407438],[-16.482916666662845,15.834583333407693],[-16.48372222052319,15.835111117967188],[-16.484166666663157,15.834444444518851],[-16.483055555551687,15.833333333407438]]}},{"type":"Feature","properties":{"OBJECTID":13611,"Id":13611,"Contour":0.0,"Shape_Leng":0.00177021720305},"geometry":{"type":"LineString","coordinates":[[-16.4766666666614,15.833611111185292],[-16.47694444443931,15.833888888963145],[-16.4766666666614,15.83430555562984],[-16.47652777777256,15.834166666740998],[-16.4766666666614,15.833611111185292]]}},{"type":"Feature","properties":{"OBJECTID":13612,"Id":13612,"Contour":5.0,"Shape_Leng":0.00189678531295},"geometry":{"type":"LineString","coordinates":[[-16.47527777777225,15.833333333407438],[-16.474999999994395,15.833333333407438],[-16.47527777777225,15.833888888963145],[-16.475555555550102,15.833611111185292],[-16.47527777777225,15.833333333407438]]}},{"type":"Feature","properties":{"OBJECTID":13613,"Id":13613,"Contour":10.0,"Shape_Leng":0.0023303939393},"geometry":{"type":"LineString","coordinates":[[-16.43277777776285,15.833611111185292],[-16.433194444429603,15.833888888963145],[-16.432499999984998,15.83430555562984],[-16.4323611110961,15.834166666740998],[-16.43277777776285,15.833611111185292]]}},{"type":"Feature","properties":{"OBJECTID":13614,"Id":13614,"Contour":15.0,"Shape_Leng":0.00680452507308},"geometry":{"type":"LineString","coordinates":[[-16.43055555554008,15.833333333407438],[-16.43166666665138,15.834166666740998],[-16.429444444428782,15.835000000074558],[-16.429444444428782,15.834722222296705],[-16.43055555554008,15.833333333407438]]}},{"type":"Feature","properties":{"OBJECTID":13615,"Id":13615,"Contour":20.0,"Shape_Leng":0.00133596523864},"geometry":{"type":"LineString","coordinates":[[-16.429444444428782,15.83347222229628],[-16.429444444428782,15.833888888963145],[-16.429722222206635,15.833888888963145],[-16.429722222206635,15.833611111185292],[-16.429444444428782,15.83347222229628]]}},{"type":"Feature","properties":{"OBJECTID":13622,"Id":13622,"Contour":5.0,"Shape_Leng":0.00288760078992},"geometry":{"type":"LineString","coordinates":[[-16.509444444446558,15.833055555629585],[-16.509166666668705,15.833333333407438],[-16.509166666668705,15.833888888963145],[-16.51000000000215,15.833333333407438],[-16.509444444446558,15.833055555629585]]}},{"type":"Feature","properties":{"OBJECTID":13623,"Id":13623,"Contour":10.0,"Shape_Leng":0.00255277213296},"geometry":{"type":"LineString","coordinates":[[-16.47972222221773,15.833055555629585],[-16.479444444439878,15.833055555629585],[-16.479444444439878,15.833888888963145],[-16.47999999999547,15.833611111185292],[-16.47972222221773,15.833055555629585]]}},{"type":"Feature","properties":{"OBJECTID":13624,"Id":13624,"Contour":20.0,"Shape_Leng":0.000555555555707},"geometry":{"type":"LineString","coordinates":[[-16.45222222221156,15.833333333407438],[-16.45222222221156,15.833611111185292]]}},{"type":"Feature","properties":{"OBJECTID":13625,"Id":13625,"Contour":20.0,"Shape_Leng":0.00153295675649},"geometry":{"type":"LineString","coordinates":[[-16.44888888887749,15.833194444518426],[-16.44874999998848,15.833333333407438],[-16.44888888887749,15.833703715080674],[-16.449212960125976,15.833333333407438],[-16.44888888887749,15.833194444518426]]}},{"type":"Feature","properties":{"OBJECTID":13632,"Id":13632,"Contour":5.0,"Shape_Leng":0.00499747458618},"geometry":{"type":"LineString","coordinates":[[-16.505833333334635,15.833055555629585],[-16.507222222223845,15.833333333407438],[-16.50750000000164,15.833888888963145],[-16.506018517813402,15.833981492858527],[-16.505833333334635,15.833055555629585]]}},{"type":"Feature","properties":{"OBJECTID":13633,"Id":13633,"Contour":15.0,"Shape_Leng":0.0103951882171},"geometry":{"type":"LineString","coordinates":[[-16.48777777777508,15.833055555629585],[-16.486388888885756,15.835277777852184],[-16.48694444444152,15.835972222296903],[-16.48777777777508,15.835833333408061],[-16.487499999997226,15.834722222296705],[-16.488999998302063,15.834833340189334],[-16.489444444441972,15.833888888963145],[-16.48777777777508,15.833055555629585]]}},{"type":"Feature","properties":{"OBJECTID":13634,"Id":13634,"Contour":0.0,"Shape_Leng":0.00340073352498},"geometry":{"type":"LineString","coordinates":[[-16.473611111105186,15.833055555629585],[-16.473888888883096,15.833333333407438],[-16.473055555549593,15.834166666740998],[-16.473333333327332,15.833333333407438],[-16.473611111105186,15.833055555629585]]}},{"type":"Feature","properties":{"OBJECTID":13635,"Id":13635,"Contour":20.0,"Shape_Leng":0.00471065098632},"geometry":{"type":"MultiLineString","coordinates":[[[-16.44638888887698,15.832916666740573],[-16.44611111109913,15.833611111185292],[-16.44638888887698,15.833888888963145],[-16.44638888887698,15.834166666740998],[-16.44638888887698,15.834444444518851]],[[-16.44638888887698,15.834444444518851],[-16.44611111109913,15.834444444518851]],[[-16.44638888887698,15.834444444518851],[-16.44666666665472,15.834444444518851],[-16.44638888887698,15.832916666740573]]]}},{"type":"Feature","properties":{"OBJECTID":13638,"Id":13638,"Contour":0.0,"Shape_Leng":0.0116666666689},"geometry":{"type":"LineString","coordinates":[[-16.519444444448652,15.832500000073935],[-16.519166666670912,15.834444444518851],[-16.52138888889357,15.835555555630037],[-16.521666666671422,15.833611111185292],[-16.519444444448652,15.832500000073935]]}},{"type":"Feature","properties":{"OBJECTID":13639,"Id":13639,"Contour":5.0,"Shape_Leng":0.000555555555707},"geometry":{"type":"LineString","coordinates":[[-16.51472222222543,15.832777777851788],[-16.515000000003283,15.832777777851788]]}},{"type":"Feature","properties":{"OBJECTID":13640,"Id":13640,"Contour":5.0,"Shape_Leng":0.00347133597587},"geometry":{"type":"LineString","coordinates":[[-16.48222222221824,15.832500000073935],[-16.481944444440387,15.833055555629585],[-16.483055555551687,15.833333333407438],[-16.483055555551687,15.832777777851788],[-16.48222222221824,15.832500000073935]]}},{"type":"Feature","properties":{"OBJECTID":13641,"Id":13641,"Contour":10.0,"Shape_Leng":0.0202441357589},"geometry":{"type":"LineString","coordinates":[[-16.466666666659194,15.832638888962776],[-16.46486111110329,15.835000000074558],[-16.465555555547894,15.836111111185915],[-16.465416666658996,15.838194444519672],[-16.464444444436538,15.83888888896422],[-16.464920633096312,15.84035715746495],[-16.4673611111038,15.837500000074954],[-16.466666666659194,15.832638888962776]]}},{"type":"Feature","properties":{"OBJECTID":13642,"Id":13642,"Contour":20.0,"Shape_Leng":0.00206004780446},"geometry":{"type":"LineString","coordinates":[[-16.455555555545686,15.832638888962776],[-16.455277777767776,15.833055555629585],[-16.455277777767776,15.833333333407438],[-16.45583333332354,15.833055555629585],[-16.455555555545686,15.832638888962776]]}},{"type":"Feature","properties":{"OBJECTID":13643,"Id":13643,"Contour":5.0,"Shape_Leng":0.00166666666701},"geometry":{"type":"MultiLineString","coordinates":[[[-16.44416666665427,15.832777777851788],[-16.44416666665427,15.833055555629585]],[[-16.44416666665427,15.833055555629585],[-16.444444444432122,15.833055555629585]],[[-16.44416666665427,15.833055555629585],[-16.443888888876415,15.833055555629585],[-16.44416666665427,15.832777777851788]]]}},{"type":"Feature","properties":{"OBJECTID":13648,"Id":13648,"Contour":5.0,"Shape_Leng":0.000555555555479},"geometry":{"type":"LineString","coordinates":[[-16.514166666669837,15.832500000073935],[-16.514444444447577,15.832500000073935]]}},{"type":"Feature","properties":{"OBJECTID":13649,"Id":13649,"Contour":5.0,"Shape_Leng":0.00133238045975},"geometry":{"type":"LineString","coordinates":[[-16.474999999994395,15.832361111184923],[-16.474999999994395,15.832777777851788],[-16.47527777777225,15.832777777851788],[-16.47527777777225,15.832500000073935],[-16.474999999994395,15.832361111184923]]}},{"type":"Feature","properties":{"OBJECTID":13650,"Id":13650,"Contour":10.0,"Shape_Leng":0.0388658108384},"geometry":{"type":"LineString","coordinates":[[-16.45111111110026,15.832500000073935],[-16.451458333322535,15.833333333407438],[-16.44999999998879,15.836111111185915],[-16.451527777767012,15.836388888963597],[-16.450833333322407,15.837500000074954],[-16.451031748442915,15.83952382413139],[-16.453055555545006,15.840000000075577],[-16.447499999988338,15.846388888965862],[-16.44694444443263,15.845277777854506],[-16.449305555544242,15.8425000000762],[-16.448827158598647,15.841882731195767],[-16.44962962679267,15.840740729513755],[-16.44999999998879,15.836388888963597],[-16.44888888887749,15.835555555630037],[-16.45111111110026,15.832500000073935]]}},{"type":"Feature","properties":{"OBJECTID":13651,"Id":13651,"Contour":10.0,"Shape_Leng":0.00102145046987},"geometry":{"type":"LineString","coordinates":[[-16.447222222210485,15.832500000073935],[-16.447499999988338,15.832361111184923],[-16.44763888887718,15.832500000073935],[-16.447499999988338,15.832638888962776],[-16.447222222210485,15.832500000073935]]}},{"type":"Feature","properties":{"OBJECTID":13657,"Id":13657,"Contour":5.0,"Shape_Leng":0.00203380020222},"geometry":{"type":"LineString","coordinates":[[-16.505000000001075,15.832222222296082],[-16.50513888889003,15.832638888962776],[-16.50527777777893,15.832777777851788],[-16.504611110688245,15.832611117966735],[-16.505000000001075,15.832222222296082]]}},{"type":"Feature","properties":{"OBJECTID":13658,"Id":13658,"Contour":5.0,"Shape_Leng":0.00777950212673},"geometry":{"type":"LineString","coordinates":[[-16.496944444443727,15.832222222296082],[-16.498055555555027,15.832222222296082],[-16.498333333332937,15.833611111185292],[-16.49638888888802,15.833888888963145],[-16.496944444443727,15.832222222296082]]}},{"type":"Feature","properties":{"OBJECTID":13659,"Id":13659,"Contour":0.0,"Shape_Leng":0.00111111111107},"geometry":{"type":"MultiLineString","coordinates":[[[-16.47416666666095,15.832222222296082],[-16.47416666666095,15.832500000073935]],[[-16.47416666666095,15.832500000073935],[-16.47444444443863,15.832500000073935]]]}},{"type":"Feature","properties":{"OBJECTID":13660,"Id":13660,"Contour":0.0,"Shape_Leng":0.00166666666712},"geometry":{"type":"MultiLineString","coordinates":[[[-16.464444444436538,15.832222222296082],[-16.464444444436538,15.832777777851788]],[[-16.464444444436538,15.832777777851788],[-16.46472222221439,15.832777777851788]]]}},{"type":"Feature","properties":{"OBJECTID":13661,"Id":13661,"Contour":10.0,"Shape_Leng":0.000555555555707},"geometry":{"type":"LineString","coordinates":[[-16.44999999998879,15.832222222296082],[-16.44999999998879,15.832500000073935]]}},{"type":"Feature","properties":{"OBJECTID":13662,"Id":13662,"Contour":10.0,"Shape_Leng":0.018319267124},"geometry":{"type":"LineString","coordinates":[[-16.443611111098505,15.832222222296082],[-16.44472222220986,15.83208333340724],[-16.445416666654523,15.833333333407438],[-16.44453703985039,15.834722222296705],[-16.44472222220986,15.836111111185915],[-16.443333333320766,15.837777777852807],[-16.443611111098505,15.838611111186367],[-16.443055555542912,15.838611111186367],[-16.44409722220979,15.834166666740998],[-16.443277774374337,15.833055555629585],[-16.443611111098505,15.832222222296082]]}},{"type":"Feature","properties":{"OBJECTID":13708,"Id":13708,"Contour":15.0,"Shape_Leng":0.00331571794152},"geometry":{"type":"LineString","coordinates":[[-16.462499999991678,15.831851840622846],[-16.462361111102666,15.832222222296082],[-16.462499999991678,15.832916666740573],[-16.463194444436283,15.831944444518228],[-16.462499999991678,15.831851840622846]]}},{"type":"Feature","properties":{"OBJECTID":13709,"Id":13709,"Contour":15.0,"Shape_Leng":0.0143044384875},"geometry":{"type":"LineString","coordinates":[[-16.455277777767776,15.831944444518228],[-16.455277777767776,15.835277777852184],[-16.45444444443433,15.8372222222971],[-16.456111111101336,15.83652777785261],[-16.456666666656986,15.835277777852184],[-16.456111111101336,15.833888888963145],[-16.456666666656986,15.833055555629585],[-16.455277777767776,15.831944444518228]]}},{"type":"Feature","properties":{"OBJECTID":13710,"Id":13710,"Contour":20.0,"Shape_Leng":0.00407856385738},"geometry":{"type":"LineString","coordinates":[[-16.441388888875736,15.831944444518228],[-16.441388888875736,15.83287038174717],[-16.442499999987206,15.833333333407438],[-16.442129626791086,15.831944444518228]]}},{"type":"Feature","properties":{"OBJECTID":13711,"Id":13711,"Contour":15.0,"Shape_Leng":0.0150228207456},"geometry":{"type":"LineString","coordinates":[[-16.44097222220904,15.831944444518228],[-16.441388888875736,15.833611111185292],[-16.442222222209352,15.833888888963145],[-16.44201388887592,15.836111111185915],[-16.44120370651632,15.83666666674145],[-16.441666666653646,15.83805555563066],[-16.442916666653957,15.836805555630463],[-16.443611111098505,15.834166666740998],[-16.44277777776506,15.831944444518228]]}},{"type":"Feature","properties":{"OBJECTID":13712,"Id":13712,"Contour":10.0,"Shape_Leng":0.0038436006945},"geometry":{"type":"LineString","coordinates":[[-16.440624999986767,15.831944444518228],[-16.439999999986696,15.833611111185292],[-16.440138888875595,15.831944444518228]]}},{"type":"Feature","properties":{"OBJECTID":13713,"Id":13713,"Contour":20.0,"Shape_Leng":0.00193748327093},"geometry":{"type":"LineString","coordinates":[[-16.438055555541666,15.831944444518228],[-16.43861111109743,15.832500000073935],[-16.439374999986455,15.831944444518228]]}},{"type":"Feature","properties":{"OBJECTID":13714,"Id":13714,"Contour":15.0,"Shape_Leng":0.00440329464457},"geometry":{"type":"LineString","coordinates":[[-16.43736111109712,15.831944444518228],[-16.43861111109743,15.833333333407438],[-16.439791666653264,15.831944444518228]]}},{"type":"Feature","properties":{"OBJECTID":13715,"Id":13715,"Contour":10.0,"Shape_Leng":0.019514713262},"geometry":{"type":"MultiLineString","coordinates":[[[-16.436805555541525,15.831944444518228],[-16.436666666652513,15.833055555629585]],[[-16.436666666652513,15.833055555629585],[-16.43749999998613,15.833611111185292],[-16.436944444430367,15.835000000074558],[-16.438888888875283,15.834722222296705],[-16.43722222220822,15.837777777852807],[-16.43597222220791,15.837500000074954],[-16.436527777763672,15.83666666674145],[-16.435555555541214,15.833611111185292],[-16.436666666652513,15.833055555629585]],[[-16.436666666652513,15.833055555629585],[-16.43624999998582,15.831944444518228]]]}},{"type":"Feature","properties":{"OBJECTID":13716,"Id":13716,"Contour":20.0,"Shape_Leng":0.00240576543155},"geometry":{"type":"LineString","coordinates":[[-16.43472222220771,15.831944444518228],[-16.434444444429857,15.832777777851788],[-16.435416666652316,15.831944444518228]]}},{"type":"Feature","properties":{"OBJECTID":13717,"Id":13717,"Contour":15.0,"Shape_Leng":0.0184319205986},"geometry":{"type":"LineString","coordinates":[[-16.433611111096297,15.831944444518228],[-16.433055555540705,15.832777777851788],[-16.434444444429857,15.833611111185292],[-16.433055555540705,15.836388888963597],[-16.43388888887415,15.8372222222971],[-16.43499999998545,15.835000000074558],[-16.434444444429857,15.834166666740998],[-16.435092595403887,15.83425927063638],[-16.435833333319067,15.831944444518228]]}},{"type":"Feature","properties":{"OBJECTID":13718,"Id":13718,"Contour":15.0,"Shape_Leng":1.52248111085},"geometry":{"type":"MultiLineString","coordinates":[[[-16.42527083303665,15.844855902644326],[-16.42583333331686,15.845277777854506],[-16.425085579510807,15.845758477777636]],[[-16.424876348291427,15.847468344969876],[-16.42509259540168,15.848333333410778],[-16.424829406672767,15.84870733784587]],[[-16.424755507872046,15.850657847654787],[-16.426309526215164,15.849087287132647],[-16.4274074045656,15.845833333410155],[-16.426666666650306,15.844444444520946],[-16.428055555539572,15.84166666674264],[-16.425768984051658,15.842428857238652]],[[-16.42666658054408,15.838055670438962],[-16.426666666650306,15.83805555563066],[-16.428611111095165,15.83805555563066],[-16.42777777776172,15.840000000075577],[-16.429861111095533,15.84111111118699],[-16.428888888873075,15.841944444520493],[-16.429722222206635,15.842777777854053],[-16.430833333317935,15.841574062847258],[-16.43138888887364,15.841944444520493],[-16.431111111095788,15.84027777785343],[-16.43231481762541,15.839814826193162],[-16.432499999984998,15.838611111186367],[-16.43166666665138,15.837777777852807],[-16.432499999984998,15.836944444519304],[-16.43138888887364,15.835833333408061],[-16.43194444442929,15.835277777852184],[-16.43138888887364,15.834166666740998],[-16.432499999984998,15.831944444518228]]]}},{"type":"Feature","properties":{"OBJECTID":13719,"Id":13719,"Contour":20.0,"Shape_Leng":0.00234409455342},"geometry":{"type":"LineString","coordinates":[[-16.42930555553977,15.831944444518228],[-16.429999999984375,15.832638888962776],[-16.430277777762228,15.831944444518228]]}},{"type":"Feature","properties":{"OBJECTID":13720,"Id":13720,"Contour":15.0,"Shape_Leng":0.0691635414399},"geometry":{"type":"LineString","coordinates":[[-16.427867494872856,15.833602484740855],[-16.428055555539572,15.834166666740998],[-16.4277451702443,15.834114936680693]]}},{"type":"Feature","properties":{"OBJECTID":13722,"Id":13722,"Contour":5.0,"Shape_Leng":0.00277777777853},"geometry":{"type":"LineString","coordinates":[[-16.513333333336277,15.831666666740375],[-16.513888888891984,15.831666666740375],[-16.51361111111413,15.832500000073935],[-16.513333333336277,15.832222222296082],[-16.513333333336277,15.831666666740375]]}},{"type":"Feature","properties":{"OBJECTID":13723,"Id":13723,"Contour":15.0,"Shape_Leng":0.0032997844736},"geometry":{"type":"LineString","coordinates":[[-16.489722222219882,15.831666666740375],[-16.489259257844026,15.831944444518228],[-16.489166666664232,15.832777777851788],[-16.489861111108837,15.832222222296082],[-16.489722222219882,15.831666666740375]]}},{"type":"Feature","properties":{"OBJECTID":13724,"Id":13724,"Contour":5.0,"Shape_Leng":0.00326693115496},"geometry":{"type":"LineString","coordinates":[[-16.485833333330163,15.831527777851534],[-16.485277777774456,15.831944444518228],[-16.486388888885756,15.832500000073935],[-16.486249999996915,15.831805555629387],[-16.485833333330163,15.831527777851534]]}},{"type":"Feature","properties":{"OBJECTID":13725,"Id":13725,"Contour":5.0,"Shape_Leng":0.756050373532},"geometry":{"type":"MultiLineString","coordinates":[[[-16.438998913615944,15.877872181071837],[-16.440555555542346,15.875277777861186],[-16.441388888875736,15.875555555639039],[-16.440277777764436,15.878333333417459],[-16.440500079524725,15.879500408754756]],[[-16.442162685523122,15.88130374114896],[-16.444035949694523,15.877647060902063],[-16.449444444433198,15.872777777860733],[-16.44888888887749,15.871944444527003],[-16.451388888878114,15.864097222303144],[-16.45249999998947,15.864444444525532],[-16.451666666655854,15.866944444525984],[-16.451944444433707,15.867777777859487],[-16.45222222221156,15.867777777859487]],[[-16.45222222221156,15.867777777859487],[-16.45249999998947,15.867777777859487]],[[-16.45249999998947,15.867777777859487],[-16.452777777767267,15.867777777859487]],[[-16.45222222221156,15.867777777859487],[-16.45222222221156,15.869166666748754],[-16.451805555544865,15.87027777786011],[-16.451944444433707,15.871388888971524],[-16.45111111110026,15.87333333341627],[-16.451944444433707,15.873611111194066],[-16.453055555545006,15.871388888971524],[-16.454999999989923,15.870000000082257],[-16.456388888879076,15.863888888969825],[-16.454999999989923,15.859444444524286],[-16.456388888879076,15.85527777785677],[-16.457499999990546,15.85444444452321],[-16.4577777777684,15.855000000078917],[-16.45694444443484,15.860277777857846],[-16.45794444613051,15.861222229084206],[-16.459722222213202,15.861388888969202],[-16.460833333324615,15.860833333413495],[-16.46027777776891,15.859166666746432],[-16.46166666665806,15.860277777857846],[-16.46305555554727,15.859861111191151],[-16.46388888888083,15.857222222301687],[-16.466666666659194,15.85833333341293],[-16.46620370228328,15.85611111119033],[-16.4673611111038,15.85527777785677],[-16.46638888888134,15.850833333411401],[-16.46743826971391,15.849660508975262],[-16.469999999993263,15.848888888966485],[-16.46861111110411,15.852777777856147],[-16.470277777771116,15.853055555634],[-16.471666666660326,15.85222222230044],[-16.471666666660326,15.849166666744338],[-16.473333333327332,15.848333333410778],[-16.473999998298723,15.848722229081488],[-16.47416666666095,15.847777777855129],[-16.473333333327332,15.847222222299422],[-16.47527777777225,15.845000000076652],[-16.473333333327332,15.846111111188009],[-16.471666666660326,15.845555555632359],[-16.472037035617973,15.847222222299422],[-16.470277777771116,15.84847222229962],[-16.46944444443767,15.848333333410778],[-16.470555555549026,15.846388888965862],[-16.469999999993263,15.845555555632359],[-16.472222222216033,15.84486111118781],[-16.473055555549593,15.845555555632359],[-16.47350000168956,15.842388882183343],[-16.47416666666095,15.84333333340959],[-16.475833333327955,15.843611111187386],[-16.47444444443863,15.841944444520493],[-16.475833333327955,15.84027777785343],[-16.474999999994395,15.840000000075577],[-16.473055555549593,15.84166666674264],[-16.472499999993886,15.839166666742074],[-16.471388888882416,15.839027777853232],[-16.47083333332688,15.840138888964589],[-16.469999999993263,15.83805555563066],[-16.468222223910573,15.837944437737804],[-16.46638888888134,15.8425000000762],[-16.46638888888134,15.845000000076652],[-16.46499999999213,15.843055555631906],[-16.466277779465713,15.83988888218272],[-16.467499999992754,15.839722222297723],[-16.466944444437047,15.838611111186367],[-16.467777777770607,15.837777777852807],[-16.467314813394694,15.833333333407438],[-16.468333333326257,15.832777777851788],[-16.467777777770607,15.831666666740375]]]}},{"type":"Feature","properties":{"OBJECTID":13726,"Id":13726,"Contour":5.0,"Shape_Leng":0.0268141787267},"geometry":{"type":"LineString","coordinates":[[-16.4661111111036,15.831666666740375],[-16.46388888888083,15.835277777852184],[-16.463611111102978,15.837777777852807],[-16.464166666658684,15.83805555563066],[-16.46305555554727,15.840000000075577],[-16.463425924504918,15.841296285069234],[-16.46305555554727,15.8425000000762],[-16.462222222213825,15.841388888964843],[-16.4625925911713,15.83666666674145],[-16.464259257838478,15.831666666740375]]}},{"type":"Feature","properties":{"OBJECTID":13727,"Id":13727,"Contour":10.0,"Shape_Leng":1.30272087112},"geometry":{"type":"MultiLineString","coordinates":[[[-16.43027545116505,15.861111111191349],[-16.430277777762228,15.861111111191349],[-16.430278245501317,15.861114385364958]],[[-16.43127431910804,15.862281502563077],[-16.43416666665206,15.859166666746432],[-16.43416666665206,15.860833333413495],[-16.432499999984998,15.862777777858469],[-16.432499999984998,15.863717654692037]],[[-16.433905583817133,15.865364602320007],[-16.43499999998545,15.862962968695001],[-16.435555555541214,15.863888888969825],[-16.437301584865622,15.86353174853457],[-16.437916666652825,15.865555555636718],[-16.436944444430367,15.86666666674813],[-16.436388888874774,15.865000000081011],[-16.43527777776336,15.864444444525532],[-16.434854452018072,15.86647640810282]],[[-16.436423165778482,15.86831449797523],[-16.436944444430367,15.867500000081634],[-16.439259262071403,15.86666666674813],[-16.437406889987425,15.869559410985076]],[[-16.438191385130015,15.874278838306486],[-16.438333333319576,15.874444444527626],[-16.438245186445418,15.874602500473474]],[[-16.43858656571383,15.876656196613618],[-16.439722222208843,15.875972222305677],[-16.440462960124023,15.874166666749773],[-16.43944444443099,15.869722222304404],[-16.442870373183382,15.863055555636265],[-16.444930555543294,15.861041666746871],[-16.445833333321275,15.861111111191349],[-16.445138888876727,15.861805555636067],[-16.445833333321275,15.863055555636265],[-16.444074071235946,15.864907413139917],[-16.444277776069896,15.86677778464093],[-16.443055555542912,15.86722222230378],[-16.443333333320766,15.8688888889709],[-16.444444444432122,15.86944444452655],[-16.44472222220986,15.866944444525984],[-16.44856060450786,15.861060604599572],[-16.44805555554393,15.858611111190726],[-16.446833335016947,15.85877777107578],[-16.44666666665472,15.860277777857846],[-16.44638888887698,15.860277777857846],[-16.44694444443263,15.858055555635076],[-16.445763888876854,15.855555555634623],[-16.448333333321784,15.848333333410778],[-16.453055555545006,15.843055555631906],[-16.453333333322917,15.844722222298799],[-16.450833333322407,15.848888888966485],[-16.4502777777667,15.850555555633377],[-16.450833333322407,15.851111111189255],[-16.449666663264622,15.851611124752594],[-16.448333333321784,15.853611111189707],[-16.448999998293118,15.854277784638214],[-16.44805555554393,15.85444444452321],[-16.447666668350394,15.85572221551962],[-16.44777777776619,15.856388888968183],[-16.4491666666554,15.856388888968183],[-16.45361111110077,15.848333333410778],[-16.456666666656986,15.846666666743715],[-16.457499999990546,15.845000000076652],[-16.45694444443484,15.844444444520946],[-16.457611109406173,15.843222215516903],[-16.456111111101336,15.842777777854053],[-16.456111111101336,15.840833333409137],[-16.45815656872975,15.838712124369977],[-16.458055555546252,15.837777777852807],[-16.458999998295496,15.837888895745664],[-16.459444444435462,15.83666666674145],[-16.46055555554676,15.836388888963597],[-16.460833333324615,15.834722222296705],[-16.460833333324615,15.835555555630037],[-16.462499999991678,15.835000000074558],[-16.46388888888083,15.831666666740375]]]}},{"type":"Feature","properties":{"OBJECTID":13728,"Id":13728,"Contour":10.0,"Shape_Leng":0.00783986850082},"geometry":{"type":"LineString","coordinates":[[-16.462037035615765,15.831666666740375],[-16.46166666665806,15.833611111185292],[-16.46027777776891,15.834722222296705],[-16.459861111102214,15.833888888963145],[-16.46111111110247,15.831666666740375]]}},{"type":"Feature","properties":{"OBJECTID":13729,"Id":13729,"Contour":20.0,"Shape_Leng":0.00119962175317},"geometry":{"type":"LineString","coordinates":[[-16.459583333324304,15.831666666740375],[-16.460208333324488,15.831666666740375]]}},{"type":"Feature","properties":{"OBJECTID":13730,"Id":13730,"Contour":15.0,"Shape_Leng":0.0109157356149},"geometry":{"type":"LineString","coordinates":[[-16.458333333323992,15.831666666740375],[-16.458611111101845,15.835833333408061],[-16.459444444435462,15.834722222296705],[-16.45905555724181,15.833222215514638],[-16.46050000083892,15.831666666740375]]}},{"type":"Feature","properties":{"OBJECTID":13731,"Id":13731,"Contour":10.0,"Shape_Leng":0.00561020449697},"geometry":{"type":"LineString","coordinates":[[-16.4577777777684,15.831666666740375],[-16.457499999990546,15.834027777851986],[-16.45620370651966,15.831666666740375]]}},{"type":"Feature","properties":{"OBJECTID":13732,"Id":13732,"Contour":10.0,"Shape_Leng":0.00739760310895},"geometry":{"type":"LineString","coordinates":[[-16.454999999989923,15.831666666740375],[-16.45361111110077,15.83425927063638],[-16.453333333322917,15.833333333407438],[-16.454166666656477,15.832777777851788],[-16.45361111110077,15.831666666740375]]}},{"type":"Feature","properties":{"OBJECTID":13733,"Id":13733,"Contour":20.0,"Shape_Leng":0.00196338820393},"geometry":{"type":"LineString","coordinates":[[-16.452407404571147,15.831666666740375],[-16.45249999998947,15.8324305556294],[-16.452777777767267,15.831666666740375]]}},{"type":"Feature","properties":{"OBJECTID":13734,"Id":13734,"Contour":15.0,"Shape_Leng":0.0193709733625},"geometry":{"type":"LineString","coordinates":[[-16.452013888878128,15.831666666740375],[-16.45124999998916,15.835000000074558],[-16.45263888887831,15.835555555630037],[-16.451388888878114,15.837777777852807],[-16.45222222221156,15.83805555563066],[-16.45222222221156,15.83888888896422],[-16.453888888878623,15.837500000074954],[-16.452777777767267,15.834722222296705],[-16.453055555545006,15.831666666740375]]}},{"type":"Feature","properties":{"OBJECTID":13735,"Id":13735,"Contour":15.0,"Shape_Leng":0.00159312010844},"geometry":{"type":"LineString","coordinates":[[-16.450111109404588,15.831666666740375],[-16.450555555544554,15.832222222296082],[-16.451203706518527,15.831666666740375]]}},{"type":"Feature","properties":{"OBJECTID":13736,"Id":13736,"Contour":15.0,"Shape_Leng":0.0168008593402},"geometry":{"type":"LineString","coordinates":[[-16.445347222210103,15.831944444518228],[-16.445972222210173,15.833055555629585],[-16.444999999987715,15.835277777852184],[-16.445833333321275,15.835833333408061],[-16.447083333321586,15.834444444518851],[-16.447222222210485,15.831944444518228],[-16.448240737903518,15.832222222296082],[-16.44777777776619,15.833333333407438],[-16.448333333321784,15.834166666740998],[-16.4491666666554,15.834027777851986],[-16.4491666666554,15.831666666740375]]}},{"type":"Feature","properties":{"OBJECTID":13737,"Id":13737,"Contour":10.0,"Shape_Leng":0.000277777777853},"geometry":{"type":"LineString","coordinates":[[-16.44972222221105,15.831666666740375],[-16.449444444433198,15.831666666740375]]}},{"type":"Feature","properties":{"OBJECTID":13738,"Id":13738,"Contour":20.0,"Shape_Leng":0.000969635900352},"geometry":{"type":"LineString","coordinates":[[-16.448333333321784,15.831666666740375],[-16.44888888887749,15.831666666740375]]}},{"type":"Feature","properties":{"OBJECTID":13739,"Id":13739,"Contour":20.0,"Shape_Leng":0.00192133682946},"geometry":{"type":"LineString","coordinates":[[-16.4456481509618,15.831944444518228],[-16.44638888887698,15.832361111184923],[-16.446805555543733,15.831666666740375]]}},{"type":"Feature","properties":{"OBJECTID":13740,"Id":13740,"Contour":10.0,"Shape_Leng":0.00659069558382},"geometry":{"type":"LineString","coordinates":[[-16.49388888888751,15.831111111184669],[-16.49277777777604,15.832500000073935],[-16.49472222222107,15.832777777851788],[-16.49472222222107,15.831944444518228],[-16.49388888888751,15.831111111184669]]}},{"type":"Feature","properties":{"OBJECTID":13741,"Id":13741,"Contour":5.0,"Shape_Leng":0.000465575532068},"geometry":{"type":"LineString","coordinates":[[-16.482499999996094,15.831388888962522],[-16.482916666662845,15.831388888962522]]}},{"type":"Feature","properties":{"OBJECTID":13742,"Id":13742,"Contour":5.0,"Shape_Leng":0.0169285512904},"geometry":{"type":"LineString","coordinates":[[-16.479907408815677,15.831388888962522],[-16.477916666661713,15.834583333407693],[-16.479166666662024,15.83569444451905],[-16.480555555551234,15.835000000074558],[-16.48027777777338,15.836111111185915],[-16.481666666662534,15.835555555630037],[-16.48027777777338,15.834166666740998],[-16.481527777773692,15.831388888962522]]}},{"type":"Feature","properties":{"OBJECTID":13743,"Id":13743,"Contour":5.0,"Shape_Leng":0.00559096795782},"geometry":{"type":"LineString","coordinates":[[-16.47629629770387,15.831388888962522],[-16.475555555550102,15.833333333407438],[-16.477222222217165,15.832500000073935],[-16.477407408815225,15.831388888962522]]}},{"type":"Feature","properties":{"OBJECTID":13744,"Id":13744,"Contour":5.0,"Shape_Leng":0.0126064183567},"geometry":{"type":"LineString","coordinates":[[-16.46902777777092,15.831666666740375],[-16.468055555548347,15.834722222296705],[-16.469583333326568,15.835972222296903],[-16.47083333332688,15.835277777852184],[-16.473055555549593,15.831388888962522]]}},{"type":"Feature","properties":{"OBJECTID":13745,"Id":13745,"Contour":10.0,"Shape_Leng":0.0071322890153},"geometry":{"type":"LineString","coordinates":[[-16.469999999993263,15.831666666740375],[-16.469722222215523,15.833611111185292],[-16.47083333332688,15.834166666740998],[-16.47212963103624,15.831388888962522]]}},{"type":"Feature","properties":{"OBJECTID":13746,"Id":13746,"Contour":15.0,"Shape_Leng":0.00111111111119},"geometry":{"type":"MultiLineString","coordinates":[[[-16.471388888882416,15.831388888962522],[-16.471388888882416,15.831666666740375]],[[-16.471388888882416,15.831666666740375],[-16.471111111104676,15.831666666740375]]]}},{"type":"Feature","properties":{"OBJECTID":13747,"Id":13747,"Contour":5.0,"Shape_Leng":0.00205950376789},"geometry":{"type":"LineString","coordinates":[[-16.505555555556782,15.830833333406815],[-16.50527777777893,15.830833333406815],[-16.50527777777893,15.831388888962522],[-16.505833333334635,15.831111111184669],[-16.505555555556782,15.830833333406815]]}},{"type":"Feature","properties":{"OBJECTID":13748,"Id":13748,"Contour":10.0,"Shape_Leng":0.0640572538163},"geometry":{"type":"LineString","coordinates":[[-16.489166666664232,15.831111111184669],[-16.486666666663666,15.833333333407438],[-16.485138888885444,15.836388888963597],[-16.485277777774456,15.836944444519304],[-16.485555555552367,15.836944444519304],[-16.485833333330163,15.8372222222971],[-16.485833333330163,15.837500000074954],[-16.484166666663157,15.837777777852807],[-16.484166666663157,15.83944444451987],[-16.48297618865587,15.840753953797616],[-16.48311728583053,15.843117268956462],[-16.481296297705,15.84333333340959],[-16.480555555551234,15.846388888965862],[-16.481666666662534,15.846111111188009],[-16.483055555551687,15.848333333410778],[-16.483888888885303,15.848055555632925],[-16.482611109411778,15.845722215517355],[-16.48180555555149,15.84569444452137],[-16.481882714161543,15.844104953418537],[-16.482962964372007,15.845648159527741],[-16.485833333330163,15.845555555632359],[-16.486249999996915,15.843611111187386],[-16.485277777774456,15.8425000000762],[-16.486111111108016,15.837777777852807],[-16.487499999997226,15.837777777852807],[-16.488333333330672,15.836111111185915],[-16.489833331635623,15.8362222290786],[-16.490555555553442,15.831944444518228],[-16.49305555555395,15.830833333406815]]}},{"type":"Feature","properties":{"OBJECTID":13749,"Id":13749,"Contour":10.0,"Shape_Leng":0.00215250475306},"geometry":{"type":"LineString","coordinates":[[-16.48712963103958,15.830833333406815],[-16.487499999997226,15.831666666740375],[-16.488472222219684,15.831111111184669]]}},{"type":"Feature","properties":{"OBJECTID":13750,"Id":13750,"Contour":5.0,"Shape_Leng":0.000555555555479},"geometry":{"type":"LineString","coordinates":[[-16.512777777780627,15.830555555629019],[-16.513055555558367,15.830555555629019]]}},{"type":"Feature","properties":{"OBJECTID":13751,"Id":13751,"Contour":5.0,"Shape_Leng":0.0117870004385},"geometry":{"type":"LineString","coordinates":[[-16.501666666667006,15.830555555629019],[-16.50277777777842,15.830833333406815],[-16.50194444444486,15.831111111184669],[-16.502222222222713,15.832777777851788],[-16.5,15.833611111185292],[-16.501388888889096,15.832222222296082],[-16.501666666667006,15.830555555629019]]}},{"type":"Feature","properties":{"OBJECTID":13752,"Id":13752,"Contour":5.0,"Shape_Leng":0.00761505932457},"geometry":{"type":"LineString","coordinates":[[-16.500277777777796,15.830555555629019],[-16.500555555555707,15.830555555629019],[-16.500555555555707,15.831111111184669],[-16.499166666666497,15.830555555629019],[-16.499444444444237,15.831944444518228],[-16.498333333332937,15.831666666740375],[-16.498055555555027,15.830555555629019]]}},{"type":"Feature","properties":{"OBJECTID":13753,"Id":13753,"Contour":5.0,"Shape_Leng":0.00111111111141},"geometry":{"type":"MultiLineString","coordinates":[[[-16.506944444445992,15.830277777851165],[-16.506944444445992,15.830555555629019]],[[-16.506944444445992,15.830555555629019],[-16.507222222223845,15.830555555629019]]]}},{"type":"Feature","properties":{"OBJECTID":13754,"Id":13754,"Contour":5.0,"Shape_Leng":0.00732281272016},"geometry":{"type":"LineString","coordinates":[[-16.50611111111249,15.830000000073312],[-16.50666666666808,15.831666666740375],[-16.505000000001075,15.831666666740375],[-16.504166666667572,15.830833333406815],[-16.50527777777893,15.830277777851165]]}},{"type":"Feature","properties":{"OBJECTID":13755,"Id":13755,"Contour":5.0,"Shape_Leng":0.000398968138055},"geometry":{"type":"LineString","coordinates":[[-16.505451388890094,15.830104166740057],[-16.505833333334635,15.830000000073312]]}},{"type":"Feature","properties":{"OBJECTID":13756,"Id":13756,"Contour":5.0,"Shape_Leng":0.00257589595396},"geometry":{"type":"LineString","coordinates":[[-16.527861111170296,15.830194430954464],[-16.528055555561707,15.829444444517776],[-16.527500000006114,15.829444444517776],[-16.527777777783967,15.830416666740177]]}},{"type":"Feature","properties":{"OBJECTID":13757,"Id":13757,"Contour":5.0,"Shape_Leng":0.029336455836},"geometry":{"type":"LineString","coordinates":[[-16.511666666669214,15.829722222295459],[-16.511944444447067,15.830555555629019],[-16.509166666668705,15.830277777851165],[-16.509722222224298,15.831944444518228],[-16.511203704412594,15.83129628506714],[-16.510833333335768,15.833333333407438],[-16.51236111111382,15.833611111185292],[-16.51138888889136,15.834444444518851],[-16.510444444022937,15.834055548848141],[-16.51000000000215,15.834722222296705],[-16.509722222224298,15.834722222296705],[-16.509722222224298,15.835000000074558],[-16.509444444446558,15.835000000074558],[-16.509444444446558,15.835277777852184],[-16.50888888889085,15.835277777852184],[-16.51000000000215,15.834444444518851],[-16.50888888889085,15.833888888963145],[-16.50824074003617,15.832222222296082],[-16.509166666668705,15.831111111184669],[-16.50888888889085,15.830000000073312]]}},{"type":"Feature","properties":{"OBJECTID":13758,"Id":13758,"Contour":0.0,"Shape_Leng":0.777500000173},"geometry":{"type":"LineString","coordinates":[[-16.493964231253685,15.94786719973968],[-16.49499999999881,15.94527777787681],[-16.494166666665365,15.945000000098958],[-16.493611111109658,15.943055555654041],[-16.49472222222107,15.941388888986978],[-16.493333333331805,15.938333333430649],[-16.49388888888751,15.938055555652795],[-16.49305555555395,15.93472222231884],[-16.493611111109658,15.932777777873923],[-16.49249999999836,15.93250000009607],[-16.49305555555395,15.929722222317764],[-16.49166666666474,15.929166666762114],[-16.491388888887002,15.927500000094994],[-16.488333333330672,15.926666666761491],[-16.488333333330672,15.925277777872225],[-16.490555555553442,15.924722222316575],[-16.49027777777559,15.923611111205332],[-16.490833333331295,15.923611111205332],[-16.49194444444265,15.924444444538722],[-16.497499999999434,15.924722222316575],[-16.498333333332937,15.925833333427931],[-16.500277777777796,15.926388888983638],[-16.500833333333503,15.93111111120686],[-16.50277777777842,15.932222222318387],[-16.50305555555616,15.93694444454161],[-16.505555555556782,15.937222222319463],[-16.505555555556782,15.935000000096693],[-16.504722222223222,15.934166666763133],[-16.50611111111249,15.933611111207426],[-16.506944444445992,15.93166666676251],[-16.50666666666808,15.929722222317764],[-16.50750000000164,15.928611111206408],[-16.50750000000164,15.925833333427931],[-16.505555555556782,15.923611111205332],[-16.505555555556782,15.921666666760416],[-16.50805555555729,15.919166666759793],[-16.50750000000164,15.913611111203068],[-16.506944444445992,15.913611111203068],[-16.50777777777938,15.911666666758151],[-16.50777777777938,15.90472222231216],[-16.509166666668705,15.90333333342295],[-16.508333333335145,15.893611111198652],[-16.51027777778006,15.887222222308367],[-16.51000000000215,15.881944444529324],[-16.510555555557914,15.881944444529324],[-16.510833333335768,15.878055555639605],[-16.51027777778006,15.87472222230548],[-16.513888888891984,15.863333333414118],[-16.514444444447577,15.851111111189255],[-16.515277777781137,15.848333333410778],[-16.51472222222543,15.846666666743715],[-16.516666666670346,15.842777777854053],[-16.516666666670346,15.841944444520493],[-16.515833333336843,15.84166666674264],[-16.516111111114697,15.835277777852184],[-16.518333333337353,15.832500000073935],[-16.518611111115206,15.829444444517776]]}},{"type":"Feature","properties":{"OBJECTID":13759,"Id":13759,"Contour":5.0,"Shape_Leng":0.775441565539},"geometry":{"type":"MultiLineString","coordinates":[[[-16.486111111108016,15.831111111184669],[-16.48694444444152,15.831944444518228],[-16.486000001692275,15.832666659958932],[-16.485277777774456,15.835277777852184],[-16.482499999996094,15.836388888963597],[-16.483055555551687,15.8372222222971],[-16.48138888888468,15.8372222222971],[-16.48138888888468,15.83944444451987],[-16.481944444440387,15.840000000075577],[-16.482499999996094,15.83944444451987],[-16.482777777773947,15.83944444451987],[-16.482777777773947,15.839166666742074],[-16.482777777773947,15.83805555563066],[-16.482499999996094,15.83805555563066],[-16.483055555551687,15.837777777852807],[-16.483333333329597,15.839166666742074],[-16.48138888888468,15.841388888964843],[-16.480555555551234,15.841388888964843],[-16.48027777777338,15.841388888964843],[-16.480833333329088,15.8425000000762],[-16.47999999999547,15.84333333340959],[-16.47972222221773,15.842777777854053],[-16.48027777777338,15.842777777854053],[-16.47999999999547,15.84166666674264],[-16.480833333329088,15.838333333408514],[-16.479444444439878,15.836944444519304],[-16.4792460335579,15.837857157464498],[-16.478333333328465,15.83805555563066],[-16.47999999999547,15.839722222297723],[-16.47888888888417,15.840555555631283],[-16.47888888888417,15.842083333409335],[-16.47805555555061,15.842222222298346],[-16.478333333328465,15.84111111118699],[-16.477222222217165,15.841388888964843],[-16.477222222217165,15.84333333340959]],[[-16.477222222217165,15.84333333340959],[-16.47888888888417,15.84333333340959],[-16.48027777777338,15.845000000076652],[-16.47888888888417,15.845277777854506],[-16.479166666662024,15.845833333410155],[-16.47888888888417,15.846111111188009],[-16.478611111106318,15.845000000076652],[-16.47749999999502,15.845833333410155],[-16.476805555550413,15.844722222298799],[-16.477222222217165,15.84333333340959]],[[-16.477222222217165,15.84333333340959],[-16.475833333327955,15.844722222298799],[-16.476388888883662,15.845555555632359],[-16.475416666661204,15.848611111188632],[-16.476388888883662,15.848611111188632],[-16.475833333327955,15.849722222300045],[-16.47694444443931,15.849166666744338],[-16.4766666666614,15.847500000077275],[-16.47805555555061,15.847222222299422],[-16.47935185326014,15.850555555633377],[-16.47805555555061,15.851111111189255],[-16.479097222217604,15.852777777856147],[-16.4777777777727,15.855555555634623],[-16.47749999999502,15.858611111190726],[-16.474611112800858,15.860166659964989],[-16.474999999994395,15.863333333414118],[-16.475555555550102,15.863194444525107],[-16.475833333327955,15.863333333414118],[-16.47444444443863,15.863888888969825],[-16.47444444443863,15.864722222303385],[-16.472499999993886,15.864722222303385],[-16.471249999993574,15.865833333414741],[-16.472222222216033,15.866944444525984],[-16.471249999993574,15.869722222304404],[-16.47180555554928,15.870555555637964],[-16.47016666835532,15.87211110441217],[-16.470277777771116,15.87333333341627],[-16.469351853257876,15.873518524252972],[-16.469722222215523,15.874166666749773],[-16.46861111110411,15.874166666749773],[-16.468333333326257,15.873055555638416],[-16.466944444437047,15.872222222305027],[-16.463611111102978,15.87388888897192],[-16.46388888888083,15.87472222230548],[-16.466666666659194,15.873055555638416],[-16.467055553852674,15.874000006864776],[-16.465833333325747,15.87388888897192],[-16.465555555547894,15.87472222230548],[-16.46638888888134,15.87472222230548],[-16.4661111111036,15.876111111194689],[-16.466944444437047,15.876388888972542],[-16.466666666659194,15.875277777861186],[-16.467777777770607,15.87388888897192],[-16.467777777770607,15.875000000083332],[-16.46861111110411,15.87472222230548],[-16.46861111110411,15.876388888972542],[-16.468055555548347,15.876666666750396],[-16.468333333326257,15.875833333416836],[-16.467777777770607,15.875833333416836],[-16.466944444437047,15.876944444528249],[-16.468888888881963,15.876944444528249],[-16.468055555548347,15.877777777861809],[-16.46902777777092,15.878611111195312],[-16.467666668354866,15.879055548858162],[-16.468888888881963,15.879444444528872],[-16.468333333326257,15.880000000084351],[-16.466555557243566,15.880166659969575],[-16.465555555547894,15.881111111195764],[-16.467777777770607,15.881111111195764],[-16.467777777770607,15.88222222230712],[-16.4672222222149,15.88291666675184],[-16.465833333325747,15.88222222230712],[-16.465944442741375,15.883166673533538],[-16.46499999999213,15.883611111196387],[-16.4661111111036,15.88444444452989],[-16.465555555547894,15.88611111119701],[-16.464166666658684,15.886944444530343],[-16.465138888881143,15.88888888897526],[-16.46305555554727,15.892777777865149],[-16.463611111102978,15.893611111198652],[-16.462222222213825,15.898333333421874],[-16.46277777776953,15.89944444453323],[-16.463611111102978,15.899166666755434],[-16.464166666658684,15.896111111199104],[-16.466458333325875,15.893680555643016],[-16.466944444437047,15.891388888975882],[-16.468333333326257,15.890833333420176],[-16.468333333326257,15.89055555564238],[-16.468333333326257,15.890000000086673],[-16.468055555548347,15.890000000086673],[-16.468055555548347,15.88972222230882],[-16.469583333326568,15.88972222230882],[-16.469166666659817,15.88833333341961],[-16.471388888882416,15.88611111119701],[-16.473333333327332,15.881944444529324],[-16.47416666666095,15.883194444529693],[-16.47527777777225,15.88222222230712],[-16.475555555550102,15.885000000085597],[-16.47416666666095,15.88527777786345],[-16.47416666666095,15.886388888974864],[-16.475555555550102,15.88611111119701],[-16.475833333327955,15.88750000008622],[-16.473888888883096,15.891666666753736],[-16.472222222216033,15.891666666753736],[-16.472222222216033,15.897222222310461],[-16.47277777777174,15.897222222310461],[-16.473333333327332,15.892500000087296],[-16.473611111105186,15.892222222309442],[-16.47444444443863,15.892500000087296],[-16.473749999994197,15.893333333420799],[-16.474722222216542,15.894166666754359],[-16.47611111110581,15.892222222309442],[-16.475416666661204,15.89055555564238],[-16.4767777760772,15.89066667353518],[-16.47627777946792,15.887388882193193],[-16.47874999999516,15.884166666752094],[-16.4777777777727,15.883333333418534],[-16.47872222052206,15.881777784644271],[-16.47888888888417,15.878888888973165],[-16.480555555551234,15.879583333417713],[-16.47999999999547,15.877500000083955],[-16.48111111110694,15.877222222306102],[-16.48138888888468,15.875833333416836],[-16.48222222221824,15.875833333416836],[-16.482499999996094,15.87388888897192],[-16.484166666663157,15.874166666749773],[-16.48361111110745,15.872777777860733],[-16.484999999996603,15.87333333341627],[-16.484166666663157,15.87111111119367],[-16.48486111110776,15.872361111193868],[-16.48694444444152,15.87250000008288],[-16.48694444444152,15.87111111119367],[-16.483888888885303,15.87027777786011],[-16.485277777774456,15.870000000082257],[-16.485555555552367,15.869166666748754],[-16.485277777774456,15.867500000081634],[-16.48444444444101,15.86722222230378],[-16.485277777774456,15.86666666674813],[-16.485277777774456,15.866388888970278],[-16.485277777774456,15.866111111192424],[-16.484999999996603,15.866111111192424],[-16.48472222221875,15.865833333414741],[-16.48472222221875,15.865555555636718],[-16.485555555552367,15.866111111192424],[-16.486111111108016,15.867500000081634],[-16.487499999997226,15.867500000081634],[-16.48777777777508,15.866388888970278],[-16.48805555555282,15.866388888970278]],[[-16.48805555555282,15.866388888970278],[-16.488333333330672,15.866388888970278]],[[-16.488333333330672,15.866388888970278],[-16.488611111108526,15.866388888970278]],[[-16.48805555555282,15.866388888970278],[-16.48805555555282,15.86805555563734],[-16.488333333330672,15.868333333415194],[-16.488611111108526,15.868333333415194]],[[-16.488611111108526,15.868333333415194],[-16.488888888886436,15.868333333415194]],[[-16.488888888886436,15.868333333415194],[-16.489166666664232,15.868333333415194]],[[-16.489166666664232,15.868333333415194],[-16.489166666664232,15.86805555563734],[-16.489166666664232,15.867777777859487],[-16.489444444441972,15.867777777859487],[-16.489166666664232,15.86722222230378],[-16.489722222219882,15.86722222230378],[-16.489999999997735,15.868333333415194],[-16.491388888887002,15.86805555563734],[-16.491388888887002,15.868333333415194]],[[-16.491388888887002,15.868333333415194],[-16.491388888887002,15.8688888889709]],[[-16.491388888887002,15.8688888889709],[-16.49249999999836,15.868333333415194],[-16.49305555555395,15.8688888889709],[-16.49194444444265,15.869166666748754],[-16.491388888887002,15.8688888889709]],[[-16.491388888887002,15.868333333415194],[-16.49111111110915,15.868333333415194],[-16.490833333331295,15.868333333415194],[-16.49027777777559,15.869166666748754],[-16.489722222219882,15.868333333415194],[-16.489166666664232,15.868333333415194]],[[-16.488611111108526,15.868333333415194],[-16.488611111108526,15.868611111193047],[-16.488888888886436,15.869166666748754],[-16.488333333330672,15.870555555637964],[-16.488888888886436,15.87111111119367],[-16.489999999997735,15.87027777786011],[-16.489722222219882,15.87166666674932],[-16.49027777777559,15.87166666674932],[-16.48777777777508,15.872222222305027],[-16.48777777777508,15.872777777860733]],[[-16.48777777777508,15.872777777860733],[-16.488333333330672,15.872777777860733]],[[-16.488333333330672,15.872777777860733],[-16.488611111108526,15.872777777860733],[-16.489166666664232,15.873055555638416],[-16.489722222219882,15.872777777860733],[-16.489722222219882,15.87333333341627],[-16.489999999997735,15.87333333341627]],[[-16.489999999997735,15.87333333341627],[-16.49027777777559,15.87333333341627]],[[-16.49027777777559,15.87333333341627],[-16.490555555553442,15.87333333341627]],[[-16.490555555553442,15.87333333341627],[-16.490833333331295,15.873055555638416],[-16.490555555553442,15.873055555638416],[-16.490555555553442,15.87333333341627]],[[-16.489999999997735,15.87333333341627],[-16.489999999997735,15.873611111194066],[-16.489722222219882,15.873611111194066],[-16.489722222219882,15.874166666749773],[-16.488888888886436,15.874444444527626],[-16.48805555555282,15.87388888897192],[-16.488472222219684,15.87333333341627],[-16.488333333330672,15.873055555638416],[-16.488333333330672,15.872777777860733]],[[-16.48777777777508,15.872777777860733],[-16.487499999997226,15.87333333341627],[-16.486666666663666,15.873055555638416],[-16.485833333330163,15.874444444527626],[-16.487222222219373,15.875277777861186],[-16.486666666663666,15.876666666750396],[-16.48777777777508,15.876388888972542],[-16.488611111108526,15.877638888972797],[-16.489166666664232,15.877222222306102],[-16.489444444441972,15.879166666751019],[-16.491388888887002,15.879444444528872],[-16.49111111110915,15.878333333417459],[-16.489999999997735,15.878055555639605],[-16.491388888887002,15.877500000083955],[-16.492222222220505,15.875277777861186],[-16.490555555553442,15.875833333416836],[-16.489999999997735,15.874444444527626],[-16.491388888887002,15.87388888897192],[-16.49194444444265,15.872222222305027],[-16.493333333331805,15.871944444527003],[-16.494444444443218,15.87333333341627],[-16.493611111109658,15.873611111194066],[-16.49388888888751,15.875000000083332],[-16.497777777777287,15.87472222230548],[-16.49722222222158,15.87333333341627],[-16.498055555555027,15.87333333341627],[-16.498055555555027,15.873055555638416],[-16.498055555555027,15.872777777860733]],[[-16.498055555555027,15.872777777860733],[-16.498055555555027,15.87250000008288]],[[-16.498055555555027,15.87250000008288],[-16.496666666665874,15.873055555638416],[-16.495555555554574,15.870972222304658],[-16.49638888888802,15.872222222305027],[-16.498333333332937,15.871388888971524],[-16.49861111111079,15.871944444527003],[-16.498333333332937,15.871944444527003],[-16.498333333332937,15.872222222305027],[-16.498055555555027,15.87250000008288]],[[-16.498055555555027,15.872777777860733],[-16.49819444444404,15.872916666749575],[-16.49861111111079,15.873055555638416],[-16.498888888888644,15.873055555638416],[-16.498333333332937,15.876111111194689],[-16.497499999999434,15.876666666750396],[-16.497777777777287,15.876944444528249],[-16.49861111111079,15.876944444528249],[-16.49861111111079,15.876666666750396],[-16.499166666666497,15.876666666750396],[-16.49861111111079,15.877222222306102],[-16.498055555555027,15.877222222306102],[-16.497777777777287,15.878611111195312],[-16.49527777777672,15.879166666751019],[-16.496666666665874,15.881944444529324],[-16.499166666666497,15.881666666751471],[-16.49722222222158,15.880555555640058],[-16.499166666666497,15.880555555640058],[-16.499166666666497,15.879722222306555],[-16.50009259329903,15.879537031470022],[-16.499444444444237,15.878055555639605],[-16.49972222222209,15.877500000083955],[-16.49972222222209,15.878611111195312],[-16.500357142554492,15.878412696074747],[-16.50072222179847,15.876555548857539],[-16.500833333333503,15.876388888972542],[-16.501388888889096,15.876388888972542],[-16.501388888889096,15.876111111194689],[-16.501388888889096,15.875555555639039]],[[-16.501388888889096,15.875555555639039],[-16.500833333333503,15.875555555639039]],[[-16.500833333333503,15.875555555639039],[-16.500555555555707,15.875000000083332],[-16.50072222179847,15.874333326634769],[-16.501111111111356,15.874444444527626],[-16.500833333333503,15.875555555639039]],[[-16.501388888889096,15.875555555639039],[-16.50155555513203,15.877055562421106],[-16.502500000000566,15.877777777861809],[-16.502222222222713,15.879166666751019],[-16.504166666667572,15.877777777861809],[-16.503333333334012,15.876944444528249],[-16.503333333334012,15.876388888972542],[-16.50305555555616,15.876388888972542],[-16.50305555555616,15.876111111194689],[-16.50277777777842,15.875833333416836],[-16.504444444445312,15.877222222306102],[-16.50527777777893,15.876666666750396],[-16.505833333334635,15.875000000083332],[-16.504722222223222,15.876388888972542],[-16.503888888889776,15.873611111194066],[-16.50277777777842,15.87250000008288],[-16.502222222222713,15.87250000008288],[-16.50194444444486,15.87250000008288],[-16.50194444444486,15.87333333341627],[-16.501666666667006,15.87333333341627],[-16.501388888889096,15.86944444452655],[-16.500555555555707,15.868611111193047],[-16.50277777777842,15.867638888970646],[-16.504722222223222,15.8688888889709],[-16.505833333334635,15.866388888970278],[-16.50777777777938,15.86722222230378],[-16.508117283716956,15.866728397027146],[-16.50805555555729,15.865833333414741],[-16.506944444445992,15.866388888970278],[-16.50666666666808,15.865555555636718],[-16.508333333335145,15.865277777858864],[-16.50777777777938,15.861944444524909],[-16.507222222223845,15.862500000080615],[-16.50638888889023,15.861944444524909],[-16.507222222223845,15.860833333413495],[-16.50527777777893,15.861388888969202],[-16.50527777777893,15.859861111191151],[-16.504166666667572,15.862500000080615],[-16.502500000000566,15.861944444524909],[-16.503611111111866,15.863055555636265],[-16.50277777777842,15.864444444525532],[-16.503611111111866,15.864722222303385],[-16.50194444444486,15.865555555636718],[-16.501388888889096,15.862777777858469],[-16.50194444444486,15.861944444524909],[-16.500833333333503,15.861111111191349],[-16.501111111111356,15.862500000080615],[-16.49972222222209,15.863611111191972],[-16.5,15.862777777858469],[-16.49861111111079,15.863055555636265],[-16.497777777777287,15.865277777858864],[-16.497499999999434,15.865277777858864],[-16.497499999999434,15.865555555636718],[-16.49722222222158,15.865555555636718]],[[-16.49722222222158,15.865555555636718],[-16.49722222222158,15.865833333414741]],[[-16.49722222222158,15.865833333414741],[-16.496944444443727,15.866111111192424],[-16.49638888888802,15.866111111192424],[-16.49722222222158,15.86722222230378],[-16.49638888888802,15.867500000081634],[-16.496111111110167,15.87027777786011],[-16.49388888888751,15.87027777786011],[-16.49305555555395,15.871388888971524],[-16.49249999999836,15.87111111119367],[-16.493333333331805,15.86944444452655],[-16.495833333332428,15.8688888889709],[-16.495555555554574,15.865833333414741],[-16.49722222222158,15.865833333414741]],[[-16.49722222222158,15.865555555636718],[-16.49722222222158,15.865277777858864],[-16.497777777777287,15.865000000081011],[-16.497777777777287,15.864444444525532],[-16.495833333332428,15.865000000081011],[-16.495833333332428,15.864166666747678],[-16.496111111110167,15.863611111191972],[-16.497777777777287,15.864166666747678],[-16.497499999999434,15.863055555636265],[-16.498749999999745,15.862500000080615],[-16.498055555555027,15.861388888969202],[-16.49972222222209,15.860833333413495],[-16.49819444444404,15.860000000079992],[-16.49972222222209,15.85833333341293],[-16.499444444444237,15.858055555635076],[-16.499444444444237,15.85750000007954],[-16.498888888888644,15.85750000007954],[-16.49861111111079,15.85750000007954]],[[-16.49861111111079,15.85750000007954],[-16.49861111111079,15.857777777857393]],[[-16.49861111111079,15.85750000007954],[-16.49861111111079,15.856944444523663],[-16.49972222222209,15.85750000007954],[-16.500555555555707,15.85666666674598],[-16.501666666667006,15.857777777857393],[-16.501250000000255,15.859027777857591],[-16.50305555555616,15.859166666746432],[-16.502222222222713,15.85666666674598],[-16.49861111111079,15.855833333412477],[-16.498055555555027,15.855000000078917],[-16.498888888888644,15.85444444452321],[-16.501666666667006,15.856388888968183],[-16.502500000000566,15.856388888968183],[-16.50305555555616,15.85527777785677],[-16.503888888889776,15.855833333412477],[-16.50305555555616,15.853055555634],[-16.503333333334012,15.85222222230044],[-16.504444444445312,15.85388888896756],[-16.505833333334635,15.853611111189707],[-16.505833333334635,15.855000000078917],[-16.507222222223845,15.854722222301064],[-16.506944444445992,15.853055555634],[-16.504722222223222,15.852500000078294],[-16.50666666666808,15.851388888966937],[-16.504722222223222,15.849722222300045],[-16.505000000001075,15.848333333410778],[-16.503888888889776,15.848611111188632],[-16.501666666667006,15.847222222299422],[-16.502222222222713,15.844722222298799]],[[-16.502222222222713,15.844722222298799],[-16.501666666667006,15.84486111118781],[-16.501111111111356,15.844722222298799],[-16.501111111111356,15.844444444520946]],[[-16.501111111111356,15.844444444520946],[-16.501111111111356,15.844166666743092]],[[-16.501111111111356,15.844166666743092],[-16.5,15.844444444520946],[-16.499888888465023,15.844055548850235],[-16.500277777777796,15.843888888965239],[-16.501111111111356,15.844166666743092]],[[-16.501111111111356,15.844444444520946],[-16.50194444444486,15.844444444520946],[-16.50194444444486,15.844722222298799],[-16.502222222222713,15.844722222298799]],[[-16.502222222222713,15.844722222298799],[-16.502500000000566,15.845000000076652],[-16.502500000000566,15.845277777854506],[-16.504444444445312,15.844722222298799],[-16.505555555556782,15.845833333410155],[-16.50527777777893,15.846666666743715],[-16.50611111111249,15.846944444521569],[-16.50666666666808,15.846388888965862],[-16.505555555556782,15.844722222298799],[-16.50592592663361,15.84407406284771],[-16.506944444445992,15.845277777854506],[-16.507222222223845,15.848888888966485],[-16.50777777777938,15.848888888966485],[-16.50805555555729,15.846666666743715],[-16.50888888889085,15.84847222229962],[-16.511111111113507,15.847777777855129],[-16.511944444447067,15.846111111188009],[-16.512777777780627,15.846388888965862],[-16.512561728162325,15.84493828675204],[-16.51138888889136,15.845277777854506],[-16.511666666669214,15.844444444520946],[-16.510555555557914,15.844444444520946],[-16.51027777778006,15.846666666743715],[-16.51000000000215,15.846666666743715],[-16.509722222224298,15.846944444521569],[-16.51000000000215,15.845555555632359],[-16.50888888889085,15.845555555632359],[-16.509444444446558,15.843888888965239],[-16.506944444445992,15.843055555631906],[-16.50750000000164,15.842083333409335],[-16.50888888889085,15.843611111187386],[-16.509444444446558,15.84333333340959],[-16.509722222224298,15.844444444520946],[-16.51138888889136,15.84333333340959],[-16.51222222222492,15.844166666743092],[-16.512777777780627,15.84333333340959],[-16.513333333336277,15.843888888965239],[-16.51472222222543,15.840833333409137],[-16.514444444447577,15.83944444451987],[-16.513333333336277,15.83888888896422],[-16.51555555555899,15.838333333408514],[-16.515000000003283,15.837777777852807],[-16.515876068542582,15.83643161357304],[-16.515833333336843,15.833888888963145],[-16.515000000003283,15.833611111185292],[-16.517777777781646,15.832777777851788],[-16.517222222226053,15.831666666740375],[-16.517870370021114,15.829629618400077],[-16.516666666670346,15.829722222295459],[-16.515833333336843,15.831111111184669],[-16.516111111114697,15.829444444517776]]]}},{"type":"Feature","properties":{"OBJECTID":13760,"Id":13760,"Contour":5.0,"Shape_Leng":0.000199715763322},"geometry":{"type":"LineString","coordinates":[[-16.528138888948035,15.829083319843107],[-16.52813492060335,15.828888888961899]]}},{"type":"Feature","properties":{"OBJECTID":13761,"Id":13761,"Contour":5.0,"Shape_Leng":0.000833333333617},"geometry":{"type":"LineString","coordinates":[[-16.528055555561707,15.829444444517776],[-16.527777777783967,15.828888888961899]]}},{"type":"Feature","properties":{"OBJECTID":13762,"Id":13762,"Contour":0.0,"Shape_Leng":0.00666666666831},"geometry":{"type":"LineString","coordinates":[[-16.525555555561255,15.828888888961899],[-16.525555555561255,15.831944444518228],[-16.527777777783967,15.831111111184669]]}}]}