{"type":"FeatureCollection","name":"transport-route-acces.geojson","features":[{"type":"Feature","properties":{"full_id":"w333855722","osm_id":"333855722","osm_type":"way","Type de vo":"service","Niveau":null,"Pont":null,"Tyoe de pi":"grade2","État de s":null,"Vitesse ":null,"Référenc":null,"Nom":null,"Éclairage":null,"Sans issue":null,"Intersecti":null,"Nombre de ":null,"Accès":null,"surface":"Sable","Service":"Voie d’accès","Sens uniqu":null},"geometry":{"type":"LineString","coordinates":[[-16.5109221,15.86713],[-16.5112439,15.8672261],[-16.511411,15.8670732],[-16.5114273,15.8657174],[-16.5115422,15.8654201],[-16.5119716,15.8651751],[-16.5120331,15.8642111],[-16.5125199,15.8639983],[-16.5126124,15.8637028],[-16.5132481,15.8635906]]}},{"type":"Feature","properties":{"full_id":"w482302910","osm_id":"482302910","osm_type":"way","Type de vo":"service","Niveau":null,"Pont":null,"Tyoe de pi":null,"État de s":null,"Vitesse ":null,"Référenc":null,"Nom":null,"Éclairage":null,"Sans issue":null,"Intersecti":null,"Nombre de ":null,"Accès":null,"surface":"compacted","Service":null,"Sens uniqu":null},"geometry":{"type":"LineString","coordinates":[[-16.5119258,15.8646691],[-16.5125065,15.8645942]]}},{"type":"Feature","properties":{"full_id":"w482302913","osm_id":"482302913","osm_type":"way","Type de vo":"service","Niveau":null,"Pont":null,"Tyoe de pi":null,"État de s":null,"Vitesse ":null,"Référenc":null,"Nom":null,"Éclairage":null,"Sans issue":null,"Intersecti":null,"Nombre de ":null,"Accès":null,"surface":"Sable","Service":null,"Sens uniqu":null},"geometry":{"type":"LineString","coordinates":[[-16.5099249,15.8669621],[-16.5104854,15.8656482]]}},{"type":"Feature","properties":{"full_id":"w762170501","osm_id":"762170501","osm_type":"way","Type de vo":"service","Niveau":"1","Pont":"oui","Tyoe de pi":"grade2","État de s":null,"Vitesse ":null,"Référenc":null,"Nom":null,"Éclairage":null,"Sans issue":null,"Intersecti":null,"Nombre de ":null,"Accès":null,"surface":"Sable","Service":"Voie d’accès","Sens uniqu":null},"geometry":{"type":"LineString","coordinates":[[-16.5102789,15.8670972],[-16.5109221,15.86713]]}},{"type":"Feature","properties":{"full_id":"w762170502","osm_id":"762170502","osm_type":"way","Type de vo":"service","Niveau":null,"Pont":null,"Tyoe de pi":"grade2","État de s":null,"Vitesse ":null,"Référenc":null,"Nom":null,"Éclairage":null,"Sans issue":null,"Intersecti":null,"Nombre de ":null,"Accès":null,"surface":"Sable","Service":"Voie d’accès","Sens uniqu":null},"geometry":{"type":"LineString","coordinates":[[-16.5099249,15.8669621],[-16.5102789,15.8670972]]}},{"type":"Feature","properties":{"full_id":"w1013624873","osm_id":"1013624873","osm_type":"way","Type de vo":"service","Niveau":null,"Pont":null,"Tyoe de pi":null,"État de s":null,"Vitesse ":null,"Référenc":null,"Nom":null,"Éclairage":null,"Sans issue":null,"Intersecti":null,"Nombre de ":null,"Accès":null,"surface":"Terre","Service":"Ruelle","Sens uniqu":null},"geometry":{"type":"LineString","coordinates":[[-16.4922393,15.9432722],[-16.4922373,15.9434579],[-16.4920462,15.9434344]]}},{"type":"Feature","properties":{"full_id":"w1013624876","osm_id":"1013624876","osm_type":"way","Type de vo":"service","Niveau":null,"Pont":null,"Tyoe de pi":null,"État de s":null,"Vitesse ":null,"Référenc":null,"Nom":null,"Éclairage":null,"Sans issue":null,"Intersecti":null,"Nombre de ":null,"Accès":null,"surface":"Terre","Service":"Ruelle","Sens uniqu":null},"geometry":{"type":"LineString","coordinates":[[-16.492011,15.9430994],[-16.4920259,15.9432781]]}},{"type":"Feature","properties":{"full_id":"w1013624877","osm_id":"1013624877","osm_type":"way","Type de vo":"service","Niveau":null,"Pont":null,"Tyoe de pi":null,"État de s":null,"Vitesse ":null,"Référenc":null,"Nom":null,"Éclairage":null,"Sans issue":null,"Intersecti":null,"Nombre de ":null,"Accès":null,"surface":"Terre","Service":"Ruelle","Sens uniqu":null},"geometry":{"type":"LineString","coordinates":[[-16.4922903,15.9430759],[-16.4922965,15.9432689]]}},{"type":"Feature","properties":{"full_id":"w1013624880","osm_id":"1013624880","osm_type":"way","Type de vo":"service","Niveau":null,"Pont":null,"Tyoe de pi":null,"État de s":null,"Vitesse ":null,"Référenc":null,"Nom":null,"Éclairage":null,"Sans issue":null,"Intersecti":null,"Nombre de ":null,"Accès":null,"surface":"Terre","Service":"Ruelle","Sens uniqu":null},"geometry":{"type":"LineString","coordinates":[[-16.4914425,15.9425862],[-16.4914709,15.9431354]]}},{"type":"Feature","properties":{"full_id":"w1013624889","osm_id":"1013624889","osm_type":"way","Type de vo":"service","Niveau":null,"Pont":null,"Tyoe de pi":null,"État de s":null,"Vitesse ":null,"Référenc":null,"Nom":null,"Éclairage":null,"Sans issue":null,"Intersecti":null,"Nombre de ":null,"Accès":null,"surface":"Terre","Service":"Ruelle","Sens uniqu":null},"geometry":{"type":"LineString","coordinates":[[-16.4926277,15.9409188],[-16.492019,15.9408911]]}},{"type":"Feature","properties":{"full_id":"w1013624903","osm_id":"1013624903","osm_type":"way","Type de vo":"service","Niveau":null,"Pont":null,"Tyoe de pi":null,"État de s":null,"Vitesse ":null,"Référenc":null,"Nom":null,"Éclairage":null,"Sans issue":null,"Intersecti":null,"Nombre de ":null,"Accès":null,"surface":"Terre","Service":"Ruelle","Sens uniqu":null},"geometry":{"type":"LineString","coordinates":[[-16.4926909,15.9390711],[-16.4921958,15.9391018]]}},{"type":"Feature","properties":{"full_id":"w1013624910","osm_id":"1013624910","osm_type":"way","Type de vo":"service","Niveau":null,"Pont":null,"Tyoe de pi":null,"État de s":null,"Vitesse ":null,"Référenc":null,"Nom":null,"Éclairage":null,"Sans issue":null,"Intersecti":null,"Nombre de ":null,"Accès":null,"surface":"Terre","Service":"Ruelle","Sens uniqu":null},"geometry":{"type":"LineString","coordinates":[[-16.4926547,15.9386393],[-16.4921538,15.938634]]}},{"type":"Feature","properties":{"full_id":"w1013624916","osm_id":"1013624916","osm_type":"way","Type de vo":"service","Niveau":null,"Pont":null,"Tyoe de pi":null,"État de s":null,"Vitesse ":null,"Référenc":null,"Nom":null,"Éclairage":null,"Sans issue":null,"Intersecti":null,"Nombre de ":null,"Accès":null,"surface":"Terre","Service":"Ruelle","Sens uniqu":null},"geometry":{"type":"LineString","coordinates":[[-16.4926771,15.938183],[-16.4929593,15.938149],[-16.4929667,15.938263]]}},{"type":"Feature","properties":{"full_id":"w1013624918","osm_id":"1013624918","osm_type":"way","Type de vo":"service","Niveau":null,"Pont":null,"Tyoe de pi":null,"État de s":null,"Vitesse ":null,"Référenc":null,"Nom":null,"Éclairage":null,"Sans issue":null,"Intersecti":null,"Nombre de ":null,"Accès":null,"surface":"Terre","Service":"Ruelle","Sens uniqu":null},"geometry":{"type":"LineString","coordinates":[[-16.4929355,15.9388811],[-16.4932283,15.9388075]]}},{"type":"Feature","properties":{"full_id":"w1013624919","osm_id":"1013624919","osm_type":"way","Type de vo":"service","Niveau":null,"Pont":null,"Tyoe de pi":null,"État de s":null,"Vitesse ":null,"Référenc":null,"Nom":null,"Éclairage":null,"Sans issue":null,"Intersecti":null,"Nombre de ":null,"Accès":null,"surface":"Terre","Service":"Ruelle","Sens uniqu":null},"geometry":{"type":"LineString","coordinates":[[-16.4933627,15.9390038],[-16.4929717,15.9390423]]}},{"type":"Feature","properties":{"full_id":"w1013624920","osm_id":"1013624920","osm_type":"way","Type de vo":"service","Niveau":null,"Pont":null,"Tyoe de pi":null,"État de s":null,"Vitesse ":null,"Référenc":null,"Nom":null,"Éclairage":null,"Sans issue":null,"Intersecti":null,"Nombre de ":null,"Accès":null,"surface":"Terre","Service":"Ruelle","Sens uniqu":null},"geometry":{"type":"LineString","coordinates":[[-16.4927298,15.9391797],[-16.4928797,15.9391325]]}},{"type":"Feature","properties":{"full_id":"w1013624922","osm_id":"1013624922","osm_type":"way","Type de vo":"service","Niveau":null,"Pont":null,"Tyoe de pi":null,"État de s":null,"Vitesse ":null,"Référenc":null,"Nom":null,"Éclairage":null,"Sans issue":null,"Intersecti":null,"Nombre de ":null,"Accès":null,"surface":"Terre","Service":"Ruelle","Sens uniqu":null},"geometry":{"type":"LineString","coordinates":[[-16.4934689,15.9397595],[-16.4932194,15.939825]]}},{"type":"Feature","properties":{"full_id":"w1013624923","osm_id":"1013624923","osm_type":"way","Type de vo":"service","Niveau":null,"Pont":null,"Tyoe de pi":null,"État de s":null,"Vitesse ":null,"Référenc":null,"Nom":null,"Éclairage":null,"Sans issue":null,"Intersecti":null,"Nombre de ":null,"Accès":null,"surface":"Terre","Service":"Ruelle","Sens uniqu":null},"geometry":{"type":"LineString","coordinates":[[-16.4927846,15.9398268],[-16.4930212,15.9398012]]}},{"type":"Feature","properties":{"full_id":"w1013624924","osm_id":"1013624924","osm_type":"way","Type de vo":"service","Niveau":null,"Pont":null,"Tyoe de pi":null,"État de s":null,"Vitesse ":null,"Référenc":null,"Nom":null,"Éclairage":null,"Sans issue":null,"Intersecti":null,"Nombre de ":null,"Accès":null,"surface":"Terre","Service":"Ruelle","Sens uniqu":null},"geometry":{"type":"LineString","coordinates":[[-16.4931391,15.9401421],[-16.4931787,15.9404427],[-16.4927217,15.9404396]]}},{"type":"Feature","properties":{"full_id":"w1013624925","osm_id":"1013624925","osm_type":"way","Type de vo":"service","Niveau":null,"Pont":null,"Tyoe de pi":null,"État de s":null,"Vitesse ":null,"Référenc":null,"Nom":null,"Éclairage":null,"Sans issue":null,"Intersecti":null,"Nombre de ":null,"Accès":null,"surface":"Terre","Service":"Ruelle","Sens uniqu":null},"geometry":{"type":"LineString","coordinates":[[-16.4930372,15.9404478],[-16.4930885,15.9412033],[-16.4936388,15.9409719]]}},{"type":"Feature","properties":{"full_id":"w1013624928","osm_id":"1013624928","osm_type":"way","Type de vo":"service","Niveau":null,"Pont":null,"Tyoe de pi":null,"État de s":null,"Vitesse ":null,"Référenc":null,"Nom":null,"Éclairage":null,"Sans issue":null,"Intersecti":null,"Nombre de ":null,"Accès":null,"surface":"Terre","Service":"Ruelle","Sens uniqu":null},"geometry":{"type":"LineString","coordinates":[[-16.4930796,15.9406332],[-16.4934601,15.9405294]]}},{"type":"Feature","properties":{"full_id":"w1013624929","osm_id":"1013624929","osm_type":"way","Type de vo":"service","Niveau":null,"Pont":null,"Tyoe de pi":null,"État de s":null,"Vitesse ":null,"Référenc":null,"Nom":null,"Éclairage":null,"Sans issue":null,"Intersecti":null,"Nombre de ":null,"Accès":null,"surface":"Terre","Service":"Ruelle","Sens uniqu":null},"geometry":{"type":"LineString","coordinates":[[-16.4933717,15.9405536],[-16.4936759,15.9406014],[-16.4936084,15.9413019],[-16.4931149,15.9414076]]}},{"type":"Feature","properties":{"full_id":"w1013624930","osm_id":"1013624930","osm_type":"way","Type de vo":"service","Niveau":null,"Pont":null,"Tyoe de pi":null,"État de s":null,"Vitesse ":null,"Référenc":null,"Nom":null,"Éclairage":null,"Sans issue":null,"Intersecti":null,"Nombre de ":null,"Accès":null,"surface":"Terre","Service":"Ruelle","Sens uniqu":null},"geometry":{"type":"LineString","coordinates":[[-16.4931787,15.9404427],[-16.4934017,15.9404767]]}},{"type":"Feature","properties":{"full_id":"w1013624931","osm_id":"1013624931","osm_type":"way","Type de vo":"service","Niveau":null,"Pont":null,"Tyoe de pi":null,"État de s":null,"Vitesse ":null,"Référenc":null,"Nom":null,"Éclairage":null,"Sans issue":null,"Intersecti":null,"Nombre de ":null,"Accès":null,"surface":"Terre","Service":"Ruelle","Sens uniqu":null},"geometry":{"type":"LineString","coordinates":[[-16.4935433,15.9400564],[-16.4936396,15.9402768]]}},{"type":"Feature","properties":{"full_id":"w1013626898","osm_id":"1013626898","osm_type":"way","Type de vo":"service","Niveau":null,"Pont":null,"Tyoe de pi":null,"État de s":null,"Vitesse ":null,"Référenc":null,"Nom":null,"Éclairage":null,"Sans issue":null,"Intersecti":null,"Nombre de ":null,"Accès":null,"surface":"Terre","Service":"Voie d’accès","Sens uniqu":null},"geometry":{"type":"LineString","coordinates":[[-16.5057577,15.9128199],[-16.5065364,15.912976]]}},{"type":"Feature","properties":{"full_id":"w1013626916","osm_id":"1013626916","osm_type":"way","Type de vo":"service","Niveau":null,"Pont":null,"Tyoe de pi":null,"État de s":null,"Vitesse ":null,"Référenc":null,"Nom":null,"Éclairage":null,"Sans issue":null,"Intersecti":null,"Nombre de ":null,"Accès":null,"surface":"Terre","Service":"Ruelle","Sens uniqu":null},"geometry":{"type":"LineString","coordinates":[[-16.507847,15.8968112],[-16.507859,15.8972735],[-16.5074036,15.897258]]}},{"type":"Feature","properties":{"full_id":"w1013626917","osm_id":"1013626917","osm_type":"way","Type de vo":"service","Niveau":null,"Pont":null,"Tyoe de pi":null,"État de s":null,"Vitesse ":null,"Référenc":null,"Nom":null,"Éclairage":null,"Sans issue":null,"Intersecti":null,"Nombre de ":null,"Accès":null,"surface":"Terre","Service":"Ruelle","Sens uniqu":null},"geometry":{"type":"LineString","coordinates":[[-16.5082354,15.8972127],[-16.507859,15.8972735]]}},{"type":"Feature","properties":{"full_id":"w1013626919","osm_id":"1013626919","osm_type":"way","Type de vo":"service","Niveau":"-1","Pont":null,"Tyoe de pi":null,"État de s":null,"Vitesse ":null,"Référenc":null,"Nom":null,"Éclairage":null,"Sans issue":null,"Intersecti":null,"Nombre de ":null,"Accès":null,"surface":"Terre","Service":"Ruelle","Sens uniqu":null},"geometry":{"type":"LineString","coordinates":[[-16.5077289,15.897903],[-16.5082393,15.8978679]]}},{"type":"Feature","properties":{"full_id":"w1013626920","osm_id":"1013626920","osm_type":"way","Type de vo":"service","Niveau":"-1","Pont":null,"Tyoe de pi":null,"État de s":null,"Vitesse ":null,"Référenc":null,"Nom":null,"Éclairage":null,"Sans issue":null,"Intersecti":null,"Nombre de ":null,"Accès":null,"surface":"Terre","Service":"Ruelle","Sens uniqu":null},"geometry":{"type":"LineString","coordinates":[[-16.5078671,15.897905],[-16.5078582,15.8980784],[-16.5075824,15.8981047]]}},{"type":"Feature","properties":{"full_id":"w1013626923","osm_id":"1013626923","osm_type":"way","Type de vo":"service","Niveau":null,"Pont":null,"Tyoe de pi":null,"État de s":null,"Vitesse ":null,"Référenc":null,"Nom":null,"Éclairage":null,"Sans issue":null,"Intersecti":null,"Nombre de ":null,"Accès":null,"surface":"Terre","Service":"Ruelle","Sens uniqu":null},"geometry":{"type":"LineString","coordinates":[[-16.5073183,15.8985208],[-16.507665,15.8985212]]}},{"type":"Feature","properties":{"full_id":"w1013626924","osm_id":"1013626924","osm_type":"way","Type de vo":"service","Niveau":null,"Pont":null,"Tyoe de pi":null,"État de s":null,"Vitesse ":null,"Référenc":null,"Nom":null,"Éclairage":null,"Sans issue":null,"Intersecti":null,"Nombre de ":null,"Accès":null,"surface":"Terre","Service":"Ruelle","Sens uniqu":null},"geometry":{"type":"LineString","coordinates":[[-16.5071151,15.8985359],[-16.50713,15.8987274]]}},{"type":"Feature","properties":{"full_id":"w1013626925","osm_id":"1013626925","osm_type":"way","Type de vo":"service","Niveau":null,"Pont":null,"Tyoe de pi":null,"État de s":null,"Vitesse ":null,"Référenc":null,"Nom":null,"Éclairage":null,"Sans issue":null,"Intersecti":null,"Nombre de ":null,"Accès":null,"surface":"Terre","Service":"Ruelle","Sens uniqu":null},"geometry":{"type":"LineString","coordinates":[[-16.5076166,15.8987299],[-16.5069199,15.8987558]]}},{"type":"Feature","properties":{"full_id":"w1013626928","osm_id":"1013626928","osm_type":"way","Type de vo":"service","Niveau":null,"Pont":null,"Tyoe de pi":null,"État de s":null,"Vitesse ":null,"Référenc":null,"Nom":null,"Éclairage":null,"Sans issue":null,"Intersecti":null,"Nombre de ":null,"Accès":null,"surface":"Terre","Service":"Ruelle","Sens uniqu":null},"geometry":{"type":"LineString","coordinates":[[-16.5078895,15.8987515],[-16.5078733,15.8989945]]}},{"type":"Feature","properties":{"full_id":"w1013626929","osm_id":"1013626929","osm_type":"way","Type de vo":"service","Niveau":null,"Pont":null,"Tyoe de pi":null,"État de s":null,"Vitesse ":null,"Référenc":null,"Nom":null,"Éclairage":null,"Sans issue":null,"Intersecti":null,"Nombre de ":null,"Accès":null,"surface":"Terre","Service":"Ruelle","Sens uniqu":null},"geometry":{"type":"LineString","coordinates":[[-16.5078895,15.8987515],[-16.5079185,15.8985127]]}},{"type":"Feature","properties":{"full_id":"w1013626930","osm_id":"1013626930","osm_type":"way","Type de vo":"service","Niveau":null,"Pont":null,"Tyoe de pi":null,"État de s":null,"Vitesse ":null,"Référenc":null,"Nom":null,"Éclairage":null,"Sans issue":null,"Intersecti":null,"Nombre de ":null,"Accès":null,"surface":"Terre","Service":"Ruelle","Sens uniqu":null},"geometry":{"type":"LineString","coordinates":[[-16.5076035,15.8981555],[-16.5080494,15.8980937]]}},{"type":"Feature","properties":{"full_id":"w1013626931","osm_id":"1013626931","osm_type":"way","Type de vo":"service","Niveau":null,"Pont":null,"Tyoe de pi":null,"État de s":null,"Vitesse ":null,"Référenc":null,"Nom":null,"Éclairage":null,"Sans issue":null,"Intersecti":null,"Nombre de ":null,"Accès":null,"surface":"Terre","Service":"Ruelle","Sens uniqu":null},"geometry":{"type":"LineString","coordinates":[[-16.5080277,15.8972682],[-16.508002,15.8975061]]}},{"type":"Feature","properties":{"full_id":"w1013626932","osm_id":"1013626932","osm_type":"way","Type de vo":"service","Niveau":null,"Pont":null,"Tyoe de pi":null,"État de s":null,"Vitesse ":null,"Référenc":null,"Nom":null,"Éclairage":null,"Sans issue":null,"Intersecti":null,"Nombre de ":null,"Accès":null,"surface":"Terre","Service":"Ruelle","Sens uniqu":null},"geometry":{"type":"LineString","coordinates":[[-16.5080869,15.8997312],[-16.5077545,15.8998059]]}},{"type":"Feature","properties":{"full_id":"w1013626948","osm_id":"1013626948","osm_type":"way","Type de vo":"service","Niveau":null,"Pont":null,"Tyoe de pi":null,"État de s":null,"Vitesse ":null,"Référenc":null,"Nom":null,"Éclairage":null,"Sans issue":null,"Intersecti":null,"Nombre de ":null,"Accès":null,"surface":"Terre","Service":"Ruelle","Sens uniqu":null},"geometry":{"type":"LineString","coordinates":[[-16.5080561,15.8939314],[-16.5083686,15.893955]]}},{"type":"Feature","properties":{"full_id":"w1013626949","osm_id":"1013626949","osm_type":"way","Type de vo":"service","Niveau":null,"Pont":null,"Tyoe de pi":null,"État de s":null,"Vitesse ":null,"Référenc":null,"Nom":null,"Éclairage":null,"Sans issue":null,"Intersecti":null,"Nombre de ":null,"Accès":null,"surface":"Terre","Service":"Ruelle","Sens uniqu":null},"geometry":{"type":"LineString","coordinates":[[-16.508064,15.8943175],[-16.508358,15.894309]]}},{"type":"Feature","properties":{"full_id":"w1013626950","osm_id":"1013626950","osm_type":"way","Type de vo":"service","Niveau":null,"Pont":null,"Tyoe de pi":null,"État de s":null,"Vitesse ":null,"Référenc":null,"Nom":null,"Éclairage":null,"Sans issue":null,"Intersecti":null,"Nombre de ":null,"Accès":null,"surface":"Terre","Service":"Ruelle","Sens uniqu":null},"geometry":{"type":"LineString","coordinates":[[-16.5077522,15.8947113],[-16.5081288,15.8948311]]}},{"type":"Feature","properties":{"full_id":"w1013629926","osm_id":"1013629926","osm_type":"way","Type de vo":"service","Niveau":null,"Pont":null,"Tyoe de pi":null,"État de s":null,"Vitesse ":null,"Référenc":null,"Nom":null,"Éclairage":null,"Sans issue":null,"Intersecti":null,"Nombre de ":null,"Accès":null,"surface":"Terre","Service":"Ruelle","Sens uniqu":null},"geometry":{"type":"LineString","coordinates":[[-16.507365,15.892097],[-16.507267,15.8924316],[-16.5076117,15.8924858]]}},{"type":"Feature","properties":{"full_id":"w1013629928","osm_id":"1013629928","osm_type":"way","Type de vo":"service","Niveau":null,"Pont":null,"Tyoe de pi":null,"État de s":null,"Vitesse ":null,"Référenc":null,"Nom":null,"Éclairage":null,"Sans issue":null,"Intersecti":null,"Nombre de ":null,"Accès":null,"surface":"Terre","Service":"Ruelle","Sens uniqu":null},"geometry":{"type":"LineString","coordinates":[[-16.5078858,15.889886],[-16.507432,15.8898414]]}},{"type":"Feature","properties":{"full_id":"w1013629931","osm_id":"1013629931","osm_type":"way","Type de vo":"service","Niveau":"-1","Pont":null,"Tyoe de pi":null,"État de s":null,"Vitesse ":null,"Référenc":null,"Nom":null,"Éclairage":null,"Sans issue":null,"Intersecti":null,"Nombre de ":null,"Accès":null,"surface":"Terre","Service":"Ruelle","Sens uniqu":null},"geometry":{"type":"LineString","coordinates":[[-16.5072051,15.8894537],[-16.5069424,15.8894478]]}},{"type":"Feature","properties":{"full_id":"w1013629942","osm_id":"1013629942","osm_type":"way","Type de vo":"service","Niveau":"-1","Pont":null,"Tyoe de pi":null,"État de s":null,"Vitesse ":null,"Référenc":null,"Nom":null,"Éclairage":null,"Sans issue":null,"Intersecti":null,"Nombre de ":null,"Accès":null,"surface":"Terre","Service":"Ruelle","Sens uniqu":null},"geometry":{"type":"LineString","coordinates":[[-16.5079568,15.8928214],[-16.5079968,15.8925077]]}},{"type":"Feature","properties":{"full_id":"w1013629944","osm_id":"1013629944","osm_type":"way","Type de vo":"service","Niveau":null,"Pont":null,"Tyoe de pi":null,"État de s":null,"Vitesse ":null,"Référenc":null,"Nom":null,"Éclairage":null,"Sans issue":null,"Intersecti":null,"Nombre de ":null,"Accès":null,"surface":"Terre","Service":"Ruelle","Sens uniqu":null},"geometry":{"type":"LineString","coordinates":[[-16.508718,15.8910368],[-16.5083398,15.8911057]]}},{"type":"Feature","properties":{"full_id":"w1013629947","osm_id":"1013629947","osm_type":"way","Type de vo":"service","Niveau":null,"Pont":null,"Tyoe de pi":null,"État de s":null,"Vitesse ":null,"Référenc":null,"Nom":null,"Éclairage":null,"Sans issue":null,"Intersecti":null,"Nombre de ":null,"Accès":null,"surface":"Terre","Service":"Ruelle","Sens uniqu":null},"geometry":{"type":"LineString","coordinates":[[-16.5090718,15.8876692],[-16.5086251,15.8876156]]}},{"type":"Feature","properties":{"full_id":"w1013629955","osm_id":"1013629955","osm_type":"way","Type de vo":"service","Niveau":null,"Pont":null,"Tyoe de pi":null,"État de s":null,"Vitesse ":null,"Référenc":null,"Nom":null,"Éclairage":null,"Sans issue":null,"Intersecti":null,"Nombre de ":null,"Accès":null,"surface":"Terre","Service":"Ruelle","Sens uniqu":null},"geometry":{"type":"LineString","coordinates":[[-16.5075124,15.8863538],[-16.5075739,15.8875434]]}},{"type":"Feature","properties":{"full_id":"w1013629957","osm_id":"1013629957","osm_type":"way","Type de vo":"service","Niveau":null,"Pont":null,"Tyoe de pi":null,"État de s":null,"Vitesse ":null,"Référenc":null,"Nom":null,"Éclairage":null,"Sans issue":null,"Intersecti":null,"Nombre de ":null,"Accès":null,"surface":"Terre","Service":"Ruelle","Sens uniqu":null},"geometry":{"type":"LineString","coordinates":[[-16.5079725,15.8869294],[-16.5081317,15.8874055]]}},{"type":"Feature","properties":{"full_id":"w1013629960","osm_id":"1013629960","osm_type":"way","Type de vo":"service","Niveau":"-1","Pont":null,"Tyoe de pi":null,"État de s":null,"Vitesse ":null,"Référenc":null,"Nom":null,"Éclairage":null,"Sans issue":null,"Intersecti":null,"Nombre de ":null,"Accès":null,"surface":"Terre","Service":"Ruelle","Sens uniqu":null},"geometry":{"type":"LineString","coordinates":[[-16.5094305,15.888052],[-16.5093861,15.8884899]]}},{"type":"Feature","properties":{"full_id":"w1013629961","osm_id":"1013629961","osm_type":"way","Type de vo":"service","Niveau":null,"Pont":null,"Tyoe de pi":null,"État de s":null,"Vitesse ":null,"Référenc":null,"Nom":null,"Éclairage":null,"Sans issue":null,"Intersecti":null,"Nombre de ":null,"Accès":null,"surface":"Terre","Service":"Ruelle","Sens uniqu":null},"geometry":{"type":"LineString","coordinates":[[-16.5091659,15.8886764],[-16.5093931,15.8886966]]}},{"type":"Feature","properties":{"full_id":"w1013629983","osm_id":"1013629983","osm_type":"way","Type de vo":"service","Niveau":null,"Pont":null,"Tyoe de pi":null,"État de s":null,"Vitesse ":null,"Référenc":null,"Nom":null,"Éclairage":null,"Sans issue":null,"Intersecti":null,"Nombre de ":null,"Accès":null,"surface":"Terre","Service":"Ruelle","Sens uniqu":null},"geometry":{"type":"LineString","coordinates":[[-16.5088375,15.8840619],[-16.5083806,15.8841729]]}},{"type":"Feature","properties":{"full_id":"w1013631874","osm_id":"1013631874","osm_type":"way","Type de vo":"service","Niveau":null,"Pont":null,"Tyoe de pi":null,"État de s":null,"Vitesse ":null,"Référenc":null,"Nom":null,"Éclairage":null,"Sans issue":null,"Intersecti":null,"Nombre de ":null,"Accès":null,"surface":"Terre","Service":"Ruelle","Sens uniqu":null},"geometry":{"type":"LineString","coordinates":[[-16.508837,15.8822859],[-16.5085251,15.882282]]}},{"type":"Feature","properties":{"full_id":"w1013631885","osm_id":"1013631885","osm_type":"way","Type de vo":"service","Niveau":null,"Pont":null,"Tyoe de pi":null,"État de s":null,"Vitesse ":null,"Référenc":null,"Nom":null,"Éclairage":null,"Sans issue":null,"Intersecti":null,"Nombre de ":null,"Accès":null,"surface":"Terre","Service":"Ruelle","Sens uniqu":null},"geometry":{"type":"LineString","coordinates":[[-16.5044796,15.8871416],[-16.5043864,15.886934],[-16.5048791,15.8869444]]}},{"type":"Feature","properties":{"full_id":"w1013631887","osm_id":"1013631887","osm_type":"way","Type de vo":"service","Niveau":null,"Pont":null,"Tyoe de pi":null,"État de s":null,"Vitesse ":null,"Référenc":null,"Nom":null,"Éclairage":null,"Sans issue":null,"Intersecti":null,"Nombre de ":null,"Accès":null,"surface":"Terre","Service":"Ruelle","Sens uniqu":null},"geometry":{"type":"LineString","coordinates":[[-16.5046483,15.8875978],[-16.5042554,15.8873969]]}},{"type":"Feature","properties":{"full_id":"w1013631889","osm_id":"1013631889","osm_type":"way","Type de vo":"service","Niveau":null,"Pont":null,"Tyoe de pi":null,"État de s":null,"Vitesse ":null,"Référenc":null,"Nom":null,"Éclairage":null,"Sans issue":null,"Intersecti":null,"Nombre de ":null,"Accès":null,"surface":"Terre","Service":"Ruelle","Sens uniqu":null},"geometry":{"type":"LineString","coordinates":[[-16.5041908,15.8886359],[-16.5041195,15.8881453],[-16.5036601,15.8878864]]}},{"type":"Feature","properties":{"full_id":"w1013631891","osm_id":"1013631891","osm_type":"way","Type de vo":"service","Niveau":null,"Pont":null,"Tyoe de pi":null,"État de s":null,"Vitesse ":null,"Référenc":null,"Nom":null,"Éclairage":null,"Sans issue":null,"Intersecti":null,"Nombre de ":null,"Accès":null,"surface":"Terre","Service":"Ruelle","Sens uniqu":null},"geometry":{"type":"LineString","coordinates":[[-16.5045578,15.8881457],[-16.5050057,15.8880948]]}},{"type":"Feature","properties":{"full_id":"w1013631895","osm_id":"1013631895","osm_type":"way","Type de vo":"service","Niveau":null,"Pont":null,"Tyoe de pi":null,"État de s":null,"Vitesse ":null,"Référenc":null,"Nom":null,"Éclairage":null,"Sans issue":null,"Intersecti":null,"Nombre de ":null,"Accès":null,"surface":"Terre","Service":"Ruelle","Sens uniqu":null},"geometry":{"type":"LineString","coordinates":[[-16.5043534,15.8916523],[-16.5041761,15.8921135]]}},{"type":"Feature","properties":{"full_id":"w1013892321","osm_id":"1013892321","osm_type":"way","Type de vo":"service","Niveau":null,"Pont":null,"Tyoe de pi":null,"État de s":null,"Vitesse ":null,"Référenc":null,"Nom":null,"Éclairage":null,"Sans issue":null,"Intersecti":null,"Nombre de ":null,"Accès":null,"surface":"Terre","Service":"Ruelle","Sens uniqu":null},"geometry":{"type":"LineString","coordinates":[[-16.5005635,15.8961928],[-16.5014007,15.8962045]]}},{"type":"Feature","properties":{"full_id":"w1013892323","osm_id":"1013892323","osm_type":"way","Type de vo":"service","Niveau":null,"Pont":null,"Tyoe de pi":null,"État de s":null,"Vitesse ":null,"Référenc":null,"Nom":null,"Éclairage":null,"Sans issue":null,"Intersecti":null,"Nombre de ":null,"Accès":null,"surface":"Terre","Service":"Ruelle","Sens uniqu":null},"geometry":{"type":"LineString","coordinates":[[-16.5011565,15.8967021],[-16.5005766,15.8963394]]}},{"type":"Feature","properties":{"full_id":"w1013914224","osm_id":"1013914224","osm_type":"way","Type de vo":"service","Niveau":null,"Pont":null,"Tyoe de pi":null,"État de s":null,"Vitesse ":null,"Référenc":null,"Nom":null,"Éclairage":null,"Sans issue":null,"Intersecti":null,"Nombre de ":null,"Accès":null,"surface":"Terre","Service":"Ruelle","Sens uniqu":null},"geometry":{"type":"LineString","coordinates":[[-16.5014487,15.8941121],[-16.5016328,15.893976],[-16.5016682,15.8934722]]}},{"type":"Feature","properties":{"full_id":"w1013914231","osm_id":"1013914231","osm_type":"way","Type de vo":"service","Niveau":null,"Pont":null,"Tyoe de pi":null,"État de s":null,"Vitesse ":null,"Référenc":null,"Nom":null,"Éclairage":null,"Sans issue":null,"Intersecti":null,"Nombre de ":null,"Accès":null,"surface":"Terre","Service":"Ruelle","Sens uniqu":null},"geometry":{"type":"LineString","coordinates":[[-16.5017245,15.8928347],[-16.5016682,15.8934722]]}},{"type":"Feature","properties":{"full_id":"w1013914235","osm_id":"1013914235","osm_type":"way","Type de vo":"service","Niveau":null,"Pont":null,"Tyoe de pi":null,"État de s":null,"Vitesse ":null,"Référenc":null,"Nom":null,"Éclairage":null,"Sans issue":null,"Intersecti":null,"Nombre de ":null,"Accès":null,"surface":"Terre","Service":"Ruelle","Sens uniqu":null},"geometry":{"type":"LineString","coordinates":[[-16.5016328,15.8915898],[-16.5022729,15.8918473]]}},{"type":"Feature","properties":{"full_id":"w1013914236","osm_id":"1013914236","osm_type":"way","Type de vo":"service","Niveau":null,"Pont":null,"Tyoe de pi":null,"État de s":null,"Vitesse ":null,"Référenc":null,"Nom":null,"Éclairage":null,"Sans issue":null,"Intersecti":null,"Nombre de ":null,"Accès":null,"surface":"Terre","Service":"Ruelle","Sens uniqu":null},"geometry":{"type":"LineString","coordinates":[[-16.5018361,15.8916775],[-16.5019092,15.892188]]}},{"type":"Feature","properties":{"full_id":"w1013914244","osm_id":"1013914244","osm_type":"way","Type de vo":"service","Niveau":null,"Pont":null,"Tyoe de pi":null,"État de s":null,"Vitesse ":null,"Référenc":null,"Nom":null,"Éclairage":null,"Sans issue":null,"Intersecti":null,"Nombre de ":null,"Accès":null,"surface":"Terre","Service":"Ruelle","Sens uniqu":null},"geometry":{"type":"LineString","coordinates":[[-16.501652,15.8907061],[-16.5015173,15.890434],[-16.5010162,15.8904377]]}},{"type":"Feature","properties":{"full_id":"w1013914245","osm_id":"1013914245","osm_type":"way","Type de vo":"service","Niveau":null,"Pont":null,"Tyoe de pi":null,"État de s":null,"Vitesse ":null,"Référenc":null,"Nom":null,"Éclairage":null,"Sans issue":null,"Intersecti":null,"Nombre de ":null,"Accès":null,"surface":"Terre","Service":"Ruelle","Sens uniqu":null},"geometry":{"type":"LineString","coordinates":[[-16.5014148,15.8904333],[-16.5015222,15.8898618]]}},{"type":"Feature","properties":{"full_id":"w1013914248","osm_id":"1013914248","osm_type":"way","Type de vo":"service","Niveau":null,"Pont":null,"Tyoe de pi":null,"État de s":null,"Vitesse ":null,"Référenc":null,"Nom":null,"Éclairage":null,"Sans issue":null,"Intersecti":null,"Nombre de ":null,"Accès":null,"surface":"Terre","Service":"Ruelle","Sens uniqu":null},"geometry":{"type":"LineString","coordinates":[[-16.5026022,15.8898482],[-16.5015739,15.8895635]]}},{"type":"Feature","properties":{"full_id":"w1013914249","osm_id":"1013914249","osm_type":"way","Type de vo":"service","Niveau":null,"Pont":null,"Tyoe de pi":null,"État de s":null,"Vitesse ":null,"Référenc":null,"Nom":null,"Éclairage":null,"Sans issue":null,"Intersecti":null,"Nombre de ":null,"Accès":null,"surface":"Terre","Service":"Ruelle","Sens uniqu":null},"geometry":{"type":"LineString","coordinates":[[-16.5022497,15.8897454],[-16.502231,15.8899408]]}},{"type":"Feature","properties":{"full_id":"w1013914250","osm_id":"1013914250","osm_type":"way","Type de vo":"service","Niveau":null,"Pont":null,"Tyoe de pi":null,"État de s":null,"Vitesse ":null,"Référenc":null,"Nom":null,"Éclairage":null,"Sans issue":null,"Intersecti":null,"Nombre de ":null,"Accès":null,"surface":"Terre","Service":"Ruelle","Sens uniqu":null},"geometry":{"type":"LineString","coordinates":[[-16.5019912,15.8896701],[-16.5020559,15.8894053],[-16.5016441,15.8890985],[-16.5016178,15.8887533]]}},{"type":"Feature","properties":{"full_id":"w1013914251","osm_id":"1013914251","osm_type":"way","Type de vo":"service","Niveau":null,"Pont":null,"Tyoe de pi":null,"État de s":null,"Vitesse ":null,"Référenc":null,"Nom":null,"Éclairage":null,"Sans issue":null,"Intersecti":null,"Nombre de ":null,"Accès":null,"surface":"Terre","Service":"Ruelle","Sens uniqu":null},"geometry":{"type":"LineString","coordinates":[[-16.5015774,15.8889295],[-16.5012502,15.8888908]]}},{"type":"Feature","properties":{"full_id":"w1013914254","osm_id":"1013914254","osm_type":"way","Type de vo":"service","Niveau":null,"Pont":null,"Tyoe de pi":null,"État de s":null,"Vitesse ":null,"Référenc":null,"Nom":null,"Éclairage":null,"Sans issue":null,"Intersecti":null,"Nombre de ":null,"Accès":null,"surface":"Terre","Service":"Ruelle","Sens uniqu":null},"geometry":{"type":"LineString","coordinates":[[-16.5008132,15.8900271],[-16.5007325,15.889559]]}},{"type":"Feature","properties":{"full_id":"w1013914265","osm_id":"1013914265","osm_type":"way","Type de vo":"service","Niveau":null,"Pont":null,"Tyoe de pi":null,"État de s":null,"Vitesse ":null,"Référenc":null,"Nom":null,"Éclairage":null,"Sans issue":null,"Intersecti":null,"Nombre de ":null,"Accès":null,"surface":"Terre","Service":"Ruelle","Sens uniqu":null},"geometry":{"type":"LineString","coordinates":[[-16.5007561,15.8880481],[-16.5001945,15.8882079]]}},{"type":"Feature","properties":{"full_id":"w1013914266","osm_id":"1013914266","osm_type":"way","Type de vo":"service","Niveau":null,"Pont":null,"Tyoe de pi":null,"État de s":null,"Vitesse ":null,"Référenc":null,"Nom":null,"Éclairage":null,"Sans issue":null,"Intersecti":null,"Nombre de ":null,"Accès":null,"surface":"Terre","Service":"Ruelle","Sens uniqu":null},"geometry":{"type":"LineString","coordinates":[[-16.500725,15.8877208],[-16.5001783,15.8878082],[-16.5001629,15.88766]]}},{"type":"Feature","properties":{"full_id":"w1013914271","osm_id":"1013914271","osm_type":"way","Type de vo":"service","Niveau":null,"Pont":null,"Tyoe de pi":null,"État de s":null,"Vitesse ":null,"Référenc":null,"Nom":null,"Éclairage":null,"Sans issue":null,"Intersecti":null,"Nombre de ":null,"Accès":null,"surface":"Terre","Service":"Ruelle","Sens uniqu":null},"geometry":{"type":"LineString","coordinates":[[-16.5016692,15.8858172],[-16.5019106,15.8858482],[-16.5019923,15.8855731]]}},{"type":"Feature","properties":{"full_id":"w1013914272","osm_id":"1013914272","osm_type":"way","Type de vo":"service","Niveau":null,"Pont":null,"Tyoe de pi":null,"État de s":null,"Vitesse ":null,"Référenc":null,"Nom":null,"Éclairage":null,"Sans issue":null,"Intersecti":null,"Nombre de ":null,"Accès":null,"surface":"Terre","Service":"Ruelle","Sens uniqu":null},"geometry":{"type":"LineString","coordinates":[[-16.5017291,15.8865253],[-16.5020863,15.8865118],[-16.5024299,15.8867184]]}},{"type":"Feature","properties":{"full_id":"w1013914273","osm_id":"1013914273","osm_type":"way","Type de vo":"service","Niveau":null,"Pont":null,"Tyoe de pi":null,"État de s":null,"Vitesse ":null,"Référenc":null,"Nom":null,"Éclairage":null,"Sans issue":null,"Intersecti":null,"Nombre de ":null,"Accès":null,"surface":"Terre","Service":"Ruelle","Sens uniqu":null},"geometry":{"type":"LineString","coordinates":[[-16.5027503,15.8861116],[-16.5020492,15.8862146]]}},{"type":"Feature","properties":{"full_id":"w1013915575","osm_id":"1013915575","osm_type":"way","Type de vo":"service","Niveau":null,"Pont":null,"Tyoe de pi":null,"État de s":null,"Vitesse ":null,"Référenc":null,"Nom":null,"Éclairage":null,"Sans issue":null,"Intersecti":null,"Nombre de ":null,"Accès":null,"surface":"Terre","Service":"Ruelle","Sens uniqu":null},"geometry":{"type":"LineString","coordinates":[[-16.5002415,15.8922501],[-16.500227,15.8925352],[-16.4998606,15.8924216]]}},{"type":"Feature","properties":{"full_id":"w1013915581","osm_id":"1013915581","osm_type":"way","Type de vo":"service","Niveau":null,"Pont":null,"Tyoe de pi":null,"État de s":null,"Vitesse ":null,"Référenc":null,"Nom":null,"Éclairage":null,"Sans issue":null,"Intersecti":null,"Nombre de ":null,"Accès":null,"surface":"Terre","Service":"Ruelle","Sens uniqu":null},"geometry":{"type":"LineString","coordinates":[[-16.4997884,15.8942652],[-16.4988394,15.8946291]]}},{"type":"Feature","properties":{"full_id":"w1013915584","osm_id":"1013915584","osm_type":"way","Type de vo":"service","Niveau":null,"Pont":null,"Tyoe de pi":null,"État de s":null,"Vitesse ":null,"Référenc":null,"Nom":null,"Éclairage":null,"Sans issue":null,"Intersecti":null,"Nombre de ":null,"Accès":null,"surface":"Terre","Service":"Ruelle","Sens uniqu":null},"geometry":{"type":"LineString","coordinates":[[-16.4996881,15.8932524],[-16.4996494,15.8930219]]}},{"type":"Feature","properties":{"full_id":"w1013915594","osm_id":"1013915594","osm_type":"way","Type de vo":"service","Niveau":null,"Pont":null,"Tyoe de pi":null,"État de s":null,"Vitesse ":null,"Référenc":null,"Nom":null,"Éclairage":null,"Sans issue":null,"Intersecti":null,"Nombre de ":null,"Accès":null,"surface":"Terre","Service":"Ruelle","Sens uniqu":null},"geometry":{"type":"MultiLineString","coordinates":[[[-16.4985349,15.8915072],[-16.4981823,15.8914798]],[[-16.4981823,15.8914798],[-16.4980492,15.8916572],[-16.4980586,15.8912687],[-16.4981823,15.8914798]]]}},{"type":"Feature","properties":{"full_id":"w1013915604","osm_id":"1013915604","osm_type":"way","Type de vo":"service","Niveau":null,"Pont":null,"Tyoe de pi":null,"État de s":null,"Vitesse ":null,"Référenc":null,"Nom":null,"Éclairage":null,"Sans issue":null,"Intersecti":null,"Nombre de ":null,"Accès":null,"surface":"Terre","Service":"Ruelle","Sens uniqu":null},"geometry":{"type":"LineString","coordinates":[[-16.4973795,15.8909845],[-16.4979036,15.8907775]]}},{"type":"Feature","properties":{"full_id":"w1013915611","osm_id":"1013915611","osm_type":"way","Type de vo":"service","Niveau":null,"Pont":null,"Tyoe de pi":null,"État de s":null,"Vitesse ":null,"Référenc":null,"Nom":null,"Éclairage":null,"Sans issue":null,"Intersecti":null,"Nombre de ":null,"Accès":null,"surface":"Terre","Service":"Ruelle","Sens uniqu":null},"geometry":{"type":"LineString","coordinates":[[-16.4987929,15.8904821],[-16.4988027,15.8907981],[-16.4992062,15.890715]]}},{"type":"Feature","properties":{"full_id":"w1013915613","osm_id":"1013915613","osm_type":"way","Type de vo":"service","Niveau":null,"Pont":null,"Tyoe de pi":null,"État de s":null,"Vitesse ":null,"Référenc":null,"Nom":null,"Éclairage":null,"Sans issue":null,"Intersecti":null,"Nombre de ":null,"Accès":null,"surface":"Terre","Service":"Ruelle","Sens uniqu":null},"geometry":{"type":"LineString","coordinates":[[-16.497722,15.8896187],[-16.4975466,15.8897746],[-16.4977684,15.8898842]]}},{"type":"Feature","properties":{"full_id":"w1013915614","osm_id":"1013915614","osm_type":"way","Type de vo":"service","Niveau":null,"Pont":null,"Tyoe de pi":null,"État de s":null,"Vitesse ":null,"Référenc":null,"Nom":null,"Éclairage":null,"Sans issue":null,"Intersecti":null,"Nombre de ":null,"Accès":null,"surface":"Terre","Service":"Ruelle","Sens uniqu":null},"geometry":{"type":"LineString","coordinates":[[-16.4976797,15.8898801],[-16.4977371,15.8903276],[-16.4976032,15.8905226]]}},{"type":"Feature","properties":{"full_id":"w1013915620","osm_id":"1013915620","osm_type":"way","Type de vo":"service","Niveau":null,"Pont":null,"Tyoe de pi":null,"État de s":null,"Vitesse ":null,"Référenc":null,"Nom":null,"Éclairage":null,"Sans issue":null,"Intersecti":null,"Nombre de ":null,"Accès":null,"surface":"Terre","Service":"Ruelle","Sens uniqu":null},"geometry":{"type":"LineString","coordinates":[[-16.4986923,15.8885307],[-16.4982441,15.8884445]]}},{"type":"Feature","properties":{"full_id":"w1013925559","osm_id":"1013925559","osm_type":"way","Type de vo":"service","Niveau":null,"Pont":null,"Tyoe de pi":null,"État de s":null,"Vitesse ":null,"Référenc":null,"Nom":null,"Éclairage":null,"Sans issue":null,"Intersecti":null,"Nombre de ":null,"Accès":null,"surface":"Terre","Service":"Ruelle","Sens uniqu":null},"geometry":{"type":"LineString","coordinates":[[-16.4996803,15.8790221],[-16.4996719,15.8792134]]}},{"type":"Feature","properties":{"full_id":"w1013925569","osm_id":"1013925569","osm_type":"way","Type de vo":"service","Niveau":null,"Pont":null,"Tyoe de pi":null,"État de s":null,"Vitesse ":null,"Référenc":null,"Nom":null,"Éclairage":null,"Sans issue":null,"Intersecti":null,"Nombre de ":null,"Accès":null,"surface":"Terre","Service":"Ruelle","Sens uniqu":null},"geometry":{"type":"LineString","coordinates":[[-16.5004131,15.879896],[-16.4997956,15.8798115]]}},{"type":"Feature","properties":{"full_id":"w1013925573","osm_id":"1013925573","osm_type":"way","Type de vo":"service","Niveau":null,"Pont":null,"Tyoe de pi":null,"État de s":null,"Vitesse ":null,"Référenc":null,"Nom":null,"Éclairage":null,"Sans issue":null,"Intersecti":null,"Nombre de ":null,"Accès":null,"surface":"Terre","Service":"Ruelle","Sens uniqu":null},"geometry":{"type":"LineString","coordinates":[[-16.5050199,15.8851112],[-16.5045803,15.8848789],[-16.5046943,15.8847781],[-16.5050856,15.8849055]]}},{"type":"Feature","properties":{"full_id":"w1013925575","osm_id":"1013925575","osm_type":"way","Type de vo":"service","Niveau":null,"Pont":null,"Tyoe de pi":null,"État de s":null,"Vitesse ":null,"Référenc":null,"Nom":null,"Éclairage":null,"Sans issue":null,"Intersecti":null,"Nombre de ":null,"Accès":null,"surface":"Terre","Service":"Ruelle","Sens uniqu":null},"geometry":{"type":"LineString","coordinates":[[-16.5056594,15.888849],[-16.5060198,15.8896847],[-16.5058719,15.8898743],[-16.5055789,15.8899138]]}},{"type":"Feature","properties":{"full_id":"w1013925581","osm_id":"1013925581","osm_type":"way","Type de vo":"service","Niveau":null,"Pont":null,"Tyoe de pi":null,"État de s":null,"Vitesse ":null,"Référenc":null,"Nom":null,"Éclairage":null,"Sans issue":null,"Intersecti":null,"Nombre de ":null,"Accès":null,"surface":"Terre","Service":"Ruelle","Sens uniqu":null},"geometry":{"type":"LineString","coordinates":[[-16.5068352,15.8917636],[-16.5066318,15.891814]]}},{"type":"Feature","properties":{"full_id":"w1013925582","osm_id":"1013925582","osm_type":"way","Type de vo":"service","Niveau":null,"Pont":null,"Tyoe de pi":null,"État de s":null,"Vitesse ":null,"Référenc":null,"Nom":null,"Éclairage":null,"Sans issue":null,"Intersecti":null,"Nombre de ":null,"Accès":null,"surface":"Terre","Service":"Ruelle","Sens uniqu":null},"geometry":{"type":"LineString","coordinates":[[-16.5074666,15.8918534],[-16.5075511,15.8913386]]}},{"type":"Feature","properties":{"full_id":"w1013925583","osm_id":"1013925583","osm_type":"way","Type de vo":"service","Niveau":null,"Pont":null,"Tyoe de pi":null,"État de s":null,"Vitesse ":null,"Référenc":null,"Nom":null,"Éclairage":null,"Sans issue":null,"Intersecti":null,"Nombre de ":null,"Accès":null,"surface":"Terre","Service":"Ruelle","Sens uniqu":null},"geometry":{"type":"LineString","coordinates":[[-16.5075034,15.8916291],[-16.5071797,15.891547],[-16.5071198,15.8918209]]}},{"type":"Feature","properties":{"full_id":"w1013925584","osm_id":"1013925584","osm_type":"way","Type de vo":"service","Niveau":null,"Pont":null,"Tyoe de pi":null,"État de s":null,"Vitesse ":null,"Référenc":null,"Nom":null,"Éclairage":null,"Sans issue":null,"Intersecti":null,"Nombre de ":null,"Accès":null,"surface":"Terre","Service":"Ruelle","Sens uniqu":null},"geometry":{"type":"LineString","coordinates":[[-16.5073081,15.8916009],[-16.5073506,15.8911871]]}},{"type":"Feature","properties":{"full_id":"w1013926868","osm_id":"1013926868","osm_type":"way","Type de vo":"service","Niveau":null,"Pont":null,"Tyoe de pi":null,"État de s":null,"Vitesse ":null,"Référenc":null,"Nom":null,"Éclairage":null,"Sans issue":null,"Intersecti":null,"Nombre de ":null,"Accès":null,"surface":"Terre","Service":"Ruelle","Sens uniqu":null},"geometry":{"type":"LineString","coordinates":[[-16.49196,15.9428068],[-16.4922621,15.9427208],[-16.4922809,15.94286],[-16.4926019,15.9428548]]}},{"type":"Feature","properties":{"full_id":"w1013926869","osm_id":"1013926869","osm_type":"way","Type de vo":"service","Niveau":null,"Pont":null,"Tyoe de pi":null,"État de s":null,"Vitesse ":null,"Référenc":null,"Nom":null,"Éclairage":null,"Sans issue":null,"Intersecti":null,"Nombre de ":null,"Accès":null,"surface":"Terre","Service":"Ruelle","Sens uniqu":null},"geometry":{"type":"LineString","coordinates":[[-16.4920797,15.9428007],[-16.4920841,15.9430846]]}},{"type":"Feature","properties":{"full_id":"w1013926870","osm_id":"1013926870","osm_type":"way","Type de vo":"service","Niveau":null,"Pont":null,"Tyoe de pi":null,"État de s":null,"Vitesse ":null,"Référenc":null,"Nom":null,"Éclairage":null,"Sans issue":null,"Intersecti":null,"Nombre de ":null,"Accès":null,"surface":"Terre","Service":"Ruelle","Sens uniqu":null},"geometry":{"type":"LineString","coordinates":[[-16.4914556,15.9429709],[-16.4912911,15.942958]]}},{"type":"Feature","properties":{"full_id":"w1013926871","osm_id":"1013926871","osm_type":"way","Type de vo":"service","Niveau":null,"Pont":null,"Tyoe de pi":null,"État de s":null,"Vitesse ":null,"Référenc":null,"Nom":null,"Éclairage":null,"Sans issue":null,"Intersecti":null,"Nombre de ":null,"Accès":null,"surface":"Terre","Service":"Ruelle","Sens uniqu":null},"geometry":{"type":"LineString","coordinates":[[-16.4922373,15.9434579],[-16.4925184,15.9434376]]}},{"type":"Feature","properties":{"full_id":"w1013926875","osm_id":"1013926875","osm_type":"way","Type de vo":"service","Niveau":null,"Pont":null,"Tyoe de pi":null,"État de s":null,"Vitesse ":null,"Référenc":null,"Nom":null,"Éclairage":null,"Sans issue":null,"Intersecti":null,"Nombre de ":null,"Accès":null,"surface":"Terre","Service":"Ruelle","Sens uniqu":null},"geometry":{"type":"LineString","coordinates":[[-16.4919322,15.9443842],[-16.4918303,15.9446189]]}},{"type":"Feature","properties":{"full_id":"w1013926883","osm_id":"1013926883","osm_type":"way","Type de vo":"service","Niveau":null,"Pont":null,"Tyoe de pi":null,"État de s":null,"Vitesse ":null,"Référenc":null,"Nom":null,"Éclairage":null,"Sans issue":null,"Intersecti":null,"Nombre de ":null,"Accès":null,"surface":"Terre","Service":"Ruelle","Sens uniqu":null},"geometry":{"type":"LineString","coordinates":[[-16.4931431,15.9416532],[-16.4932944,15.9416566],[-16.4933324,15.9413904]]}},{"type":"Feature","properties":{"full_id":"w1013926885","osm_id":"1013926885","osm_type":"way","Type de vo":"service","Niveau":null,"Pont":null,"Tyoe de pi":null,"État de s":null,"Vitesse ":null,"Référenc":null,"Nom":null,"Éclairage":null,"Sans issue":null,"Intersecti":null,"Nombre de ":null,"Accès":null,"surface":"Terre","Service":"Ruelle","Sens uniqu":null},"geometry":{"type":"LineString","coordinates":[[-16.4931394,15.9422928],[-16.4926543,15.9422859]]}},{"type":"Feature","properties":{"full_id":"w1013926892","osm_id":"1013926892","osm_type":"way","Type de vo":"service","Niveau":null,"Pont":null,"Tyoe de pi":null,"État de s":null,"Vitesse ":null,"Référenc":null,"Nom":null,"Éclairage":null,"Sans issue":null,"Intersecti":null,"Nombre de ":null,"Accès":null,"surface":"Terre","Service":"Ruelle","Sens uniqu":null},"geometry":{"type":"LineString","coordinates":[[-16.4926212,15.9374629],[-16.4923156,15.9374868]]}},{"type":"Feature","properties":{"full_id":"w1013926893","osm_id":"1013926893","osm_type":"way","Type de vo":"service","Niveau":null,"Pont":null,"Tyoe de pi":null,"État de s":null,"Vitesse ":null,"Référenc":null,"Nom":null,"Éclairage":null,"Sans issue":null,"Intersecti":null,"Nombre de ":null,"Accès":null,"surface":"Terre","Service":"Ruelle","Sens uniqu":null},"geometry":{"type":"LineString","coordinates":[[-16.4923077,15.9374419],[-16.4919021,15.9375939]]}},{"type":"Feature","properties":{"full_id":"w1013926896","osm_id":"1013926896","osm_type":"way","Type de vo":"service","Niveau":null,"Pont":null,"Tyoe de pi":null,"État de s":null,"Vitesse ":null,"Référenc":null,"Nom":null,"Éclairage":null,"Sans issue":null,"Intersecti":null,"Nombre de ":null,"Accès":null,"surface":"Terre","Service":"Ruelle","Sens uniqu":null},"geometry":{"type":"LineString","coordinates":[[-16.4927869,15.9398026],[-16.4920832,15.9398455]]}},{"type":"Feature","properties":{"full_id":"w1013926900","osm_id":"1013926900","osm_type":"way","Type de vo":"service","Niveau":null,"Pont":null,"Tyoe de pi":null,"État de s":null,"Vitesse ":null,"Référenc":null,"Nom":null,"Éclairage":null,"Sans issue":null,"Intersecti":null,"Nombre de ":null,"Accès":null,"surface":"Terre","Service":"Ruelle","Sens uniqu":null},"geometry":{"type":"LineString","coordinates":[[-16.4924763,15.9383083],[-16.492482,15.9384618],[-16.4926588,15.9384624]]}},{"type":"Feature","properties":{"full_id":"w1013926901","osm_id":"1013926901","osm_type":"way","Type de vo":"service","Niveau":null,"Pont":null,"Tyoe de pi":null,"État de s":null,"Vitesse ":null,"Référenc":null,"Nom":null,"Éclairage":null,"Sans issue":null,"Intersecti":null,"Nombre de ":null,"Accès":null,"surface":"Terre","Service":"Ruelle","Sens uniqu":null},"geometry":{"type":"LineString","coordinates":[[-16.4931418,15.9385255],[-16.4926488,15.9385565]]}},{"type":"Feature","properties":{"full_id":"w1013930423","osm_id":"1013930423","osm_type":"way","Type de vo":"service","Niveau":null,"Pont":null,"Tyoe de pi":null,"État de s":null,"Vitesse ":null,"Référenc":null,"Nom":null,"Éclairage":null,"Sans issue":null,"Intersecti":null,"Nombre de ":null,"Accès":null,"surface":"Terre","Service":"Ruelle","Sens uniqu":null},"geometry":{"type":"LineString","coordinates":[[-16.5082245,15.8983737],[-16.5080848,15.8983678]]}},{"type":"Feature","properties":{"full_id":"w1013930425","osm_id":"1013930425","osm_type":"way","Type de vo":"service","Niveau":null,"Pont":null,"Tyoe de pi":null,"État de s":null,"Vitesse ":null,"Référenc":null,"Nom":null,"Éclairage":null,"Sans issue":null,"Intersecti":null,"Nombre de ":null,"Accès":null,"surface":"Terre","Service":"Ruelle","Sens uniqu":null},"geometry":{"type":"LineString","coordinates":[[-16.507556,15.900089],[-16.507839,15.9000199]]}},{"type":"Feature","properties":{"full_id":"w1013930433","osm_id":"1013930433","osm_type":"way","Type de vo":"service","Niveau":null,"Pont":null,"Tyoe de pi":null,"État de s":null,"Vitesse ":null,"Référenc":null,"Nom":null,"Éclairage":null,"Sans issue":null,"Intersecti":null,"Nombre de ":null,"Accès":null,"surface":"Terre","Service":"Ruelle","Sens uniqu":null},"geometry":{"type":"LineString","coordinates":[[-16.506682,15.8968343],[-16.5069624,15.8972863],[-16.506627,15.897386]]}},{"type":"Feature","properties":{"full_id":"w1013930434","osm_id":"1013930434","osm_type":"way","Type de vo":"service","Niveau":null,"Pont":null,"Tyoe de pi":null,"État de s":null,"Vitesse ":null,"Référenc":null,"Nom":null,"Éclairage":null,"Sans issue":null,"Intersecti":null,"Nombre de ":null,"Accès":null,"surface":"Terre","Service":"Ruelle","Sens uniqu":null},"geometry":{"type":"LineString","coordinates":[[-16.5069466,15.8971381],[-16.5067662,15.8971606],[-16.5068036,15.8973335]]}},{"type":"Feature","properties":{"full_id":"w1013930435","osm_id":"1013930435","osm_type":"way","Type de vo":"service","Niveau":null,"Pont":null,"Tyoe de pi":null,"État de s":null,"Vitesse ":null,"Référenc":null,"Nom":null,"Éclairage":null,"Sans issue":null,"Intersecti":null,"Nombre de ":null,"Accès":null,"surface":"Terre","Service":"Ruelle","Sens uniqu":null},"geometry":{"type":"LineString","coordinates":[[-16.5067662,15.8971606],[-16.5067172,15.8969854],[-16.5065639,15.8970092]]}},{"type":"Feature","properties":{"full_id":"w1013930436","osm_id":"1013930436","osm_type":"way","Type de vo":"service","Niveau":null,"Pont":null,"Tyoe de pi":null,"État de s":null,"Vitesse ":null,"Référenc":null,"Nom":null,"Éclairage":null,"Sans issue":null,"Intersecti":null,"Nombre de ":null,"Accès":null,"surface":"Terre","Service":"Ruelle","Sens uniqu":null},"geometry":{"type":"LineString","coordinates":[[-16.5069273,15.8970461],[-16.5074011,15.89701]]}},{"type":"Feature","properties":{"full_id":"w1013930437","osm_id":"1013930437","osm_type":"way","Type de vo":"service","Niveau":null,"Pont":null,"Tyoe de pi":null,"État de s":null,"Vitesse ":null,"Référenc":null,"Nom":null,"Éclairage":null,"Sans issue":null,"Intersecti":null,"Nombre de ":null,"Accès":null,"surface":"Terre","Service":"Ruelle","Sens uniqu":null},"geometry":{"type":"LineString","coordinates":[[-16.5074036,15.897258],[-16.5069624,15.8972863]]}},{"type":"Feature","properties":{"full_id":"w1013930438","osm_id":"1013930438","osm_type":"way","Type de vo":"service","Niveau":null,"Pont":null,"Tyoe de pi":null,"État de s":null,"Vitesse ":null,"Référenc":null,"Nom":null,"Éclairage":null,"Sans issue":null,"Intersecti":null,"Nombre de ":null,"Accès":null,"surface":"Terre","Service":"Ruelle","Sens uniqu":null},"geometry":{"type":"LineString","coordinates":[[-16.5071818,15.8970034],[-16.5072009,15.8964915]]}},{"type":"Feature","properties":{"full_id":"w1013930439","osm_id":"1013930439","osm_type":"way","Type de vo":"service","Niveau":null,"Pont":null,"Tyoe de pi":null,"État de s":null,"Vitesse ":null,"Référenc":null,"Nom":null,"Éclairage":null,"Sans issue":null,"Intersecti":null,"Nombre de ":null,"Accès":null,"surface":"Terre","Service":"Ruelle","Sens uniqu":null},"geometry":{"type":"LineString","coordinates":[[-16.5067872,15.8968686],[-16.5071596,15.8967251]]}},{"type":"Feature","properties":{"full_id":"w1013930447","osm_id":"1013930447","osm_type":"way","Type de vo":"service","Niveau":null,"Pont":null,"Tyoe de pi":null,"État de s":null,"Vitesse ":null,"Référenc":null,"Nom":null,"Éclairage":null,"Sans issue":null,"Intersecti":null,"Nombre de ":null,"Accès":null,"surface":"Terre","Service":"Ruelle","Sens uniqu":null},"geometry":{"type":"LineString","coordinates":[[-16.5066192,15.8953834],[-16.5063203,15.8954406]]}},{"type":"Feature","properties":{"full_id":"w1013930448","osm_id":"1013930448","osm_type":"way","Type de vo":"service","Niveau":null,"Pont":null,"Tyoe de pi":null,"État de s":null,"Vitesse ":null,"Référenc":null,"Nom":null,"Éclairage":null,"Sans issue":null,"Intersecti":null,"Nombre de ":null,"Accès":null,"surface":"Terre","Service":"Ruelle","Sens uniqu":null},"geometry":{"type":"LineString","coordinates":[[-16.5071088,15.8953315],[-16.5068521,15.8954133],[-16.5067939,15.8952276]]}},{"type":"Feature","properties":{"full_id":"w1013930453","osm_id":"1013930453","osm_type":"way","Type de vo":"service","Niveau":null,"Pont":null,"Tyoe de pi":null,"État de s":null,"Vitesse ":null,"Référenc":null,"Nom":null,"Éclairage":null,"Sans issue":null,"Intersecti":null,"Nombre de ":null,"Accès":null,"surface":"Terre","Service":"Ruelle","Sens uniqu":null},"geometry":{"type":"LineString","coordinates":[[-16.506642,15.895888],[-16.5071443,15.8962996]]}},{"type":"Feature","properties":{"full_id":"w1013930454","osm_id":"1013930454","osm_type":"way","Type de vo":"service","Niveau":null,"Pont":null,"Tyoe de pi":null,"État de s":null,"Vitesse ":null,"Référenc":null,"Nom":null,"Éclairage":null,"Sans issue":null,"Intersecti":null,"Nombre de ":null,"Accès":null,"surface":"Terre","Service":"Ruelle","Sens uniqu":null},"geometry":{"type":"LineString","coordinates":[[-16.5069332,15.8962191],[-16.506918,15.8962829]]}},{"type":"Feature","properties":{"full_id":"w1013930469","osm_id":"1013930469","osm_type":"way","Type de vo":"service","Niveau":null,"Pont":null,"Tyoe de pi":null,"État de s":null,"Vitesse ":null,"Référenc":null,"Nom":null,"Éclairage":null,"Sans issue":null,"Intersecti":null,"Nombre de ":null,"Accès":null,"surface":"Terre","Service":"Ruelle","Sens uniqu":null},"geometry":{"type":"LineString","coordinates":[[-16.5047687,15.8924046],[-16.5048356,15.8927829],[-16.5045525,15.8928323]]}},{"type":"Feature","properties":{"full_id":"w1013930470","osm_id":"1013930470","osm_type":"way","Type de vo":"service","Niveau":null,"Pont":null,"Tyoe de pi":null,"État de s":null,"Vitesse ":null,"Référenc":null,"Nom":null,"Éclairage":null,"Sans issue":null,"Intersecti":null,"Nombre de ":null,"Accès":null,"surface":"Terre","Service":"Ruelle","Sens uniqu":null},"geometry":{"type":"LineString","coordinates":[[-16.5048356,15.8927829],[-16.505002,15.8926349]]}},{"type":"Feature","properties":{"full_id":"w1013930473","osm_id":"1013930473","osm_type":"way","Type de vo":"service","Niveau":null,"Pont":null,"Tyoe de pi":null,"État de s":null,"Vitesse ":null,"Référenc":null,"Nom":null,"Éclairage":null,"Sans issue":null,"Intersecti":null,"Nombre de ":null,"Accès":null,"surface":"Terre","Service":"Ruelle","Sens uniqu":null},"geometry":{"type":"LineString","coordinates":[[-16.5042269,15.8919711],[-16.50408,15.8919149],[-16.5040562,15.8922761]]}},{"type":"Feature","properties":{"full_id":"w1013930474","osm_id":"1013930474","osm_type":"way","Type de vo":"service","Niveau":null,"Pont":null,"Tyoe de pi":null,"État de s":null,"Vitesse ":null,"Référenc":null,"Nom":null,"Éclairage":null,"Sans issue":null,"Intersecti":null,"Nombre de ":null,"Accès":null,"surface":"Terre","Service":"Ruelle","Sens uniqu":null},"geometry":{"type":"LineString","coordinates":[[-16.5040588,15.8920221],[-16.5039438,15.892029]]}},{"type":"Feature","properties":{"full_id":"w1013930477","osm_id":"1013930477","osm_type":"way","Type de vo":"service","Niveau":null,"Pont":null,"Tyoe de pi":null,"État de s":null,"Vitesse ":null,"Référenc":null,"Nom":null,"Éclairage":null,"Sans issue":null,"Intersecti":null,"Nombre de ":null,"Accès":null,"surface":"Terre","Service":"Ruelle","Sens uniqu":null},"geometry":{"type":"LineString","coordinates":[[-16.5040231,15.892316],[-16.5036763,15.8923172]]}},{"type":"Feature","properties":{"full_id":"w1013930478","osm_id":"1013930478","osm_type":"way","Type de vo":"service","Niveau":null,"Pont":null,"Tyoe de pi":null,"État de s":null,"Vitesse ":null,"Référenc":null,"Nom":null,"Éclairage":null,"Sans issue":null,"Intersecti":null,"Nombre de ":null,"Accès":null,"surface":"Terre","Service":"Ruelle","Sens uniqu":null},"geometry":{"type":"LineString","coordinates":[[-16.5036288,15.8920477],[-16.5032093,15.8920154]]}},{"type":"Feature","properties":{"full_id":"w1013933667","osm_id":"1013933667","osm_type":"way","Type de vo":"service","Niveau":null,"Pont":null,"Tyoe de pi":null,"État de s":null,"Vitesse ":null,"Référenc":null,"Nom":null,"Éclairage":null,"Sans issue":null,"Intersecti":null,"Nombre de ":null,"Accès":null,"surface":"Terre","Service":"Ruelle","Sens uniqu":null},"geometry":{"type":"LineString","coordinates":[[-16.5044481,15.8910333],[-16.5044109,15.8916631]]}},{"type":"Feature","properties":{"full_id":"w1013933668","osm_id":"1013933668","osm_type":"way","Type de vo":"service","Niveau":null,"Pont":null,"Tyoe de pi":null,"État de s":null,"Vitesse ":null,"Référenc":null,"Nom":null,"Éclairage":null,"Sans issue":null,"Intersecti":null,"Nombre de ":null,"Accès":null,"surface":"Terre","Service":"Ruelle","Sens uniqu":null},"geometry":{"type":"LineString","coordinates":[[-16.5040924,15.8913856],[-16.5044436,15.8913619]]}},{"type":"Feature","properties":{"full_id":"w1013933674","osm_id":"1013933674","osm_type":"way","Type de vo":"service","Niveau":null,"Pont":null,"Tyoe de pi":null,"État de s":null,"Vitesse ":null,"Référenc":null,"Nom":null,"Éclairage":null,"Sans issue":null,"Intersecti":null,"Nombre de ":null,"Accès":null,"surface":"Terre","Service":"Ruelle","Sens uniqu":null},"geometry":{"type":"LineString","coordinates":[[-16.508188,15.8914372],[-16.5081875,15.8917717]]}},{"type":"Feature","properties":{"full_id":"w1013933675","osm_id":"1013933675","osm_type":"way","Type de vo":"service","Niveau":null,"Pont":null,"Tyoe de pi":null,"État de s":null,"Vitesse ":null,"Référenc":null,"Nom":null,"Éclairage":null,"Sans issue":null,"Intersecti":null,"Nombre de ":null,"Accès":null,"surface":"Terre","Service":"Ruelle","Sens uniqu":null},"geometry":{"type":"LineString","coordinates":[[-16.5082347,15.8917688],[-16.5082098,15.892259]]}},{"type":"Feature","properties":{"full_id":"w1013933676","osm_id":"1013933676","osm_type":"way","Type de vo":"service","Niveau":null,"Pont":null,"Tyoe de pi":null,"État de s":null,"Vitesse ":null,"Référenc":null,"Nom":null,"Éclairage":null,"Sans issue":null,"Intersecti":null,"Nombre de ":null,"Accès":null,"surface":"Terre","Service":"Ruelle","Sens uniqu":null},"geometry":{"type":"LineString","coordinates":[[-16.508706,15.8912985],[-16.5083467,15.8913129]]}},{"type":"Feature","properties":{"full_id":"w1013933677","osm_id":"1013933677","osm_type":"way","Type de vo":"service","Niveau":null,"Pont":null,"Tyoe de pi":null,"État de s":null,"Vitesse ":null,"Référenc":null,"Nom":null,"Éclairage":null,"Sans issue":null,"Intersecti":null,"Nombre de ":null,"Accès":null,"surface":"Terre","Service":"Ruelle","Sens uniqu":null},"geometry":{"type":"LineString","coordinates":[[-16.5080093,15.8917064],[-16.5077907,15.8916583]]}},{"type":"Feature","properties":{"full_id":"w1013933679","osm_id":"1013933679","osm_type":"way","Type de vo":"service","Niveau":null,"Pont":null,"Tyoe de pi":null,"État de s":null,"Vitesse ":null,"Référenc":null,"Nom":null,"Éclairage":null,"Sans issue":null,"Intersecti":null,"Nombre de ":null,"Accès":null,"surface":"Terre","Service":"Ruelle","Sens uniqu":null},"geometry":{"type":"LineString","coordinates":[[-16.5074989,15.8898483],[-16.507483,15.8901522]]}},{"type":"Feature","properties":{"full_id":"w1013933682","osm_id":"1013933682","osm_type":"way","Type de vo":"service","Niveau":null,"Pont":null,"Tyoe de pi":null,"État de s":null,"Vitesse ":null,"Référenc":null,"Nom":null,"Éclairage":null,"Sans issue":null,"Intersecti":null,"Nombre de ":null,"Accès":null,"surface":"Terre","Service":"Ruelle","Sens uniqu":null},"geometry":{"type":"LineString","coordinates":[[-16.5056583,15.8893147],[-16.5052756,15.8894156]]}},{"type":"Feature","properties":{"full_id":"w1013933691","osm_id":"1013933691","osm_type":"way","Type de vo":"service","Niveau":null,"Pont":null,"Tyoe de pi":null,"État de s":null,"Vitesse ":null,"Référenc":null,"Nom":null,"Éclairage":null,"Sans issue":null,"Intersecti":null,"Nombre de ":null,"Accès":null,"surface":"Terre","Service":"Ruelle","Sens uniqu":null},"geometry":{"type":"LineString","coordinates":[[-16.5009563,15.8921479],[-16.5012337,15.8920447],[-16.5014672,15.8921997],[-16.5019092,15.892188]]}},{"type":"Feature","properties":{"full_id":"w1013933692","osm_id":"1013933692","osm_type":"way","Type de vo":"service","Niveau":null,"Pont":null,"Tyoe de pi":null,"État de s":null,"Vitesse ":null,"Référenc":null,"Nom":null,"Éclairage":null,"Sans issue":null,"Intersecti":null,"Nombre de ":null,"Accès":null,"surface":"Terre","Service":"Ruelle","Sens uniqu":null},"geometry":{"type":"LineString","coordinates":[[-16.5022107,15.8921492],[-16.5019092,15.892188]]}},{"type":"Feature","properties":{"full_id":"w1013933693","osm_id":"1013933693","osm_type":"way","Type de vo":"service","Niveau":null,"Pont":null,"Tyoe de pi":null,"État de s":null,"Vitesse ":null,"Référenc":null,"Nom":null,"Éclairage":null,"Sans issue":null,"Intersecti":null,"Nombre de ":null,"Accès":null,"surface":"Terre","Service":"Ruelle","Sens uniqu":null},"geometry":{"type":"LineString","coordinates":[[-16.5017112,15.8922115],[-16.5016605,15.8928515]]}},{"type":"Feature","properties":{"full_id":"w1013933694","osm_id":"1013933694","osm_type":"way","Type de vo":"service","Niveau":null,"Pont":null,"Tyoe de pi":null,"État de s":null,"Vitesse ":null,"Référenc":null,"Nom":null,"Éclairage":null,"Sans issue":null,"Intersecti":null,"Nombre de ":null,"Accès":null,"surface":"Terre","Service":"Ruelle","Sens uniqu":null},"geometry":{"type":"LineString","coordinates":[[-16.5009215,15.8920519],[-16.5006593,15.8922289],[-16.5003454,15.8921848]]}},{"type":"Feature","properties":{"full_id":"w1013933698","osm_id":"1013933698","osm_type":"way","Type de vo":"service","Niveau":null,"Pont":null,"Tyoe de pi":null,"État de s":null,"Vitesse ":null,"Référenc":null,"Nom":null,"Éclairage":null,"Sans issue":null,"Intersecti":null,"Nombre de ":null,"Accès":null,"surface":"Terre","Service":"Ruelle","Sens uniqu":null},"geometry":{"type":"LineString","coordinates":[[-16.5015019,15.8947652],[-16.5017241,15.8947216]]}},{"type":"Feature","properties":{"full_id":"w1013933699","osm_id":"1013933699","osm_type":"way","Type de vo":"service","Niveau":"-1","Pont":null,"Tyoe de pi":null,"État de s":null,"Vitesse ":null,"Référenc":null,"Nom":null,"Éclairage":null,"Sans issue":null,"Intersecti":null,"Nombre de ":null,"Accès":null,"surface":"Terre","Service":"Ruelle","Sens uniqu":null},"geometry":{"type":"LineString","coordinates":[[-16.5015238,15.8948239],[-16.5020154,15.8948908]]}},{"type":"Feature","properties":{"full_id":"w1013933700","osm_id":"1013933700","osm_type":"way","Type de vo":"service","Niveau":null,"Pont":null,"Tyoe de pi":null,"État de s":null,"Vitesse ":null,"Référenc":null,"Nom":null,"Éclairage":null,"Sans issue":null,"Intersecti":null,"Nombre de ":null,"Accès":null,"surface":"Terre","Service":"Ruelle","Sens uniqu":null},"geometry":{"type":"LineString","coordinates":[[-16.5011213,15.8939276],[-16.5011427,15.8943152],[-16.5014084,15.8943697]]}},{"type":"Feature","properties":{"full_id":"w1013933704","osm_id":"1013933704","osm_type":"way","Type de vo":"service","Niveau":null,"Pont":null,"Tyoe de pi":null,"État de s":null,"Vitesse ":null,"Référenc":null,"Nom":null,"Éclairage":null,"Sans issue":null,"Intersecti":null,"Nombre de ":null,"Accès":null,"surface":"Terre","Service":"Ruelle","Sens uniqu":null},"geometry":{"type":"LineString","coordinates":[[-16.5005456,15.8958893],[-16.5003675,15.8959298],[-16.5001993,15.8955615],[-16.5005255,15.8955007]]}},{"type":"Feature","properties":{"full_id":"w1013934903","osm_id":"1013934903","osm_type":"way","Type de vo":"service","Niveau":null,"Pont":null,"Tyoe de pi":null,"État de s":null,"Vitesse ":null,"Référenc":null,"Nom":null,"Éclairage":null,"Sans issue":null,"Intersecti":null,"Nombre de ":null,"Accès":null,"surface":"Terre","Service":"Ruelle","Sens uniqu":null},"geometry":{"type":"LineString","coordinates":[[-16.4995099,15.8938423],[-16.499091,15.893893],[-16.4988966,15.8945397]]}},{"type":"Feature","properties":{"full_id":"w1013934904","osm_id":"1013934904","osm_type":"way","Type de vo":"service","Niveau":null,"Pont":null,"Tyoe de pi":null,"État de s":null,"Vitesse ":null,"Référenc":null,"Nom":null,"Éclairage":null,"Sans issue":null,"Intersecti":null,"Nombre de ":null,"Accès":null,"surface":"Terre","Service":"Ruelle","Sens uniqu":null},"geometry":{"type":"LineString","coordinates":[[-16.4997356,15.8925679],[-16.4994361,15.8927759]]}},{"type":"Feature","properties":{"full_id":"w1013934905","osm_id":"1013934905","osm_type":"way","Type de vo":"service","Niveau":null,"Pont":null,"Tyoe de pi":null,"État de s":null,"Vitesse ":null,"Référenc":null,"Nom":null,"Éclairage":null,"Sans issue":null,"Intersecti":null,"Nombre de ":null,"Accès":null,"surface":"Terre","Service":"Ruelle","Sens uniqu":null},"geometry":{"type":"LineString","coordinates":[[-16.4994755,15.8927486],[-16.4996494,15.8930219]]}},{"type":"Feature","properties":{"full_id":"w1013934906","osm_id":"1013934906","osm_type":"way","Type de vo":"service","Niveau":null,"Pont":null,"Tyoe de pi":null,"État de s":null,"Vitesse ":null,"Référenc":null,"Nom":null,"Éclairage":null,"Sans issue":null,"Intersecti":null,"Nombre de ":null,"Accès":null,"surface":"Terre","Service":"Ruelle","Sens uniqu":null},"geometry":{"type":"LineString","coordinates":[[-16.4986844,15.8924738],[-16.4989763,15.8932527]]}},{"type":"Feature","properties":{"full_id":"w1013934911","osm_id":"1013934911","osm_type":"way","Type de vo":"service","Niveau":null,"Pont":null,"Tyoe de pi":null,"État de s":null,"Vitesse ":null,"Référenc":null,"Nom":null,"Éclairage":null,"Sans issue":null,"Intersecti":null,"Nombre de ":null,"Accès":null,"surface":"Terre","Service":"Ruelle","Sens uniqu":null},"geometry":{"type":"LineString","coordinates":[[-16.4989701,15.8913318],[-16.4989849,15.8915057],[-16.498557,15.891578]]}},{"type":"Feature","properties":{"full_id":"w1013934912","osm_id":"1013934912","osm_type":"way","Type de vo":"service","Niveau":null,"Pont":null,"Tyoe de pi":null,"État de s":null,"Vitesse ":null,"Référenc":null,"Nom":null,"Éclairage":null,"Sans issue":null,"Intersecti":null,"Nombre de ":null,"Accès":null,"surface":"Terre","Service":"Ruelle","Sens uniqu":null},"geometry":{"type":"LineString","coordinates":[[-16.4987934,15.8915417],[-16.4988705,15.8916944]]}},{"type":"Feature","properties":{"full_id":"w1013934914","osm_id":"1013934914","osm_type":"way","Type de vo":"service","Niveau":null,"Pont":null,"Tyoe de pi":null,"État de s":null,"Vitesse ":null,"Référenc":null,"Nom":null,"Éclairage":null,"Sans issue":null,"Intersecti":null,"Nombre de ":null,"Accès":null,"surface":"Terre","Service":"Ruelle","Sens uniqu":null},"geometry":{"type":"LineString","coordinates":[[-16.4977071,15.8920024],[-16.4979669,15.8919212]]}},{"type":"Feature","properties":{"full_id":"w1013934917","osm_id":"1013934917","osm_type":"way","Type de vo":"service","Niveau":null,"Pont":null,"Tyoe de pi":null,"État de s":null,"Vitesse ":null,"Référenc":null,"Nom":null,"Éclairage":null,"Sans issue":null,"Intersecti":null,"Nombre de ":null,"Accès":null,"surface":"Terre","Service":"Ruelle","Sens uniqu":null},"geometry":{"type":"LineString","coordinates":[[-16.499964,15.8912824],[-16.4997803,15.8914228],[-16.4998293,15.8916945]]}},{"type":"Feature","properties":{"full_id":"w1013934918","osm_id":"1013934918","osm_type":"way","Type de vo":"service","Niveau":null,"Pont":null,"Tyoe de pi":null,"État de s":null,"Vitesse ":null,"Référenc":null,"Nom":null,"Éclairage":null,"Sans issue":null,"Intersecti":null,"Nombre de ":null,"Accès":null,"surface":"Terre","Service":"Ruelle","Sens uniqu":null},"geometry":{"type":"LineString","coordinates":[[-16.4997779,15.8915777],[-16.499494,15.8916088]]}},{"type":"Feature","properties":{"full_id":"w1013934919","osm_id":"1013934919","osm_type":"way","Type de vo":"service","Niveau":null,"Pont":null,"Tyoe de pi":null,"État de s":null,"Vitesse ":null,"Référenc":null,"Nom":null,"Éclairage":null,"Sans issue":null,"Intersecti":null,"Nombre de ":null,"Accès":null,"surface":"Terre","Service":"Ruelle","Sens uniqu":null},"geometry":{"type":"LineString","coordinates":[[-16.5001687,15.8906224],[-16.5002272,15.8909208]]}},{"type":"Feature","properties":{"full_id":"w1013934920","osm_id":"1013934920","osm_type":"way","Type de vo":"service","Niveau":null,"Pont":null,"Tyoe de pi":null,"État de s":null,"Vitesse ":null,"Référenc":null,"Nom":null,"Éclairage":null,"Sans issue":null,"Intersecti":null,"Nombre de ":null,"Accès":null,"surface":"Terre","Service":"Ruelle","Sens uniqu":null},"geometry":{"type":"LineString","coordinates":[[-16.5016913,15.8898875],[-16.5016132,15.8902437],[-16.5018094,15.890237],[-16.5018744,15.8905031]]}},{"type":"Feature","properties":{"full_id":"w1013934921","osm_id":"1013934921","osm_type":"way","Type de vo":"service","Niveau":null,"Pont":null,"Tyoe de pi":null,"État de s":null,"Vitesse ":null,"Référenc":null,"Nom":null,"Éclairage":null,"Sans issue":null,"Intersecti":null,"Nombre de ":null,"Accès":null,"surface":"Terre","Service":"Ruelle","Sens uniqu":null},"geometry":{"type":"LineString","coordinates":[[-16.5018482,15.889258],[-16.5019379,15.8889829]]}},{"type":"Feature","properties":{"full_id":"w1013936680","osm_id":"1013936680","osm_type":"way","Type de vo":"service","Niveau":null,"Pont":null,"Tyoe de pi":null,"État de s":null,"Vitesse ":null,"Référenc":null,"Nom":null,"Éclairage":null,"Sans issue":null,"Intersecti":null,"Nombre de ":null,"Accès":null,"surface":"Terre","Service":"Ruelle","Sens uniqu":null},"geometry":{"type":"LineString","coordinates":[[-16.5011983,15.8876554],[-16.5014936,15.8875224]]}},{"type":"Feature","properties":{"full_id":"w1013936682","osm_id":"1013936682","osm_type":"way","Type de vo":"service","Niveau":null,"Pont":null,"Tyoe de pi":null,"État de s":null,"Vitesse ":null,"Référenc":null,"Nom":null,"Éclairage":null,"Sans issue":null,"Intersecti":null,"Nombre de ":null,"Accès":null,"surface":"Terre","Service":"Ruelle","Sens uniqu":null},"geometry":{"type":"LineString","coordinates":[[-16.5014229,15.888456],[-16.5014516,15.8882365],[-16.501027,15.8881802]]}},{"type":"Feature","properties":{"full_id":"w1013936683","osm_id":"1013936683","osm_type":"way","Type de vo":"service","Niveau":null,"Pont":null,"Tyoe de pi":null,"État de s":null,"Vitesse ":null,"Référenc":null,"Nom":null,"Éclairage":null,"Sans issue":null,"Intersecti":null,"Nombre de ":null,"Accès":null,"surface":"Terre","Service":"Ruelle","Sens uniqu":null},"geometry":{"type":"LineString","coordinates":[[-16.5020894,15.8876632],[-16.5022314,15.8883892],[-16.5028985,15.8882517]]}},{"type":"Feature","properties":{"full_id":"w1013936684","osm_id":"1013936684","osm_type":"way","Type de vo":"service","Niveau":null,"Pont":null,"Tyoe de pi":null,"État de s":null,"Vitesse ":null,"Référenc":null,"Nom":null,"Éclairage":null,"Sans issue":null,"Intersecti":null,"Nombre de ":null,"Accès":null,"surface":"Terre","Service":"Ruelle","Sens uniqu":null},"geometry":{"type":"LineString","coordinates":[[-16.5029824,15.8887127],[-16.5026259,15.8886136],[-16.5023954,15.8883554]]}},{"type":"Feature","properties":{"full_id":"w1013936685","osm_id":"1013936685","osm_type":"way","Type de vo":"service","Niveau":null,"Pont":null,"Tyoe de pi":null,"État de s":null,"Vitesse ":null,"Référenc":null,"Nom":null,"Éclairage":null,"Sans issue":null,"Intersecti":null,"Nombre de ":null,"Accès":null,"surface":"Terre","Service":"Ruelle","Sens uniqu":null},"geometry":{"type":"LineString","coordinates":[[-16.5020863,15.8865118],[-16.5027428,15.8863633]]}},{"type":"Feature","properties":{"full_id":"w1013936686","osm_id":"1013936686","osm_type":"way","Type de vo":"service","Niveau":null,"Pont":null,"Tyoe de pi":null,"État de s":null,"Vitesse ":null,"Référenc":null,"Nom":null,"Éclairage":null,"Sans issue":null,"Intersecti":null,"Nombre de ":null,"Accès":null,"surface":"Terre","Service":"Ruelle","Sens uniqu":null},"geometry":{"type":"LineString","coordinates":[[-16.5025311,15.8861347],[-16.5025093,15.8859211],[-16.5022268,15.8859076],[-16.5022337,15.885694]]}},{"type":"Feature","properties":{"full_id":"w1013936700","osm_id":"1013936700","osm_type":"way","Type de vo":"service","Niveau":null,"Pont":null,"Tyoe de pi":null,"État de s":null,"Vitesse ":null,"Référenc":null,"Nom":null,"Éclairage":null,"Sans issue":null,"Intersecti":null,"Nombre de ":null,"Accès":null,"surface":"Terre","Service":"Ruelle","Sens uniqu":null},"geometry":{"type":"LineString","coordinates":[[-16.4982604,15.8897047],[-16.4983343,15.8900811]]}},{"type":"Feature","properties":{"full_id":"w1013936701","osm_id":"1013936701","osm_type":"way","Type de vo":"service","Niveau":null,"Pont":null,"Tyoe de pi":null,"État de s":null,"Vitesse ":null,"Référenc":null,"Nom":null,"Éclairage":null,"Sans issue":null,"Intersecti":null,"Nombre de ":null,"Accès":null,"surface":"Terre","Service":"Ruelle","Sens uniqu":null},"geometry":{"type":"LineString","coordinates":[[-16.4987531,15.8899873],[-16.4980388,15.890148]]}},{"type":"Feature","properties":{"full_id":"w1013936705","osm_id":"1013936705","osm_type":"way","Type de vo":"service","Niveau":null,"Pont":null,"Tyoe de pi":null,"État de s":null,"Vitesse ":null,"Référenc":null,"Nom":null,"Éclairage":null,"Sans issue":null,"Intersecti":null,"Nombre de ":null,"Accès":null,"surface":"Terre","Service":"Ruelle","Sens uniqu":null},"geometry":{"type":"LineString","coordinates":[[-16.499755,15.8785615],[-16.4997802,15.8780985]]}},{"type":"Feature","properties":{"full_id":"w1013936706","osm_id":"1013936706","osm_type":"way","Type de vo":"service","Niveau":null,"Pont":null,"Tyoe de pi":null,"État de s":null,"Vitesse ":null,"Référenc":null,"Nom":null,"Éclairage":null,"Sans issue":null,"Intersecti":null,"Nombre de ":null,"Accès":null,"surface":"Terre","Service":"Ruelle","Sens uniqu":null},"geometry":{"type":"LineString","coordinates":[[-16.4997032,15.8783815],[-16.4994769,15.8783031],[-16.4995385,15.8780972],[-16.4997576,15.8781816]]}},{"type":"Feature","properties":{"full_id":"w1013936707","osm_id":"1013936707","osm_type":"way","Type de vo":"service","Niveau":null,"Pont":null,"Tyoe de pi":null,"État de s":null,"Vitesse ":null,"Référenc":null,"Nom":null,"Éclairage":null,"Sans issue":null,"Intersecti":null,"Nombre de ":null,"Accès":null,"surface":"Terre","Service":"Ruelle","Sens uniqu":null},"geometry":{"type":"LineString","coordinates":[[-16.5004829,15.8781848],[-16.5010688,15.8780603],[-16.5011401,15.8782772]]}},{"type":"Feature","properties":{"full_id":"w1013936708","osm_id":"1013936708","osm_type":"way","Type de vo":"service","Niveau":null,"Pont":null,"Tyoe de pi":null,"État de s":null,"Vitesse ":null,"Référenc":null,"Nom":null,"Éclairage":null,"Sans issue":null,"Intersecti":null,"Nombre de ":null,"Accès":null,"surface":"Terre","Service":"Ruelle","Sens uniqu":null},"geometry":{"type":"LineString","coordinates":[[-16.500734,15.8743438],[-16.5005142,15.8742956],[-16.5005008,15.8739731]]}},{"type":"Feature","properties":{"full_id":"w1013937650","osm_id":"1013937650","osm_type":"way","Type de vo":"service","Niveau":"-1","Pont":null,"Tyoe de pi":null,"État de s":null,"Vitesse ":null,"Référenc":null,"Nom":null,"Éclairage":null,"Sans issue":null,"Intersecti":null,"Nombre de ":null,"Accès":null,"surface":"Terre","Service":"Ruelle","Sens uniqu":null},"geometry":{"type":"LineString","coordinates":[[-16.5065822,15.8688617],[-16.5073957,15.8687801],[-16.5073709,15.8692907]]}},{"type":"Feature","properties":{"full_id":"w1013937651","osm_id":"1013937651","osm_type":"way","Type de vo":"service","Niveau":null,"Pont":null,"Tyoe de pi":null,"État de s":null,"Vitesse ":null,"Référenc":null,"Nom":null,"Éclairage":null,"Sans issue":null,"Intersecti":null,"Nombre de ":null,"Accès":null,"surface":"Terre","Service":"Ruelle","Sens uniqu":null},"geometry":{"type":"LineString","coordinates":[[-16.5070701,15.8687563],[-16.5070654,15.8684693]]}},{"type":"Feature","properties":{"full_id":"w1013937653","osm_id":"1013937653","osm_type":"way","Type de vo":"service","Niveau":"-1","Pont":null,"Tyoe de pi":null,"État de s":null,"Vitesse ":null,"Référenc":null,"Nom":null,"Éclairage":null,"Sans issue":null,"Intersecti":null,"Nombre de ":null,"Accès":null,"surface":"Terre","Service":"Ruelle","Sens uniqu":null},"geometry":{"type":"LineString","coordinates":[[-16.507732,15.8671618],[-16.5076941,15.8677538],[-16.5074205,15.8678415]]}},{"type":"Feature","properties":{"full_id":"w1013937654","osm_id":"1013937654","osm_type":"way","Type de vo":"service","Niveau":null,"Pont":null,"Tyoe de pi":null,"État de s":null,"Vitesse ":null,"Référenc":null,"Nom":null,"Éclairage":null,"Sans issue":null,"Intersecti":null,"Nombre de ":null,"Accès":null,"surface":"Terre","Service":"Ruelle","Sens uniqu":null},"geometry":{"type":"LineString","coordinates":[[-16.5078094,15.8678286],[-16.5078148,15.8680866],[-16.507491,15.8680507]]}},{"type":"Feature","properties":{"full_id":"w1013937656","osm_id":"1013937656","osm_type":"way","Type de vo":"service","Niveau":null,"Pont":null,"Tyoe de pi":null,"État de s":null,"Vitesse ":null,"Référenc":null,"Nom":null,"Éclairage":null,"Sans issue":null,"Intersecti":null,"Nombre de ":null,"Accès":null,"surface":"Terre","Service":"Ruelle","Sens uniqu":null},"geometry":{"type":"LineString","coordinates":[[-16.5078148,15.8680866],[-16.5078722,15.8686839]]}},{"type":"Feature","properties":{"full_id":"w1013937657","osm_id":"1013937657","osm_type":"way","Type de vo":"service","Niveau":null,"Pont":null,"Tyoe de pi":null,"État de s":null,"Vitesse ":null,"Référenc":null,"Nom":null,"Éclairage":null,"Sans issue":null,"Intersecti":null,"Nombre de ":null,"Accès":null,"surface":"Terre","Service":"Ruelle","Sens uniqu":null},"geometry":{"type":"LineString","coordinates":[[-16.5068765,15.8678731],[-16.5068492,15.8681485],[-16.506593,15.8683855]]}},{"type":"Feature","properties":{"full_id":"w1013937666","osm_id":"1013937666","osm_type":"way","Type de vo":"service","Niveau":null,"Pont":null,"Tyoe de pi":null,"État de s":null,"Vitesse ":null,"Référenc":null,"Nom":null,"Éclairage":null,"Sans issue":null,"Intersecti":null,"Nombre de ":null,"Accès":null,"surface":"Terre","Service":"Ruelle","Sens uniqu":null},"geometry":{"type":"LineString","coordinates":[[-16.5062061,15.8672537],[-16.5058428,15.8671696]]}},{"type":"Feature","properties":{"full_id":"w1013937670","osm_id":"1013937670","osm_type":"way","Type de vo":"service","Niveau":null,"Pont":null,"Tyoe de pi":null,"État de s":null,"Vitesse ":null,"Référenc":null,"Nom":null,"Éclairage":null,"Sans issue":null,"Intersecti":null,"Nombre de ":null,"Accès":null,"surface":"Terre","Service":"Ruelle","Sens uniqu":null},"geometry":{"type":"LineString","coordinates":[[-16.5077706,15.8643623],[-16.508217,15.8643238]]}},{"type":"Feature","properties":{"full_id":"w1013937671","osm_id":"1013937671","osm_type":"way","Type de vo":"service","Niveau":null,"Pont":null,"Tyoe de pi":null,"État de s":null,"Vitesse ":null,"Référenc":null,"Nom":null,"Éclairage":null,"Sans issue":null,"Intersecti":null,"Nombre de ":null,"Accès":null,"surface":"Terre","Service":"Ruelle","Sens uniqu":null},"geometry":{"type":"LineString","coordinates":[[-16.5077706,15.8643623],[-16.5078215,15.8641791],[-16.508071,15.8641713],[-16.5081228,15.8643351]]}},{"type":"Feature","properties":{"full_id":"w1013937672","osm_id":"1013937672","osm_type":"way","Type de vo":"service","Niveau":null,"Pont":null,"Tyoe de pi":null,"État de s":null,"Vitesse ":null,"Référenc":null,"Nom":null,"Éclairage":null,"Sans issue":null,"Intersecti":null,"Nombre de ":null,"Accès":null,"surface":"Terre","Service":"Ruelle","Sens uniqu":null},"geometry":{"type":"LineString","coordinates":[[-16.5073816,15.8642978],[-16.5074272,15.8641352],[-16.5075774,15.8641765]]}},{"type":"Feature","properties":{"full_id":"w1013937673","osm_id":"1013937673","osm_type":"way","Type de vo":"service","Niveau":null,"Pont":null,"Tyoe de pi":null,"État de s":null,"Vitesse ":null,"Référenc":null,"Nom":null,"Éclairage":null,"Sans issue":null,"Intersecti":null,"Nombre de ":null,"Accès":null,"surface":"Terre","Service":"Ruelle","Sens uniqu":null},"geometry":{"type":"LineString","coordinates":[[-16.5074525,15.8641422],[-16.5075249,15.8636855]]}},{"type":"Feature","properties":{"full_id":"w1013937676","osm_id":"1013937676","osm_type":"way","Type de vo":"service","Niveau":null,"Pont":null,"Tyoe de pi":null,"État de s":null,"Vitesse ":null,"Référenc":null,"Nom":null,"Éclairage":null,"Sans issue":null,"Intersecti":null,"Nombre de ":null,"Accès":null,"surface":"Terre","Service":"Ruelle","Sens uniqu":null},"geometry":{"type":"LineString","coordinates":[[-16.5067925,15.8640071],[-16.506809,15.8642255],[-16.5066115,15.8642608]]}},{"type":"Feature","properties":{"full_id":"w1013937677","osm_id":"1013937677","osm_type":"way","Type de vo":"service","Niveau":null,"Pont":null,"Tyoe de pi":null,"État de s":null,"Vitesse ":null,"Référenc":null,"Nom":null,"Éclairage":null,"Sans issue":null,"Intersecti":null,"Nombre de ":null,"Accès":null,"surface":"Terre","Service":"Ruelle","Sens uniqu":null},"geometry":{"type":"LineString","coordinates":[[-16.5078312,15.8637419],[-16.508071,15.8641713]]}},{"type":"Feature","properties":{"full_id":"w1013937678","osm_id":"1013937678","osm_type":"way","Type de vo":"service","Niveau":null,"Pont":null,"Tyoe de pi":null,"État de s":null,"Vitesse ":null,"Référenc":null,"Nom":null,"Éclairage":null,"Sans issue":null,"Intersecti":null,"Nombre de ":null,"Accès":null,"surface":"Terre","Service":"Ruelle","Sens uniqu":null},"geometry":{"type":"LineString","coordinates":[[-16.5075422,15.8650326],[-16.5079534,15.8650331]]}},{"type":"Feature","properties":{"full_id":"w1013937681","osm_id":"1013937681","osm_type":"way","Type de vo":"service","Niveau":null,"Pont":null,"Tyoe de pi":null,"État de s":null,"Vitesse ":null,"Référenc":null,"Nom":null,"Éclairage":null,"Sans issue":null,"Intersecti":null,"Nombre de ":null,"Accès":null,"surface":"Terre","Service":"Ruelle","Sens uniqu":null},"geometry":{"type":"LineString","coordinates":[[-16.5067534,15.8629659],[-16.5066493,15.8640159]]}},{"type":"Feature","properties":{"full_id":"w1013937684","osm_id":"1013937684","osm_type":"way","Type de vo":"service","Niveau":null,"Pont":null,"Tyoe de pi":null,"État de s":null,"Vitesse ":null,"Référenc":null,"Nom":null,"Éclairage":null,"Sans issue":null,"Intersecti":null,"Nombre de ":null,"Accès":null,"surface":"Terre","Service":"Ruelle","Sens uniqu":null},"geometry":{"type":"LineString","coordinates":[[-16.5073856,15.8622795],[-16.507672,15.8621602],[-16.5076354,15.8620273],[-16.5073875,15.8620449]]}},{"type":"Feature","properties":{"full_id":"w1013937685","osm_id":"1013937685","osm_type":"way","Type de vo":"service","Niveau":null,"Pont":null,"Tyoe de pi":null,"État de s":null,"Vitesse ":null,"Référenc":null,"Nom":null,"Éclairage":null,"Sans issue":null,"Intersecti":null,"Nombre de ":null,"Accès":null,"surface":"Terre","Service":"Ruelle","Sens uniqu":null},"geometry":{"type":"LineString","coordinates":[[-16.5073855,15.8622599],[-16.5069025,15.8623836]]}},{"type":"Feature","properties":{"full_id":"w1013937686","osm_id":"1013937686","osm_type":"way","Type de vo":"service","Niveau":null,"Pont":null,"Tyoe de pi":null,"État de s":null,"Vitesse ":null,"Référenc":null,"Nom":null,"Éclairage":null,"Sans issue":null,"Intersecti":null,"Nombre de ":null,"Accès":null,"surface":"Terre","Service":"Ruelle","Sens uniqu":null},"geometry":{"type":"LineString","coordinates":[[-16.5070371,15.8626291],[-16.5067133,15.8626985],[-16.5067534,15.8629659]]}},{"type":"Feature","properties":{"full_id":"w1013937687","osm_id":"1013937687","osm_type":"way","Type de vo":"service","Niveau":null,"Pont":null,"Tyoe de pi":null,"État de s":null,"Vitesse ":null,"Référenc":null,"Nom":null,"Éclairage":null,"Sans issue":null,"Intersecti":null,"Nombre de ":null,"Accès":null,"surface":"Terre","Service":"Ruelle","Sens uniqu":null},"geometry":{"type":"LineString","coordinates":[[-16.5071763,15.8671098],[-16.5072539,15.8662635]]}},{"type":"Feature","properties":{"full_id":"w1013937688","osm_id":"1013937688","osm_type":"way","Type de vo":"service","Niveau":null,"Pont":null,"Tyoe de pi":null,"État de s":null,"Vitesse ":null,"Référenc":null,"Nom":null,"Éclairage":null,"Sans issue":null,"Intersecti":null,"Nombre de ":null,"Accès":null,"surface":"Terre","Service":"Ruelle","Sens uniqu":null},"geometry":{"type":"LineString","coordinates":[[-16.5076051,15.8662715],[-16.5068306,15.8662468]]}},{"type":"Feature","properties":{"full_id":"w1013937689","osm_id":"1013937689","osm_type":"way","Type de vo":"service","Niveau":null,"Pont":null,"Tyoe de pi":null,"État de s":null,"Vitesse ":null,"Référenc":null,"Nom":null,"Éclairage":null,"Sans issue":null,"Intersecti":null,"Nombre de ":null,"Accès":null,"surface":"Terre","Service":"Ruelle","Sens uniqu":null},"geometry":{"type":"LineString","coordinates":[[-16.507606,15.8665289],[-16.5080773,15.866555]]}},{"type":"Feature","properties":{"full_id":"w1013937690","osm_id":"1013937690","osm_type":"way","Type de vo":"service","Niveau":null,"Pont":null,"Tyoe de pi":null,"État de s":null,"Vitesse ":null,"Référenc":null,"Nom":null,"Éclairage":null,"Sans issue":null,"Intersecti":null,"Nombre de ":null,"Accès":null,"surface":"Terre","Service":"Ruelle","Sens uniqu":null},"geometry":{"type":"LineString","coordinates":[[-16.506909,15.865603],[-16.5076602,15.865573]]}},{"type":"Feature","properties":{"full_id":"w1013937693","osm_id":"1013937693","osm_type":"way","Type de vo":"service","Niveau":null,"Pont":null,"Tyoe de pi":null,"État de s":null,"Vitesse ":null,"Référenc":null,"Nom":null,"Éclairage":null,"Sans issue":null,"Intersecti":null,"Nombre de ":null,"Accès":null,"surface":"Terre","Service":"Ruelle","Sens uniqu":null},"geometry":{"type":"LineString","coordinates":[[-16.5068306,15.8662468],[-16.5061112,15.8662119]]}},{"type":"Feature","properties":{"full_id":"w1013937694","osm_id":"1013937694","osm_type":"way","Type de vo":"service","Niveau":null,"Pont":null,"Tyoe de pi":null,"État de s":null,"Vitesse ":null,"Référenc":null,"Nom":null,"Éclairage":null,"Sans issue":null,"Intersecti":null,"Nombre de ":null,"Accès":null,"surface":"Terre","Service":"Ruelle","Sens uniqu":null},"geometry":{"type":"LineString","coordinates":[[-16.5061112,15.8662119],[-16.5053422,15.8662056]]}},{"type":"Feature","properties":{"full_id":"w1013937697","osm_id":"1013937697","osm_type":"way","Type de vo":"service","Niveau":null,"Pont":null,"Tyoe de pi":null,"État de s":null,"Vitesse ":null,"Référenc":null,"Nom":null,"Éclairage":null,"Sans issue":null,"Intersecti":null,"Nombre de ":null,"Accès":null,"surface":"Terre","Service":"Ruelle","Sens uniqu":null},"geometry":{"type":"LineString","coordinates":[[-16.5041262,15.8670732],[-16.5041162,15.8666273],[-16.5036758,15.8666376]]}},{"type":"Feature","properties":{"full_id":"w1013937700","osm_id":"1013937700","osm_type":"way","Type de vo":"service","Niveau":null,"Pont":null,"Tyoe de pi":null,"État de s":null,"Vitesse ":null,"Référenc":null,"Nom":null,"Éclairage":null,"Sans issue":null,"Intersecti":null,"Nombre de ":null,"Accès":null,"surface":"Terre","Service":"Ruelle","Sens uniqu":null},"geometry":{"type":"LineString","coordinates":[[-16.5035282,15.8659056],[-16.5037172,15.8658585],[-16.5038887,15.8663101]]}},{"type":"Feature","properties":{"full_id":"w1013937701","osm_id":"1013937701","osm_type":"way","Type de vo":"service","Niveau":null,"Pont":null,"Tyoe de pi":null,"État de s":null,"Vitesse ":null,"Référenc":null,"Nom":null,"Éclairage":null,"Sans issue":null,"Intersecti":null,"Nombre de ":null,"Accès":null,"surface":"Terre","Service":"Ruelle","Sens uniqu":null},"geometry":{"type":"LineString","coordinates":[[-16.5043053,15.86599],[-16.5038087,15.8660599]]}},{"type":"Feature","properties":{"full_id":"w1013937702","osm_id":"1013937702","osm_type":"way","Type de vo":"service","Niveau":null,"Pont":null,"Tyoe de pi":null,"État de s":null,"Vitesse ":null,"Référenc":null,"Nom":null,"Éclairage":null,"Sans issue":null,"Intersecti":null,"Nombre de ":null,"Accès":null,"surface":"Terre","Service":"Ruelle","Sens uniqu":null},"geometry":{"type":"LineString","coordinates":[[-16.5037436,15.8658976],[-16.5042984,15.8659095]]}},{"type":"Feature","properties":{"full_id":"w1013937710","osm_id":"1013937710","osm_type":"way","Type de vo":"service","Niveau":null,"Pont":null,"Tyoe de pi":null,"État de s":null,"Vitesse ":null,"Référenc":null,"Nom":null,"Éclairage":null,"Sans issue":null,"Intersecti":null,"Nombre de ":null,"Accès":null,"surface":"Terre","Service":"Ruelle","Sens uniqu":null},"geometry":{"type":"LineString","coordinates":[[-16.5064837,15.8611686],[-16.5060833,15.861236]]}},{"type":"Feature","properties":{"full_id":"w1013938101","osm_id":"1013938101","osm_type":"way","Type de vo":"service","Niveau":null,"Pont":null,"Tyoe de pi":null,"État de s":null,"Vitesse ":null,"Référenc":null,"Nom":null,"Éclairage":null,"Sans issue":null,"Intersecti":null,"Nombre de ":null,"Accès":null,"surface":"Terre","Service":"Ruelle","Sens uniqu":null},"geometry":{"type":"LineString","coordinates":[[-16.5045671,15.8681458],[-16.5044788,15.868392]]}},{"type":"Feature","properties":{"full_id":"w1013939521","osm_id":"1013939521","osm_type":"way","Type de vo":"service","Niveau":null,"Pont":null,"Tyoe de pi":null,"État de s":null,"Vitesse ":null,"Référenc":null,"Nom":null,"Éclairage":null,"Sans issue":null,"Intersecti":null,"Nombre de ":null,"Accès":null,"surface":"Terre","Service":"Ruelle","Sens uniqu":null},"geometry":{"type":"MultiLineString","coordinates":[[[-16.4970231,15.8625016],[-16.4968148,15.8619896],[-16.4967769,15.861901]],[[-16.4967769,15.861901],[-16.4967426,15.8618173],[-16.4969134,15.8612307],[-16.4974134,15.861434],[-16.4974215,15.8617469],[-16.4971695,15.8619424],[-16.4967769,15.861901]]]}},{"type":"Feature","properties":{"full_id":"w1013939522","osm_id":"1013939522","osm_type":"way","Type de vo":"service","Niveau":null,"Pont":null,"Tyoe de pi":null,"État de s":null,"Vitesse ":null,"Référenc":null,"Nom":null,"Éclairage":null,"Sans issue":null,"Intersecti":null,"Nombre de ":null,"Accès":null,"surface":"Terre","Service":"Ruelle","Sens uniqu":null},"geometry":{"type":"LineString","coordinates":[[-16.497185,15.8613411],[-16.4970259,15.8619056]]}},{"type":"Feature","properties":{"full_id":"w1013939523","osm_id":"1013939523","osm_type":"way","Type de vo":"service","Niveau":null,"Pont":null,"Tyoe de pi":null,"État de s":null,"Vitesse ":null,"Référenc":null,"Nom":null,"Éclairage":null,"Sans issue":null,"Intersecti":null,"Nombre de ":null,"Accès":null,"surface":"Terre","Service":"Ruelle","Sens uniqu":null},"geometry":{"type":"LineString","coordinates":[[-16.4970231,15.8625016],[-16.4972013,15.8624811],[-16.4972075,15.8622025],[-16.4973893,15.8620603]]}},{"type":"Feature","properties":{"full_id":"w1013939524","osm_id":"1013939524","osm_type":"way","Type de vo":"service","Niveau":null,"Pont":null,"Tyoe de pi":null,"État de s":null,"Vitesse ":null,"Référenc":null,"Nom":null,"Éclairage":null,"Sans issue":null,"Intersecti":null,"Nombre de ":null,"Accès":null,"surface":"Terre","Service":"Ruelle","Sens uniqu":null},"geometry":{"type":"LineString","coordinates":[[-16.4968148,15.8619896],[-16.496519,15.8620245]]}},{"type":"Feature","properties":{"full_id":"w1013939528","osm_id":"1013939528","osm_type":"way","Type de vo":"service","Niveau":null,"Pont":null,"Tyoe de pi":null,"État de s":null,"Vitesse ":null,"Référenc":null,"Nom":null,"Éclairage":null,"Sans issue":null,"Intersecti":null,"Nombre de ":null,"Accès":null,"surface":"Terre","Service":"Ruelle","Sens uniqu":null},"geometry":{"type":"LineString","coordinates":[[-16.4904787,15.8624471],[-16.4904984,15.8629147],[-16.4903228,15.8630925],[-16.4900209,15.8629443],[-16.489937,15.8626108]]}},{"type":"Feature","properties":{"full_id":"w1013939529","osm_id":"1013939529","osm_type":"way","Type de vo":"service","Niveau":null,"Pont":null,"Tyoe de pi":null,"État de s":null,"Vitesse ":null,"Référenc":null,"Nom":null,"Éclairage":null,"Sans issue":null,"Intersecti":null,"Nombre de ":null,"Accès":null,"surface":"Terre","Service":"Ruelle","Sens uniqu":null},"geometry":{"type":"LineString","coordinates":[[-16.4901762,15.8625385],[-16.4901564,15.8620315]]}},{"type":"Feature","properties":{"full_id":"w1013939532","osm_id":"1013939532","osm_type":"way","Type de vo":"service","Niveau":null,"Pont":null,"Tyoe de pi":null,"État de s":null,"Vitesse ":null,"Référenc":null,"Nom":null,"Éclairage":null,"Sans issue":null,"Intersecti":null,"Nombre de ":null,"Accès":null,"surface":"Terre","Service":"Ruelle","Sens uniqu":null},"geometry":{"type":"LineString","coordinates":[[-16.4876046,15.8648757],[-16.4875156,15.8657538]]}},{"type":"Feature","properties":{"full_id":"w1013939533","osm_id":"1013939533","osm_type":"way","Type de vo":"service","Niveau":null,"Pont":null,"Tyoe de pi":null,"État de s":null,"Vitesse ":null,"Référenc":null,"Nom":null,"Éclairage":null,"Sans issue":null,"Intersecti":null,"Nombre de ":null,"Accès":null,"surface":"Terre","Service":"Ruelle","Sens uniqu":null},"geometry":{"type":"LineString","coordinates":[[-16.4876142,15.8650811],[-16.487343,15.8654071]]}},{"type":"Feature","properties":{"full_id":"w1013939534","osm_id":"1013939534","osm_type":"way","Type de vo":"service","Niveau":null,"Pont":null,"Tyoe de pi":null,"État de s":null,"Vitesse ":null,"Référenc":null,"Nom":null,"Éclairage":null,"Sans issue":null,"Intersecti":null,"Nombre de ":null,"Accès":null,"surface":"Terre","Service":"Ruelle","Sens uniqu":null},"geometry":{"type":"LineString","coordinates":[[-16.487243,15.8662997],[-16.4876142,15.8663643],[-16.4877035,15.8665748],[-16.4875217,15.8665511],[-16.4874694,15.8663643]]}},{"type":"Feature","properties":{"full_id":"w1013939535","osm_id":"1013939535","osm_type":"way","Type de vo":"service","Niveau":null,"Pont":null,"Tyoe de pi":null,"État de s":null,"Vitesse ":null,"Référenc":null,"Nom":null,"Éclairage":null,"Sans issue":null,"Intersecti":null,"Nombre de ":null,"Accès":null,"surface":"Terre","Service":"Ruelle","Sens uniqu":null},"geometry":{"type":"LineString","coordinates":[[-16.4877682,15.865739],[-16.4878699,15.8662665]]}},{"type":"Feature","properties":{"full_id":"w1013939536","osm_id":"1013939536","osm_type":"way","Type de vo":"service","Niveau":null,"Pont":null,"Tyoe de pi":null,"État de s":null,"Vitesse ":null,"Référenc":null,"Nom":null,"Éclairage":null,"Sans issue":null,"Intersecti":null,"Nombre de ":null,"Accès":null,"surface":"Terre","Service":"Ruelle","Sens uniqu":null},"geometry":{"type":"LineString","coordinates":[[-16.4872603,15.8668705],[-16.4875649,15.8669837],[-16.4876758,15.8672594],[-16.4872012,15.8673364]]}},{"type":"Feature","properties":{"full_id":"w1013939541","osm_id":"1013939541","osm_type":"way","Type de vo":"service","Niveau":null,"Pont":null,"Tyoe de pi":null,"État de s":null,"Vitesse ":null,"Référenc":null,"Nom":null,"Éclairage":null,"Sans issue":null,"Intersecti":null,"Nombre de ":null,"Accès":null,"surface":"Terre","Service":"Ruelle","Sens uniqu":null},"geometry":{"type":"LineString","coordinates":[[-16.482545,15.8674239],[-16.4823572,15.867927],[-16.4826332,15.8681123]]}},{"type":"Feature","properties":{"full_id":"w1013939543","osm_id":"1013939543","osm_type":"way","Type de vo":"service","Niveau":null,"Pont":null,"Tyoe de pi":null,"État de s":null,"Vitesse ":null,"Référenc":null,"Nom":null,"Éclairage":null,"Sans issue":null,"Intersecti":null,"Nombre de ":null,"Accès":null,"surface":"Terre","Service":"Ruelle","Sens uniqu":null},"geometry":{"type":"LineString","coordinates":[[-16.4828211,15.867241],[-16.4824565,15.867313]]}},{"type":"Feature","properties":{"full_id":"w1013939544","osm_id":"1013939544","osm_type":"way","Type de vo":"service","Niveau":null,"Pont":null,"Tyoe de pi":null,"État de s":null,"Vitesse ":null,"Référenc":null,"Nom":null,"Éclairage":null,"Sans issue":null,"Intersecti":null,"Nombre de ":null,"Accès":null,"surface":"Terre","Service":"Ruelle","Sens uniqu":null},"geometry":{"type":"LineString","coordinates":[[-16.4825181,15.867393],[-16.4821291,15.8674831]]}},{"type":"Feature","properties":{"full_id":"w1013939547","osm_id":"1013939547","osm_type":"way","Type de vo":"service","Niveau":null,"Pont":null,"Tyoe de pi":null,"État de s":null,"Vitesse ":null,"Référenc":null,"Nom":null,"Éclairage":null,"Sans issue":null,"Intersecti":null,"Nombre de ":null,"Accès":null,"surface":"Terre","Service":"Ruelle","Sens uniqu":null},"geometry":{"type":"LineString","coordinates":[[-16.4808541,15.8664927],[-16.4806206,15.8660028],[-16.4800462,15.8661645]]}},{"type":"Feature","properties":{"full_id":"w1013939550","osm_id":"1013939550","osm_type":"way","Type de vo":"service","Niveau":null,"Pont":null,"Tyoe de pi":null,"État de s":null,"Vitesse ":null,"Référenc":null,"Nom":null,"Éclairage":null,"Sans issue":null,"Intersecti":null,"Nombre de ":null,"Accès":null,"surface":"Terre","Service":"Ruelle","Sens uniqu":null},"geometry":{"type":"LineString","coordinates":[[-16.4803588,15.8656714],[-16.4796707,15.8659441]]}},{"type":"Feature","properties":{"full_id":"w1013939551","osm_id":"1013939551","osm_type":"way","Type de vo":"service","Niveau":null,"Pont":null,"Tyoe de pi":null,"État de s":null,"Vitesse ":null,"Référenc":null,"Nom":null,"Éclairage":null,"Sans issue":null,"Intersecti":null,"Nombre de ":null,"Accès":null,"surface":"Terre","Service":"Ruelle","Sens uniqu":null},"geometry":{"type":"LineString","coordinates":[[-16.479906,15.8653587],[-16.4797154,15.8655452],[-16.4796707,15.8659441]]}},{"type":"Feature","properties":{"full_id":"w1013939560","osm_id":"1013939560","osm_type":"way","Type de vo":"service","Niveau":null,"Pont":null,"Tyoe de pi":null,"État de s":null,"Vitesse ":null,"Référenc":null,"Nom":null,"Éclairage":null,"Sans issue":null,"Intersecti":null,"Nombre de ":null,"Accès":null,"surface":"Terre","Service":"Ruelle","Sens uniqu":null},"geometry":{"type":"LineString","coordinates":[[-16.4784207,15.8695664],[-16.4784245,15.86975],[-16.4791114,15.8699452]]}},{"type":"Feature","properties":{"full_id":"w1013939561","osm_id":"1013939561","osm_type":"way","Type de vo":"service","Niveau":null,"Pont":null,"Tyoe de pi":null,"État de s":null,"Vitesse ":null,"Référenc":null,"Nom":null,"Éclairage":null,"Sans issue":null,"Intersecti":null,"Nombre de ":null,"Accès":null,"surface":"Terre","Service":"Ruelle","Sens uniqu":null},"geometry":{"type":"LineString","coordinates":[[-16.4784207,15.8695664],[-16.47777,15.8695339]]}},{"type":"Feature","properties":{"full_id":"w1013939562","osm_id":"1013939562","osm_type":"way","Type de vo":"service","Niveau":null,"Pont":null,"Tyoe de pi":null,"État de s":null,"Vitesse ":null,"Référenc":null,"Nom":null,"Éclairage":null,"Sans issue":null,"Intersecti":null,"Nombre de ":null,"Accès":null,"surface":"Terre","Service":"Ruelle","Sens uniqu":null},"geometry":{"type":"LineString","coordinates":[[-16.4783533,15.8696747],[-16.47777,15.8695339]]}},{"type":"Feature","properties":{"full_id":"w1013939563","osm_id":"1013939563","osm_type":"way","Type de vo":"service","Niveau":null,"Pont":null,"Tyoe de pi":null,"État de s":null,"Vitesse ":null,"Référenc":null,"Nom":null,"Éclairage":null,"Sans issue":null,"Intersecti":null,"Nombre de ":null,"Accès":null,"surface":"Terre","Service":"Ruelle","Sens uniqu":null},"geometry":{"type":"LineString","coordinates":[[-16.4782657,15.8687997],[-16.4782224,15.8690365],[-16.4785099,15.8692331]]}},{"type":"Feature","properties":{"full_id":"w1013939566","osm_id":"1013939566","osm_type":"way","Type de vo":"service","Niveau":null,"Pont":null,"Tyoe de pi":null,"État de s":null,"Vitesse ":null,"Référenc":null,"Nom":null,"Éclairage":null,"Sans issue":null,"Intersecti":null,"Nombre de ":null,"Accès":null,"surface":"Terre","Service":"Ruelle","Sens uniqu":null},"geometry":{"type":"LineString","coordinates":[[-16.4788219,15.869827],[-16.4788032,15.8700633]]}},{"type":"Feature","properties":{"full_id":"w1013939568","osm_id":"1013939568","osm_type":"way","Type de vo":"service","Niveau":null,"Pont":null,"Tyoe de pi":null,"État de s":null,"Vitesse ":null,"Référenc":null,"Nom":null,"Éclairage":null,"Sans issue":null,"Intersecti":null,"Nombre de ":null,"Accès":null,"surface":"Terre","Service":"Ruelle","Sens uniqu":null},"geometry":{"type":"LineString","coordinates":[[-16.4824342,15.8723569],[-16.4825205,15.8720709],[-16.4822723,15.8719749],[-16.4818623,15.8723654]]}},{"type":"Feature","properties":{"full_id":"w1013939570","osm_id":"1013939570","osm_type":"way","Type de vo":"service","Niveau":null,"Pont":null,"Tyoe de pi":null,"État de s":null,"Vitesse ":null,"Référenc":null,"Nom":null,"Éclairage":null,"Sans issue":null,"Intersecti":null,"Nombre de ":null,"Accès":null,"surface":"Terre","Service":"Ruelle","Sens uniqu":null},"geometry":{"type":"LineString","coordinates":[[-16.481657,15.8723415],[-16.4816331,15.8721046],[-16.4819783,15.8721721]]}},{"type":"Feature","properties":{"full_id":"w1013939571","osm_id":"1013939571","osm_type":"way","Type de vo":"service","Niveau":null,"Pont":null,"Tyoe de pi":null,"État de s":null,"Vitesse ":null,"Référenc":null,"Nom":null,"Éclairage":null,"Sans issue":null,"Intersecti":null,"Nombre de ":null,"Accès":null,"surface":"Terre","Service":"Ruelle","Sens uniqu":null},"geometry":{"type":"LineString","coordinates":[[-16.4814477,15.8723082],[-16.480948,15.8725794]]}},{"type":"Feature","properties":{"full_id":"w1013939572","osm_id":"1013939572","osm_type":"way","Type de vo":"service","Niveau":null,"Pont":null,"Tyoe de pi":null,"État de s":null,"Vitesse ":null,"Référenc":null,"Nom":null,"Éclairage":null,"Sans issue":null,"Intersecti":null,"Nombre de ":null,"Accès":null,"surface":"Terre","Service":"Ruelle","Sens uniqu":null},"geometry":{"type":"LineString","coordinates":[[-16.4815218,15.8723209],[-16.4816358,15.8726027],[-16.4813525,15.8729634],[-16.4810154,15.8729971],[-16.480948,15.8725794]]}},{"type":"Feature","properties":{"full_id":"w1013939573","osm_id":"1013939573","osm_type":"way","Type de vo":"service","Niveau":null,"Pont":null,"Tyoe de pi":null,"État de s":null,"Vitesse ":null,"Référenc":null,"Nom":null,"Éclairage":null,"Sans issue":null,"Intersecti":null,"Nombre de ":null,"Accès":null,"surface":"Terre","Service":"Ruelle","Sens uniqu":null},"geometry":{"type":"LineString","coordinates":[[-16.4809884,15.8727013],[-16.4812096,15.8730127]]}},{"type":"Feature","properties":{"full_id":"w1013939574","osm_id":"1013939574","osm_type":"way","Type de vo":"service","Niveau":null,"Pont":null,"Tyoe de pi":null,"État de s":null,"Vitesse ":null,"Référenc":null,"Nom":null,"Éclairage":null,"Sans issue":null,"Intersecti":null,"Nombre de ":null,"Accès":null,"surface":"Terre","Service":"Ruelle","Sens uniqu":null},"geometry":{"type":"LineString","coordinates":[[-16.4810853,15.872752],[-16.4814364,15.872873]]}},{"type":"Feature","properties":{"full_id":"w1013939575","osm_id":"1013939575","osm_type":"way","Type de vo":"service","Niveau":null,"Pont":null,"Tyoe de pi":null,"État de s":null,"Vitesse ":null,"Référenc":null,"Nom":null,"Éclairage":null,"Sans issue":null,"Intersecti":null,"Nombre de ":null,"Accès":null,"surface":"Terre","Service":"Ruelle","Sens uniqu":null},"geometry":{"type":"LineString","coordinates":[[-16.481242,15.8727882],[-16.48125,15.8730009]]}},{"type":"Feature","properties":{"full_id":"w1013939576","osm_id":"1013939576","osm_type":"way","Type de vo":"service","Niveau":null,"Pont":null,"Tyoe de pi":null,"État de s":null,"Vitesse ":null,"Référenc":null,"Nom":null,"Éclairage":null,"Sans issue":null,"Intersecti":null,"Nombre de ":null,"Accès":null,"surface":"Terre","Service":"Ruelle","Sens uniqu":null},"geometry":{"type":"LineString","coordinates":[[-16.480948,15.8725794],[-16.4808455,15.8722538],[-16.4809687,15.8720554]]}},{"type":"Feature","properties":{"full_id":"w1013941963","osm_id":"1013941963","osm_type":"way","Type de vo":"service","Niveau":null,"Pont":null,"Tyoe de pi":null,"État de s":null,"Vitesse ":null,"Référenc":null,"Nom":null,"Éclairage":null,"Sans issue":null,"Intersecti":null,"Nombre de ":null,"Accès":null,"surface":"Terre","Service":"Ruelle","Sens uniqu":null},"geometry":{"type":"LineString","coordinates":[[-16.486562,15.8739297],[-16.4864353,15.8738493],[-16.4865378,15.8736755]]}},{"type":"Feature","properties":{"full_id":"w1013941967","osm_id":"1013941967","osm_type":"way","Type de vo":"service","Niveau":null,"Pont":null,"Tyoe de pi":null,"État de s":null,"Vitesse ":null,"Référenc":null,"Nom":null,"Éclairage":null,"Sans issue":null,"Intersecti":null,"Nombre de ":null,"Accès":null,"surface":"Terre","Service":"Ruelle","Sens uniqu":null},"geometry":{"type":"LineString","coordinates":[[-16.4769033,15.8838082],[-16.4767247,15.8843482],[-16.4770642,15.8847294],[-16.4767511,15.8846141]]}},{"type":"Feature","properties":{"full_id":"w1013941968","osm_id":"1013941968","osm_type":"way","Type de vo":"service","Niveau":null,"Pont":null,"Tyoe de pi":null,"État de s":null,"Vitesse ":null,"Référenc":null,"Nom":null,"Éclairage":null,"Sans issue":null,"Intersecti":null,"Nombre de ":null,"Accès":null,"surface":"Terre","Service":"Ruelle","Sens uniqu":null},"geometry":{"type":"LineString","coordinates":[[-16.476867,15.8845906],[-16.4767511,15.8846141]]}},{"type":"Feature","properties":{"full_id":"w1013941970","osm_id":"1013941970","osm_type":"way","Type de vo":"service","Niveau":null,"Pont":null,"Tyoe de pi":null,"État de s":null,"Vitesse ":null,"Référenc":null,"Nom":null,"Éclairage":null,"Sans issue":null,"Intersecti":null,"Nombre de ":null,"Accès":null,"surface":"Terre","Service":"Ruelle","Sens uniqu":null},"geometry":{"type":"LineString","coordinates":[[-16.4767704,15.884259],[-16.476453,15.8842487],[-16.4765683,15.8847414]]}},{"type":"Feature","properties":{"full_id":"w1013941972","osm_id":"1013941972","osm_type":"way","Type de vo":"service","Niveau":null,"Pont":null,"Tyoe de pi":null,"État de s":null,"Vitesse ":null,"Référenc":null,"Nom":null,"Éclairage":null,"Sans issue":null,"Intersecti":null,"Nombre de ":null,"Accès":null,"surface":"Terre","Service":"Ruelle","Sens uniqu":null},"geometry":{"type":"LineString","coordinates":[[-16.4771221,15.8835948],[-16.4766916,15.883514],[-16.4763606,15.8838142]]}},{"type":"Feature","properties":{"full_id":"w1013942931","osm_id":"1013942931","osm_type":"way","Type de vo":"service","Niveau":null,"Pont":null,"Tyoe de pi":null,"État de s":null,"Vitesse ":null,"Référenc":null,"Nom":null,"Éclairage":null,"Sans issue":null,"Intersecti":null,"Nombre de ":null,"Accès":null,"surface":"Terre","Service":"Ruelle","Sens uniqu":null},"geometry":{"type":"LineString","coordinates":[[-16.5088128,15.8497793],[-16.5090139,15.8498857],[-16.5092446,15.8504817],[-16.5095252,15.8505066]]}},{"type":"Feature","properties":{"full_id":"w1013942934","osm_id":"1013942934","osm_type":"way","Type de vo":"service","Niveau":null,"Pont":null,"Tyoe de pi":null,"État de s":null,"Vitesse ":null,"Référenc":null,"Nom":null,"Éclairage":null,"Sans issue":null,"Intersecti":null,"Nombre de ":null,"Accès":null,"surface":"Terre","Service":"Ruelle","Sens uniqu":null},"geometry":{"type":"LineString","coordinates":[[-16.5093084,15.849593],[-16.5092178,15.8498753],[-16.5094863,15.8500436]]}},{"type":"Feature","properties":{"full_id":"w1013942936","osm_id":"1013942936","osm_type":"way","Type de vo":"service","Niveau":null,"Pont":null,"Tyoe de pi":null,"État de s":null,"Vitesse ":null,"Référenc":null,"Nom":null,"Éclairage":null,"Sans issue":null,"Intersecti":null,"Nombre de ":null,"Accès":null,"surface":"Terre","Service":"Ruelle","Sens uniqu":null},"geometry":{"type":"LineString","coordinates":[[-16.508254,15.8482375],[-16.5087678,15.8490893]]}},{"type":"Feature","properties":{"full_id":"w1013942937","osm_id":"1013942937","osm_type":"way","Type de vo":"service","Niveau":null,"Pont":null,"Tyoe de pi":null,"État de s":null,"Vitesse ":null,"Référenc":null,"Nom":null,"Éclairage":null,"Sans issue":null,"Intersecti":null,"Nombre de ":null,"Accès":null,"surface":"Terre","Service":"Ruelle","Sens uniqu":null},"geometry":{"type":"LineString","coordinates":[[-16.508424,15.8485371],[-16.5080473,15.848702]]}},{"type":"Feature","properties":{"full_id":"w1013942938","osm_id":"1013942938","osm_type":"way","Type de vo":"service","Niveau":null,"Pont":null,"Tyoe de pi":null,"État de s":null,"Vitesse ":null,"Référenc":null,"Nom":null,"Éclairage":null,"Sans issue":null,"Intersecti":null,"Nombre de ":null,"Accès":null,"surface":"Terre","Service":"Ruelle","Sens uniqu":null},"geometry":{"type":"LineString","coordinates":[[-16.509434,15.8496405],[-16.5094003,15.8490893],[-16.5087749,15.8485828]]}}]}