{"type":"FeatureCollection","name":"zones-conservation","features":[{"type":"Feature","properties":{"categorie":"Protection Naturel"},"geometry":{"type":"Polygon","coordinates":[[[-16.516559,15.874613],[-16.516404,15.874175],[-16.516416,15.874173],[-16.516576,15.874223],[-16.516762,15.874222],[-16.516867,15.874028],[-16.51684,15.873887],[-16.516851,15.873681],[-16.516743,15.873424],[-16.516681,15.873294],[-16.516732,15.87315],[-16.516729,15.872793],[-16.516526,15.872214],[-16.516534,15.872164],[-16.516572,15.871933],[-16.516611,15.871752],[-16.516756,15.87161],[-16.51682,15.871287],[-16.516832,15.871133],[-16.516817,15.870901],[-16.516763,15.87076],[-16.516761,15.870529],[-16.516904,15.870064],[-16.516903,15.869923],[-16.516781,15.869641],[-16.516713,15.869384],[-16.516676,15.86932],[-16.516781,15.868613],[-16.516825,15.868522],[-16.516867,15.868611],[-16.516854,15.868765],[-16.516824,15.868916],[-16.516856,15.868932],[-16.516976,15.868996],[-16.517201,15.868917],[-16.517293,15.868749],[-16.517345,15.868607],[-16.517544,15.868464],[-16.517703,15.868425],[-16.517876,15.868462],[-16.518049,15.868499],[-16.518302,15.868613],[-16.518528,15.868599],[-16.518528,15.868535],[-16.518381,15.868471],[-16.518234,15.868369],[-16.518153,15.868241],[-16.518007,15.868165],[-16.51782,15.868063],[-16.517726,15.868038],[-16.517739,15.867922],[-16.51795,15.867767],[-16.518215,15.867623],[-16.518454,15.86748],[-16.518705,15.867285],[-16.518864,15.867284],[-16.518972,15.867438],[-16.51896,15.867592],[-16.519001,15.867759],[-16.519109,15.867964],[-16.519216,15.868092],[-16.519256,15.868066],[-16.519121,15.867836],[-16.519119,15.867643],[-16.519197,15.867385],[-16.519329,15.867255],[-16.519435,15.867126],[-16.519632,15.866828],[-16.519764,15.866776],[-16.519949,15.866635],[-16.519953,15.866632],[-16.520002,15.865947],[-16.519984,15.865742],[-16.519952,15.865722],[-16.51992,15.865553],[-16.519829,15.865073],[-16.519405,15.864129],[-16.519435,15.863423],[-16.518959,15.862794],[-16.519047,15.860803],[-16.518609,15.858018],[-16.51803,15.857023],[-16.518156,15.856061],[-16.518066,15.855674],[-16.518406,15.855649],[-16.518538,15.855431],[-16.518685,15.855185],[-16.518744,15.855041],[-16.518802,15.854795],[-16.518844,15.854434],[-16.518871,15.854059],[-16.518868,15.853727],[-16.51882,15.853295],[-16.518729,15.853022],[-16.518495,15.852693],[-16.518489,15.852546],[-16.518663,15.852243],[-16.51893,15.851996],[-16.519286,15.851763],[-16.519448,15.851632],[-16.519671,15.851559],[-16.52004,15.851051],[-16.520083,15.850806],[-16.52014,15.850459],[-16.520048,15.850171],[-16.519747,15.849784],[-16.519774,15.84938],[-16.519802,15.849077],[-16.519829,15.84876],[-16.519916,15.848456],[-16.519871,15.848341],[-16.519846,15.848341],[-16.519722,15.848342],[-16.519471,15.848632],[-16.519141,15.848688],[-16.519142,15.848684],[-16.519116,15.848688],[-16.519246,15.847199],[-16.519385,15.846919],[-16.520384,15.845778],[-16.521165,15.844204],[-16.521644,15.842671],[-16.52202,15.841467],[-16.523118,15.839544],[-16.52379,15.837962],[-16.524586,15.83609],[-16.525562,15.834252],[-16.525689,15.833509],[-16.525743,15.833194],[-16.525783,15.832958],[-16.525834,15.83245],[-16.52593,15.831842],[-16.526026,15.831258],[-16.526124,15.830844],[-16.526221,15.830479],[-16.526395,15.83021],[-16.526643,15.829795],[-16.526692,15.8296],[-16.526765,15.829308],[-16.526813,15.829041],[-16.526831,15.828619],[-16.529089,15.828537],[-16.527952,15.832669],[-16.527928,15.832844],[-16.527368,15.834901],[-16.526241,15.838562],[-16.525267,15.843141],[-16.524309,15.848051],[-16.523653,15.851801],[-16.522755,15.855592],[-16.522579,15.856712],[-16.522425,15.857344],[-16.521447,15.862227],[-16.521041,15.863248],[-16.520935,15.864122],[-16.521018,15.865213],[-16.520764,15.866343],[-16.520516,15.868419],[-16.520225,15.869731],[-16.520005,15.87046],[-16.519866,15.871989],[-16.519845,15.872265],[-16.519798,15.872863],[-16.519766,15.873516],[-16.519555,15.873772],[-16.51935,15.874342],[-16.519176,15.874827],[-16.518816,15.875863],[-16.518544,15.876543],[-16.518383,15.877132],[-16.518203,15.877758],[-16.518004,15.878205],[-16.517693,15.878474],[-16.517253,15.878781],[-16.516922,15.87889],[-16.516702,15.87907],[-16.516464,15.87925],[-16.516243,15.879269],[-16.516058,15.879146],[-16.516019,15.878771],[-16.516109,15.878521],[-16.516329,15.878395],[-16.516531,15.878269],[-16.516381,15.877984],[-16.516341,15.877592],[-16.516468,15.877342],[-16.516797,15.876929],[-16.517035,15.876678],[-16.517144,15.876463],[-16.517014,15.876097],[-16.516974,15.875983],[-16.516711,15.875272],[-16.516559,15.874613]]]}},{"type":"Feature","properties":{"categorie":"Protection Naturel"},"geometry":{"type":"Polygon","coordinates":[[[-16.500734,15.943518],[-16.501138,15.943686],[-16.501398,15.944051],[-16.501573,15.944604],[-16.501562,15.944843],[-16.501316,15.945575],[-16.501126,15.945869],[-16.501168,15.945327],[-16.500845,15.944758],[-16.500776,15.944514],[-16.500734,15.943518]]]}},{"type":"Feature","properties":{"categorie":"Protection Naturel"},"geometry":{"type":"Polygon","coordinates":[[[-16.477664,16.026962],[-16.477636,16.026889],[-16.477629,16.026853],[-16.477782,16.026829],[-16.477925,16.027235],[-16.478602,16.028064],[-16.480562,16.030323],[-16.482882,16.033052],[-16.485285,16.035764],[-16.485704,16.036118],[-16.486124,16.036276],[-16.486664,16.036338],[-16.486904,16.036294],[-16.487295,16.036126],[-16.487535,16.035927],[-16.490174,16.032484],[-16.49156,16.031764],[-16.491597,16.031865],[-16.491601,16.031875],[-16.491509,16.031918],[-16.490871,16.032322],[-16.490256,16.032713],[-16.489954,16.033134],[-16.489948,16.033418],[-16.489613,16.034023],[-16.489205,16.035052],[-16.488986,16.035102],[-16.488691,16.035348],[-16.488632,16.035591],[-16.488579,16.03604],[-16.488211,16.036549],[-16.488166,16.036782],[-16.4885,16.036839],[-16.488588,16.036965],[-16.488423,16.037205],[-16.488196,16.037391],[-16.488177,16.037386],[-16.487821,16.037295],[-16.487626,16.037257],[-16.487189,16.037255],[-16.487188,16.037256],[-16.487033,16.03728],[-16.487031,16.037276],[-16.486866,16.036961],[-16.486755,16.036752],[-16.486604,16.036652],[-16.486599,16.036665],[-16.486493,16.036933],[-16.486454,16.037122],[-16.485961,16.037352],[-16.485952,16.037344],[-16.485576,16.036992],[-16.485296,16.036806],[-16.484943,16.036804],[-16.4846,16.036644],[-16.484337,16.036506],[-16.484312,16.036506],[-16.484041,16.036512],[-16.483752,16.036553],[-16.483742,16.036551],[-16.483316,16.036471],[-16.48299,16.036359],[-16.482666,16.036315],[-16.482419,16.036225],[-16.482425,16.035922],[-16.482228,16.03559],[-16.482359,16.035286],[-16.482415,16.03496],[-16.48243,16.034693],[-16.482309,16.034522],[-16.482159,16.034351],[-16.482077,16.034134],[-16.482226,16.033885],[-16.482368,16.033781],[-16.482507,16.033604],[-16.482628,16.033351],[-16.48278,16.033148],[-16.482557,16.03283],[-16.482552,16.032859],[-16.482504,16.033129],[-16.482392,16.033388],[-16.482181,16.033701],[-16.482077,16.033774],[-16.481975,16.033856],[-16.481914,16.034017],[-16.481877,16.03424],[-16.481917,16.034387],[-16.482028,16.034502],[-16.482115,16.034587],[-16.482206,16.034677],[-16.482239,16.034777],[-16.482168,16.035237],[-16.482101,16.035306],[-16.481946,16.035431],[-16.481919,16.035555],[-16.481932,16.035625],[-16.482029,16.035771],[-16.482095,16.035871],[-16.482132,16.036008],[-16.482107,16.036178],[-16.48204,16.036351],[-16.48193,16.036364],[-16.481583,16.036445],[-16.481203,16.036462],[-16.481199,16.036461],[-16.480964,16.036421],[-16.480813,16.036239],[-16.480716,16.035997],[-16.480456,16.035675],[-16.480337,16.035189],[-16.480318,16.035059],[-16.480408,16.034824],[-16.480522,16.034525],[-16.480566,16.034221],[-16.480609,16.033825],[-16.480662,16.033453],[-16.480677,16.033186],[-16.480605,16.032802],[-16.480098,16.032004],[-16.479841,16.031559],[-16.479501,16.03133],[-16.479223,16.030969],[-16.479141,16.030689],[-16.47902,16.030449],[-16.478444,16.02976],[-16.478409,16.029386],[-16.47819,16.028777],[-16.478065,16.028395],[-16.477869,16.027894],[-16.477726,16.027441],[-16.477763,16.027218],[-16.477664,16.026962]]]}},{"type":"Feature","properties":{"categorie":"Protection Naturel"},"geometry":{"type":"Polygon","coordinates":[[[-16.483686,15.967564],[-16.483883,15.965703],[-16.483119,15.963913],[-16.482547,15.962107],[-16.482519,15.961891],[-16.482536,15.961767],[-16.482478,15.961575],[-16.482369,15.960733],[-16.482262,15.959635],[-16.482105,15.958033],[-16.481848,15.957212],[-16.481771,15.956965],[-16.482185,15.956706],[-16.482212,15.956204],[-16.481809,15.955322],[-16.481289,15.955178],[-16.480951,15.954767],[-16.480856,15.954384],[-16.480609,15.953973],[-16.480331,15.953532],[-16.479962,15.953121],[-16.479625,15.952888],[-16.479135,15.952655],[-16.478403,15.952542],[-16.478391,15.952539],[-16.477852,15.952398],[-16.477242,15.952284],[-16.476844,15.95211],[-16.476475,15.951788],[-16.47626,15.951494],[-16.476114,15.950843],[-16.474799,15.950521],[-16.473336,15.949326],[-16.473327,15.949129],[-16.472677,15.947513],[-16.472631,15.947381],[-16.472414,15.946757],[-16.472207,15.944885],[-16.472305,15.944859],[-16.473221,15.944623],[-16.47389,15.944908],[-16.473911,15.944917],[-16.474112,15.945064],[-16.474308,15.94517],[-16.474611,15.945812],[-16.474718,15.946262],[-16.474961,15.94663],[-16.475211,15.947032],[-16.475458,15.947472],[-16.47569,15.947939],[-16.475933,15.948308],[-16.476235,15.948754],[-16.476601,15.949257],[-16.476965,15.949626],[-16.477561,15.950033],[-16.478352,15.950288],[-16.479139,15.950816],[-16.479198,15.950832],[-16.479565,15.950936],[-16.480025,15.950939],[-16.480049,15.950939],[-16.480647,15.950847],[-16.481064,15.950715],[-16.481459,15.950545],[-16.481977,15.950222],[-16.482376,15.949695],[-16.483016,15.948911],[-16.483298,15.948142],[-16.483489,15.947435],[-16.483697,15.946608],[-16.483901,15.94603],[-16.484219,15.945473],[-16.48442,15.94516],[-16.484536,15.944175],[-16.484647,15.943408],[-16.484823,15.942698],[-16.485068,15.94206],[-16.485312,15.941336],[-16.485606,15.940376],[-16.485609,15.940368],[-16.486186,15.940582],[-16.486424,15.94063],[-16.486438,15.940633],[-16.486751,15.940552],[-16.487115,15.940203],[-16.487274,15.940196],[-16.487359,15.940071],[-16.487484,15.939973],[-16.487501,15.93996],[-16.487617,15.940139],[-16.487904,15.940316],[-16.488076,15.94044],[-16.488249,15.940632],[-16.488394,15.940935],[-16.488482,15.941184],[-16.488655,15.941349],[-16.488863,15.94136],[-16.488884,15.941361],[-16.48896,15.941339],[-16.488983,15.941332],[-16.489027,15.941484],[-16.489001,15.941733],[-16.489117,15.941995],[-16.489304,15.942174],[-16.489419,15.942187],[-16.489633,15.942199],[-16.489706,15.942365],[-16.489851,15.942654],[-16.490052,15.942833],[-16.490155,15.943123],[-16.490114,15.943399],[-16.489987,15.943635],[-16.489845,15.943789],[-16.489761,15.944024],[-16.489791,15.944149],[-16.489935,15.944286],[-16.489936,15.944521],[-16.489923,15.944715],[-16.489924,15.944853],[-16.489984,15.944943],[-16.489997,15.944963],[-16.490039,15.944894],[-16.490109,15.944658],[-16.490107,15.944451],[-16.490077,15.944257],[-16.490005,15.944119],[-16.489989,15.943981],[-16.490116,15.943718],[-16.490172,15.94351],[-16.490242,15.943288],[-16.490283,15.943039],[-16.490253,15.942873],[-16.490108,15.942639],[-16.489935,15.942474],[-16.489891,15.942281],[-16.489789,15.942019],[-16.489488,15.941896],[-16.489344,15.941814],[-16.489257,15.941621],[-16.489226,15.941262],[-16.489182,15.941096],[-16.48901,15.941014],[-16.488998,15.941021],[-16.488825,15.941112],[-16.488807,15.941109],[-16.488696,15.941086],[-16.488522,15.940741],[-16.488377,15.940479],[-16.488117,15.94019],[-16.487888,15.940054],[-16.487771,15.939764],[-16.487712,15.939488],[-16.487692,15.939512],[-16.487598,15.939627],[-16.487471,15.939738],[-16.487455,15.93973],[-16.487338,15.939668],[-16.487329,15.939677],[-16.486661,15.940356],[-16.486319,15.940423],[-16.486315,15.940419],[-16.485794,15.939952],[-16.485685,15.939798],[-16.485682,15.939322],[-16.485533,15.939048],[-16.485334,15.938551],[-16.485241,15.938207],[-16.485038,15.937966],[-16.484955,15.93751],[-16.485057,15.936975],[-16.48512,15.936645],[-16.485209,15.936212],[-16.485245,15.935843],[-16.485242,15.935424],[-16.485201,15.935183],[-16.485041,15.934828],[-16.48471,15.934424],[-16.484325,15.933893],[-16.484138,15.933437],[-16.484017,15.933108],[-16.483962,15.932727],[-16.48396,15.932422],[-16.484115,15.932192],[-16.484206,15.932027],[-16.484376,15.931898],[-16.484402,15.931897],[-16.484443,15.931866],[-16.484454,15.931847],[-16.484662,15.931528],[-16.4847,15.931299],[-16.48475,15.931019],[-16.484774,15.930676],[-16.484705,15.930244],[-16.484663,15.929813],[-16.484593,15.929267],[-16.484511,15.928785],[-16.484416,15.928481],[-16.484414,15.928176],[-16.484529,15.927768],[-16.484762,15.927246],[-16.485047,15.926812],[-16.485347,15.926454],[-16.485504,15.926351],[-16.485551,15.926395],[-16.485591,15.926355],[-16.486148,15.926251],[-16.486162,15.926248],[-16.486579,15.926342],[-16.486905,15.926616],[-16.487342,15.926786],[-16.48754,15.926854],[-16.488236,15.926946],[-16.489391,15.9271],[-16.489496,15.927127],[-16.489842,15.927218],[-16.490594,15.92744],[-16.490872,15.927654],[-16.49107,15.927925],[-16.49129,15.928276],[-16.491624,15.928582],[-16.491842,15.928866],[-16.4921,15.929184],[-16.492474,15.929431],[-16.492642,15.929502],[-16.492812,15.929575],[-16.492575,15.930292],[-16.492531,15.930279],[-16.492321,15.93037],[-16.492256,15.930459],[-16.492218,15.930548],[-16.492113,15.930562],[-16.491968,15.930563],[-16.491784,15.930462],[-16.491652,15.930387],[-16.491467,15.930299],[-16.49123,15.930212],[-16.491213,15.930246],[-16.491176,15.930219],[-16.491136,15.931364],[-16.491648,15.932207],[-16.49165,15.93223],[-16.491665,15.932258],[-16.491665,15.932305],[-16.49168,15.932341],[-16.491681,15.932398],[-16.491726,15.932459],[-16.491748,15.932505],[-16.491749,15.932516],[-16.491406,15.933098],[-16.491236,15.934646],[-16.491068,15.93507],[-16.491021,15.935271],[-16.490843,15.936041],[-16.49029,15.937488],[-16.489598,15.937282],[-16.48878,15.938611],[-16.489861,15.939404],[-16.489867,15.939409],[-16.489865,15.93941],[-16.489921,15.939496],[-16.489977,15.93956],[-16.490015,15.939599],[-16.490052,15.939653],[-16.490088,15.939698],[-16.490134,15.93967],[-16.490138,15.939669],[-16.490364,15.939983],[-16.490377,15.940002],[-16.490344,15.940013],[-16.490314,15.940056],[-16.49033,15.940106],[-16.49036,15.940174],[-16.490364,15.94021],[-16.490402,15.940273],[-16.490408,15.940551],[-16.490274,15.941412],[-16.490728,15.942228],[-16.490743,15.942245],[-16.490743,15.942248],[-16.490746,15.942247],[-16.491003,15.942534],[-16.491004,15.942535],[-16.490977,15.942549],[-16.490937,15.942573],[-16.490907,15.942612],[-16.490901,15.942675],[-16.490905,15.94272],[-16.490911,15.942774],[-16.490928,15.942851],[-16.490893,15.942849],[-16.490857,15.942918],[-16.490838,15.942951],[-16.490823,15.942999],[-16.490801,15.943058],[-16.490802,15.943059],[-16.490886,15.943091],[-16.490957,15.943085],[-16.49096,15.943084],[-16.491028,15.943108],[-16.491099,15.943131],[-16.491139,15.943144],[-16.491139,15.943144],[-16.491184,15.944078],[-16.491205,15.944508],[-16.491203,15.944525],[-16.491114,15.945165],[-16.493927,15.945146],[-16.494045,15.945406],[-16.494282,15.945539],[-16.494535,15.945645],[-16.494848,15.945852],[-16.49463,15.946145],[-16.49467,15.946166],[-16.494675,15.946237],[-16.494651,15.946295],[-16.494597,15.946343],[-16.494543,15.946391],[-16.494474,15.946449],[-16.494405,15.946502],[-16.493969,15.94724],[-16.49396,15.947901],[-16.493969,15.948012],[-16.494037,15.94889],[-16.494196,15.949525],[-16.494134,15.949734],[-16.494423,15.949952],[-16.494673,15.950342],[-16.494795,15.950743],[-16.494839,15.951279],[-16.49494,15.951661],[-16.494992,15.952024],[-16.494994,15.952254],[-16.494996,15.952484],[-16.495077,15.95278],[-16.495238,15.953133],[-16.49534,15.953572],[-16.495344,15.95406],[-16.495477,15.954633],[-16.495528,15.954939],[-16.495619,15.955187],[-16.495532,15.955494],[-16.495406,15.95582],[-16.495329,15.956117],[-16.495332,15.956462],[-16.495303,15.956625],[-16.495187,15.956961],[-16.49506,15.957143],[-16.494962,15.957287],[-16.494825,15.957403],[-16.494588,15.957558],[-16.494302,15.957627],[-16.494094,15.957542],[-16.493844,15.957247],[-16.493694,15.957009],[-16.493673,15.956856],[-16.493791,15.956788],[-16.494109,15.956968],[-16.494426,15.957052],[-16.494613,15.956878],[-16.494759,15.956523],[-16.494845,15.95614],[-16.494852,15.955767],[-16.494889,15.955451],[-16.494895,15.954934],[-16.49489,15.954168],[-16.494727,15.953567],[-16.494723,15.953107],[-16.49475,15.952648],[-16.494737,15.952208],[-16.494584,15.951692],[-16.494494,15.951521],[-16.494255,15.95135],[-16.494107,15.951389],[-16.4939,15.951439],[-16.493571,15.951601],[-16.493448,15.95199],[-16.493078,15.953771],[-16.492803,15.955304],[-16.492741,15.957126],[-16.493711,15.958949],[-16.49447,15.959282],[-16.494131,15.960217],[-16.494285,15.960741],[-16.494123,15.961165],[-16.494173,15.961509],[-16.493863,15.961653],[-16.493682,15.961763],[-16.49365,15.961783],[-16.49286,15.962263],[-16.492499,15.962543],[-16.492357,15.96266],[-16.491826,15.963099],[-16.49154,15.963656],[-16.491516,15.96374],[-16.491454,15.963961],[-16.491301,15.964475],[-16.491086,15.964551],[-16.490263,15.964693],[-16.49017,15.964715],[-16.489623,15.964845],[-16.488746,15.965152],[-16.487837,15.965513],[-16.486431,15.966352],[-16.486177,15.966567],[-16.485809,15.966727],[-16.485435,15.966652],[-16.485304,15.966485],[-16.485052,15.966348],[-16.484905,15.96627],[-16.484822,15.966108],[-16.484907,15.965834],[-16.485026,15.965553],[-16.484991,15.965278],[-16.48497,15.965314],[-16.484881,15.965468],[-16.48449,15.965739],[-16.484506,15.966399],[-16.484734,15.966733],[-16.48474,15.966999],[-16.48455,15.96716],[-16.48432,15.967029],[-16.484319,15.967043],[-16.484221,15.96801],[-16.484612,15.968664],[-16.484507,15.968929],[-16.484109,15.969812],[-16.483937,15.969522],[-16.483758,15.969409],[-16.483627,15.969352],[-16.483354,15.969285],[-16.483686,15.967564]]]}},{"type":"Feature","properties":{"categorie":"Protection Naturel"},"geometry":{"type":"Polygon","coordinates":[[[-16.368152,16.087659],[-16.368016,16.087944],[-16.367957,16.088158],[-16.367899,16.088365],[-16.367861,16.088504],[-16.367833,16.088552],[-16.367765,16.08867],[-16.367653,16.088826],[-16.367581,16.088925],[-16.367346,16.089243],[-16.36731,16.089315],[-16.367235,16.089468],[-16.367218,16.089501],[-16.36719,16.089617],[-16.366129,16.090481],[-16.366043,16.090448],[-16.366799,16.0883],[-16.366851,16.088212],[-16.366884,16.088226],[-16.366955,16.088034],[-16.367429,16.087222],[-16.368274,16.086341],[-16.369325,16.085432],[-16.369638,16.085546],[-16.369087,16.086665],[-16.368855,16.087135],[-16.368545,16.087418],[-16.368379,16.087572],[-16.368225,16.087508],[-16.368152,16.087659]]]}},{"type":"Feature","properties":{"categorie":"Protection Naturel"},"geometry":{"type":"Polygon","coordinates":[[[-16.491288,15.921862],[-16.491276,15.921614],[-16.491276,15.921603],[-16.491499,15.9217],[-16.491506,15.921702],[-16.491616,15.921685],[-16.49199,15.921674],[-16.492297,15.921528],[-16.492307,15.921523],[-16.492746,15.921655],[-16.492873,15.921719],[-16.493138,15.922094],[-16.493378,15.922789],[-16.493274,15.923074],[-16.493124,15.923378],[-16.493031,15.92365],[-16.492662,15.923756],[-16.49224,15.923996],[-16.492215,15.923996],[-16.491885,15.923996],[-16.491644,15.923878],[-16.491331,15.923627],[-16.490971,15.923501],[-16.491088,15.923345],[-16.491068,15.923179],[-16.491028,15.922975],[-16.491027,15.922734],[-16.49114,15.922567],[-16.491234,15.922362],[-16.49129,15.922084],[-16.491288,15.921862]]]}},{"type":"Feature","properties":{"categorie":"Protection Naturel"},"geometry":{"type":"Polygon","coordinates":[[[-16.502399,15.961341],[-16.502397,15.961302],[-16.502373,15.96133],[-16.502258,15.961469],[-16.502165,15.961664],[-16.502142,15.96186],[-16.50199,15.962102],[-16.501755,15.962379],[-16.501542,15.962518],[-16.501366,15.962806],[-16.501155,15.963106],[-16.500872,15.963361],[-16.500707,15.963522],[-16.500685,15.963741],[-16.50077,15.963947],[-16.500612,15.964029],[-16.500578,15.964048],[-16.500409,15.96414],[-16.499998,15.964043],[-16.499989,15.964041],[-16.499418,15.963878],[-16.49892,15.963712],[-16.498928,15.963546],[-16.498925,15.963179],[-16.498911,15.962835],[-16.49892,15.962513],[-16.499036,15.962099],[-16.499128,15.961789],[-16.499196,15.961364],[-16.499288,15.960961],[-16.499405,15.960696],[-16.49951,15.960432],[-16.499673,15.960052],[-16.499813,15.959684],[-16.499964,15.95935],[-16.500175,15.959027],[-16.500268,15.958693],[-16.500432,15.958428],[-16.500563,15.958473],[-16.500767,15.958782],[-16.500913,15.95932],[-16.501024,15.959905],[-16.501039,15.960306],[-16.500901,15.960847],[-16.500761,15.961169],[-16.500702,15.961296],[-16.500597,15.961526],[-16.500433,15.961745],[-16.500328,15.961976],[-16.500152,15.962275],[-16.499953,15.962609],[-16.499837,15.96292],[-16.49985,15.963184],[-16.500017,15.963263],[-16.500525,15.96295],[-16.500666,15.962742],[-16.500949,15.962522],[-16.50107,15.962502],[-16.501162,15.962403],[-16.50118,15.962235],[-16.501197,15.961974],[-16.501196,15.961769],[-16.501116,15.961471],[-16.501076,15.96121],[-16.50117,15.960893],[-16.501362,15.960761],[-16.501322,15.960575],[-16.5013,15.960314],[-16.50126,15.960091],[-16.501143,15.959868],[-16.501246,15.959769],[-16.501522,15.959832],[-16.50189,15.959876],[-16.502152,15.960035],[-16.502163,15.960059],[-16.502339,15.960046],[-16.502494,15.960213],[-16.502671,15.960715],[-16.50276,15.960832],[-16.502792,15.961176],[-16.502778,15.961486],[-16.50278,15.961852],[-16.502617,15.962873],[-16.502562,15.963295],[-16.502622,15.963604],[-16.50248,15.964055],[-16.502396,15.964421],[-16.50237,15.9649],[-16.50246,15.965265],[-16.502611,15.96591],[-16.502846,15.966331],[-16.502995,15.966808],[-16.50303,15.967595],[-16.503093,15.968241],[-16.503155,15.968747],[-16.503303,15.969112],[-16.503394,15.969561],[-16.503339,15.970068],[-16.503344,15.970658],[-16.503215,15.971303],[-16.502648,15.970752],[-16.501992,15.970366],[-16.501264,15.969843],[-16.500858,15.969456],[-16.500607,15.969147],[-16.500486,15.968907],[-16.500425,15.968701],[-16.500139,15.968439],[-16.500066,15.968176],[-16.500004,15.967855],[-16.500037,15.967476],[-16.500069,15.967085],[-16.499984,15.966718],[-16.499851,15.966432],[-16.499861,15.96618],[-16.499988,15.965708],[-16.500245,15.965156],[-16.500753,15.964831],[-16.501048,15.964633],[-16.501402,15.964378],[-16.501695,15.963963],[-16.502012,15.963548],[-16.502247,15.96311],[-16.502336,15.962444],[-16.502369,15.962053],[-16.502401,15.961617],[-16.502399,15.961341]]]}},{"type":"Feature","properties":{"categorie":"Protection Naturel"},"geometry":{"type":"Polygon","coordinates":[[[-16.335473,16.042175],[-16.33538,16.042163],[-16.335181,16.042345],[-16.334968,16.042527],[-16.334809,16.04267],[-16.334651,16.042864],[-16.334478,16.043033],[-16.334399,16.043111],[-16.3344,16.043266],[-16.334375,16.043524],[-16.334323,16.043795],[-16.334245,16.044015],[-16.334139,16.044183],[-16.333953,16.044314],[-16.33382,16.044392],[-16.333741,16.044534],[-16.333636,16.044857],[-16.333454,16.04508],[-16.333443,16.044663],[-16.333426,16.040055],[-16.333453,16.039772],[-16.333461,16.039247],[-16.333422,16.038906],[-16.33342,16.038282],[-16.333646,16.036433],[-16.334089,16.035823],[-16.33409,16.035821],[-16.335675,16.034333],[-16.335684,16.034325],[-16.33617,16.03369],[-16.336672,16.03317],[-16.336677,16.033164],[-16.33917,16.030869],[-16.339075,16.030787],[-16.339369,16.030558],[-16.339675,16.030284],[-16.339912,16.030035],[-16.340013,16.029869],[-16.340063,16.029629],[-16.340181,16.029472],[-16.340238,16.029421],[-16.340368,16.029306],[-16.340546,16.029098],[-16.340825,16.028741],[-16.340977,16.028501],[-16.341222,16.02812],[-16.341449,16.02754],[-16.341693,16.027019],[-16.34197,16.026415],[-16.342089,16.026207],[-16.342478,16.025792],[-16.342774,16.025279],[-16.343111,16.024723],[-16.343382,16.024292],[-16.343567,16.023895],[-16.343683,16.023449],[-16.343971,16.0231],[-16.344287,16.023139],[-16.344382,16.023271],[-16.344392,16.023477],[-16.344308,16.023651],[-16.344266,16.023775],[-16.344225,16.024007],[-16.344235,16.024221],[-16.344185,16.024378],[-16.344075,16.024544],[-16.344017,16.0248],[-16.343924,16.024958],[-16.343789,16.025165],[-16.343628,16.025339],[-16.343458,16.025514],[-16.343306,16.02568],[-16.34317,16.025895],[-16.343052,16.026086],[-16.343002,16.026251],[-16.342927,16.026516],[-16.342817,16.026715],[-16.342699,16.026864],[-16.342496,16.027096],[-16.342301,16.027378],[-16.342226,16.027577],[-16.342236,16.0278],[-16.342254,16.02794],[-16.342195,16.028039],[-16.342049,16.028032],[-16.34193,16.028024],[-16.341879,16.028066],[-16.341829,16.028182],[-16.341812,16.028298],[-16.341754,16.028529],[-16.341678,16.02867],[-16.341593,16.028745],[-16.341492,16.028886],[-16.34139,16.029018],[-16.34117,16.029201],[-16.341042,16.029334],[-16.340907,16.029476],[-16.340856,16.0296],[-16.340841,16.02979],[-16.340878,16.029904],[-16.341997,16.029469],[-16.34248,16.029282],[-16.343416,16.029103],[-16.344521,16.028893],[-16.344521,16.028893],[-16.34545,16.027961],[-16.345968,16.026991],[-16.3467,16.025887],[-16.346968,16.025558],[-16.347639,16.024736],[-16.347415,16.024591],[-16.34746,16.024543],[-16.346832,16.022888],[-16.346589,16.022591],[-16.346656,16.022426],[-16.346859,16.021925],[-16.347337,16.021424],[-16.347882,16.020923],[-16.348461,16.020255],[-16.349076,16.019754],[-16.349759,16.019318],[-16.350512,16.019014],[-16.350515,16.019002],[-16.351048,16.018932],[-16.351709,16.018491],[-16.351921,16.018361],[-16.351949,16.018359],[-16.35195,16.018321],[-16.35196,16.018319],[-16.353377,16.017988],[-16.354079,16.017468],[-16.355127,16.016656],[-16.355642,16.015959],[-16.356398,16.01478],[-16.357122,16.013992],[-16.357801,16.013506],[-16.358832,16.012828],[-16.359558,16.012455],[-16.360643,16.012023],[-16.361287,16.011515],[-16.361756,16.010796],[-16.362053,16.01019],[-16.362369,16.008957],[-16.362576,16.008004],[-16.362698,16.007153],[-16.362854,16.006324],[-16.363116,16.005763],[-16.363515,16.004888],[-16.363732,16.004632],[-16.364181,16.0041],[-16.364653,16.003762],[-16.365842,16.003385],[-16.366771,16.003122],[-16.367554,16.002524],[-16.36792,16.001939],[-16.368296,16.001031],[-16.368535,16.000503],[-16.368807,15.999718],[-16.369169,15.998496],[-16.369345,15.997936],[-16.369434,15.997421],[-16.36957,15.997028],[-16.369626,15.996737],[-16.369797,15.996422],[-16.370094,15.995883],[-16.370475,15.995713],[-16.370608,15.99569],[-16.371067,15.995161],[-16.371767,15.994384],[-16.37209,15.994159],[-16.372708,15.993316],[-16.372878,15.992755],[-16.373035,15.991982],[-16.373054,15.991344],[-16.37305,15.990785],[-16.372952,15.98998],[-16.373028,15.989352],[-16.373153,15.989016],[-16.373429,15.98879],[-16.373865,15.988251],[-16.373925,15.988086],[-16.374796,15.987289],[-16.374798,15.987287],[-16.375787,15.986301],[-16.376117,15.985972],[-16.376296,15.986168],[-16.376306,15.986179],[-16.376146,15.986336],[-16.375885,15.986656],[-16.375653,15.986844],[-16.375472,15.987032],[-16.375099,15.987445],[-16.374856,15.987634],[-16.374625,15.987899],[-16.374441,15.988182],[-16.374164,15.988669],[-16.373844,15.989219],[-16.373714,15.989754],[-16.373663,15.990214],[-16.373596,15.990627],[-16.373539,15.990997],[-16.373492,15.99141],[-16.373439,15.991787],[-16.373354,15.992273],[-16.373189,15.992847],[-16.37301,15.993356],[-16.372776,15.993867],[-16.372662,15.994005],[-16.37241,15.994233],[-16.372222,15.994485],[-16.372084,15.994775],[-16.371897,15.995076],[-16.371643,15.995419],[-16.371488,15.995609],[-16.37121,15.995944],[-16.370877,15.99631],[-16.370648,15.996677],[-16.370631,15.996699],[-16.37027,15.997162],[-16.369999,15.997562],[-16.36976,15.998077],[-16.369615,15.998597],[-16.369446,15.999322],[-16.369172,16.000036],[-16.369107,16.000205],[-16.368797,16.001117],[-16.36836,16.00186],[-16.367841,16.002507],[-16.367367,16.002959],[-16.366943,16.003249],[-16.366919,16.003265],[-16.365646,16.003786],[-16.364892,16.004287],[-16.364743,16.004387],[-16.364088,16.005067],[-16.363652,16.005917],[-16.36346,16.006564],[-16.363176,16.007856],[-16.362802,16.009869],[-16.362577,16.010367],[-16.362173,16.010941],[-16.361861,16.01131],[-16.361572,16.01159],[-16.360913,16.012107],[-16.360528,16.012325],[-16.359908,16.012657],[-16.359134,16.013145],[-16.358677,16.013394],[-16.358132,16.013747],[-16.357845,16.013976],[-16.357439,16.014357],[-16.357066,16.014792],[-16.356709,16.015244],[-16.356282,16.015788],[-16.355773,16.016471],[-16.355525,16.016712],[-16.355453,16.016783],[-16.35515,16.017085],[-16.35477,16.017428],[-16.354335,16.017701],[-16.353687,16.018116],[-16.353018,16.018491],[-16.352299,16.018856],[-16.35193,16.019022],[-16.350997,16.019441],[-16.350418,16.019684],[-16.350405,16.01969],[-16.34994,16.019884],[-16.349936,16.019892],[-16.349695,16.020321],[-16.349525,16.021086],[-16.349492,16.021127],[-16.349712,16.021179],[-16.34997,16.021355],[-16.350027,16.021603],[-16.350084,16.021869],[-16.350104,16.022153],[-16.350106,16.022437],[-16.350089,16.02265],[-16.350072,16.02288],[-16.350127,16.022898],[-16.350181,16.022738],[-16.350272,16.022595],[-16.350307,16.022276],[-16.350461,16.022146],[-16.350547,16.022742],[-16.350491,16.023365],[-16.350407,16.023776],[-16.350059,16.024475],[-16.349864,16.024827],[-16.349736,16.024692],[-16.349607,16.024675],[-16.349497,16.024694],[-16.349278,16.024819],[-16.349152,16.025157],[-16.349098,16.025353],[-16.348953,16.02562],[-16.34868,16.025994],[-16.348517,16.026279],[-16.348427,16.026439],[-16.348063,16.026885],[-16.347845,16.027277],[-16.347536,16.027705],[-16.347227,16.028044],[-16.346955,16.02856],[-16.346755,16.02881],[-16.346665,16.029147],[-16.34674,16.029342],[-16.346905,16.029288],[-16.347179,16.029144],[-16.347379,16.028877],[-16.347505,16.028486],[-16.347687,16.028254],[-16.347851,16.028146],[-16.348032,16.027808],[-16.348323,16.027363],[-16.348504,16.026989],[-16.348701,16.026817],[-16.348051,16.028729],[-16.345962,16.031545],[-16.34507,16.033379],[-16.344081,16.034394],[-16.34331,16.034831],[-16.342891,16.034788],[-16.342372,16.034423],[-16.341998,16.034309],[-16.341774,16.034326],[-16.341652,16.034433],[-16.341441,16.034672],[-16.341147,16.034697],[-16.340906,16.034838],[-16.340704,16.034992],[-16.340486,16.035151],[-16.340057,16.035526],[-16.33995,16.035657],[-16.339771,16.036061],[-16.339529,16.036451],[-16.339309,16.036841],[-16.339129,16.037166],[-16.338955,16.037571],[-16.338847,16.037956],[-16.33869,16.038282],[-16.338513,16.038539],[-16.338098,16.038971],[-16.337839,16.039241],[-16.337761,16.039497],[-16.337489,16.039999],[-16.337217,16.040608],[-16.336779,16.041497],[-16.33687,16.041873],[-16.336945,16.042181],[-16.33668,16.043059],[-16.336562,16.044012],[-16.336546,16.044138],[-16.335928,16.045066],[-16.33579,16.045264],[-16.33457,16.04702],[-16.333581,16.048344],[-16.333542,16.048433],[-16.333476,16.045917],[-16.333616,16.045825],[-16.333682,16.045696],[-16.333734,16.045528],[-16.333854,16.045398],[-16.333986,16.045268],[-16.334038,16.045074],[-16.33417,16.04488],[-16.334356,16.044698],[-16.334448,16.044569],[-16.334501,16.044452],[-16.33454,16.044336],[-16.334566,16.044245],[-16.334565,16.04409],[-16.334618,16.043948],[-16.334683,16.043767],[-16.334682,16.043599],[-16.334681,16.043419],[-16.33476,16.043225],[-16.334852,16.043044],[-16.335037,16.042823],[-16.335223,16.042693],[-16.335303,16.042628],[-16.335435,16.042459],[-16.335487,16.04224],[-16.335473,16.042175]]]}},{"type":"Feature","properties":{"categorie":"Protection Naturel"},"geometry":{"type":"Polygon","coordinates":[[[-16.477591,15.927069],[-16.476432,15.926577],[-16.474692,15.925647],[-16.473911,15.925222],[-16.473384,15.925838],[-16.474003,15.927064],[-16.475472,15.928319],[-16.475719,15.928818],[-16.47554,15.929378],[-16.47518,15.930028],[-16.475103,15.931162],[-16.474854,15.930987],[-16.474548,15.930727],[-16.474147,15.930348],[-16.473885,15.930161],[-16.473466,15.929988],[-16.473175,15.929787],[-16.473031,15.929468],[-16.4729,15.928988],[-16.472706,15.928476],[-16.472577,15.928044],[-16.472584,15.928022],[-16.472496,15.928043],[-16.472494,15.927901],[-16.472479,15.92779],[-16.472565,15.927663],[-16.472564,15.927524],[-16.472591,15.927314],[-16.472691,15.92709],[-16.472747,15.92688],[-16.472889,15.926627],[-16.472989,15.926459],[-16.473103,15.926249],[-16.47326,15.926038],[-16.473274,15.926094],[-16.473283,15.926],[-16.473301,15.925972],[-16.473296,15.925912],[-16.473466,15.925587],[-16.473649,15.925318],[-16.473786,15.925127],[-16.473889,15.924981],[-16.473946,15.924857],[-16.473968,15.924734],[-16.473933,15.9246],[-16.473897,15.924489],[-16.473792,15.924344],[-16.473722,15.924222],[-16.473617,15.924033],[-16.473605,15.923932],[-16.473707,15.923719],[-16.47381,15.923551],[-16.473901,15.923416],[-16.473946,15.923248],[-16.473943,15.922902],[-16.473873,15.922746],[-16.473791,15.922512],[-16.473765,15.922121],[-16.473775,15.921942],[-16.473843,15.921819],[-16.473923,15.921662],[-16.473979,15.921505],[-16.47407,15.921191],[-16.474091,15.921023],[-16.474125,15.920856],[-16.474205,15.920755],[-16.474215,15.920587],[-16.474191,15.920408],[-16.474143,15.920196],[-16.4742,15.920006],[-16.474395,15.91987],[-16.474554,15.919512],[-16.474623,15.919422],[-16.474633,15.919221],[-16.47455,15.919031],[-16.474503,15.918819],[-16.474582,15.918618],[-16.474592,15.918416],[-16.474556,15.918249],[-16.474474,15.918082],[-16.474404,15.917915],[-16.474321,15.917647],[-16.474216,15.917514],[-16.474111,15.917436],[-16.473915,15.917382],[-16.473776,15.917371],[-16.473522,15.917362],[-16.473337,15.917307],[-16.473105,15.917164],[-16.472896,15.917042],[-16.472721,15.916753],[-16.472631,15.916262],[-16.472639,15.915904],[-16.472544,15.915458],[-16.472484,15.915179],[-16.472494,15.914978],[-16.472597,15.914765],[-16.472711,15.914574],[-16.472871,15.914338],[-16.473055,15.914225],[-16.473169,15.91409],[-16.47333,15.913933],[-16.473467,15.913831],[-16.473743,15.913662],[-16.473881,15.913504],[-16.473948,15.913247],[-16.473946,15.912923],[-16.473851,15.912611],[-16.473522,15.912553],[-16.473525,15.912583],[-16.473798,15.9128],[-16.4738,15.913136],[-16.473687,15.913426],[-16.47336,15.913668],[-16.473073,15.913943],[-16.472769,15.914363],[-16.472447,15.914762],[-16.472388,15.915144],[-16.472437,15.915693],[-16.47241,15.915675],[-16.472298,15.915599],[-16.472008,15.915376],[-16.471923,15.915215],[-16.471865,15.914918],[-16.471789,15.914631],[-16.471616,15.914052],[-16.47167,15.913562],[-16.471677,15.913319],[-16.471778,15.913201],[-16.471927,15.913173],[-16.472224,15.913117],[-16.472521,15.913061],[-16.472548,15.912953],[-16.4725,15.91272],[-16.472424,15.91254],[-16.472478,15.912297],[-16.472634,15.912062],[-16.472839,15.912025],[-16.473023,15.911862],[-16.472993,15.911601],[-16.472943,15.911236],[-16.472935,15.911182],[-16.472789,15.910941],[-16.472743,15.91085],[-16.47267,15.910707],[-16.472731,15.910403],[-16.472883,15.910006],[-16.472899,15.909983],[-16.47255,15.909567],[-16.472243,15.909358],[-16.472024,15.909275],[-16.47188,15.909221],[-16.472006,15.909698],[-16.471954,15.910426],[-16.471591,15.912657],[-16.471547,15.913344],[-16.471977,15.920029],[-16.471867,15.920524],[-16.471145,15.92209],[-16.470989,15.922644],[-16.470603,15.927741],[-16.468349,15.927999],[-16.466565,15.928711],[-16.466562,15.928307],[-16.466587,15.92801],[-16.466781,15.927766],[-16.467031,15.927657],[-16.467308,15.92752],[-16.46739,15.927304],[-16.466775,15.927039],[-16.466251,15.927662],[-16.46581,15.928339],[-16.465535,15.928853],[-16.465231,15.929206],[-16.464787,15.929478],[-16.464342,15.929616],[-16.464175,15.929536],[-16.464228,15.929266],[-16.464698,15.928724],[-16.464806,15.928211],[-16.46511,15.927832],[-16.465635,15.927289],[-16.465799,15.926857],[-16.4661,15.9261],[-16.466203,15.925556],[-16.466602,15.925041],[-16.467041,15.923868],[-16.467187,15.922794],[-16.467093,15.91969],[-16.466763,15.919275],[-16.46662,15.918277],[-16.467537,15.915323],[-16.46756,15.915199],[-16.468074,15.912431],[-16.468404,15.909497],[-16.468355,15.908899],[-16.468764,15.907965],[-16.468863,15.907323],[-16.469057,15.906063],[-16.46908,15.906153],[-16.469087,15.906113],[-16.469182,15.905972],[-16.469198,15.905967],[-16.469198,15.905962],[-16.469288,15.905788],[-16.46948,15.905588],[-16.469619,15.905359],[-16.469754,15.905116],[-16.469863,15.904879],[-16.469934,15.904717],[-16.470005,15.904573],[-16.470129,15.904403],[-16.470246,15.904288],[-16.470363,15.904144],[-16.470386,15.904089],[-16.471219,15.904897],[-16.471144,15.904968],[-16.470979,15.905341],[-16.470941,15.905647],[-16.471224,15.906723],[-16.471608,15.908183],[-16.471974,15.907104],[-16.472163,15.906435],[-16.472306,15.906013],[-16.472341,15.905772],[-16.47256,15.907469],[-16.472605,15.908012],[-16.472728,15.908435],[-16.473093,15.909105],[-16.473149,15.909448],[-16.47314,15.90962],[-16.47314,15.909625],[-16.473301,15.909596],[-16.473327,15.909591],[-16.473435,15.909403],[-16.473567,15.909426],[-16.473815,15.909685],[-16.473948,15.909901],[-16.474217,15.910124],[-16.474469,15.910261],[-16.47486,15.910335],[-16.475072,15.910332],[-16.475394,15.910394],[-16.475221,15.910992],[-16.475365,15.91114],[-16.47556,15.911277],[-16.475936,15.911376],[-16.476158,15.911333],[-16.476624,15.911081],[-16.476855,15.910947],[-16.477002,15.910781],[-16.477078,15.910871],[-16.47713,15.911065],[-16.477071,15.911221],[-16.47682,15.911379],[-16.47651,15.911576],[-16.476269,15.911792],[-16.47608,15.912115],[-16.475992,15.912369],[-16.475892,15.912565],[-16.475662,15.912713],[-16.475481,15.912723],[-16.47538,15.912802],[-16.475371,15.912909],[-16.475423,15.913094],[-16.475423,15.913162],[-16.475394,15.913299],[-16.475344,15.913348],[-16.475184,15.913447],[-16.475034,15.913613],[-16.474925,15.913848],[-16.474835,15.914034],[-16.474726,15.914152],[-16.474585,15.91426],[-16.474496,15.914397],[-16.474527,15.914543],[-16.474618,15.91464],[-16.47469,15.914756],[-16.474761,15.914882],[-16.474803,15.915126],[-16.474834,15.915233],[-16.474965,15.915281],[-16.475219,15.915267],[-16.475241,15.915304],[-16.475465,15.915672],[-16.475643,15.915705],[-16.475724,15.915753],[-16.475795,15.915811],[-16.475826,15.915937],[-16.475828,15.916123],[-16.475879,15.916307],[-16.475951,15.916521],[-16.475953,15.916765],[-16.475956,15.917106],[-16.475958,15.917447],[-16.4759,15.91774],[-16.475861,15.917994],[-16.475823,15.918286],[-16.475722,15.918658],[-16.475836,15.919085],[-16.475795,15.919745],[-16.475656,15.920239],[-16.475454,15.921013],[-16.475127,15.92177],[-16.475376,15.922023],[-16.475617,15.922576],[-16.475718,15.922862],[-16.475881,15.923511],[-16.476042,15.923969],[-16.476303,15.924446],[-16.476487,15.92492],[-16.476887,15.925275],[-16.477646,15.925616],[-16.478151,15.926171],[-16.478806,15.926787],[-16.478908,15.926494],[-16.479064,15.926187],[-16.479218,15.925708],[-16.479374,15.925343],[-16.479452,15.92517],[-16.479488,15.924692],[-16.479723,15.924461],[-16.479862,15.924517],[-16.479864,15.924804],[-16.479826,15.924996],[-16.479787,15.925111],[-16.47977,15.925379],[-16.479772,15.925685],[-16.479676,15.926087],[-16.479521,15.926509],[-16.479141,15.927195],[-16.479256,15.927368],[-16.479693,15.928029],[-16.480127,15.929151],[-16.480603,15.929194],[-16.48159,15.931152],[-16.48252,15.93231],[-16.482719,15.93255],[-16.482978,15.932892],[-16.483086,15.933193],[-16.483133,15.933456],[-16.482986,15.934151],[-16.483034,15.934897],[-16.482818,15.935519],[-16.482584,15.93598],[-16.482568,15.936351],[-16.482655,15.936787],[-16.482694,15.936837],[-16.482457,15.937049],[-16.482204,15.937458],[-16.482133,15.937596],[-16.482058,15.937919],[-16.482013,15.938282],[-16.481966,15.938933],[-16.482001,15.939528],[-16.482146,15.940331],[-16.48237,15.94128],[-16.482428,15.94145],[-16.482564,15.941854],[-16.482827,15.942494],[-16.483176,15.942929],[-16.483193,15.942951],[-16.482974,15.943573],[-16.482675,15.944033],[-16.482459,15.9446],[-16.482113,15.945056],[-16.481567,15.94556],[-16.481707,15.945665],[-16.482392,15.946183],[-16.482511,15.94662],[-16.482566,15.947197],[-16.482501,15.947742],[-16.482267,15.948086],[-16.481897,15.948543],[-16.4816,15.949007],[-16.481268,15.949442],[-16.4808,15.949616],[-16.480431,15.949807],[-16.480142,15.950004],[-16.480125,15.949999],[-16.47982,15.9499],[-16.479293,15.949737],[-16.47846,15.949057],[-16.477643,15.948147],[-16.477239,15.94772],[-16.477021,15.947233],[-16.477016,15.946623],[-16.477149,15.94612],[-16.477399,15.945865],[-16.477624,15.945496],[-16.477874,15.945038],[-16.478053,15.944602],[-16.478235,15.943643],[-16.47836,15.942942],[-16.478286,15.942688],[-16.478109,15.942571],[-16.478009,15.942326],[-16.47804,15.942014],[-16.478249,15.941414],[-16.478464,15.940854],[-16.478496,15.940511],[-16.478313,15.940244],[-16.478351,15.939407],[-16.478427,15.93885],[-16.478811,15.936656],[-16.478812,15.936367],[-16.478712,15.936005],[-16.478612,15.935503],[-16.478617,15.935445],[-16.478647,15.935122],[-16.47864,15.934831],[-16.478572,15.934555],[-16.478449,15.934304],[-16.478124,15.934],[-16.477938,15.933857],[-16.477673,15.933538],[-16.47748,15.933135],[-16.477521,15.932867],[-16.477639,15.932774],[-16.477847,15.932364],[-16.477916,15.932092],[-16.477915,15.931956],[-16.478404,15.931612],[-16.478614,15.931407],[-16.478752,15.931066],[-16.478749,15.930658],[-16.478759,15.930645],[-16.478129,15.929949],[-16.478029,15.928802],[-16.478115,15.928007],[-16.477591,15.927069]],[[-16.475222,15.922693],[-16.474969,15.922333],[-16.474755,15.923093],[-16.474697,15.923468],[-16.474863,15.92437],[-16.475019,15.924616],[-16.47522,15.924933],[-16.475652,15.925406],[-16.476083,15.925707],[-16.476505,15.92583],[-16.476497,15.92543],[-16.476269,15.925154],[-16.476088,15.924868],[-16.475828,15.924449],[-16.475568,15.92403],[-16.475387,15.923572],[-16.475305,15.923133],[-16.475222,15.922693]]]}},{"type":"Feature","properties":{"categorie":"Protection Naturel"},"geometry":{"type":"Polygon","coordinates":[[[-16.476851,15.936569],[-16.476844,15.936485],[-16.47677,15.936492],[-16.476715,15.93651],[-16.476687,15.936517],[-16.47667,15.936417],[-16.476668,15.936115],[-16.476683,15.935893],[-16.476728,15.935585],[-16.476787,15.935601],[-16.476843,15.93532],[-16.47694,15.935129],[-16.477087,15.934985],[-16.477084,15.934667],[-16.477049,15.934397],[-16.47695,15.934239],[-16.476785,15.934129],[-16.476571,15.934035],[-16.47644,15.934052],[-16.476342,15.934132],[-16.476179,15.93426],[-16.476016,15.934452],[-16.475902,15.934564],[-16.475656,15.934661],[-16.475197,15.934712],[-16.474935,15.934841],[-16.474841,15.934887],[-16.474905,15.935001],[-16.474856,15.935024],[-16.474779,15.935071],[-16.474505,15.935056],[-16.47418,15.935408],[-16.473659,15.936972],[-16.473297,15.937626],[-16.472992,15.937733],[-16.472374,15.937115],[-16.472036,15.936676],[-16.472025,15.935244],[-16.472404,15.934783],[-16.472813,15.934017],[-16.472693,15.93347],[-16.472773,15.932726],[-16.473136,15.930643],[-16.473138,15.930632],[-16.473128,15.930628],[-16.472568,15.930355],[-16.472182,15.930121],[-16.471864,15.929702],[-16.471814,15.929509],[-16.471802,15.929488],[-16.471442,15.92885],[-16.471202,15.928241],[-16.472457,15.924942],[-16.472572,15.924347],[-16.472413,15.923853],[-16.472431,15.923425],[-16.472693,15.92316],[-16.472914,15.922625],[-16.47316,15.922153],[-16.473252,15.921727],[-16.47329,15.921291],[-16.473246,15.92093],[-16.473266,15.92039],[-16.473299,15.919988],[-16.473331,15.919529],[-16.473375,15.919144],[-16.473403,15.91892],[-16.473432,15.918719],[-16.473413,15.918575],[-16.473347,15.918467],[-16.47321,15.918485],[-16.473075,15.918555],[-16.473008,15.918435],[-16.473013,15.918217],[-16.473106,15.918032],[-16.473224,15.917854],[-16.473264,15.917727],[-16.473246,15.917607],[-16.473174,15.917504],[-16.472995,15.91743],[-16.472989,15.917362],[-16.472987,15.917333],[-16.473026,15.917374],[-16.473353,15.917487],[-16.473714,15.917551],[-16.473824,15.917564],[-16.47399,15.917632],[-16.47414,15.917788],[-16.474327,15.918095],[-16.474375,15.918241],[-16.474388,15.918338],[-16.474338,15.91866],[-16.474373,15.918966],[-16.474448,15.919158],[-16.474519,15.919333],[-16.474437,15.919483],[-16.474274,15.919658],[-16.474033,15.919884],[-16.473937,15.920225],[-16.473862,15.920549],[-16.473935,15.920833],[-16.473848,15.921201],[-16.473551,15.921567],[-16.47344,15.922131],[-16.473452,15.922377],[-16.473615,15.922857],[-16.473672,15.923114],[-16.473534,15.923288],[-16.473379,15.923466],[-16.473296,15.923819],[-16.473354,15.924185],[-16.473473,15.92442],[-16.47364,15.92483],[-16.473003,15.925576],[-16.472826,15.925857],[-16.472801,15.926147],[-16.47268,15.92649],[-16.472268,15.926779],[-16.471938,15.92709],[-16.471743,15.927499],[-16.471658,15.927742],[-16.47164,15.927894],[-16.471783,15.928014],[-16.472098,15.928117],[-16.472102,15.928137],[-16.472142,15.928321],[-16.47223,15.928811],[-16.472445,15.929321],[-16.472597,15.929852],[-16.472811,15.930259],[-16.473236,15.930604],[-16.473809,15.930805],[-16.474297,15.931088],[-16.474657,15.931269],[-16.474807,15.931534],[-16.474747,15.931944],[-16.474664,15.93223],[-16.474666,15.932394],[-16.474901,15.93274],[-16.475219,15.932963],[-16.475622,15.933042],[-16.476066,15.933182],[-16.476447,15.933241],[-16.476702,15.933321],[-16.476893,15.933442],[-16.477276,15.933787],[-16.477575,15.934235],[-16.477662,15.934541],[-16.477791,15.934888],[-16.477877,15.935113],[-16.477836,15.935235],[-16.477752,15.9354],[-16.477648,15.935544],[-16.477459,15.935708],[-16.477248,15.935751],[-16.477037,15.935875],[-16.477019,15.936243],[-16.477083,15.936406],[-16.477212,15.93663],[-16.477319,15.936793],[-16.4773,15.937162],[-16.477196,15.937408],[-16.477008,15.937695],[-16.476877,15.937925],[-16.476865,15.937824],[-16.476871,15.937817],[-16.476857,15.937776],[-16.476863,15.937723],[-16.476818,15.937642],[-16.4768,15.937561],[-16.476796,15.93746],[-16.476819,15.937239],[-16.476824,15.937113],[-16.47681,15.936946],[-16.476797,15.936803],[-16.476827,15.936695],[-16.476851,15.936569]]]}},{"type":"Feature","properties":{"categorie":"Protection Naturel"},"geometry":{"type":"Polygon","coordinates":[[[-16.393135,16.020281],[-16.393659,16.02024],[-16.393996,16.020326],[-16.394547,16.020485],[-16.394837,16.020528],[-16.395372,16.020672],[-16.395786,16.020787],[-16.396043,16.020913],[-16.396028,16.020919],[-16.395803,16.02123],[-16.395879,16.021461],[-16.396438,16.021514],[-16.396698,16.021618],[-16.396563,16.021843],[-16.396098,16.022343],[-16.395762,16.022868],[-16.395336,16.023205],[-16.394997,16.023517],[-16.394384,16.024081],[-16.394103,16.02456],[-16.394152,16.024924],[-16.39425,16.025553],[-16.394237,16.02635],[-16.393947,16.026721],[-16.393632,16.027219],[-16.393127,16.027447],[-16.393264,16.026827],[-16.39333,16.026151],[-16.393241,16.025842],[-16.393224,16.025635],[-16.393228,16.025498],[-16.39306,16.025187],[-16.392743,16.024391],[-16.392782,16.024123],[-16.392976,16.023921],[-16.39338,16.023739],[-16.39376,16.023502],[-16.393984,16.023205],[-16.393742,16.022754],[-16.393469,16.022413],[-16.393562,16.021878],[-16.39382,16.021183],[-16.394052,16.02094],[-16.394021,16.020716],[-16.393135,16.020281]]]}},{"type":"Feature","properties":{"categorie":"Protection Naturel"},"geometry":{"type":"Polygon","coordinates":[[[-16.497062,16.011976],[-16.496947,16.011828],[-16.496919,16.011516],[-16.497314,16.010976],[-16.497453,16.010416],[-16.497326,16.00831],[-16.497376,16.007059],[-16.497336,16.006129],[-16.49734,16.005951],[-16.497514,16.005871],[-16.497587,16.005747],[-16.49767,16.005583],[-16.497785,16.005316],[-16.497782,16.004989],[-16.497759,16.004702],[-16.497704,16.004416],[-16.497734,16.004252],[-16.497796,16.004037],[-16.497878,16.003678],[-16.498023,16.003176],[-16.498052,16.00292],[-16.498135,16.002653],[-16.498155,16.002428],[-16.498312,16.002212],[-16.498447,16.001904],[-16.498582,16.001575],[-16.498644,16.001319],[-16.498683,16.00095],[-16.498755,16.000643],[-16.498742,16.000387],[-16.498677,16.00007],[-16.498738,15.999783],[-16.498831,15.999445],[-16.498924,15.999199],[-16.49905,15.999075],[-16.49906,15.999075],[-16.499086,15.999075],[-16.499173,15.999074],[-16.499198,15.999074],[-16.499252,15.999237],[-16.499211,15.999412],[-16.499234,15.999565],[-16.499298,15.999698],[-16.499258,15.999974],[-16.499238,16.000148],[-16.499292,16.000312],[-16.499336,16.000516],[-16.49938,16.00072],[-16.499507,16.000822],[-16.499551,16.000975],[-16.499551,16.001047],[-16.499552,16.001139],[-16.499607,16.001415],[-16.499735,16.001578],[-16.499842,16.001679],[-16.499928,16.001842],[-16.499972,16.002067],[-16.500015,16.00221],[-16.500101,16.002332],[-16.500313,16.002484],[-16.500462,16.002596],[-16.500612,16.002759],[-16.500665,16.002881],[-16.500635,16.003055],[-16.500562,16.00325],[-16.500459,16.003517],[-16.500397,16.003773],[-16.500325,16.004009],[-16.500242,16.004265],[-16.50018,16.004481],[-16.500098,16.004778],[-16.500089,16.005044],[-16.499996,16.005301],[-16.499872,16.00567],[-16.499654,16.006255],[-16.499549,16.00644],[-16.499434,16.006553],[-16.499339,16.006646],[-16.499256,16.006872],[-16.499131,16.007057],[-16.499015,16.007181],[-16.4989,16.007355],[-16.498754,16.007602],[-16.498629,16.007838],[-16.498546,16.008074],[-16.498463,16.008371],[-16.498433,16.008525],[-16.498403,16.008761],[-16.498298,16.008895],[-16.498129,16.008906],[-16.498126,16.008905],[-16.498001,16.008835],[-16.497958,16.008672],[-16.497946,16.00858],[-16.497903,16.008416],[-16.49786,16.008314],[-16.497784,16.008141],[-16.49773,16.007998],[-16.497656,16.007958],[-16.497647,16.007966],[-16.497572,16.00804],[-16.4975,16.008348],[-16.49747,16.008583],[-16.497526,16.00891],[-16.497529,16.009412],[-16.497632,16.009568],[-16.497636,16.009575],[-16.497816,16.009512],[-16.497979,16.009432],[-16.497985,16.009429],[-16.498133,16.009448],[-16.498303,16.00955],[-16.498505,16.00964],[-16.498706,16.009721],[-16.498823,16.009812],[-16.498909,16.009944],[-16.498995,16.0102],[-16.499009,16.010548],[-16.499051,16.010743],[-16.499052,16.010752],[-16.499242,16.010679],[-16.499394,16.010589],[-16.4994,16.010586],[-16.499506,16.010605],[-16.499593,16.01085],[-16.499648,16.011147],[-16.499702,16.01131],[-16.499799,16.011535],[-16.499864,16.011698],[-16.499865,16.011851],[-16.499676,16.012006],[-16.49965,16.012006],[-16.499623,16.012007],[-16.499528,16.012059],[-16.499528,16.01213],[-16.499539,16.012191],[-16.499784,16.012405],[-16.499905,16.012422],[-16.499922,16.012424],[-16.500075,16.012377],[-16.500091,16.012372],[-16.500197,16.012422],[-16.50024,16.012494],[-16.500283,16.012606],[-16.500316,16.012718],[-16.500401,16.012851],[-16.500413,16.012953],[-16.50035,16.012994],[-16.500324,16.012994],[-16.500254,16.012995],[-16.500229,16.012995],[-16.500149,16.012996],[-16.500128,16.013067],[-16.500139,16.01317],[-16.50014,16.013293],[-16.50012,16.013436],[-16.500069,16.013743],[-16.499907,16.014645],[-16.499568,16.015472],[-16.499555,16.015442],[-16.499223,16.014671],[-16.499043,16.014341],[-16.498923,16.014159],[-16.498769,16.014069],[-16.498627,16.013956],[-16.498625,16.01375],[-16.498601,16.013693],[-16.499199,16.013118],[-16.499529,16.012967],[-16.498814,16.010538],[-16.49764,16.011552],[-16.497062,16.011976]]]}},{"type":"Feature","properties":{"categorie":"Protection Naturel"},"geometry":{"type":"Polygon","coordinates":[[[-16.406279,16.083177],[-16.405192,16.081878],[-16.40397,16.080458],[-16.403254,16.07962],[-16.402516,16.079338],[-16.401986,16.079004],[-16.40109,16.078427],[-16.400608,16.077928],[-16.400073,16.077137],[-16.399474,16.074672],[-16.399145,16.07327],[-16.398769,16.072364],[-16.398275,16.071213],[-16.398068,16.070751],[-16.397722,16.069975],[-16.398608,16.066947],[-16.398722,16.066163],[-16.399007,16.064924],[-16.39971,16.06365],[-16.400236,16.062706],[-16.401234,16.061678],[-16.401889,16.060899],[-16.402338,16.060401],[-16.402663,16.059624],[-16.403192,16.058657],[-16.403264,16.058245],[-16.403258,16.057842],[-16.403633,16.057208],[-16.403685,16.057142],[-16.40398,16.056768],[-16.404392,16.056368],[-16.405187,16.055814],[-16.405677,16.055469],[-16.406928,16.054977],[-16.407497,16.054521],[-16.408166,16.054034],[-16.4085,16.05379],[-16.408874,16.05343],[-16.409264,16.053125],[-16.40993,16.052492],[-16.410575,16.052002],[-16.411212,16.051403],[-16.411898,16.050682],[-16.412195,16.050091],[-16.412415,16.049277],[-16.412814,16.048753],[-16.413289,16.048239],[-16.414525,16.046489],[-16.414828,16.046021],[-16.415122,16.045239],[-16.415531,16.04426],[-16.415859,16.043567],[-16.416095,16.043021],[-16.416218,16.04233],[-16.416308,16.041384],[-16.416307,16.040304],[-16.416375,16.039561],[-16.416281,16.038742],[-16.416243,16.038402],[-16.415969,16.038069],[-16.415451,16.037679],[-16.415099,16.037175],[-16.41499,16.037024],[-16.414742,16.036904],[-16.414509,16.036493],[-16.414292,16.035928],[-16.413968,16.035415],[-16.413877,16.035055],[-16.413464,16.034406],[-16.412981,16.033842],[-16.412765,16.033517],[-16.412301,16.03304],[-16.411997,16.03287],[-16.411783,16.032614],[-16.411513,16.032101],[-16.411225,16.031536],[-16.41092,16.03116],[-16.410687,16.030801],[-16.410453,16.030408],[-16.410239,16.030203],[-16.410076,16.029775],[-16.410056,16.029483],[-16.409948,16.029175],[-16.409919,16.029013],[-16.409855,16.02866],[-16.409923,16.028145],[-16.410059,16.027406],[-16.410091,16.026856],[-16.40998,16.02617],[-16.409743,16.025279],[-16.409742,16.025205],[-16.409444,16.024538],[-16.409028,16.023611],[-16.408694,16.023111],[-16.407868,16.022172],[-16.407455,16.021626],[-16.406836,16.021006],[-16.406598,16.020718],[-16.406076,16.020355],[-16.40579,16.020022],[-16.405489,16.019811],[-16.405158,16.019706],[-16.404984,16.019692],[-16.40451,16.019421],[-16.403988,16.019166],[-16.402977,16.0187],[-16.40263,16.018687],[-16.402456,16.018536],[-16.402361,16.018475],[-16.402235,16.018446],[-16.402061,16.018416],[-16.401792,16.018251],[-16.401555,16.018115],[-16.401254,16.017828],[-16.400712,16.017008],[-16.400409,16.016462],[-16.400106,16.015824],[-16.399944,16.015277],[-16.399924,16.014668],[-16.399955,16.014606],[-16.400046,16.014057],[-16.400122,16.013707],[-16.4002,16.013478],[-16.400072,16.013189],[-16.399929,16.013053],[-16.400022,16.0129],[-16.4001,16.012793],[-16.400161,16.012427],[-16.400268,16.011969],[-16.400389,16.011313],[-16.400635,16.010474],[-16.400835,16.009741],[-16.401161,16.009038],[-16.401503,16.008457],[-16.402083,16.007996],[-16.402318,16.007812],[-16.402803,16.007321],[-16.402912,16.007122],[-16.402973,16.006878],[-16.403349,16.006617],[-16.404163,16.005819],[-16.404601,16.005466],[-16.405588,16.004698],[-16.40642,16.004327],[-16.406687,16.004203],[-16.408352,16.003522],[-16.40909,16.003243],[-16.409609,16.003148],[-16.410049,16.003023],[-16.410723,16.002516],[-16.411162,16.002163],[-16.411202,16.002142],[-16.411263,16.00206],[-16.411362,16.001971],[-16.411301,16.001812],[-16.411159,16.001843],[-16.41072,16.00212],[-16.410313,16.002427],[-16.409999,16.002597],[-16.409606,16.002691],[-16.409497,16.002685],[-16.409124,16.002806],[-16.408476,16.002964],[-16.407795,16.003207],[-16.406992,16.003355],[-16.406599,16.003485],[-16.405922,16.003681],[-16.405738,16.003762],[-16.405679,16.003788],[-16.405319,16.004067],[-16.405218,16.004145],[-16.404873,16.004416],[-16.404326,16.00497],[-16.403899,16.005323],[-16.403538,16.005642],[-16.403216,16.005879],[-16.403141,16.006115],[-16.40278,16.006346],[-16.402295,16.006806],[-16.401936,16.00719],[-16.401781,16.007617],[-16.401688,16.00777],[-16.401547,16.007878],[-16.401342,16.007879],[-16.401122,16.007941],[-16.400934,16.008126],[-16.400702,16.008675],[-16.400436,16.008951],[-16.40025,16.009471],[-16.400004,16.010249],[-16.399835,16.01089],[-16.399651,16.011607],[-16.399468,16.012538],[-16.399316,16.013224],[-16.399271,16.01356],[-16.399307,16.014245],[-16.39931,16.014717],[-16.399376,16.015037],[-16.399443,16.015661],[-16.399524,16.01598],[-16.399636,16.016269],[-16.399781,16.016664],[-16.399973,16.01712],[-16.400116,16.017271],[-16.400228,16.017514],[-16.400498,16.017817],[-16.400767,16.018014],[-16.401084,16.018331],[-16.401148,16.018468],[-16.401417,16.01871],[-16.401828,16.018875],[-16.402159,16.018934],[-16.402793,16.019387],[-16.40333,16.019627],[-16.403756,16.019716],[-16.404388,16.01997],[-16.405115,16.020438],[-16.405607,16.020876],[-16.406004,16.0213],[-16.406338,16.02177],[-16.406623,16.021997],[-16.407144,16.022207],[-16.407872,16.022659],[-16.408411,16.02325],[-16.408794,16.023933],[-16.409113,16.02451],[-16.409481,16.02533],[-16.409722,16.025968],[-16.409726,16.026501],[-16.409728,16.026852],[-16.409654,16.027522],[-16.409595,16.028056],[-16.409454,16.028179],[-16.409313,16.028256],[-16.409124,16.028227],[-16.40906,16.028151],[-16.408981,16.028075],[-16.408888,16.028091],[-16.409029,16.02852],[-16.409039,16.028545],[-16.409324,16.029298],[-16.409623,16.030099],[-16.410286,16.031243],[-16.410651,16.031804],[-16.41141,16.032807],[-16.412045,16.033498],[-16.412659,16.034272],[-16.412989,16.034976],[-16.413294,16.03589],[-16.413584,16.037138],[-16.413967,16.037445],[-16.414322,16.037447],[-16.414541,16.037465],[-16.414562,16.037467],[-16.414672,16.037415],[-16.414806,16.037223],[-16.414815,16.03721],[-16.414911,16.037287],[-16.415218,16.037639],[-16.41533,16.037816],[-16.415706,16.038227],[-16.41581,16.038428],[-16.415746,16.038541],[-16.415677,16.038838],[-16.415633,16.039497],[-16.415516,16.040076],[-16.415491,16.040073],[-16.415395,16.04006],[-16.4153,16.039846],[-16.415195,16.039497],[-16.414979,16.038981],[-16.414737,16.038446],[-16.414526,16.038319],[-16.41452,16.038331],[-16.414361,16.038676],[-16.414466,16.038958],[-16.414673,16.039703],[-16.414943,16.040188],[-16.415225,16.040888],[-16.415342,16.041522],[-16.415255,16.042348],[-16.415074,16.042971],[-16.414761,16.044004],[-16.414553,16.044677],[-16.413889,16.04581],[-16.413017,16.047181],[-16.411524,16.049095],[-16.41058,16.05018],[-16.409996,16.050865],[-16.409614,16.051131],[-16.408776,16.051856],[-16.408538,16.052133],[-16.408287,16.052687],[-16.407829,16.052918],[-16.407545,16.05342],[-16.407195,16.054092],[-16.406786,16.054407],[-16.406383,16.054687],[-16.405071,16.055051],[-16.404598,16.055194],[-16.404175,16.0555],[-16.403457,16.056309],[-16.402855,16.056944],[-16.402835,16.056938],[-16.401807,16.056598],[-16.401765,16.056529],[-16.401656,16.056349],[-16.401718,16.056367],[-16.401797,16.056185],[-16.40194,16.056084],[-16.402134,16.055585],[-16.402371,16.054894],[-16.402444,16.054268],[-16.402643,16.053932],[-16.402676,16.053709],[-16.402819,16.053274],[-16.402963,16.052795],[-16.403249,16.052515],[-16.40343,16.052426],[-16.403808,16.052394],[-16.404643,16.052535],[-16.405887,16.052732],[-16.406372,16.052846],[-16.407221,16.052855],[-16.407809,16.052412],[-16.408441,16.051748],[-16.409042,16.051026],[-16.410003,16.049804],[-16.410874,16.048772],[-16.411611,16.047932],[-16.412452,16.046901],[-16.412617,16.046695],[-16.412175,16.046244],[-16.411563,16.045398],[-16.410983,16.04486],[-16.411043,16.044698],[-16.411192,16.044448],[-16.411327,16.044271],[-16.41166,16.044108],[-16.411901,16.043886],[-16.412051,16.043739],[-16.41217,16.043386],[-16.412273,16.04299],[-16.412362,16.04277],[-16.412376,16.042491],[-16.412343,16.042184],[-16.412166,16.041918],[-16.412142,16.040614],[-16.412214,16.040031],[-16.412481,16.039245],[-16.412608,16.038453],[-16.412648,16.036622],[-16.412342,16.035474],[-16.411935,16.03413],[-16.411712,16.03357],[-16.411287,16.032892],[-16.40998,16.031201],[-16.409299,16.030398],[-16.40892,16.029405],[-16.408429,16.02776],[-16.407671,16.026877],[-16.40766,16.026876],[-16.406621,16.025894],[-16.406343,16.026427],[-16.406133,16.027311],[-16.406153,16.027907],[-16.406748,16.027543],[-16.406802,16.027744],[-16.40666,16.028478],[-16.40611,16.02894],[-16.40574,16.02938],[-16.405307,16.030086],[-16.405156,16.030237],[-16.404189,16.030482],[-16.403941,16.030643],[-16.403587,16.031462],[-16.403068,16.032031],[-16.402413,16.032729],[-16.402068,16.033321],[-16.402132,16.033615],[-16.402586,16.034144],[-16.402996,16.034245],[-16.402604,16.035002],[-16.402191,16.035733],[-16.401769,16.036372],[-16.401495,16.036472],[-16.400905,16.037042],[-16.400562,16.037783],[-16.400072,16.038972],[-16.399555,16.04002],[-16.39901,16.041098],[-16.398784,16.041684],[-16.398017,16.041603],[-16.39747,16.041552],[-16.39676,16.04165],[-16.395951,16.04194],[-16.395634,16.041931],[-16.395569,16.041888],[-16.395282,16.041587],[-16.395052,16.041385],[-16.395074,16.041068],[-16.395348,16.040238],[-16.395688,16.0396],[-16.395809,16.039331],[-16.395481,16.038579],[-16.395224,16.038317],[-16.394912,16.038194],[-16.39468,16.038163],[-16.394253,16.038345],[-16.394016,16.038598],[-16.393502,16.039133],[-16.393256,16.039123],[-16.393179,16.038839],[-16.392944,16.03859],[-16.392617,16.038648],[-16.391914,16.039101],[-16.39124,16.039603],[-16.390824,16.040037],[-16.390775,16.040373],[-16.390718,16.041095],[-16.390719,16.042065],[-16.390938,16.042425],[-16.391171,16.042446],[-16.391356,16.04174],[-16.391514,16.041134],[-16.391787,16.040635],[-16.392308,16.040135],[-16.392397,16.04017],[-16.39243,16.040676],[-16.392291,16.041639],[-16.3921,16.042389],[-16.391636,16.043227],[-16.391039,16.044013],[-16.390735,16.044406],[-16.390655,16.044874],[-16.390325,16.045445],[-16.389593,16.046099],[-16.389012,16.045473],[-16.388832,16.045164],[-16.388819,16.044763],[-16.388509,16.044379],[-16.388026,16.04372],[-16.388122,16.04322],[-16.389312,16.04127],[-16.389952,16.039703],[-16.390566,16.037744],[-16.391612,16.035729],[-16.392056,16.035185],[-16.39223,16.035193],[-16.392443,16.035203],[-16.392769,16.035315],[-16.393269,16.035691],[-16.39361,16.036102],[-16.39379,16.036412],[-16.393965,16.036344],[-16.394244,16.0358],[-16.394532,16.035109],[-16.394543,16.034711],[-16.394491,16.034499],[-16.394205,16.034357],[-16.393864,16.034266],[-16.393608,16.034402],[-16.393449,16.034609],[-16.393147,16.034819],[-16.392945,16.034746],[-16.392707,16.034189],[-16.392634,16.033883],[-16.392752,16.033636],[-16.393222,16.033563],[-16.393992,16.033382],[-16.394477,16.033288],[-16.394622,16.033102],[-16.394603,16.032905],[-16.394475,16.032489],[-16.394624,16.03203],[-16.394795,16.031414],[-16.394902,16.030676],[-16.395241,16.029993],[-16.395618,16.029233],[-16.3963,16.028104],[-16.397154,16.025699],[-16.397312,16.024853],[-16.398346,16.024308],[-16.398817,16.022923],[-16.399325,16.022022],[-16.399717,16.021596],[-16.40018,16.021248],[-16.398963,16.020964],[-16.397525,16.020792],[-16.396986,16.020714],[-16.396389,16.020762],[-16.396043,16.020913],[-16.395786,16.020787],[-16.395372,16.020672],[-16.394837,16.020528],[-16.394547,16.020485],[-16.393996,16.020326],[-16.393659,16.02024],[-16.393135,16.020281],[-16.392993,16.020212],[-16.392336,16.020056],[-16.390382,16.020288],[-16.38923,16.020424],[-16.388615,16.020779],[-16.387496,16.021381],[-16.386556,16.022138],[-16.386002,16.022439],[-16.385297,16.022948],[-16.385115,16.023153],[-16.384643,16.023146],[-16.384309,16.02329],[-16.383956,16.023698],[-16.383749,16.024145],[-16.383606,16.024571],[-16.383421,16.025159],[-16.383152,16.025526],[-16.382777,16.025873],[-16.382195,16.026545],[-16.381634,16.027217],[-16.38124,16.027766],[-16.380702,16.028783],[-16.380311,16.029697],[-16.380084,16.030265],[-16.379545,16.031038],[-16.379107,16.031345],[-16.378459,16.031532],[-16.377852,16.031616],[-16.377225,16.031742],[-16.376869,16.031765],[-16.376597,16.031766],[-16.376345,16.031646],[-16.376217,16.031424],[-16.376257,16.03112],[-16.376591,16.030997],[-16.377011,16.031034],[-16.377304,16.031073],[-16.377848,16.030968],[-16.378056,16.030785],[-16.377885,16.03032],[-16.377381,16.03006],[-16.376898,16.02982],[-16.376436,16.029742],[-16.3761,16.029582],[-16.376076,16.029116],[-16.376029,16.028407],[-16.376047,16.027941],[-16.376086,16.027597],[-16.376419,16.027291],[-16.376901,16.027288],[-16.377215,16.027245],[-16.377591,16.027061],[-16.377903,16.026815],[-16.378194,16.026408],[-16.378296,16.026003],[-16.378273,16.02576],[-16.37827,16.025355],[-16.378625,16.02513],[-16.379043,16.024985],[-16.379314,16.024882],[-16.379626,16.024596],[-16.379897,16.024352],[-16.380314,16.024005],[-16.38073,16.023637],[-16.381294,16.02337],[-16.381816,16.023144],[-16.382548,16.022998],[-16.383196,16.022831],[-16.383823,16.022665],[-16.384241,16.02248],[-16.384511,16.022236],[-16.384783,16.022132],[-16.385096,16.02207],[-16.385368,16.021906],[-16.385701,16.021681],[-16.385951,16.021436],[-16.386243,16.021272],[-16.385698,16.021175],[-16.385426,16.021298],[-16.385092,16.021482],[-16.384821,16.021626],[-16.384506,16.021527],[-16.384318,16.021073],[-16.384505,16.020846],[-16.384728,16.020548],[-16.385135,16.020291],[-16.385308,16.019978],[-16.38523,16.019509],[-16.385013,16.018982],[-16.384729,16.018557],[-16.384277,16.018399],[-16.383929,16.018372],[-16.383635,16.018521],[-16.383345,16.018772],[-16.383216,16.018849],[-16.382734,16.018867],[-16.382217,16.018604],[-16.381564,16.018019],[-16.38125,16.017907],[-16.38113,16.017926],[-16.380894,16.017633],[-16.380805,16.0171],[-16.381056,16.016647],[-16.381218,16.016489],[-16.381609,16.016868],[-16.381752,16.017041],[-16.381876,16.017192],[-16.382138,16.017346],[-16.382177,16.017649],[-16.382373,16.017905],[-16.38256,16.018104],[-16.382695,16.018278],[-16.382882,16.018547],[-16.38304,16.018499],[-16.383167,16.018342],[-16.383325,16.018009],[-16.383591,16.01783],[-16.383789,16.017742],[-16.384248,16.017728],[-16.38463,16.017817],[-16.384961,16.018029],[-16.385459,16.018467],[-16.385972,16.019131],[-16.386474,16.019591],[-16.386778,16.019567],[-16.386981,16.019363],[-16.387793,16.018699],[-16.38873,16.018359],[-16.389837,16.018018],[-16.390449,16.017526],[-16.390724,16.017376],[-16.391143,16.017319],[-16.391526,16.017267],[-16.392134,16.017291],[-16.392578,16.017497],[-16.393071,16.017329],[-16.393745,16.017209],[-16.394782,16.017185],[-16.395837,16.017082],[-16.396589,16.016859],[-16.397282,16.016659],[-16.397644,16.016466],[-16.397868,16.016202],[-16.398138,16.015837],[-16.398728,16.015772],[-16.398642,16.015239],[-16.398512,16.013381],[-16.398473,16.012916],[-16.398622,16.012427],[-16.398864,16.011813],[-16.399417,16.010438],[-16.400122,16.008857],[-16.400178,16.008494],[-16.40023,16.008399],[-16.400375,16.008141],[-16.400641,16.007652],[-16.400826,16.00739],[-16.400759,16.007293],[-16.401075,16.006776],[-16.402293,16.006109],[-16.40294,16.005701],[-16.40354,16.005098],[-16.404028,16.004648],[-16.404028,16.004637],[-16.405336,16.003846],[-16.406157,16.003453],[-16.406413,16.003264],[-16.407007,16.002988],[-16.407402,16.002873],[-16.408031,16.00264],[-16.409037,16.002375],[-16.409823,16.002217],[-16.410467,16.001863],[-16.410921,16.00154],[-16.411217,16.001111],[-16.411357,16.000735],[-16.411449,16.000355],[-16.411595,15.999734],[-16.411618,15.999487],[-16.411604,15.998877],[-16.411521,15.998476],[-16.411475,15.998365],[-16.411408,15.998138],[-16.411419,15.998141],[-16.411409,15.99812],[-16.410895,15.996923],[-16.410359,15.99586],[-16.410235,15.995384],[-16.410139,15.99492],[-16.410042,15.994292],[-16.409709,15.993187],[-16.409255,15.992381],[-16.409016,15.992],[-16.408537,15.991235],[-16.408234,15.990733],[-16.407681,15.989818],[-16.406729,15.988754],[-16.40596,15.988287],[-16.405547,15.988101],[-16.404041,15.987993],[-16.402883,15.98767],[-16.401811,15.987386],[-16.400778,15.986374],[-16.399611,15.985438],[-16.399037,15.985292],[-16.398156,15.985373],[-16.397271,15.985646],[-16.397262,15.98565],[-16.397002,15.985863],[-16.396756,15.986132],[-16.396568,15.98633],[-16.396249,15.986614],[-16.39596,15.986827],[-16.395437,15.987084],[-16.395118,15.987241],[-16.394798,15.98737],[-16.394304,15.987528],[-16.39397,15.987601],[-16.393635,15.987702],[-16.393432,15.987816],[-16.393156,15.987874],[-16.393045,15.987925],[-16.393045,15.987933],[-16.392647,15.988018],[-16.392356,15.98802],[-16.391627,15.987954],[-16.391306,15.987858],[-16.391083,15.987169],[-16.390818,15.986804],[-16.390539,15.986426],[-16.390127,15.985851],[-16.389979,15.985457],[-16.390049,15.985062],[-16.390177,15.984639],[-16.390189,15.984286],[-16.390157,15.983934],[-16.390055,15.983808],[-16.389821,15.983753],[-16.38934,15.9837],[-16.388554,15.983691],[-16.388263,15.983749],[-16.387958,15.983864],[-16.387711,15.984007],[-16.387508,15.984149],[-16.387306,15.984418],[-16.387177,15.984715],[-16.387035,15.98518],[-16.387023,15.985631],[-16.387306,15.986447],[-16.387748,15.987261],[-16.388128,15.987916],[-16.388171,15.987991],[-16.388291,15.988163],[-16.388781,15.988735],[-16.389148,15.989155],[-16.389129,15.989212],[-16.389098,15.989153],[-16.388637,15.988706],[-16.388197,15.988385],[-16.387743,15.987693],[-16.387309,15.987211],[-16.387075,15.986752],[-16.386861,15.986175],[-16.38667,15.985785],[-16.386562,15.985256],[-16.38658,15.984933],[-16.386745,15.984549],[-16.38693,15.984146],[-16.387121,15.983873],[-16.387356,15.983623],[-16.387819,15.983375],[-16.388556,15.983226],[-16.389181,15.983152],[-16.38919,15.983151],[-16.389986,15.983195],[-16.390338,15.983224],[-16.39061,15.983297],[-16.390875,15.983423],[-16.391157,15.983601],[-16.391436,15.983855],[-16.391597,15.984066],[-16.391712,15.98443],[-16.391668,15.984826],[-16.391347,15.985554],[-16.391164,15.985972],[-16.391103,15.986271],[-16.391149,15.986691],[-16.391454,15.987674],[-16.391934,15.987858],[-16.392308,15.987944],[-16.392311,15.987945],[-16.392781,15.987925],[-16.393002,15.98783],[-16.393046,15.987808],[-16.393395,15.987632],[-16.39381,15.987567],[-16.394059,15.987452],[-16.394672,15.987059],[-16.394729,15.986974],[-16.394942,15.986762],[-16.395278,15.986695],[-16.395493,15.986661],[-16.395501,15.986469],[-16.395586,15.986319],[-16.395736,15.986173],[-16.395888,15.986051],[-16.395889,15.986051],[-16.396125,15.986052],[-16.396243,15.986053],[-16.396268,15.986053],[-16.396575,15.985814],[-16.397024,15.985622],[-16.39716,15.985538],[-16.397482,15.985338],[-16.397805,15.985196],[-16.397884,15.985008],[-16.398101,15.984891],[-16.398449,15.984799],[-16.398905,15.98475],[-16.398921,15.984748],[-16.399247,15.984812],[-16.399631,15.985035],[-16.399854,15.985191],[-16.400183,15.985223],[-16.400516,15.985423],[-16.400835,15.985824],[-16.401184,15.986311],[-16.401412,15.986596],[-16.401745,15.986888],[-16.401981,15.987027],[-16.402102,15.987092],[-16.403227,15.987314],[-16.403612,15.987353],[-16.404116,15.987499],[-16.404126,15.987502],[-16.40444,15.987446],[-16.404447,15.987444],[-16.404734,15.987461],[-16.404929,15.987545],[-16.405,15.987641],[-16.405473,15.987827],[-16.406525,15.988083],[-16.407037,15.988415],[-16.407291,15.988566],[-16.407677,15.988941],[-16.407914,15.989187],[-16.408196,15.989555],[-16.408437,15.989815],[-16.409016,15.990694],[-16.409252,15.991115],[-16.409398,15.991308],[-16.409469,15.99129],[-16.409554,15.991385],[-16.409684,15.991502],[-16.409784,15.991531],[-16.409808,15.991657],[-16.409831,15.991782],[-16.409893,15.991944],[-16.409963,15.992069],[-16.410125,15.992282],[-16.410164,15.992378],[-16.410219,15.992584],[-16.41025,15.992687],[-16.410289,15.992798],[-16.410305,15.992931],[-16.410321,15.993056],[-16.410344,15.993085],[-16.410413,15.993144],[-16.410452,15.993195],[-16.410452,15.993284],[-16.410438,15.993358],[-16.410431,15.993439],[-16.410432,15.99358],[-16.41044,15.993705],[-16.410449,15.99383],[-16.410472,15.993904],[-16.410518,15.993956],[-16.410564,15.994022],[-16.410565,15.994059],[-16.410557,15.99411],[-16.410497,15.994155],[-16.410405,15.994156],[-16.410392,15.994159],[-16.410403,15.994222],[-16.410444,15.994229],[-16.410528,15.994243],[-16.410574,15.994228],[-16.410642,15.994147],[-16.410687,15.99408],[-16.410786,15.994057],[-16.410848,15.994108],[-16.410901,15.994115],[-16.41097,15.994108],[-16.41103,15.994063],[-16.411076,15.993989],[-16.41106,15.993893],[-16.410998,15.993842],[-16.410891,15.993791],[-16.410838,15.993813],[-16.410838,15.99388],[-16.4108,15.99388],[-16.410754,15.993858],[-16.410692,15.993725],[-16.410676,15.993622],[-16.410675,15.993452],[-16.41072,15.993356],[-16.410773,15.99326],[-16.410795,15.993156],[-16.410832,15.992994],[-16.410862,15.992883],[-16.410861,15.992787],[-16.410822,15.992669],[-16.410737,15.992544],[-16.410691,15.992463],[-16.410599,15.99239],[-16.410537,15.992316],[-16.410468,15.99225],[-16.410391,15.99217],[-16.410314,15.992089],[-16.41023,15.992001],[-16.410076,15.991802],[-16.409999,15.991714],[-16.409914,15.991575],[-16.409852,15.991413],[-16.409844,15.991373],[-16.409934,15.991416],[-16.4101,15.991512],[-16.410309,15.991762],[-16.410991,15.991647],[-16.411307,15.991916],[-16.411754,15.992691],[-16.412126,15.993595],[-16.412475,15.994401],[-16.413357,15.995243],[-16.413512,15.995318],[-16.413514,15.99533],[-16.413733,15.995579],[-16.413937,15.995814],[-16.41393,15.995896],[-16.413838,15.996125],[-16.413689,15.996444],[-16.413439,15.996895],[-16.413272,15.997231],[-16.413274,15.997418],[-16.413269,15.997827],[-16.413275,15.997826],[-16.413293,15.997822],[-16.413302,15.998042],[-16.413229,15.998515],[-16.4132,15.998678],[-16.41307,15.999661],[-16.412911,15.999869],[-16.412775,16.000172],[-16.412617,16.000483],[-16.412467,16.000787],[-16.412195,16.00121],[-16.411779,16.001729],[-16.411377,16.002175],[-16.410945,16.00251],[-16.410875,16.002574],[-16.410843,16.002615],[-16.410689,16.002712],[-16.410426,16.002954],[-16.40992,16.003248],[-16.409367,16.003352],[-16.408998,16.003433],[-16.408227,16.00375],[-16.407617,16.004022],[-16.406811,16.004385],[-16.406614,16.004499],[-16.406736,16.004476],[-16.406852,16.004475],[-16.407025,16.004567],[-16.40718,16.00464],[-16.407278,16.004974],[-16.407049,16.005273],[-16.406896,16.005367],[-16.406743,16.005498],[-16.406552,16.005611],[-16.406266,16.005911],[-16.405942,16.006378],[-16.405464,16.006753],[-16.405082,16.007071],[-16.4047,16.00739],[-16.404412,16.007522],[-16.404066,16.007524],[-16.403932,16.007581],[-16.403588,16.007862],[-16.403398,16.008142],[-16.403303,16.008384],[-16.403286,16.008738],[-16.403269,16.009017],[-16.403175,16.009334],[-16.402947,16.009726],[-16.402719,16.010118],[-16.402549,16.010435],[-16.402283,16.01092],[-16.402113,16.011349],[-16.401942,16.01174],[-16.401734,16.012114],[-16.401485,16.012357],[-16.401275,16.012544],[-16.401142,16.012675],[-16.401085,16.012862],[-16.401107,16.013252],[-16.401108,16.013419],[-16.401089,16.013438],[-16.40109,16.013587],[-16.401111,16.01381],[-16.401229,16.014162],[-16.401269,16.014478],[-16.401177,16.014943],[-16.401064,16.015298],[-16.401027,16.015521],[-16.401106,16.015911],[-16.401147,16.016189],[-16.401072,16.016432],[-16.401053,16.01646],[-16.401091,16.016526],[-16.401109,16.016535],[-16.401096,16.016556],[-16.401478,16.017259],[-16.40174,16.017645],[-16.40259,16.018049],[-16.404337,16.018743],[-16.404382,16.018693],[-16.404691,16.018856],[-16.405137,16.019094],[-16.405565,16.019383],[-16.406011,16.019706],[-16.406403,16.019909],[-16.40685,16.02037],[-16.407136,16.020677],[-16.407404,16.020847],[-16.40787,16.021462],[-16.408264,16.02194],[-16.408729,16.022452],[-16.40907,16.023034],[-16.409465,16.023718],[-16.40948,16.023934],[-16.409505,16.023971],[-16.409832,16.02476],[-16.409861,16.024845],[-16.410058,16.025422],[-16.410217,16.026067],[-16.410282,16.02654],[-16.410253,16.026962],[-16.410194,16.027859],[-16.410145,16.028415],[-16.410124,16.028808],[-16.41137,16.028991],[-16.412393,16.028741],[-16.41263,16.028384],[-16.412489,16.027891],[-16.412308,16.027232],[-16.412234,16.0265],[-16.413076,16.02566],[-16.413482,16.024395],[-16.413981,16.024627],[-16.414607,16.024976],[-16.41494,16.024844],[-16.415348,16.025089],[-16.416386,16.026427],[-16.417041,16.028019],[-16.417284,16.029125],[-16.417522,16.03077],[-16.417867,16.033486],[-16.417899,16.036775],[-16.417899,16.036778],[-16.417738,16.037646],[-16.417529,16.038439],[-16.417202,16.038988],[-16.416897,16.039871],[-16.416896,16.039895],[-16.416752,16.041938],[-16.416622,16.043005],[-16.416473,16.044035],[-16.416437,16.04428],[-16.416101,16.045467],[-16.415661,16.046228],[-16.415071,16.047449],[-16.414511,16.048389],[-16.414118,16.048906],[-16.413645,16.049401],[-16.413256,16.049725],[-16.412801,16.050348],[-16.412495,16.050991],[-16.411733,16.051937],[-16.411023,16.052563],[-16.411018,16.052579],[-16.410969,16.052754],[-16.410491,16.052922],[-16.40958,16.053454],[-16.408683,16.054014],[-16.408253,16.054403],[-16.408127,16.054517],[-16.407492,16.055393],[-16.406487,16.056679],[-16.405855,16.057758],[-16.406227,16.057854],[-16.404097,16.062671],[-16.403239,16.062563],[-16.402551,16.06406],[-16.403027,16.064306],[-16.402252,16.066072],[-16.403261,16.066277],[-16.402271,16.069809],[-16.401689,16.069753],[-16.401212,16.070629],[-16.400757,16.071467],[-16.40122,16.071743],[-16.401258,16.07295],[-16.401074,16.074225],[-16.401847,16.075056],[-16.402922,16.075612],[-16.403622,16.075615],[-16.404102,16.075178],[-16.404335,16.074274],[-16.404415,16.070505],[-16.404555,16.068502],[-16.404551,16.066516],[-16.404779,16.066136],[-16.40521,16.066149],[-16.405101,16.066955],[-16.405184,16.067469],[-16.405823,16.068163],[-16.406176,16.068606],[-16.406034,16.070352],[-16.406135,16.071339],[-16.406785,16.072232],[-16.407139,16.07246],[-16.407429,16.073437],[-16.408746,16.075532],[-16.410013,16.077703],[-16.410326,16.077988],[-16.410564,16.077808],[-16.410626,16.077656],[-16.410707,16.076983],[-16.411269,16.076686],[-16.411688,16.076454],[-16.412686,16.075919],[-16.413321,16.075769],[-16.413455,16.075765],[-16.414188,16.076624],[-16.415542,16.076651],[-16.415308,16.075286],[-16.416322,16.074557],[-16.417893,16.07344],[-16.418402,16.072725],[-16.419793,16.072563],[-16.42399,16.071629],[-16.425873,16.071821],[-16.429302,16.072461],[-16.430649,16.073091],[-16.431874,16.072816],[-16.43221,16.072567],[-16.432356,16.071941],[-16.432842,16.072025],[-16.432846,16.072004],[-16.433614,16.072157],[-16.433803,16.072345],[-16.433961,16.072645],[-16.434574,16.072688],[-16.435194,16.072737],[-16.435209,16.072755],[-16.436833,16.073029],[-16.436939,16.072848],[-16.436957,16.072862],[-16.437007,16.072892],[-16.437182,16.072908],[-16.437437,16.072907],[-16.437562,16.07293],[-16.437768,16.073109],[-16.437752,16.073222],[-16.437751,16.07323],[-16.437601,16.073243],[-16.437408,16.07325],[-16.43724,16.073251],[-16.437072,16.073246],[-16.436979,16.073253],[-16.43696,16.073337],[-16.437142,16.073535],[-16.437367,16.073636],[-16.437604,16.073676],[-16.437853,16.073656],[-16.437996,16.073625],[-16.438102,16.073631],[-16.438165,16.073648],[-16.438358,16.073659],[-16.438501,16.073712],[-16.438551,16.073742],[-16.438583,16.073862],[-16.438597,16.073995],[-16.438585,16.074091],[-16.438622,16.074097],[-16.438703,16.074066],[-16.438871,16.074023],[-16.439151,16.074003],[-16.439332,16.074086],[-16.439494,16.074139],[-16.439575,16.074145],[-16.439806,16.074119],[-16.44006,16.074003],[-16.440271,16.073863],[-16.440444,16.073759],[-16.440568,16.073644],[-16.440599,16.073614],[-16.44073,16.073583],[-16.440798,16.073637],[-16.441067,16.073689],[-16.441228,16.073664],[-16.441359,16.073627],[-16.441514,16.073572],[-16.441644,16.073468],[-16.44178,16.073359],[-16.441892,16.073256],[-16.441881,16.07299],[-16.441941,16.072979],[-16.443254,16.071922],[-16.444173,16.071181],[-16.444713,16.070789],[-16.445191,16.070442],[-16.44612,16.069813],[-16.446172,16.069778],[-16.446584,16.069238],[-16.446603,16.069213],[-16.446666,16.06946],[-16.446669,16.069471],[-16.447813,16.068899],[-16.448725,16.068263],[-16.447781,16.069307],[-16.446778,16.070725],[-16.445534,16.072615],[-16.444931,16.073325],[-16.444085,16.074076],[-16.443198,16.074748],[-16.442187,16.075108],[-16.441711,16.07521],[-16.441635,16.075285],[-16.440158,16.075253],[-16.440048,16.075305],[-16.440045,16.075295],[-16.439996,16.075157],[-16.439423,16.074826],[-16.438746,16.074436],[-16.438398,16.07425],[-16.437978,16.074046],[-16.437328,16.07379],[-16.436812,16.073669],[-16.436271,16.073554],[-16.435536,16.07349],[-16.435511,16.07349],[-16.435209,16.073493],[-16.434577,16.073507],[-16.434056,16.07352],[-16.433282,16.073713],[-16.433262,16.073712],[-16.43275,16.073686],[-16.432747,16.073687],[-16.432193,16.074026],[-16.431867,16.074176],[-16.431746,16.074265],[-16.431722,16.074264],[-16.431439,16.074248],[-16.431435,16.074249],[-16.431175,16.074329],[-16.430534,16.074589],[-16.42971,16.075019],[-16.429151,16.07523],[-16.428968,16.07532],[-16.428733,16.075341],[-16.428132,16.075473],[-16.427645,16.075596],[-16.427609,16.075746],[-16.427295,16.076223],[-16.427152,16.076248],[-16.427036,16.076335],[-16.426906,16.076436],[-16.426803,16.076463],[-16.426693,16.076497],[-16.426632,16.076578],[-16.426629,16.07677],[-16.4265,16.07685],[-16.426478,16.076848],[-16.426289,16.076833],[-16.426279,16.076834],[-16.426069,16.076861],[-16.425939,16.076928],[-16.425885,16.077022],[-16.425816,16.077082],[-16.42561,16.077123],[-16.425487,16.077244],[-16.425199,16.077439],[-16.424878,16.077689],[-16.424725,16.077766],[-16.42453,16.078188],[-16.424247,16.078506],[-16.424005,16.078842],[-16.423579,16.07918],[-16.42301,16.0795],[-16.422257,16.079662],[-16.422237,16.079661],[-16.421543,16.079628],[-16.421114,16.079523],[-16.4201,16.079135],[-16.41962,16.078865],[-16.418835,16.078747],[-16.418423,16.078737],[-16.417929,16.078648],[-16.417911,16.078649],[-16.416963,16.078723],[-16.416157,16.07907],[-16.414793,16.079791],[-16.414589,16.079821],[-16.414023,16.080368],[-16.413536,16.080588],[-16.413232,16.080846],[-16.41305,16.081123],[-16.41293,16.08142],[-16.412932,16.081696],[-16.412954,16.081913],[-16.413139,16.082148],[-16.413201,16.082325],[-16.413059,16.082444],[-16.413045,16.082435],[-16.412773,16.082269],[-16.412649,16.082112],[-16.412403,16.081975],[-16.412385,16.081979],[-16.412118,16.082036],[-16.411833,16.082078],[-16.411467,16.082277],[-16.411061,16.082477],[-16.410654,16.082657],[-16.410268,16.082818],[-16.409821,16.083077],[-16.409091,16.083555],[-16.408582,16.083762],[-16.408221,16.083936],[-16.408195,16.083936],[-16.40791,16.083938],[-16.40735,16.083918],[-16.406909,16.083718],[-16.406509,16.083459],[-16.406279,16.083177]]]}},{"type":"Feature","properties":{"categorie":"Protection Naturel"},"geometry":{"type":"Polygon","coordinates":[[[-16.403356,16.042806],[-16.403196,16.04285],[-16.402846,16.042495],[-16.403332,16.042224],[-16.403789,16.04193],[-16.404246,16.041652],[-16.404926,16.041632],[-16.405496,16.041643],[-16.406271,16.041577],[-16.406682,16.041498],[-16.407091,16.04122],[-16.407563,16.040819],[-16.407924,16.040296],[-16.408362,16.03965],[-16.408661,16.039373],[-16.408662,16.039511],[-16.408427,16.03991],[-16.408192,16.040233],[-16.407957,16.040556],[-16.407596,16.040987],[-16.407298,16.041341],[-16.407109,16.041495],[-16.407378,16.041493],[-16.407614,16.041293],[-16.407896,16.040939],[-16.408211,16.040615],[-16.408557,16.040322],[-16.408713,16.039969],[-16.4089,16.039647],[-16.409104,16.039324],[-16.409274,16.038787],[-16.409428,16.038251],[-16.409614,16.037698],[-16.409992,16.037313],[-16.410275,16.037082],[-16.410685,16.036834],[-16.410904,16.036557],[-16.411075,16.036143],[-16.411246,16.035591],[-16.41129,16.035223],[-16.411288,16.034871],[-16.411301,16.034504],[-16.411219,16.034122],[-16.411042,16.033633],[-16.410417,16.032566],[-16.409809,16.031575],[-16.409841,16.031606],[-16.410144,16.031925],[-16.410511,16.032474],[-16.41107,16.033097],[-16.411518,16.033844],[-16.411711,16.03421],[-16.41173,16.034669],[-16.411733,16.035098],[-16.411845,16.035296],[-16.411863,16.035679],[-16.411754,16.035878],[-16.411613,16.036048],[-16.411314,16.036356],[-16.411128,16.036847],[-16.410925,16.0372],[-16.410768,16.0374],[-16.410468,16.03754],[-16.410185,16.037741],[-16.409965,16.038063],[-16.409904,16.038416],[-16.409796,16.038799],[-16.409515,16.039306],[-16.409233,16.039767],[-16.409093,16.040028],[-16.408936,16.040274],[-16.408748,16.040474],[-16.408449,16.040797],[-16.408182,16.041044],[-16.407931,16.041413],[-16.407696,16.041629],[-16.407427,16.041768],[-16.407002,16.04197],[-16.406734,16.042156],[-16.406577,16.042294],[-16.406261,16.04248],[-16.405977,16.042589],[-16.405757,16.042774],[-16.405632,16.04302],[-16.405506,16.043067],[-16.40552,16.042822],[-16.405598,16.042622],[-16.405627,16.042362],[-16.405563,16.042148],[-16.405356,16.042027],[-16.404897,16.041969],[-16.40455,16.042124],[-16.404266,16.042294],[-16.404045,16.042387],[-16.403556,16.042574],[-16.403356,16.042806]]]}},{"type":"Feature","properties":{"categorie":"Protection Naturel"},"geometry":{"type":"Polygon","coordinates":[[[-16.398487,16.081865],[-16.397959,16.081677],[-16.397167,16.081428],[-16.396681,16.081134],[-16.396107,16.080649],[-16.395576,16.080016],[-16.395221,16.079424],[-16.394887,16.078811],[-16.394598,16.078239],[-16.394558,16.078251],[-16.394553,16.078134],[-16.394371,16.077286],[-16.394499,16.076648],[-16.394692,16.076074],[-16.395191,16.075136],[-16.395956,16.074749],[-16.396527,16.074724],[-16.397296,16.074868],[-16.397934,16.075034],[-16.398596,16.07556],[-16.399105,16.076066],[-16.39933,16.076871],[-16.399687,16.077718],[-16.400088,16.078564],[-16.400487,16.079071],[-16.401149,16.079534],[-16.401702,16.080103],[-16.402101,16.080674],[-16.402081,16.080992],[-16.401974,16.081418],[-16.401778,16.081631],[-16.401516,16.08176],[-16.40088,16.081892],[-16.400397,16.08181],[-16.400089,16.081791],[-16.399322,16.081923],[-16.398487,16.081865]]]}},{"type":"Feature","properties":{"categorie":"Protection Naturel"},"geometry":{"type":"Polygon","coordinates":[[[-16.47212,16.034605],[-16.472583,16.033488],[-16.472862,16.032867],[-16.473257,16.032415],[-16.473494,16.032144],[-16.473844,16.031705],[-16.474434,16.030783],[-16.474688,16.030323],[-16.474781,16.030156],[-16.475156,16.0296],[-16.475416,16.029406],[-16.475583,16.029282],[-16.47561,16.029262],[-16.475842,16.028892],[-16.475952,16.028391],[-16.475982,16.028185],[-16.476,16.027964],[-16.475862,16.027804],[-16.475982,16.02767],[-16.476,16.027725],[-16.476014,16.027882],[-16.47604,16.027991],[-16.476116,16.028124],[-16.476091,16.028233],[-16.476068,16.02839],[-16.476081,16.028535],[-16.476058,16.028826],[-16.476009,16.028947],[-16.476023,16.029093],[-16.476061,16.029129],[-16.47621,16.029079],[-16.47636,16.029054],[-16.476461,16.029114],[-16.476487,16.029198],[-16.476612,16.029234],[-16.476712,16.029282],[-16.476713,16.02939],[-16.476739,16.029511],[-16.47679,16.029571],[-16.476778,16.02962],[-16.47674,16.029681],[-16.476578,16.029694],[-16.47649,16.02967],[-16.476389,16.029538],[-16.476313,16.029381],[-16.476287,16.029224],[-16.476224,16.029188],[-16.476124,16.029249],[-16.476126,16.029455],[-16.476176,16.029515],[-16.476239,16.029575],[-16.476352,16.029659],[-16.476366,16.029804],[-16.476366,16.029865],[-16.476304,16.029926],[-16.476191,16.029915],[-16.476091,16.029867],[-16.476053,16.029758],[-16.476039,16.029661],[-16.476001,16.029553],[-16.475938,16.029553],[-16.475864,16.02965],[-16.475827,16.029772],[-16.475804,16.029917],[-16.475805,16.030111],[-16.475794,16.030268],[-16.475769,16.030353],[-16.47567,16.030463],[-16.475533,16.030609],[-16.475397,16.030864],[-16.475361,16.031022],[-16.475263,16.031252],[-16.475276,16.031422],[-16.475315,16.031506],[-16.475341,16.031639],[-16.475291,16.0317],[-16.475204,16.031785],[-16.475104,16.031871],[-16.474968,16.031981],[-16.474843,16.032102],[-16.474707,16.032249],[-16.47457,16.032334],[-16.474345,16.032457],[-16.474204,16.032511],[-16.474069,16.032638],[-16.474041,16.032831],[-16.474087,16.033458],[-16.474031,16.033879],[-16.473961,16.034102],[-16.473937,16.034099],[-16.473771,16.034081],[-16.473748,16.034081],[-16.473563,16.034085],[-16.473328,16.034176],[-16.473236,16.034287],[-16.473052,16.034486],[-16.472885,16.034596],[-16.472862,16.034594],[-16.472595,16.034579],[-16.47258,16.03458],[-16.4723,16.034594],[-16.472119,16.034607],[-16.47212,16.034605]]]}},{"type":"Feature","properties":{"categorie":"Protection Naturel"},"geometry":{"type":"Polygon","coordinates":[[[-16.50199,15.948557],[-16.501937,15.948421],[-16.501529,15.94808],[-16.501273,15.94769],[-16.500983,15.9473],[-16.500963,15.946875],[-16.501028,15.946581],[-16.501144,15.946302],[-16.50143,15.946039],[-16.501664,15.945759],[-16.501848,15.94548],[-16.50203,15.945005],[-16.502138,15.945498],[-16.502126,15.945999],[-16.501951,15.94647],[-16.501759,15.946675],[-16.501583,15.946974],[-16.501779,15.947223],[-16.501958,15.947332],[-16.50225,15.947377],[-16.502688,15.947499],[-16.502981,15.94781],[-16.503081,15.948138],[-16.503084,15.948561],[-16.503039,15.949047],[-16.502978,15.94958],[-16.503127,15.949924],[-16.503293,15.950502],[-16.503313,15.95105],[-16.503317,15.951646],[-16.503614,15.952333],[-16.503697,15.952551],[-16.503715,15.952833],[-16.503668,15.9531],[-16.503492,15.953383],[-16.503494,15.953665],[-16.503414,15.953744],[-16.503204,15.953824],[-16.502946,15.953904],[-16.502817,15.953967],[-16.502818,15.954187],[-16.502918,15.954577],[-16.502985,15.954781],[-16.502987,15.955031],[-16.502761,15.955236],[-16.502731,15.95544],[-16.502667,15.955566],[-16.502472,15.95552],[-16.502408,15.955552],[-16.50241,15.95585],[-16.502348,15.956257],[-16.502351,15.956633],[-16.502336,15.956837],[-16.502129,15.957246],[-16.502128,15.957266],[-16.501861,15.957104],[-16.50167,15.956933],[-16.501569,15.956751],[-16.501601,15.956557],[-16.501643,15.95618],[-16.501583,15.955686],[-16.501525,15.955363],[-16.501366,15.954913],[-16.501218,15.95443],[-16.501159,15.954],[-16.501045,15.953613],[-16.501043,15.95328],[-16.50104,15.952946],[-16.501092,15.95243],[-16.501113,15.952279],[-16.501166,15.951913],[-16.501163,15.951472],[-16.501059,15.95101],[-16.501245,15.950525],[-16.50141,15.950298],[-16.501587,15.950157],[-16.501875,15.950079],[-16.502108,15.950035],[-16.502319,15.949969],[-16.502507,15.949774],[-16.502605,15.949536],[-16.502659,15.949288],[-16.50259,15.949095],[-16.502411,15.948871],[-16.50199,15.948557]]]}},{"type":"Feature","properties":{"categorie":"Protection Naturel"},"geometry":{"type":"Polygon","coordinates":[[[-16.500538,15.948229],[-16.500473,15.947728],[-16.500587,15.947849],[-16.500845,15.947964],[-16.500966,15.948136],[-16.501073,15.948328],[-16.501102,15.948398],[-16.501276,15.948523],[-16.501941,15.948799],[-16.502118,15.948885],[-16.502335,15.94909],[-16.502534,15.94933],[-16.502433,15.9496],[-16.502328,15.949658],[-16.502116,15.949696],[-16.501817,15.949781],[-16.501516,15.949858],[-16.501391,15.950032],[-16.501179,15.950152],[-16.500967,15.950335],[-16.500852,15.950517],[-16.500789,15.950686],[-16.500764,15.950905],[-16.500766,15.951148],[-16.500746,15.951304],[-16.500814,15.951398],[-16.500878,15.951571],[-16.500951,15.951716],[-16.500877,15.952098],[-16.500618,15.952924],[-16.500805,15.953735],[-16.5009,15.954316],[-16.500981,15.954796],[-16.501055,15.955214],[-16.501174,15.955638],[-16.5013,15.956075],[-16.501302,15.95635],[-16.501168,15.956526],[-16.501028,15.956622],[-16.500897,15.956772],[-16.500793,15.956641],[-16.500196,15.95589],[-16.50011,15.953159],[-16.500171,15.952511],[-16.500286,15.952018],[-16.500189,15.951446],[-16.500267,15.951053],[-16.500493,15.950309],[-16.500452,15.949479],[-16.500538,15.948229]]]}},{"type":"Feature","properties":{"categorie":"Protection Naturel"},"geometry":{"type":"Polygon","coordinates":[[[-16.460222,16.06538],[-16.459503,16.065248],[-16.460271,16.061807],[-16.457843,16.061261],[-16.456929,16.060604],[-16.456585,16.060228],[-16.458494,16.060344],[-16.459946,16.060124],[-16.461263,16.05995],[-16.461327,16.060799],[-16.462076,16.060707],[-16.462125,16.060852],[-16.463022,16.060973],[-16.463046,16.061001],[-16.46312,16.060994],[-16.463246,16.061083],[-16.463314,16.061298],[-16.463522,16.061528],[-16.463581,16.06172],[-16.463652,16.061862],[-16.463645,16.061927],[-16.463827,16.062522],[-16.463688,16.062799],[-16.463683,16.062887],[-16.463645,16.063032],[-16.463576,16.063022],[-16.463361,16.063448],[-16.463648,16.063608],[-16.463664,16.063658],[-16.464214,16.063999],[-16.464878,16.062922],[-16.467379,16.06011],[-16.467209,16.058868],[-16.467721,16.058465],[-16.467994,16.057551],[-16.46797,16.057168],[-16.4674,16.056951],[-16.466437,16.05692],[-16.466084,16.056811],[-16.465579,16.056165],[-16.465198,16.055756],[-16.464881,16.055174],[-16.46455,16.054741],[-16.464244,16.054411],[-16.464183,16.053794],[-16.464211,16.05322],[-16.463055,16.051502],[-16.462719,16.051115],[-16.462032,16.046764],[-16.462124,16.045157],[-16.462298,16.042152],[-16.462283,16.041791],[-16.462371,16.04179],[-16.462452,16.041631],[-16.462499,16.04136],[-16.46258,16.041153],[-16.46271,16.040994],[-16.462791,16.040803],[-16.462839,16.040628],[-16.46287,16.040389],[-16.462982,16.040039],[-16.463145,16.039831],[-16.463258,16.03964],[-16.463372,16.039417],[-16.463436,16.039178],[-16.463434,16.038908],[-16.463382,16.038591],[-16.463232,16.038306],[-16.463083,16.038117],[-16.463065,16.03791],[-16.463293,16.037623],[-16.463313,16.037601],[-16.466658,16.037114],[-16.467033,16.037023],[-16.467272,16.036919],[-16.467051,16.038025],[-16.467052,16.038044],[-16.467059,16.038174],[-16.467028,16.038325],[-16.467039,16.03861],[-16.467136,16.038782],[-16.467303,16.038937],[-16.467425,16.039036],[-16.467425,16.039036],[-16.467614,16.039034],[-16.467847,16.039024],[-16.467871,16.039023],[-16.468011,16.039125],[-16.468014,16.039127],[-16.468157,16.039114],[-16.468254,16.039063],[-16.468307,16.038929],[-16.468327,16.038849],[-16.468521,16.038752],[-16.468705,16.038718],[-16.468861,16.038616],[-16.469248,16.038353],[-16.469362,16.038314],[-16.46958,16.038307],[-16.469696,16.03829],[-16.469871,16.038154],[-16.469992,16.038034],[-16.470031,16.037865],[-16.470069,16.037697],[-16.4701,16.037685],[-16.470104,16.037684],[-16.470288,16.037696],[-16.470305,16.037697],[-16.470532,16.037659],[-16.470587,16.037539],[-16.470621,16.037434],[-16.470663,16.037244],[-16.470697,16.036942],[-16.47077,16.036793],[-16.471215,16.03646],[-16.471648,16.036204],[-16.471829,16.036064],[-16.471912,16.035779],[-16.47192,16.035396],[-16.471972,16.035166],[-16.472037,16.035043],[-16.472313,16.034929],[-16.472941,16.034891],[-16.4731,16.034839],[-16.473233,16.034761],[-16.473424,16.034522],[-16.47357,16.034357],[-16.473576,16.034351],[-16.473668,16.03438],[-16.474013,16.034409],[-16.474036,16.034411],[-16.474113,16.034335],[-16.474253,16.034084],[-16.474382,16.03339],[-16.474389,16.032716],[-16.475285,16.032065],[-16.475522,16.03176],[-16.475609,16.03152],[-16.475687,16.031175],[-16.475792,16.030906],[-16.476013,16.030745],[-16.476287,16.030576],[-16.476525,16.030371],[-16.476605,16.030044],[-16.476632,16.029888],[-16.476731,16.029874],[-16.476747,16.029872],[-16.477002,16.029938],[-16.477137,16.030079],[-16.477599,16.030612],[-16.477689,16.030738],[-16.477928,16.030779],[-16.478136,16.030944],[-16.478377,16.031264],[-16.47849,16.031494],[-16.478684,16.031784],[-16.47883,16.032019],[-16.478824,16.032483],[-16.478737,16.033023],[-16.47875,16.033258],[-16.478721,16.033888],[-16.47885,16.034302],[-16.478777,16.034772],[-16.478684,16.035489],[-16.478719,16.035868],[-16.478718,16.036297],[-16.47869,16.03721],[-16.478556,16.037881],[-16.478469,16.038385],[-16.478203,16.040265],[-16.478137,16.040822],[-16.477971,16.041771],[-16.47785,16.042189],[-16.477691,16.042409],[-16.477601,16.042511],[-16.477591,16.042706],[-16.47757,16.042821],[-16.477523,16.043052],[-16.477416,16.043202],[-16.47708,16.043403],[-16.476831,16.043657],[-16.476656,16.043809],[-16.476484,16.043891],[-16.476312,16.044164],[-16.476006,16.044721],[-16.475633,16.045181],[-16.475421,16.045384],[-16.475309,16.045443],[-16.475074,16.045483],[-16.475069,16.04548],[-16.47499,16.045435],[-16.47495,16.04537],[-16.474919,16.045294],[-16.474873,16.045211],[-16.474836,16.045159],[-16.474755,16.045108],[-16.474603,16.045047],[-16.47444,16.045037],[-16.474429,16.045038],[-16.474275,16.045052],[-16.474141,16.04508],[-16.47388,16.045104],[-16.473752,16.045156],[-16.473635,16.045208],[-16.473523,16.045258],[-16.473386,16.045305],[-16.473218,16.045328],[-16.473033,16.045337],[-16.472933,16.045384],[-16.472866,16.045449],[-16.472819,16.045517],[-16.472761,16.045634],[-16.47272,16.045762],[-16.472647,16.045833],[-16.472483,16.045899],[-16.472287,16.045987],[-16.472125,16.046053],[-16.471985,16.046127],[-16.471916,16.046204],[-16.47181,16.046213],[-16.471806,16.046211],[-16.471759,16.046191],[-16.471691,16.046146],[-16.471655,16.046108],[-16.471528,16.046],[-16.47148,16.045952],[-16.471325,16.045869],[-16.471199,16.045813],[-16.471092,16.045776],[-16.471044,16.045744],[-16.470943,16.045677],[-16.470878,16.045585],[-16.470863,16.045496],[-16.47082,16.045352],[-16.470813,16.045244],[-16.470708,16.045066],[-16.470699,16.044963],[-16.470722,16.044949],[-16.470814,16.044916],[-16.470912,16.044877],[-16.470987,16.044855],[-16.471096,16.044814],[-16.471155,16.044786],[-16.471289,16.044748],[-16.471351,16.044721],[-16.471353,16.04472],[-16.47142,16.044722],[-16.471545,16.044728],[-16.471566,16.044729],[-16.471642,16.04471],[-16.471675,16.044661],[-16.471666,16.044615],[-16.471626,16.04455],[-16.471581,16.044477],[-16.471516,16.044399],[-16.471504,16.044331],[-16.471526,16.044293],[-16.471551,16.044263],[-16.471616,16.044206],[-16.471646,16.044165],[-16.471744,16.044129],[-16.471788,16.044088],[-16.47183,16.044058],[-16.471878,16.044017],[-16.471925,16.043982],[-16.471969,16.043908],[-16.471949,16.043854],[-16.471907,16.043814],[-16.471851,16.043776],[-16.471833,16.043711],[-16.471839,16.043673],[-16.471897,16.043638],[-16.471922,16.043556],[-16.471921,16.04347],[-16.471943,16.043432],[-16.471982,16.043415],[-16.471999,16.043391],[-16.471993,16.043342],[-16.471973,16.043307],[-16.471953,16.043277],[-16.471929,16.043279],[-16.471911,16.04328],[-16.471875,16.043307],[-16.471819,16.043348],[-16.471822,16.04337],[-16.471853,16.043389],[-16.471876,16.043419],[-16.471876,16.043454],[-16.471876,16.043486],[-16.471874,16.043532],[-16.471866,16.043573],[-16.471838,16.043603],[-16.471782,16.043628],[-16.471769,16.043677],[-16.471788,16.043709],[-16.471808,16.043763],[-16.471848,16.043841],[-16.471913,16.043892],[-16.47191,16.043914],[-16.471869,16.043944],[-16.471821,16.043958],[-16.471771,16.043983],[-16.471737,16.044024],[-16.471718,16.04407],[-16.47166,16.0441],[-16.471612,16.044106],[-16.471581,16.044141],[-16.471551,16.044179],[-16.471501,16.044212],[-16.471448,16.044229],[-16.471411,16.044237],[-16.471375,16.044259],[-16.471361,16.044284],[-16.47137,16.044332],[-16.471398,16.044357],[-16.471432,16.044383],[-16.471455,16.044456],[-16.471486,16.044519],[-16.471543,16.04457],[-16.471582,16.044591],[-16.471602,16.044607],[-16.471613,16.044648],[-16.471594,16.044672],[-16.471571,16.044675],[-16.471555,16.044674],[-16.471526,16.044673],[-16.471482,16.044654],[-16.471439,16.044633],[-16.471389,16.04463],[-16.471378,16.044631],[-16.47135,16.044633],[-16.471313,16.044655],[-16.471249,16.044685],[-16.47121,16.044694],[-16.47116,16.04471],[-16.471093,16.044743],[-16.47104,16.044768],[-16.471012,16.044777],[-16.470945,16.044788],[-16.470864,16.044821],[-16.470805,16.044854],[-16.470763,16.044873],[-16.470742,16.044871],[-16.470707,16.044868],[-16.470623,16.044825],[-16.470558,16.044812],[-16.470496,16.044788],[-16.470401,16.044756],[-16.47033,16.044722],[-16.470243,16.044698],[-16.470145,16.044666],[-16.470064,16.044648],[-16.470038,16.044648],[-16.469994,16.044648],[-16.469929,16.044662],[-16.469859,16.044673],[-16.46984,16.044673],[-16.46975,16.044669],[-16.469725,16.044669],[-16.469674,16.044669],[-16.469649,16.044669],[-16.469562,16.04467],[-16.469453,16.044701],[-16.469322,16.044718],[-16.469313,16.044716],[-16.469153,16.044681],[-16.468942,16.044558],[-16.468855,16.044455],[-16.468748,16.044369],[-16.46863,16.04433],[-16.468604,16.04433],[-16.468523,16.04433],[-16.468456,16.044352],[-16.468381,16.044402],[-16.468356,16.044497],[-16.468388,16.044589],[-16.46845,16.044637],[-16.468498,16.04471],[-16.468498,16.04474],[-16.468425,16.044762],[-16.468327,16.044784],[-16.468271,16.044787],[-16.468233,16.044823],[-16.468211,16.044893],[-16.468211,16.044983],[-16.468206,16.045059],[-16.46817,16.045089],[-16.468147,16.045087],[-16.468069,16.045081],[-16.46803,16.045068],[-16.467934,16.045028],[-16.467825,16.04498],[-16.467796,16.044964],[-16.467784,16.044971],[-16.467735,16.044999],[-16.467673,16.045008],[-16.467655,16.045007],[-16.467617,16.045006],[-16.467617,16.045007],[-16.467587,16.045071],[-16.467554,16.045106],[-16.467529,16.045107],[-16.4675,16.045107],[-16.46743,16.045088],[-16.46742,16.045092],[-16.467397,16.045102],[-16.46731,16.045151],[-16.467218,16.045214],[-16.46714,16.045293],[-16.467046,16.045351],[-16.467047,16.045373],[-16.467049,16.045386],[-16.467096,16.045359],[-16.467149,16.045337],[-16.467196,16.045296],[-16.467261,16.045249],[-16.467327,16.045192],[-16.4674,16.045145],[-16.467449,16.045139],[-16.467467,16.045137],[-16.46753,16.045154],[-16.467543,16.045158],[-16.46759,16.045144],[-16.467618,16.045103],[-16.467654,16.04506],[-16.467721,16.045048],[-16.467763,16.045035],[-16.467801,16.045016],[-16.467814,16.04501],[-16.467875,16.045039],[-16.467926,16.045079],[-16.467982,16.04509],[-16.46803,16.045095],[-16.4681,16.045138],[-16.468144,16.045139],[-16.468165,16.04514],[-16.468235,16.045126],[-16.468268,16.045066],[-16.468305,16.045027],[-16.46831,16.045023],[-16.468385,16.045038],[-16.468458,16.04507],[-16.468512,16.045124],[-16.468574,16.045183],[-16.4686,16.045235],[-16.468592,16.045308],[-16.468567,16.045357],[-16.468522,16.045379],[-16.468452,16.045398],[-16.468354,16.04541],[-16.468324,16.045459],[-16.468357,16.045484],[-16.468366,16.045491],[-16.468391,16.04548],[-16.468433,16.04545],[-16.468472,16.04543],[-16.468481,16.045425],[-16.46852,16.045436],[-16.468538,16.045468],[-16.46854,16.045471],[-16.468565,16.045468],[-16.46859,16.045416],[-16.468618,16.045375],[-16.468656,16.045318],[-16.468656,16.045272],[-16.468644,16.045207],[-16.468582,16.045137],[-16.46852,16.045078],[-16.468481,16.045043],[-16.468329,16.044985],[-16.468295,16.044977],[-16.46827,16.044974],[-16.468253,16.044912],[-16.468283,16.044868],[-16.468336,16.044846],[-16.468381,16.044832],[-16.468445,16.044819],[-16.468507,16.04481],[-16.468546,16.044764],[-16.468548,16.044709],[-16.468539,16.04465],[-16.468517,16.044582],[-16.46848,16.044531],[-16.468454,16.044474],[-16.468501,16.044431],[-16.468563,16.044406],[-16.468616,16.044392],[-16.468652,16.044392],[-16.468678,16.044392],[-16.468725,16.044418],[-16.468773,16.044456],[-16.468869,16.044566],[-16.468963,16.044666],[-16.469087,16.044752],[-16.469241,16.044805],[-16.469359,16.044814],[-16.469375,16.044815],[-16.469476,16.0448],[-16.469565,16.044767],[-16.469719,16.04474],[-16.469852,16.044726],[-16.469857,16.044725],[-16.470029,16.044728],[-16.470164,16.044763],[-16.470328,16.044801],[-16.470452,16.044844],[-16.470557,16.044905],[-16.470591,16.044984],[-16.47066,16.045157],[-16.47072,16.045251],[-16.47074,16.045334],[-16.470763,16.045424],[-16.470764,16.045539],[-16.470772,16.045604],[-16.470806,16.045684],[-16.470892,16.045788],[-16.471046,16.045888],[-16.471122,16.045927],[-16.471216,16.046021],[-16.471302,16.0461],[-16.471359,16.046143],[-16.471434,16.046185],[-16.47155,16.046257],[-16.471651,16.046285],[-16.471726,16.046324],[-16.471818,16.046363],[-16.47182,16.046364],[-16.471955,16.046359],[-16.47207,16.046326],[-16.472186,16.046278],[-16.472297,16.046172],[-16.472349,16.046107],[-16.472378,16.046052],[-16.472453,16.046034],[-16.472565,16.04599],[-16.472691,16.045917],[-16.472754,16.045847],[-16.472836,16.045749],[-16.472888,16.045641],[-16.472894,16.045561],[-16.472939,16.045521],[-16.472984,16.045492],[-16.473015,16.045487],[-16.473032,16.045484],[-16.473101,16.045507],[-16.473107,16.045509],[-16.473182,16.045501],[-16.473288,16.045473],[-16.473294,16.045471],[-16.473383,16.045478],[-16.473467,16.045477],[-16.473492,16.045477],[-16.473716,16.04545],[-16.473854,16.045428],[-16.473992,16.04538],[-16.474164,16.045324],[-16.474279,16.045269],[-16.474402,16.045196],[-16.474521,16.045188],[-16.474642,16.045187],[-16.474667,16.045187],[-16.474705,16.045198],[-16.474769,16.045252],[-16.474795,16.045306],[-16.474811,16.045389],[-16.474823,16.045475],[-16.474831,16.045537],[-16.474853,16.045587],[-16.474917,16.045645],[-16.474993,16.045742],[-16.474987,16.045868],[-16.474941,16.04592],[-16.474881,16.046171],[-16.474698,16.046572],[-16.474615,16.046672],[-16.474621,16.046635],[-16.474672,16.046317],[-16.474571,16.046069],[-16.474451,16.045859],[-16.474242,16.045708],[-16.473876,16.04571],[-16.47354,16.045751],[-16.473195,16.045878],[-16.473018,16.046022],[-16.472811,16.046215],[-16.472486,16.04637],[-16.472101,16.046507],[-16.471756,16.046586],[-16.47146,16.046674],[-16.471392,16.046923],[-16.471296,16.047268],[-16.471181,16.047776],[-16.471147,16.048522],[-16.471022,16.049058],[-16.470995,16.049451],[-16.471001,16.050283],[-16.471043,16.050608],[-16.471136,16.051143],[-16.471259,16.051706],[-16.471469,16.052011],[-16.471618,16.052048],[-16.471923,16.051884],[-16.472129,16.051633],[-16.472374,16.051297],[-16.47256,16.05099],[-16.472757,16.050608],[-16.472774,16.050575],[-16.472846,16.050854],[-16.473165,16.051369],[-16.473502,16.052905],[-16.47379,16.053635],[-16.474075,16.054601],[-16.4743,16.055605],[-16.474284,16.056371],[-16.473728,16.058646],[-16.473555,16.058752],[-16.473264,16.059024],[-16.472998,16.059125],[-16.472343,16.059417],[-16.471827,16.05972],[-16.471266,16.060283],[-16.470926,16.060846],[-16.47084,16.061469],[-16.470859,16.061776],[-16.470327,16.062138],[-16.469132,16.062596],[-16.469111,16.062595],[-16.468899,16.06258],[-16.468881,16.062581],[-16.468551,16.062594],[-16.468262,16.062738],[-16.467752,16.063057],[-16.467085,16.063484],[-16.466696,16.063728],[-16.466144,16.063897],[-16.466186,16.063849],[-16.465997,16.063759],[-16.46584,16.063707],[-16.465809,16.063775],[-16.465621,16.063747],[-16.465564,16.063625],[-16.465494,16.063626],[-16.465337,16.063619],[-16.465258,16.063468],[-16.46514,16.063477],[-16.465141,16.063644],[-16.464976,16.063637],[-16.464866,16.063607],[-16.464961,16.063766],[-16.465032,16.063833],[-16.465096,16.063916],[-16.465189,16.063832],[-16.465267,16.063711],[-16.465401,16.063793],[-16.465418,16.06393],[-16.465457,16.064013],[-16.465583,16.064019],[-16.465693,16.064026],[-16.46574,16.063996],[-16.465873,16.063919],[-16.46591,16.063968],[-16.464985,16.06425],[-16.46437,16.064593],[-16.463305,16.065157],[-16.463281,16.065157],[-16.462504,16.065153],[-16.462079,16.065151],[-16.461471,16.065115],[-16.461466,16.065116],[-16.461146,16.0652],[-16.461009,16.065273],[-16.460782,16.065342],[-16.46078,16.065297],[-16.460613,16.065341],[-16.460222,16.06538]]]}},{"type":"Feature","properties":{"categorie":"Protection Naturel"},"geometry":{"type":"Polygon","coordinates":[[[-16.501542,15.942006],[-16.501222,15.941996],[-16.50113,15.942086],[-16.501126,15.941613],[-16.501243,15.941367],[-16.501308,15.941023],[-16.501305,15.940582],[-16.501149,15.940077],[-16.500963,15.940045],[-16.500928,15.939866],[-16.501092,15.939227],[-16.501138,15.938655],[-16.501217,15.937887],[-16.5014,15.937526],[-16.50155,15.937198],[-16.501773,15.937103],[-16.501785,15.937098],[-16.502005,15.937179],[-16.50216,15.937537],[-16.502213,15.937847],[-16.502149,15.938321],[-16.502085,15.938861],[-16.502058,15.93976],[-16.50225,15.94051],[-16.50237,15.940851],[-16.502457,15.941097],[-16.502631,15.941766],[-16.502685,15.942304],[-16.502823,15.942598],[-16.502795,15.942681],[-16.502575,15.942601],[-16.502381,15.942509],[-16.502149,15.942343],[-16.502033,15.94227],[-16.50182,15.942103],[-16.501684,15.942011],[-16.501542,15.942006]]]}},{"type":"Feature","properties":{"categorie":"Protection Naturel"},"geometry":{"type":"Polygon","coordinates":[[[-16.396282,15.985015],[-16.396601,15.984771],[-16.396983,15.984563],[-16.397512,15.984339],[-16.397879,15.984218],[-16.39809,15.984169],[-16.39871,15.98411],[-16.399209,15.984146],[-16.39956,15.984223],[-16.400101,15.984535],[-16.400626,15.984863],[-16.401003,15.985137],[-16.401423,15.985577],[-16.401727,15.985898],[-16.402105,15.986196],[-16.402285,15.986329],[-16.402653,15.986445],[-16.403691,15.986502],[-16.404042,15.986523],[-16.404475,15.986575],[-16.405121,15.986698],[-16.40566,15.986812],[-16.406233,15.986959],[-16.406789,15.987152],[-16.406903,15.987217],[-16.40733,15.987481],[-16.407798,15.987888],[-16.408177,15.988288],[-16.408009,15.988453],[-16.407902,15.988272],[-16.407654,15.987967],[-16.407278,15.987698],[-16.406754,15.987462],[-16.406264,15.987428],[-16.406249,15.987429],[-16.405842,15.987455],[-16.40551,15.987499],[-16.405503,15.987497],[-16.405287,15.987435],[-16.405108,15.987356],[-16.404913,15.987199],[-16.404522,15.987176],[-16.404158,15.987118],[-16.403617,15.98695],[-16.402946,15.986849],[-16.402469,15.986751],[-16.402171,15.986576],[-16.401845,15.986322],[-16.401617,15.986037],[-16.401257,15.985582],[-16.400912,15.985307],[-16.400583,15.985038],[-16.400079,15.984704],[-16.399633,15.984491],[-16.399405,15.984397],[-16.399036,15.984363],[-16.399025,15.984364],[-16.398141,15.984479],[-16.397788,15.984541],[-16.397376,15.98472],[-16.396945,15.984924],[-16.396223,15.985517],[-16.39595,15.985773],[-16.395764,15.985886],[-16.395543,15.985981],[-16.395227,15.986167],[-16.394899,15.986325],[-16.394264,15.986683],[-16.393413,15.987021],[-16.393341,15.987063],[-16.393101,15.987276],[-16.392782,15.987401],[-16.39276,15.9874],[-16.392425,15.987388],[-16.391993,15.987348],[-16.391873,15.987245],[-16.391681,15.986802],[-16.391674,15.986376],[-16.391788,15.985778],[-16.391991,15.985342],[-16.392099,15.984754],[-16.392168,15.984506],[-16.392219,15.98494],[-16.39205,15.985568],[-16.391905,15.986313],[-16.391945,15.986772],[-16.392067,15.986917],[-16.392331,15.986966],[-16.392821,15.986919],[-16.393264,15.986778],[-16.393851,15.986548],[-16.394445,15.98634],[-16.394917,15.986046],[-16.395629,15.985472],[-16.396282,15.985015]]]}},{"type":"Feature","properties":{"categorie":"Protection Naturel"},"geometry":{"type":"Polygon","coordinates":[[[-16.385661,15.985938],[-16.385657,15.985353],[-16.385765,15.98462],[-16.386027,15.984106],[-16.386423,15.983717],[-16.386189,15.984142],[-16.385993,15.984767],[-16.385869,15.985298],[-16.385919,15.985885],[-16.385995,15.986392],[-16.386139,15.987071],[-16.386455,15.987503],[-16.386757,15.987898],[-16.387242,15.988158],[-16.387886,15.988661],[-16.3883,15.988971],[-16.388528,15.989347],[-16.38861,15.989746],[-16.388564,15.989853],[-16.388141,15.99001],[-16.38791,15.990046],[-16.387901,15.990043],[-16.387343,15.989905],[-16.386954,15.989698],[-16.386581,15.989497],[-16.386209,15.989204],[-16.38592,15.988936],[-16.384864,15.988223],[-16.384187,15.98771],[-16.3831,15.986848],[-16.382612,15.986491],[-16.382271,15.986343],[-16.381759,15.98618],[-16.381443,15.986131],[-16.381142,15.986061],[-16.380838,15.986011],[-16.380721,15.985929],[-16.380472,15.985804],[-16.380151,15.985777],[-16.380014,15.98573],[-16.379736,15.985607],[-16.379346,15.985467],[-16.37892,15.985362],[-16.37865,15.985334],[-16.378648,15.985184],[-16.379073,15.985139],[-16.37947,15.985173],[-16.37984,15.985366],[-16.380059,15.98548],[-16.380381,15.985624],[-16.380761,15.985732],[-16.381121,15.985857],[-16.381367,15.985947],[-16.382049,15.986108],[-16.382315,15.986179],[-16.382713,15.986341],[-16.383016,15.986449],[-16.383245,15.986631],[-16.383586,15.98672],[-16.383965,15.986919],[-16.384233,15.987265],[-16.384423,15.987483],[-16.384841,15.987718],[-16.38524,15.987972],[-16.38525,15.987979],[-16.385544,15.988189],[-16.385811,15.988425],[-16.386211,15.988862],[-16.386667,15.989207],[-16.387142,15.98946],[-16.387597,15.989676],[-16.387919,15.989674],[-16.387918,15.989565],[-16.38786,15.989382],[-16.387669,15.989164],[-16.387384,15.988964],[-16.387156,15.988801],[-16.386926,15.9884],[-16.386868,15.988181],[-16.386698,15.988182],[-16.386716,15.988017],[-16.386355,15.987818],[-16.386032,15.987564],[-16.385954,15.987272],[-16.385895,15.986925],[-16.38576,15.986651],[-16.385661,15.985938]]]}},{"type":"Feature","properties":{"categorie":"Protection Naturel"},"geometry":{"type":"Polygon","coordinates":[[[-16.356804,16.017368],[-16.356689,16.01756],[-16.356682,16.017544],[-16.356383,16.017349],[-16.356309,16.017193],[-16.35631,16.016825],[-16.356469,16.016589],[-16.356725,16.016381],[-16.357019,16.016023],[-16.357679,16.015257],[-16.358012,16.014804],[-16.358211,16.014593],[-16.358581,16.01434],[-16.358992,16.01419],[-16.359583,16.013959],[-16.360133,16.013624],[-16.360618,16.01328],[-16.360971,16.01302],[-16.361425,16.012737],[-16.361758,16.01251],[-16.362158,16.012128],[-16.362502,16.011698],[-16.362906,16.011011],[-16.363234,16.01045],[-16.363488,16.009959],[-16.363746,16.008156],[-16.36389,16.007631],[-16.364187,16.006972],[-16.364206,16.006719],[-16.364238,16.006556],[-16.364432,16.006204],[-16.364563,16.006041],[-16.364592,16.005833],[-16.364634,16.005586],[-16.364827,16.005352],[-16.365085,16.005127],[-16.365241,16.004937],[-16.365533,16.004595],[-16.365808,16.004365],[-16.366285,16.00419],[-16.367081,16.003839],[-16.367478,16.003626],[-16.367855,16.003351],[-16.368319,16.002989],[-16.368627,16.002693],[-16.368886,16.002423],[-16.369075,16.002064],[-16.369426,16.001386],[-16.369704,16.000862],[-16.369888,16.000486],[-16.370052,16.000036],[-16.370195,15.999647],[-16.370261,15.999512],[-16.370349,15.999438],[-16.37044,15.999324],[-16.370608,15.998966],[-16.370637,15.99875],[-16.370786,15.998398],[-16.370959,15.998088],[-16.371149,15.997827],[-16.371238,15.997558],[-16.371347,15.99729],[-16.371499,15.997114],[-16.371683,15.996943],[-16.371891,15.996788],[-16.371999,15.996619],[-16.372195,15.996391],[-16.37239,15.996141],[-16.372519,15.995903],[-16.37273,15.995553],[-16.372919,15.995301],[-16.373275,15.994791],[-16.373508,15.994468],[-16.373702,15.994207],[-16.373908,15.993937],[-16.374061,15.993543],[-16.374186,15.993219],[-16.374175,15.993015],[-16.374121,15.992774],[-16.374128,15.992464],[-16.374217,15.992053],[-16.374345,15.991615],[-16.374392,15.991113],[-16.374521,15.990518],[-16.374559,15.990086],[-16.374587,15.989541],[-16.374641,15.989118],[-16.374675,15.98877],[-16.374769,15.988606],[-16.375028,15.988369],[-16.37522,15.988185],[-16.375409,15.988009],[-16.375715,15.987764],[-16.375984,15.987531],[-16.376287,15.987295],[-16.376607,15.987045],[-16.377113,15.986727],[-16.377563,15.986359],[-16.378394,15.986073],[-16.378814,15.986024],[-16.378829,15.986022],[-16.380027,15.986237],[-16.380834,15.986535],[-16.381844,15.986902],[-16.382834,15.987355],[-16.383731,15.98781],[-16.384177,15.988182],[-16.384632,15.988737],[-16.385027,15.989263],[-16.385366,15.989546],[-16.38644,15.990172],[-16.387128,15.990569],[-16.387675,15.99061],[-16.387905,15.990711],[-16.388098,15.990892],[-16.388101,15.990895],[-16.388518,15.990838],[-16.387865,15.991236],[-16.387131,15.991372],[-16.387084,15.99138],[-16.387009,15.991471],[-16.38668,15.991867],[-16.38658,15.992116],[-16.386583,15.992122],[-16.386357,15.992243],[-16.386204,15.992558],[-16.385966,15.992806],[-16.385643,15.99304],[-16.385264,15.993302],[-16.384941,15.993618],[-16.384732,15.993974],[-16.384734,15.994288],[-16.38475,15.994575],[-16.385077,15.994928],[-16.385319,15.995145],[-16.385674,15.995525],[-16.386086,15.995932],[-16.386823,15.996241],[-16.387261,15.996334],[-16.387825,15.99633],[-16.388122,15.996342],[-16.388716,15.99657],[-16.389156,15.996854],[-16.389355,15.997099],[-16.389541,15.997452],[-16.389756,15.997874],[-16.389772,15.998229],[-16.389647,15.998408],[-16.38945,15.998545],[-16.389225,15.998683],[-16.389098,15.998725],[-16.388831,15.99885],[-16.388678,15.999035],[-16.388649,15.999069],[-16.388509,15.999289],[-16.38837,15.999549],[-16.388343,15.999727],[-16.388429,15.999917],[-16.388585,16.000067],[-16.388648,16.00015],[-16.38857,16.000151],[-16.388028,16.000139],[-16.387996,16.00002],[-16.388239,15.999299],[-16.388396,15.999025],[-16.388647,15.998587],[-16.388716,15.998523],[-16.388672,15.998277],[-16.388585,15.997977],[-16.3883,15.997556],[-16.388057,15.997175],[-16.387929,15.99704],[-16.387801,15.996931],[-16.387222,15.996853],[-16.386799,15.996897],[-16.386318,15.996831],[-16.386021,15.996683],[-16.385482,15.996318],[-16.385028,15.99598],[-16.384743,15.995654],[-16.384629,15.995491],[-16.384441,15.995258],[-16.384245,15.995015],[-16.383931,15.99458],[-16.383817,15.994308],[-16.383899,15.994034],[-16.384024,15.993692],[-16.384122,15.993555],[-16.384304,15.993294],[-16.384555,15.992965],[-16.38478,15.992759],[-16.384907,15.992703],[-16.385006,15.99267],[-16.385076,15.992648],[-16.385399,15.992427],[-16.385595,15.992166],[-16.385734,15.991906],[-16.385752,15.991696],[-16.38576,15.991605],[-16.385702,15.991387],[-16.385486,15.991026],[-16.38544,15.991017],[-16.385437,15.991007],[-16.384303,15.99082],[-16.384112,15.990958],[-16.383912,15.990945],[-16.383612,15.990947],[-16.383347,15.990966],[-16.383189,15.991103],[-16.382997,15.991326],[-16.38275,15.991413],[-16.382362,15.99145],[-16.382222,15.991502],[-16.382221,15.991382],[-16.382308,15.99128],[-16.382501,15.991142],[-16.382642,15.991004],[-16.382746,15.990782],[-16.38271,15.990662],[-16.382357,15.990665],[-16.381775,15.990771],[-16.381684,15.990328],[-16.38169,15.990199],[-16.381447,15.989308],[-16.381313,15.988619],[-16.381346,15.987607],[-16.380707,15.987413],[-16.379808,15.98727],[-16.378186,15.987585],[-16.377126,15.987755],[-16.376209,15.988212],[-16.375317,15.988698],[-16.375049,15.989187],[-16.374924,15.989812],[-16.374776,15.99075],[-16.374835,15.991836],[-16.374853,15.992573],[-16.374857,15.993198],[-16.374743,15.993536],[-16.374525,15.993915],[-16.374411,15.994113],[-16.373848,15.994891],[-16.373169,15.995607],[-16.372594,15.996498],[-16.371774,15.997396],[-16.371691,15.997344],[-16.370748,15.999073],[-16.370153,16.000554],[-16.369904,16.000807],[-16.369814,16.001286],[-16.369627,16.001604],[-16.369381,16.002226],[-16.369437,16.002239],[-16.369169,16.002712],[-16.369138,16.00275],[-16.369117,16.002749],[-16.369104,16.002767],[-16.368968,16.002951],[-16.368177,16.003907],[-16.367231,16.004394],[-16.365951,16.004951],[-16.365067,16.005885],[-16.364314,16.007501],[-16.364253,16.007904],[-16.364006,16.009047],[-16.36366,16.010795],[-16.363305,16.011368],[-16.363014,16.011963],[-16.362486,16.012604],[-16.362072,16.012998],[-16.361416,16.013506],[-16.360806,16.013868],[-16.359618,16.014412],[-16.358787,16.014832],[-16.358178,16.015451],[-16.357284,16.016564],[-16.35693,16.017156],[-16.356695,16.017033],[-16.356566,16.017225],[-16.356804,16.017368]]]}},{"type":"Feature","properties":{"categorie":"Protection Naturel"},"geometry":{"type":"Polygon","coordinates":[[[-16.497673,15.957889],[-16.497948,15.957653],[-16.498097,15.957483],[-16.498256,15.956986],[-16.498315,15.95661],[-16.498312,15.95615],[-16.498271,15.955751],[-16.498329,15.955146],[-16.498413,15.954601],[-16.49842,15.953923],[-16.498416,15.953294],[-16.49831,15.952532],[-16.498217,15.951771],[-16.498214,15.951408],[-16.498311,15.950996],[-16.49817,15.950513],[-16.49793,15.950224],[-16.497589,15.949815],[-16.4973,15.949539],[-16.496948,15.949287],[-16.496721,15.949071],[-16.496669,15.948877],[-16.496781,15.948707],[-16.496791,15.948356],[-16.496602,15.948152],[-16.496425,15.94796],[-16.496248,15.947755],[-16.496221,15.947392],[-16.496281,15.947114],[-16.496265,15.946666],[-16.495999,15.946135],[-16.495845,15.945604],[-16.495638,15.944734],[-16.495595,15.943972],[-16.495686,15.94281],[-16.495721,15.942422],[-16.495986,15.941077],[-16.496587,15.939464],[-16.496793,15.938531],[-16.496976,15.937937],[-16.497036,15.937561],[-16.497439,15.936276],[-16.497669,15.935258],[-16.497714,15.934568],[-16.497773,15.933892],[-16.498005,15.934359],[-16.498054,15.934614],[-16.498021,15.93519],[-16.498002,15.935303],[-16.498428,15.935583],[-16.498404,15.935811],[-16.498425,15.93583],[-16.498402,15.935854],[-16.498324,15.93602],[-16.498391,15.936146],[-16.498563,15.936272],[-16.498852,15.936346],[-16.498998,15.936498],[-16.498986,15.936701],[-16.498843,15.936855],[-16.498752,15.937059],[-16.498702,15.937338],[-16.498755,15.93744],[-16.498859,15.93735],[-16.498965,15.937375],[-16.498991,15.937425],[-16.498927,15.937565],[-16.49898,15.937667],[-16.499059,15.937692],[-16.499165,15.937767],[-16.499178,15.937856],[-16.499126,15.937882],[-16.499008,15.937908],[-16.498876,15.937871],[-16.498731,15.937796],[-16.498507,15.937632],[-16.498256,15.937481],[-16.498058,15.937241],[-16.497846,15.937027],[-16.497647,15.936812],[-16.497561,15.936882],[-16.497469,15.937121],[-16.497323,15.937496],[-16.497214,15.937882],[-16.497096,15.938444],[-16.497078,15.938939],[-16.497364,15.939047],[-16.497376,15.939088],[-16.497481,15.939151],[-16.49756,15.939239],[-16.497588,15.939404],[-16.497589,15.939595],[-16.497603,15.939626],[-16.497581,15.939686],[-16.497616,15.940232],[-16.497588,15.940657],[-16.497402,15.940992],[-16.497061,15.941449],[-16.496906,15.941784],[-16.496784,15.942149],[-16.496786,15.942391],[-16.49685,15.942573],[-16.497101,15.942602],[-16.497446,15.942599],[-16.498543,15.942561],[-16.498918,15.942437],[-16.499141,15.94286],[-16.499332,15.943284],[-16.499429,15.943617],[-16.499527,15.944223],[-16.499593,15.944617],[-16.499533,15.944981],[-16.499275,15.945225],[-16.498955,15.945015],[-16.498597,15.944882],[-16.498049,15.944909],[-16.49769,15.944979],[-16.496997,15.945319],[-16.496903,15.945481],[-16.496889,15.945618],[-16.496989,15.945777],[-16.497145,15.945826],[-16.497366,15.945759],[-16.49797,15.945646],[-16.498405,15.945737],[-16.49868,15.945934],[-16.498822,15.946089],[-16.498963,15.946704],[-16.499011,15.947021],[-16.498646,15.946885],[-16.498388,15.946685],[-16.498104,15.94659],[-16.497799,15.946697],[-16.49757,15.946824],[-16.497302,15.947089],[-16.49701,15.947207],[-16.496534,15.9473],[-16.496542,15.947688],[-16.496845,15.948073],[-16.497176,15.948331],[-16.497233,15.948407],[-16.497401,15.948516],[-16.497558,15.948759],[-16.497676,15.948964],[-16.497742,15.949157],[-16.497723,15.949283],[-16.49766,15.949427],[-16.497563,15.949585],[-16.497694,15.949701],[-16.498028,15.94986],[-16.498258,15.950076],[-16.498548,15.950535],[-16.498607,15.95084],[-16.498565,15.95125],[-16.498481,15.951806],[-16.498435,15.952426],[-16.498501,15.952677],[-16.498605,15.953111],[-16.498607,15.95365],[-16.498582,15.954798],[-16.498503,15.955449],[-16.49853,15.956385],[-16.498614,15.956891],[-16.498749,15.957205],[-16.498762,15.957235],[-16.498812,15.957533],[-16.498862,15.957934],[-16.498748,15.95852],[-16.498679,15.958773],[-16.498608,15.9589],[-16.498514,15.958958],[-16.498372,15.959039],[-16.49822,15.959293],[-16.498011,15.959891],[-16.497802,15.960558],[-16.497544,15.960985],[-16.497344,15.961193],[-16.497239,15.961366],[-16.497242,15.961779],[-16.497328,15.962238],[-16.497307,15.962639],[-16.497167,15.962893],[-16.497097,15.963111],[-16.497051,15.963307],[-16.497135,15.963456],[-16.497293,15.963609],[-16.497294,15.96361],[-16.497172,15.963616],[-16.497169,15.963615],[-16.496839,15.963538],[-16.496483,15.963483],[-16.496114,15.963325],[-16.495911,15.96312],[-16.495789,15.96273],[-16.495869,15.962317],[-16.495974,15.962086],[-16.496163,15.961936],[-16.496518,15.961727],[-16.496847,15.961403],[-16.497212,15.960918],[-16.497593,15.960475],[-16.497703,15.959695],[-16.497587,15.959306],[-16.497314,15.958757],[-16.497292,15.958291],[-16.497313,15.958101],[-16.497551,15.957914],[-16.497673,15.957889]]]}},{"type":"Feature","properties":{"categorie":"Protection Naturel"},"geometry":{"type":"Polygon","coordinates":[[[-16.491648,15.932207],[-16.491792,15.932443],[-16.491749,15.932516],[-16.491748,15.932505],[-16.491726,15.932459],[-16.491681,15.932398],[-16.49168,15.932341],[-16.491665,15.932305],[-16.491665,15.932258],[-16.49165,15.93223],[-16.491648,15.932207]]]}},{"type":"Feature","properties":{"categorie":"Protection Naturel"},"geometry":{"type":"Polygon","coordinates":[[[-16.491217,15.920997],[-16.491182,15.920973],[-16.491141,15.920873],[-16.491065,15.920812],[-16.490932,15.9207],[-16.49083,15.92058],[-16.490744,15.920498],[-16.490681,15.920408],[-16.490657,15.920295],[-16.490656,15.920152],[-16.490709,15.920031],[-16.49091,15.919857],[-16.491034,15.919728],[-16.491135,15.91969],[-16.49122,15.919614],[-16.491242,15.919478],[-16.491259,15.91944],[-16.491258,15.91944],[-16.491303,15.91935],[-16.491341,15.919199],[-16.491371,15.919018],[-16.49137,15.918898],[-16.491368,15.918665],[-16.49136,15.918582],[-16.491374,15.918446],[-16.491405,15.918363],[-16.49149,15.91828],[-16.491582,15.918159],[-16.491643,15.918046],[-16.491674,15.917948],[-16.491674,15.917902],[-16.491673,15.917805],[-16.491672,15.917722],[-16.491664,15.917632],[-16.491694,15.917556],[-16.491693,15.917443],[-16.491685,15.917338],[-16.491653,15.917285],[-16.491614,15.917226],[-16.491582,15.917151],[-16.491597,15.917015],[-16.491605,15.916992],[-16.491659,15.916932],[-16.491635,15.916887],[-16.491635,15.916834],[-16.491665,15.916751],[-16.491602,15.916586],[-16.491468,15.916339],[-16.491381,15.916189],[-16.49138,15.916076],[-16.49141,15.915978],[-16.491449,15.915872],[-16.491479,15.915827],[-16.491564,15.915743],[-16.491672,15.915645],[-16.49171,15.915502],[-16.491741,15.915403],[-16.491779,15.91529],[-16.49184,15.915154],[-16.491838,15.914951],[-16.491861,15.914793],[-16.491859,15.914635],[-16.491834,15.914379],[-16.491818,15.914244],[-16.491777,15.914056],[-16.491714,15.913914],[-16.491667,15.913816],[-16.491611,15.913658],[-16.491634,15.91356],[-16.491703,15.913507],[-16.491766,15.913507],[-16.491828,15.913552],[-16.491891,15.913626],[-16.491977,15.913656],[-16.492062,15.91367],[-16.492171,15.913655],[-16.492233,15.913624],[-16.492303,15.913563],[-16.492333,15.91351],[-16.492348,15.91345],[-16.492317,15.913443],[-16.492279,15.913496],[-16.492225,15.913556],[-16.492124,15.913595],[-16.492054,15.913588],[-16.491984,15.913596],[-16.49189,15.913529],[-16.491835,15.913469],[-16.49178,15.913386],[-16.491717,15.913293],[-16.491662,15.913173],[-16.491429,15.913242],[-16.491407,15.913355],[-16.491368,15.913385],[-16.49129,15.913401],[-16.491221,15.913462],[-16.491284,15.913597],[-16.491284,15.913657],[-16.491324,15.913777],[-16.491349,15.913912],[-16.491381,15.914025],[-16.49142,15.91413],[-16.491522,15.91425],[-16.491585,15.91434],[-16.491632,15.914437],[-16.491664,15.914527],[-16.491665,15.914678],[-16.491666,15.914828],[-16.491644,15.914971],[-16.491645,15.915054],[-16.491568,15.915145],[-16.491483,15.915311],[-16.491453,15.915424],[-16.491392,15.91553],[-16.491314,15.915606],[-16.491245,15.915667],[-16.491253,15.915734],[-16.491269,15.915832],[-16.4912,15.915915],[-16.491162,15.915983],[-16.491147,15.916096],[-16.491148,15.916186],[-16.49118,15.916359],[-16.491267,15.916547],[-16.491307,15.916712],[-16.491308,15.916799],[-16.491324,15.916934],[-16.491364,15.917077],[-16.491404,15.917204],[-16.491389,15.91734],[-16.491351,15.917446],[-16.491375,15.917483],[-16.491445,15.917528],[-16.491485,15.917633],[-16.491501,15.917708],[-16.491471,15.917821],[-16.491409,15.917912],[-16.491347,15.917965],[-16.49127,15.918018],[-16.491224,15.918116],[-16.491131,15.918215],[-16.49107,15.918283],[-16.491016,15.918419],[-16.490978,15.918554],[-16.490979,15.91863],[-16.490988,15.918773],[-16.491028,15.918893],[-16.491075,15.91899],[-16.491107,15.919095],[-16.491131,15.919208],[-16.491139,15.919291],[-16.490985,15.919405],[-16.490876,15.919473],[-16.490791,15.919564],[-16.490691,15.919633],[-16.490582,15.919694],[-16.490451,15.91974],[-16.490436,15.919741],[-16.490315,15.919194],[-16.490257,15.917938],[-16.490009,15.91667],[-16.48988,15.915926],[-16.489996,15.914942],[-16.490034,15.913663],[-16.490079,15.912871],[-16.490072,15.91198],[-16.489992,15.911503],[-16.489855,15.910689],[-16.489889,15.909566],[-16.489944,15.908855],[-16.490148,15.908073],[-16.490588,15.907026],[-16.491064,15.905996],[-16.491851,15.903917],[-16.492011,15.902921],[-16.492286,15.901799],[-16.492591,15.900716],[-16.492842,15.899854],[-16.493164,15.899369],[-16.494305,15.899186],[-16.494536,15.899512],[-16.494338,15.900701],[-16.494292,15.902094],[-16.494223,15.903457],[-16.494057,15.904249],[-16.494187,15.904974],[-16.494489,15.905936],[-16.494576,15.906716],[-16.4945,15.907328],[-16.494248,15.907909],[-16.494086,15.908398],[-16.494247,15.90883],[-16.494583,15.909411],[-16.494602,15.910548],[-16.494618,15.911207],[-16.494786,15.911955],[-16.494995,15.912962],[-16.495183,15.914042],[-16.49507,15.914816],[-16.494879,15.915148],[-16.494523,15.915296],[-16.493988,15.915335],[-16.493557,15.915518],[-16.493668,15.916156],[-16.493991,15.916756],[-16.493904,15.917092],[-16.493513,15.917653],[-16.49293,15.918404],[-16.492827,15.918799],[-16.492912,15.920016],[-16.493034,15.920641],[-16.492891,15.921285],[-16.492891,15.921287],[-16.492744,15.921299],[-16.492742,15.921297],[-16.492621,15.92122],[-16.492593,15.921237],[-16.492523,15.921245],[-16.492476,15.921193],[-16.49239,15.921134],[-16.492265,15.921104],[-16.492164,15.921082],[-16.492063,15.921083],[-16.491915,15.921084],[-16.491814,15.921122],[-16.491682,15.921153],[-16.491503,15.92117],[-16.491379,15.921171],[-16.491285,15.921156],[-16.491254,15.921096],[-16.491222,15.921051],[-16.491217,15.920997]]]}},{"type":"Feature","properties":{"categorie":"Protection Naturel"},"geometry":{"type":"Polygon","coordinates":[[[-16.504355,15.922843],[-16.504394,15.92347],[-16.504562,15.924389],[-16.50453,15.924849],[-16.504374,15.925659],[-16.504355,15.926645],[-16.504231,15.927143],[-16.504221,15.927609],[-16.504375,15.927806],[-16.504424,15.928006],[-16.504385,15.928401],[-16.504318,15.928868],[-16.504216,15.93055],[-16.504034,15.93118],[-16.503926,15.930882],[-16.503856,15.930479],[-16.503864,15.930044],[-16.503905,15.929575],[-16.503959,15.929183],[-16.504081,15.928953],[-16.504124,15.928681],[-16.504111,15.928474],[-16.504041,15.928181],[-16.503916,15.927953],[-16.503711,15.927671],[-16.50363,15.927389],[-16.50364,15.927127],[-16.503728,15.926898],[-16.503727,15.926724],[-16.503668,15.926463],[-16.503599,15.926246],[-16.503586,15.926006],[-16.503596,15.925756],[-16.503594,15.925538],[-16.503592,15.925277],[-16.503545,15.925016],[-16.503667,15.924797],[-16.503824,15.924633],[-16.503957,15.924436],[-16.503632,15.924645],[-16.50351,15.924776],[-16.503455,15.925005],[-16.503491,15.925288],[-16.503515,15.925495],[-16.503472,15.925789],[-16.503418,15.926073],[-16.503465,15.926312],[-16.503489,15.926617],[-16.503447,15.926998],[-16.503382,15.927325],[-16.503498,15.927705],[-16.503603,15.928304],[-16.503561,15.928652],[-16.503393,15.928838],[-16.503259,15.92897],[-16.503081,15.929156],[-16.50297,15.929364],[-16.502949,15.929571],[-16.50295,15.929778],[-16.502974,15.929963],[-16.502931,15.930192],[-16.502808,15.930367],[-16.502674,15.930518],[-16.502686,15.930368],[-16.50266,15.929831],[-16.502627,15.929518],[-16.502699,15.929349],[-16.502715,15.929335],[-16.502685,15.928851],[-16.502897,15.928298],[-16.502875,15.927488],[-16.502948,15.926828],[-16.502995,15.926115],[-16.503083,15.925716],[-16.503027,15.924913],[-16.503116,15.924367],[-16.503103,15.922489],[-16.503141,15.922441],[-16.503259,15.922103],[-16.503378,15.921779],[-16.503589,15.921617],[-16.503725,15.921616],[-16.503892,15.921644],[-16.503953,15.921717],[-16.504045,15.921892],[-16.504123,15.922082],[-16.504185,15.92236],[-16.504309,15.922652],[-16.504355,15.922843]]]}},{"type":"Feature","properties":{"categorie":"Protection Naturel"},"geometry":{"type":"Polygon","coordinates":[[[-16.486274,15.924597],[-16.48614,15.92453],[-16.486119,15.924532],[-16.485848,15.924562],[-16.485573,15.924708],[-16.48522,15.925173],[-16.485236,15.925119],[-16.485477,15.924312],[-16.485963,15.923574],[-16.486449,15.923093],[-16.486457,15.923056],[-16.486473,15.923045],[-16.48668,15.922952],[-16.486984,15.922987],[-16.487249,15.923022],[-16.487438,15.923002],[-16.487646,15.922946],[-16.487702,15.922872],[-16.487569,15.922745],[-16.487436,15.922654],[-16.487283,15.922527],[-16.487111,15.922253],[-16.48711,15.922125],[-16.487109,15.921978],[-16.486957,15.921906],[-16.486879,15.921705],[-16.486915,15.921411],[-16.486933,15.921246],[-16.487026,15.921044],[-16.487063,15.920879],[-16.487061,15.920659],[-16.486927,15.92044],[-16.486794,15.920404],[-16.48674,15.920405],[-16.486408,15.919804],[-16.486472,15.919059],[-16.486624,15.918608],[-16.486355,15.918057],[-16.486268,15.918013],[-16.4863,15.917549],[-16.486108,15.917294],[-16.485806,15.917314],[-16.485466,15.917482],[-16.485146,15.917795],[-16.485129,15.91807],[-16.485112,15.91829],[-16.484886,15.918494],[-16.484659,15.918495],[-16.48443,15.918167],[-16.484483,15.917745],[-16.484537,15.917396],[-16.484534,15.916902],[-16.484473,15.916407],[-16.484641,15.916021],[-16.48479,15.915672],[-16.48479,15.915667],[-16.484835,15.915642],[-16.484986,15.915041],[-16.48493,15.914491],[-16.48503,15.91399],[-16.485438,15.913287],[-16.485953,15.912983],[-16.486471,15.91295],[-16.486546,15.913599],[-16.486144,15.91464],[-16.48593,15.91497],[-16.485676,15.915442],[-16.485706,15.916024],[-16.485517,15.916606],[-16.486101,15.916596],[-16.486235,15.916505],[-16.486559,15.91676],[-16.487127,15.916756],[-16.487373,15.916681],[-16.487639,15.916844],[-16.487678,15.916972],[-16.487679,15.9171],[-16.487586,15.917302],[-16.487549,15.917522],[-16.487475,15.917743],[-16.487401,15.917963],[-16.487384,15.918183],[-16.487612,15.918383],[-16.487594,15.918475],[-16.48752,15.91864],[-16.48756,15.918915],[-16.487524,15.919227],[-16.487393,15.919374],[-16.487166,15.919467],[-16.487167,15.919632],[-16.487357,15.919704],[-16.487623,15.919757],[-16.488003,15.919938],[-16.488327,15.920229],[-16.488342,15.92026],[-16.488467,15.921342],[-16.488459,15.921972],[-16.489079,15.922604],[-16.489348,15.923284],[-16.488993,15.924199],[-16.488794,15.924477],[-16.488625,15.924698],[-16.488135,15.925031],[-16.487832,15.925088],[-16.48768,15.924924],[-16.487546,15.924779],[-16.487395,15.924835],[-16.487283,15.925019],[-16.48717,15.925269],[-16.486889,15.925134],[-16.486696,15.924989],[-16.486469,15.924734],[-16.486274,15.924597]]]}},{"type":"Feature","properties":{"categorie":"Protection Naturel"},"geometry":{"type":"Polygon","coordinates":[[[-16.354142,16.02058],[-16.353935,16.020994],[-16.353617,16.021891],[-16.35339,16.022508],[-16.352674,16.023573],[-16.351969,16.024134],[-16.351742,16.024315],[-16.351317,16.024093],[-16.352031,16.023117],[-16.35281,16.022077],[-16.353084,16.021027],[-16.352341,16.020915],[-16.351005,16.020177],[-16.351293,16.019962],[-16.352869,16.019338],[-16.352928,16.01931],[-16.35366,16.018969],[-16.354328,16.018498],[-16.354975,16.018213],[-16.355544,16.017947],[-16.355855,16.017702],[-16.356058,16.01752],[-16.356058,16.01752],[-16.356181,16.01752],[-16.356655,16.017543],[-16.356682,16.017544],[-16.356689,16.01756],[-16.356712,16.01761],[-16.356718,16.017624],[-16.356695,16.017655],[-16.356226,16.018274],[-16.356094,16.018538],[-16.355806,16.0187],[-16.355403,16.019094],[-16.355128,16.019487],[-16.354691,16.019893],[-16.354362,16.020255],[-16.354232,16.020399],[-16.354142,16.02058]]]}},{"type":"Feature","properties":{"categorie":"Protection Naturel"},"geometry":{"type":"Polygon","coordinates":[[[-16.334159,16.072008],[-16.336326,16.06992],[-16.337496,16.068513],[-16.338989,16.067207],[-16.340271,16.066421],[-16.342087,16.065269],[-16.343689,16.064222],[-16.344862,16.063333],[-16.345928,16.062341],[-16.347636,16.061086],[-16.348808,16.05999],[-16.349979,16.058634],[-16.350458,16.058061],[-16.351259,16.057537],[-16.351636,16.057898],[-16.351162,16.059145],[-16.350367,16.060498],[-16.349996,16.061175],[-16.349786,16.061902],[-16.349573,16.062007],[-16.349092,16.062373],[-16.34899,16.063048],[-16.348406,16.063933],[-16.347661,16.064819],[-16.347023,16.065601],[-16.346543,16.066071],[-16.346013,16.066956],[-16.345698,16.067995],[-16.345274,16.068775],[-16.345172,16.06945],[-16.345119,16.069658],[-16.345016,16.070177],[-16.345071,16.070436],[-16.345446,16.070433],[-16.345925,16.069808],[-16.346082,16.069289],[-16.346291,16.068458],[-16.3465,16.067679],[-16.347136,16.066482],[-16.347668,16.065804],[-16.348521,16.065177],[-16.349267,16.064446],[-16.349906,16.063611],[-16.349791,16.064107],[-16.349616,16.064804],[-16.349203,16.065851],[-16.348312,16.067074],[-16.347955,16.067599],[-16.347241,16.068415],[-16.346706,16.069172],[-16.346531,16.069869],[-16.346415,16.07045],[-16.345522,16.071442],[-16.344923,16.071619],[-16.344927,16.072083],[-16.345466,16.072022],[-16.345648,16.072253],[-16.34553,16.072544],[-16.345412,16.072834],[-16.345294,16.073183],[-16.345178,16.073822],[-16.345659,16.073993],[-16.345602,16.074399],[-16.345123,16.07446],[-16.344222,16.07435],[-16.343862,16.074294],[-16.34344,16.074065],[-16.342961,16.074184],[-16.342184,16.074478],[-16.342026,16.074567],[-16.341765,16.074713],[-16.340991,16.075472],[-16.340274,16.075998],[-16.339255,16.076121],[-16.338411,16.075372],[-16.338105,16.074504],[-16.338281,16.073865],[-16.338395,16.073052],[-16.33887,16.072353],[-16.339225,16.071655],[-16.339282,16.071075],[-16.339157,16.07038],[-16.337955,16.069981],[-16.337416,16.070101],[-16.337057,16.070219],[-16.3367,16.070685],[-16.336164,16.071268],[-16.335567,16.071736],[-16.335032,16.072377],[-16.334438,16.073251],[-16.334193,16.073312],[-16.334159,16.072008]]]}},{"type":"Feature","properties":{"categorie":"Protection Naturel"},"geometry":{"type":"Polygon","coordinates":[[[-16.336119,16.139946],[-16.33474,16.141051],[-16.33479,16.140386],[-16.336109,16.139333],[-16.336543,16.138986],[-16.339552,16.136515],[-16.342197,16.13446],[-16.344354,16.132526],[-16.345569,16.131307],[-16.346084,16.130684],[-16.34678,16.129616],[-16.347051,16.129023],[-16.34729,16.128165],[-16.347406,16.127337],[-16.347992,16.123581],[-16.348733,16.12015],[-16.348576,16.119631],[-16.348708,16.11879],[-16.348,16.118387],[-16.346508,16.117433],[-16.346527,16.117243],[-16.346709,16.117261],[-16.346587,16.116889],[-16.34679,16.117086],[-16.346907,16.11697],[-16.346987,16.11665],[-16.347014,16.116547],[-16.346966,16.116283],[-16.347041,16.116048],[-16.347073,16.115948],[-16.347282,16.115893],[-16.347346,16.115877],[-16.347357,16.115674],[-16.34737,16.115436],[-16.347383,16.115359],[-16.347424,16.115111],[-16.347457,16.114908],[-16.347494,16.114872],[-16.34758,16.114788],[-16.347684,16.114687],[-16.347846,16.114527],[-16.347955,16.114421],[-16.347998,16.114324],[-16.34806,16.114186],[-16.348161,16.113962],[-16.348171,16.113908],[-16.348201,16.113748],[-16.348223,16.113636],[-16.348221,16.113443],[-16.348221,16.113372],[-16.348262,16.11332],[-16.3484,16.113149],[-16.348527,16.112966],[-16.348666,16.112856],[-16.348783,16.112845],[-16.348766,16.112749],[-16.348571,16.112626],[-16.348407,16.112493],[-16.348407,16.112494],[-16.348318,16.112666],[-16.348285,16.112651],[-16.348492,16.112211],[-16.348927,16.111635],[-16.348995,16.11146],[-16.349069,16.111498],[-16.349225,16.111576],[-16.349339,16.111424],[-16.349388,16.111358],[-16.349233,16.111271],[-16.349168,16.111338],[-16.349084,16.111296],[-16.349135,16.111215],[-16.349099,16.111195],[-16.34918,16.110985],[-16.349331,16.110436],[-16.349456,16.109762],[-16.349555,16.109212],[-16.349778,16.108628],[-16.349982,16.108703],[-16.350003,16.108604],[-16.350008,16.108608],[-16.350088,16.108347],[-16.350193,16.108007],[-16.350258,16.107684],[-16.349995,16.107684],[-16.350007,16.107575],[-16.350166,16.107567],[-16.35035,16.106717],[-16.350175,16.106724],[-16.350286,16.106497],[-16.350466,16.106538],[-16.350564,16.106349],[-16.350391,16.106283],[-16.350412,16.106239],[-16.350514,16.105937],[-16.350725,16.106043],[-16.350835,16.105882],[-16.350775,16.105851],[-16.350883,16.105703],[-16.350801,16.105647],[-16.35096,16.105435],[-16.350873,16.10539],[-16.350993,16.105167],[-16.35081,16.10508],[-16.351057,16.104461],[-16.351126,16.104484],[-16.35121,16.104429],[-16.351233,16.104335],[-16.351401,16.104171],[-16.351441,16.10405],[-16.351528,16.103931],[-16.351628,16.103759],[-16.3517,16.103606],[-16.351457,16.103476],[-16.351473,16.103438],[-16.351615,16.10351],[-16.351722,16.103334],[-16.351538,16.103288],[-16.351563,16.103229],[-16.351777,16.103309],[-16.351884,16.103092],[-16.351936,16.102986],[-16.35199,16.102879],[-16.352056,16.102653],[-16.352044,16.102651],[-16.352086,16.102553],[-16.351928,16.102491],[-16.352752,16.101312],[-16.353721,16.099635],[-16.35492,16.097708],[-16.355509,16.09713],[-16.355885,16.096634],[-16.355916,16.096656],[-16.355969,16.096576],[-16.355942,16.096559],[-16.357785,16.094123],[-16.359193,16.092593],[-16.361245,16.091009],[-16.363097,16.090267],[-16.363474,16.090249],[-16.363647,16.090184],[-16.363787,16.090173],[-16.363987,16.090156],[-16.364372,16.090205],[-16.364583,16.090195],[-16.364573,16.090231],[-16.364848,16.090266],[-16.366043,16.090448],[-16.366129,16.090481],[-16.366953,16.09048],[-16.367273,16.090762],[-16.367473,16.091446],[-16.367527,16.092154],[-16.367482,16.092698],[-16.367192,16.093173],[-16.366657,16.093625],[-16.366243,16.093841],[-16.366123,16.094196],[-16.366125,16.094432],[-16.367081,16.09539],[-16.367109,16.095419],[-16.368242,16.096617],[-16.368763,16.097748],[-16.369187,16.098904],[-16.369485,16.099611],[-16.369785,16.100531],[-16.369764,16.101003],[-16.368716,16.101577],[-16.367814,16.101961],[-16.367084,16.102439],[-16.366671,16.102749],[-16.365378,16.103182],[-16.365771,16.103487],[-16.366019,16.104005],[-16.366662,16.105136],[-16.369254,16.105143],[-16.373813,16.103317],[-16.379629,16.099309],[-16.382162,16.097922],[-16.383455,16.097535],[-16.384237,16.097436],[-16.386731,16.09749],[-16.38881,16.09769],[-16.391891,16.097741],[-16.392111,16.097715],[-16.395501,16.096512],[-16.397373,16.095129],[-16.398368,16.094058],[-16.39866,16.09382],[-16.397897,16.093163],[-16.39584,16.089159],[-16.394479,16.085878],[-16.3941,16.084963],[-16.392416,16.081854],[-16.391004,16.079169],[-16.390922,16.077941],[-16.391305,16.076733],[-16.392442,16.075047],[-16.392777,16.074052],[-16.39362,16.072227],[-16.393768,16.071068],[-16.394069,16.070002],[-16.394036,16.06875],[-16.394028,16.067686],[-16.394265,16.066574],[-16.394699,16.065744],[-16.395159,16.065055],[-16.395546,16.064556],[-16.395638,16.06361],[-16.395584,16.062973],[-16.396046,16.062615],[-16.396533,16.062352],[-16.39675,16.061831],[-16.396989,16.061144],[-16.397448,16.060337],[-16.398177,16.059789],[-16.398957,16.059405],[-16.399833,16.058832],[-16.40039,16.058072],[-16.40068,16.057669],[-16.40097,16.057171],[-16.401188,16.056885],[-16.402754,16.057051],[-16.402585,16.057229],[-16.402352,16.057369],[-16.402011,16.058098],[-16.401096,16.059857],[-16.400517,16.0606],[-16.399205,16.061597],[-16.398408,16.062129],[-16.39778,16.063207],[-16.39735,16.063902],[-16.396619,16.064716],[-16.395672,16.066287],[-16.395254,16.066972],[-16.39472,16.067402],[-16.394566,16.067895],[-16.394633,16.068086],[-16.394897,16.068544],[-16.39483,16.069174],[-16.394673,16.070099],[-16.39456,16.070681],[-16.39452,16.070888],[-16.3945,16.070993],[-16.394475,16.070996],[-16.394607,16.071284],[-16.394504,16.071759],[-16.394251,16.072214],[-16.394064,16.072792],[-16.393897,16.073309],[-16.393858,16.073886],[-16.393782,16.075185],[-16.393874,16.076112],[-16.393753,16.077185],[-16.393674,16.078051],[-16.393831,16.078465],[-16.394173,16.079367],[-16.395356,16.080781],[-16.396063,16.081271],[-16.396918,16.081699],[-16.39756,16.081942],[-16.398678,16.082227],[-16.400117,16.082339],[-16.400997,16.082163],[-16.401228,16.082186],[-16.401976,16.082428],[-16.402641,16.08296],[-16.403585,16.083778],[-16.403604,16.083789],[-16.404784,16.084492],[-16.405138,16.084888],[-16.405407,16.085188],[-16.406326,16.085491],[-16.406987,16.085611],[-16.408578,16.085373],[-16.408861,16.08533],[-16.4102,16.084662],[-16.410772,16.084205],[-16.411515,16.083726],[-16.412407,16.083267],[-16.413363,16.082786],[-16.41419,16.082121],[-16.415481,16.080855],[-16.416371,16.080107],[-16.41703,16.079752],[-16.417498,16.079667],[-16.418075,16.079766],[-16.419036,16.08009],[-16.420019,16.080392],[-16.421065,16.080591],[-16.422089,16.080749],[-16.423262,16.08068],[-16.424303,16.080281],[-16.42482,16.0801],[-16.425023,16.080258],[-16.425052,16.080567],[-16.424775,16.081046],[-16.423676,16.082046],[-16.422667,16.082698],[-16.421138,16.083456],[-16.419662,16.084059],[-16.418212,16.084558],[-16.417666,16.084614],[-16.415771,16.084407],[-16.415299,16.084455],[-16.415115,16.084473],[-16.414544,16.084531],[-16.412962,16.085148],[-16.411686,16.085788],[-16.410279,16.086751],[-16.409073,16.087894],[-16.407241,16.089092],[-16.406856,16.089301],[-16.405021,16.090087],[-16.402721,16.091108],[-16.401366,16.091839],[-16.400331,16.092671],[-16.399537,16.093501],[-16.399344,16.09447],[-16.399145,16.094626],[-16.398533,16.094952],[-16.397885,16.095678],[-16.396944,16.096574],[-16.395936,16.097303],[-16.394992,16.097734],[-16.393236,16.098455],[-16.391466,16.099047],[-16.390799,16.099038],[-16.390198,16.098888],[-16.389195,16.098481],[-16.38854,16.098279],[-16.387591,16.098028],[-16.386537,16.097906],[-16.385856,16.097846],[-16.385096,16.097812],[-16.38482,16.097828],[-16.384242,16.097874],[-16.383307,16.09805],[-16.38225,16.098327],[-16.381578,16.098628],[-16.380436,16.099295],[-16.379372,16.100013],[-16.378553,16.100568],[-16.377795,16.101047],[-16.375748,16.10244],[-16.374589,16.103268],[-16.374059,16.103796],[-16.373431,16.104266],[-16.372577,16.104804],[-16.371783,16.105157],[-16.37112,16.105432],[-16.37029,16.105682],[-16.369661,16.105847],[-16.368655,16.105964],[-16.36785,16.106104],[-16.367617,16.106094],[-16.367185,16.106075],[-16.366501,16.106037],[-16.365783,16.105889],[-16.364993,16.105598],[-16.364413,16.105263],[-16.36378,16.104861],[-16.363445,16.10455],[-16.363215,16.104179],[-16.363106,16.103706],[-16.363079,16.103537],[-16.363137,16.103105],[-16.363258,16.102765],[-16.363492,16.102493],[-16.363886,16.102457],[-16.364315,16.102496],[-16.36485,16.102628],[-16.36528,16.102735],[-16.365753,16.102775],[-16.366041,16.102722],[-16.366312,16.102602],[-16.366582,16.102406],[-16.366772,16.102108],[-16.367373,16.101639],[-16.367941,16.101432],[-16.368386,16.101285],[-16.368744,16.101198],[-16.369111,16.101078],[-16.369312,16.100932],[-16.369423,16.100627],[-16.36943,16.10039],[-16.369411,16.100111],[-16.36926,16.099765],[-16.368758,16.099387],[-16.368099,16.099019],[-16.367607,16.098735],[-16.366983,16.098434],[-16.366615,16.09819],[-16.365958,16.09765],[-16.365389,16.096794],[-16.365219,16.096512],[-16.365204,16.096255],[-16.365088,16.095961],[-16.365019,16.095784],[-16.364988,16.095352],[-16.364999,16.094947],[-16.365107,16.09442],[-16.365467,16.093851],[-16.36591,16.093295],[-16.366532,16.09244],[-16.366947,16.091803],[-16.367111,16.091384],[-16.36708,16.090911],[-16.366617,16.090644],[-16.366324,16.090606],[-16.365388,16.090558],[-16.364326,16.09047],[-16.363378,16.090611],[-16.362793,16.090844],[-16.361902,16.091174],[-16.36136,16.091528],[-16.360276,16.092251],[-16.359734,16.092754],[-16.358999,16.093447],[-16.358056,16.094411],[-16.357128,16.095429],[-16.356367,16.09646],[-16.356021,16.096962],[-16.354818,16.09863],[-16.354004,16.100133],[-16.353369,16.10115],[-16.352843,16.101936],[-16.352512,16.102451],[-16.352112,16.103142],[-16.351726,16.103941],[-16.351313,16.104794],[-16.350917,16.106106],[-16.350642,16.10681],[-16.350181,16.10877],[-16.349896,16.110081],[-16.349711,16.111621],[-16.349484,16.11308],[-16.349417,16.115645],[-16.349382,16.116618],[-16.349218,16.119197],[-16.348948,16.120589],[-16.348665,16.122116],[-16.348148,16.124144],[-16.347974,16.125279],[-16.347897,16.126252],[-16.347836,16.12748],[-16.347688,16.128413],[-16.347247,16.129225],[-16.346792,16.130092],[-16.346017,16.131069],[-16.345116,16.132101],[-16.344144,16.133038],[-16.343659,16.133473],[-16.342229,16.134778],[-16.34098,16.135879],[-16.339729,16.136873],[-16.338965,16.137485],[-16.337716,16.138573],[-16.336119,16.139946]]]}},{"type":"Feature","properties":{"categorie":"Protection Naturel"},"geometry":{"type":"Polygon","coordinates":[[[-16.494448,16.058514],[-16.49495,16.058849],[-16.495279,16.060218],[-16.495252,16.061246],[-16.495222,16.062068],[-16.495159,16.063062],[-16.495198,16.06361],[-16.494917,16.063955],[-16.494209,16.064028],[-16.493501,16.064102],[-16.493117,16.064824],[-16.493192,16.065372],[-16.49317,16.067256],[-16.493421,16.067563],[-16.493743,16.068006],[-16.494102,16.068586],[-16.494286,16.06951],[-16.494468,16.07016],[-16.494825,16.070534],[-16.495503,16.07118],[-16.495402,16.071866],[-16.494862,16.072015],[-16.494764,16.071988],[-16.494665,16.071989],[-16.494553,16.072058],[-16.494357,16.072168],[-16.494146,16.072237],[-16.493977,16.072143],[-16.493934,16.072007],[-16.493875,16.071695],[-16.493789,16.071532],[-16.493802,16.07141],[-16.493753,16.07119],[-16.493954,16.071],[-16.493982,16.070891],[-16.493966,16.070646],[-16.493809,16.070443],[-16.493668,16.070349],[-16.493597,16.070323],[-16.493414,16.070229],[-16.493291,16.070145],[-16.493186,16.069947],[-16.493067,16.069749],[-16.492956,16.069621],[-16.492808,16.069487],[-16.492601,16.069382],[-16.492469,16.069326],[-16.492262,16.069228],[-16.492174,16.069215],[-16.492041,16.069208],[-16.491961,16.06923],[-16.491879,16.06916],[-16.491794,16.069085],[-16.491834,16.068933],[-16.491848,16.068847],[-16.491876,16.06874],[-16.49189,16.06862],[-16.491889,16.068499],[-16.491844,16.068414],[-16.49177,16.06835],[-16.491664,16.068382],[-16.491579,16.068281],[-16.491549,16.068245],[-16.491512,16.068203],[-16.491438,16.068125],[-16.491379,16.068047],[-16.491301,16.068063],[-16.491194,16.067928],[-16.49109,16.067857],[-16.490994,16.067787],[-16.490942,16.067688],[-16.490883,16.067589],[-16.490801,16.067454],[-16.490741,16.067305],[-16.490659,16.067135],[-16.490635,16.066951],[-16.49059,16.066844],[-16.490516,16.066745],[-16.490346,16.06664],[-16.490272,16.06652],[-16.490212,16.066335],[-16.490123,16.066222],[-16.490063,16.066137],[-16.49004,16.066002],[-16.490039,16.065825],[-16.490038,16.065661],[-16.490007,16.065498],[-16.489969,16.065385],[-16.489939,16.065278],[-16.489864,16.065065],[-16.489827,16.064966],[-16.489774,16.064867],[-16.489692,16.064669],[-16.489625,16.064605],[-16.489544,16.064513],[-16.489492,16.064471],[-16.489446,16.06423],[-16.489467,16.064059],[-16.489518,16.063966],[-16.489643,16.063951],[-16.489812,16.063992],[-16.489886,16.064056],[-16.490033,16.064119],[-16.490114,16.06414],[-16.490335,16.064145],[-16.490423,16.06413],[-16.490526,16.064123],[-16.490644,16.064122],[-16.490754,16.064128],[-16.490768,16.064107],[-16.490621,16.064086],[-16.490496,16.06403],[-16.490408,16.064024],[-16.490275,16.064032],[-16.490158,16.064018],[-16.489981,16.063949],[-16.489863,16.063885],[-16.48973,16.063801],[-16.4897,16.063716],[-16.489698,16.063538],[-16.489697,16.063382],[-16.489689,16.063226],[-16.489643,16.063077],[-16.489613,16.062963],[-16.489597,16.062736],[-16.489582,16.062679],[-16.489559,16.062573],[-16.489485,16.062474],[-16.48944,16.062417],[-16.489365,16.062233],[-16.489328,16.062126],[-16.489268,16.061978],[-16.48923,16.0618],[-16.489214,16.061658],[-16.489197,16.061424],[-16.489204,16.061324],[-16.489313,16.061217],[-16.489446,16.061273],[-16.48958,16.061414],[-16.489764,16.061526],[-16.489882,16.061582],[-16.490096,16.061652],[-16.490192,16.061765],[-16.490223,16.061928],[-16.490275,16.06207],[-16.490364,16.062148],[-16.490526,16.062203],[-16.490652,16.062281],[-16.490712,16.062451],[-16.490779,16.0626],[-16.490912,16.06272],[-16.491016,16.062818],[-16.491112,16.062875],[-16.491171,16.06291],[-16.491193,16.062931],[-16.491274,16.062895],[-16.491273,16.062817],[-16.4912,16.062774],[-16.491052,16.062704],[-16.490941,16.062584],[-16.490851,16.062379],[-16.490769,16.062216],[-16.49068,16.062124],[-16.490533,16.062075],[-16.490385,16.061941],[-16.490355,16.061828],[-16.490287,16.061643],[-16.490213,16.061537],[-16.49008,16.06146],[-16.489969,16.061447],[-16.489873,16.061398],[-16.489785,16.061341],[-16.489659,16.061179],[-16.489438,16.061102],[-16.489194,16.060969],[-16.489105,16.060827],[-16.489097,16.060721],[-16.489206,16.060599],[-16.489257,16.060506],[-16.489366,16.060385],[-16.489513,16.060305],[-16.489652,16.060219],[-16.489812,16.060104],[-16.489995,16.059954],[-16.490119,16.059797],[-16.490147,16.05969],[-16.490219,16.059433],[-16.49024,16.059291],[-16.490261,16.059092],[-16.490274,16.058893],[-16.490257,16.058665],[-16.490226,16.058417],[-16.490188,16.058211],[-16.490165,16.058083],[-16.490186,16.058005],[-16.49026,16.057955],[-16.490318,16.05789],[-16.49031,16.057862],[-16.4902,16.057863],[-16.490045,16.057828],[-16.48992,16.057729],[-16.489868,16.057666],[-16.489816,16.057588],[-16.48977,16.057432],[-16.489755,16.05734],[-16.489747,16.057183],[-16.489753,16.057048],[-16.489789,16.056956],[-16.489854,16.056841],[-16.489863,16.05665],[-16.489922,16.056581],[-16.49016,16.056242],[-16.49041,16.055979],[-16.490838,16.05574],[-16.491017,16.055536],[-16.491243,16.055297],[-16.491379,16.055103],[-16.491858,16.054659],[-16.491993,16.054844],[-16.492083,16.055016],[-16.492396,16.055243],[-16.492575,16.055357],[-16.49268,16.055528],[-16.492756,16.0557],[-16.492891,16.055914],[-16.4931,16.05607],[-16.493206,16.056313],[-16.493238,16.056658],[-16.493478,16.057086],[-16.493703,16.057415],[-16.493824,16.057615],[-16.493826,16.057887],[-16.493961,16.058188],[-16.494112,16.058474],[-16.494128,16.058603],[-16.494129,16.058803],[-16.494146,16.059004],[-16.494221,16.059147],[-16.49425,16.059032],[-16.494381,16.058802],[-16.494454,16.058557],[-16.494448,16.058514]]]}},{"type":"Feature","properties":{"categorie":"Protection Naturel"},"geometry":{"type":"Polygon","coordinates":[[[-16.49674,16.072859],[-16.49739,16.072435],[-16.497706,16.071987],[-16.497915,16.071506],[-16.497946,16.070855],[-16.497905,16.070204],[-16.497868,16.069896],[-16.498184,16.06962],[-16.498289,16.069345],[-16.498357,16.06907],[-16.498779,16.068588],[-16.499129,16.068037],[-16.499337,16.06735],[-16.499405,16.066939],[-16.499578,16.066423],[-16.499538,16.065841],[-16.499391,16.065191],[-16.499352,16.064609],[-16.499349,16.064198],[-16.499554,16.063396],[-16.499781,16.063639],[-16.499868,16.063924],[-16.499913,16.064264],[-16.499885,16.064305],[-16.499858,16.064496],[-16.49986,16.064741],[-16.499946,16.064958],[-16.500062,16.065379],[-16.500108,16.065868],[-16.500152,16.066154],[-16.500182,16.066439],[-16.500213,16.066711],[-16.500158,16.066943],[-16.500047,16.067189],[-16.500006,16.067366],[-16.49998,16.067625],[-16.499996,16.067815],[-16.500096,16.068018],[-16.500168,16.068222],[-16.500211,16.068371],[-16.500296,16.068507],[-16.500438,16.068615],[-16.500635,16.068668],[-16.50058,16.068763],[-16.500329,16.069105],[-16.500049,16.069339],[-16.49977,16.069667],[-16.499561,16.0699],[-16.499338,16.070146],[-16.499156,16.070338],[-16.498947,16.070598],[-16.498725,16.070953],[-16.498586,16.071186],[-16.498447,16.071445],[-16.498392,16.07165],[-16.498296,16.071991],[-16.49806,16.07236],[-16.497892,16.07251],[-16.497823,16.072688],[-16.497768,16.072906],[-16.49777,16.073219],[-16.497673,16.07341],[-16.497547,16.073452],[-16.497406,16.073385],[-16.497179,16.073128],[-16.496938,16.072993],[-16.49674,16.072859]]]}},{"type":"Feature","properties":{"categorie":"Protection Naturel"},"geometry":{"type":"Polygon","coordinates":[[[-16.495184,16.052167],[-16.494222,16.051557],[-16.494196,16.051557],[-16.494574,16.051202],[-16.494615,16.05116],[-16.494725,16.051012],[-16.494865,16.050906],[-16.49497,16.050799],[-16.495641,16.050342],[-16.495899,16.050251],[-16.496136,16.049836],[-16.496289,16.049566],[-16.496299,16.049541],[-16.496411,16.049323],[-16.496504,16.048927],[-16.496825,16.048795],[-16.496853,16.048804],[-16.496916,16.04875],[-16.496926,16.048763],[-16.496942,16.048749],[-16.49701,16.048845],[-16.496977,16.048835],[-16.496985,16.048845],[-16.497228,16.048922],[-16.497527,16.049593],[-16.497764,16.049705],[-16.497779,16.04991],[-16.49778,16.050033],[-16.497584,16.050238],[-16.497459,16.050334],[-16.497263,16.050499],[-16.497166,16.050717],[-16.497097,16.050949],[-16.497015,16.051235],[-16.496932,16.05144],[-16.496878,16.051794],[-16.496824,16.051999],[-16.496727,16.052217],[-16.496531,16.052327],[-16.496517,16.052436],[-16.495752,16.052403],[-16.495184,16.052167]]]}},{"type":"Feature","properties":{"categorie":"Protection Naturel"},"geometry":{"type":"Polygon","coordinates":[[[-16.49899,16.04993],[-16.499085,16.049908],[-16.499213,16.049948],[-16.499232,16.049986],[-16.499404,16.050316],[-16.499629,16.051393],[-16.499658,16.051444],[-16.499671,16.051595],[-16.49979,16.052161],[-16.499851,16.05222],[-16.500121,16.052425],[-16.500283,16.052676],[-16.500465,16.052858],[-16.500625,16.053033],[-16.500931,16.0533],[-16.501094,16.053532],[-16.501152,16.053732],[-16.501858,16.054721],[-16.502122,16.054847],[-16.502337,16.054949],[-16.502188,16.055691],[-16.502628,16.055943],[-16.503289,16.056319],[-16.503556,16.056869],[-16.503911,16.057544],[-16.504047,16.058137],[-16.504098,16.059026],[-16.504106,16.060044],[-16.504464,16.061058],[-16.504861,16.061437],[-16.50438,16.06161],[-16.504032,16.061951],[-16.503816,16.062334],[-16.503603,16.063183],[-16.503474,16.063566],[-16.503481,16.064414],[-16.503794,16.065301],[-16.50393,16.065894],[-16.503936,16.066614],[-16.503853,16.067293],[-16.503331,16.067848],[-16.502983,16.068104],[-16.502454,16.067811],[-16.502363,16.067304],[-16.502271,16.066711],[-16.502001,16.06578],[-16.501907,16.065018],[-16.502032,16.064042],[-16.502026,16.063279],[-16.501798,16.062179],[-16.501529,16.061376],[-16.501085,16.060531],[-16.500863,16.060236],[-16.500246,16.059689],[-16.499981,16.059479],[-16.499359,16.058424],[-16.499002,16.057579],[-16.498822,16.056902],[-16.498683,16.055885],[-16.498545,16.054996],[-16.498491,16.05364],[-16.498572,16.05275],[-16.498564,16.05169],[-16.498733,16.050799],[-16.49899,16.04993]]]}},{"type":"Feature","properties":{"categorie":"Protection Naturel"},"geometry":{"type":"Polygon","coordinates":[[[-16.174088,15.958066],[-16.205447,15.934416],[-16.218797,15.923618],[-16.220923,15.922141],[-16.223078,15.921917],[-16.226191,15.921899],[-16.227935,15.922297],[-16.230363,15.922267],[-16.233285,15.921552],[-16.240193,15.920747],[-16.244484,15.92062],[-16.245987,15.921785],[-16.247981,15.921791],[-16.249263,15.921494],[-16.252039,15.921913],[-16.254024,15.922206],[-16.254235,15.922237],[-16.254995,15.922556],[-16.255041,15.922568],[-16.255238,15.922652],[-16.255275,15.922673],[-16.255749,15.922872],[-16.255753,15.923096],[-16.255572,15.923833],[-16.256249,15.923393],[-16.257114,15.923589],[-16.257756,15.923368],[-16.257954,15.924083],[-16.257993,15.924968],[-16.258412,15.925128],[-16.258803,15.92519],[-16.259518,15.925495],[-16.260064,15.923844],[-16.259625,15.923508],[-16.259655,15.923451],[-16.260653,15.922596],[-16.264488,15.922479],[-16.264639,15.922649],[-16.265565,15.922659],[-16.265567,15.922652],[-16.265573,15.922646],[-16.272406,15.923038],[-16.272462,15.923111],[-16.27644,15.931489],[-16.273181,15.934337],[-16.24379,15.96278],[-16.234032,15.982322],[-16.218345,15.989789],[-16.216165,15.997636],[-16.208965,16.001921],[-16.200004,16.005301],[-16.189943,16.005357],[-16.185571,16.008254],[-16.183509,16.012258],[-16.17636,16.007378],[-16.168184,16.006068],[-16.158195,16.005735],[-16.156864,16.006016],[-16.136557,16.005673],[-16.141205,16.002262],[-16.143293,15.999994],[-16.152085,15.986628],[-16.164801,15.966017],[-16.174088,15.958066]]]}},{"type":"Feature","properties":{"categorie":"Protection Naturel"},"geometry":{"type":"Polygon","coordinates":[[[-16.505089,16.054941],[-16.505174,16.054188],[-16.505436,16.053026],[-16.505744,16.05228],[-16.505843,16.052089],[-16.505858,16.051974],[-16.505866,16.051809],[-16.505879,16.051625],[-16.505852,16.051257],[-16.505842,16.05111],[-16.505816,16.050908],[-16.505739,16.050762],[-16.505716,16.050689],[-16.50569,16.050606],[-16.505689,16.050468],[-16.505674,16.05028],[-16.505649,16.050137],[-16.505657,16.049944],[-16.50567,16.049747],[-16.505683,16.049558],[-16.50571,16.049379],[-16.505742,16.049263],[-16.505746,16.049103],[-16.505729,16.048841],[-16.505709,16.048662],[-16.505689,16.048556],[-16.505692,16.048531],[-16.505682,16.048529],[-16.505652,16.048416],[-16.505641,16.0483],[-16.505605,16.048208],[-16.505569,16.048156],[-16.505555,16.048122],[-16.505533,16.048068],[-16.505546,16.047965],[-16.505581,16.047814],[-16.505618,16.047612],[-16.505623,16.047392],[-16.505608,16.047163],[-16.505592,16.046971],[-16.50557,16.046855],[-16.505555,16.046766],[-16.505519,16.046636],[-16.505497,16.046554],[-16.505479,16.046489],[-16.505439,16.046435],[-16.505346,16.046346],[-16.505303,16.046278],[-16.505289,16.04622],[-16.505281,16.046138],[-16.505281,16.046059],[-16.50528,16.045963],[-16.505268,16.045826],[-16.505222,16.045669],[-16.505221,16.045494],[-16.505197,16.045209],[-16.505103,16.045202],[-16.505095,16.045147],[-16.505122,16.044847],[-16.50523,16.044818],[-16.505243,16.044658],[-16.505241,16.044421],[-16.505181,16.044128],[-16.505179,16.043836],[-16.505126,16.043466],[-16.505132,16.043299],[-16.505086,16.042993],[-16.505112,16.042505],[-16.505109,16.04217],[-16.505163,16.041654],[-16.505125,16.041375],[-16.505151,16.041019],[-16.50512,16.040706],[-16.505111,16.040546],[-16.505189,16.040329],[-16.505354,16.040174],[-16.505518,16.04002],[-16.505604,16.039964],[-16.505748,16.039865],[-16.505877,16.039773],[-16.505984,16.03971],[-16.506121,16.039604],[-16.506199,16.039513],[-16.506285,16.039394],[-16.506349,16.039268],[-16.506413,16.039163],[-16.506477,16.03903],[-16.506569,16.038897],[-16.506677,16.038792],[-16.506813,16.038638],[-16.50692,16.038532],[-16.506998,16.03835],[-16.507047,16.038127],[-16.507067,16.037953],[-16.50708,16.037799],[-16.507114,16.037506],[-16.507091,16.037283],[-16.507132,16.037074],[-16.507175,16.036976],[-16.507224,16.03678],[-16.507251,16.036501],[-16.50727,16.036181],[-16.50729,16.035936],[-16.507281,16.035762],[-16.507244,16.03563],[-16.507214,16.035512],[-16.507145,16.035349],[-16.507085,16.035123],[-16.507046,16.034983],[-16.50701,16.034874],[-16.506961,16.034758],[-16.506912,16.034678],[-16.506902,16.034625],[-16.506908,16.034522],[-16.506921,16.034418],[-16.506934,16.034298],[-16.506926,16.034132],[-16.506869,16.033922],[-16.50683,16.033763],[-16.50678,16.033603],[-16.506703,16.033421],[-16.506612,16.033165],[-16.506517,16.032963],[-16.506544,16.032839],[-16.506612,16.032692],[-16.506745,16.032538],[-16.506813,16.032388],[-16.506853,16.032218],[-16.50689,16.032088],[-16.506928,16.032016],[-16.506952,16.031928],[-16.506983,16.031808],[-16.507026,16.031689],[-16.507055,16.031599],[-16.507098,16.0315],[-16.507165,16.03137],[-16.507231,16.031046],[-16.507235,16.03098],[-16.507212,16.030836],[-16.507209,16.03077],[-16.50724,16.030606],[-16.507242,16.030498],[-16.507229,16.030411],[-16.507216,16.030368],[-16.507204,16.030319],[-16.507203,16.03026],[-16.50723,16.030191],[-16.507219,16.030134],[-16.507207,16.030078],[-16.507174,16.030007],[-16.507149,16.029908],[-16.507129,16.029767],[-16.507162,16.029637],[-16.507173,16.029441],[-16.507172,16.029294],[-16.507154,16.0292],[-16.507141,16.02912],[-16.507152,16.028995],[-16.507178,16.028895],[-16.507185,16.02881],[-16.507174,16.028716],[-16.507169,16.028607],[-16.507159,16.028546],[-16.507153,16.028456],[-16.507166,16.028296],[-16.507178,16.028161],[-16.507198,16.027986],[-16.507212,16.027859],[-16.507211,16.027734],[-16.507188,16.027543],[-16.507155,16.027401],[-16.507154,16.0273],[-16.507177,16.027167],[-16.507201,16.027075],[-16.50723,16.026964],[-16.507243,16.026843],[-16.507243,16.026782],[-16.507257,16.026699],[-16.50729,16.026605],[-16.507297,16.026546],[-16.507306,16.026435],[-16.507306,16.026345],[-16.507305,16.026255],[-16.50726,16.026152],[-16.507211,16.026093],[-16.507157,16.026051],[-16.507088,16.026011],[-16.507051,16.025978],[-16.507036,16.025879],[-16.50705,16.025811],[-16.50706,16.025768],[-16.507062,16.025723],[-16.507032,16.02566],[-16.507009,16.025577],[-16.50697,16.025514],[-16.50696,16.02546],[-16.506966,16.02537],[-16.50699,16.025306],[-16.507019,16.025254],[-16.507041,16.025188],[-16.507064,16.025114],[-16.507069,16.025072],[-16.507083,16.025034],[-16.507041,16.024935],[-16.506997,16.024897],[-16.506955,16.024851],[-16.506935,16.024822],[-16.506928,16.024789],[-16.506942,16.024742],[-16.506986,16.024695],[-16.507024,16.024652],[-16.507051,16.024609],[-16.507075,16.024569],[-16.507092,16.024517],[-16.507113,16.024458],[-16.507118,16.02438],[-16.507117,16.02428],[-16.507109,16.024191],[-16.507072,16.024108],[-16.507,16.024048],[-16.506973,16.024003],[-16.506965,16.02393],[-16.506994,16.023878],[-16.507033,16.023856],[-16.507086,16.023825],[-16.50713,16.023768],[-16.507144,16.023723],[-16.507154,16.023681],[-16.507158,16.023619],[-16.507138,16.023539],[-16.507113,16.023473],[-16.507037,16.023412],[-16.507029,16.023353],[-16.507056,16.023306],[-16.507095,16.02327],[-16.507133,16.023235],[-16.507172,16.023196],[-16.507184,16.023156],[-16.507196,16.023088],[-16.50719,16.023024],[-16.50719,16.02301],[-16.507187,16.022965],[-16.50718,16.022918],[-16.507147,16.02284],[-16.507113,16.022793],[-16.507091,16.022756],[-16.507081,16.022718],[-16.507097,16.022666],[-16.507134,16.022618],[-16.507177,16.022568],[-16.507228,16.0225],[-16.507271,16.022433],[-16.507298,16.022355],[-16.507336,16.02226],[-16.507362,16.022189],[-16.507391,16.022097],[-16.50739,16.021989],[-16.507348,16.021899],[-16.50733,16.021847],[-16.507335,16.021788],[-16.507361,16.021741],[-16.507415,16.02171],[-16.507463,16.021688],[-16.507505,16.021643],[-16.507517,16.021608],[-16.507511,16.021542],[-16.507504,16.021506],[-16.507501,16.021445],[-16.507522,16.021397],[-16.507546,16.021367],[-16.507602,16.021319],[-16.507638,16.021264],[-16.50766,16.021182],[-16.507701,16.021087],[-16.507707,16.021004],[-16.507685,16.020955],[-16.50767,16.020927],[-16.507653,16.020908],[-16.507645,16.020856],[-16.507662,16.020806],[-16.507708,16.020759],[-16.507764,16.020725],[-16.5078,16.020685],[-16.507819,16.020642],[-16.507838,16.020578],[-16.507833,16.020536],[-16.50784,16.020482],[-16.507864,16.020451],[-16.507876,16.020411],[-16.507883,16.020366],[-16.507883,16.020302],[-16.507867,16.020219],[-16.507862,16.020182],[-16.507867,16.020118],[-16.507883,16.020059],[-16.507907,16.020002],[-16.507926,16.019947],[-16.507943,16.019888],[-16.507955,16.019841],[-16.507955,16.019799],[-16.50794,16.019751],[-16.507915,16.019707],[-16.507914,16.019648],[-16.507919,16.0196],[-16.507928,16.01957],[-16.507965,16.019539],[-16.508004,16.019505],[-16.508009,16.019496],[-16.508047,16.019432],[-16.508063,16.019356],[-16.508085,16.019309],[-16.508124,16.019245],[-16.508126,16.019193],[-16.50812,16.019141],[-16.508096,16.019073],[-16.508012,16.019024],[-16.507973,16.018989],[-16.50797,16.018963],[-16.508006,16.018894],[-16.508043,16.018854],[-16.508067,16.018792],[-16.508078,16.018735],[-16.508095,16.018662],[-16.508133,16.018565],[-16.508154,16.018468],[-16.508182,16.018277],[-16.508218,16.018125],[-16.508233,16.017901],[-16.508256,16.017726],[-16.508301,16.017549],[-16.508368,16.01739],[-16.5084,16.017295],[-16.508413,16.017248],[-16.508388,16.017223],[-16.508518,16.016666],[-16.508601,16.014697],[-16.508212,16.011112],[-16.508003,16.010588],[-16.507995,16.008637],[-16.507684,16.007635],[-16.507861,16.007073],[-16.507866,16.00598],[-16.507916,16.005115],[-16.507652,16.003839],[-16.507776,16.002795],[-16.507773,16.001623],[-16.507929,16.000769],[-16.508047,16.00005],[-16.50802,16.000005],[-16.507883,15.999773],[-16.507962,15.999513],[-16.508107,15.999471],[-16.50812,15.999467],[-16.508413,15.999567],[-16.508496,15.999617],[-16.508501,15.99962],[-16.508728,15.999586],[-16.509056,15.999262],[-16.509192,15.998858],[-16.509359,15.997761],[-16.509077,15.995018],[-16.508938,15.993857],[-16.50906,15.993251],[-16.509055,15.993033],[-16.508879,15.992518],[-16.508404,15.992013],[-16.508406,15.991988],[-16.507993,15.991943],[-16.507992,15.991946],[-16.507967,15.992517],[-16.507942,15.992517],[-16.507809,15.992518],[-16.5078,15.991265],[-16.507873,15.991265],[-16.507899,15.991265],[-16.507893,15.991791],[-16.508372,15.991797],[-16.508397,15.991797],[-16.508738,15.991135],[-16.508923,15.990741],[-16.50906,15.990616],[-16.50919,15.990537],[-16.509415,15.990341],[-16.509486,15.989689],[-16.509471,15.989164],[-16.509457,15.988671],[-16.509411,15.988282],[-16.509267,15.988021],[-16.508949,15.987551],[-16.508715,15.987253],[-16.508883,15.986991],[-16.509052,15.98699],[-16.509285,15.987029],[-16.509476,15.98711],[-16.509499,15.987314],[-16.509648,15.987517],[-16.50984,15.98772],[-16.510052,15.987903],[-16.510243,15.987963],[-16.510391,15.987982],[-16.510475,15.987879],[-16.510558,15.987715],[-16.510556,15.987409],[-16.510553,15.987102],[-16.51051,15.986898],[-16.51034,15.986797],[-16.510107,15.986778],[-16.509769,15.98676],[-16.509516,15.986823],[-16.509368,15.986845],[-16.509157,15.986867],[-16.508988,15.986868],[-16.508903,15.986807],[-16.50886,15.986644],[-16.508858,15.98644],[-16.508963,15.986337],[-16.508983,15.986194],[-16.508982,15.98605],[-16.508833,15.985888],[-16.508535,15.985952],[-16.508534,15.985831],[-16.508598,15.985673],[-16.508707,15.98563],[-16.508749,15.985535],[-16.508803,15.985493],[-16.508879,15.985471],[-16.508944,15.985461],[-16.509027,15.985452],[-16.509053,15.985449],[-16.509053,15.985512],[-16.508989,15.985586],[-16.508935,15.985681],[-16.508871,15.985829],[-16.508871,15.985881],[-16.508991,15.985891],[-16.50911,15.985908],[-16.509132,15.985911],[-16.509208,15.985837],[-16.509261,15.985763],[-16.509413,15.985751],[-16.50976,15.985623],[-16.509976,15.985527],[-16.510193,15.985483],[-16.510355,15.985419],[-16.51068,15.985322],[-16.510821,15.985258],[-16.510918,15.985184],[-16.510983,15.985089],[-16.51109,15.984878],[-16.511132,15.984762],[-16.511229,15.984625],[-16.511293,15.98452],[-16.511303,15.984404],[-16.511367,15.984257],[-16.511421,15.98413],[-16.511495,15.983878],[-16.511494,15.983804],[-16.511471,15.983657],[-16.511416,15.9835],[-16.511404,15.983343],[-16.511359,15.983185],[-16.511261,15.983071],[-16.511107,15.982862],[-16.511019,15.982715],[-16.510963,15.982474],[-16.510885,15.982265],[-16.5107,15.982098],[-16.510601,15.981941],[-16.510512,15.981658],[-16.510423,15.98147],[-16.510314,15.981292],[-16.510138,15.981083],[-16.509996,15.980926],[-16.509799,15.980718],[-16.509766,15.980623],[-16.509754,15.980466],[-16.509785,15.980256],[-16.509923,15.97994],[-16.51002,15.979781],[-16.510182,15.979665],[-16.510387,15.979453],[-16.510646,15.979336],[-16.510981,15.979134],[-16.511305,15.978901],[-16.511488,15.97871],[-16.511639,15.97851],[-16.511778,15.978288],[-16.511886,15.978109],[-16.511905,15.977825],[-16.511924,15.977458],[-16.511813,15.977122],[-16.511648,15.976871],[-16.511234,15.97657],[-16.510993,15.976393],[-16.510807,15.976216],[-16.510696,15.975817],[-16.510594,15.97523],[-16.510558,15.974789],[-16.510543,15.974316],[-16.510562,15.973949],[-16.510603,15.973612],[-16.510666,15.973318],[-16.510814,15.972781],[-16.51105,15.972328],[-16.511263,15.971791],[-16.511367,15.971202],[-16.511289,15.970664],[-16.511153,15.970227],[-16.511009,15.969755],[-16.511005,15.969251],[-16.510977,15.968369],[-16.510938,15.967986],[-16.510965,15.967849],[-16.510991,15.967714],[-16.510959,15.967314],[-16.511008,15.966625],[-16.511047,15.966511],[-16.511057,15.966347],[-16.511089,15.966123],[-16.511123,15.966057],[-16.511137,15.96598],[-16.511168,15.965704],[-16.511185,15.965553],[-16.51126,15.965388],[-16.511302,15.965249],[-16.511322,15.965128],[-16.511346,15.964995],[-16.511363,15.964855],[-16.511381,15.964826],[-16.511362,15.96468],[-16.511391,15.964558],[-16.511447,15.964497],[-16.511464,15.96449],[-16.511487,15.96448],[-16.511493,15.964508],[-16.511493,15.964555],[-16.511493,15.964557],[-16.51155,15.964551],[-16.511668,15.964545],[-16.51177,15.964528],[-16.511849,15.964483],[-16.511898,15.964479],[-16.511917,15.964477],[-16.511968,15.964488],[-16.512036,15.964526],[-16.512115,15.964558],[-16.512162,15.964562],[-16.512172,15.964563],[-16.512257,15.964557],[-16.51229,15.964529],[-16.512324,15.964513],[-16.512397,15.964441],[-16.512425,15.964375],[-16.51247,15.964309],[-16.512463,15.964205],[-16.512429,15.964118],[-16.512445,15.964052],[-16.512445,15.963987],[-16.512444,15.963905],[-16.512444,15.96385],[-16.512477,15.963806],[-16.512499,15.963746],[-16.512482,15.963664],[-16.512453,15.963609],[-16.512424,15.963533],[-16.512429,15.963451],[-16.512429,15.963352],[-16.512406,15.963303],[-16.512315,15.963243],[-16.512269,15.963189],[-16.512263,15.963096],[-16.51229,15.962981],[-16.512295,15.962915],[-16.512277,15.962795],[-16.512254,15.962724],[-16.512276,15.962618],[-16.512227,15.962531],[-16.512201,15.962531],[-16.51212,15.962532],[-16.511791,15.962437],[-16.511777,15.962441],[-16.51167,15.962471],[-16.511602,15.962493],[-16.511529,15.962516],[-16.511422,15.96256],[-16.511343,15.962594],[-16.5114,15.962675],[-16.511519,15.962707],[-16.511643,15.962728],[-16.511779,15.96276],[-16.511842,15.962765],[-16.511904,15.962792],[-16.511921,15.962808],[-16.511921,15.962858],[-16.511911,15.962923],[-16.511838,15.962973],[-16.511819,15.962969],[-16.511773,15.962959],[-16.511577,15.962928],[-16.511223,15.962828],[-16.511003,15.962084],[-16.510935,15.96167],[-16.510846,15.961111],[-16.510821,15.960656],[-16.510819,15.960428],[-16.510896,15.960315],[-16.510904,15.960303],[-16.511313,15.96059],[-16.51155,15.960775],[-16.511648,15.960831],[-16.511657,15.960836],[-16.511892,15.960752],[-16.511998,15.960565],[-16.511954,15.960379],[-16.511738,15.960173],[-16.511713,15.960173],[-16.511567,15.960174],[-16.51133,15.960093],[-16.511286,15.959928],[-16.511435,15.959699],[-16.511797,15.95952],[-16.51186,15.959489],[-16.511989,15.959425],[-16.512287,15.959175],[-16.512393,15.958967],[-16.512219,15.958595],[-16.51213,15.958244],[-16.512234,15.957808],[-16.51249,15.957661],[-16.513024,15.957533],[-16.513236,15.957242],[-16.513233,15.956869],[-16.513445,15.956598],[-16.513573,15.956473],[-16.513915,15.956346],[-16.514342,15.956302],[-16.514598,15.956134],[-16.51464,15.955948],[-16.514553,15.955886],[-16.514528,15.955886],[-16.514125,15.955889],[-16.5141,15.955889],[-16.51374,15.955892],[-16.51316,15.955627],[-16.513115,15.955337],[-16.513263,15.955129],[-16.513605,15.955002],[-16.513797,15.954897],[-16.513816,15.95469],[-16.513499,15.954637],[-16.513216,15.95459],[-16.513213,15.954594],[-16.512983,15.954903],[-16.512491,15.954927],[-16.511913,15.954952],[-16.511506,15.954996],[-16.510907,15.955021],[-16.510905,15.95502],[-16.510671,15.95494],[-16.510563,15.954837],[-16.510411,15.954507],[-16.510452,15.954258],[-16.510813,15.953882],[-16.511217,15.953527],[-16.511857,15.953191],[-16.512069,15.952962],[-16.512387,15.952483],[-16.512663,15.952191],[-16.513044,15.951983],[-16.513047,15.951982],[-16.513325,15.952],[-16.513456,15.952269],[-16.513651,15.952619],[-16.513729,15.952675],[-16.513737,15.952681],[-16.5138,15.952657],[-16.514015,15.952576],[-16.514205,15.952305],[-16.514567,15.951971],[-16.514672,15.951784],[-16.51467,15.95139],[-16.515138,15.951035],[-16.514751,15.950872],[-16.514644,15.95081],[-16.514619,15.950811],[-16.514323,15.950813],[-16.514066,15.950877],[-16.514041,15.950877],[-16.513638,15.95088],[-16.513296,15.951006],[-16.513019,15.951174],[-16.512994,15.951174],[-16.512827,15.951175],[-16.51274,15.951093],[-16.512589,15.950866],[-16.512566,15.950639],[-16.51267,15.950224],[-16.512111,15.949958],[-16.512709,15.949768],[-16.512834,15.94929],[-16.512917,15.948917],[-16.513001,15.948688],[-16.512977,15.948378],[-16.512975,15.948088],[-16.512908,15.947736],[-16.51282,15.947426],[-16.512688,15.947033],[-16.512644,15.946806],[-16.512578,15.946578],[-16.512469,15.946372],[-16.512015,15.945712],[-16.511884,15.945361],[-16.51171,15.944969],[-16.511622,15.944679],[-16.511621,15.944514],[-16.511618,15.944203],[-16.511637,15.943892],[-16.511784,15.943477],[-16.512017,15.943185],[-16.512166,15.942977],[-16.51225,15.942852],[-16.51244,15.942416],[-16.512567,15.942187],[-16.512651,15.942041],[-16.512714,15.941813],[-16.512797,15.94146],[-16.512795,15.941233],[-16.512707,15.940902],[-16.512706,15.940736],[-16.512917,15.940445],[-16.513152,15.940277],[-16.513215,15.940132],[-16.51317,15.939821],[-16.513018,15.939574],[-16.512802,15.939306],[-16.512736,15.939099],[-16.512734,15.93883],[-16.512583,15.938645],[-16.512388,15.938398],[-16.51228,15.938253],[-16.512172,15.93813],[-16.512021,15.937965],[-16.511913,15.9378],[-16.511869,15.937635],[-16.511868,15.937573],[-16.512039,15.937509],[-16.512273,15.937301],[-16.51254,15.937199],[-16.512551,15.937195],[-16.512851,15.937276],[-16.512938,15.93742],[-16.513004,15.93771],[-16.513386,15.937707],[-16.513411,15.937707],[-16.51371,15.937622],[-16.513688,15.937518],[-16.513599,15.937167],[-16.513533,15.936836],[-16.51353,15.936505],[-16.513485,15.936256],[-16.51342,15.93605],[-16.513312,15.935988],[-16.512861,15.935826],[-16.512475,15.935746],[-16.512046,15.935541],[-16.511636,15.935192],[-16.511228,15.934988],[-16.510756,15.934805],[-16.510477,15.934745],[-16.51007,15.934685],[-16.509898,15.934624],[-16.509854,15.934521],[-16.509938,15.934189],[-16.510236,15.933959],[-16.510577,15.933791],[-16.510875,15.933582],[-16.51113,15.933331],[-16.511386,15.933205],[-16.511534,15.932997],[-16.511769,15.93283],[-16.511853,15.932684],[-16.511873,15.932456],[-16.511785,15.932208],[-16.511591,15.931961],[-16.511247,15.931756],[-16.511223,15.931425],[-16.511371,15.931175],[-16.511153,15.930721],[-16.510852,15.930516],[-16.510658,15.930373],[-16.51027,15.92994],[-16.509862,15.929798],[-16.509582,15.929551],[-16.509301,15.929263],[-16.509512,15.928868],[-16.509936,15.928639],[-16.509939,15.928638],[-16.510667,15.928674],[-16.51144,15.929],[-16.512431,15.929822],[-16.513014,15.930439],[-16.513796,15.932049],[-16.514603,15.934296],[-16.51491,15.935406],[-16.515356,15.937201],[-16.515601,15.938244],[-16.515783,15.939434],[-16.516141,15.941062],[-16.516348,15.942795],[-16.516366,15.943328],[-16.516376,15.94364],[-16.516405,15.94453],[-16.516529,15.94664],[-16.516736,15.948415],[-16.516635,15.949377],[-16.516492,15.950423],[-16.516454,15.951306],[-16.516418,15.952117],[-16.516109,15.954084],[-16.515971,15.955798],[-16.515991,15.955993],[-16.516064,15.956717],[-16.515896,15.957304],[-16.515731,15.95835],[-16.51542,15.960108],[-16.515315,15.960569],[-16.515044,15.961804],[-16.514819,15.963519],[-16.514722,15.96492],[-16.514647,15.96653],[-16.514653,15.967345],[-16.51471,15.969101],[-16.514491,15.971589],[-16.514224,15.973514],[-16.514089,15.975584],[-16.514121,15.977047],[-16.514021,15.978114],[-16.5139,15.979218],[-16.513884,15.980285],[-16.513747,15.982104],[-16.513633,15.983239],[-16.513721,15.983702],[-16.513562,15.985211],[-16.513494,15.985948],[-16.513607,15.986236],[-16.51367,15.98627],[-16.513703,15.986372],[-16.51366,15.986977],[-16.513186,15.989206],[-16.513065,15.989731],[-16.512863,15.990591],[-16.512802,15.990899],[-16.512377,15.992643],[-16.512277,15.993183],[-16.512024,15.994144],[-16.511997,15.994785],[-16.511913,15.995461],[-16.511877,15.996208],[-16.511902,15.996662],[-16.511883,15.996899],[-16.511748,15.997693],[-16.511615,15.998092],[-16.511504,15.998613],[-16.511469,15.998764],[-16.511393,15.999057],[-16.511209,15.999553],[-16.511118,15.999967],[-16.511106,16.000442],[-16.511135,16.00082],[-16.511193,16.001576],[-16.511211,16.001955],[-16.5113,16.002615],[-16.511301,16.002797],[-16.511272,16.00309],[-16.51115,16.003524],[-16.510885,16.004374],[-16.510783,16.004718],[-16.510684,16.005395],[-16.51057,16.006218],[-16.510515,16.006521],[-16.510548,16.006712],[-16.510523,16.006874],[-16.510449,16.007399],[-16.510374,16.00792],[-16.510331,16.008369],[-16.510281,16.008627],[-16.51023,16.008778],[-16.51019,16.009117],[-16.510124,16.009284],[-16.510124,16.009374],[-16.510125,16.009465],[-16.510085,16.009672],[-16.509951,16.010546],[-16.509917,16.01094],[-16.509833,16.011591],[-16.509772,16.012465],[-16.50975,16.012959],[-16.50974,16.013101],[-16.509727,16.013383],[-16.509681,16.013681],[-16.509677,16.013707],[-16.509624,16.014333],[-16.509653,16.01462],[-16.509669,16.014761],[-16.509655,16.014872],[-16.50962,16.01511],[-16.509678,16.015032],[-16.50977,16.014912],[-16.509745,16.015164],[-16.509677,16.01518],[-16.509631,16.01519],[-16.509636,16.015216],[-16.509653,16.015397],[-16.509675,16.015425],[-16.509695,16.015452],[-16.50967,16.015948],[-16.509618,16.016961],[-16.509646,16.017254],[-16.509647,16.017259],[-16.509681,16.017753],[-16.50962,16.018626],[-16.509542,16.019359],[-16.509521,16.02005],[-16.509472,16.021155],[-16.509473,16.021937],[-16.509455,16.022346],[-16.509401,16.023467],[-16.509394,16.023986],[-16.509388,16.024461],[-16.50936,16.024895],[-16.509349,16.025632],[-16.509309,16.025743],[-16.509408,16.025818],[-16.509397,16.026383],[-16.509324,16.027766],[-16.509325,16.027943],[-16.509296,16.028276],[-16.509267,16.028594],[-16.509242,16.02874],[-16.509269,16.028816],[-16.509269,16.028839],[-16.509258,16.029371],[-16.50918,16.029447],[-16.50914,16.030401],[-16.509113,16.031027],[-16.509077,16.031754],[-16.509054,16.032417],[-16.50903,16.033091],[-16.509002,16.03352],[-16.509034,16.033656],[-16.509068,16.03404],[-16.509039,16.034963],[-16.509027,16.035437],[-16.509113,16.035881],[-16.509129,16.035911],[-16.509164,16.036395],[-16.509145,16.036668],[-16.509134,16.037203],[-16.509181,16.037863],[-16.50917,16.038514],[-16.509156,16.038726],[-16.509143,16.039059],[-16.509135,16.039468],[-16.509137,16.03964],[-16.509118,16.039912],[-16.509119,16.040109],[-16.50911,16.040331],[-16.509096,16.040462],[-16.509045,16.040649],[-16.509038,16.041068],[-16.509031,16.041502],[-16.508992,16.041987],[-16.508984,16.042204],[-16.508965,16.042476],[-16.508878,16.042755],[-16.508822,16.042927],[-16.508903,16.043244],[-16.508925,16.043446],[-16.508937,16.043662],[-16.508935,16.044051],[-16.508911,16.044308],[-16.508903,16.044712],[-16.508874,16.045015],[-16.508824,16.045303],[-16.508775,16.045687],[-16.508735,16.045965],[-16.508743,16.046257],[-16.508828,16.046499],[-16.508883,16.046847],[-16.508871,16.047291],[-16.508847,16.047674],[-16.508854,16.047876],[-16.508891,16.047921],[-16.508882,16.048057],[-16.508811,16.048346],[-16.508771,16.048558],[-16.508768,16.048706],[-16.508767,16.048755],[-16.508763,16.048967],[-16.508718,16.049133],[-16.508671,16.049255],[-16.508625,16.049371],[-16.508601,16.049603],[-16.508592,16.049805],[-16.508604,16.049957],[-16.508627,16.050099],[-16.508707,16.050613],[-16.508753,16.051143],[-16.508754,16.051158],[-16.508738,16.0515],[-16.508624,16.052705],[-16.508659,16.0532],[-16.508719,16.054007],[-16.508714,16.054846],[-16.508557,16.054845],[-16.508499,16.055818],[-16.50848,16.056634],[-16.508506,16.057659],[-16.508563,16.059116],[-16.508595,16.05974],[-16.50865,16.060631],[-16.508672,16.061309],[-16.508643,16.061688],[-16.508518,16.062574],[-16.508251,16.064061],[-16.508134,16.064569],[-16.50787,16.065541],[-16.507597,16.066657],[-16.506214,16.066429],[-16.505968,16.065962],[-16.505884,16.065555],[-16.505809,16.065118],[-16.505673,16.06444],[-16.505577,16.063382],[-16.505567,16.061983],[-16.505555,16.060415],[-16.505502,16.059228],[-16.50536,16.057788],[-16.505218,16.056433],[-16.505101,16.055034],[-16.505126,16.055034],[-16.505089,16.054941]]]}},{"type":"Feature","properties":{"categorie":"Protection Naturel"},"geometry":{"type":"Polygon","coordinates":[[[-16.333136,15.931443],[-16.333133,15.931423],[-16.333754,15.931419],[-16.384121,15.923832],[-16.384305,15.925083],[-16.388883,15.924487],[-16.388942,15.92486],[-16.388773,15.925711],[-16.379094,15.929497],[-16.37748,15.930017],[-16.369122,15.932438],[-16.368218,15.93262],[-16.349477,15.934971],[-16.348983,15.934992],[-16.348826,15.93499],[-16.348669,15.934983],[-16.348512,15.934973],[-16.347641,15.934837],[-16.336636,15.932751],[-16.336205,15.93267],[-16.335775,15.932582],[-16.335347,15.932489],[-16.33492,15.93239],[-16.334494,15.932285],[-16.334071,15.932173],[-16.333648,15.932056],[-16.333228,15.931934],[-16.333136,15.931443]]]}},{"type":"Feature","properties":{"categorie":"Protection Naturel"},"geometry":{"type":"Polygon","coordinates":[[[-16.452194,15.921327],[-16.45335,15.915465],[-16.454999,15.913036],[-16.455958,15.909806],[-16.457053,15.909021],[-16.458319,15.906895],[-16.459429,15.905488],[-16.461867,15.903516],[-16.463087,15.902921],[-16.464726,15.902451],[-16.464801,15.902731],[-16.464801,15.902802],[-16.465266,15.9034],[-16.465278,15.903415],[-16.465565,15.903725],[-16.465849,15.903964],[-16.466807,15.904178],[-16.466912,15.904177],[-16.467249,15.904116],[-16.467562,15.903986],[-16.467695,15.903903],[-16.467814,15.903727],[-16.467888,15.903605],[-16.467969,15.903469],[-16.46804,15.903305],[-16.468135,15.903059],[-16.468255,15.902906],[-16.468411,15.9028],[-16.468591,15.902694],[-16.468748,15.902658],[-16.468881,15.902657],[-16.468977,15.902691],[-16.469015,15.902866],[-16.469065,15.903053],[-16.469042,15.90331],[-16.469039,15.903311],[-16.469046,15.903351],[-16.468901,15.903555],[-16.468735,15.90378],[-16.468359,15.903985],[-16.468214,15.904291],[-16.468049,15.904596],[-16.46782,15.904882],[-16.467739,15.905268],[-16.467741,15.905573],[-16.467617,15.905858],[-16.46745,15.906001],[-16.467137,15.906104],[-16.466843,15.906106],[-16.466655,15.90625],[-16.466469,15.906555],[-16.466281,15.906739],[-16.466094,15.906903],[-16.466032,15.907086],[-16.466096,15.907289],[-16.466118,15.907431],[-16.466077,15.907553],[-16.465847,15.907656],[-16.465532,15.907577],[-16.4653,15.907416],[-16.46513,15.907092],[-16.465126,15.906544],[-16.465083,15.906342],[-16.464893,15.90616],[-16.464451,15.90596],[-16.464052,15.905922],[-16.463402,15.905927],[-16.463067,15.90599],[-16.462774,15.906154],[-16.46237,15.906272],[-16.462257,15.906576],[-16.461666,15.90704],[-16.461075,15.907423],[-16.460629,15.907715],[-16.460564,15.907825],[-16.460462,15.907895],[-16.460321,15.908079],[-16.460243,15.908156],[-16.45996,15.908295],[-16.459835,15.908448],[-16.459743,15.908799],[-16.459809,15.90918],[-16.459843,15.90947],[-16.459848,15.910141],[-16.459659,15.910264],[-16.459487,15.910357],[-16.459441,15.91057],[-16.459521,15.910783],[-16.459681,15.911118],[-16.459668,15.911484],[-16.45964,15.911865],[-16.459594,15.912109],[-16.459391,15.912401],[-16.459297,15.912401],[-16.45917,15.912341],[-16.459185,15.912143],[-16.459168,15.912021],[-16.458994,15.912007],[-16.458854,15.91213],[-16.458776,15.912359],[-16.458904,15.912587],[-16.459048,15.91283],[-16.459049,15.912952],[-16.458973,15.91341],[-16.45885,15.913761],[-16.458662,15.913991],[-16.45838,15.914176],[-16.458208,15.91436],[-16.458053,15.914697],[-16.457945,15.915033],[-16.457853,15.915445],[-16.457807,15.915629],[-16.457825,15.915918],[-16.457906,15.916253],[-16.458097,15.916435],[-16.45838,15.916357],[-16.458787,15.916003],[-16.459115,15.915544],[-16.459284,15.915009],[-16.459312,15.914551],[-16.459402,15.91391],[-16.459541,15.913436],[-16.459741,15.912886],[-16.460037,15.912335],[-16.460113,15.911938],[-16.46011,15.911496],[-16.460186,15.911099],[-16.460294,15.910824],[-16.460418,15.910594],[-16.460417,15.910366],[-16.460384,15.910152],[-16.460286,15.909741],[-16.460237,15.909513],[-16.460251,15.909284],[-16.460328,15.909055],[-16.460405,15.908795],[-16.460429,15.908701],[-16.460712,15.908838],[-16.46062,15.909165],[-16.46048,15.909362],[-16.460498,15.909683],[-16.460738,15.910121],[-16.460716,15.910455],[-16.46028,15.912518],[-16.459708,15.913432],[-16.459589,15.914197],[-16.459698,15.915186],[-16.459339,15.916028],[-16.458086,15.918672],[-16.457619,15.920071],[-16.457549,15.920661],[-16.457843,15.921078],[-16.458085,15.921552],[-16.458004,15.922655],[-16.457775,15.923555],[-16.457221,15.924661],[-16.456511,15.925505],[-16.456159,15.926067],[-16.45592,15.926871],[-16.456057,15.927586],[-16.456234,15.927949],[-16.456222,15.928332],[-16.455969,15.928629],[-16.455742,15.929178],[-16.453759,15.925392],[-16.452247,15.922148],[-16.452194,15.921327]]]}},{"type":"Feature","properties":{"categorie":"Protection Naturel"},"geometry":{"type":"Polygon","coordinates":[[[-16.499252,15.985515],[-16.499147,15.98543],[-16.499087,15.985287],[-16.49913,15.985172],[-16.499375,15.985144],[-16.499397,15.985141],[-16.499965,15.985668],[-16.500088,15.985848],[-16.499432,15.985814],[-16.499433,15.985798],[-16.499252,15.985515]]]}},{"type":"Feature","properties":{"categorie":"Protection Naturel"},"geometry":{"type":"Polygon","coordinates":[[[-16.500536,15.995442],[-16.500565,15.995032],[-16.500572,15.994924],[-16.501728,15.994985],[-16.501975,15.99056],[-16.501981,15.99056],[-16.50215,15.990631],[-16.50231,15.990701],[-16.502522,15.990823],[-16.502605,15.990846],[-16.502628,15.990853],[-16.50268,15.990699],[-16.502542,15.990628],[-16.502489,15.990587],[-16.50254,15.990434],[-16.502646,15.990423],[-16.502773,15.99036],[-16.502825,15.990237],[-16.502771,15.990125],[-16.502696,15.990074],[-16.502671,15.990075],[-16.502538,15.990075],[-16.502347,15.990046],[-16.502322,15.990046],[-16.502157,15.990047],[-16.502131,15.990048],[-16.502003,15.990048],[-16.50201,15.989936],[-16.50241,15.989913],[-16.502575,15.989911],[-16.5026,15.989911],[-16.502706,15.989921],[-16.502887,15.990063],[-16.503027,15.9904],[-16.503083,15.990768],[-16.502885,15.991199],[-16.502415,15.99199],[-16.502195,15.99237],[-16.502082,15.99277],[-16.502083,15.992954],[-16.502085,15.993179],[-16.502129,15.993384],[-16.502215,15.993588],[-16.502513,15.99378],[-16.502713,15.993758],[-16.502797,15.993666],[-16.502892,15.993634],[-16.502935,15.993644],[-16.502968,15.993787],[-16.502969,15.993961],[-16.502918,15.994177],[-16.502762,15.994536],[-16.502394,15.994938],[-16.502079,15.995237],[-16.501806,15.995494],[-16.501607,15.995782],[-16.501346,15.996296],[-16.501043,15.99682],[-16.500835,15.997272],[-16.500563,15.997703],[-16.500543,15.997867],[-16.500439,15.998093],[-16.500377,15.998288],[-16.500305,15.998483],[-16.500126,15.998607],[-16.499954,15.998758],[-16.499926,15.998782],[-16.499705,15.998876],[-16.499514,15.998877],[-16.499174,15.998685],[-16.49917,15.998663],[-16.499393,15.998233],[-16.499655,15.997935],[-16.499833,15.997596],[-16.499884,15.99737],[-16.499987,15.99697],[-16.500247,15.996426],[-16.500454,15.995831],[-16.500536,15.995442]]]}},{"type":"Feature","properties":{"categorie":"Protection Naturel"},"geometry":{"type":"Polygon","coordinates":[[[-16.475768,16.056227],[-16.475577,16.056106],[-16.475466,16.056092],[-16.475173,16.056076],[-16.474934,16.053853],[-16.474581,16.052108],[-16.474341,16.051291],[-16.473941,16.050526],[-16.473807,16.049022],[-16.474063,16.048163],[-16.474815,16.04726],[-16.476509,16.045463],[-16.477696,16.044163],[-16.478692,16.043147],[-16.479006,16.042149],[-16.479234,16.040957],[-16.479485,16.039477],[-16.479867,16.037612],[-16.480092,16.036487],[-16.480096,16.036468],[-16.480663,16.036982],[-16.481429,16.037097],[-16.481446,16.037099],[-16.482073,16.036895],[-16.48208,16.036893],[-16.483084,16.036991],[-16.483825,16.037219],[-16.484418,16.037475],[-16.48477,16.037647],[-16.485035,16.037777],[-16.485892,16.037983],[-16.486813,16.038144],[-16.487457,16.038261],[-16.487604,16.038287],[-16.488346,16.038352],[-16.488368,16.038354],[-16.4887,16.038143],[-16.489309,16.037714],[-16.489647,16.037556],[-16.489673,16.037544],[-16.48963,16.038104],[-16.489617,16.038723],[-16.489577,16.040049],[-16.489655,16.040425],[-16.489454,16.041212],[-16.489533,16.041843],[-16.489534,16.042099],[-16.488708,16.043135],[-16.487967,16.04497],[-16.487534,16.046043],[-16.486563,16.047281],[-16.485177,16.048645],[-16.485114,16.048775],[-16.485093,16.048767],[-16.484892,16.048696],[-16.484766,16.048835],[-16.484483,16.049051],[-16.484183,16.04916],[-16.483963,16.049406],[-16.483697,16.049714],[-16.483303,16.050054],[-16.482927,16.0505],[-16.482502,16.050855],[-16.481998,16.051195],[-16.481526,16.051535],[-16.481036,16.051661],[-16.48072,16.051648],[-16.480576,16.051496],[-16.480686,16.051327],[-16.480904,16.050912],[-16.4809,16.050376],[-16.48085,16.050071],[-16.480533,16.04992],[-16.480389,16.049722],[-16.48026,16.049432],[-16.480069,16.049326],[-16.479831,16.049129],[-16.479719,16.048977],[-16.47975,16.048869],[-16.479749,16.048732],[-16.479731,16.048487],[-16.479444,16.048198],[-16.479271,16.048053],[-16.479173,16.04797],[-16.478745,16.047912],[-16.478525,16.048113],[-16.478323,16.048558],[-16.477964,16.049218],[-16.477604,16.049787],[-16.477229,16.050386],[-16.476854,16.051047],[-16.476463,16.051784],[-16.476076,16.052904],[-16.475782,16.05384],[-16.475614,16.054652],[-16.47546,16.055204],[-16.475573,16.055555],[-16.475843,16.055691],[-16.476224,16.055765],[-16.476446,16.055825],[-16.47659,16.056145],[-16.47686,16.056189],[-16.477001,16.055959],[-16.477188,16.055621],[-16.477454,16.055221],[-16.477753,16.05502],[-16.477802,16.055111],[-16.477676,16.055311],[-16.477583,16.05548],[-16.477474,16.055726],[-16.477396,16.05591],[-16.477351,16.056262],[-16.477321,16.056492],[-16.477085,16.056708],[-16.476627,16.056803],[-16.476265,16.05705],[-16.476077,16.057297],[-16.475919,16.057344],[-16.475839,16.057222],[-16.475885,16.057053],[-16.476009,16.056746],[-16.476007,16.056486],[-16.475768,16.056227]],[[-16.482097,16.048761],[-16.482226,16.048796],[-16.482374,16.048795],[-16.48254,16.048793],[-16.482791,16.048768],[-16.483043,16.048725],[-16.483276,16.048664],[-16.483441,16.048609],[-16.483686,16.048566],[-16.483852,16.048541],[-16.484073,16.04851],[-16.484152,16.04842],[-16.484145,16.048331],[-16.484077,16.048266],[-16.48393,16.048291],[-16.483789,16.048351],[-16.483624,16.048406],[-16.483415,16.048455],[-16.483207,16.04851],[-16.483041,16.048463],[-16.482918,16.048411],[-16.48272,16.048269],[-16.482615,16.048151],[-16.482441,16.047986],[-16.482336,16.047803],[-16.482193,16.04759],[-16.482118,16.047424],[-16.482061,16.047258],[-16.48177,16.046892],[-16.481497,16.046514],[-16.481273,16.046195],[-16.481117,16.045839],[-16.480974,16.045525],[-16.480744,16.04523],[-16.480454,16.045006],[-16.48022,16.044943],[-16.480122,16.044973],[-16.48,16.045116],[-16.479909,16.045283],[-16.479879,16.045385],[-16.479856,16.045539],[-16.479857,16.045747],[-16.479859,16.045955],[-16.479879,16.046145],[-16.479917,16.046364],[-16.479962,16.046614],[-16.479962,16.046616],[-16.480023,16.046601],[-16.48009,16.046524],[-16.480096,16.046423],[-16.480076,16.046274],[-16.480075,16.046108],[-16.480049,16.045954],[-16.480079,16.04587],[-16.480147,16.045905],[-16.48024,16.046012],[-16.480302,16.046118],[-16.480328,16.046231],[-16.480402,16.046296],[-16.480463,16.046254],[-16.480499,16.046129],[-16.480498,16.046051],[-16.480467,16.045963],[-16.480306,16.045839],[-16.480208,16.045774],[-16.480176,16.045697],[-16.480188,16.045608],[-16.480261,16.04553],[-16.48052,16.045671],[-16.480655,16.045694],[-16.480784,16.045705],[-16.480877,16.045787],[-16.48097,16.0459],[-16.481045,16.046054],[-16.481139,16.046255],[-16.48122,16.046439],[-16.481276,16.046557],[-16.481326,16.046634],[-16.481351,16.046711],[-16.481413,16.046794],[-16.481488,16.04693],[-16.481631,16.047154],[-16.48173,16.04735],[-16.481793,16.047545],[-16.481874,16.047723],[-16.481887,16.047824],[-16.48187,16.047984],[-16.48192,16.048037],[-16.482018,16.048049],[-16.48208,16.048137],[-16.482093,16.048262],[-16.482088,16.048399],[-16.481991,16.048548],[-16.48198,16.048655],[-16.482017,16.048732],[-16.482097,16.048761]]]}},{"type":"Feature","properties":{"categorie":"Protection Naturel"},"geometry":{"type":"Polygon","coordinates":[[[-16.335434,16.041865],[-16.335245,16.041932],[-16.335124,16.041907],[-16.335044,16.04183],[-16.334937,16.04174],[-16.334762,16.041548],[-16.334761,16.041367],[-16.334907,16.041237],[-16.335052,16.041056],[-16.335064,16.040836],[-16.335048,16.040475],[-16.335006,16.040204],[-16.334832,16.040012],[-16.334831,16.039922],[-16.334803,16.039651],[-16.334748,16.039458],[-16.334533,16.039227],[-16.334398,16.039034],[-16.334397,16.038828],[-16.334503,16.038711],[-16.334555,16.038556],[-16.334527,16.038298],[-16.334432,16.038066],[-16.334443,16.037782],[-16.334508,16.037485],[-16.334586,16.037175],[-16.334704,16.036865],[-16.334796,16.036658],[-16.334902,16.036489],[-16.335246,16.036048],[-16.335362,16.035544],[-16.335507,16.035311],[-16.335798,16.034922],[-16.335956,16.034625],[-16.336154,16.034262],[-16.336272,16.034004],[-16.336324,16.033797],[-16.33639,16.03368],[-16.336644,16.033653],[-16.336856,16.033522],[-16.337109,16.033366],[-16.337427,16.03308],[-16.337587,16.033015],[-16.337785,16.032717],[-16.338143,16.032444],[-16.338382,16.032249],[-16.338926,16.031871],[-16.339353,16.031752],[-16.339538,16.031545],[-16.339671,16.031479],[-16.339924,16.031349],[-16.34007,16.031296],[-16.340311,16.031411],[-16.340551,16.031422],[-16.340683,16.031254],[-16.340749,16.03115],[-16.340897,16.031214],[-16.34107,16.031225],[-16.34119,16.031251],[-16.341338,16.031417],[-16.3413,16.031676],[-16.341194,16.031883],[-16.341022,16.032026],[-16.340944,16.032284],[-16.340985,16.03249],[-16.34088,16.032672],[-16.340693,16.032673],[-16.340545,16.032506],[-16.340463,16.032249],[-16.340395,16.032043],[-16.340368,16.031978],[-16.340181,16.031928],[-16.339927,16.031929],[-16.339755,16.032008],[-16.339556,16.032203],[-16.339305,16.032578],[-16.338906,16.032852],[-16.338442,16.033242],[-16.337859,16.033877],[-16.337501,16.034189],[-16.336772,16.034904],[-16.336534,16.035202],[-16.336323,16.035526],[-16.336137,16.035746],[-16.335965,16.035941],[-16.335793,16.036058],[-16.335687,16.036252],[-16.335595,16.036395],[-16.33541,16.036718],[-16.335293,16.037222],[-16.335217,16.037803],[-16.335208,16.038448],[-16.335146,16.039184],[-16.335204,16.039764],[-16.335247,16.040241],[-16.335361,16.040671],[-16.335383,16.041104],[-16.335326,16.041177],[-16.335308,16.041317],[-16.335378,16.041712],[-16.33539,16.041711],[-16.335434,16.041865]]]}},{"type":"Feature","properties":{"categorie":"Protection Patrimoinel"},"geometry":{"type":"Polygon","coordinates":[[[-16.502568,16.038455],[-16.502211,16.038295],[-16.501967,16.038086],[-16.501777,16.037901],[-16.501964,16.03713],[-16.501944,16.037092],[-16.5019,16.037063],[-16.501908,16.036877],[-16.501933,16.036872],[-16.501999,16.036503],[-16.501895,16.03647],[-16.501961,16.03625],[-16.501963,16.036245],[-16.502112,16.036273],[-16.502136,16.036277],[-16.502165,16.036167],[-16.502227,16.035918],[-16.502294,16.035568],[-16.502328,16.035477],[-16.502405,16.035199],[-16.502354,16.035042],[-16.502369,16.03498],[-16.502513,16.034457],[-16.502604,16.034017],[-16.502773,16.033556],[-16.502884,16.03314],[-16.503041,16.032354],[-16.503053,16.031933],[-16.503118,16.031321],[-16.503136,16.030417],[-16.503195,16.029727],[-16.503218,16.028843],[-16.503203,16.028824],[-16.503235,16.028469],[-16.503269,16.027809],[-16.503276,16.027427],[-16.503303,16.027034],[-16.503324,16.02658],[-16.503373,16.026469],[-16.503437,16.026435],[-16.503506,16.026378],[-16.50352,16.026301],[-16.503559,16.026167],[-16.503563,16.026071],[-16.503538,16.025995],[-16.503503,16.025933],[-16.50351,16.025827],[-16.503568,16.0255],[-16.503541,16.025383],[-16.503589,16.025358],[-16.503609,16.025212],[-16.503497,16.025183],[-16.503538,16.024966],[-16.503567,16.024736],[-16.50357,16.02464],[-16.50357,16.024548],[-16.503683,16.024025],[-16.503752,16.02356],[-16.503889,16.022811],[-16.504068,16.02187],[-16.504092,16.021653],[-16.504151,16.021339],[-16.504243,16.020996],[-16.504182,16.020967],[-16.504201,16.020918],[-16.504204,16.020912],[-16.504253,16.020923],[-16.504277,16.020928],[-16.504336,16.020719],[-16.504336,16.020665],[-16.504378,16.020493],[-16.504504,16.020058],[-16.504576,16.019819],[-16.504643,16.019622],[-16.504655,16.019514],[-16.504672,16.019447],[-16.50468,16.019401],[-16.504719,16.019338],[-16.504753,16.019304],[-16.504796,16.019245],[-16.504843,16.019165],[-16.504958,16.019002],[-16.505018,16.01888],[-16.505047,16.018809],[-16.505094,16.0187],[-16.505107,16.018658],[-16.505145,16.018599],[-16.505244,16.018528],[-16.505292,16.018519],[-16.505327,16.018519],[-16.505352,16.018518],[-16.505443,16.018534],[-16.505568,16.01855],[-16.505672,16.018579],[-16.505854,16.018615],[-16.506218,16.018717],[-16.506334,16.018754],[-16.506516,16.01879],[-16.506659,16.018823],[-16.506806,16.018876],[-16.506893,16.018905],[-16.506932,16.018942],[-16.506989,16.018975],[-16.507071,16.018999],[-16.50714,16.019028],[-16.507197,16.019095],[-16.507223,16.019108],[-16.507223,16.019132],[-16.507206,16.019186],[-16.507228,16.019241],[-16.507203,16.019287],[-16.507151,16.019387],[-16.507105,16.01948],[-16.50705,16.019647],[-16.507029,16.01976],[-16.507027,16.020015],[-16.507006,16.020132],[-16.506994,16.020249],[-16.506995,16.020462],[-16.506996,16.020613],[-16.506951,16.020822],[-16.506849,16.021082],[-16.50676,16.021283],[-16.506726,16.021438],[-16.506735,16.021463],[-16.50666,16.021818],[-16.506589,16.022132],[-16.506539,16.022358],[-16.506518,16.022546],[-16.506499,16.02281],[-16.50647,16.023023],[-16.506497,16.023165],[-16.506489,16.023261],[-16.50646,16.023403],[-16.506474,16.023562],[-16.506475,16.023675],[-16.506476,16.023804],[-16.506438,16.023955],[-16.506418,16.024127],[-16.506427,16.024235],[-16.506428,16.024369],[-16.50643,16.024519],[-16.506417,16.024603],[-16.50638,16.024754],[-16.506381,16.024891],[-16.506399,16.024992],[-16.506395,16.025092],[-16.506353,16.025197],[-16.506323,16.02523],[-16.506284,16.025281],[-16.50628,16.025331],[-16.506289,16.025352],[-16.506311,16.025381],[-16.50635,16.025452],[-16.506351,16.025527],[-16.506341,16.025924],[-16.506357,16.026032],[-16.506352,16.026128],[-16.506384,16.026376],[-16.50641,16.026558],[-16.506466,16.026782],[-16.506497,16.026926],[-16.506503,16.027098],[-16.506504,16.027232],[-16.506486,16.027461],[-16.506483,16.027658],[-16.506484,16.027844],[-16.506455,16.027954],[-16.506432,16.028131],[-16.506393,16.028261],[-16.506381,16.02861],[-16.506348,16.028888],[-16.506311,16.02918],[-16.506328,16.029519],[-16.506297,16.029887],[-16.506242,16.030524],[-16.506209,16.030778],[-16.506171,16.030926],[-16.506113,16.031103],[-16.50611,16.031323],[-16.506091,16.031458],[-16.506048,16.031692],[-16.50601,16.031865],[-16.505992,16.032147],[-16.5059,16.032454],[-16.505819,16.032789],[-16.505758,16.033191],[-16.505759,16.033406],[-16.505824,16.03408],[-16.50585,16.034362],[-16.505877,16.034663],[-16.505919,16.034888],[-16.50592,16.034998],[-16.505922,16.035294],[-16.505939,16.035567],[-16.505989,16.035705],[-16.50607,16.035872],[-16.506115,16.036034],[-16.506132,16.036297],[-16.506124,16.036508],[-16.506057,16.036781],[-16.505944,16.036978],[-16.505949,16.036982],[-16.50595,16.037044],[-16.50598,16.037087],[-16.506054,16.037144],[-16.506094,16.037182],[-16.506154,16.037234],[-16.506184,16.037291],[-16.506209,16.037368],[-16.50621,16.037468],[-16.506201,16.037574],[-16.506201,16.03764],[-16.506187,16.037703],[-16.506163,16.037751],[-16.506144,16.037827],[-16.506149,16.037885],[-16.506204,16.03798],[-16.506289,16.03808],[-16.506329,16.038137],[-16.506339,16.038209],[-16.506335,16.03828],[-16.506251,16.038324],[-16.506202,16.038353],[-16.506182,16.03835],[-16.506138,16.038344],[-16.506058,16.038311],[-16.505979,16.038307],[-16.50591,16.038293],[-16.505884,16.038293],[-16.505836,16.038293],[-16.505618,16.038305],[-16.505579,16.038343],[-16.50553,16.038463],[-16.505338,16.038613],[-16.504913,16.038644],[-16.504632,16.038689],[-16.504607,16.038689],[-16.50438,16.038691],[-16.504221,16.038673],[-16.504127,16.038631],[-16.503627,16.038582],[-16.502954,16.038515],[-16.502568,16.038455]]]}}]}